observation_date,IC131_20100316,IC131_20100413,IC131_20100513,IC131_20100615,IC131_20100714,IC131_20100812,IC131_20100915,IC131_20101013,IC131_20101110,IC131_20101210,IC131_20110112,IC131_20110215,IC131_20110315,IC131_20110412,IC131_20110510,IC131_20110610,IC131_20110713,IC131_20110816,IC131_20110913,IC131_20111014,IC131_20111110,IC131_20111214,IC131_20120113,IC131_20120214,IC131_20120314,IC131_20120411,IC131_20120510,IC131_20120612,IC131_20120712,IC131_20120810,IC131_20120912,IC131_20121011,IC131_20121109,IC131_20121212,IC131_20130111,IC131_20130213,IC131_20130313,IC131_20130411,IC131_20130514,IC131_20130613,IC131_20130711,IC131_20130813,IC131_20130912,IC131_20131023,IC131_20131115,IC131_20131212,IC131_20140114,IC131_20140214,IC131_20140313,IC131_20140410,IC131_20140513,IC131_20140612,IC131_20140715,IC131_20140814,IC131_20140912,IC131_20141010,IC131_20141114,IC131_20141211,IC131_20150114,IC131_20150213,IC131_20150312,IC131_20150410,IC131_20150513,IC131_20150611,IC131_20150714,IC131_20150813,IC131_20150910,IC131_20151009,IC131_20151110,IC131_20151210,IC131_20160114,IC131_20160212,IC131_20160311,IC131_20160412,IC131_20160512,IC131_20160614,IC131_20160713,IC131_20160811,IC131_20160914,IC131_20161013,IC131_20161115,IC131_20161213,IC131_20170112,IC131_20170210,IC131_20170309,IC131_20170412,IC131_20170510,IC131_20170615,IC131_20170718,IC131_20170815,IC131_20170919,IC131_20171017,IC131_20171116,IC131_20171214,IC131_20180110,IC131_20180216,IC131_20180315,IC131_20180412,IC131_20180511,IC131_20180614,IC131_20180713,IC131_20180814,IC131_20180914,IC131_20181012,IC131_20181115,IC131_20181213,IC131_20190116,IC131_20190215,IC131_20190314,IC131_20190412,IC131_20190514,IC131_20190613,IC131_20190716,IC131_20190814,IC131_20190913,IC131_20191011,IC131_20191115,IC131_20191213,IC131_20200116,IC131_20200214,IC131_20200313,IC131_20200414,IC131_20200514,IC131_20200612,IC131_20200715,IC131_20200813,IC131_20200915,IC131_20201015,IC131_20201117,IC131_20201215,IC131_20210114,IC131_20210218,IC131_20210316,IC131_20210414,IC131_20210514,IC131_20210616,IC131_20210715,IC131_20210813,IC131_20210915,IC131_20211015,IC131_20211116,IC131_20211215,IC131_20220114,IC131_20220216,IC131_20220316,IC131_20220414,IC131_20220513,IC131_20220615,IC131_20220715,IC131_20220812,IC131_20220915,IC131_20221014,IC131_20221116,IC131_20221214,IC131_20230113,IC131_20230217,IC131_20230316,IC131_20230414,IC131_20230512,IC131_20230615,IC131_20230714,IC131_20230815,IC131_20230915,IC131_20231013,IC131_20231116,IC131_20231214,IC131_20240117,IC131_20240215,IC131_20240315,IC131_20240412,IC131_20240516,IC131_20240614,IC131_20240716,IC131_20240815,IC131_20240913,IC131_20241016,IC131_20241115,IC131_20241213,IC131_20250116,IC131_20250214,IC131_20250318,IC131_20250415,IC131_20250516,IC131_20250617,IC131_20250717,IC131_20250815,IC131_20250916,IC131_20251203,IC131_20260115,IC131_20260210,IC131_20260305,IC131_20260325,IC131_20260415,IC131_20260514,IC131_20260616,IC131_20260717,IC131_20260818,IC131_20260916
1990-09-01,98.6,98.6,98.6,98.6,98.6,98.6,98.6,98.6,98.6,98.6,98.6,98.6,98.6,98.6,98.6,98.6,98.6,98.6,98.6,98.6,98.6,98.6,98.6,98.6,98.6,98.6,98.6,98.6,98.6,98.6,98.6,98.6,98.6,98.6,98.6,98.6,98.6,98.6,98.6,98.6,98.6,98.6,98.6,98.6,98.6,98.6,98.6,98.6,98.6,98.6,98.6,98.6,98.6,98.6,98.6,98.6,98.6,98.6,98.6,98.6,98.6,98.6,98.6,98.6,98.6,98.6,98.6,98.6,98.6,98.6,98.6,98.6,98.6,98.6,98.6,98.6,98.6,98.6,98.6,98.6,98.6,98.6,98.6,98.6,98.6,98.6,98.6,98.6,98.6,98.6,98.6,98.6,98.6,98.6,98.6,98.6,98.6,98.6,98.6,98.6,98.6,98.6,98.6,98.6,98.6,98.6,98.6,98.6,98.6,98.6,98.6,98.6,98.6,98.6,98.6,98.6,98.6,98.6,98.6,98.6,98.6,98.6,98.6,98.6,98.6,98.6,98.6,98.6,98.6,98.6,98.6,98.6,98.6,98.6,98.6,98.6,98.6,98.6,98.6,98.6,98.6,98.6,98.6,98.6,98.6,98.6,98.6,98.6,98.6,98.6,98.6,98.6,98.6,98.6,98.6,98.6,98.6,98.6,98.6,98.6,98.6,98.6,98.6,98.6,98.6,98.6,98.6,98.6,98.6,98.6,98.6,98.6,98.6,98.6,98.6,98.6,98.6,98.6,98.6,98.6,98.6,98.6,98.6,98.6,98.6,98.6,98.6,98.6,98.6,98.6,98.6,98.6,98.6,98.6,98.6,98.6,98.6,98.6
1990-10-01,,,,,,,,,,,,,,,,,,,,,,,,,,,,,,,,,,,,,,,,,,,,,,,,,,,,,,,,,,,,,,,,,,,,,,,,,,,,,,,,,,,,,,,,,,,,,,,,,,,,,,,,,,,,,,,,,,,,,,,,,,,,,,,,,,,,,,,,,,,,,,,,,,,,,,,,,,,,,,,,,,,,,,,,,,,,,,,,,,,,,,,,,,,,,,,,,,,,,,
1990-11-01,,,,,,,,,,,,,,,,,,,,,,,,,,,,,,,,,,,,,,,,,,,,,,,,,,,,,,,,,,,,,,,,,,,,,,,,,,,,,,,,,,,,,,,,,,,,,,,,,,,,,,,,,,,,,,,,,,,,,,,,,,,,,,,,,,,,,,,,,,,,,,,,,,,,,,,,,,,,,,,,,,,,,,,,,,,,,,,,,,,,,,,,,,,,,,,,,,,,,,
1990-12-01,107.1,107.1,107.1,107.1,107.1,107.1,107.1,107.1,107.1,107.1,107.1,107.1,107.1,107.1,107.1,107.1,107.1,107.1,107.1,107.1,107.1,107.1,107.1,107.1,107.1,107.1,107.1,107.1,107.1,107.1,107.1,107.1,107.1,107.1,107.1,107.1,107.1,107.1,107.1,107.1,107.1,107.1,107.1,107.1,107.1,107.1,107.1,107.1,107.1,107.1,107.1,107.1,107.1,107.1,107.1,107.1,107.1,107.1,107.1,107.1,107.1,107.1,107.1,107.1,107.1,107.1,107.1,107.1,107.1,107.1,107.1,107.1,107.1,107.1,107.1,107.1,107.1,107.1,107.1,107.1,107.1,107.1,107.1,107.1,107.1,107.1,107.1,107.1,107.1,107.1,107.1,107.1,107.1,107.1,107.1,107.1,107.1,107.1,107.1,107.1,107.1,107.1,107.1,107.1,107.1,107.1,107.1,107.1,107.1,107.1,107.1,107.1,107.1,107.1,107.1,107.1,107.1,107.1,107.1,107.1,107.1,107.1,107.1,107.1,107.1,107.1,107.1,107.1,107.1,107.1,107.1,107.1,107.1,107.1,107.1,107.1,107.1,107.1,107.1,107.1,107.1,107.1,107.1,107.1,107.1,107.1,107.1,107.1,107.1,107.1,107.1,107.1,107.1,107.1,107.1,107.1,107.1,107.1,107.1,107.1,107.1,107.1,107.1,107.1,107.1,107.1,107.1,107.1,107.1,107.1,107.1,107.1,107.1,107.1,107.1,107.1,107.1,107.1,107.1,107.1,107.1,107.1,107.1,107.1,107.1,107.1,107.1,107.1,107.1,107.1,107.1,107.1,107.1,107.1,107.1,107.1,107.1,107.1
1991-01-01,,,,,,,,,,,,,,,,,,,,,,,,,,,,,,,,,,,,,,,,,,,,,,,,,,,,,,,,,,,,,,,,,,,,,,,,,,,,,,,,,,,,,,,,,,,,,,,,,,,,,,,,,,,,,,,,,,,,,,,,,,,,,,,,,,,,,,,,,,,,,,,,,,,,,,,,,,,,,,,,,,,,,,,,,,,,,,,,,,,,,,,,,,,,,,,,,,,,,,
1991-02-01,,,,,,,,,,,,,,,,,,,,,,,,,,,,,,,,,,,,,,,,,,,,,,,,,,,,,,,,,,,,,,,,,,,,,,,,,,,,,,,,,,,,,,,,,,,,,,,,,,,,,,,,,,,,,,,,,,,,,,,,,,,,,,,,,,,,,,,,,,,,,,,,,,,,,,,,,,,,,,,,,,,,,,,,,,,,,,,,,,,,,,,,,,,,,,,,,,,,,,
1991-03-01,105.3,105.3,105.3,105.3,105.3,105.3,105.3,105.3,105.3,105.3,105.3,105.3,105.3,105.3,105.3,105.3,105.3,105.3,105.3,105.3,105.3,105.3,105.3,105.3,105.3,105.3,105.3,105.3,105.3,105.3,105.3,105.3,105.3,105.3,105.3,105.3,105.3,105.3,105.3,105.3,105.3,105.3,105.3,105.3,105.3,105.3,105.3,105.3,105.3,105.3,105.3,105.3,105.3,105.3,105.3,105.3,105.3,105.3,105.3,105.3,105.3,105.3,105.3,105.3,105.3,105.3,105.3,105.3,105.3,105.3,105.3,105.3,105.3,105.3,105.3,105.3,105.3,105.3,105.3,105.3,105.3,105.3,105.3,105.3,105.3,105.3,105.3,105.3,105.3,105.3,105.3,105.3,105.3,105.3,105.3,105.3,105.3,105.3,105.3,105.3,105.3,105.3,105.3,105.3,105.3,105.3,105.3,105.3,105.3,105.3,105.3,105.3,105.3,105.3,105.3,105.3,105.3,105.3,105.3,105.3,105.3,105.3,105.3,105.3,105.3,105.3,105.3,105.3,105.3,105.3,105.3,105.3,105.3,105.3,105.3,105.3,105.3,105.3,105.3,105.3,105.3,105.3,105.3,105.3,105.3,105.3,105.3,105.3,105.3,105.3,105.3,105.3,105.3,105.3,105.3,105.3,105.3,105.3,105.3,105.3,105.3,105.3,105.3,105.3,105.3,105.3,105.3,105.3,105.3,105.3,105.3,105.3,105.3,105.3,105.3,105.3,105.3,105.3,105.3,105.3,105.3,105.3,105.3,105.3,105.3,105.3,105.3,105.3,105.3,105.3,105.3,105.3,105.3,105.3,105.3,105.3,105.3,105.3
1991-04-01,,,,,,,,,,,,,,,,,,,,,,,,,,,,,,,,,,,,,,,,,,,,,,,,,,,,,,,,,,,,,,,,,,,,,,,,,,,,,,,,,,,,,,,,,,,,,,,,,,,,,,,,,,,,,,,,,,,,,,,,,,,,,,,,,,,,,,,,,,,,,,,,,,,,,,,,,,,,,,,,,,,,,,,,,,,,,,,,,,,,,,,,,,,,,,,,,,,,,,
1991-05-01,,,,,,,,,,,,,,,,,,,,,,,,,,,,,,,,,,,,,,,,,,,,,,,,,,,,,,,,,,,,,,,,,,,,,,,,,,,,,,,,,,,,,,,,,,,,,,,,,,,,,,,,,,,,,,,,,,,,,,,,,,,,,,,,,,,,,,,,,,,,,,,,,,,,,,,,,,,,,,,,,,,,,,,,,,,,,,,,,,,,,,,,,,,,,,,,,,,,,,
1991-06-01,103.4,103.4,103.4,103.4,103.4,103.4,103.4,103.4,103.4,103.4,103.4,103.4,103.4,103.4,103.4,103.4,103.4,103.4,103.4,103.4,103.4,103.4,103.4,103.4,103.4,103.4,103.4,103.4,103.4,103.4,103.4,103.4,103.4,103.4,103.4,103.4,103.4,103.4,103.4,103.4,103.4,103.4,103.4,103.4,103.4,103.4,103.4,103.4,103.4,103.4,103.4,103.4,103.4,103.4,103.4,103.4,103.4,103.4,103.4,103.4,103.4,103.4,103.4,103.4,103.4,103.4,103.4,103.4,103.4,103.4,103.4,103.4,103.4,103.4,103.4,103.4,103.4,103.4,103.4,103.4,103.4,103.4,103.4,103.4,103.4,103.4,103.4,103.4,103.4,103.4,103.4,103.4,103.4,103.4,103.4,103.4,103.4,103.4,103.4,103.4,103.4,103.4,103.4,103.4,103.4,103.4,103.4,103.4,103.4,103.4,103.4,103.4,103.4,103.4,103.4,103.4,103.4,103.4,103.4,103.4,103.4,103.4,103.4,103.4,103.4,103.4,103.4,103.4,103.4,103.4,103.4,103.4,103.4,103.4,103.4,103.4,103.4,103.4,103.4,103.4,103.4,103.4,103.4,103.4,103.4,103.4,103.4,103.4,103.4,103.4,103.4,103.4,103.4,103.4,103.4,103.4,103.4,103.4,103.4,103.4,103.4,103.4,103.4,103.4,103.4,103.4,103.4,103.4,103.4,103.4,103.4,103.4,103.4,103.4,103.4,103.4,103.4,103.4,103.4,103.4,103.4,103.4,103.4,103.4,103.4,103.4,103.4,103.4,103.4,103.4,103.4,103.4,103.4,103.4,103.4,103.4,103.4,103.4
1991-07-01,,,,,,,,,,,,,,,,,,,,,,,,,,,,,,,,,,,,,,,,,,,,,,,,,,,,,,,,,,,,,,,,,,,,,,,,,,,,,,,,,,,,,,,,,,,,,,,,,,,,,,,,,,,,,,,,,,,,,,,,,,,,,,,,,,,,,,,,,,,,,,,,,,,,,,,,,,,,,,,,,,,,,,,,,,,,,,,,,,,,,,,,,,,,,,,,,,,,,,
1991-08-01,,,,,,,,,,,,,,,,,,,,,,,,,,,,,,,,,,,,,,,,,,,,,,,,,,,,,,,,,,,,,,,,,,,,,,,,,,,,,,,,,,,,,,,,,,,,,,,,,,,,,,,,,,,,,,,,,,,,,,,,,,,,,,,,,,,,,,,,,,,,,,,,,,,,,,,,,,,,,,,,,,,,,,,,,,,,,,,,,,,,,,,,,,,,,,,,,,,,,,
1991-09-01,103.3,103.3,103.3,103.3,103.3,103.3,103.3,103.3,103.3,103.3,103.3,103.3,103.3,103.3,103.3,103.3,103.3,103.3,103.3,103.3,103.3,103.3,103.3,103.3,103.3,103.3,103.3,103.3,103.3,103.3,103.3,103.3,103.3,103.3,103.3,103.3,103.3,103.3,103.3,103.3,103.3,103.3,103.3,103.3,103.3,103.3,103.3,103.3,103.3,103.3,103.3,103.3,103.3,103.3,103.3,103.3,103.3,103.3,103.3,103.3,103.3,103.3,103.3,103.3,103.3,103.3,103.3,103.3,103.3,103.3,103.3,103.3,103.3,103.3,103.3,103.3,103.3,103.3,103.3,103.3,103.3,103.3,103.3,103.3,103.3,103.3,103.3,103.3,103.3,103.3,103.3,103.3,103.3,103.3,103.3,103.3,103.3,103.3,103.3,103.3,103.3,103.3,103.3,103.3,103.3,103.3,103.3,103.3,103.3,103.3,103.3,103.3,103.3,103.3,103.3,103.3,103.3,103.3,103.3,103.3,103.3,103.3,103.3,103.3,103.3,103.3,103.3,103.3,103.3,103.3,103.3,103.3,103.3,103.3,103.3,103.3,103.3,103.3,103.3,103.3,103.3,103.3,103.3,103.3,103.3,103.3,103.3,103.3,103.3,103.3,103.3,103.3,103.3,103.3,103.3,103.3,103.3,103.3,103.3,103.3,103.3,103.3,103.3,103.3,103.3,103.3,103.3,103.3,103.3,103.3,103.3,103.3,103.3,103.3,103.3,103.3,103.3,103.3,103.3,103.3,103.3,103.3,103.3,103.3,103.3,103.3,103.3,103.3,103.3,103.3,103.3,103.3,103.3,103.3,103.3,103.3,103.3,103.3
1991-10-01,,,,,,,,,,,,,,,,,,,,,,,,,,,,,,,,,,,,,,,,,,,,,,,,,,,,,,,,,,,,,,,,,,,,,,,,,,,,,,,,,,,,,,,,,,,,,,,,,,,,,,,,,,,,,,,,,,,,,,,,,,,,,,,,,,,,,,,,,,,,,,,,,,,,,,,,,,,,,,,,,,,,,,,,,,,,,,,,,,,,,,,,,,,,,,,,,,,,,,
1991-11-01,,,,,,,,,,,,,,,,,,,,,,,,,,,,,,,,,,,,,,,,,,,,,,,,,,,,,,,,,,,,,,,,,,,,,,,,,,,,,,,,,,,,,,,,,,,,,,,,,,,,,,,,,,,,,,,,,,,,,,,,,,,,,,,,,,,,,,,,,,,,,,,,,,,,,,,,,,,,,,,,,,,,,,,,,,,,,,,,,,,,,,,,,,,,,,,,,,,,,,
1991-12-01,105.8,105.8,105.8,105.8,105.8,105.8,105.8,105.8,105.8,105.8,105.8,105.8,105.8,105.8,105.8,105.8,105.8,105.8,105.8,105.8,105.8,105.8,105.8,105.8,105.8,105.8,105.8,105.8,105.8,105.8,105.8,105.8,105.8,105.8,105.8,105.8,105.8,105.8,105.8,105.8,105.8,105.8,105.8,105.8,105.8,105.8,105.8,105.8,105.8,105.8,105.8,105.8,105.8,105.8,105.8,105.8,105.8,105.8,105.8,105.8,105.8,105.8,105.8,105.8,105.8,105.8,105.8,105.8,105.8,105.8,105.8,105.8,105.8,105.8,105.8,105.8,105.8,105.8,105.8,105.8,105.8,105.8,105.8,105.8,105.8,105.8,105.8,105.8,105.8,105.8,105.8,105.8,105.8,105.8,105.8,105.8,105.8,105.8,105.8,105.8,105.8,105.8,105.8,105.8,105.8,105.8,105.8,105.8,105.8,105.8,105.8,105.8,105.8,105.8,105.8,105.8,105.8,105.8,105.8,105.8,105.8,105.8,105.8,105.8,105.8,105.8,105.8,105.8,105.8,105.8,105.8,105.8,105.8,105.8,105.8,105.8,105.8,105.8,105.8,105.8,105.8,105.8,105.8,105.8,105.8,105.8,105.8,105.8,105.8,105.8,105.8,105.8,105.8,105.8,105.8,105.8,105.8,105.8,105.8,105.8,105.8,105.8,105.8,105.8,105.8,105.8,105.8,105.8,105.8,105.8,105.8,105.8,105.8,105.8,105.8,105.8,105.8,105.8,105.8,105.8,105.8,105.8,105.8,105.8,105.8,105.8,105.8,105.8,105.8,105.8,105.8,105.8,105.8,105.8,105.8,105.8,105.8,105.8
1992-01-01,,,,,,,,,,,,,,,,,,,,,,,,,,,,,,,,,,,,,,,,,,,,,,,,,,,,,,,,,,,,,,,,,,,,,,,,,,,,,,,,,,,,,,,,,,,,,,,,,,,,,,,,,,,,,,,,,,,,,,,,,,,,,,,,,,,,,,,,,,,,,,,,,,,,,,,,,,,,,,,,,,,,,,,,,,,,,,,,,,,,,,,,,,,,,,,,,,,,,,
1992-02-01,,,,,,,,,,,,,,,,,,,,,,,,,,,,,,,,,,,,,,,,,,,,,,,,,,,,,,,,,,,,,,,,,,,,,,,,,,,,,,,,,,,,,,,,,,,,,,,,,,,,,,,,,,,,,,,,,,,,,,,,,,,,,,,,,,,,,,,,,,,,,,,,,,,,,,,,,,,,,,,,,,,,,,,,,,,,,,,,,,,,,,,,,,,,,,,,,,,,,,
1992-03-01,106.5,106.5,106.5,106.5,106.5,106.5,106.5,106.5,106.5,106.5,106.5,106.5,106.5,106.5,106.5,106.5,106.5,106.5,106.5,106.5,106.5,106.5,106.5,106.5,106.5,106.5,106.5,106.5,106.5,106.5,106.5,106.5,106.5,106.5,106.5,106.5,106.5,106.5,106.5,106.5,106.5,106.5,106.5,106.5,106.5,106.5,106.5,106.5,106.5,106.5,106.5,106.5,106.5,106.5,106.5,106.5,106.5,106.5,106.5,106.5,106.5,106.5,106.5,106.5,106.5,106.5,106.5,106.5,106.5,106.5,106.5,106.5,106.5,106.5,106.5,106.5,106.5,106.5,106.5,106.5,106.5,106.5,106.5,106.5,106.5,106.5,106.5,106.5,106.5,106.5,106.5,106.5,106.5,106.5,106.5,106.5,106.5,106.5,106.5,106.5,106.5,106.5,106.5,106.5,106.5,106.5,106.5,106.5,106.5,106.5,106.5,106.5,106.5,106.5,106.5,106.5,106.5,106.5,106.5,106.5,106.5,106.5,106.5,106.5,106.5,106.5,106.5,106.5,106.5,106.5,106.5,106.5,106.5,106.5,106.5,106.5,106.5,106.5,106.5,106.5,106.5,106.5,106.5,106.5,106.5,106.5,106.5,106.5,106.5,106.5,106.5,106.5,106.5,106.5,106.5,106.5,106.5,106.5,106.5,106.5,106.5,106.5,106.5,106.5,106.5,106.5,106.5,106.5,106.5,106.5,106.5,106.5,106.5,106.5,106.5,106.5,106.5,106.5,106.5,106.5,106.5,106.5,106.5,106.5,106.5,106.5,106.5,106.5,106.5,106.5,106.5,106.5,106.5,106.5,106.5,106.5,106.5,106.5
1992-04-01,,,,,,,,,,,,,,,,,,,,,,,,,,,,,,,,,,,,,,,,,,,,,,,,,,,,,,,,,,,,,,,,,,,,,,,,,,,,,,,,,,,,,,,,,,,,,,,,,,,,,,,,,,,,,,,,,,,,,,,,,,,,,,,,,,,,,,,,,,,,,,,,,,,,,,,,,,,,,,,,,,,,,,,,,,,,,,,,,,,,,,,,,,,,,,,,,,,,,,
1992-05-01,,,,,,,,,,,,,,,,,,,,,,,,,,,,,,,,,,,,,,,,,,,,,,,,,,,,,,,,,,,,,,,,,,,,,,,,,,,,,,,,,,,,,,,,,,,,,,,,,,,,,,,,,,,,,,,,,,,,,,,,,,,,,,,,,,,,,,,,,,,,,,,,,,,,,,,,,,,,,,,,,,,,,,,,,,,,,,,,,,,,,,,,,,,,,,,,,,,,,,
1992-06-01,103.2,103.2,103.2,103.2,103.2,103.2,103.2,103.2,103.2,103.2,103.2,103.2,103.2,103.2,103.2,103.2,103.2,103.2,103.2,103.2,103.2,103.2,103.2,103.2,103.2,103.2,103.2,103.2,103.2,103.2,103.2,103.2,103.2,103.2,103.2,103.2,103.2,103.2,103.2,103.2,103.2,103.2,103.2,103.2,103.2,103.2,103.2,103.2,103.2,103.2,103.2,103.2,103.2,103.2,103.2,103.2,103.2,103.2,103.2,103.2,103.2,103.2,103.2,103.2,103.2,103.2,103.2,103.2,103.2,103.2,103.2,103.2,103.2,103.2,103.2,103.2,103.2,103.2,103.2,103.2,103.2,103.2,103.2,103.2,103.2,103.2,103.2,103.2,103.2,103.2,103.2,103.2,103.2,103.2,103.2,103.2,103.2,103.2,103.2,103.2,103.2,103.2,103.2,103.2,103.2,103.2,103.2,103.2,103.2,103.2,103.2,103.2,103.2,103.2,103.2,103.2,103.2,103.2,103.2,103.2,103.2,103.2,103.2,103.2,103.2,103.2,103.2,103.2,103.2,103.2,103.2,103.2,103.2,103.2,103.2,103.2,103.2,103.2,103.2,103.2,103.2,103.2,103.2,103.2,103.2,103.2,103.2,103.2,103.2,103.2,103.2,103.2,103.2,103.2,103.2,103.2,103.2,103.2,103.2,103.2,103.2,103.2,103.2,103.2,103.2,103.2,103.2,103.2,103.2,103.2,103.2,103.2,103.2,103.2,103.2,103.2,103.2,103.2,103.2,103.2,103.2,103.2,103.2,103.2,103.2,103.2,103.2,103.2,103.2,103.2,103.2,103.2,103.2,103.2,103.2,103.2,103.2,103.2
1992-07-01,,,,,,,,,,,,,,,,,,,,,,,,,,,,,,,,,,,,,,,,,,,,,,,,,,,,,,,,,,,,,,,,,,,,,,,,,,,,,,,,,,,,,,,,,,,,,,,,,,,,,,,,,,,,,,,,,,,,,,,,,,,,,,,,,,,,,,,,,,,,,,,,,,,,,,,,,,,,,,,,,,,,,,,,,,,,,,,,,,,,,,,,,,,,,,,,,,,,,,
1992-08-01,,,,,,,,,,,,,,,,,,,,,,,,,,,,,,,,,,,,,,,,,,,,,,,,,,,,,,,,,,,,,,,,,,,,,,,,,,,,,,,,,,,,,,,,,,,,,,,,,,,,,,,,,,,,,,,,,,,,,,,,,,,,,,,,,,,,,,,,,,,,,,,,,,,,,,,,,,,,,,,,,,,,,,,,,,,,,,,,,,,,,,,,,,,,,,,,,,,,,,
1992-09-01,105.8,105.8,105.8,105.8,105.8,105.8,105.8,105.8,105.8,105.8,105.8,105.8,105.8,105.8,105.8,105.8,105.8,105.8,105.8,105.8,105.8,105.8,105.8,105.8,105.8,105.8,105.8,105.8,105.8,105.8,105.8,105.8,105.8,105.8,105.8,105.8,105.8,105.8,105.8,105.8,105.8,105.8,105.8,105.8,105.8,105.8,105.8,105.8,105.8,105.8,105.8,105.8,105.8,105.8,105.8,105.8,105.8,105.8,105.8,105.8,105.8,105.8,105.8,105.8,105.8,105.8,105.8,105.8,105.8,105.8,105.8,105.8,105.8,105.8,105.8,105.8,105.8,105.8,105.8,105.8,105.8,105.8,105.8,105.8,105.8,105.8,105.8,105.8,105.8,105.8,105.8,105.8,105.8,105.8,105.8,105.8,105.8,105.8,105.8,105.8,105.8,105.8,105.8,105.8,105.8,105.8,105.8,105.8,105.8,105.8,105.8,105.8,105.8,105.8,105.8,105.8,105.8,105.8,105.8,105.8,105.8,105.8,105.8,105.8,105.8,105.8,105.8,105.8,105.8,105.8,105.8,105.8,105.8,105.8,105.8,105.8,105.8,105.8,105.8,105.8,105.8,105.8,105.8,105.8,105.8,105.8,105.8,105.8,105.8,105.8,105.8,105.8,105.8,105.8,105.8,105.8,105.8,105.8,105.8,105.8,105.8,105.8,105.8,105.8,105.8,105.8,105.8,105.8,105.8,105.8,105.8,105.8,105.8,105.8,105.8,105.8,105.8,105.8,105.8,105.8,105.8,105.8,105.8,105.8,105.8,105.8,105.8,105.8,105.8,105.8,105.8,105.8,105.8,105.8,105.8,105.8,105.8,105.8
1992-10-01,,,,,,,,,,,,,,,,,,,,,,,,,,,,,,,,,,,,,,,,,,,,,,,,,,,,,,,,,,,,,,,,,,,,,,,,,,,,,,,,,,,,,,,,,,,,,,,,,,,,,,,,,,,,,,,,,,,,,,,,,,,,,,,,,,,,,,,,,,,,,,,,,,,,,,,,,,,,,,,,,,,,,,,,,,,,,,,,,,,,,,,,,,,,,,,,,,,,,,
1992-11-01,,,,,,,,,,,,,,,,,,,,,,,,,,,,,,,,,,,,,,,,,,,,,,,,,,,,,,,,,,,,,,,,,,,,,,,,,,,,,,,,,,,,,,,,,,,,,,,,,,,,,,,,,,,,,,,,,,,,,,,,,,,,,,,,,,,,,,,,,,,,,,,,,,,,,,,,,,,,,,,,,,,,,,,,,,,,,,,,,,,,,,,,,,,,,,,,,,,,,,
1992-12-01,100.7,100.7,100.7,100.7,100.7,100.7,100.7,100.7,100.7,100.7,100.7,100.7,100.7,100.7,100.7,100.7,100.7,100.7,100.7,100.7,100.7,100.7,100.7,100.7,100.7,100.7,100.7,100.7,100.7,100.7,100.7,100.7,100.7,100.7,100.7,100.7,100.7,100.7,100.7,100.7,100.7,100.7,100.7,100.7,100.7,100.7,100.7,100.7,100.7,100.7,100.7,100.7,100.7,100.7,100.7,100.7,100.7,100.7,100.7,100.7,100.7,100.7,100.7,100.7,100.7,100.7,100.7,100.7,100.7,100.7,100.7,100.7,100.7,100.7,100.7,100.7,100.7,100.7,100.7,100.7,100.7,100.7,100.7,100.7,100.7,100.7,100.7,100.7,100.7,100.7,100.7,100.7,100.7,100.7,100.7,100.7,100.7,100.7,100.7,100.7,100.7,100.7,100.7,100.7,100.7,100.7,100.7,100.7,100.7,100.7,100.7,100.7,100.7,100.7,100.7,100.7,100.7,100.7,100.7,100.7,100.7,100.7,100.7,100.7,100.7,100.7,100.7,100.7,100.7,100.7,100.7,100.7,100.7,100.7,100.7,100.7,100.7,100.7,100.7,100.7,100.7,100.7,100.7,100.7,100.7,100.7,100.7,100.7,100.7,100.7,100.7,100.7,100.7,100.7,100.7,100.7,100.7,100.7,100.7,100.7,100.7,100.7,100.7,100.7,100.7,100.7,100.7,100.7,100.7,100.7,100.7,100.7,100.7,100.7,100.7,100.7,100.7,100.7,100.7,100.7,100.7,100.7,100.7,100.7,100.7,100.7,100.7,100.7,100.7,100.7,100.7,100.7,100.7,100.7,100.7,100.7,100.7,100.7
1993-01-01,,,,,,,,,,,,,,,,,,,,,,,,,,,,,,,,,,,,,,,,,,,,,,,,,,,,,,,,,,,,,,,,,,,,,,,,,,,,,,,,,,,,,,,,,,,,,,,,,,,,,,,,,,,,,,,,,,,,,,,,,,,,,,,,,,,,,,,,,,,,,,,,,,,,,,,,,,,,,,,,,,,,,,,,,,,,,,,,,,,,,,,,,,,,,,,,,,,,,,
1993-02-01,,,,,,,,,,,,,,,,,,,,,,,,,,,,,,,,,,,,,,,,,,,,,,,,,,,,,,,,,,,,,,,,,,,,,,,,,,,,,,,,,,,,,,,,,,,,,,,,,,,,,,,,,,,,,,,,,,,,,,,,,,,,,,,,,,,,,,,,,,,,,,,,,,,,,,,,,,,,,,,,,,,,,,,,,,,,,,,,,,,,,,,,,,,,,,,,,,,,,,
1993-03-01,98.7,98.7,98.7,98.7,98.7,98.7,98.7,98.7,98.7,98.7,98.7,98.7,98.7,98.7,98.7,98.7,98.7,98.7,98.7,98.7,98.7,98.7,98.7,98.7,98.7,98.7,98.7,98.7,98.7,98.7,98.7,98.7,98.7,98.7,98.7,98.7,98.7,98.7,98.7,98.7,98.7,98.7,98.7,98.7,98.7,98.7,98.7,98.7,98.7,98.7,98.7,98.7,98.7,98.7,98.7,98.7,98.7,98.7,98.7,98.7,98.7,98.7,98.7,98.7,98.7,98.7,98.7,98.7,98.7,98.7,98.7,98.7,98.7,98.7,98.7,98.7,98.7,98.7,98.7,98.7,98.7,98.7,98.7,98.7,98.7,98.7,98.7,98.7,98.7,98.7,98.7,98.7,98.7,98.7,98.7,98.7,98.7,98.7,98.7,98.7,98.7,98.7,98.7,98.7,98.7,98.7,98.7,98.7,98.7,98.7,98.7,98.7,98.7,98.7,98.7,98.7,98.7,98.7,98.7,98.7,98.7,98.7,98.7,98.7,98.7,98.7,98.7,98.7,98.7,98.7,98.7,98.7,98.7,98.7,98.7,98.7,98.7,98.7,98.7,98.7,98.7,98.7,98.7,98.7,98.7,98.7,98.7,98.7,98.7,98.7,98.7,98.7,98.7,98.7,98.7,98.7,98.7,98.7,98.7,98.7,98.7,98.7,98.7,98.7,98.7,98.7,98.7,98.7,98.7,98.7,98.7,98.7,98.7,98.7,98.7,98.7,98.7,98.7,98.7,98.7,98.7,98.7,98.7,98.7,98.7,98.7,98.7,98.7,98.7,98.7,98.7,98.7,98.7,98.7,98.7,98.7,98.7,98.7
1993-04-01,,,,,,,,,,,,,,,,,,,,,,,,,,,,,,,,,,,,,,,,,,,,,,,,,,,,,,,,,,,,,,,,,,,,,,,,,,,,,,,,,,,,,,,,,,,,,,,,,,,,,,,,,,,,,,,,,,,,,,,,,,,,,,,,,,,,,,,,,,,,,,,,,,,,,,,,,,,,,,,,,,,,,,,,,,,,,,,,,,,,,,,,,,,,,,,,,,,,,,
1993-05-01,,,,,,,,,,,,,,,,,,,,,,,,,,,,,,,,,,,,,,,,,,,,,,,,,,,,,,,,,,,,,,,,,,,,,,,,,,,,,,,,,,,,,,,,,,,,,,,,,,,,,,,,,,,,,,,,,,,,,,,,,,,,,,,,,,,,,,,,,,,,,,,,,,,,,,,,,,,,,,,,,,,,,,,,,,,,,,,,,,,,,,,,,,,,,,,,,,,,,,
1993-06-01,104.9,104.9,104.9,104.9,104.9,104.9,104.9,104.9,104.9,104.9,104.9,104.9,104.9,104.9,104.9,104.9,104.9,104.9,104.9,104.9,104.9,104.9,104.9,104.9,104.9,104.9,104.9,104.9,104.9,104.9,104.9,104.9,104.9,104.9,104.9,104.9,104.9,104.9,104.9,104.9,104.9,104.9,104.9,104.9,104.9,104.9,104.9,104.9,104.9,104.9,104.9,104.9,104.9,104.9,104.9,104.9,104.9,104.9,104.9,104.9,104.9,104.9,104.9,104.9,104.9,104.9,104.9,104.9,104.9,104.9,104.9,104.9,104.9,104.9,104.9,104.9,104.9,104.9,104.9,104.9,104.9,104.9,104.9,104.9,104.9,104.9,104.9,104.9,104.9,104.9,104.9,104.9,104.9,104.9,104.9,104.9,104.9,104.9,104.9,104.9,104.9,104.9,104.9,104.9,104.9,104.9,104.9,104.9,104.9,104.9,104.9,104.9,104.9,104.9,104.9,104.9,104.9,104.9,104.9,104.9,104.9,104.9,104.9,104.9,104.9,104.9,104.9,104.9,104.9,104.9,104.9,104.9,104.9,104.9,104.9,104.9,104.9,104.9,104.9,104.9,104.9,104.9,104.9,104.9,104.9,104.9,104.9,104.9,104.9,104.9,104.9,104.9,104.9,104.9,104.9,104.9,104.9,104.9,104.9,104.9,104.9,104.9,104.9,104.9,104.9,104.9,104.9,104.9,104.9,104.9,104.9,104.9,104.9,104.9,104.9,104.9,104.9,104.9,104.9,104.9,104.9,104.9,104.9,104.9,104.9,104.9,104.9,104.9,104.9,104.9,104.9,104.9,104.9,104.9,104.9,104.9,104.9,104.9
1993-07-01,,,,,,,,,,,,,,,,,,,,,,,,,,,,,,,,,,,,,,,,,,,,,,,,,,,,,,,,,,,,,,,,,,,,,,,,,,,,,,,,,,,,,,,,,,,,,,,,,,,,,,,,,,,,,,,,,,,,,,,,,,,,,,,,,,,,,,,,,,,,,,,,,,,,,,,,,,,,,,,,,,,,,,,,,,,,,,,,,,,,,,,,,,,,,,,,,,,,,,
1993-08-01,,,,,,,,,,,,,,,,,,,,,,,,,,,,,,,,,,,,,,,,,,,,,,,,,,,,,,,,,,,,,,,,,,,,,,,,,,,,,,,,,,,,,,,,,,,,,,,,,,,,,,,,,,,,,,,,,,,,,,,,,,,,,,,,,,,,,,,,,,,,,,,,,,,,,,,,,,,,,,,,,,,,,,,,,,,,,,,,,,,,,,,,,,,,,,,,,,,,,,
1993-09-01,105.1,105.1,105.1,105.1,105.1,105.1,105.1,105.1,105.1,105.1,105.1,105.1,105.1,105.1,105.1,105.1,105.1,105.1,105.1,105.1,105.1,105.1,105.1,105.1,105.1,105.1,105.1,105.1,105.1,105.1,105.1,105.1,105.1,105.1,105.1,105.1,105.1,105.1,105.1,105.1,105.1,105.1,105.1,105.1,105.1,105.1,105.1,105.1,105.1,105.1,105.1,105.1,105.1,105.1,105.1,105.1,105.1,105.1,105.1,105.1,105.1,105.1,105.1,105.1,105.1,105.1,105.1,105.1,105.1,105.1,105.1,105.1,105.1,105.1,105.1,105.1,105.1,105.1,105.1,105.1,105.1,105.1,105.1,105.1,105.1,105.1,105.1,105.1,105.1,105.1,105.1,105.1,105.1,105.1,105.1,105.1,105.1,105.1,105.1,105.1,105.1,105.1,105.1,105.1,105.1,105.1,105.1,105.1,105.1,105.1,105.1,105.1,105.1,105.1,105.1,105.1,105.1,105.1,105.1,105.1,105.1,105.1,105.1,105.1,105.1,105.1,105.1,105.1,105.1,105.1,105.1,105.1,105.1,105.1,105.1,105.1,105.1,105.1,105.1,105.1,105.1,105.1,105.1,105.1,105.1,105.1,105.1,105.1,105.1,105.1,105.1,105.1,105.1,105.1,105.1,105.1,105.1,105.1,105.1,105.1,105.1,105.1,105.1,105.1,105.1,105.1,105.1,105.1,105.1,105.1,105.1,105.1,105.1,105.1,105.1,105.1,105.1,105.1,105.1,105.1,105.1,105.1,105.1,105.1,105.1,105.1,105.1,105.1,105.1,105.1,105.1,105.1,105.1,105.1,105.1,105.1,105.1,105.1
1993-10-01,,,,,,,,,,,,,,,,,,,,,,,,,,,,,,,,,,,,,,,,,,,,,,,,,,,,,,,,,,,,,,,,,,,,,,,,,,,,,,,,,,,,,,,,,,,,,,,,,,,,,,,,,,,,,,,,,,,,,,,,,,,,,,,,,,,,,,,,,,,,,,,,,,,,,,,,,,,,,,,,,,,,,,,,,,,,,,,,,,,,,,,,,,,,,,,,,,,,,,
1993-11-01,,,,,,,,,,,,,,,,,,,,,,,,,,,,,,,,,,,,,,,,,,,,,,,,,,,,,,,,,,,,,,,,,,,,,,,,,,,,,,,,,,,,,,,,,,,,,,,,,,,,,,,,,,,,,,,,,,,,,,,,,,,,,,,,,,,,,,,,,,,,,,,,,,,,,,,,,,,,,,,,,,,,,,,,,,,,,,,,,,,,,,,,,,,,,,,,,,,,,,
1993-12-01,104.6,104.6,104.6,104.6,104.6,104.6,104.6,104.6,104.6,104.6,104.6,104.6,104.6,104.6,104.6,104.6,104.6,104.6,104.6,104.6,104.6,104.6,104.6,104.6,104.6,104.6,104.6,104.6,104.6,104.6,104.6,104.6,104.6,104.6,104.6,104.6,104.6,104.6,104.6,104.6,104.6,104.6,104.6,104.6,104.6,104.6,104.6,104.6,104.6,104.6,104.6,104.6,104.6,104.6,104.6,104.6,104.6,104.6,104.6,104.6,104.6,104.6,104.6,104.6,104.6,104.6,104.6,104.6,104.6,104.6,104.6,104.6,104.6,104.6,104.6,104.6,104.6,104.6,104.6,104.6,104.6,104.6,104.6,104.6,104.6,104.6,104.6,104.6,104.6,104.6,104.6,104.6,104.6,104.6,104.6,104.6,104.6,104.6,104.6,104.6,104.6,104.6,104.6,104.6,104.6,104.6,104.6,104.6,104.6,104.6,104.6,104.6,104.6,104.6,104.6,104.6,104.6,104.6,104.6,104.6,104.6,104.6,104.6,104.6,104.6,104.6,104.6,104.6,104.6,104.6,104.6,104.6,104.6,104.6,104.6,104.6,104.6,104.6,104.6,104.6,104.6,104.6,104.6,104.6,104.6,104.6,104.6,104.6,104.6,104.6,104.6,104.6,104.6,104.6,104.6,104.6,104.6,104.6,104.6,104.6,104.6,104.6,104.6,104.6,104.6,104.6,104.6,104.6,104.6,104.6,104.6,104.6,104.6,104.6,104.6,104.6,104.6,104.6,104.6,104.6,104.6,104.6,104.6,104.6,104.6,104.6,104.6,104.6,104.6,104.6,104.6,104.6,104.6,104.6,104.6,104.6,104.6,104.6
1994-01-01,,,,,,,,,,,,,,,,,,,,,,,,,,,,,,,,,,,,,,,,,,,,,,,,,,,,,,,,,,,,,,,,,,,,,,,,,,,,,,,,,,,,,,,,,,,,,,,,,,,,,,,,,,,,,,,,,,,,,,,,,,,,,,,,,,,,,,,,,,,,,,,,,,,,,,,,,,,,,,,,,,,,,,,,,,,,,,,,,,,,,,,,,,,,,,,,,,,,,,
1994-02-01,,,,,,,,,,,,,,,,,,,,,,,,,,,,,,,,,,,,,,,,,,,,,,,,,,,,,,,,,,,,,,,,,,,,,,,,,,,,,,,,,,,,,,,,,,,,,,,,,,,,,,,,,,,,,,,,,,,,,,,,,,,,,,,,,,,,,,,,,,,,,,,,,,,,,,,,,,,,,,,,,,,,,,,,,,,,,,,,,,,,,,,,,,,,,,,,,,,,,,
1994-03-01,104.4,104.4,104.4,104.4,104.4,104.4,104.4,104.4,104.4,104.4,104.4,104.4,104.4,104.4,104.4,104.4,104.4,104.4,104.4,104.4,104.4,104.4,104.4,104.4,104.4,104.4,104.4,104.4,104.4,104.4,104.4,104.4,104.4,104.4,104.4,104.4,104.4,104.4,104.4,104.4,104.4,104.4,104.4,104.4,104.4,104.4,104.4,104.4,104.4,104.4,104.4,104.4,104.4,104.4,104.4,104.4,104.4,104.4,104.4,104.4,104.4,104.4,104.4,104.4,104.4,104.4,104.4,104.4,104.4,104.4,104.4,104.4,104.4,104.4,104.4,104.4,104.4,104.4,104.4,104.4,104.4,104.4,104.4,104.4,104.4,104.4,104.4,104.4,104.4,104.4,104.4,104.4,104.4,104.4,104.4,104.4,104.4,104.4,104.4,104.4,104.4,104.4,104.4,104.4,104.4,104.4,104.4,104.4,104.4,104.4,104.4,104.4,104.4,104.4,104.4,104.4,104.4,104.4,104.4,104.4,104.4,104.4,104.4,104.4,104.4,104.4,104.4,104.4,104.4,104.4,104.4,104.4,104.4,104.4,104.4,104.4,104.4,104.4,104.4,104.4,104.4,104.4,104.4,104.4,104.4,104.4,104.4,104.4,104.4,104.4,104.4,104.4,104.4,104.4,104.4,104.4,104.4,104.4,104.4,104.4,104.4,104.4,104.4,104.4,104.4,104.4,104.4,104.4,104.4,104.4,104.4,104.4,104.4,104.4,104.4,104.4,104.4,104.4,104.4,104.4,104.4,104.4,104.4,104.4,104.4,104.4,104.4,104.4,104.4,104.4,104.4,104.4,104.4,104.4,104.4,104.4,104.4,104.4
1994-04-01,,,,,,,,,,,,,,,,,,,,,,,,,,,,,,,,,,,,,,,,,,,,,,,,,,,,,,,,,,,,,,,,,,,,,,,,,,,,,,,,,,,,,,,,,,,,,,,,,,,,,,,,,,,,,,,,,,,,,,,,,,,,,,,,,,,,,,,,,,,,,,,,,,,,,,,,,,,,,,,,,,,,,,,,,,,,,,,,,,,,,,,,,,,,,,,,,,,,,,
1994-05-01,,,,,,,,,,,,,,,,,,,,,,,,,,,,,,,,,,,,,,,,,,,,,,,,,,,,,,,,,,,,,,,,,,,,,,,,,,,,,,,,,,,,,,,,,,,,,,,,,,,,,,,,,,,,,,,,,,,,,,,,,,,,,,,,,,,,,,,,,,,,,,,,,,,,,,,,,,,,,,,,,,,,,,,,,,,,,,,,,,,,,,,,,,,,,,,,,,,,,,
1994-06-01,106.6,106.6,106.6,106.6,106.6,106.6,106.6,106.6,106.6,106.6,106.6,106.6,106.6,106.6,106.6,106.6,106.6,106.6,106.6,106.6,106.6,106.6,106.6,106.6,106.6,106.6,106.6,106.6,106.6,106.6,106.6,106.6,106.6,106.6,106.6,106.6,106.6,106.6,106.6,106.6,106.6,106.6,106.6,106.6,106.6,106.6,106.6,106.6,106.6,106.6,106.6,106.6,106.6,106.6,106.6,106.6,106.6,106.6,106.6,106.6,106.6,106.6,106.6,106.6,106.6,106.6,106.6,106.6,106.6,106.6,106.6,106.6,106.6,106.6,106.6,106.6,106.6,106.6,106.6,106.6,106.6,106.6,106.6,106.6,106.6,106.6,106.6,106.6,106.6,106.6,106.6,106.6,106.6,106.6,106.6,106.6,106.6,106.6,106.6,106.6,106.6,106.6,106.6,106.6,106.6,106.6,106.6,106.6,106.6,106.6,106.6,106.6,106.6,106.6,106.6,106.6,106.6,106.6,106.6,106.6,106.6,106.6,106.6,106.6,106.6,106.6,106.6,106.6,106.6,106.6,106.6,106.6,106.6,106.6,106.6,106.6,106.6,106.6,106.6,106.6,106.6,106.6,106.6,106.6,106.6,106.6,106.6,106.6,106.6,106.6,106.6,106.6,106.6,106.6,106.6,106.6,106.6,106.6,106.6,106.6,106.6,106.6,106.6,106.6,106.6,106.6,106.6,106.6,106.6,106.6,106.6,106.6,106.6,106.6,106.6,106.6,106.6,106.6,106.6,106.6,106.6,106.6,106.6,106.6,106.6,106.6,106.6,106.6,106.6,106.6,106.6,106.6,106.6,106.6,106.6,106.6,106.6,106.6
1994-07-01,,,,,,,,,,,,,,,,,,,,,,,,,,,,,,,,,,,,,,,,,,,,,,,,,,,,,,,,,,,,,,,,,,,,,,,,,,,,,,,,,,,,,,,,,,,,,,,,,,,,,,,,,,,,,,,,,,,,,,,,,,,,,,,,,,,,,,,,,,,,,,,,,,,,,,,,,,,,,,,,,,,,,,,,,,,,,,,,,,,,,,,,,,,,,,,,,,,,,,
1994-08-01,,,,,,,,,,,,,,,,,,,,,,,,,,,,,,,,,,,,,,,,,,,,,,,,,,,,,,,,,,,,,,,,,,,,,,,,,,,,,,,,,,,,,,,,,,,,,,,,,,,,,,,,,,,,,,,,,,,,,,,,,,,,,,,,,,,,,,,,,,,,,,,,,,,,,,,,,,,,,,,,,,,,,,,,,,,,,,,,,,,,,,,,,,,,,,,,,,,,,,
1994-09-01,107.1,107.1,107.1,107.1,107.1,107.1,107.1,107.1,107.1,107.1,107.1,107.1,107.1,107.1,107.1,107.1,107.1,107.1,107.1,107.1,107.1,107.1,107.1,107.1,107.1,107.1,107.1,107.1,107.1,107.1,107.1,107.1,107.1,107.1,107.1,107.1,107.1,107.1,107.1,107.1,107.1,107.1,107.1,107.1,107.1,107.1,107.1,107.1,107.1,107.1,107.1,107.1,107.1,107.1,107.1,107.1,107.1,107.1,107.1,107.1,107.1,107.1,107.1,107.1,107.1,107.1,107.1,107.1,107.1,107.1,107.1,107.1,107.1,107.1,107.1,107.1,107.1,107.1,107.1,107.1,107.1,107.1,107.1,107.1,107.1,107.1,107.1,107.1,107.1,107.1,107.1,107.1,107.1,107.1,107.1,107.1,107.1,107.1,107.1,107.1,107.1,107.1,107.1,107.1,107.1,107.1,107.1,107.1,107.1,107.1,107.1,107.1,107.1,107.1,107.1,107.1,107.1,107.1,107.1,107.1,107.1,107.1,107.1,107.1,107.1,107.1,107.1,107.1,107.1,107.1,107.1,107.1,107.1,107.1,107.1,107.1,107.1,107.1,107.1,107.1,107.1,107.1,107.1,107.1,107.1,107.1,107.1,107.1,107.1,107.1,107.1,107.1,107.1,107.1,107.1,107.1,107.1,107.1,107.1,107.1,107.1,107.1,107.1,107.1,107.1,107.1,107.1,107.1,107.1,107.1,107.1,107.1,107.1,107.1,107.1,107.1,107.1,107.1,107.1,107.1,107.1,107.1,107.1,107.1,107.1,107.1,107.1,107.1,107.1,107.1,107.1,107.1,107.1,107.1,107.1,107.1,107.1,107.1
1994-10-01,,,,,,,,,,,,,,,,,,,,,,,,,,,,,,,,,,,,,,,,,,,,,,,,,,,,,,,,,,,,,,,,,,,,,,,,,,,,,,,,,,,,,,,,,,,,,,,,,,,,,,,,,,,,,,,,,,,,,,,,,,,,,,,,,,,,,,,,,,,,,,,,,,,,,,,,,,,,,,,,,,,,,,,,,,,,,,,,,,,,,,,,,,,,,,,,,,,,,,
1994-11-01,,,,,,,,,,,,,,,,,,,,,,,,,,,,,,,,,,,,,,,,,,,,,,,,,,,,,,,,,,,,,,,,,,,,,,,,,,,,,,,,,,,,,,,,,,,,,,,,,,,,,,,,,,,,,,,,,,,,,,,,,,,,,,,,,,,,,,,,,,,,,,,,,,,,,,,,,,,,,,,,,,,,,,,,,,,,,,,,,,,,,,,,,,,,,,,,,,,,,,
1994-12-01,108.9,108.9,108.9,108.9,108.9,108.9,108.9,108.9,108.9,108.9,108.9,108.9,108.9,108.9,108.9,108.9,108.9,108.9,108.9,108.9,108.9,108.9,108.9,108.9,108.9,108.9,108.9,108.9,108.9,108.9,108.9,108.9,108.9,108.9,108.9,108.9,108.9,108.9,108.9,108.9,108.9,108.9,108.9,108.9,108.9,108.9,108.9,108.9,108.9,108.9,108.9,108.9,108.9,108.9,108.9,108.9,108.9,108.9,108.9,108.9,108.9,108.9,108.9,108.9,108.9,108.9,108.9,108.9,108.9,108.9,108.9,108.9,108.9,108.9,108.9,108.9,108.9,108.9,108.9,108.9,108.9,108.9,108.9,108.9,108.9,108.9,108.9,108.9,108.9,108.9,108.9,108.9,108.9,108.9,108.9,108.9,108.9,108.9,108.9,108.9,108.9,108.9,108.9,108.9,108.9,108.9,108.9,108.9,108.9,108.9,108.9,108.9,108.9,108.9,108.9,108.9,108.9,108.9,108.9,108.9,108.9,108.9,108.9,108.9,108.9,108.9,108.9,108.9,108.9,108.9,108.9,108.9,108.9,108.9,108.9,108.9,108.9,108.9,108.9,108.9,108.9,108.9,108.9,108.9,108.9,108.9,108.9,108.9,108.9,108.9,108.9,108.9,108.9,108.9,108.9,108.9,108.9,108.9,108.9,108.9,108.9,108.9,108.9,108.9,108.9,108.9,108.9,108.9,108.9,108.9,108.9,108.9,108.9,108.9,108.9,108.9,108.9,108.9,108.9,108.9,108.9,108.9,108.9,108.9,108.9,108.9,108.9,108.9,108.9,108.9,108.9,108.9,108.9,108.9,108.9,108.9,108.9,108.9
1995-01-01,,,,,,,,,,,,,,,,,,,,,,,,,,,,,,,,,,,,,,,,,,,,,,,,,,,,,,,,,,,,,,,,,,,,,,,,,,,,,,,,,,,,,,,,,,,,,,,,,,,,,,,,,,,,,,,,,,,,,,,,,,,,,,,,,,,,,,,,,,,,,,,,,,,,,,,,,,,,,,,,,,,,,,,,,,,,,,,,,,,,,,,,,,,,,,,,,,,,,,
1995-02-01,,,,,,,,,,,,,,,,,,,,,,,,,,,,,,,,,,,,,,,,,,,,,,,,,,,,,,,,,,,,,,,,,,,,,,,,,,,,,,,,,,,,,,,,,,,,,,,,,,,,,,,,,,,,,,,,,,,,,,,,,,,,,,,,,,,,,,,,,,,,,,,,,,,,,,,,,,,,,,,,,,,,,,,,,,,,,,,,,,,,,,,,,,,,,,,,,,,,,,
1995-03-01,113.6,113.6,113.6,113.6,113.6,113.6,113.6,113.6,113.6,113.6,113.6,113.6,113.6,113.6,113.6,113.6,113.6,113.6,113.6,113.6,113.6,113.6,113.6,113.6,113.6,113.6,113.6,113.6,113.6,113.6,113.6,113.6,113.6,113.6,113.6,113.6,113.6,113.6,113.6,113.6,113.6,113.6,113.6,113.6,113.6,113.6,113.6,113.6,113.6,113.6,113.6,113.6,113.6,113.6,113.6,113.6,113.6,113.6,113.6,113.6,113.6,113.6,113.6,113.6,113.6,113.6,113.6,113.6,113.6,113.6,113.6,113.6,113.6,113.6,113.6,113.6,113.6,113.6,113.6,113.6,113.6,113.6,113.6,113.6,113.6,113.6,113.6,113.6,113.6,113.6,113.6,113.6,113.6,113.6,113.6,113.6,113.6,113.6,113.6,113.6,113.6,113.6,113.6,113.6,113.6,113.6,113.6,113.6,113.6,113.6,113.6,113.6,113.6,113.6,113.6,113.6,113.6,113.6,113.6,113.6,113.6,113.6,113.6,113.6,113.6,113.6,113.6,113.6,113.6,113.6,113.6,113.6,113.6,113.6,113.6,113.6,113.6,113.6,113.6,113.6,113.6,113.6,113.6,113.6,113.6,113.6,113.6,113.6,113.6,113.6,113.6,113.6,113.6,113.6,113.6,113.6,113.6,113.6,113.6,113.6,113.6,113.6,113.6,113.6,113.6,113.6,113.6,113.6,113.6,113.6,113.6,113.6,113.6,113.6,113.6,113.6,113.6,113.6,113.6,113.6,113.6,113.6,113.6,113.6,113.6,113.6,113.6,113.6,113.6,113.6,113.6,113.6,113.6,113.6,113.6,113.6,113.6,113.6
1995-04-01,,,,,,,,,,,,,,,,,,,,,,,,,,,,,,,,,,,,,,,,,,,,,,,,,,,,,,,,,,,,,,,,,,,,,,,,,,,,,,,,,,,,,,,,,,,,,,,,,,,,,,,,,,,,,,,,,,,,,,,,,,,,,,,,,,,,,,,,,,,,,,,,,,,,,,,,,,,,,,,,,,,,,,,,,,,,,,,,,,,,,,,,,,,,,,,,,,,,,,
1995-05-01,,,,,,,,,,,,,,,,,,,,,,,,,,,,,,,,,,,,,,,,,,,,,,,,,,,,,,,,,,,,,,,,,,,,,,,,,,,,,,,,,,,,,,,,,,,,,,,,,,,,,,,,,,,,,,,,,,,,,,,,,,,,,,,,,,,,,,,,,,,,,,,,,,,,,,,,,,,,,,,,,,,,,,,,,,,,,,,,,,,,,,,,,,,,,,,,,,,,,,
1995-06-01,116.5,116.5,116.5,116.5,116.5,116.5,116.5,116.5,116.5,116.5,116.5,116.5,116.5,116.5,116.5,116.5,116.5,116.5,116.5,116.5,116.5,116.5,116.5,116.5,116.5,116.5,116.5,116.5,116.5,116.5,116.5,116.5,116.5,116.5,116.5,116.5,116.5,116.5,116.5,116.5,116.5,116.5,116.5,116.5,116.5,116.5,116.5,116.5,116.5,116.5,116.5,116.5,116.5,116.5,116.5,116.5,116.5,116.5,116.5,116.5,116.5,116.5,116.5,116.5,116.5,116.5,116.5,116.5,116.5,116.5,116.5,116.5,116.5,116.5,116.5,116.5,116.5,116.5,116.5,116.5,116.5,116.5,116.5,116.5,116.5,116.5,116.5,116.5,116.5,116.5,116.5,116.5,116.5,116.5,116.5,116.5,116.5,116.5,116.5,116.5,116.5,116.5,116.5,116.5,116.5,116.5,116.5,116.5,116.5,116.5,116.5,116.5,116.5,116.5,116.5,116.5,116.5,116.5,116.5,116.5,116.5,116.5,116.5,116.5,116.5,116.5,116.5,116.5,116.5,116.5,116.5,116.5,116.5,116.5,116.5,116.5,116.5,116.5,116.5,116.5,116.5,116.5,116.5,116.5,116.5,116.5,116.5,116.5,116.5,116.5,116.5,116.5,116.5,116.5,116.5,116.5,116.5,116.5,116.5,116.5,116.5,116.5,116.5,116.5,116.5,116.5,116.5,116.5,116.5,116.5,116.5,116.5,116.5,116.5,116.5,116.5,116.5,116.5,116.5,116.5,116.5,116.5,116.5,116.5,116.5,116.5,116.5,116.5,116.5,116.5,116.5,116.5,116.5,116.5,116.5,116.5,116.5,116.5
1995-07-01,,,,,,,,,,,,,,,,,,,,,,,,,,,,,,,,,,,,,,,,,,,,,,,,,,,,,,,,,,,,,,,,,,,,,,,,,,,,,,,,,,,,,,,,,,,,,,,,,,,,,,,,,,,,,,,,,,,,,,,,,,,,,,,,,,,,,,,,,,,,,,,,,,,,,,,,,,,,,,,,,,,,,,,,,,,,,,,,,,,,,,,,,,,,,,,,,,,,,,
1995-08-01,,,,,,,,,,,,,,,,,,,,,,,,,,,,,,,,,,,,,,,,,,,,,,,,,,,,,,,,,,,,,,,,,,,,,,,,,,,,,,,,,,,,,,,,,,,,,,,,,,,,,,,,,,,,,,,,,,,,,,,,,,,,,,,,,,,,,,,,,,,,,,,,,,,,,,,,,,,,,,,,,,,,,,,,,,,,,,,,,,,,,,,,,,,,,,,,,,,,,,
1995-09-01,111.0,111.0,111.0,111.0,111.0,111.0,111.0,111.0,111.0,111.0,111.0,111.0,111.0,111.0,111.0,111.0,111.0,111.0,111.0,111.0,111.0,111.0,111.0,111.0,111.0,111.0,111.0,111.0,111.0,111.0,111.0,111.0,111.0,111.0,111.0,111.0,111.0,111.0,111.0,111.0,111.0,111.0,111.0,111.0,111.0,111.0,111.0,111.0,111.0,111.0,111.0,111.0,111.0,111.0,111.0,111.0,111.0,111.0,111.0,111.0,111.0,111.0,111.0,111.0,111.0,111.0,111.0,111.0,111.0,111.0,111.0,111.0,111.0,111.0,111.0,111.0,111.0,111.0,111.0,111.0,111.0,111.0,111.0,111.0,111.0,111.0,111.0,111.0,111.0,111.0,111.0,111.0,111.0,111.0,111.0,111.0,111.0,111.0,111.0,111.0,111.0,111.0,111.0,111.0,111.0,111.0,111.0,111.0,111.0,111.0,111.0,111.0,111.0,111.0,111.0,111.0,111.0,111.0,111.0,111.0,111.0,111.0,111.0,111.0,111.0,111.0,111.0,111.0,111.0,111.0,111.0,111.0,111.0,111.0,111.0,111.0,111.0,111.0,111.0,111.0,111.0,111.0,111.0,111.0,111.0,111.0,111.0,111.0,111.0,111.0,111.0,111.0,111.0,111.0,111.0,111.0,111.0,111.0,111.0,111.0,111.0,111.0,111.0,111.0,111.0,111.0,111.0,111.0,111.0,111.0,111.0,111.0,111.0,111.0,111.0,111.0,111.0,111.0,111.0,111.0,111.0,111.0,111.0,111.0,111.0,111.0,111.0,111.0,111.0,111.0,111.0,111.0,111.0,111.0,111.0,111.0,111.0,111.0
1995-10-01,,,,,,,,,,,,,,,,,,,,,,,,,,,,,,,,,,,,,,,,,,,,,,,,,,,,,,,,,,,,,,,,,,,,,,,,,,,,,,,,,,,,,,,,,,,,,,,,,,,,,,,,,,,,,,,,,,,,,,,,,,,,,,,,,,,,,,,,,,,,,,,,,,,,,,,,,,,,,,,,,,,,,,,,,,,,,,,,,,,,,,,,,,,,,,,,,,,,,,
1995-11-01,,,,,,,,,,,,,,,,,,,,,,,,,,,,,,,,,,,,,,,,,,,,,,,,,,,,,,,,,,,,,,,,,,,,,,,,,,,,,,,,,,,,,,,,,,,,,,,,,,,,,,,,,,,,,,,,,,,,,,,,,,,,,,,,,,,,,,,,,,,,,,,,,,,,,,,,,,,,,,,,,,,,,,,,,,,,,,,,,,,,,,,,,,,,,,,,,,,,,,
1995-12-01,111.7,111.7,111.7,111.7,111.7,111.7,111.7,111.7,111.7,111.7,111.7,111.7,111.7,111.7,111.7,111.7,111.7,111.7,111.7,111.7,111.7,111.7,111.7,111.7,111.7,111.7,111.7,111.7,111.7,111.7,111.7,111.7,111.7,111.7,111.7,111.7,111.7,111.7,111.7,111.7,111.7,111.7,111.7,111.7,111.7,111.7,111.7,111.7,111.7,111.7,111.7,111.7,111.7,111.7,111.7,111.7,111.7,111.7,111.7,111.7,111.7,111.7,111.7,111.7,111.7,111.7,111.7,111.7,111.7,111.7,111.7,111.7,111.7,111.7,111.7,111.7,111.7,111.7,111.7,111.7,111.7,111.7,111.7,111.7,111.7,111.7,111.7,111.7,111.7,111.7,111.7,111.7,111.7,111.7,111.7,111.7,111.7,111.7,111.7,111.7,111.7,111.7,111.7,111.7,111.7,111.7,111.7,111.7,111.7,111.7,111.7,111.7,111.7,111.7,111.7,111.7,111.7,111.7,111.7,111.7,111.7,111.7,111.7,111.7,111.7,111.7,111.7,111.7,111.7,111.7,111.7,111.7,111.7,111.7,111.7,111.7,111.7,111.7,111.7,111.7,111.7,111.7,111.7,111.7,111.7,111.7,111.7,111.7,111.7,111.7,111.7,111.7,111.7,111.7,111.7,111.7,111.7,111.7,111.7,111.7,111.7,111.7,111.7,111.7,111.7,111.7,111.7,111.7,111.7,111.7,111.7,111.7,111.7,111.7,111.7,111.7,111.7,111.7,111.7,111.7,111.7,111.7,111.7,111.7,111.7,111.7,111.7,111.7,111.7,111.7,111.7,111.7,111.7,111.7,111.7,111.7,111.7,111.7
1996-01-01,,,,,,,,,,,,,,,,,,,,,,,,,,,,,,,,,,,,,,,,,,,,,,,,,,,,,,,,,,,,,,,,,,,,,,,,,,,,,,,,,,,,,,,,,,,,,,,,,,,,,,,,,,,,,,,,,,,,,,,,,,,,,,,,,,,,,,,,,,,,,,,,,,,,,,,,,,,,,,,,,,,,,,,,,,,,,,,,,,,,,,,,,,,,,,,,,,,,,,
1996-02-01,,,,,,,,,,,,,,,,,,,,,,,,,,,,,,,,,,,,,,,,,,,,,,,,,,,,,,,,,,,,,,,,,,,,,,,,,,,,,,,,,,,,,,,,,,,,,,,,,,,,,,,,,,,,,,,,,,,,,,,,,,,,,,,,,,,,,,,,,,,,,,,,,,,,,,,,,,,,,,,,,,,,,,,,,,,,,,,,,,,,,,,,,,,,,,,,,,,,,,
1996-03-01,108.6,108.6,108.6,108.6,108.6,108.6,108.6,108.6,108.6,108.6,108.6,108.6,108.6,108.6,108.6,108.6,108.6,108.6,108.6,108.6,108.6,108.6,108.6,108.6,108.6,108.6,108.6,108.6,108.6,108.6,108.6,108.6,108.6,108.6,108.6,108.6,108.6,108.6,108.6,108.6,108.6,108.6,108.6,108.6,108.6,108.6,108.6,108.6,108.6,108.6,108.6,108.6,108.6,108.6,108.6,108.6,108.6,108.6,108.6,108.6,108.6,108.6,108.6,108.6,108.6,108.6,108.6,108.6,108.6,108.6,108.6,108.6,108.6,108.6,108.6,108.6,108.6,108.6,108.6,108.6,108.6,108.6,108.6,108.6,108.6,108.6,108.6,108.6,108.6,108.6,108.6,108.6,108.6,108.6,108.6,108.6,108.6,108.6,108.6,108.6,108.6,108.6,108.6,108.6,108.6,108.6,108.6,108.6,108.6,108.6,108.6,108.6,108.6,108.6,108.6,108.6,108.6,108.6,108.6,108.6,108.6,108.6,108.6,108.6,108.6,108.6,108.6,108.6,108.6,108.6,108.6,108.6,108.6,108.6,108.6,108.6,108.6,108.6,108.6,108.6,108.6,108.6,108.6,108.6,108.6,108.6,108.6,108.6,108.6,108.6,108.6,108.6,108.6,108.6,108.6,108.6,108.6,108.6,108.6,108.6,108.6,108.6,108.6,108.6,108.6,108.6,108.6,108.6,108.6,108.6,108.6,108.6,108.6,108.6,108.6,108.6,108.6,108.6,108.6,108.6,108.6,108.6,108.6,108.6,108.6,108.6,108.6,108.6,108.6,108.6,108.6,108.6,108.6,108.6,108.6,108.6,108.6,108.6
1996-04-01,,,,,,,,,,,,,,,,,,,,,,,,,,,,,,,,,,,,,,,,,,,,,,,,,,,,,,,,,,,,,,,,,,,,,,,,,,,,,,,,,,,,,,,,,,,,,,,,,,,,,,,,,,,,,,,,,,,,,,,,,,,,,,,,,,,,,,,,,,,,,,,,,,,,,,,,,,,,,,,,,,,,,,,,,,,,,,,,,,,,,,,,,,,,,,,,,,,,,,
1996-05-01,,,,,,,,,,,,,,,,,,,,,,,,,,,,,,,,,,,,,,,,,,,,,,,,,,,,,,,,,,,,,,,,,,,,,,,,,,,,,,,,,,,,,,,,,,,,,,,,,,,,,,,,,,,,,,,,,,,,,,,,,,,,,,,,,,,,,,,,,,,,,,,,,,,,,,,,,,,,,,,,,,,,,,,,,,,,,,,,,,,,,,,,,,,,,,,,,,,,,,
1996-06-01,107.7,107.7,107.7,107.7,107.7,107.7,107.7,107.7,107.7,107.7,107.7,107.7,107.7,107.7,107.7,107.7,107.7,107.7,107.7,107.7,107.7,107.7,107.7,107.7,107.7,107.7,107.7,107.7,107.7,107.7,107.7,107.7,107.7,107.7,107.7,107.7,107.7,107.7,107.7,107.7,107.7,107.7,107.7,107.7,107.7,107.7,107.7,107.7,107.7,107.7,107.7,107.7,107.7,107.7,107.7,107.7,107.7,107.7,107.7,107.7,107.7,107.7,107.7,107.7,107.7,107.7,107.7,107.7,107.7,107.7,107.7,107.7,107.7,107.7,107.7,107.7,107.7,107.7,107.7,107.7,107.7,107.7,107.7,107.7,107.7,107.7,107.7,107.7,107.7,107.7,107.7,107.7,107.7,107.7,107.7,107.7,107.7,107.7,107.7,107.7,107.7,107.7,107.7,107.7,107.7,107.7,107.7,107.7,107.7,107.7,107.7,107.7,107.7,107.7,107.7,107.7,107.7,107.7,107.7,107.7,107.7,107.7,107.7,107.7,107.7,107.7,107.7,107.7,107.7,107.7,107.7,107.7,107.7,107.7,107.7,107.7,107.7,107.7,107.7,107.7,107.7,107.7,107.7,107.7,107.7,107.7,107.7,107.7,107.7,107.7,107.7,107.7,107.7,107.7,107.7,107.7,107.7,107.7,107.7,107.7,107.7,107.7,107.7,107.7,107.7,107.7,107.7,107.7,107.7,107.7,107.7,107.7,107.7,107.7,107.7,107.7,107.7,107.7,107.7,107.7,107.7,107.7,107.7,107.7,107.7,107.7,107.7,107.7,107.7,107.7,107.7,107.7,107.7,107.7,107.7,107.7,107.7,107.7
1996-07-01,,,,,,,,,,,,,,,,,,,,,,,,,,,,,,,,,,,,,,,,,,,,,,,,,,,,,,,,,,,,,,,,,,,,,,,,,,,,,,,,,,,,,,,,,,,,,,,,,,,,,,,,,,,,,,,,,,,,,,,,,,,,,,,,,,,,,,,,,,,,,,,,,,,,,,,,,,,,,,,,,,,,,,,,,,,,,,,,,,,,,,,,,,,,,,,,,,,,,,
1996-08-01,,,,,,,,,,,,,,,,,,,,,,,,,,,,,,,,,,,,,,,,,,,,,,,,,,,,,,,,,,,,,,,,,,,,,,,,,,,,,,,,,,,,,,,,,,,,,,,,,,,,,,,,,,,,,,,,,,,,,,,,,,,,,,,,,,,,,,,,,,,,,,,,,,,,,,,,,,,,,,,,,,,,,,,,,,,,,,,,,,,,,,,,,,,,,,,,,,,,,,
1996-09-01,108.2,108.2,108.2,108.2,108.2,108.2,108.2,108.2,108.2,108.2,108.2,108.2,108.2,108.2,108.2,108.2,108.2,108.2,108.2,108.2,108.2,108.2,108.2,108.2,108.2,108.2,108.2,108.2,108.2,108.2,108.2,108.2,108.2,108.2,108.2,108.2,108.2,108.2,108.2,108.2,108.2,108.2,108.2,108.2,108.2,108.2,108.2,108.2,108.2,108.2,108.2,108.2,108.2,108.2,108.2,108.2,108.2,108.2,108.2,108.2,108.2,108.2,108.2,108.2,108.2,108.2,108.2,108.2,108.2,108.2,108.2,108.2,108.2,108.2,108.2,108.2,108.2,108.2,108.2,108.2,108.2,108.2,108.2,108.2,108.2,108.2,108.2,108.2,108.2,108.2,108.2,108.2,108.2,108.2,108.2,108.2,108.2,108.2,108.2,108.2,108.2,108.2,108.2,108.2,108.2,108.2,108.2,108.2,108.2,108.2,108.2,108.2,108.2,108.2,108.2,108.2,108.2,108.2,108.2,108.2,108.2,108.2,108.2,108.2,108.2,108.2,108.2,108.2,108.2,108.2,108.2,108.2,108.2,108.2,108.2,108.2,108.2,108.2,108.2,108.2,108.2,108.2,108.2,108.2,108.2,108.2,108.2,108.2,108.2,108.2,108.2,108.2,108.2,108.2,108.2,108.2,108.2,108.2,108.2,108.2,108.2,108.2,108.2,108.2,108.2,108.2,108.2,108.2,108.2,108.2,108.2,108.2,108.2,108.2,108.2,108.2,108.2,108.2,108.2,108.2,108.2,108.2,108.2,108.2,108.2,108.2,108.2,108.2,108.2,108.2,108.2,108.2,108.2,108.2,108.2,108.2,108.2,108.2
1996-10-01,,,,,,,,,,,,,,,,,,,,,,,,,,,,,,,,,,,,,,,,,,,,,,,,,,,,,,,,,,,,,,,,,,,,,,,,,,,,,,,,,,,,,,,,,,,,,,,,,,,,,,,,,,,,,,,,,,,,,,,,,,,,,,,,,,,,,,,,,,,,,,,,,,,,,,,,,,,,,,,,,,,,,,,,,,,,,,,,,,,,,,,,,,,,,,,,,,,,,,
1996-11-01,,,,,,,,,,,,,,,,,,,,,,,,,,,,,,,,,,,,,,,,,,,,,,,,,,,,,,,,,,,,,,,,,,,,,,,,,,,,,,,,,,,,,,,,,,,,,,,,,,,,,,,,,,,,,,,,,,,,,,,,,,,,,,,,,,,,,,,,,,,,,,,,,,,,,,,,,,,,,,,,,,,,,,,,,,,,,,,,,,,,,,,,,,,,,,,,,,,,,,
1996-12-01,107.6,107.6,107.6,107.6,107.6,107.6,107.6,107.6,107.6,107.6,107.6,107.6,107.6,107.6,107.6,107.6,107.6,107.6,107.6,107.6,107.6,107.6,107.6,107.6,107.6,107.6,107.6,107.6,107.6,107.6,107.6,107.6,107.6,107.6,107.6,107.6,107.6,107.6,107.6,107.6,107.6,107.6,107.6,107.6,107.6,107.6,107.6,107.6,107.6,107.6,107.6,107.6,107.6,107.6,107.6,107.6,107.6,107.6,107.6,107.6,107.6,107.6,107.6,107.6,107.6,107.6,107.6,107.6,107.6,107.6,107.6,107.6,107.6,107.6,107.6,107.6,107.6,107.6,107.6,107.6,107.6,107.6,107.6,107.6,107.6,107.6,107.6,107.6,107.6,107.6,107.6,107.6,107.6,107.6,107.6,107.6,107.6,107.6,107.6,107.6,107.6,107.6,107.6,107.6,107.6,107.6,107.6,107.6,107.6,107.6,107.6,107.6,107.6,107.6,107.6,107.6,107.6,107.6,107.6,107.6,107.6,107.6,107.6,107.6,107.6,107.6,107.6,107.6,107.6,107.6,107.6,107.6,107.6,107.6,107.6,107.6,107.6,107.6,107.6,107.6,107.6,107.6,107.6,107.6,107.6,107.6,107.6,107.6,107.6,107.6,107.6,107.6,107.6,107.6,107.6,107.6,107.6,107.6,107.6,107.6,107.6,107.6,107.6,107.6,107.6,107.6,107.6,107.6,107.6,107.6,107.6,107.6,107.6,107.6,107.6,107.6,107.6,107.6,107.6,107.6,107.6,107.6,107.6,107.6,107.6,107.6,107.6,107.6,107.6,107.6,107.6,107.6,107.6,107.6,107.6,107.6,107.6,107.6
1997-01-01,,,,,,,,,,,,,,,,,,,,,,,,,,,,,,,,,,,,,,,,,,,,,,,,,,,,,,,,,,,,,,,,,,,,,,,,,,,,,,,,,,,,,,,,,,,,,,,,,,,,,,,,,,,,,,,,,,,,,,,,,,,,,,,,,,,,,,,,,,,,,,,,,,,,,,,,,,,,,,,,,,,,,,,,,,,,,,,,,,,,,,,,,,,,,,,,,,,,,,
1997-02-01,,,,,,,,,,,,,,,,,,,,,,,,,,,,,,,,,,,,,,,,,,,,,,,,,,,,,,,,,,,,,,,,,,,,,,,,,,,,,,,,,,,,,,,,,,,,,,,,,,,,,,,,,,,,,,,,,,,,,,,,,,,,,,,,,,,,,,,,,,,,,,,,,,,,,,,,,,,,,,,,,,,,,,,,,,,,,,,,,,,,,,,,,,,,,,,,,,,,,,
1997-03-01,101.3,101.3,101.3,101.3,101.3,101.3,101.3,101.3,101.3,101.3,101.3,101.3,101.3,101.3,101.3,101.3,101.3,101.3,101.3,101.3,101.3,101.3,101.3,101.3,101.3,101.3,101.3,101.3,101.3,101.3,101.3,101.3,101.3,101.3,101.3,101.3,101.3,101.3,101.3,101.3,101.3,101.3,101.3,101.3,101.3,101.3,101.3,101.3,101.3,101.3,101.3,101.3,101.3,101.3,101.3,101.3,101.3,101.3,101.3,101.3,101.3,101.3,101.3,101.3,101.3,101.3,101.3,101.3,101.3,101.3,101.3,101.3,101.3,101.3,101.3,101.3,101.3,101.3,101.3,101.3,101.3,101.3,101.3,101.3,101.3,101.3,101.3,101.3,101.3,101.3,101.3,101.3,101.3,101.3,101.3,101.3,101.3,101.3,101.3,101.3,101.3,101.3,101.3,101.3,101.3,101.3,101.3,101.3,101.3,101.3,101.3,101.3,101.3,101.3,101.3,101.3,101.3,101.3,101.3,101.3,101.3,101.3,101.3,101.3,101.3,101.3,101.3,101.3,101.3,101.3,101.3,101.3,101.3,101.3,101.3,101.3,101.3,101.3,101.3,101.3,101.3,101.3,101.3,101.3,101.3,101.3,101.3,101.3,101.3,101.3,101.3,101.3,101.3,101.3,101.3,101.3,101.3,101.3,101.3,101.3,101.3,101.3,101.3,101.3,101.3,101.3,101.3,101.3,101.3,101.3,101.3,101.3,101.3,101.3,101.3,101.3,101.3,101.3,101.3,101.3,101.3,101.3,101.3,101.3,101.3,101.3,101.3,101.3,101.3,101.3,101.3,101.3,101.3,101.3,101.3,101.3,101.3,101.3
1997-04-01,,,,,,,,,,,,,,,,,,,,,,,,,,,,,,,,,,,,,,,,,,,,,,,,,,,,,,,,,,,,,,,,,,,,,,,,,,,,,,,,,,,,,,,,,,,,,,,,,,,,,,,,,,,,,,,,,,,,,,,,,,,,,,,,,,,,,,,,,,,,,,,,,,,,,,,,,,,,,,,,,,,,,,,,,,,,,,,,,,,,,,,,,,,,,,,,,,,,,,
1997-05-01,,,,,,,,,,,,,,,,,,,,,,,,,,,,,,,,,,,,,,,,,,,,,,,,,,,,,,,,,,,,,,,,,,,,,,,,,,,,,,,,,,,,,,,,,,,,,,,,,,,,,,,,,,,,,,,,,,,,,,,,,,,,,,,,,,,,,,,,,,,,,,,,,,,,,,,,,,,,,,,,,,,,,,,,,,,,,,,,,,,,,,,,,,,,,,,,,,,,,,
1997-06-01,101.8,101.8,101.8,101.8,101.8,101.8,101.8,101.8,101.8,101.8,101.8,101.8,101.8,101.8,101.8,101.8,101.8,101.8,101.8,101.8,101.8,101.8,101.8,101.8,101.8,101.8,101.8,101.8,101.8,101.8,101.8,101.8,101.8,101.8,101.8,101.8,101.8,101.8,101.8,101.8,101.8,101.8,101.8,101.8,101.8,101.8,101.8,101.8,101.8,101.8,101.8,101.8,101.8,101.8,101.8,101.8,101.8,101.8,101.8,101.8,101.8,101.8,101.8,101.8,101.8,101.8,101.8,101.8,101.8,101.8,101.8,101.8,101.8,101.8,101.8,101.8,101.8,101.8,101.8,101.8,101.8,101.8,101.8,101.8,101.8,101.8,101.8,101.8,101.8,101.8,101.8,101.8,101.8,101.8,101.8,101.8,101.8,101.8,101.8,101.8,101.8,101.8,101.8,101.8,101.8,101.8,101.8,101.8,101.8,101.8,101.8,101.8,101.8,101.8,101.8,101.8,101.8,101.8,101.8,101.8,101.8,101.8,101.8,101.8,101.8,101.8,101.8,101.8,101.8,101.8,101.8,101.8,101.8,101.8,101.8,101.8,101.8,101.8,101.8,101.8,101.8,101.8,101.8,101.8,101.8,101.8,101.8,101.8,101.8,101.8,101.8,101.8,101.8,101.8,101.8,101.8,101.8,101.8,101.8,101.8,101.8,101.8,101.8,101.8,101.8,101.8,101.8,101.8,101.8,101.8,101.8,101.8,101.8,101.8,101.8,101.8,101.8,101.8,101.8,101.8,101.8,101.8,101.8,101.8,101.8,101.8,101.8,101.8,101.8,101.8,101.8,101.8,101.8,101.8,101.8,101.8,101.8,101.8
1997-07-01,,,,,,,,,,,,,,,,,,,,,,,,,,,,,,,,,,,,,,,,,,,,,,,,,,,,,,,,,,,,,,,,,,,,,,,,,,,,,,,,,,,,,,,,,,,,,,,,,,,,,,,,,,,,,,,,,,,,,,,,,,,,,,,,,,,,,,,,,,,,,,,,,,,,,,,,,,,,,,,,,,,,,,,,,,,,,,,,,,,,,,,,,,,,,,,,,,,,,,
1997-08-01,,,,,,,,,,,,,,,,,,,,,,,,,,,,,,,,,,,,,,,,,,,,,,,,,,,,,,,,,,,,,,,,,,,,,,,,,,,,,,,,,,,,,,,,,,,,,,,,,,,,,,,,,,,,,,,,,,,,,,,,,,,,,,,,,,,,,,,,,,,,,,,,,,,,,,,,,,,,,,,,,,,,,,,,,,,,,,,,,,,,,,,,,,,,,,,,,,,,,,
1997-09-01,100.3,100.3,100.3,100.3,100.3,100.3,100.3,100.3,100.3,100.3,100.3,100.3,100.3,100.3,100.3,100.3,100.3,100.3,100.3,100.3,100.3,100.3,100.3,100.3,100.3,100.3,100.3,100.3,100.3,100.3,100.3,100.3,100.3,100.3,100.3,100.3,100.3,100.3,100.3,100.3,100.3,100.3,100.3,100.3,100.3,100.3,100.3,100.3,100.3,100.3,100.3,100.3,100.3,100.3,100.3,100.3,100.3,100.3,100.3,100.3,100.3,100.3,100.3,100.3,100.3,100.3,100.3,100.3,100.3,100.3,100.3,100.3,100.3,100.3,100.3,100.3,100.3,100.3,100.3,100.3,100.3,100.3,100.3,100.3,100.3,100.3,100.3,100.3,100.3,100.3,100.3,100.3,100.3,100.3,100.3,100.3,100.3,100.3,100.3,100.3,100.3,100.3,100.3,100.3,100.3,100.3,100.3,100.3,100.3,100.3,100.3,100.3,100.3,100.3,100.3,100.3,100.3,100.3,100.3,100.3,100.3,100.3,100.3,100.3,100.3,100.3,100.3,100.3,100.3,100.3,100.3,100.3,100.3,100.3,100.3,100.3,100.3,100.3,100.3,100.3,100.3,100.3,100.3,100.3,100.3,100.3,100.3,100.3,100.3,100.3,100.3,100.3,100.3,100.3,100.3,100.3,100.3,100.3,100.3,100.3,100.3,100.3,100.3,100.3,100.3,100.3,100.3,100.3,100.3,100.3,100.3,100.3,100.3,100.3,100.3,100.3,100.3,100.3,100.3,100.3,100.3,100.3,100.3,100.3,100.3,100.3,100.3,100.3,100.3,100.3,100.3,100.3,100.3,100.3,100.3,100.3,100.3,100.3
1997-10-01,,,,,,,,,,,,,,,,,,,,,,,,,,,,,,,,,,,,,,,,,,,,,,,,,,,,,,,,,,,,,,,,,,,,,,,,,,,,,,,,,,,,,,,,,,,,,,,,,,,,,,,,,,,,,,,,,,,,,,,,,,,,,,,,,,,,,,,,,,,,,,,,,,,,,,,,,,,,,,,,,,,,,,,,,,,,,,,,,,,,,,,,,,,,,,,,,,,,,,
1997-11-01,,,,,,,,,,,,,,,,,,,,,,,,,,,,,,,,,,,,,,,,,,,,,,,,,,,,,,,,,,,,,,,,,,,,,,,,,,,,,,,,,,,,,,,,,,,,,,,,,,,,,,,,,,,,,,,,,,,,,,,,,,,,,,,,,,,,,,,,,,,,,,,,,,,,,,,,,,,,,,,,,,,,,,,,,,,,,,,,,,,,,,,,,,,,,,,,,,,,,,
1997-12-01,97.9,97.9,97.9,97.9,97.9,97.9,97.9,97.9,97.9,97.9,97.9,97.9,97.9,97.9,97.9,97.9,97.9,97.9,97.9,97.9,97.9,97.9,97.9,97.9,97.9,97.9,97.9,97.9,97.9,97.9,97.9,97.9,97.9,97.9,97.9,97.9,97.9,97.9,97.9,97.9,97.9,97.9,97.9,97.9,97.9,97.9,97.9,97.9,97.9,97.9,97.9,97.9,97.9,97.9,97.9,97.9,97.9,97.9,97.9,97.9,97.9,97.9,97.9,97.9,97.9,97.9,97.9,97.9,97.9,97.9,97.9,97.9,97.9,97.9,97.9,97.9,97.9,97.9,97.9,97.9,97.9,97.9,97.9,97.9,97.9,97.9,97.9,97.9,97.9,97.9,97.9,97.9,97.9,97.9,97.9,97.9,97.9,97.9,97.9,97.9,97.9,97.9,97.9,97.9,97.9,97.9,97.9,97.9,97.9,97.9,97.9,97.9,97.9,97.9,97.9,97.9,97.9,97.9,97.9,97.9,97.9,97.9,97.9,97.9,97.9,97.9,97.9,97.9,97.9,97.9,97.9,97.9,97.9,97.9,97.9,97.9,97.9,97.9,97.9,97.9,97.9,97.9,97.9,97.9,97.9,97.9,97.9,97.9,97.9,97.9,97.9,97.9,97.9,97.9,97.9,97.9,97.9,97.9,97.9,97.9,97.9,97.9,97.9,97.9,97.9,97.9,97.9,97.9,97.9,97.9,97.9,97.9,97.9,97.9,97.9,97.9,97.9,97.9,97.9,97.9,97.9,97.9,97.9,97.9,97.9,97.9,97.9,97.9,97.9,97.9,97.9,97.9,97.9,97.9,97.9,97.9,97.9,97.9
1998-01-01,,,,,,,,,,,,,,,,,,,,,,,,,,,,,,,,,,,,,,,,,,,,,,,,,,,,,,,,,,,,,,,,,,,,,,,,,,,,,,,,,,,,,,,,,,,,,,,,,,,,,,,,,,,,,,,,,,,,,,,,,,,,,,,,,,,,,,,,,,,,,,,,,,,,,,,,,,,,,,,,,,,,,,,,,,,,,,,,,,,,,,,,,,,,,,,,,,,,,,
1998-02-01,,,,,,,,,,,,,,,,,,,,,,,,,,,,,,,,,,,,,,,,,,,,,,,,,,,,,,,,,,,,,,,,,,,,,,,,,,,,,,,,,,,,,,,,,,,,,,,,,,,,,,,,,,,,,,,,,,,,,,,,,,,,,,,,,,,,,,,,,,,,,,,,,,,,,,,,,,,,,,,,,,,,,,,,,,,,,,,,,,,,,,,,,,,,,,,,,,,,,,
1998-03-01,93.9,93.9,93.9,93.9,93.9,93.9,93.9,93.9,93.9,93.9,93.9,93.9,93.9,93.9,93.9,93.9,93.9,93.9,93.9,93.9,93.9,93.9,93.9,93.9,93.9,93.9,93.9,93.9,93.9,93.9,93.9,93.9,93.9,93.9,93.9,93.9,93.9,93.9,93.9,93.9,93.9,93.9,93.9,93.9,93.9,93.9,93.9,93.9,93.9,93.9,93.9,93.9,93.9,93.9,93.9,93.9,93.9,93.9,93.9,93.9,93.9,93.9,93.9,93.9,93.9,93.9,93.9,93.9,93.9,93.9,93.9,93.9,93.9,93.9,93.9,93.9,93.9,93.9,93.9,93.9,93.9,93.9,93.9,93.9,93.9,93.9,93.9,93.9,93.9,93.9,93.9,93.9,93.9,93.9,93.9,93.9,93.9,93.9,93.9,93.9,93.9,93.9,93.9,93.9,93.9,93.9,93.9,93.9,93.9,93.9,93.9,93.9,93.9,93.9,93.9,93.9,93.9,93.9,93.9,93.9,93.9,93.9,93.9,93.9,93.9,93.9,93.9,93.9,93.9,93.9,93.9,93.9,93.9,93.9,93.9,93.9,93.9,93.9,93.9,93.9,93.9,93.9,93.9,93.9,93.9,93.9,93.9,93.9,93.9,93.9,93.9,93.9,93.9,93.9,93.9,93.9,93.9,93.9,93.9,93.9,93.9,93.9,93.9,93.9,93.9,93.9,93.9,93.9,93.9,93.9,93.9,93.9,93.9,93.9,93.9,93.9,93.9,93.9,93.9,93.9,93.9,93.9,93.9,93.9,93.9,93.9,93.9,93.9,93.9,93.9,93.9,93.9,93.9,93.9,93.9,93.9,93.9,93.9
1998-04-01,,,,,,,,,,,,,,,,,,,,,,,,,,,,,,,,,,,,,,,,,,,,,,,,,,,,,,,,,,,,,,,,,,,,,,,,,,,,,,,,,,,,,,,,,,,,,,,,,,,,,,,,,,,,,,,,,,,,,,,,,,,,,,,,,,,,,,,,,,,,,,,,,,,,,,,,,,,,,,,,,,,,,,,,,,,,,,,,,,,,,,,,,,,,,,,,,,,,,,
1998-05-01,,,,,,,,,,,,,,,,,,,,,,,,,,,,,,,,,,,,,,,,,,,,,,,,,,,,,,,,,,,,,,,,,,,,,,,,,,,,,,,,,,,,,,,,,,,,,,,,,,,,,,,,,,,,,,,,,,,,,,,,,,,,,,,,,,,,,,,,,,,,,,,,,,,,,,,,,,,,,,,,,,,,,,,,,,,,,,,,,,,,,,,,,,,,,,,,,,,,,,
1998-06-01,94.4,94.4,94.4,94.4,94.4,94.4,94.4,94.4,94.4,94.4,94.4,94.4,94.4,94.4,94.4,94.4,94.4,94.4,94.4,94.4,94.4,94.4,94.4,94.4,94.4,94.4,94.4,94.4,94.4,94.4,94.4,94.4,94.4,94.4,94.4,94.4,94.4,94.4,94.4,94.4,94.4,94.4,94.4,94.4,94.4,94.4,94.4,94.4,94.4,94.4,94.4,94.4,94.4,94.4,94.4,94.4,94.4,94.4,94.4,94.4,94.4,94.4,94.4,94.4,94.4,94.4,94.4,94.4,94.4,94.4,94.4,94.4,94.4,94.4,94.4,94.4,94.4,94.4,94.4,94.4,94.4,94.4,94.4,94.4,94.4,94.4,94.4,94.4,94.4,94.4,94.4,94.4,94.4,94.4,94.4,94.4,94.4,94.4,94.4,94.4,94.4,94.4,94.4,94.4,94.4,94.4,94.4,94.4,94.4,94.4,94.4,94.4,94.4,94.4,94.4,94.4,94.4,94.4,94.4,94.4,94.4,94.4,94.4,94.4,94.4,94.4,94.4,94.4,94.4,94.4,94.4,94.4,94.4,94.4,94.4,94.4,94.4,94.4,94.4,94.4,94.4,94.4,94.4,94.4,94.4,94.4,94.4,94.4,94.4,94.4,94.4,94.4,94.4,94.4,94.4,94.4,94.4,94.4,94.4,94.4,94.4,94.4,94.4,94.4,94.4,94.4,94.4,94.4,94.4,94.4,94.4,94.4,94.4,94.4,94.4,94.4,94.4,94.4,94.4,94.4,94.4,94.4,94.4,94.4,94.4,94.4,94.4,94.4,94.4,94.4,94.4,94.4,94.4,94.4,94.4,94.4,94.4,94.4
1998-07-01,,,,,,,,,,,,,,,,,,,,,,,,,,,,,,,,,,,,,,,,,,,,,,,,,,,,,,,,,,,,,,,,,,,,,,,,,,,,,,,,,,,,,,,,,,,,,,,,,,,,,,,,,,,,,,,,,,,,,,,,,,,,,,,,,,,,,,,,,,,,,,,,,,,,,,,,,,,,,,,,,,,,,,,,,,,,,,,,,,,,,,,,,,,,,,,,,,,,,,
1998-08-01,,,,,,,,,,,,,,,,,,,,,,,,,,,,,,,,,,,,,,,,,,,,,,,,,,,,,,,,,,,,,,,,,,,,,,,,,,,,,,,,,,,,,,,,,,,,,,,,,,,,,,,,,,,,,,,,,,,,,,,,,,,,,,,,,,,,,,,,,,,,,,,,,,,,,,,,,,,,,,,,,,,,,,,,,,,,,,,,,,,,,,,,,,,,,,,,,,,,,,
1998-09-01,92.7,92.7,92.7,92.7,92.7,92.7,92.7,92.7,92.7,92.7,92.7,92.7,92.7,92.7,92.7,92.7,92.7,92.7,92.7,92.7,92.7,92.7,92.7,92.7,92.7,92.7,92.7,92.7,92.7,92.7,92.7,92.7,92.7,92.7,92.7,92.7,92.7,92.7,92.7,92.7,92.7,92.7,92.7,92.7,92.7,92.7,92.7,92.7,92.7,92.7,92.7,92.7,92.7,92.7,92.7,92.7,92.7,92.7,92.7,92.7,92.7,92.7,92.7,92.7,92.7,92.7,92.7,92.7,92.7,92.7,92.7,92.7,92.7,92.7,92.7,92.7,92.7,92.7,92.7,92.7,92.7,92.7,92.7,92.7,92.7,92.7,92.7,92.7,92.7,92.7,92.7,92.7,92.7,92.7,92.7,92.7,92.7,92.7,92.7,92.7,92.7,92.7,92.7,92.7,92.7,92.7,92.7,92.7,92.7,92.7,92.7,92.7,92.7,92.7,92.7,92.7,92.7,92.7,92.7,92.7,92.7,92.7,92.7,92.7,92.7,92.7,92.7,92.7,92.7,92.7,92.7,92.7,92.7,92.7,92.7,92.7,92.7,92.7,92.7,92.7,92.7,92.7,92.7,92.7,92.7,92.7,92.7,92.7,92.7,92.7,92.7,92.7,92.7,92.7,92.7,92.7,92.7,92.7,92.7,92.7,92.7,92.7,92.7,92.7,92.7,92.7,92.7,92.7,92.7,92.7,92.7,92.7,92.7,92.7,92.7,92.7,92.7,92.7,92.7,92.7,92.7,92.7,92.7,92.7,92.7,92.7,92.7,92.7,92.7,92.7,92.7,92.7,92.7,92.7,92.7,92.7,92.7,92.7
1998-10-01,,,,,,,,,,,,,,,,,,,,,,,,,,,,,,,,,,,,,,,,,,,,,,,,,,,,,,,,,,,,,,,,,,,,,,,,,,,,,,,,,,,,,,,,,,,,,,,,,,,,,,,,,,,,,,,,,,,,,,,,,,,,,,,,,,,,,,,,,,,,,,,,,,,,,,,,,,,,,,,,,,,,,,,,,,,,,,,,,,,,,,,,,,,,,,,,,,,,,,
1998-11-01,,,,,,,,,,,,,,,,,,,,,,,,,,,,,,,,,,,,,,,,,,,,,,,,,,,,,,,,,,,,,,,,,,,,,,,,,,,,,,,,,,,,,,,,,,,,,,,,,,,,,,,,,,,,,,,,,,,,,,,,,,,,,,,,,,,,,,,,,,,,,,,,,,,,,,,,,,,,,,,,,,,,,,,,,,,,,,,,,,,,,,,,,,,,,,,,,,,,,,
1998-12-01,99.0,99.0,99.0,99.0,99.0,99.0,99.0,99.0,99.0,99.0,99.0,99.0,99.0,99.0,99.0,99.0,99.0,99.0,99.0,99.0,99.0,99.0,99.0,99.0,99.0,99.0,99.0,99.0,99.0,99.0,99.0,99.0,99.0,99.0,99.0,99.0,99.0,99.0,99.0,99.0,99.0,99.0,99.0,99.0,99.0,99.0,99.0,99.0,99.0,99.0,99.0,99.0,99.0,99.0,99.0,99.0,99.0,99.0,99.0,99.0,99.0,99.0,99.0,99.0,99.0,99.0,99.0,99.0,99.0,99.0,99.0,99.0,99.0,99.0,99.0,99.0,99.0,99.0,99.0,99.0,99.0,99.0,99.0,99.0,99.0,99.0,99.0,99.0,99.0,99.0,99.0,99.0,99.0,99.0,99.0,99.0,99.0,99.0,99.0,99.0,99.0,99.0,99.0,99.0,99.0,99.0,99.0,99.0,99.0,99.0,99.0,99.0,99.0,99.0,99.0,99.0,99.0,99.0,99.0,99.0,99.0,99.0,99.0,99.0,99.0,99.0,99.0,99.0,99.0,99.0,99.0,99.0,99.0,99.0,99.0,99.0,99.0,99.0,99.0,99.0,99.0,99.0,99.0,99.0,99.0,99.0,99.0,99.0,99.0,99.0,99.0,99.0,99.0,99.0,99.0,99.0,99.0,99.0,99.0,99.0,99.0,99.0,99.0,99.0,99.0,99.0,99.0,99.0,99.0,99.0,99.0,99.0,99.0,99.0,99.0,99.0,99.0,99.0,99.0,99.0,99.0,99.0,99.0,99.0,99.0,99.0,99.0,99.0,99.0,99.0,99.0,99.0,99.0,99.0,99.0,99.0,99.0,99.0
1999-01-01,,,,,,,,,,,,,,,,,,,,,,,,,,,,,,,,,,,,,,,,,,,,,,,,,,,,,,,,,,,,,,,,,,,,,,,,,,,,,,,,,,,,,,,,,,,,,,,,,,,,,,,,,,,,,,,,,,,,,,,,,,,,,,,,,,,,,,,,,,,,,,,,,,,,,,,,,,,,,,,,,,,,,,,,,,,,,,,,,,,,,,,,,,,,,,,,,,,,,,
1999-02-01,,,,,,,,,,,,,,,,,,,,,,,,,,,,,,,,,,,,,,,,,,,,,,,,,,,,,,,,,,,,,,,,,,,,,,,,,,,,,,,,,,,,,,,,,,,,,,,,,,,,,,,,,,,,,,,,,,,,,,,,,,,,,,,,,,,,,,,,,,,,,,,,,,,,,,,,,,,,,,,,,,,,,,,,,,,,,,,,,,,,,,,,,,,,,,,,,,,,,,
1999-03-01,99.6,99.6,99.6,99.6,99.6,99.6,99.6,99.6,99.6,99.6,99.6,99.6,99.6,99.6,99.6,99.6,99.6,99.6,99.6,99.6,99.6,99.6,99.6,99.6,99.6,99.6,99.6,99.6,99.6,99.6,99.6,99.6,99.6,99.6,99.6,99.6,99.6,99.6,99.6,99.6,99.6,99.6,99.6,99.6,99.6,99.6,99.6,99.6,99.6,99.6,99.6,99.6,99.6,99.6,99.6,99.6,99.6,99.6,99.6,99.6,99.6,99.6,99.6,99.6,99.6,99.6,99.6,99.6,99.6,99.6,99.6,99.6,99.6,99.6,99.6,99.6,99.6,99.6,99.6,99.6,99.6,99.6,99.6,99.6,99.6,99.6,99.6,99.6,99.6,99.6,99.6,99.6,99.6,99.6,99.6,99.6,99.6,99.6,99.6,99.6,99.6,99.6,99.6,99.6,99.6,99.6,99.6,99.6,99.6,99.6,99.6,99.6,99.6,99.6,99.6,99.6,99.6,99.6,99.6,99.6,99.6,99.6,99.6,99.6,99.6,99.6,99.6,99.6,99.6,99.6,99.6,99.6,99.6,99.6,99.6,99.6,99.6,99.6,99.6,99.6,99.6,99.6,99.6,99.6,99.6,99.6,99.6,99.6,99.6,99.6,99.6,99.6,99.6,99.6,99.6,99.6,99.6,99.6,99.6,99.6,99.6,99.6,99.6,99.6,99.6,99.6,99.6,99.6,99.6,99.6,99.6,99.6,99.6,99.6,99.6,99.6,99.6,99.6,99.6,99.6,99.6,99.6,99.6,99.6,99.6,99.6,99.6,99.6,99.6,99.6,99.6,99.6,99.6,99.6,99.6,99.6,99.6,99.6
1999-04-01,,,,,,,,,,,,,,,,,,,,,,,,,,,,,,,,,,,,,,,,,,,,,,,,,,,,,,,,,,,,,,,,,,,,,,,,,,,,,,,,,,,,,,,,,,,,,,,,,,,,,,,,,,,,,,,,,,,,,,,,,,,,,,,,,,,,,,,,,,,,,,,,,,,,,,,,,,,,,,,,,,,,,,,,,,,,,,,,,,,,,,,,,,,,,,,,,,,,,,
1999-05-01,,,,,,,,,,,,,,,,,,,,,,,,,,,,,,,,,,,,,,,,,,,,,,,,,,,,,,,,,,,,,,,,,,,,,,,,,,,,,,,,,,,,,,,,,,,,,,,,,,,,,,,,,,,,,,,,,,,,,,,,,,,,,,,,,,,,,,,,,,,,,,,,,,,,,,,,,,,,,,,,,,,,,,,,,,,,,,,,,,,,,,,,,,,,,,,,,,,,,,
1999-06-01,97.6,97.6,97.6,97.6,97.6,97.6,97.6,97.6,97.6,97.6,97.6,97.6,97.6,97.6,97.6,97.6,97.6,97.6,97.6,97.6,97.6,97.6,97.6,97.6,97.6,97.6,97.6,97.6,97.6,97.6,97.6,97.6,97.6,97.6,97.6,97.6,97.6,97.6,97.6,97.6,97.6,97.6,97.6,97.6,97.6,97.6,97.6,97.6,97.6,97.6,97.6,97.6,97.6,97.6,97.6,97.6,97.6,97.6,97.6,97.6,97.6,97.6,97.6,97.6,97.6,97.6,97.6,97.6,97.6,97.6,97.6,97.6,97.6,97.6,97.6,97.6,97.6,97.6,97.6,97.6,97.6,97.6,97.6,97.6,97.6,97.6,97.6,97.6,97.6,97.6,97.6,97.6,97.6,97.6,97.6,97.6,97.6,97.6,97.6,97.6,97.6,97.6,97.6,97.6,97.6,97.6,97.6,97.6,97.6,97.6,97.6,97.6,97.6,97.6,97.6,97.6,97.6,97.6,97.6,97.6,97.6,97.6,97.6,97.6,97.6,97.6,97.6,97.6,97.6,97.6,97.6,97.6,97.6,97.6,97.6,97.6,97.6,97.6,97.6,97.6,97.6,97.6,97.6,97.6,97.6,97.6,97.6,97.6,97.6,97.6,97.6,97.6,97.6,97.6,97.6,97.6,97.6,97.6,97.6,97.6,97.6,97.6,97.6,97.6,97.6,97.6,97.6,97.6,97.6,97.6,97.6,97.6,97.6,97.6,97.6,97.6,97.6,97.6,97.6,97.6,97.6,97.6,97.6,97.6,97.6,97.6,97.6,97.6,97.6,97.6,97.6,97.6,97.6,97.6,97.6,97.6,97.6,97.6
1999-07-01,,,,,,,,,,,,,,,,,,,,,,,,,,,,,,,,,,,,,,,,,,,,,,,,,,,,,,,,,,,,,,,,,,,,,,,,,,,,,,,,,,,,,,,,,,,,,,,,,,,,,,,,,,,,,,,,,,,,,,,,,,,,,,,,,,,,,,,,,,,,,,,,,,,,,,,,,,,,,,,,,,,,,,,,,,,,,,,,,,,,,,,,,,,,,,,,,,,,,,
1999-08-01,,,,,,,,,,,,,,,,,,,,,,,,,,,,,,,,,,,,,,,,,,,,,,,,,,,,,,,,,,,,,,,,,,,,,,,,,,,,,,,,,,,,,,,,,,,,,,,,,,,,,,,,,,,,,,,,,,,,,,,,,,,,,,,,,,,,,,,,,,,,,,,,,,,,,,,,,,,,,,,,,,,,,,,,,,,,,,,,,,,,,,,,,,,,,,,,,,,,,,
1999-09-01,99.5,99.5,99.5,99.5,99.5,99.5,99.5,99.5,99.5,99.5,99.5,99.5,99.5,99.5,99.5,99.5,99.5,99.5,99.5,99.5,99.5,99.5,99.5,99.5,99.5,99.5,99.5,99.5,99.5,99.5,99.5,99.5,99.5,99.5,99.5,99.5,99.5,99.5,99.5,99.5,99.5,99.5,99.5,99.5,99.5,99.5,99.5,99.5,99.5,99.5,99.5,99.5,99.5,99.5,99.5,99.5,99.5,99.5,99.5,99.5,99.5,99.5,99.5,99.5,99.5,99.5,99.5,99.5,99.5,99.5,99.5,99.5,99.5,99.5,99.5,99.5,99.5,99.5,99.5,99.5,99.5,99.5,99.5,99.5,99.5,99.5,99.5,99.5,99.5,99.5,99.5,99.5,99.5,99.5,99.5,99.5,99.5,99.5,99.5,99.5,99.5,99.5,99.5,99.5,99.5,99.5,99.5,99.5,99.5,99.5,99.5,99.5,99.5,99.5,99.5,99.5,99.5,99.5,99.5,99.5,99.5,99.5,99.5,99.5,99.5,99.5,99.5,99.5,99.5,99.5,99.5,99.5,99.5,99.5,99.5,99.5,99.5,99.5,99.5,99.5,99.5,99.5,99.5,99.5,99.5,99.5,99.5,99.5,99.5,99.5,99.5,99.5,99.5,99.5,99.5,99.5,99.5,99.5,99.5,99.5,99.5,99.5,99.5,99.5,99.5,99.5,99.5,99.5,99.5,99.5,99.5,99.5,99.5,99.5,99.5,99.5,99.5,99.5,99.5,99.5,99.5,99.5,99.5,99.5,99.5,99.5,99.5,99.5,99.5,99.5,99.5,99.5,99.5,99.5,99.5,99.5,99.5,99.5
1999-10-01,,,,,,,,,,,,,,,,,,,,,,,,,,,,,,,,,,,,,,,,,,,,,,,,,,,,,,,,,,,,,,,,,,,,,,,,,,,,,,,,,,,,,,,,,,,,,,,,,,,,,,,,,,,,,,,,,,,,,,,,,,,,,,,,,,,,,,,,,,,,,,,,,,,,,,,,,,,,,,,,,,,,,,,,,,,,,,,,,,,,,,,,,,,,,,,,,,,,,,
1999-11-01,,,,,,,,,,,,,,,,,,,,,,,,,,,,,,,,,,,,,,,,,,,,,,,,,,,,,,,,,,,,,,,,,,,,,,,,,,,,,,,,,,,,,,,,,,,,,,,,,,,,,,,,,,,,,,,,,,,,,,,,,,,,,,,,,,,,,,,,,,,,,,,,,,,,,,,,,,,,,,,,,,,,,,,,,,,,,,,,,,,,,,,,,,,,,,,,,,,,,,
1999-12-01,102.8,102.8,102.8,102.8,102.8,102.8,102.8,102.8,102.8,102.8,102.8,102.8,102.8,102.8,102.8,102.8,102.8,102.8,102.8,102.8,102.8,102.8,102.8,102.8,102.8,102.8,102.8,102.8,102.8,102.8,102.8,102.8,102.8,102.8,102.8,102.8,102.8,102.8,102.8,102.8,102.8,102.8,102.8,102.8,102.8,102.8,102.8,102.8,102.8,102.8,102.8,102.8,102.8,102.8,102.8,102.8,102.8,102.8,102.8,102.8,102.8,102.8,102.8,102.8,102.8,102.8,102.8,102.8,102.8,102.8,102.8,102.8,102.8,102.8,102.8,102.8,102.8,102.8,102.8,102.8,102.8,102.8,102.8,102.8,102.8,102.8,102.8,102.8,102.8,102.8,102.8,102.8,102.8,102.8,102.8,102.8,102.8,102.8,102.8,102.8,102.8,102.8,102.8,102.8,102.8,102.8,102.8,102.8,102.8,102.8,102.8,102.8,102.8,102.8,102.8,102.8,102.8,102.8,102.8,102.8,102.8,102.8,102.8,102.8,102.8,102.8,102.8,102.8,102.8,102.8,102.8,102.8,102.8,102.8,102.8,102.8,102.8,102.8,102.8,102.8,102.8,102.8,102.8,102.8,102.8,102.8,102.8,102.8,102.8,102.8,102.8,102.8,102.8,102.8,102.8,102.8,102.8,102.8,102.8,102.8,102.8,102.8,102.8,102.8,102.8,102.8,102.8,102.8,102.8,102.8,102.8,102.8,102.8,102.8,102.8,102.8,102.8,102.8,102.8,102.8,102.8,102.8,102.8,102.8,102.8,102.8,102.8,102.8,102.8,102.8,102.8,102.8,102.8,102.8,102.8,102.8,102.8,102.8
2000-01-01,,,,,,,,,,,,,,,,,,,,,,,,,,,,,,,,,,,,,,,,,,,,,,,,,,,,,,,,,,,,,,,,,,,,,,,,,,,,,,,,,,,,,,,,,,,,,,,,,,,,,,,,,,,,,,,,,,,,,,,,,,,,,,,,,,,,,,,,,,,,,,,,,,,,,,,,,,,,,,,,,,,,,,,,,,,,,,,,,,,,,,,,,,,,,,,,,,,,,,
2000-02-01,,,,,,,,,,,,,,,,,,,,,,,,,,,,,,,,,,,,,,,,,,,,,,,,,,,,,,,,,,,,,,,,,,,,,,,,,,,,,,,,,,,,,,,,,,,,,,,,,,,,,,,,,,,,,,,,,,,,,,,,,,,,,,,,,,,,,,,,,,,,,,,,,,,,,,,,,,,,,,,,,,,,,,,,,,,,,,,,,,,,,,,,,,,,,,,,,,,,,,
2000-03-01,100.7,100.7,100.7,100.7,100.7,100.7,100.7,100.7,100.7,100.7,100.7,100.7,100.7,100.7,100.7,100.7,100.7,100.7,100.7,100.7,100.7,100.7,100.7,100.7,100.7,100.7,100.7,100.7,100.7,100.7,100.7,100.7,100.7,100.7,100.7,100.7,100.7,100.7,100.7,100.7,100.7,100.7,100.7,100.7,100.7,100.7,100.7,100.7,100.7,100.7,100.7,100.7,100.7,100.7,100.7,100.7,100.7,100.7,100.7,100.7,100.7,100.7,100.7,100.7,100.7,100.7,100.7,100.7,100.7,100.7,100.7,100.7,100.7,100.7,100.7,100.7,100.7,100.7,100.7,100.7,100.7,100.7,100.7,100.7,100.7,100.7,100.7,100.7,100.7,100.7,100.7,100.7,100.7,100.7,100.7,100.7,100.7,100.7,100.7,100.7,100.7,100.7,100.7,100.7,100.7,100.7,100.7,100.7,100.7,100.7,100.7,100.7,100.7,100.7,100.7,100.7,100.7,100.7,100.7,100.7,100.7,100.7,100.7,100.7,100.7,100.7,100.7,100.7,100.7,100.7,100.7,100.7,100.7,100.7,100.7,100.7,100.7,100.7,100.7,100.7,100.7,100.7,100.7,100.7,100.7,100.7,100.7,100.7,100.7,100.7,100.7,100.7,100.7,100.7,100.7,100.7,100.7,100.7,100.7,100.7,100.7,100.7,100.7,100.7,100.7,100.7,100.7,100.7,100.7,100.7,100.7,100.7,100.7,100.7,100.7,100.7,100.7,100.7,100.7,100.7,100.7,100.7,100.7,100.7,100.7,100.7,100.7,100.7,100.7,100.7,100.7,100.7,100.7,100.7,100.7,100.7,100.7,100.7
2000-04-01,,,,,,,,,,,,,,,,,,,,,,,,,,,,,,,,,,,,,,,,,,,,,,,,,,,,,,,,,,,,,,,,,,,,,,,,,,,,,,,,,,,,,,,,,,,,,,,,,,,,,,,,,,,,,,,,,,,,,,,,,,,,,,,,,,,,,,,,,,,,,,,,,,,,,,,,,,,,,,,,,,,,,,,,,,,,,,,,,,,,,,,,,,,,,,,,,,,,,,
2000-05-01,,,,,,,,,,,,,,,,,,,,,,,,,,,,,,,,,,,,,,,,,,,,,,,,,,,,,,,,,,,,,,,,,,,,,,,,,,,,,,,,,,,,,,,,,,,,,,,,,,,,,,,,,,,,,,,,,,,,,,,,,,,,,,,,,,,,,,,,,,,,,,,,,,,,,,,,,,,,,,,,,,,,,,,,,,,,,,,,,,,,,,,,,,,,,,,,,,,,,,
2000-06-01,100.1,100.1,100.1,100.1,100.1,100.1,100.1,100.1,100.1,100.1,100.1,100.1,100.1,100.1,100.1,100.1,100.1,100.1,100.1,100.1,100.1,100.1,100.1,100.1,100.1,100.1,100.1,100.1,100.1,100.1,100.1,100.1,100.1,100.1,100.1,100.1,100.1,100.1,100.1,100.1,100.1,100.1,100.1,100.1,100.1,100.1,100.1,100.1,100.1,100.1,100.1,100.1,100.1,100.1,100.1,100.1,100.1,100.1,100.1,100.1,100.1,100.1,100.1,100.1,100.1,100.1,100.1,100.1,100.1,100.1,100.1,100.1,100.1,100.1,100.1,100.1,100.1,100.1,100.1,100.1,100.1,100.1,100.1,100.1,100.1,100.1,100.1,100.1,100.1,100.1,100.1,100.1,100.1,100.1,100.1,100.1,100.1,100.1,100.1,100.1,100.1,100.1,100.1,100.1,100.1,100.1,100.1,100.1,100.1,100.1,100.1,100.1,100.1,100.1,100.1,100.1,100.1,100.1,100.1,100.1,100.1,100.1,100.1,100.1,100.1,100.1,100.1,100.1,100.1,100.1,100.1,100.1,100.1,100.1,100.1,100.1,100.1,100.1,100.1,100.1,100.1,100.1,100.1,100.1,100.1,100.1,100.1,100.1,100.1,100.1,100.1,100.1,100.1,100.1,100.1,100.1,100.1,100.1,100.1,100.1,100.1,100.1,100.1,100.1,100.1,100.1,100.1,100.1,100.1,100.1,100.1,100.1,100.1,100.1,100.1,100.1,100.1,100.1,100.1,100.1,100.1,100.1,100.1,100.1,100.1,100.1,100.1,100.1,100.1,100.1,100.1,100.1,100.1,100.1,100.1,100.1,100.1,100.1
2000-07-01,,,,,,,,,,,,,,,,,,,,,,,,,,,,,,,,,,,,,,,,,,,,,,,,,,,,,,,,,,,,,,,,,,,,,,,,,,,,,,,,,,,,,,,,,,,,,,,,,,,,,,,,,,,,,,,,,,,,,,,,,,,,,,,,,,,,,,,,,,,,,,,,,,,,,,,,,,,,,,,,,,,,,,,,,,,,,,,,,,,,,,,,,,,,,,,,,,,,,,
2000-08-01,,,,,,,,,,,,,,,,,,,,,,,,,,,,,,,,,,,,,,,,,,,,,,,,,,,,,,,,,,,,,,,,,,,,,,,,,,,,,,,,,,,,,,,,,,,,,,,,,,,,,,,,,,,,,,,,,,,,,,,,,,,,,,,,,,,,,,,,,,,,,,,,,,,,,,,,,,,,,,,,,,,,,,,,,,,,,,,,,,,,,,,,,,,,,,,,,,,,,,
2000-09-01,100.2,100.2,100.2,100.2,100.2,100.2,100.2,100.2,100.2,100.2,100.2,100.2,100.2,100.2,100.2,100.2,100.2,100.2,100.2,100.2,100.2,100.2,100.2,100.2,100.2,100.2,100.2,100.2,100.2,100.2,100.2,100.2,100.2,100.2,100.2,100.2,100.2,100.2,100.2,100.2,100.2,100.2,100.2,100.2,100.2,100.2,100.2,100.2,100.2,100.2,100.2,100.2,100.2,100.2,100.2,100.2,100.2,100.2,100.2,100.2,100.2,100.2,100.2,100.2,100.2,100.2,100.2,100.2,100.2,100.2,100.2,100.2,100.2,100.2,100.2,100.2,100.2,100.2,100.2,100.2,100.2,100.2,100.2,100.2,100.2,100.2,100.2,100.2,100.2,100.2,100.2,100.2,100.2,100.2,100.2,100.2,100.2,100.2,100.2,100.2,100.2,100.2,100.2,100.2,100.2,100.2,100.2,100.2,100.2,100.2,100.2,100.2,100.2,100.2,100.2,100.2,100.2,100.2,100.2,100.2,100.2,100.2,100.2,100.2,100.2,100.2,100.2,100.2,100.2,100.2,100.2,100.2,100.2,100.2,100.2,100.2,100.2,100.2,100.2,100.2,100.2,100.2,100.2,100.2,100.2,100.2,100.2,100.2,100.2,100.2,100.2,100.2,100.2,100.2,100.2,100.2,100.2,100.2,100.2,100.2,100.2,100.2,100.2,100.2,100.2,100.2,100.2,100.2,100.2,100.2,100.2,100.2,100.2,100.2,100.2,100.2,100.2,100.2,100.2,100.2,100.2,100.2,100.2,100.2,100.2,100.2,100.2,100.2,100.2,100.2,100.2,100.2,100.2,100.2,100.2,100.2,100.2,100.2
2000-10-01,,,,,,,,,,,,,,,,,,,,,,,,,,,,,,,,,,,,,,,,,,,,,,,,,,,,,,,,,,,,,,,,,,,,,,,,,,,,,,,,,,,,,,,,,,,,,,,,,,,,,,,,,,,,,,,,,,,,,,,,,,,,,,,,,,,,,,,,,,,,,,,,,,,,,,,,,,,,,,,,,,,,,,,,,,,,,,,,,,,,,,,,,,,,,,,,,,,,,,
2000-11-01,,,,,,,,,,,,,,,,,,,,,,,,,,,,,,,,,,,,,,,,,,,,,,,,,,,,,,,,,,,,,,,,,,,,,,,,,,,,,,,,,,,,,,,,,,,,,,,,,,,,,,,,,,,,,,,,,,,,,,,,,,,,,,,,,,,,,,,,,,,,,,,,,,,,,,,,,,,,,,,,,,,,,,,,,,,,,,,,,,,,,,,,,,,,,,,,,,,,,,
2000-12-01,99.0,99.0,99.0,99.0,99.0,99.0,99.0,99.0,99.0,99.0,99.0,99.0,99.0,99.0,99.0,99.0,99.0,99.0,99.0,99.0,99.0,99.0,99.0,99.0,99.0,99.0,99.0,99.0,99.0,99.0,99.0,99.0,99.0,99.0,99.0,99.0,99.0,99.0,99.0,99.0,99.0,99.0,99.0,99.0,99.0,99.0,99.0,99.0,99.0,99.0,99.0,99.0,99.0,99.0,99.0,99.0,99.0,99.0,99.0,99.0,99.0,99.0,99.0,99.0,99.0,99.0,99.0,99.0,99.0,99.0,99.0,99.0,99.0,99.0,99.0,99.0,99.0,99.0,99.0,99.0,99.0,99.0,99.0,99.0,99.0,99.0,99.0,99.0,99.0,99.0,99.0,99.0,99.0,99.0,99.0,99.0,99.0,99.0,99.0,99.0,99.0,99.0,99.0,99.0,99.0,99.0,99.0,99.0,99.0,99.0,99.0,99.0,99.0,99.0,99.0,99.0,99.0,99.0,99.0,99.0,99.0,99.0,99.0,99.0,99.0,99.0,99.0,99.0,99.0,99.0,99.0,99.0,99.0,99.0,99.0,99.0,99.0,99.0,99.0,99.0,99.0,99.0,99.0,99.0,99.0,99.0,99.0,99.0,99.0,99.0,99.0,99.0,99.0,99.0,99.0,99.0,99.0,99.0,99.0,99.0,99.0,99.0,99.0,99.0,99.0,99.0,99.0,99.0,99.0,99.0,99.0,99.0,99.0,99.0,99.0,99.0,99.0,99.0,99.0,99.0,99.0,99.0,99.0,99.0,99.0,99.0,99.0,99.0,99.0,99.0,99.0,99.0,99.0,99.0,99.0,99.0,99.0,99.0
2001-01-01,,,,,,,,,,,,,,,,,,,,,,,,,,,,,,,,,,,,,,,,,,,,,,,,,,,,,,,,,,,,,,,,,,,,,,,,,,,,,,,,,,,,,,,,,,,,,,,,,,,,,,,,,,,,,,,,,,,,,,,,,,,,,,,,,,,,,,,,,,,,,,,,,,,,,,,,,,,,,,,,,,,,,,,,,,,,,,,,,,,,,,,,,,,,,,,,,,,,,,
2001-02-01,,,,,,,,,,,,,,,,,,,,,,,,,,,,,,,,,,,,,,,,,,,,,,,,,,,,,,,,,,,,,,,,,,,,,,,,,,,,,,,,,,,,,,,,,,,,,,,,,,,,,,,,,,,,,,,,,,,,,,,,,,,,,,,,,,,,,,,,,,,,,,,,,,,,,,,,,,,,,,,,,,,,,,,,,,,,,,,,,,,,,,,,,,,,,,,,,,,,,,
2001-03-01,97.9,97.9,97.9,97.9,97.9,97.9,97.9,97.9,97.9,97.9,97.9,97.9,97.9,97.9,97.9,97.9,97.9,97.9,97.9,97.9,97.9,97.9,97.9,97.9,97.9,97.9,97.9,97.9,97.9,97.9,97.9,97.9,97.9,97.9,97.9,97.9,97.9,97.9,97.9,97.9,97.9,97.9,97.9,97.9,97.9,97.9,97.9,97.9,97.9,97.9,97.9,97.9,97.9,97.9,97.9,97.9,97.9,97.9,97.9,97.9,97.9,97.9,97.9,97.9,97.9,97.9,97.9,97.9,97.9,97.9,97.9,97.9,97.9,97.9,97.9,97.9,97.9,97.9,97.9,97.9,97.9,97.9,97.9,97.9,97.9,97.9,97.9,97.9,97.9,97.9,97.9,97.9,97.9,97.9,97.9,97.9,97.9,97.9,97.9,97.9,97.9,97.9,97.9,97.9,97.9,97.9,97.9,97.9,97.9,97.9,97.9,97.9,97.9,97.9,97.9,97.9,97.9,97.9,97.9,97.9,97.9,97.9,97.9,97.9,97.9,97.9,97.9,97.9,97.9,97.9,97.9,97.9,97.9,97.9,97.9,97.9,97.9,97.9,97.9,97.9,97.9,97.9,97.9,97.9,97.9,97.9,97.9,97.9,97.9,97.9,97.9,97.9,97.9,97.9,97.9,97.9,97.9,97.9,97.9,97.9,97.9,97.9,97.9,97.9,97.9,97.9,97.9,97.9,97.9,97.9,97.9,97.9,97.9,97.9,97.9,97.9,97.9,97.9,97.9,97.9,97.9,97.9,97.9,97.9,97.9,97.9,97.9,97.9,97.9,97.9,97.9,97.9,97.9,97.9,97.9,97.9,97.9,97.9
2001-04-01,,,,,,,,,,,,,,,,,,,,,,,,,,,,,,,,,,,,,,,,,,,,,,,,,,,,,,,,,,,,,,,,,,,,,,,,,,,,,,,,,,,,,,,,,,,,,,,,,,,,,,,,,,,,,,,,,,,,,,,,,,,,,,,,,,,,,,,,,,,,,,,,,,,,,,,,,,,,,,,,,,,,,,,,,,,,,,,,,,,,,,,,,,,,,,,,,,,,,,
2001-05-01,,,,,,,,,,,,,,,,,,,,,,,,,,,,,,,,,,,,,,,,,,,,,,,,,,,,,,,,,,,,,,,,,,,,,,,,,,,,,,,,,,,,,,,,,,,,,,,,,,,,,,,,,,,,,,,,,,,,,,,,,,,,,,,,,,,,,,,,,,,,,,,,,,,,,,,,,,,,,,,,,,,,,,,,,,,,,,,,,,,,,,,,,,,,,,,,,,,,,,
2001-06-01,95.1,95.1,95.1,95.1,95.1,95.1,95.1,95.1,95.1,95.1,95.1,95.1,95.1,95.1,95.1,95.1,95.1,95.1,95.1,95.1,95.1,95.1,95.1,95.1,95.1,95.1,95.1,95.1,95.1,95.1,95.1,95.1,95.1,95.1,95.1,95.1,95.1,95.1,95.1,95.1,95.1,95.1,95.1,95.1,95.1,95.1,95.1,95.1,95.1,95.1,95.1,95.1,95.1,95.1,95.1,95.1,95.1,95.1,95.1,95.1,95.1,95.1,95.1,95.1,95.1,95.1,95.1,95.1,95.1,95.1,95.1,95.1,95.1,95.1,95.1,95.1,95.1,95.1,95.1,95.1,95.1,95.1,95.1,95.1,95.1,95.1,95.1,95.1,95.1,95.1,95.1,95.1,95.1,95.1,95.1,95.1,95.1,95.1,95.1,95.1,95.1,95.1,95.1,95.1,95.1,95.1,95.1,95.1,95.1,95.1,95.1,95.1,95.1,95.1,95.1,95.1,95.1,95.1,95.1,95.1,95.1,95.1,95.1,95.1,95.1,95.1,95.1,95.1,95.1,95.1,95.1,95.1,95.1,95.1,95.1,95.1,95.1,95.1,95.1,95.1,95.1,95.1,95.1,95.1,95.1,95.1,95.1,95.1,95.1,95.1,95.1,95.1,95.1,95.1,95.1,95.1,95.1,95.1,95.1,95.1,95.1,95.1,95.1,95.1,95.1,95.1,95.1,95.1,95.1,95.1,95.1,95.1,95.1,95.1,95.1,95.1,95.1,95.1,95.1,95.1,95.1,95.1,95.1,95.1,95.1,95.1,95.1,95.1,95.1,95.1,95.1,95.1,95.1,95.1,95.1,95.1,95.1,95.1
2001-07-01,,,,,,,,,,,,,,,,,,,,,,,,,,,,,,,,,,,,,,,,,,,,,,,,,,,,,,,,,,,,,,,,,,,,,,,,,,,,,,,,,,,,,,,,,,,,,,,,,,,,,,,,,,,,,,,,,,,,,,,,,,,,,,,,,,,,,,,,,,,,,,,,,,,,,,,,,,,,,,,,,,,,,,,,,,,,,,,,,,,,,,,,,,,,,,,,,,,,,,
2001-08-01,,,,,,,,,,,,,,,,,,,,,,,,,,,,,,,,,,,,,,,,,,,,,,,,,,,,,,,,,,,,,,,,,,,,,,,,,,,,,,,,,,,,,,,,,,,,,,,,,,,,,,,,,,,,,,,,,,,,,,,,,,,,,,,,,,,,,,,,,,,,,,,,,,,,,,,,,,,,,,,,,,,,,,,,,,,,,,,,,,,,,,,,,,,,,,,,,,,,,,
2001-09-01,94.9,94.9,94.9,94.9,94.9,94.9,94.9,94.9,94.9,94.9,94.9,94.9,94.9,94.9,94.9,94.9,94.9,94.9,94.9,94.9,94.9,94.9,94.9,94.9,94.9,94.9,94.9,94.9,94.9,94.9,94.9,94.9,94.9,94.9,94.9,94.9,94.9,94.9,94.9,94.9,94.9,94.9,94.9,94.9,94.9,94.9,94.9,94.9,94.9,94.9,94.9,94.9,94.9,94.9,94.9,94.9,94.9,94.9,94.9,94.9,94.9,94.9,94.9,94.9,94.9,94.9,94.9,94.9,94.9,94.9,94.9,94.9,94.9,94.9,94.9,94.9,94.9,94.9,94.9,94.9,94.9,94.9,94.9,94.9,94.9,94.9,94.9,94.9,94.9,94.9,94.9,94.9,94.9,94.9,94.9,94.9,94.9,94.9,94.9,94.9,94.9,94.9,94.9,94.9,94.9,94.9,94.9,94.9,94.9,94.9,94.9,94.9,94.9,94.9,94.9,94.9,94.9,94.9,94.9,94.9,94.9,94.9,94.9,94.9,94.9,94.9,94.9,94.9,94.9,94.9,94.9,94.9,94.9,94.9,94.9,94.9,94.9,94.9,94.9,94.9,94.9,94.9,94.9,94.9,94.9,94.9,94.9,94.9,94.9,94.9,94.9,94.9,94.9,94.9,94.9,94.9,94.9,94.9,94.9,94.9,94.9,94.9,94.9,94.9,94.9,94.9,94.9,94.9,94.9,94.9,94.9,94.9,94.9,94.9,94.9,94.9,94.9,94.9,94.9,94.9,94.9,94.9,94.9,94.9,94.9,94.9,94.9,94.9,94.9,94.9,94.9,94.9,94.9,94.9,94.9,94.9,94.9,94.9
2001-10-01,,,,,,,,,,,,,,,,,,,,,,,,,,,,,,,,,,,,,,,,,,,,,,,,,,,,,,,,,,,,,,,,,,,,,,,,,,,,,,,,,,,,,,,,,,,,,,,,,,,,,,,,,,,,,,,,,,,,,,,,,,,,,,,,,,,,,,,,,,,,,,,,,,,,,,,,,,,,,,,,,,,,,,,,,,,,,,,,,,,,,,,,,,,,,,,,,,,,,,
2001-11-01,,,,,,,,,,,,,,,,,,,,,,,,,,,,,,,,,,,,,,,,,,,,,,,,,,,,,,,,,,,,,,,,,,,,,,,,,,,,,,,,,,,,,,,,,,,,,,,,,,,,,,,,,,,,,,,,,,,,,,,,,,,,,,,,,,,,,,,,,,,,,,,,,,,,,,,,,,,,,,,,,,,,,,,,,,,,,,,,,,,,,,,,,,,,,,,,,,,,,,
2001-12-01,95.1,95.1,95.1,95.1,95.1,95.1,95.1,95.1,95.1,95.1,95.1,95.1,95.1,95.1,95.1,95.1,95.1,95.1,95.1,95.1,95.1,95.1,95.1,95.1,95.1,95.1,95.1,95.1,95.1,95.1,95.1,95.1,95.1,95.1,95.1,95.1,95.1,95.1,95.1,95.1,95.1,95.1,95.1,95.1,95.1,95.1,95.1,95.1,95.1,95.1,95.1,95.1,95.1,95.1,95.1,95.1,95.1,95.1,95.1,95.1,95.1,95.1,95.1,95.1,95.1,95.1,95.1,95.1,95.1,95.1,95.1,95.1,95.1,95.1,95.1,95.1,95.1,95.1,95.1,95.1,95.1,95.1,95.1,95.1,95.1,95.1,95.1,95.1,95.1,95.1,95.1,95.1,95.1,95.1,95.1,95.1,95.1,95.1,95.1,95.1,95.1,95.1,95.1,95.1,95.1,95.1,95.1,95.1,95.1,95.1,95.1,95.1,95.1,95.1,95.1,95.1,95.1,95.1,95.1,95.1,95.1,95.1,95.1,95.1,95.1,95.1,95.1,95.1,95.1,95.1,95.1,95.1,95.1,95.1,95.1,95.1,95.1,95.1,95.1,95.1,95.1,95.1,95.1,95.1,95.1,95.1,95.1,95.1,95.1,95.1,95.1,95.1,95.1,95.1,95.1,95.1,95.1,95.1,95.1,95.1,95.1,95.1,95.1,95.1,95.1,95.1,95.1,95.1,95.1,95.1,95.1,95.1,95.1,95.1,95.1,95.1,95.1,95.1,95.1,95.1,95.1,95.1,95.1,95.1,95.1,95.1,95.1,95.1,95.1,95.1,95.1,95.1,95.1,95.1,95.1,95.1,95.1,95.1
2002-01-01,,,,,,,,,,,,,,,,,,,,,,,,,,,,,,,,,,,,,,,,,,,,,,,,,,,,,,,,,,,,,,,,,,,,,,,,,,,,,,,,,,,,,,,,,,,,,,,,,,,,,,,,,,,,,,,,,,,,,,,,,,,,,,,,,,,,,,,,,,,,,,,,,,,,,,,,,,,,,,,,,,,,,,,,,,,,,,,,,,,,,,,,,,,,,,,,,,,,,,
2002-02-01,,,,,,,,,,,,,,,,,,,,,,,,,,,,,,,,,,,,,,,,,,,,,,,,,,,,,,,,,,,,,,,,,,,,,,,,,,,,,,,,,,,,,,,,,,,,,,,,,,,,,,,,,,,,,,,,,,,,,,,,,,,,,,,,,,,,,,,,,,,,,,,,,,,,,,,,,,,,,,,,,,,,,,,,,,,,,,,,,,,,,,,,,,,,,,,,,,,,,,
2002-03-01,93.9,93.9,93.9,93.9,93.9,93.9,93.9,93.9,93.9,93.9,93.9,93.9,93.9,93.9,93.9,93.9,93.9,93.9,93.9,93.9,93.9,93.9,93.9,93.9,93.9,93.9,93.9,93.9,93.9,93.9,93.9,93.9,93.9,93.9,93.9,93.9,93.9,93.9,93.9,93.9,93.9,93.9,93.9,93.9,93.9,93.9,93.9,93.9,93.9,93.9,93.9,93.9,93.9,93.9,93.9,93.9,93.9,93.9,93.9,93.9,93.9,93.9,93.9,93.9,93.9,93.9,93.9,93.9,93.9,93.9,93.9,93.9,93.9,93.9,93.9,93.9,93.9,93.9,93.9,93.9,93.9,93.9,93.9,93.9,93.9,93.9,93.9,93.9,93.9,93.9,93.9,93.9,93.9,93.9,93.9,93.9,93.9,93.9,93.9,93.9,93.9,93.9,93.9,93.9,93.9,93.9,93.9,93.9,93.9,93.9,93.9,93.9,93.9,93.9,93.9,93.9,93.9,93.9,93.9,93.9,93.9,93.9,93.9,93.9,93.9,93.9,93.9,93.9,93.9,93.9,93.9,93.9,93.9,93.9,93.9,93.9,93.9,93.9,93.9,93.9,93.9,93.9,93.9,93.9,93.9,93.9,93.9,93.9,93.9,93.9,93.9,93.9,93.9,93.9,93.9,93.9,93.9,93.9,93.9,93.9,93.9,93.9,93.9,93.9,93.9,93.9,93.9,93.9,93.9,93.9,93.9,93.9,93.9,93.9,93.9,93.9,93.9,93.9,93.9,93.9,93.9,93.9,93.9,93.9,93.9,93.9,93.9,93.9,93.9,93.9,93.9,93.9,93.9,93.9,93.9,93.9,93.9,93.9
2002-04-01,,,,,,,,,,,,,,,,,,,,,,,,,,,,,,,,,,,,,,,,,,,,,,,,,,,,,,,,,,,,,,,,,,,,,,,,,,,,,,,,,,,,,,,,,,,,,,,,,,,,,,,,,,,,,,,,,,,,,,,,,,,,,,,,,,,,,,,,,,,,,,,,,,,,,,,,,,,,,,,,,,,,,,,,,,,,,,,,,,,,,,,,,,,,,,,,,,,,,,
2002-05-01,,,,,,,,,,,,,,,,,,,,,,,,,,,,,,,,,,,,,,,,,,,,,,,,,,,,,,,,,,,,,,,,,,,,,,,,,,,,,,,,,,,,,,,,,,,,,,,,,,,,,,,,,,,,,,,,,,,,,,,,,,,,,,,,,,,,,,,,,,,,,,,,,,,,,,,,,,,,,,,,,,,,,,,,,,,,,,,,,,,,,,,,,,,,,,,,,,,,,,
2002-06-01,98.3,98.3,98.3,98.3,98.3,98.3,98.3,98.3,98.3,98.3,98.3,98.3,98.3,98.3,98.3,98.3,98.3,98.3,98.3,98.3,98.3,98.3,98.3,98.3,98.3,98.3,98.3,98.3,98.3,98.3,98.3,98.3,98.3,98.3,98.3,98.3,98.3,98.3,98.3,98.3,98.3,98.3,98.3,98.3,98.3,98.3,98.3,98.3,98.3,98.3,98.3,98.3,98.3,98.3,98.3,98.3,98.3,98.3,98.3,98.3,98.3,98.3,98.3,98.3,98.3,98.3,98.3,98.3,98.3,98.3,98.3,98.3,98.3,98.3,98.3,98.3,98.3,98.3,98.3,98.3,98.3,98.3,98.3,98.3,98.3,98.3,98.3,98.3,98.3,98.3,98.3,98.3,98.3,98.3,98.3,98.3,98.3,98.3,98.3,98.3,98.3,98.3,98.3,98.3,98.3,98.3,98.3,98.3,98.3,98.3,98.3,98.3,98.3,98.3,98.3,98.3,98.3,98.3,98.3,98.3,98.3,98.3,98.3,98.3,98.3,98.3,98.3,98.3,98.3,98.3,98.3,98.3,98.3,98.3,98.3,98.3,98.3,98.3,98.3,98.3,98.3,98.3,98.3,98.3,98.3,98.3,98.3,98.3,98.3,98.3,98.3,98.3,98.3,98.3,98.3,98.3,98.3,98.3,98.3,98.3,98.3,98.3,98.3,98.3,98.3,98.3,98.3,98.3,98.3,98.3,98.3,98.3,98.3,98.3,98.3,98.3,98.3,98.3,98.3,98.3,98.3,98.3,98.3,98.3,98.3,98.3,98.3,98.3,98.3,98.3,98.3,98.3,98.3,98.3,98.3,98.3,98.3,98.3
2002-07-01,,,,,,,,,,,,,,,,,,,,,,,,,,,,,,,,,,,,,,,,,,,,,,,,,,,,,,,,,,,,,,,,,,,,,,,,,,,,,,,,,,,,,,,,,,,,,,,,,,,,,,,,,,,,,,,,,,,,,,,,,,,,,,,,,,,,,,,,,,,,,,,,,,,,,,,,,,,,,,,,,,,,,,,,,,,,,,,,,,,,,,,,,,,,,,,,,,,,,,
2002-08-01,,,,,,,,,,,,,,,,,,,,,,,,,,,,,,,,,,,,,,,,,,,,,,,,,,,,,,,,,,,,,,,,,,,,,,,,,,,,,,,,,,,,,,,,,,,,,,,,,,,,,,,,,,,,,,,,,,,,,,,,,,,,,,,,,,,,,,,,,,,,,,,,,,,,,,,,,,,,,,,,,,,,,,,,,,,,,,,,,,,,,,,,,,,,,,,,,,,,,,
2002-09-01,100.3,100.3,100.3,100.3,100.3,100.3,100.3,100.3,100.3,100.3,100.3,100.3,100.3,100.3,100.3,100.3,100.3,100.3,100.3,100.3,100.3,100.3,100.3,100.3,100.3,100.3,100.3,100.3,100.3,100.3,100.3,100.3,100.3,100.3,100.3,100.3,100.3,100.3,100.3,100.3,100.3,100.3,100.3,100.3,100.3,100.3,100.3,100.3,100.3,100.3,100.3,100.3,100.3,100.3,100.3,100.3,100.3,100.3,100.3,100.3,100.3,100.3,100.3,100.3,100.3,100.3,100.3,100.3,100.3,100.3,100.3,100.3,100.3,100.3,100.3,100.3,100.3,100.3,100.3,100.3,100.3,100.3,100.3,100.3,100.3,100.3,100.3,100.3,100.3,100.3,100.3,100.3,100.3,100.3,100.3,100.3,100.3,100.3,100.3,100.3,100.3,100.3,100.3,100.3,100.3,100.3,100.3,100.3,100.3,100.3,100.3,100.3,100.3,100.3,100.3,100.3,100.3,100.3,100.3,100.3,100.3,100.3,100.3,100.3,100.3,100.3,100.3,100.3,100.3,100.3,100.3,100.3,100.3,100.3,100.3,100.3,100.3,100.3,100.3,100.3,100.3,100.3,100.3,100.3,100.3,100.3,100.3,100.3,100.3,100.3,100.3,100.3,100.3,100.3,100.3,100.3,100.3,100.3,100.3,100.3,100.3,100.3,100.3,100.3,100.3,100.3,100.3,100.3,100.3,100.3,100.3,100.3,100.3,100.3,100.3,100.3,100.3,100.3,100.3,100.3,100.3,100.3,100.3,100.3,100.3,100.3,100.3,100.3,100.3,100.3,100.3,100.3,100.3,100.3,100.3,100.3,100.3,100.3
2002-10-01,,,,,,,,,,,,,,,,,,,,,,,,,,,,,,,,,,,,,,,,,,,,,,,,,,,,,,,,,,,,,,,,,,,,,,,,,,,,,,,,,,,,,,,,,,,,,,,,,,,,,,,,,,,,,,,,,,,,,,,,,,,,,,,,,,,,,,,,,,,,,,,,,,,,,,,,,,,,,,,,,,,,,,,,,,,,,,,,,,,,,,,,,,,,,,,,,,,,,,
2002-11-01,,,,,,,,,,,,,,,,,,,,,,,,,,,,,,,,,,,,,,,,,,,,,,,,,,,,,,,,,,,,,,,,,,,,,,,,,,,,,,,,,,,,,,,,,,,,,,,,,,,,,,,,,,,,,,,,,,,,,,,,,,,,,,,,,,,,,,,,,,,,,,,,,,,,,,,,,,,,,,,,,,,,,,,,,,,,,,,,,,,,,,,,,,,,,,,,,,,,,,
2002-12-01,105.9,105.9,105.9,105.9,105.9,105.9,105.9,105.9,105.9,105.9,105.9,105.9,105.9,105.9,105.9,105.9,105.9,105.9,105.9,105.9,105.9,105.9,105.9,105.9,105.9,105.9,105.9,105.9,105.9,105.9,105.9,105.9,105.9,105.9,105.9,105.9,105.9,105.9,105.9,105.9,105.9,105.9,105.9,105.9,105.9,105.9,105.9,105.9,105.9,105.9,105.9,105.9,105.9,105.9,105.9,105.9,105.9,105.9,105.9,105.9,105.9,105.9,105.9,105.9,105.9,105.9,105.9,105.9,105.9,105.9,105.9,105.9,105.9,105.9,105.9,105.9,105.9,105.9,105.9,105.9,105.9,105.9,105.9,105.9,105.9,105.9,105.9,105.9,105.9,105.9,105.9,105.9,105.9,105.9,105.9,105.9,105.9,105.9,105.9,105.9,105.9,105.9,105.9,105.9,105.9,105.9,105.9,105.9,105.9,105.9,105.9,105.9,105.9,105.9,105.9,105.9,105.9,105.9,105.9,105.9,105.9,105.9,105.9,105.9,105.9,105.9,105.9,105.9,105.9,105.9,105.9,105.9,105.9,105.9,105.9,105.9,105.9,105.9,105.9,105.9,105.9,105.9,105.9,105.9,105.9,105.9,105.9,105.9,105.9,105.9,105.9,105.9,105.9,105.9,105.9,105.9,105.9,105.9,105.9,105.9,105.9,105.9,105.9,105.9,105.9,105.9,105.9,105.9,105.9,105.9,105.9,105.9,105.9,105.9,105.9,105.9,105.9,105.9,105.9,105.9,105.9,105.9,105.9,105.9,105.9,105.9,105.9,105.9,105.9,105.9,105.9,105.9,105.9,105.9,105.9,105.9,105.9,105.9
2003-01-01,,,,,,,,,,,,,,,,,,,,,,,,,,,,,,,,,,,,,,,,,,,,,,,,,,,,,,,,,,,,,,,,,,,,,,,,,,,,,,,,,,,,,,,,,,,,,,,,,,,,,,,,,,,,,,,,,,,,,,,,,,,,,,,,,,,,,,,,,,,,,,,,,,,,,,,,,,,,,,,,,,,,,,,,,,,,,,,,,,,,,,,,,,,,,,,,,,,,,,
2003-02-01,,,,,,,,,,,,,,,,,,,,,,,,,,,,,,,,,,,,,,,,,,,,,,,,,,,,,,,,,,,,,,,,,,,,,,,,,,,,,,,,,,,,,,,,,,,,,,,,,,,,,,,,,,,,,,,,,,,,,,,,,,,,,,,,,,,,,,,,,,,,,,,,,,,,,,,,,,,,,,,,,,,,,,,,,,,,,,,,,,,,,,,,,,,,,,,,,,,,,,
2003-03-01,108.8,108.8,108.8,108.8,108.8,108.8,108.8,108.8,108.8,108.8,108.8,108.8,108.8,108.8,108.8,108.8,108.8,108.8,108.8,108.8,108.8,108.8,108.8,108.8,108.8,108.8,108.8,108.8,108.8,108.8,108.8,108.8,108.8,108.8,108.8,108.8,108.8,108.8,108.8,108.8,108.8,108.8,108.8,108.8,108.8,108.8,108.8,108.8,108.8,108.8,108.8,108.8,108.8,108.8,108.8,108.8,108.8,108.8,108.8,108.8,108.8,108.8,108.8,108.8,108.8,108.8,108.8,108.8,108.8,108.8,108.8,108.8,108.8,108.8,108.8,108.8,108.8,108.8,108.8,108.8,108.8,108.8,108.8,108.8,108.8,108.8,108.8,108.8,108.8,108.8,108.8,108.8,108.8,108.8,108.8,108.8,108.8,108.8,108.8,108.8,108.8,108.8,108.8,108.8,108.8,108.8,108.8,108.8,108.8,108.8,108.8,108.8,108.8,108.8,108.8,108.8,108.8,108.8,108.8,108.8,108.8,108.8,108.8,108.8,108.8,108.8,108.8,108.8,108.8,108.8,108.8,108.8,108.8,108.8,108.8,108.8,108.8,108.8,108.8,108.8,108.8,108.8,108.8,108.8,108.8,108.8,108.8,108.8,108.8,108.8,108.8,108.8,108.8,108.8,108.8,108.8,108.8,108.8,108.8,108.8,108.8,108.8,108.8,108.8,108.8,108.8,108.8,108.8,108.8,108.8,108.8,108.8,108.8,108.8,108.8,108.8,108.8,108.8,108.8,108.8,108.8,108.8,108.8,108.8,108.8,108.8,108.8,108.8,108.8,108.8,108.8,108.8,108.8,108.8,108.8,108.8,108.8,108.8
2003-04-01,,,,,,,,,,,,,,,,,,,,,,,,,,,,,,,,,,,,,,,,,,,,,,,,,,,,,,,,,,,,,,,,,,,,,,,,,,,,,,,,,,,,,,,,,,,,,,,,,,,,,,,,,,,,,,,,,,,,,,,,,,,,,,,,,,,,,,,,,,,,,,,,,,,,,,,,,,,,,,,,,,,,,,,,,,,,,,,,,,,,,,,,,,,,,,,,,,,,,,
2003-05-01,,,,,,,,,,,,,,,,,,,,,,,,,,,,,,,,,,,,,,,,,,,,,,,,,,,,,,,,,,,,,,,,,,,,,,,,,,,,,,,,,,,,,,,,,,,,,,,,,,,,,,,,,,,,,,,,,,,,,,,,,,,,,,,,,,,,,,,,,,,,,,,,,,,,,,,,,,,,,,,,,,,,,,,,,,,,,,,,,,,,,,,,,,,,,,,,,,,,,,
2003-06-01,109.4,109.4,109.4,109.4,109.4,109.4,109.4,109.4,109.4,109.4,109.4,109.4,109.4,109.4,109.4,109.4,109.4,109.4,109.4,109.4,109.4,109.4,109.4,109.4,109.4,109.4,109.4,109.4,109.4,109.4,109.4,109.4,109.4,109.4,109.4,109.4,109.4,109.4,109.4,109.4,109.4,109.4,109.4,109.4,109.4,109.4,109.4,109.4,109.4,109.4,109.4,109.4,109.4,109.4,109.4,109.4,109.4,109.4,109.4,109.4,109.4,109.4,109.4,109.4,109.4,109.4,109.4,109.4,109.4,109.4,109.4,109.4,109.4,109.4,109.4,109.4,109.4,109.4,109.4,109.4,109.4,109.4,109.4,109.4,109.4,109.4,109.4,109.4,109.4,109.4,109.4,109.4,109.4,109.4,109.4,109.4,109.4,109.4,109.4,109.4,109.4,109.4,109.4,109.4,109.4,109.4,109.4,109.4,109.4,109.4,109.4,109.4,109.4,109.4,109.4,109.4,109.4,109.4,109.4,109.4,109.4,109.4,109.4,109.4,109.4,109.4,109.4,109.4,109.4,109.4,109.4,109.4,109.4,109.4,109.4,109.4,109.4,109.4,109.4,109.4,109.4,109.4,109.4,109.4,109.4,109.4,109.4,109.4,109.4,109.4,109.4,109.4,109.4,109.4,109.4,109.4,109.4,109.4,109.4,109.4,109.4,109.4,109.4,109.4,109.4,109.4,109.4,109.4,109.4,109.4,109.4,109.4,109.4,109.4,109.4,109.4,109.4,109.4,109.4,109.4,109.4,109.4,109.4,109.4,109.4,109.4,109.4,109.4,109.4,109.4,109.4,109.4,109.4,109.4,109.4,109.4,109.4,109.4
2003-07-01,,,,,,,,,,,,,,,,,,,,,,,,,,,,,,,,,,,,,,,,,,,,,,,,,,,,,,,,,,,,,,,,,,,,,,,,,,,,,,,,,,,,,,,,,,,,,,,,,,,,,,,,,,,,,,,,,,,,,,,,,,,,,,,,,,,,,,,,,,,,,,,,,,,,,,,,,,,,,,,,,,,,,,,,,,,,,,,,,,,,,,,,,,,,,,,,,,,,,,
2003-08-01,,,,,,,,,,,,,,,,,,,,,,,,,,,,,,,,,,,,,,,,,,,,,,,,,,,,,,,,,,,,,,,,,,,,,,,,,,,,,,,,,,,,,,,,,,,,,,,,,,,,,,,,,,,,,,,,,,,,,,,,,,,,,,,,,,,,,,,,,,,,,,,,,,,,,,,,,,,,,,,,,,,,,,,,,,,,,,,,,,,,,,,,,,,,,,,,,,,,,,
2003-09-01,112.5,112.5,112.5,112.5,112.5,112.5,112.5,112.5,112.5,112.5,112.5,112.5,112.5,112.5,112.5,112.5,112.5,112.5,112.5,112.5,112.5,112.5,112.5,112.5,112.5,112.5,112.5,112.5,112.5,112.5,112.5,112.5,112.5,112.5,112.5,112.5,112.5,112.5,112.5,112.5,112.5,112.5,112.5,112.5,112.5,112.5,112.5,112.5,112.5,112.5,112.5,112.5,112.5,112.5,112.5,112.5,112.5,112.5,112.5,112.5,112.5,112.5,112.5,112.5,112.5,112.5,112.5,112.5,112.5,112.5,112.5,112.5,112.5,112.5,112.5,112.5,112.5,112.5,112.5,112.5,112.5,112.5,112.5,112.5,112.5,112.5,112.5,112.5,112.5,112.5,112.5,112.5,112.5,112.5,112.5,112.5,112.5,112.5,112.5,112.5,112.5,112.5,112.5,112.5,112.5,112.5,112.5,112.5,112.5,112.5,112.5,112.5,112.5,112.5,112.5,112.5,112.5,112.5,112.5,112.5,112.5,112.5,112.5,112.5,112.5,112.5,112.5,112.5,112.5,112.5,112.5,112.5,112.5,112.5,112.5,112.5,112.5,112.5,112.5,112.5,112.5,112.5,112.5,112.5,112.5,112.5,112.5,112.5,112.5,112.5,112.5,112.5,112.5,112.5,112.5,112.5,112.5,112.5,112.5,112.5,112.5,112.5,112.5,112.5,112.5,112.5,112.5,112.5,112.5,112.5,112.5,112.5,112.5,112.5,112.5,112.5,112.5,112.5,112.5,112.5,112.5,112.5,112.5,112.5,112.5,112.5,112.5,112.5,112.5,112.5,112.5,112.5,112.5,112.5,112.5,112.5,112.5,112.5
2003-10-01,,,,,,,,,,,,,,,,,,,,,,,,,,,,,,,,,,,,,,,,,,,,,,,,,,,,,,,,,,,,,,,,,,,,,,,,,,,,,,,,,,,,,,,,,,,,,,,,,,,,,,,,,,,,,,,,,,,,,,,,,,,,,,,,,,,,,,,,,,,,,,,,,,,,,,,,,,,,,,,,,,,,,,,,,,,,,,,,,,,,,,,,,,,,,,,,,,,,,,
2003-11-01,,,,,,,,,,,,,,,,,,,,,,,,,,,,,,,,,,,,,,,,,,,,,,,,,,,,,,,,,,,,,,,,,,,,,,,,,,,,,,,,,,,,,,,,,,,,,,,,,,,,,,,,,,,,,,,,,,,,,,,,,,,,,,,,,,,,,,,,,,,,,,,,,,,,,,,,,,,,,,,,,,,,,,,,,,,,,,,,,,,,,,,,,,,,,,,,,,,,,,
2003-12-01,112.9,112.9,112.9,112.9,112.9,112.9,112.9,112.9,112.9,112.9,112.9,112.9,112.9,112.9,112.9,112.9,112.9,112.9,112.9,112.9,112.9,112.9,112.9,112.9,112.9,112.9,112.9,112.9,112.9,112.9,112.9,112.9,112.9,112.9,112.9,112.9,112.9,112.9,112.9,112.9,112.9,112.9,112.9,112.9,112.9,112.9,112.9,112.9,112.9,112.9,112.9,112.9,112.9,112.9,112.9,112.9,112.9,112.9,112.9,112.9,112.9,112.9,112.9,112.9,112.9,112.9,112.9,112.9,112.9,112.9,112.9,112.9,112.9,112.9,112.9,112.9,112.9,112.9,112.9,112.9,112.9,112.9,112.9,112.9,112.9,112.9,112.9,112.9,112.9,112.9,112.9,112.9,112.9,112.9,112.9,112.9,112.9,112.9,112.9,112.9,112.9,112.9,112.9,112.9,112.9,112.9,112.9,112.9,112.9,112.9,112.9,112.9,112.9,112.9,112.9,112.9,112.9,112.9,112.9,112.9,112.9,112.9,112.9,112.9,112.9,112.9,112.9,112.9,112.9,112.9,112.9,112.9,112.9,112.9,112.9,112.9,112.9,112.9,112.9,112.9,112.9,112.9,112.9,112.9,112.9,112.9,112.9,112.9,112.9,112.9,112.9,112.9,112.9,112.9,112.9,112.9,112.9,112.9,112.9,112.9,112.9,112.9,112.9,112.9,112.9,112.9,112.9,112.9,112.9,112.9,112.9,112.9,112.9,112.9,112.9,112.9,112.9,112.9,112.9,112.9,112.9,112.9,112.9,112.9,112.9,112.9,112.9,112.9,112.9,112.9,112.9,112.9,112.9,112.9,112.9,112.9,112.9,112.9
2004-01-01,,,,,,,,,,,,,,,,,,,,,,,,,,,,,,,,,,,,,,,,,,,,,,,,,,,,,,,,,,,,,,,,,,,,,,,,,,,,,,,,,,,,,,,,,,,,,,,,,,,,,,,,,,,,,,,,,,,,,,,,,,,,,,,,,,,,,,,,,,,,,,,,,,,,,,,,,,,,,,,,,,,,,,,,,,,,,,,,,,,,,,,,,,,,,,,,,,,,,,
2004-02-01,,,,,,,,,,,,,,,,,,,,,,,,,,,,,,,,,,,,,,,,,,,,,,,,,,,,,,,,,,,,,,,,,,,,,,,,,,,,,,,,,,,,,,,,,,,,,,,,,,,,,,,,,,,,,,,,,,,,,,,,,,,,,,,,,,,,,,,,,,,,,,,,,,,,,,,,,,,,,,,,,,,,,,,,,,,,,,,,,,,,,,,,,,,,,,,,,,,,,,
2004-03-01,116.2,116.2,116.2,116.2,116.2,116.2,116.2,116.2,116.2,116.2,116.2,116.2,116.2,116.2,116.2,116.2,116.2,116.2,116.2,116.2,116.2,116.2,116.2,116.2,116.2,116.2,116.2,116.2,116.2,116.2,116.2,116.2,116.2,116.2,116.2,116.2,116.2,116.2,116.2,116.2,116.2,116.2,116.2,116.2,116.2,116.2,116.2,116.2,116.2,116.2,116.2,116.2,116.2,116.2,116.2,116.2,116.2,116.2,116.2,116.2,116.2,116.2,116.2,116.2,116.2,116.2,116.2,116.2,116.2,116.2,116.2,116.2,116.2,116.2,116.2,116.2,116.2,116.2,116.2,116.2,116.2,116.2,116.2,116.2,116.2,116.2,116.2,116.2,116.2,116.2,116.2,116.2,116.2,116.2,116.2,116.2,116.2,116.2,116.2,116.2,116.2,116.2,116.2,116.2,116.2,116.2,116.2,116.2,116.2,116.2,116.2,116.2,116.2,116.2,116.2,116.2,116.2,116.2,116.2,116.2,116.2,116.2,116.2,116.2,116.2,116.2,116.2,116.2,116.2,116.2,116.2,116.2,116.2,116.2,116.2,116.2,116.2,116.2,116.2,116.2,116.2,116.2,116.2,116.2,116.2,116.2,116.2,116.2,116.2,116.2,116.2,116.2,116.2,116.2,116.2,116.2,116.2,116.2,116.2,116.2,116.2,116.2,116.2,116.2,116.2,116.2,116.2,116.2,116.2,116.2,116.2,116.2,116.2,116.2,116.2,116.2,116.2,116.2,116.2,116.2,116.2,116.2,116.2,116.2,116.2,116.2,116.2,116.2,116.2,116.2,116.2,116.2,116.2,116.2,116.2,116.2,116.2,116.2
2004-04-01,,,,,,,,,,,,,,,,,,,,,,,,,,,,,,,,,,,,,,,,,,,,,,,,,,,,,,,,,,,,,,,,,,,,,,,,,,,,,,,,,,,,,,,,,,,,,,,,,,,,,,,,,,,,,,,,,,,,,,,,,,,,,,,,,,,,,,,,,,,,,,,,,,,,,,,,,,,,,,,,,,,,,,,,,,,,,,,,,,,,,,,,,,,,,,,,,,,,,,
2004-05-01,,,,,,,,,,,,,,,,,,,,,,,,,,,,,,,,,,,,,,,,,,,,,,,,,,,,,,,,,,,,,,,,,,,,,,,,,,,,,,,,,,,,,,,,,,,,,,,,,,,,,,,,,,,,,,,,,,,,,,,,,,,,,,,,,,,,,,,,,,,,,,,,,,,,,,,,,,,,,,,,,,,,,,,,,,,,,,,,,,,,,,,,,,,,,,,,,,,,,,
2004-06-01,116.6,116.6,116.6,116.6,116.6,116.6,116.6,116.6,116.6,116.6,116.6,116.6,116.6,116.6,116.6,116.6,116.6,116.6,116.6,116.6,116.6,116.6,116.6,116.6,116.6,116.6,116.6,116.6,116.6,116.6,116.6,116.6,116.6,116.6,116.6,116.6,116.6,116.6,116.6,116.6,116.6,116.6,116.6,116.6,116.6,116.6,116.6,116.6,116.6,116.6,116.6,116.6,116.6,116.6,116.6,116.6,116.6,116.6,116.6,116.6,116.6,116.6,116.6,116.6,116.6,116.6,116.6,116.6,116.6,116.6,116.6,116.6,116.6,116.6,116.6,116.6,116.6,116.6,116.6,116.6,116.6,116.6,116.6,116.6,116.6,116.6,116.6,116.6,116.6,116.6,116.6,116.6,116.6,116.6,116.6,116.6,116.6,116.6,116.6,116.6,116.6,116.6,116.6,116.6,116.6,116.6,116.6,116.6,116.6,116.6,116.6,116.6,116.6,116.6,116.6,116.6,116.6,116.6,116.6,116.6,116.6,116.6,116.6,116.6,116.6,116.6,116.6,116.6,116.6,116.6,116.6,116.6,116.6,116.6,116.6,116.6,116.6,116.6,116.6,116.6,116.6,116.6,116.6,116.6,116.6,116.6,116.6,116.6,116.6,116.6,116.6,116.6,116.6,116.6,116.6,116.6,116.6,116.6,116.6,116.6,116.6,116.6,116.6,116.6,116.6,116.6,116.6,116.6,116.6,116.6,116.6,116.6,116.6,116.6,116.6,116.6,116.6,116.6,116.6,116.6,116.6,116.6,116.6,116.6,116.6,116.6,116.6,116.6,116.6,116.6,116.6,116.6,116.6,116.6,116.6,116.6,116.6,116.6
2004-07-01,,,,,,,,,,,,,,,,,,,,,,,,,,,,,,,,,,,,,,,,,,,,,,,,,,,,,,,,,,,,,,,,,,,,,,,,,,,,,,,,,,,,,,,,,,,,,,,,,,,,,,,,,,,,,,,,,,,,,,,,,,,,,,,,,,,,,,,,,,,,,,,,,,,,,,,,,,,,,,,,,,,,,,,,,,,,,,,,,,,,,,,,,,,,,,,,,,,,,,
2004-08-01,,,,,,,,,,,,,,,,,,,,,,,,,,,,,,,,,,,,,,,,,,,,,,,,,,,,,,,,,,,,,,,,,,,,,,,,,,,,,,,,,,,,,,,,,,,,,,,,,,,,,,,,,,,,,,,,,,,,,,,,,,,,,,,,,,,,,,,,,,,,,,,,,,,,,,,,,,,,,,,,,,,,,,,,,,,,,,,,,,,,,,,,,,,,,,,,,,,,,,
2004-09-01,118.7,118.7,118.7,118.7,118.7,118.7,118.7,118.7,118.7,118.7,118.7,118.7,118.7,118.7,118.7,118.7,118.7,118.7,118.7,118.7,118.7,118.7,118.7,118.7,118.7,118.7,118.7,118.7,118.7,118.7,118.7,118.7,118.7,118.7,118.7,118.7,118.7,118.7,118.7,118.7,118.7,118.7,118.7,118.7,118.7,118.7,118.7,118.7,118.7,118.7,118.7,118.7,118.7,118.7,118.7,118.7,118.7,118.7,118.7,118.7,118.7,118.7,118.7,118.7,118.7,118.7,118.7,118.7,118.7,118.7,118.7,118.7,118.7,118.7,118.7,118.7,118.7,118.7,118.7,118.7,118.7,118.7,118.7,118.7,118.7,118.7,118.7,118.7,118.7,118.7,118.7,118.7,118.7,118.7,118.7,118.7,118.7,118.7,118.7,118.7,118.7,118.7,118.7,118.7,118.7,118.7,118.7,118.7,118.7,118.7,118.7,118.7,118.7,118.7,118.7,118.7,118.7,118.7,118.7,118.7,118.7,118.7,118.7,118.7,118.7,118.7,118.7,118.7,118.7,118.7,118.7,118.7,118.7,118.7,118.7,118.7,118.7,118.7,118.7,118.7,118.7,118.7,118.7,118.7,118.7,118.7,118.7,118.7,118.7,118.7,118.7,118.7,118.7,118.7,118.7,118.7,118.7,118.7,118.7,118.7,118.7,118.7,118.7,118.7,118.7,118.7,118.7,118.7,118.7,118.7,118.7,118.7,118.7,118.7,118.7,118.7,118.7,118.7,118.7,118.7,118.7,118.7,118.7,118.7,118.7,118.7,118.7,118.7,118.7,118.7,118.7,118.7,118.7,118.7,118.7,118.7,118.7,118.7
2004-10-01,,,,,,,,,,,,,,,,,,,,,,,,,,,,,,,,,,,,,,,,,,,,,,,,,,,,,,,,,,,,,,,,,,,,,,,,,,,,,,,,,,,,,,,,,,,,,,,,,,,,,,,,,,,,,,,,,,,,,,,,,,,,,,,,,,,,,,,,,,,,,,,,,,,,,,,,,,,,,,,,,,,,,,,,,,,,,,,,,,,,,,,,,,,,,,,,,,,,,,
2004-11-01,,,,,,,,,,,,,,,,,,,,,,,,,,,,,,,,,,,,,,,,,,,,,,,,,,,,,,,,,,,,,,,,,,,,,,,,,,,,,,,,,,,,,,,,,,,,,,,,,,,,,,,,,,,,,,,,,,,,,,,,,,,,,,,,,,,,,,,,,,,,,,,,,,,,,,,,,,,,,,,,,,,,,,,,,,,,,,,,,,,,,,,,,,,,,,,,,,,,,,
2004-12-01,125.1,125.1,125.1,125.1,125.1,125.1,125.1,125.1,125.1,125.1,125.1,125.1,125.1,125.1,125.1,125.1,125.1,125.1,125.1,125.1,125.1,125.1,125.1,125.1,125.1,125.1,125.1,125.1,125.1,125.1,125.1,125.1,125.1,125.1,125.1,125.1,125.1,125.1,125.1,125.1,125.1,125.1,125.1,125.1,125.1,125.1,125.1,125.1,125.1,125.1,125.1,125.1,125.1,125.1,125.1,125.1,125.1,125.1,125.1,125.1,125.1,125.1,125.1,125.1,125.1,125.1,125.1,125.1,125.1,125.1,125.1,125.1,125.1,125.1,125.1,125.1,125.1,125.1,125.1,125.1,125.1,125.1,125.1,125.1,125.1,125.1,125.1,125.1,125.1,125.1,125.1,125.1,125.1,125.1,125.1,125.1,125.1,125.1,125.1,125.1,125.1,125.1,125.1,125.1,125.1,125.1,125.1,125.1,125.1,125.1,125.1,125.1,125.1,125.1,125.1,125.1,125.1,125.1,125.1,125.1,125.1,125.1,125.1,125.1,125.1,125.1,125.1,125.1,125.1,125.1,125.1,125.1,125.1,125.1,125.1,125.1,125.1,125.1,125.1,125.1,125.1,125.1,125.1,125.1,125.1,125.1,125.1,125.1,125.1,125.1,125.1,125.1,125.1,125.1,125.1,125.1,125.1,125.1,125.1,125.1,125.1,125.1,125.1,125.1,125.1,125.1,125.1,125.1,125.1,125.1,125.1,125.1,125.1,125.1,125.1,125.1,125.1,125.1,125.1,125.1,125.1,125.1,125.1,125.1,125.1,125.1,125.1,125.1,125.1,125.1,125.1,125.1,125.1,125.1,125.1,125.1,125.1,125.1
2005-01-01,,,,,,,,,,,,,,,,,,,,,,,,,,,,,,,,,,,,,,,,,,,,,,,,,,,,,,,,,,,,,,,,,,,,,,,,,,,,,,,,,,,,,,,,,,,,,,,,,,,,,,,,,,,,,,,,,,,,,,,,,,,,,,,,,,,,,,,,,,,,,,,,,,,,,,,,,,,,,,,,,,,,,,,,,,,,,,,,,,,,,,,,,,,,,,,,,,,,,,
2005-02-01,,,,,,,,,,,,,,,,,,,,,,,,,,,,,,,,,,,,,,,,,,,,,,,,,,,,,,,,,,,,,,,,,,,,,,,,,,,,,,,,,,,,,,,,,,,,,,,,,,,,,,,,,,,,,,,,,,,,,,,,,,,,,,,,,,,,,,,,,,,,,,,,,,,,,,,,,,,,,,,,,,,,,,,,,,,,,,,,,,,,,,,,,,,,,,,,,,,,,,
2005-03-01,126.3,126.3,126.3,126.3,126.3,126.3,126.3,126.3,126.3,126.3,126.3,126.3,126.3,126.3,126.3,126.3,126.3,126.3,126.3,126.3,126.3,126.3,126.3,126.3,126.3,126.3,126.3,126.3,126.3,126.3,126.3,126.3,126.3,126.3,126.3,126.3,126.3,126.3,126.3,126.3,126.3,126.3,126.3,126.3,126.3,126.3,126.3,126.3,126.3,126.3,126.3,126.3,126.3,126.3,126.3,126.3,126.3,126.3,126.3,126.3,126.3,126.3,126.3,126.3,126.3,126.3,126.3,126.3,126.3,126.3,126.3,126.3,126.3,126.3,126.3,126.3,126.3,126.3,126.3,126.3,126.3,126.3,126.3,126.3,126.3,126.3,126.3,126.3,126.3,126.3,126.3,126.3,126.3,126.3,126.3,126.3,126.3,126.3,126.3,126.3,126.3,126.3,126.3,126.3,126.3,126.3,126.3,126.3,126.3,126.3,126.3,126.3,126.3,126.3,126.3,126.3,126.3,126.3,126.3,126.3,126.3,126.3,126.3,126.3,126.3,126.3,126.3,126.3,126.3,126.3,126.3,126.3,126.3,126.3,126.3,126.3,126.3,126.3,126.3,126.3,126.3,126.3,126.3,126.3,126.3,126.3,126.3,126.3,126.3,126.3,126.3,126.3,126.3,126.3,126.3,126.3,126.3,126.3,126.3,126.3,126.3,126.3,126.3,126.3,126.3,126.3,126.3,126.3,126.3,126.3,126.3,126.3,126.3,126.3,126.3,126.3,126.3,126.3,126.3,126.3,126.3,126.3,126.3,126.3,126.3,126.3,126.3,126.3,126.3,126.3,126.3,126.3,126.3,126.3,126.3,126.3,126.3,126.3
2005-04-01,,,,,,,,,,,,,,,,,,,,,,,,,,,,,,,,,,,,,,,,,,,,,,,,,,,,,,,,,,,,,,,,,,,,,,,,,,,,,,,,,,,,,,,,,,,,,,,,,,,,,,,,,,,,,,,,,,,,,,,,,,,,,,,,,,,,,,,,,,,,,,,,,,,,,,,,,,,,,,,,,,,,,,,,,,,,,,,,,,,,,,,,,,,,,,,,,,,,,,
2005-05-01,,,,,,,,,,,,,,,,,,,,,,,,,,,,,,,,,,,,,,,,,,,,,,,,,,,,,,,,,,,,,,,,,,,,,,,,,,,,,,,,,,,,,,,,,,,,,,,,,,,,,,,,,,,,,,,,,,,,,,,,,,,,,,,,,,,,,,,,,,,,,,,,,,,,,,,,,,,,,,,,,,,,,,,,,,,,,,,,,,,,,,,,,,,,,,,,,,,,,,
2005-06-01,125.6,125.6,125.6,125.6,125.6,125.6,125.6,125.6,125.6,125.6,125.6,125.6,125.6,125.6,125.6,125.6,125.6,125.6,125.6,125.6,125.6,125.6,125.6,125.6,125.6,125.6,125.6,125.6,125.6,125.6,125.6,125.6,125.6,125.6,125.6,125.6,125.6,125.6,125.6,125.6,125.6,125.6,125.6,125.6,125.6,125.6,125.6,125.6,125.6,125.6,125.6,125.6,125.6,125.6,125.6,125.6,125.6,125.6,125.6,125.6,125.6,125.6,125.6,125.6,125.6,125.6,125.6,125.6,125.6,125.6,125.6,125.6,125.6,125.6,125.6,125.6,125.6,125.6,125.6,125.6,125.6,125.6,125.6,125.6,125.6,125.6,125.6,125.6,125.6,125.6,125.6,125.6,125.6,125.6,125.6,125.6,125.6,125.6,125.6,125.6,125.6,125.6,125.6,125.6,125.6,125.6,125.6,125.6,125.6,125.6,125.6,125.6,125.6,125.6,125.6,125.6,125.6,125.6,125.6,125.6,125.6,125.6,125.6,125.6,125.6,125.6,125.6,125.6,125.6,125.6,125.6,125.6,125.6,125.6,125.6,125.6,125.6,125.6,125.6,125.6,125.6,125.6,125.6,125.6,125.6,125.6,125.6,125.6,125.6,125.6,125.6,125.6,125.6,125.6,125.6,125.6,125.6,125.6,125.6,125.6,125.6,125.6,125.6,125.6,125.6,125.6,125.6,125.6,125.6,125.6,125.6,125.6,125.6,125.6,125.6,125.6,125.6,125.6,125.6,125.6,125.6,125.6,125.6,125.6,125.6,125.6,125.6,125.6,125.6,125.6,125.6,125.6,125.6,125.6,125.6,125.6,125.6,125.6
2005-07-01,,,,,,,,,,,,,,,,,,,,,,,,,,,,,,,,,,,,,,,,,,,,,,,,,,,,,,,,,,,,,,,,,,,,,,,,,,,,,,,,,,,,,,,,,,,,,,,,,,,,,,,,,,,,,,,,,,,,,,,,,,,,,,,,,,,,,,,,,,,,,,,,,,,,,,,,,,,,,,,,,,,,,,,,,,,,,,,,,,,,,,,,,,,,,,,,,,,,,,
2005-08-01,,,,,,,,,,,,,,,,,,,,,,,,,,,,,,,,,,,,,,,,,,,,,,,,,,,,,,,,,,,,,,,,,,,,,,,,,,,,,,,,,,,,,,,,,,,,,,,,,,,,,,,,,,,,,,,,,,,,,,,,,,,,,,,,,,,,,,,,,,,,,,,,,,,,,,,,,,,,,,,,,,,,,,,,,,,,,,,,,,,,,,,,,,,,,,,,,,,,,,
2005-09-01,127.5,127.5,127.5,127.5,127.5,127.5,127.5,127.5,127.5,127.5,127.5,127.5,127.5,127.5,127.5,127.5,127.5,127.5,127.5,127.5,127.5,127.5,127.5,127.5,127.5,127.5,127.5,127.5,127.5,127.5,127.5,127.5,127.5,127.5,127.5,127.5,127.5,127.5,127.5,127.5,127.5,127.5,127.5,127.5,127.5,127.5,127.5,127.5,127.5,127.5,127.5,127.5,127.5,127.5,127.5,127.5,127.5,127.5,127.5,127.5,127.5,127.5,127.5,127.5,127.5,127.5,127.5,127.5,127.5,127.5,127.5,127.5,127.5,127.5,127.5,127.5,127.5,127.5,127.5,127.5,127.5,127.5,127.5,127.5,127.5,127.5,127.5,127.5,127.5,127.5,127.5,127.5,127.5,127.5,127.5,127.5,127.5,127.5,127.5,127.5,127.5,127.5,127.5,127.5,127.5,127.5,127.5,127.5,127.5,127.5,127.5,127.5,127.5,127.5,127.5,127.5,127.5,127.5,127.5,127.5,127.5,127.5,127.5,127.5,127.5,127.5,127.5,127.5,127.5,127.5,127.5,127.5,127.5,127.5,127.5,127.5,127.5,127.5,127.5,127.5,127.5,127.5,127.5,127.5,127.5,127.5,127.5,127.5,127.5,127.5,127.5,127.5,127.5,127.5,127.5,127.5,127.5,127.5,127.5,127.5,127.5,127.5,127.5,127.5,127.5,127.5,127.5,127.5,127.5,127.5,127.5,127.5,127.5,127.5,127.5,127.5,127.5,127.5,127.5,127.5,127.5,127.5,127.5,127.5,127.5,127.5,127.5,127.5,127.5,127.5,127.5,127.5,127.5,127.5,127.5,127.5,127.5,127.5
2005-10-01,,,,,,,,,,,,,,,,,,,,,,,,,,,,,,,,,,,,,,,,,,,,,,,,,,,,,,,,,,,,,,,,,,,,,,,,,,,,,,,,,,,,,,,,,,,,,,,,,,,,,,,,,,,,,,,,,,,,,,,,,,,,,,,,,,,,,,,,,,,,,,,,,,,,,,,,,,,,,,,,,,,,,,,,,,,,,,,,,,,,,,,,,,,,,,,,,,,,,,
2005-11-01,,,,,,,,,,,,,,,,,,,,,,,,,,,,,,,,,,,,,,,,,,,,,,,,,,,,,,,,,,,,,,,,,,,,,,,,,,,,,,,,,,,,,,,,,,,,,,,,,,,,,,,,,,,,,,,,,,,,,,,,,,,,,,,,,,,,,,,,,,,,,,,,,,,,,,,,,,,,,,,,,,,,,,,,,,,,,,,,,,,,,,,,,,,,,,,,,,,,,,
2005-12-01,124.6,124.6,124.6,124.6,124.6,124.6,124.6,124.6,124.6,124.6,124.6,124.6,124.6,124.6,124.6,124.6,124.6,124.6,124.6,124.6,124.6,124.6,124.6,124.6,124.6,124.6,124.6,124.6,124.6,124.6,124.6,124.6,124.6,124.6,124.6,124.6,124.6,124.6,124.6,124.6,124.6,124.6,124.6,124.6,124.6,124.6,124.6,124.6,124.6,124.6,124.6,124.6,124.6,124.6,124.6,124.6,124.6,124.6,124.6,124.6,124.6,124.6,124.6,124.6,124.6,124.6,124.6,124.6,124.6,124.6,124.6,124.6,124.6,124.6,124.6,124.6,124.6,124.6,124.6,124.6,124.6,124.6,124.6,124.6,124.6,124.6,124.6,124.6,124.6,124.6,124.6,124.6,124.6,124.6,124.6,124.6,124.6,124.6,124.6,124.6,124.6,124.6,124.6,124.6,124.6,124.6,124.6,124.6,124.6,124.6,124.6,124.6,124.6,124.6,124.6,124.6,124.6,124.6,124.6,124.6,124.6,124.6,124.6,124.6,124.6,124.6,124.6,124.6,124.6,124.6,124.6,124.6,124.6,124.6,124.6,124.6,124.6,124.6,124.6,124.6,124.6,124.6,124.6,124.6,124.6,124.6,124.6,124.6,124.6,124.6,124.6,124.6,124.6,124.6,124.6,124.6,124.6,124.6,124.6,124.6,124.6,124.6,124.6,124.6,124.6,124.6,124.6,124.6,124.6,124.6,124.6,124.6,124.6,124.6,124.6,124.6,124.6,124.6,124.6,124.6,124.6,124.6,124.6,124.6,124.6,124.6,124.6,124.6,124.6,124.6,124.6,124.6,124.6,124.6,124.6,124.6,124.6,124.6
2006-01-01,123.2,123.2,123.2,123.2,123.2,123.2,123.2,123.2,123.2,123.2,123.2,123.2,123.2,123.2,123.2,123.2,123.2,123.2,123.2,123.2,123.2,123.2,123.2,123.2,123.2,123.2,123.2,123.2,123.2,123.2,123.2,123.2,123.2,123.2,123.2,123.2,123.2,123.2,123.2,123.2,123.2,123.2,123.2,123.2,123.2,123.2,123.2,123.2,123.2,123.2,123.2,123.2,123.2,123.2,123.2,123.2,123.2,123.2,123.2,123.2,123.2,123.2,123.2,123.2,123.2,123.2,123.2,123.2,123.2,123.2,123.2,123.2,123.2,123.2,123.2,123.2,123.2,123.2,123.2,123.2,123.2,123.2,123.2,123.2,123.2,123.2,123.2,123.2,123.2,123.2,123.2,123.2,123.2,123.2,123.2,123.2,123.2,123.2,123.2,123.2,123.2,123.2,123.2,123.2,123.2,123.2,123.2,123.2,123.2,123.2,123.2,123.2,123.2,123.2,123.2,123.2,123.2,123.2,123.2,123.2,123.2,123.2,123.2,123.2,123.2,123.2,123.2,123.2,123.2,123.2,123.2,123.2,123.2,123.2,123.2,123.2,123.2,123.2,123.2,123.2,123.2,123.2,123.2,123.2,123.2,123.2,123.2,123.2,123.2,123.2,123.2,123.2,123.2,123.2,123.2,123.2,123.2,123.2,123.2,123.2,123.2,123.2,123.2,123.2,123.2,123.2,123.2,123.2,123.2,123.2,123.2,123.2,123.2,123.2,123.2,123.2,123.2,123.2,123.2,123.2,123.2,123.2,123.2,123.2,123.2,123.2,123.2,123.2,123.2,123.2,123.2,123.2,123.2,123.2,123.2,123.2,123.2,123.2
2006-02-01,124.8,124.8,124.8,124.8,124.8,124.8,124.8,124.8,124.8,124.8,124.8,124.8,124.8,124.8,124.8,124.8,124.8,124.8,124.8,124.8,124.8,124.8,124.8,124.8,124.8,124.8,124.8,124.8,124.8,124.8,124.8,124.8,124.8,124.8,124.8,124.8,124.8,124.8,124.8,124.8,124.8,124.8,124.8,124.8,124.8,124.8,124.8,124.8,124.8,124.8,124.8,124.8,124.8,124.8,124.8,124.8,124.8,124.8,124.8,124.8,124.8,124.8,124.8,124.8,124.8,124.8,124.8,124.8,124.8,124.8,124.8,124.8,124.8,124.8,124.8,124.8,124.8,124.8,124.8,124.8,124.8,124.8,124.8,124.8,124.8,124.8,124.8,124.8,124.8,124.8,124.8,124.8,124.8,124.8,124.8,124.8,124.8,124.8,124.8,124.8,124.8,124.8,124.8,124.8,124.8,124.8,124.8,124.8,124.8,124.8,124.8,124.8,124.8,124.8,124.8,124.8,124.8,124.8,124.8,124.8,124.8,124.8,124.8,124.8,124.8,124.8,124.8,124.8,124.8,124.8,124.8,124.8,124.8,124.8,124.8,124.8,124.8,124.8,124.8,124.8,124.8,124.8,124.8,124.8,124.8,124.8,124.8,124.8,124.8,124.8,124.8,124.8,124.8,124.8,124.8,124.8,124.8,124.8,124.8,124.8,124.8,124.8,124.8,124.8,124.8,124.8,124.8,124.8,124.8,124.8,124.8,124.8,124.8,124.8,124.8,124.8,124.8,124.8,124.8,124.8,124.8,124.8,124.8,124.8,124.8,124.8,124.8,124.8,124.8,124.8,124.8,124.8,124.8,124.8,124.8,124.8,124.8,124.8
2006-03-01,124.6,124.6,124.6,124.6,124.6,124.6,124.6,124.6,124.6,124.6,124.6,124.6,124.6,124.6,124.6,124.6,124.6,124.6,124.6,124.6,124.6,124.6,124.6,124.6,124.6,124.6,124.6,124.6,124.6,124.6,124.6,124.6,124.6,124.6,124.6,124.6,124.6,124.6,124.6,124.6,124.6,124.6,124.6,124.6,124.6,124.6,124.6,124.6,124.6,124.6,124.6,124.6,124.6,124.6,124.6,124.6,124.6,124.6,124.6,124.6,124.6,124.6,124.6,124.6,124.6,124.6,124.6,124.6,124.6,124.6,124.6,124.6,124.6,124.6,124.6,124.6,124.6,124.6,124.6,124.6,124.6,124.6,124.6,124.6,124.6,124.6,124.6,124.6,124.6,124.6,124.6,124.6,124.6,124.6,124.6,124.6,124.6,124.6,124.6,124.6,124.6,124.6,124.6,124.6,124.6,124.6,124.6,124.6,124.6,124.6,124.6,124.6,124.6,124.6,124.6,124.6,124.6,124.6,124.6,124.6,124.6,124.6,124.6,124.6,124.6,124.6,124.6,124.6,124.6,124.6,124.6,124.6,124.6,124.6,124.6,124.6,124.6,124.6,124.6,124.6,124.6,124.6,124.6,124.6,124.6,124.6,124.6,124.6,124.6,124.6,124.6,124.6,124.6,124.6,124.6,124.6,124.6,124.6,124.6,124.6,124.6,124.6,124.6,124.6,124.6,124.6,124.6,124.6,124.6,124.6,124.6,124.6,124.6,124.6,124.6,124.6,124.6,124.6,124.6,124.6,124.6,124.6,124.6,124.6,124.6,124.6,124.6,124.6,124.6,124.6,124.6,124.6,124.6,124.6,124.6,124.6,124.6,124.6
2006-04-01,124.6,124.6,124.6,124.6,124.6,124.6,124.6,124.6,124.6,124.6,124.6,124.6,124.6,124.6,124.6,124.6,124.6,124.6,124.6,124.6,124.6,124.6,124.6,124.6,124.6,124.6,124.6,124.6,124.6,124.6,124.6,124.6,124.6,124.6,124.6,124.6,124.6,124.6,124.6,124.6,124.6,124.6,124.6,124.6,124.6,124.6,124.6,124.6,124.6,124.6,124.6,124.6,124.6,124.6,124.6,124.6,124.6,124.6,124.6,124.6,124.6,124.6,124.6,124.6,124.6,124.6,124.6,124.6,124.6,124.6,124.6,124.6,124.6,124.6,124.6,124.6,124.6,124.6,124.6,124.6,124.6,124.6,124.6,124.6,124.6,124.6,124.6,124.6,124.6,124.6,124.6,124.6,124.6,124.6,124.6,124.6,124.6,124.6,124.6,124.6,124.6,124.6,124.6,124.6,124.6,124.6,124.6,124.6,124.6,124.6,124.6,124.6,124.6,124.6,124.6,124.6,124.6,124.6,124.6,124.6,124.6,124.6,124.6,124.6,124.6,124.6,124.6,124.6,124.6,124.6,124.6,124.6,124.6,124.6,124.6,124.6,124.6,124.6,124.6,124.6,124.6,124.6,124.6,124.6,124.6,124.6,124.6,124.6,124.6,124.6,124.6,124.6,124.6,124.6,124.6,124.6,124.6,124.6,124.6,124.6,124.6,124.6,124.6,124.6,124.6,124.6,124.6,124.6,124.6,124.6,124.6,124.6,124.6,124.6,124.6,124.6,124.6,124.6,124.6,124.6,124.6,124.6,124.6,124.6,124.6,124.6,124.6,124.6,124.6,124.6,124.6,124.6,124.6,124.6,124.6,124.6,124.6,124.6
2006-05-01,127.0,127.0,127.0,127.0,127.0,127.0,127.0,127.0,127.0,127.0,127.0,127.0,127.0,127.0,127.0,127.0,127.0,127.0,127.0,127.0,127.0,127.0,127.0,127.0,127.0,127.0,127.0,127.0,127.0,127.0,127.0,127.0,127.0,127.0,127.0,127.0,127.0,127.0,127.0,127.0,127.0,127.0,127.0,127.0,127.0,127.0,127.0,127.0,127.0,127.0,127.0,127.0,127.0,127.0,127.0,127.0,127.0,127.0,127.0,127.0,127.0,127.0,127.0,127.0,127.0,127.0,127.0,127.0,127.0,127.0,127.0,127.0,127.0,127.0,127.0,127.0,127.0,127.0,127.0,127.0,127.0,127.0,127.0,127.0,127.0,127.0,127.0,127.0,127.0,127.0,127.0,127.0,127.0,127.0,127.0,127.0,127.0,127.0,127.0,127.0,127.0,127.0,127.0,127.0,127.0,127.0,127.0,127.0,127.0,127.0,127.0,127.0,127.0,127.0,127.0,127.0,127.0,127.0,127.0,127.0,127.0,127.0,127.0,127.0,127.0,127.0,127.0,127.0,127.0,127.0,127.0,127.0,127.0,127.0,127.0,127.0,127.0,127.0,127.0,127.0,127.0,127.0,127.0,127.0,127.0,127.0,127.0,127.0,127.0,127.0,127.0,127.0,127.0,127.0,127.0,127.0,127.0,127.0,127.0,127.0,127.0,127.0,127.0,127.0,127.0,127.0,127.0,127.0,127.0,127.0,127.0,127.0,127.0,127.0,127.0,127.0,127.0,127.0,127.0,127.0,127.0,127.0,127.0,127.0,127.0,127.0,127.0,127.0,127.0,127.0,127.0,127.0,127.0,127.0,127.0,127.0,127.0,127.0
2006-06-01,129.2,129.2,129.2,129.2,129.2,129.2,129.2,129.2,129.2,129.2,129.2,129.2,129.2,129.2,129.2,129.2,129.2,129.2,129.2,129.2,129.2,129.2,129.2,129.2,129.2,129.2,129.2,129.2,129.2,129.2,129.2,129.2,129.2,129.2,129.2,129.2,129.2,129.2,129.2,129.2,129.2,129.2,129.2,129.2,129.2,129.2,129.2,129.2,129.2,129.2,129.2,129.2,129.2,129.2,129.2,129.2,129.2,129.2,129.2,129.2,129.2,129.2,129.2,129.2,129.2,129.2,129.2,129.2,129.2,129.2,129.2,129.2,129.2,129.2,129.2,129.2,129.2,129.2,129.2,129.2,129.2,129.2,129.2,129.2,129.2,129.2,129.2,129.2,129.2,129.2,129.2,129.2,129.2,129.2,129.2,129.2,129.2,129.2,129.2,129.2,129.2,129.2,129.2,129.2,129.2,129.2,129.2,129.2,129.2,129.2,129.2,129.2,129.2,129.2,129.2,129.2,129.2,129.2,129.2,129.2,129.2,129.2,129.2,129.2,129.2,129.2,129.2,129.2,129.2,129.2,129.2,129.2,129.2,129.2,129.2,129.2,129.2,129.2,129.2,129.2,129.2,129.2,129.2,129.2,129.2,129.2,129.2,129.2,129.2,129.2,129.2,129.2,129.2,129.2,129.2,129.2,129.2,129.2,129.2,129.2,129.2,129.2,129.2,129.2,129.2,129.2,129.2,129.2,129.2,129.2,129.2,129.2,129.2,129.2,129.2,129.2,129.2,129.2,129.2,129.2,129.2,129.2,129.2,129.2,129.2,129.2,129.2,129.2,129.2,129.2,129.2,129.2,129.2,129.2,129.2,129.2,129.2,129.2
2006-07-01,128.1,128.1,128.1,128.1,128.1,128.1,128.1,128.1,128.1,128.1,128.1,128.1,128.1,128.1,128.1,128.1,128.1,128.1,128.1,128.1,128.1,128.1,128.1,128.1,128.1,128.1,128.1,128.1,128.1,128.1,128.1,128.1,128.1,128.1,128.1,128.1,128.1,128.1,128.1,128.1,128.1,128.1,128.1,128.1,128.1,128.1,128.1,128.1,128.1,128.1,128.1,128.1,128.1,128.1,128.1,128.1,128.1,128.1,128.1,128.1,128.1,128.1,128.1,128.1,128.1,128.1,128.1,128.1,128.1,128.1,128.1,128.1,128.1,128.1,128.1,128.1,128.1,128.1,128.1,128.1,128.1,128.1,128.1,128.1,128.1,128.1,128.1,128.1,128.1,128.1,128.1,128.1,128.1,128.1,128.1,128.1,128.1,128.1,128.1,128.1,128.1,128.1,128.1,128.1,128.1,128.1,128.1,128.1,128.1,128.1,128.1,128.1,128.1,128.1,128.1,128.1,128.1,128.1,128.1,128.1,128.1,128.1,128.1,128.1,128.1,128.1,128.1,128.1,128.1,128.1,128.1,128.1,128.1,128.1,128.1,128.1,128.1,128.1,128.1,128.1,128.1,128.1,128.1,128.1,128.1,128.1,128.1,128.1,128.1,128.1,128.1,128.1,128.1,128.1,128.1,128.1,128.1,128.1,128.1,128.1,128.1,128.1,128.1,128.1,128.1,128.1,128.1,128.1,128.1,128.1,128.1,128.1,128.1,128.1,128.1,128.1,128.1,128.1,128.1,128.1,128.1,128.1,128.1,128.1,128.1,128.1,128.1,128.1,128.1,128.1,128.1,128.1,128.1,128.1,128.1,128.1,128.1,128.1
2006-08-01,128.3,128.3,128.3,128.3,128.3,128.3,128.3,128.3,128.3,128.3,128.3,128.3,128.3,128.3,128.3,128.3,128.3,128.3,128.3,128.3,128.3,128.3,128.3,128.3,128.3,128.3,128.3,128.3,128.3,128.3,128.3,128.3,128.3,128.3,128.3,128.3,128.3,128.3,128.3,128.3,128.3,128.3,128.3,128.3,128.3,128.3,128.3,128.3,128.3,128.3,128.3,128.3,128.3,128.3,128.3,128.3,128.3,128.3,128.3,128.3,128.3,128.3,128.3,128.3,128.3,128.3,128.3,128.3,128.3,128.3,128.3,128.3,128.3,128.3,128.3,128.3,128.3,128.3,128.3,128.3,128.3,128.3,128.3,128.3,128.3,128.3,128.3,128.3,128.3,128.3,128.3,128.3,128.3,128.3,128.3,128.3,128.3,128.3,128.3,128.3,128.3,128.3,128.3,128.3,128.3,128.3,128.3,128.3,128.3,128.3,128.3,128.3,128.3,128.3,128.3,128.3,128.3,128.3,128.3,128.3,128.3,128.3,128.3,128.3,128.3,128.3,128.3,128.3,128.3,128.3,128.3,128.3,128.3,128.3,128.3,128.3,128.3,128.3,128.3,128.3,128.3,128.3,128.3,128.3,128.3,128.3,128.3,128.3,128.3,128.3,128.3,128.3,128.3,128.3,128.3,128.3,128.3,128.3,128.3,128.3,128.3,128.3,128.3,128.3,128.3,128.3,128.3,128.3,128.3,128.3,128.3,128.3,128.3,128.3,128.3,128.3,128.3,128.3,128.3,128.3,128.3,128.3,128.3,128.3,128.3,128.3,128.3,128.3,128.3,128.3,128.3,128.3,128.3,128.3,128.3,128.3,128.3,128.3
2006-09-01,128.9,128.9,128.9,128.9,128.9,128.9,128.9,128.9,128.9,128.9,128.9,128.9,128.9,128.9,128.9,128.9,128.9,128.9,128.9,128.9,128.9,128.9,128.9,128.9,128.9,128.9,128.9,128.9,128.9,128.9,128.9,128.9,128.9,128.9,128.9,128.9,128.9,128.9,128.9,128.9,128.9,128.9,128.9,128.9,128.9,128.9,128.9,128.9,128.9,128.9,128.9,128.9,128.9,128.9,128.9,128.9,128.9,128.9,128.9,128.9,128.9,128.9,128.9,128.9,128.9,128.9,128.9,128.9,128.9,128.9,128.9,128.9,128.9,128.9,128.9,128.9,128.9,128.9,128.9,128.9,128.9,128.9,128.9,128.9,128.9,128.9,128.9,128.9,128.9,128.9,128.9,128.9,128.9,128.9,128.9,128.9,128.9,128.9,128.9,128.9,128.9,128.9,128.9,128.9,128.9,128.9,128.9,128.9,128.9,128.9,128.9,128.9,128.9,128.9,128.9,128.9,128.9,128.9,128.9,128.9,128.9,128.9,128.9,128.9,128.9,128.9,128.9,128.9,128.9,128.9,128.9,128.9,128.9,128.9,128.9,128.9,128.9,128.9,128.9,128.9,128.9,128.9,128.9,128.9,128.9,128.9,128.9,128.9,128.9,128.9,128.9,128.9,128.9,128.9,128.9,128.9,128.9,128.9,128.9,128.9,128.9,128.9,128.9,128.9,128.9,128.9,128.9,128.9,128.9,128.9,128.9,128.9,128.9,128.9,128.9,128.9,128.9,128.9,128.9,128.9,128.9,128.9,128.9,128.9,128.9,128.9,128.9,128.9,128.9,128.9,128.9,128.9,128.9,128.9,128.9,128.9,128.9,128.9
2006-10-01,128.0,128.0,128.0,128.0,128.0,128.0,128.0,128.0,128.0,128.0,128.0,128.0,128.0,128.0,128.0,128.0,128.0,128.0,128.0,128.0,128.0,128.0,128.0,128.0,128.0,128.0,128.0,128.0,128.0,128.0,128.0,128.0,128.0,128.0,128.0,128.0,128.0,128.0,128.0,128.0,128.0,128.0,128.0,128.0,128.0,128.0,128.0,128.0,128.0,128.0,128.0,128.0,128.0,128.0,128.0,128.0,128.0,128.0,128.0,128.0,128.0,128.0,128.0,128.0,128.0,128.0,128.0,128.0,128.0,128.0,128.0,128.0,128.0,128.0,128.0,128.0,128.0,128.0,128.0,128.0,128.0,128.0,128.0,128.0,128.0,128.0,128.0,128.0,128.0,128.0,128.0,128.0,128.0,128.0,128.0,128.0,128.0,128.0,128.0,128.0,128.0,128.0,128.0,128.0,128.0,128.0,128.0,128.0,128.0,128.0,128.0,128.0,128.0,128.0,128.0,128.0,128.0,128.0,128.0,128.0,128.0,128.0,128.0,128.0,128.0,128.0,128.0,128.0,128.0,128.0,128.0,128.0,128.0,128.0,128.0,128.0,128.0,128.0,128.0,128.0,128.0,128.0,128.0,128.0,128.0,128.0,128.0,128.0,128.0,128.0,128.0,128.0,128.0,128.0,128.0,128.0,128.0,128.0,128.0,128.0,128.0,128.0,128.0,128.0,128.0,128.0,128.0,128.0,128.0,128.0,128.0,128.0,128.0,128.0,128.0,128.0,128.0,128.0,128.0,128.0,128.0,128.0,128.0,128.0,128.0,128.0,128.0,128.0,128.0,128.0,128.0,128.0,128.0,128.0,128.0,128.0,128.0,128.0
2006-11-01,126.4,126.4,126.4,126.4,126.4,126.4,126.4,126.4,126.4,126.4,126.4,126.4,126.4,126.4,126.4,126.4,126.4,126.4,126.4,126.4,126.4,126.4,126.4,126.4,126.4,126.4,126.4,126.4,126.4,126.4,126.4,126.4,126.4,126.4,126.4,126.4,126.4,126.4,126.4,126.4,126.4,126.4,126.4,126.4,126.4,126.4,126.4,126.4,126.4,126.4,126.4,126.4,126.4,126.4,126.4,126.4,126.4,126.4,126.4,126.4,126.4,126.4,126.4,126.4,126.4,126.4,126.4,126.4,126.4,126.4,126.4,126.4,126.4,126.4,126.4,126.4,126.4,126.4,126.4,126.4,126.4,126.4,126.4,126.4,126.4,126.4,126.4,126.4,126.4,126.4,126.4,126.4,126.4,126.4,126.4,126.4,126.4,126.4,126.4,126.4,126.4,126.4,126.4,126.4,126.4,126.4,126.4,126.4,126.4,126.4,126.4,126.4,126.4,126.4,126.4,126.4,126.4,126.4,126.4,126.4,126.4,126.4,126.4,126.4,126.4,126.4,126.4,126.4,126.4,126.4,126.4,126.4,126.4,126.4,126.4,126.4,126.4,126.4,126.4,126.4,126.4,126.4,126.4,126.4,126.4,126.4,126.4,126.4,126.4,126.4,126.4,126.4,126.4,126.4,126.4,126.4,126.4,126.4,126.4,126.4,126.4,126.4,126.4,126.4,126.4,126.4,126.4,126.4,126.4,126.4,126.4,126.4,126.4,126.4,126.4,126.4,126.4,126.4,126.4,126.4,126.4,126.4,126.4,126.4,126.4,126.4,126.4,126.4,126.4,126.4,126.4,126.4,126.4,126.4,126.4,126.4,126.4,126.4
2006-12-01,127.1,127.1,127.1,127.1,127.1,127.1,127.1,127.1,127.1,127.1,127.1,127.1,127.1,127.1,127.1,127.1,127.1,127.1,127.1,127.1,127.1,127.1,127.1,127.1,127.1,127.1,127.1,127.1,127.1,127.1,127.1,127.1,127.1,127.1,127.1,127.1,127.1,127.1,127.1,127.1,127.1,127.1,127.1,127.1,127.1,127.1,127.1,127.1,127.1,127.1,127.1,127.1,127.1,127.1,127.1,127.1,127.1,127.1,127.1,127.1,127.1,127.1,127.1,127.1,127.1,127.1,127.1,127.1,127.1,127.1,127.1,127.1,127.1,127.1,127.1,127.1,127.1,127.1,127.1,127.1,127.1,127.1,127.1,127.1,127.1,127.1,127.1,127.1,127.1,127.1,127.1,127.1,127.1,127.1,127.1,127.1,127.1,127.1,127.1,127.1,127.1,127.1,127.1,127.1,127.1,127.1,127.1,127.1,127.1,127.1,127.1,127.1,127.1,127.1,127.1,127.1,127.1,127.1,127.1,127.1,127.1,127.1,127.1,127.1,127.1,127.1,127.1,127.1,127.1,127.1,127.1,127.1,127.1,127.1,127.1,127.1,127.1,127.1,127.1,127.1,127.1,127.1,127.1,127.1,127.1,127.1,127.1,127.1,127.1,127.1,127.1,127.1,127.1,127.1,127.1,127.1,127.1,127.1,127.1,127.1,127.1,127.1,127.1,127.1,127.1,127.1,127.1,127.1,127.1,127.1,127.1,127.1,127.1,127.1,127.1,127.1,127.1,127.1,127.1,127.1,127.1,127.1,127.1,127.1,127.1,127.1,127.1,127.1,127.1,127.1,127.1,127.1,127.1,127.1,127.1,127.1,127.1,127.1
2007-01-01,128.0,128.0,128.0,128.0,128.0,128.0,128.0,128.0,128.0,128.0,128.0,128.0,128.0,128.0,128.0,128.0,128.0,128.0,128.0,128.0,128.0,128.0,128.0,128.0,128.0,128.0,128.0,128.0,128.0,128.0,128.0,128.0,128.0,128.0,128.0,128.0,128.0,128.0,128.0,128.0,128.0,128.0,128.0,128.0,128.0,128.0,128.0,128.0,128.0,128.0,128.0,128.0,128.0,128.0,128.0,128.0,128.0,128.0,128.0,128.0,128.0,128.0,128.0,128.0,128.0,128.0,128.0,128.0,128.0,128.0,128.0,128.0,128.0,128.0,128.0,128.0,128.0,128.0,128.0,128.0,128.0,128.0,128.0,128.0,128.0,128.0,128.0,128.0,128.0,128.0,128.0,128.0,128.0,128.0,128.0,128.0,128.0,128.0,128.0,128.0,128.0,128.0,128.0,128.0,128.0,128.0,128.0,128.0,128.0,128.0,128.0,128.0,128.0,128.0,128.0,128.0,128.0,128.0,128.0,128.0,128.0,128.0,128.0,128.0,128.0,128.0,128.0,128.0,128.0,128.0,128.0,128.0,128.0,128.0,128.0,128.0,128.0,128.0,128.0,128.0,128.0,128.0,128.0,128.0,128.0,128.0,128.0,128.0,128.0,128.0,128.0,128.0,128.0,128.0,128.0,128.0,128.0,128.0,128.0,128.0,128.0,128.0,128.0,128.0,128.0,128.0,128.0,128.0,128.0,128.0,128.0,128.0,128.0,128.0,128.0,128.0,128.0,128.0,128.0,128.0,128.0,128.0,128.0,128.0,128.0,128.0,128.0,128.0,128.0,128.0,128.0,128.0,128.0,128.0,128.0,128.0,128.0,128.0
2007-02-01,126.6,126.6,126.6,126.6,126.6,126.6,126.6,126.6,126.6,126.6,126.6,126.6,126.6,126.6,126.6,126.6,126.6,126.6,126.6,126.6,126.6,126.6,126.6,126.6,126.6,126.6,126.6,126.6,126.6,126.6,126.6,126.6,126.6,126.6,126.6,126.6,126.6,126.6,126.6,126.6,126.6,126.6,126.6,126.6,126.6,126.6,126.6,126.6,126.6,126.6,126.6,126.6,126.6,126.6,126.6,126.6,126.6,126.6,126.6,126.6,126.6,126.6,126.6,126.6,126.6,126.6,126.6,126.6,126.6,126.6,126.6,126.6,126.6,126.6,126.6,126.6,126.6,126.6,126.6,126.6,126.6,126.6,126.6,126.6,126.6,126.6,126.6,126.6,126.6,126.6,126.6,126.6,126.6,126.6,126.6,126.6,126.6,126.6,126.6,126.6,126.6,126.6,126.6,126.6,126.6,126.6,126.6,126.6,126.6,126.6,126.6,126.6,126.6,126.6,126.6,126.6,126.6,126.6,126.6,126.6,126.6,126.6,126.6,126.6,126.6,126.6,126.6,126.6,126.6,126.6,126.6,126.6,126.6,126.6,126.6,126.6,126.6,126.6,126.6,126.6,126.6,126.6,126.6,126.6,126.6,126.6,126.6,126.6,126.6,126.6,126.6,126.6,126.6,126.6,126.6,126.6,126.6,126.6,126.6,126.6,126.6,126.6,126.6,126.6,126.6,126.6,126.6,126.6,126.6,126.6,126.6,126.6,126.6,126.6,126.6,126.6,126.6,126.6,126.6,126.6,126.6,126.6,126.6,126.6,126.6,126.6,126.6,126.6,126.6,126.6,126.6,126.6,126.6,126.6,126.6,126.6,126.6,126.6
2007-03-01,126.6,126.6,126.6,126.6,126.6,126.6,126.6,126.6,126.6,126.6,126.6,126.6,126.6,126.6,126.6,126.6,126.6,126.6,126.6,126.6,126.6,126.6,126.6,126.6,126.6,126.6,126.6,126.6,126.6,126.6,126.6,126.6,126.6,126.6,126.6,126.6,126.6,126.6,126.6,126.6,126.6,126.6,126.6,126.6,126.6,126.6,126.6,126.6,126.6,126.6,126.6,126.6,126.6,126.6,126.6,126.6,126.6,126.6,126.6,126.6,126.6,126.6,126.6,126.6,126.6,126.6,126.6,126.6,126.6,126.6,126.6,126.6,126.6,126.6,126.6,126.6,126.6,126.6,126.6,126.6,126.6,126.6,126.6,126.6,126.6,126.6,126.6,126.6,126.6,126.6,126.6,126.6,126.6,126.6,126.6,126.6,126.6,126.6,126.6,126.6,126.6,126.6,126.6,126.6,126.6,126.6,126.6,126.6,126.6,126.6,126.6,126.6,126.6,126.6,126.6,126.6,126.6,126.6,126.6,126.6,126.6,126.6,126.6,126.6,126.6,126.6,126.6,126.6,126.6,126.6,126.6,126.6,126.6,126.6,126.6,126.6,126.6,126.6,126.6,126.6,126.6,126.6,126.6,126.6,126.6,126.6,126.6,126.6,126.6,126.6,126.6,126.6,126.6,126.6,126.6,126.6,126.6,126.6,126.6,126.6,126.6,126.6,126.6,126.6,126.6,126.6,126.6,126.6,126.6,126.6,126.6,126.6,126.6,126.6,126.6,126.6,126.6,126.6,126.6,126.6,126.6,126.6,126.6,126.6,126.6,126.6,126.6,126.6,126.6,126.6,126.6,126.6,126.6,126.6,126.6,126.6,126.6,126.6
2007-04-01,126.9,126.9,126.9,126.9,126.9,126.9,126.9,126.9,126.9,126.9,126.9,126.9,126.9,126.9,126.9,126.9,126.9,126.9,126.9,126.9,126.9,126.9,126.9,126.9,126.9,126.9,126.9,126.9,126.9,126.9,126.9,126.9,126.9,126.9,126.9,126.9,126.9,126.9,126.9,126.9,126.9,126.9,126.9,126.9,126.9,126.9,126.9,126.9,126.9,126.9,126.9,126.9,126.9,126.9,126.9,126.9,126.9,126.9,126.9,126.9,126.9,126.9,126.9,126.9,126.9,126.9,126.9,126.9,126.9,126.9,126.9,126.9,126.9,126.9,126.9,126.9,126.9,126.9,126.9,126.9,126.9,126.9,126.9,126.9,126.9,126.9,126.9,126.9,126.9,126.9,126.9,126.9,126.9,126.9,126.9,126.9,126.9,126.9,126.9,126.9,126.9,126.9,126.9,126.9,126.9,126.9,126.9,126.9,126.9,126.9,126.9,126.9,126.9,126.9,126.9,126.9,126.9,126.9,126.9,126.9,126.9,126.9,126.9,126.9,126.9,126.9,126.9,126.9,126.9,126.9,126.9,126.9,126.9,126.9,126.9,126.9,126.9,126.9,126.9,126.9,126.9,126.9,126.9,126.9,126.9,126.9,126.9,126.9,126.9,126.9,126.9,126.9,126.9,126.9,126.9,126.9,126.9,126.9,126.9,126.9,126.9,126.9,126.9,126.9,126.9,126.9,126.9,126.9,126.9,126.9,126.9,126.9,126.9,126.9,126.9,126.9,126.9,126.9,126.9,126.9,126.9,126.9,126.9,126.9,126.9,126.9,126.9,126.9,126.9,126.9,126.9,126.9,126.9,126.9,126.9,126.9,126.9,126.9
2007-05-01,127.6,127.6,127.6,127.6,127.6,127.6,127.6,127.6,127.6,127.6,127.6,127.6,127.6,127.6,127.6,127.6,127.6,127.6,127.6,127.6,127.6,127.6,127.6,127.6,127.6,127.6,127.6,127.6,127.6,127.6,127.6,127.6,127.6,127.6,127.6,127.6,127.6,127.6,127.6,127.6,127.6,127.6,127.6,127.6,127.6,127.6,127.6,127.6,127.6,127.6,127.6,127.6,127.6,127.6,127.6,127.6,127.6,127.6,127.6,127.6,127.6,127.6,127.6,127.6,127.6,127.6,127.6,127.6,127.6,127.6,127.6,127.6,127.6,127.6,127.6,127.6,127.6,127.6,127.6,127.6,127.6,127.6,127.6,127.6,127.6,127.6,127.6,127.6,127.6,127.6,127.6,127.6,127.6,127.6,127.6,127.6,127.6,127.6,127.6,127.6,127.6,127.6,127.6,127.6,127.6,127.6,127.6,127.6,127.6,127.6,127.6,127.6,127.6,127.6,127.6,127.6,127.6,127.6,127.6,127.6,127.6,127.6,127.6,127.6,127.6,127.6,127.6,127.6,127.6,127.6,127.6,127.6,127.6,127.6,127.6,127.6,127.6,127.6,127.6,127.6,127.6,127.6,127.6,127.6,127.6,127.6,127.6,127.6,127.6,127.6,127.6,127.6,127.6,127.6,127.6,127.6,127.6,127.6,127.6,127.6,127.6,127.6,127.6,127.6,127.6,127.6,127.6,127.6,127.6,127.6,127.6,127.6,127.6,127.6,127.6,127.6,127.6,127.6,127.6,127.6,127.6,127.6,127.6,127.6,127.6,127.6,127.6,127.6,127.6,127.6,127.6,127.6,127.6,127.6,127.6,127.6,127.6,127.6
2007-06-01,127.3,127.3,127.3,127.3,127.3,127.3,127.3,127.3,127.3,127.3,127.3,127.3,127.3,127.3,127.3,127.3,127.3,127.3,127.3,127.3,127.3,127.3,127.3,127.3,127.3,127.3,127.3,127.3,127.3,127.3,127.3,127.3,127.3,127.3,127.3,127.3,127.3,127.3,127.3,127.3,127.3,127.3,127.3,127.3,127.3,127.3,127.3,127.3,127.3,127.3,127.3,127.3,127.3,127.3,127.3,127.3,127.3,127.3,127.3,127.3,127.3,127.3,127.3,127.3,127.3,127.3,127.3,127.3,127.3,127.3,127.3,127.3,127.3,127.3,127.3,127.3,127.3,127.3,127.3,127.3,127.3,127.3,127.3,127.3,127.3,127.3,127.3,127.3,127.3,127.3,127.3,127.3,127.3,127.3,127.3,127.3,127.3,127.3,127.3,127.3,127.3,127.3,127.3,127.3,127.3,127.3,127.3,127.3,127.3,127.3,127.3,127.3,127.3,127.3,127.3,127.3,127.3,127.3,127.3,127.3,127.3,127.3,127.3,127.3,127.3,127.3,127.3,127.3,127.3,127.3,127.3,127.3,127.3,127.3,127.3,127.3,127.3,127.3,127.3,127.3,127.3,127.3,127.3,127.3,127.3,127.3,127.3,127.3,127.3,127.3,127.3,127.3,127.3,127.3,127.3,127.3,127.3,127.3,127.3,127.3,127.3,127.3,127.3,127.3,127.3,127.3,127.3,127.3,127.3,127.3,127.3,127.3,127.3,127.3,127.3,127.3,127.3,127.3,127.3,127.3,127.3,127.3,127.3,127.3,127.3,127.3,127.3,127.3,127.3,127.3,127.3,127.3,127.3,127.3,127.3,127.3,127.3,127.3
2007-07-01,127.4,127.4,127.4,127.4,127.4,127.4,127.4,127.4,127.4,127.4,127.4,127.4,127.4,127.4,127.4,127.4,127.4,127.4,127.4,127.4,127.4,127.4,127.4,127.4,127.4,127.4,127.4,127.4,127.4,127.4,127.4,127.4,127.4,127.4,127.4,127.4,127.4,127.4,127.4,127.4,127.4,127.4,127.4,127.4,127.4,127.4,127.4,127.4,127.4,127.4,127.4,127.4,127.4,127.4,127.4,127.4,127.4,127.4,127.4,127.4,127.4,127.4,127.4,127.4,127.4,127.4,127.4,127.4,127.4,127.4,127.4,127.4,127.4,127.4,127.4,127.4,127.4,127.4,127.4,127.4,127.4,127.4,127.4,127.4,127.4,127.4,127.4,127.4,127.4,127.4,127.4,127.4,127.4,127.4,127.4,127.4,127.4,127.4,127.4,127.4,127.4,127.4,127.4,127.4,127.4,127.4,127.4,127.4,127.4,127.4,127.4,127.4,127.4,127.4,127.4,127.4,127.4,127.4,127.4,127.4,127.4,127.4,127.4,127.4,127.4,127.4,127.4,127.4,127.4,127.4,127.4,127.4,127.4,127.4,127.4,127.4,127.4,127.4,127.4,127.4,127.4,127.4,127.4,127.4,127.4,127.4,127.4,127.4,127.4,127.4,127.4,127.4,127.4,127.4,127.4,127.4,127.4,127.4,127.4,127.4,127.4,127.4,127.4,127.4,127.4,127.4,127.4,127.4,127.4,127.4,127.4,127.4,127.4,127.4,127.4,127.4,127.4,127.4,127.4,127.4,127.4,127.4,127.4,127.4,127.4,127.4,127.4,127.4,127.4,127.4,127.4,127.4,127.4,127.4,127.4,127.4,127.4,127.4
2007-08-01,129.4,129.4,129.4,129.4,129.4,129.4,129.4,129.4,129.4,129.4,129.4,129.4,129.4,129.4,129.4,129.4,129.4,129.4,129.4,129.4,129.4,129.4,129.4,129.4,129.4,129.4,129.4,129.4,129.4,129.4,129.4,129.4,129.4,129.4,129.4,129.4,129.4,129.4,129.4,129.4,129.4,129.4,129.4,129.4,129.4,129.4,129.4,129.4,129.4,129.4,129.4,129.4,129.4,129.4,129.4,129.4,129.4,129.4,129.4,129.4,129.4,129.4,129.4,129.4,129.4,129.4,129.4,129.4,129.4,129.4,129.4,129.4,129.4,129.4,129.4,129.4,129.4,129.4,129.4,129.4,129.4,129.4,129.4,129.4,129.4,129.4,129.4,129.4,129.4,129.4,129.4,129.4,129.4,129.4,129.4,129.4,129.4,129.4,129.4,129.4,129.4,129.4,129.4,129.4,129.4,129.4,129.4,129.4,129.4,129.4,129.4,129.4,129.4,129.4,129.4,129.4,129.4,129.4,129.4,129.4,129.4,129.4,129.4,129.4,129.4,129.4,129.4,129.4,129.4,129.4,129.4,129.4,129.4,129.4,129.4,129.4,129.4,129.4,129.4,129.4,129.4,129.4,129.4,129.4,129.4,129.4,129.4,129.4,129.4,129.4,129.4,129.4,129.4,129.4,129.4,129.4,129.4,129.4,129.4,129.4,129.4,129.4,129.4,129.4,129.4,129.4,129.4,129.4,129.4,129.4,129.4,129.4,129.4,129.4,129.4,129.4,129.4,129.4,129.4,129.4,129.4,129.4,129.4,129.4,129.4,129.4,129.4,129.4,129.4,129.4,129.4,129.4,129.4,129.4,129.4,129.4,129.4,129.4
2007-09-01,129.6,129.6,129.6,129.6,129.6,129.6,129.6,129.6,129.6,129.6,129.6,129.6,129.6,129.6,129.6,129.6,129.6,129.6,129.6,129.6,129.6,129.6,129.6,129.6,129.6,129.6,129.6,129.6,129.6,129.6,129.6,129.6,129.6,129.6,129.6,129.6,129.6,129.6,129.6,129.6,129.6,129.6,129.6,129.6,129.6,129.6,129.6,129.6,129.6,129.6,129.6,129.6,129.6,129.6,129.6,129.6,129.6,129.6,129.6,129.6,129.6,129.6,129.6,129.6,129.6,129.6,129.6,129.6,129.6,129.6,129.6,129.6,129.6,129.6,129.6,129.6,129.6,129.6,129.6,129.6,129.6,129.6,129.6,129.6,129.6,129.6,129.6,129.6,129.6,129.6,129.6,129.6,129.6,129.6,129.6,129.6,129.6,129.6,129.6,129.6,129.6,129.6,129.6,129.6,129.6,129.6,129.6,129.6,129.6,129.6,129.6,129.6,129.6,129.6,129.6,129.6,129.6,129.6,129.6,129.6,129.6,129.6,129.6,129.6,129.6,129.6,129.6,129.6,129.6,129.6,129.6,129.6,129.6,129.6,129.6,129.6,129.6,129.6,129.6,129.6,129.6,129.6,129.6,129.6,129.6,129.6,129.6,129.6,129.6,129.6,129.6,129.6,129.6,129.6,129.6,129.6,129.6,129.6,129.6,129.6,129.6,129.6,129.6,129.6,129.6,129.6,129.6,129.6,129.6,129.6,129.6,129.6,129.6,129.6,129.6,129.6,129.6,129.6,129.6,129.6,129.6,129.6,129.6,129.6,129.6,129.6,129.6,129.6,129.6,129.6,129.6,129.6,129.6,129.6,129.6,129.6,129.6,129.6
2007-10-01,131.1,131.1,131.1,131.1,131.1,131.1,131.1,131.1,131.1,131.1,131.1,131.1,131.1,131.1,131.1,131.1,131.1,131.1,131.1,131.1,131.1,131.1,131.1,131.1,131.1,131.1,131.1,131.1,131.1,131.1,131.1,131.1,131.1,131.1,131.1,131.1,131.1,131.1,131.1,131.1,131.1,131.1,131.1,131.1,131.1,131.1,131.1,131.1,131.1,131.1,131.1,131.1,131.1,131.1,131.1,131.1,131.1,131.1,131.1,131.1,131.1,131.1,131.1,131.1,131.1,131.1,131.1,131.1,131.1,131.1,131.1,131.1,131.1,131.1,131.1,131.1,131.1,131.1,131.1,131.1,131.1,131.1,131.1,131.1,131.1,131.1,131.1,131.1,131.1,131.1,131.1,131.1,131.1,131.1,131.1,131.1,131.1,131.1,131.1,131.1,131.1,131.1,131.1,131.1,131.1,131.1,131.1,131.1,131.1,131.1,131.1,131.1,131.1,131.1,131.1,131.1,131.1,131.1,131.1,131.1,131.1,131.1,131.1,131.1,131.1,131.1,131.1,131.1,131.1,131.1,131.1,131.1,131.1,131.1,131.1,131.1,131.1,131.1,131.1,131.1,131.1,131.1,131.1,131.1,131.1,131.1,131.1,131.1,131.1,131.1,131.1,131.1,131.1,131.1,131.1,131.1,131.1,131.1,131.1,131.1,131.1,131.1,131.1,131.1,131.1,131.1,131.1,131.1,131.1,131.1,131.1,131.1,131.1,131.1,131.1,131.1,131.1,131.1,131.1,131.1,131.1,131.1,131.1,131.1,131.1,131.1,131.1,131.1,131.1,131.1,131.1,131.1,131.1,131.1,131.1,131.1,131.1,131.1
2007-11-01,134.1,134.1,134.1,134.1,134.1,134.1,134.1,134.1,134.1,134.1,134.1,134.1,134.1,134.1,134.1,134.1,134.1,134.1,134.1,134.1,134.1,134.1,134.1,134.1,134.1,134.1,134.1,134.1,134.1,134.1,134.1,134.1,134.1,134.1,134.1,134.1,134.1,134.1,134.1,134.1,134.1,134.1,134.1,134.1,134.1,134.1,134.1,134.1,134.1,134.1,134.1,134.1,134.1,134.1,134.1,134.1,134.1,134.1,134.1,134.1,134.1,134.1,134.1,134.1,134.1,134.1,134.1,134.1,134.1,134.1,134.1,134.1,134.1,134.1,134.1,134.1,134.1,134.1,134.1,134.1,134.1,134.1,134.1,134.1,134.1,134.1,134.1,134.1,134.1,134.1,134.1,134.1,134.1,134.1,134.1,134.1,134.1,134.1,134.1,134.1,134.1,134.1,134.1,134.1,134.1,134.1,134.1,134.1,134.1,134.1,134.1,134.1,134.1,134.1,134.1,134.1,134.1,134.1,134.1,134.1,134.1,134.1,134.1,134.1,134.1,134.1,134.1,134.1,134.1,134.1,134.1,134.1,134.1,134.1,134.1,134.1,134.1,134.1,134.1,134.1,134.1,134.1,134.1,134.1,134.1,134.1,134.1,134.1,134.1,134.1,134.1,134.1,134.1,134.1,134.1,134.1,134.1,134.1,134.1,134.1,134.1,134.1,134.1,134.1,134.1,134.1,134.1,134.1,134.1,134.1,134.1,134.1,134.1,134.1,134.1,134.1,134.1,134.1,134.1,134.1,134.1,134.1,134.1,134.1,134.1,134.1,134.1,134.1,134.1,134.1,134.1,134.1,134.1,134.1,134.1,134.1,134.1,134.1
2007-12-01,138.1,138.1,138.1,138.1,138.1,138.1,138.1,138.1,138.1,138.1,138.1,138.1,138.1,138.1,138.1,138.1,138.1,138.1,138.1,138.1,138.1,138.1,138.1,138.1,138.1,138.1,138.1,138.1,138.1,138.1,138.1,138.1,138.1,138.1,138.1,138.1,138.1,138.1,138.1,138.1,138.1,138.1,138.1,138.1,138.1,138.1,138.1,138.1,138.1,138.1,138.1,138.1,138.1,138.1,138.1,138.1,138.1,138.1,138.1,138.1,138.1,138.1,138.1,138.1,138.1,138.1,138.1,138.1,138.1,138.1,138.1,138.1,138.1,138.1,138.1,138.1,138.1,138.1,138.1,138.1,138.1,138.1,138.1,138.1,138.1,138.1,138.1,138.1,138.1,138.1,138.1,138.1,138.1,138.1,138.1,138.1,138.1,138.1,138.1,138.1,138.1,138.1,138.1,138.1,138.1,138.1,138.1,138.1,138.1,138.1,138.1,138.1,138.1,138.1,138.1,138.1,138.1,138.1,138.1,138.1,138.1,138.1,138.1,138.1,138.1,138.1,138.1,138.1,138.1,138.1,138.1,138.1,138.1,138.1,138.1,138.1,138.1,138.1,138.1,138.1,138.1,138.1,138.1,138.1,138.1,138.1,138.1,138.1,138.1,138.1,138.1,138.1,138.1,138.1,138.1,138.1,138.1,138.1,138.1,138.1,138.1,138.1,138.1,138.1,138.1,138.1,138.1,138.1,138.1,138.1,138.1,138.1,138.1,138.1,138.1,138.1,138.1,138.1,138.1,138.1,138.1,138.1,138.1,138.1,138.1,138.1,138.1,138.1,138.1,138.1,138.1,138.1,138.1,138.1,138.1,138.1,138.1,138.1
2008-01-01,138.8,138.8,138.8,138.8,138.8,138.8,138.8,138.8,138.8,138.8,138.8,138.8,138.8,138.8,138.8,138.8,138.8,138.8,138.8,138.8,138.8,138.8,138.8,138.8,138.8,138.8,138.8,138.8,138.8,138.8,138.8,138.8,138.8,138.8,138.8,138.8,138.8,138.8,138.8,138.8,138.8,138.8,138.8,138.8,138.8,138.8,138.8,138.8,138.8,138.8,138.8,138.8,138.8,138.8,138.8,138.8,138.8,138.8,138.8,138.8,138.8,138.8,138.8,138.8,138.8,138.8,138.8,138.8,138.8,138.8,138.8,138.8,138.8,138.8,138.8,138.8,138.8,138.8,138.8,138.8,138.8,138.8,138.8,138.8,138.8,138.8,138.8,138.8,138.8,138.8,138.8,138.8,138.8,138.8,138.8,138.8,138.8,138.8,138.8,138.8,138.8,138.8,138.8,138.8,138.8,138.8,138.8,138.8,138.8,138.8,138.8,138.8,138.8,138.8,138.8,138.8,138.8,138.8,138.8,138.8,138.8,138.8,138.8,138.8,138.8,138.8,138.8,138.8,138.8,138.8,138.8,138.8,138.8,138.8,138.8,138.8,138.8,138.8,138.8,138.8,138.8,138.8,138.8,138.8,138.8,138.8,138.8,138.8,138.8,138.8,138.8,138.8,138.8,138.8,138.8,138.8,138.8,138.8,138.8,138.8,138.8,138.8,138.8,138.8,138.8,138.8,138.8,138.8,138.8,138.8,138.8,138.8,138.8,138.8,138.8,138.8,138.8,138.8,138.8,138.8,138.8,138.8,138.8,138.8,138.8,138.8,138.8,138.8,138.8,138.8,138.8,138.8,138.8,138.8,138.8,138.8,138.8,138.8
2008-02-01,139.4,139.4,139.4,139.4,139.4,139.4,139.4,139.4,139.4,139.4,139.4,139.4,139.4,139.4,139.4,139.4,139.4,139.4,139.4,139.4,139.4,139.4,139.4,139.4,139.4,139.4,139.4,139.4,139.4,139.4,139.4,139.4,139.4,139.4,139.4,139.4,139.4,139.4,139.4,139.4,139.4,139.4,139.4,139.4,139.4,139.4,139.4,139.4,139.4,139.4,139.4,139.4,139.4,139.4,139.4,139.4,139.4,139.4,139.4,139.4,139.4,139.4,139.4,139.4,139.4,139.4,139.4,139.4,139.4,139.4,139.4,139.4,139.4,139.4,139.4,139.4,139.4,139.4,139.4,139.4,139.4,139.4,139.4,139.4,139.4,139.4,139.4,139.4,139.4,139.4,139.4,139.4,139.4,139.4,139.4,139.4,139.4,139.4,139.4,139.4,139.4,139.4,139.4,139.4,139.4,139.4,139.4,139.4,139.4,139.4,139.4,139.4,139.4,139.4,139.4,139.4,139.4,139.4,139.4,139.4,139.4,139.4,139.4,139.4,139.4,139.4,139.4,139.4,139.4,139.4,139.4,139.4,139.4,139.4,139.4,139.4,139.4,139.4,139.4,139.4,139.4,139.4,139.4,139.4,139.4,139.4,139.4,139.4,139.4,139.4,139.4,139.4,139.4,139.4,139.4,139.4,139.4,139.4,139.4,139.4,139.4,139.4,139.4,139.4,139.4,139.4,139.4,139.4,139.4,139.4,139.4,139.4,139.4,139.4,139.4,139.4,139.4,139.4,139.4,139.4,139.4,139.4,139.4,139.4,139.4,139.4,139.4,139.4,139.4,139.4,139.4,139.4,139.4,139.4,139.4,139.4,139.4,139.4
2008-03-01,140.7,140.7,140.7,140.7,140.7,140.7,140.7,140.7,140.7,140.7,140.7,140.7,140.7,140.7,140.7,140.7,140.7,140.7,140.7,140.7,140.7,140.7,140.7,140.7,140.7,140.7,140.7,140.7,140.7,140.7,140.7,140.7,140.7,140.7,140.7,140.7,140.7,140.7,140.7,140.7,140.7,140.7,140.7,140.7,140.7,140.7,140.7,140.7,140.7,140.7,140.7,140.7,140.7,140.7,140.7,140.7,140.7,140.7,140.7,140.7,140.7,140.7,140.7,140.7,140.7,140.7,140.7,140.7,140.7,140.7,140.7,140.7,140.7,140.7,140.7,140.7,140.7,140.7,140.7,140.7,140.7,140.7,140.7,140.7,140.7,140.7,140.7,140.7,140.7,140.7,140.7,140.7,140.7,140.7,140.7,140.7,140.7,140.7,140.7,140.7,140.7,140.7,140.7,140.7,140.7,140.7,140.7,140.7,140.7,140.7,140.7,140.7,140.7,140.7,140.7,140.7,140.7,140.7,140.7,140.7,140.7,140.7,140.7,140.7,140.7,140.7,140.7,140.7,140.7,140.7,140.7,140.7,140.7,140.7,140.7,140.7,140.7,140.7,140.7,140.7,140.7,140.7,140.7,140.7,140.7,140.7,140.7,140.7,140.7,140.7,140.7,140.7,140.7,140.7,140.7,140.7,140.7,140.7,140.7,140.7,140.7,140.7,140.7,140.7,140.7,140.7,140.7,140.7,140.7,140.7,140.7,140.7,140.7,140.7,140.7,140.7,140.7,140.7,140.7,140.7,140.7,140.7,140.7,140.7,140.7,140.7,140.7,140.7,140.7,140.7,140.7,140.7,140.7,140.7,140.7,140.7,140.7,140.7
2008-04-01,145.8,145.8,145.8,145.8,145.8,145.8,145.8,145.8,145.8,145.8,145.8,145.8,145.8,145.8,145.8,145.8,145.8,145.8,145.8,145.8,145.8,145.8,145.8,145.8,145.8,145.8,145.8,145.8,145.8,145.8,145.8,145.8,145.8,145.8,145.8,145.8,145.8,145.8,145.8,145.8,145.8,145.8,145.8,145.8,145.8,145.8,145.8,145.8,145.8,145.8,145.8,145.8,145.8,145.8,145.8,145.8,145.8,145.8,145.8,145.8,145.8,145.8,145.8,145.8,145.8,145.8,145.8,145.8,145.8,145.8,145.8,145.8,145.8,145.8,145.8,145.8,145.8,145.8,145.8,145.8,145.8,145.8,145.8,145.8,145.8,145.8,145.8,145.8,145.8,145.8,145.8,145.8,145.8,145.8,145.8,145.8,145.8,145.8,145.8,145.8,145.8,145.8,145.8,145.8,145.8,145.8,145.8,145.8,145.8,145.8,145.8,145.8,145.8,145.8,145.8,145.8,145.8,145.8,145.8,145.8,145.8,145.8,145.8,145.8,145.8,145.8,145.8,145.8,145.8,145.8,145.8,145.8,145.8,145.8,145.8,145.8,145.8,145.8,145.8,145.8,145.8,145.8,145.8,145.8,145.8,145.8,145.8,145.8,145.8,145.8,145.8,145.8,145.8,145.8,145.8,145.8,145.8,145.8,145.8,145.8,145.8,145.8,145.8,145.8,145.8,145.8,145.8,145.8,145.8,145.8,145.8,145.8,145.8,145.8,145.8,145.8,145.8,145.8,145.8,145.8,145.8,145.8,145.8,145.8,145.8,145.8,145.8,145.8,145.8,145.8,145.8,145.8,145.8,145.8,145.8,145.8,145.8,145.8
2008-05-01,150.2,150.2,150.2,150.2,150.2,150.2,150.2,150.2,150.2,150.2,150.2,150.2,150.2,150.2,150.2,150.2,150.2,150.2,150.2,150.2,150.2,150.2,150.2,150.2,150.2,150.2,150.2,150.2,150.2,150.2,150.2,150.2,150.2,150.2,150.2,150.2,150.2,150.2,150.2,150.2,150.2,150.2,150.2,150.2,150.2,150.2,150.2,150.2,150.2,150.2,150.2,150.2,150.2,150.2,150.2,150.2,150.2,150.2,150.2,150.2,150.2,150.2,150.2,150.2,150.2,150.2,150.2,150.2,150.2,150.2,150.2,150.2,150.2,150.2,150.2,150.2,150.2,150.2,150.2,150.2,150.2,150.2,150.2,150.2,150.2,150.2,150.2,150.2,150.2,150.2,150.2,150.2,150.2,150.2,150.2,150.2,150.2,150.2,150.2,150.2,150.2,150.2,150.2,150.2,150.2,150.2,150.2,150.2,150.2,150.2,150.2,150.2,150.2,150.2,150.2,150.2,150.2,150.2,150.2,150.2,150.2,150.2,150.2,150.2,150.2,150.2,150.2,150.2,150.2,150.2,150.2,150.2,150.2,150.2,150.2,150.2,150.2,150.2,150.2,150.2,150.2,150.2,150.2,150.2,150.2,150.2,150.2,150.2,150.2,150.2,150.2,150.2,150.2,150.2,150.2,150.2,150.2,150.2,150.2,150.2,150.2,150.2,150.2,150.2,150.2,150.2,150.2,150.2,150.2,150.2,150.2,150.2,150.2,150.2,150.2,150.2,150.2,150.2,150.2,150.2,150.2,150.2,150.2,150.2,150.2,150.2,150.2,150.2,150.2,150.2,150.2,150.2,150.2,150.2,150.2,150.2,150.2,150.2
2008-06-01,152.1,152.1,152.1,152.1,152.1,152.1,152.1,152.1,152.1,152.1,152.1,152.1,152.1,152.1,152.1,152.1,152.1,152.1,152.1,152.1,152.1,152.1,152.1,152.1,152.1,152.1,152.1,152.1,152.1,152.1,152.1,152.1,152.1,152.1,152.1,152.1,152.1,152.1,152.1,152.1,152.1,152.1,152.1,152.1,152.1,152.1,152.1,152.1,152.1,152.1,152.1,152.1,152.1,152.1,152.1,152.1,152.1,152.1,152.1,152.1,152.1,152.1,152.1,152.1,152.1,152.1,152.1,152.1,152.1,152.1,152.1,152.1,152.1,152.1,152.1,152.1,152.1,152.1,152.1,152.1,152.1,152.1,152.1,152.1,152.1,152.1,152.1,152.1,152.1,152.1,152.1,152.1,152.1,152.1,152.1,152.1,152.1,152.1,152.1,152.1,152.1,152.1,152.1,152.1,152.1,152.1,152.1,152.1,152.1,152.1,152.1,152.1,152.1,152.1,152.1,152.1,152.1,152.1,152.1,152.1,152.1,152.1,152.1,152.1,152.1,152.1,152.1,152.1,152.1,152.1,152.1,152.1,152.1,152.1,152.1,152.1,152.1,152.1,152.1,152.1,152.1,152.1,152.1,152.1,152.1,152.1,152.1,152.1,152.1,152.1,152.1,152.1,152.1,152.1,152.1,152.1,152.1,152.1,152.1,152.1,152.1,152.1,152.1,152.1,152.1,152.1,152.1,152.1,152.1,152.1,152.1,152.1,152.1,152.1,152.1,152.1,152.1,152.1,152.1,152.1,152.1,152.1,152.1,152.1,152.1,152.1,152.1,152.1,152.1,152.1,152.1,152.1,152.1,152.1,152.1,152.1,152.1,152.1
2008-07-01,155.2,155.2,155.2,155.2,155.2,155.2,155.2,155.2,155.2,155.2,155.2,155.2,155.2,155.2,155.2,155.2,155.2,155.2,155.2,155.2,155.2,155.2,155.2,155.2,155.2,155.2,155.2,155.2,155.2,155.2,155.2,155.2,155.2,155.2,155.2,155.2,155.2,155.2,155.2,155.2,155.2,155.2,155.2,155.2,155.2,155.2,155.2,155.2,155.2,155.2,155.2,155.2,155.2,155.2,155.2,155.2,155.2,155.2,155.2,155.2,155.2,155.2,155.2,155.2,155.2,155.2,155.2,155.2,155.2,155.2,155.2,155.2,155.2,155.2,155.2,155.2,155.2,155.2,155.2,155.2,155.2,155.2,155.2,155.2,155.2,155.2,155.2,155.2,155.2,155.2,155.2,155.2,155.2,155.2,155.2,155.2,155.2,155.2,155.2,155.2,155.2,155.2,155.2,155.2,155.2,155.2,155.2,155.2,155.2,155.2,155.2,155.2,155.2,155.2,155.2,155.2,155.2,155.2,155.2,155.2,155.2,155.2,155.2,155.2,155.2,155.2,155.2,155.2,155.2,155.2,155.2,155.2,155.2,155.2,155.2,155.2,155.2,155.2,155.2,155.2,155.2,155.2,155.2,155.2,155.2,155.2,155.2,155.2,155.2,155.2,155.2,155.2,155.2,155.2,155.2,155.2,155.2,155.2,155.2,155.2,155.2,155.2,155.2,155.2,155.2,155.2,155.2,155.2,155.2,155.2,155.2,155.2,155.2,155.2,155.2,155.2,155.2,155.2,155.2,155.2,155.2,155.2,155.2,155.2,155.2,155.2,155.2,155.2,155.2,155.2,155.2,155.2,155.2,155.2,155.2,155.2,155.2,155.2
2008-08-01,155.5,155.5,155.5,155.5,155.5,155.5,155.5,155.5,155.5,155.5,155.5,155.5,155.5,155.5,155.5,155.5,155.5,155.5,155.5,155.5,155.5,155.5,155.5,155.5,155.5,155.5,155.5,155.5,155.5,155.5,155.5,155.5,155.5,155.5,155.5,155.5,155.5,155.5,155.5,155.5,155.5,155.5,155.5,155.5,155.5,155.5,155.5,155.5,155.5,155.5,155.5,155.5,155.5,155.5,155.5,155.5,155.5,155.5,155.5,155.5,155.5,155.5,155.5,155.5,155.5,155.5,155.5,155.5,155.5,155.5,155.5,155.5,155.5,155.5,155.5,155.5,155.5,155.5,155.5,155.5,155.5,155.5,155.5,155.5,155.5,155.5,155.5,155.5,155.5,155.5,155.5,155.5,155.5,155.5,155.5,155.5,155.5,155.5,155.5,155.5,155.5,155.5,155.5,155.5,155.5,155.5,155.5,155.5,155.5,155.5,155.5,155.5,155.5,155.5,155.5,155.5,155.5,155.5,155.5,155.5,155.5,155.5,155.5,155.5,155.5,155.5,155.5,155.5,155.5,155.5,155.5,155.5,155.5,155.5,155.5,155.5,155.5,155.5,155.5,155.5,155.5,155.5,155.5,155.5,155.5,155.5,155.5,155.5,155.5,155.5,155.5,155.5,155.5,155.5,155.5,155.5,155.5,155.5,155.5,155.5,155.5,155.5,155.5,155.5,155.5,155.5,155.5,155.5,155.5,155.5,155.5,155.5,155.5,155.5,155.5,155.5,155.5,155.5,155.5,155.5,155.5,155.5,155.5,155.5,155.5,155.5,155.5,155.5,155.5,155.5,155.5,155.5,155.5,155.5,155.5,155.5,155.5,155.5
2008-09-01,151.6,151.6,151.6,151.6,151.6,151.6,151.6,151.6,151.6,151.6,151.6,151.6,151.6,151.6,151.6,151.6,151.6,151.6,151.6,151.6,151.6,151.6,151.6,151.6,151.6,151.6,151.6,151.6,151.6,151.6,151.6,151.6,151.6,151.6,151.6,151.6,151.6,151.6,151.6,151.6,151.6,151.6,151.6,151.6,151.6,151.6,151.6,151.6,151.6,151.6,151.6,151.6,151.6,151.6,151.6,151.6,151.6,151.6,151.6,151.6,151.6,151.6,151.6,151.6,151.6,151.6,151.6,151.6,151.6,151.6,151.6,151.6,151.6,151.6,151.6,151.6,151.6,151.6,151.6,151.6,151.6,151.6,151.6,151.6,151.6,151.6,151.6,151.6,151.6,151.6,151.6,151.6,151.6,151.6,151.6,151.6,151.6,151.6,151.6,151.6,151.6,151.6,151.6,151.6,151.6,151.6,151.6,151.6,151.6,151.6,151.6,151.6,151.6,151.6,151.6,151.6,151.6,151.6,151.6,151.6,151.6,151.6,151.6,151.6,151.6,151.6,151.6,151.6,151.6,151.6,151.6,151.6,151.6,151.6,151.6,151.6,151.6,151.6,151.6,151.6,151.6,151.6,151.6,151.6,151.6,151.6,151.6,151.6,151.6,151.6,151.6,151.6,151.6,151.6,151.6,151.6,151.6,151.6,151.6,151.6,151.6,151.6,151.6,151.6,151.6,151.6,151.6,151.6,151.6,151.6,151.6,151.6,151.6,151.6,151.6,151.6,151.6,151.6,151.6,151.6,151.6,151.6,151.6,151.6,151.6,151.6,151.6,151.6,151.6,151.6,151.6,151.6,151.6,151.6,151.6,151.6,151.6,151.6
2008-10-01,147.7,147.7,147.7,147.7,147.7,147.7,147.7,147.7,147.7,147.7,147.7,147.7,147.7,147.7,147.7,147.7,147.7,147.7,147.7,147.7,147.7,147.7,147.7,147.7,147.7,147.7,147.7,147.7,147.7,147.7,147.7,147.7,147.7,147.7,147.7,147.7,147.7,147.7,147.7,147.7,147.7,147.7,147.7,147.7,147.7,147.7,147.7,147.7,147.7,147.7,147.7,147.7,147.7,147.7,147.7,147.7,147.7,147.7,147.7,147.7,147.7,147.7,147.7,147.7,147.7,147.7,147.7,147.7,147.7,147.7,147.7,147.7,147.7,147.7,147.7,147.7,147.7,147.7,147.7,147.7,147.7,147.7,147.7,147.7,147.7,147.7,147.7,147.7,147.7,147.7,147.7,147.7,147.7,147.7,147.7,147.7,147.7,147.7,147.7,147.7,147.7,147.7,147.7,147.7,147.7,147.7,147.7,147.7,147.7,147.7,147.7,147.7,147.7,147.7,147.7,147.7,147.7,147.7,147.7,147.7,147.7,147.7,147.7,147.7,147.7,147.7,147.7,147.7,147.7,147.7,147.7,147.7,147.7,147.7,147.7,147.7,147.7,147.7,147.7,147.7,147.7,147.7,147.7,147.7,147.7,147.7,147.7,147.7,147.7,147.7,147.7,147.7,147.7,147.7,147.7,147.7,147.7,147.7,147.7,147.7,147.7,147.7,147.7,147.7,147.7,147.7,147.7,147.7,147.7,147.7,147.7,147.7,147.7,147.7,147.7,147.7,147.7,147.7,147.7,147.7,147.7,147.7,147.7,147.7,147.7,147.7,147.7,147.7,147.7,147.7,147.7,147.7,147.7,147.7,147.7,147.7,147.7,147.7
2008-11-01,142.8,142.8,142.8,142.8,142.8,142.8,142.8,142.8,142.8,142.8,142.8,142.8,142.8,142.8,142.8,142.8,142.8,142.8,142.8,142.8,142.8,142.8,142.8,142.8,142.8,142.8,142.8,142.8,142.8,142.8,142.8,142.8,142.8,142.8,142.8,142.8,142.8,142.8,142.8,142.8,142.8,142.8,142.8,142.8,142.8,142.8,142.8,142.8,142.8,142.8,142.8,142.8,142.8,142.8,142.8,142.8,142.8,142.8,142.8,142.8,142.8,142.8,142.8,142.8,142.8,142.8,142.8,142.8,142.8,142.8,142.8,142.8,142.8,142.8,142.8,142.8,142.8,142.8,142.8,142.8,142.8,142.8,142.8,142.8,142.8,142.8,142.8,142.8,142.8,142.8,142.8,142.8,142.8,142.8,142.8,142.8,142.8,142.8,142.8,142.8,142.8,142.8,142.8,142.8,142.8,142.8,142.8,142.8,142.8,142.8,142.8,142.8,142.8,142.8,142.8,142.8,142.8,142.8,142.8,142.8,142.8,142.8,142.8,142.8,142.8,142.8,142.8,142.8,142.8,142.8,142.8,142.8,142.8,142.8,142.8,142.8,142.8,142.8,142.8,142.8,142.8,142.8,142.8,142.8,142.8,142.8,142.8,142.8,142.8,142.8,142.8,142.8,142.8,142.8,142.8,142.8,142.8,142.8,142.8,142.8,142.8,142.8,142.8,142.8,142.8,142.8,142.8,142.8,142.8,142.8,142.8,142.8,142.8,142.8,142.8,142.8,142.8,142.8,142.8,142.8,142.8,142.8,142.8,142.8,142.8,142.8,142.8,142.8,142.8,142.8,142.8,142.8,142.8,142.8,142.8,142.8,142.8,142.8
2008-12-01,136.8,136.8,136.8,136.8,136.8,136.8,136.8,136.8,136.8,136.8,136.8,136.8,136.8,136.8,136.8,136.8,136.8,136.8,136.8,136.8,136.8,136.8,136.8,136.8,136.8,136.8,136.8,136.8,136.8,136.8,136.8,136.8,136.8,136.8,136.8,136.8,136.8,136.8,136.8,136.8,136.8,136.8,136.8,136.8,136.8,136.8,136.8,136.8,136.8,136.8,136.8,136.8,136.8,136.8,136.8,136.8,136.8,136.8,136.8,136.8,136.8,136.8,136.8,136.8,136.8,136.8,136.8,136.8,136.8,136.8,136.8,136.8,136.8,136.8,136.8,136.8,136.8,136.8,136.8,136.8,136.8,136.8,136.8,136.8,136.8,136.8,136.8,136.8,136.8,136.8,136.8,136.8,136.8,136.8,136.8,136.8,136.8,136.8,136.8,136.8,136.8,136.8,136.8,136.8,136.8,136.8,136.8,136.8,136.8,136.8,136.8,136.8,136.8,136.8,136.8,136.8,136.8,136.8,136.8,136.8,136.8,136.8,136.8,136.8,136.8,136.8,136.8,136.8,136.8,136.8,136.8,136.8,136.8,136.8,136.8,136.8,136.8,136.8,136.8,136.8,136.8,136.8,136.8,136.8,136.8,136.8,136.8,136.8,136.8,136.8,136.8,136.8,136.8,136.8,136.8,136.8,136.8,136.8,136.8,136.8,136.8,136.8,136.8,136.8,136.8,136.8,136.8,136.8,136.8,136.8,136.8,136.8,136.8,136.8,136.8,136.8,136.8,136.8,136.8,136.8,136.8,136.8,136.8,136.8,136.8,136.8,136.8,136.8,136.8,136.8,136.8,136.8,136.8,136.8,136.8,136.8,136.8,136.8
2009-01-01,134.0,134.0,134.0,134.0,134.0,134.0,134.0,134.0,134.0,134.0,134.0,134.0,134.0,134.0,134.0,134.0,134.0,134.0,134.0,134.0,134.0,134.0,134.0,134.0,134.0,134.0,134.0,134.0,134.0,134.0,134.0,134.0,134.0,134.0,134.0,134.0,134.0,134.0,134.0,134.0,134.0,134.0,134.0,134.0,134.0,134.0,134.0,134.0,134.0,134.0,134.0,134.0,134.0,134.0,134.0,134.0,134.0,134.0,134.0,134.0,134.0,134.0,134.0,134.0,134.0,134.0,134.0,134.0,134.0,134.0,134.0,134.0,134.0,134.0,134.0,134.0,134.0,134.0,134.0,134.0,134.0,134.0,134.0,134.0,134.0,134.0,134.0,134.0,134.0,134.0,134.0,134.0,134.0,134.0,134.0,134.0,134.0,134.0,134.0,134.0,134.0,134.0,134.0,134.0,134.0,134.0,134.0,134.0,134.0,134.0,134.0,134.0,134.0,134.0,134.0,134.0,134.0,134.0,134.0,134.0,134.0,134.0,134.0,134.0,134.0,134.0,134.0,134.0,134.0,134.0,134.0,134.0,134.0,134.0,134.0,134.0,134.0,134.0,134.0,134.0,134.0,134.0,134.0,134.0,134.0,134.0,134.0,134.0,134.0,134.0,134.0,134.0,134.0,134.0,134.0,134.0,134.0,134.0,134.0,134.0,134.0,134.0,134.0,134.0,134.0,134.0,134.0,134.0,134.0,134.0,134.0,134.0,134.0,134.0,134.0,134.0,134.0,134.0,134.0,134.0,134.0,134.0,134.0,134.0,134.0,134.0,134.0,134.0,134.0,134.0,134.0,134.0,134.0,134.0,134.0,134.0,134.0,134.0
2009-02-01,131.4,131.4,131.4,131.4,131.4,131.4,131.4,131.4,131.4,131.4,131.4,131.4,131.4,131.4,131.4,131.4,131.4,131.4,131.4,131.4,131.4,131.4,131.4,131.4,131.4,131.4,131.4,131.4,131.4,131.4,131.4,131.4,131.4,131.4,131.4,131.4,131.4,131.4,131.4,131.4,131.4,131.4,131.4,131.4,131.4,131.4,131.4,131.4,131.4,131.4,131.4,131.4,131.4,131.4,131.4,131.4,131.4,131.4,131.4,131.4,131.4,131.4,131.4,131.4,131.4,131.4,131.4,131.4,131.4,131.4,131.4,131.4,131.4,131.4,131.4,131.4,131.4,131.4,131.4,131.4,131.4,131.4,131.4,131.4,131.4,131.4,131.4,131.4,131.4,131.4,131.4,131.4,131.4,131.4,131.4,131.4,131.4,131.4,131.4,131.4,131.4,131.4,131.4,131.4,131.4,131.4,131.4,131.4,131.4,131.4,131.4,131.4,131.4,131.4,131.4,131.4,131.4,131.4,131.4,131.4,131.4,131.4,131.4,131.4,131.4,131.4,131.4,131.4,131.4,131.4,131.4,131.4,131.4,131.4,131.4,131.4,131.4,131.4,131.4,131.4,131.4,131.4,131.4,131.4,131.4,131.4,131.4,131.4,131.4,131.4,131.4,131.4,131.4,131.4,131.4,131.4,131.4,131.4,131.4,131.4,131.4,131.4,131.4,131.4,131.4,131.4,131.4,131.4,131.4,131.4,131.4,131.4,131.4,131.4,131.4,131.4,131.4,131.4,131.4,131.4,131.4,131.4,131.4,131.4,131.4,131.4,131.4,131.4,131.4,131.4,131.4,131.4,131.4,131.4,131.4,131.4,131.4,131.4
2009-03-01,127.5,127.5,127.5,127.5,127.5,127.5,127.5,127.5,127.5,127.5,127.5,127.5,127.5,127.5,127.5,127.5,127.5,127.5,127.5,127.5,127.5,127.5,127.5,127.5,127.5,127.5,127.5,127.5,127.5,127.5,127.5,127.5,127.5,127.5,127.5,127.5,127.5,127.5,127.5,127.5,127.5,127.5,127.5,127.5,127.5,127.5,127.5,127.5,127.5,127.5,127.5,127.5,127.5,127.5,127.5,127.5,127.5,127.5,127.5,127.5,127.5,127.5,127.5,127.5,127.5,127.5,127.5,127.5,127.5,127.5,127.5,127.5,127.5,127.5,127.5,127.5,127.5,127.5,127.5,127.5,127.5,127.5,127.5,127.5,127.5,127.5,127.5,127.5,127.5,127.5,127.5,127.5,127.5,127.5,127.5,127.5,127.5,127.5,127.5,127.5,127.5,127.5,127.5,127.5,127.5,127.5,127.5,127.5,127.5,127.5,127.5,127.5,127.5,127.5,127.5,127.5,127.5,127.5,127.5,127.5,127.5,127.5,127.5,127.5,127.5,127.5,127.5,127.5,127.5,127.5,127.5,127.5,127.5,127.5,127.5,127.5,127.5,127.5,127.5,127.5,127.5,127.5,127.5,127.5,127.5,127.5,127.5,127.5,127.5,127.5,127.5,127.5,127.5,127.5,127.5,127.5,127.5,127.5,127.5,127.5,127.5,127.5,127.5,127.5,127.5,127.5,127.5,127.5,127.5,127.5,127.5,127.5,127.5,127.5,127.5,127.5,127.5,127.5,127.5,127.5,127.5,127.5,127.5,127.5,127.5,127.5,127.5,127.5,127.5,127.5,127.5,127.5,127.5,127.5,127.5,127.5,127.5,127.5
2009-04-01,125.5,125.5,125.5,125.5,125.5,125.5,125.5,125.5,125.5,125.5,125.5,125.5,125.5,125.5,125.5,125.5,125.5,125.5,125.5,125.5,125.5,125.5,125.5,125.5,125.5,125.5,125.5,125.5,125.5,125.5,125.5,125.5,125.5,125.5,125.5,125.5,125.5,125.5,125.5,125.5,125.5,125.5,125.5,125.5,125.5,125.5,125.5,125.5,125.5,125.5,125.5,125.5,125.5,125.5,125.5,125.5,125.5,125.5,125.5,125.5,125.5,125.5,125.5,125.5,125.5,125.5,125.5,125.5,125.5,125.5,125.5,125.5,125.5,125.5,125.5,125.5,125.5,125.5,125.5,125.5,125.5,125.5,125.5,125.5,125.5,125.5,125.5,125.5,125.5,125.5,125.5,125.5,125.5,125.5,125.5,125.5,125.5,125.5,125.5,125.5,125.5,125.5,125.5,125.5,125.5,125.5,125.5,125.5,125.5,125.5,125.5,125.5,125.5,125.5,125.5,125.5,125.5,125.5,125.5,125.5,125.5,125.5,125.5,125.5,125.5,125.5,125.5,125.5,125.5,125.5,125.5,125.5,125.5,125.5,125.5,125.5,125.5,125.5,125.5,125.5,125.5,125.5,125.5,125.5,125.5,125.5,125.5,125.5,125.5,125.5,125.5,125.5,125.5,125.5,125.5,125.5,125.5,125.5,125.5,125.5,125.5,125.5,125.5,125.5,125.5,125.5,125.5,125.5,125.5,125.5,125.5,125.5,125.5,125.5,125.5,125.5,125.5,125.5,125.5,125.5,125.5,125.5,125.5,125.5,125.5,125.5,125.5,125.5,125.5,125.5,125.5,125.5,125.5,125.5,125.5,125.5,125.5,125.5
2009-05-01,124.3,124.3,124.3,124.3,124.3,124.3,124.3,124.3,124.3,124.3,124.3,124.3,124.3,124.3,124.3,124.3,124.3,124.3,124.3,124.3,124.3,124.3,124.3,124.3,124.3,124.3,124.3,124.3,124.3,124.3,124.3,124.3,124.3,124.3,124.3,124.3,124.3,124.3,124.3,124.3,124.3,124.3,124.3,124.3,124.3,124.3,124.3,124.3,124.3,124.3,124.3,124.3,124.3,124.3,124.3,124.3,124.3,124.3,124.3,124.3,124.3,124.3,124.3,124.3,124.3,124.3,124.3,124.3,124.3,124.3,124.3,124.3,124.3,124.3,124.3,124.3,124.3,124.3,124.3,124.3,124.3,124.3,124.3,124.3,124.3,124.3,124.3,124.3,124.3,124.3,124.3,124.3,124.3,124.3,124.3,124.3,124.3,124.3,124.3,124.3,124.3,124.3,124.3,124.3,124.3,124.3,124.3,124.3,124.3,124.3,124.3,124.3,124.3,124.3,124.3,124.3,124.3,124.3,124.3,124.3,124.3,124.3,124.3,124.3,124.3,124.3,124.3,124.3,124.3,124.3,124.3,124.3,124.3,124.3,124.3,124.3,124.3,124.3,124.3,124.3,124.3,124.3,124.3,124.3,124.3,124.3,124.3,124.3,124.3,124.3,124.3,124.3,124.3,124.3,124.3,124.3,124.3,124.3,124.3,124.3,124.3,124.3,124.3,124.3,124.3,124.3,124.3,124.3,124.3,124.3,124.3,124.3,124.3,124.3,124.3,124.3,124.3,124.3,124.3,124.3,124.3,124.3,124.3,124.3,124.3,124.3,124.3,124.3,124.3,124.3,124.3,124.3,124.3,124.3,124.3,124.3,124.3,124.3
2009-06-01,125.1,125.1,125.1,125.1,125.1,125.1,125.1,125.1,125.1,125.1,125.1,125.1,125.1,125.1,125.1,125.1,125.1,125.1,125.1,125.1,125.1,125.1,125.1,125.1,125.1,125.1,125.1,125.1,125.1,125.1,125.1,125.1,125.1,125.1,125.1,125.1,125.1,125.1,125.1,125.1,125.1,125.1,125.1,125.1,125.1,125.1,125.1,125.1,125.1,125.1,125.1,125.1,125.1,125.1,125.1,125.1,125.1,125.1,125.1,125.1,125.1,125.1,125.1,125.1,125.1,125.1,125.1,125.1,125.1,125.1,125.1,125.1,125.1,125.1,125.1,125.1,125.1,125.1,125.1,125.1,125.1,125.1,125.1,125.1,125.1,125.1,125.1,125.1,125.1,125.1,125.1,125.1,125.1,125.1,125.1,125.1,125.1,125.1,125.1,125.1,125.1,125.1,125.1,125.1,125.1,125.1,125.1,125.1,125.1,125.1,125.1,125.1,125.1,125.1,125.1,125.1,125.1,125.1,125.1,125.1,125.1,125.1,125.1,125.1,125.1,125.1,125.1,125.1,125.1,125.1,125.1,125.1,125.1,125.1,125.1,125.1,125.1,125.1,125.1,125.1,125.1,125.1,125.1,125.1,125.1,125.1,125.1,125.1,125.1,125.1,125.1,125.1,125.1,125.1,125.1,125.1,125.1,125.1,125.1,125.1,125.1,125.1,125.1,125.1,125.1,125.1,125.1,125.1,125.1,125.1,125.1,125.1,125.1,125.1,125.1,125.1,125.1,125.1,125.1,125.1,125.1,125.1,125.1,125.1,125.1,125.1,125.1,125.1,125.1,125.1,125.1,125.1,125.1,125.1,125.1,125.1,125.1,125.1
2009-07-01,125.3,125.3,125.3,125.3,125.3,125.3,125.3,125.3,125.3,125.3,125.3,125.3,125.3,125.3,125.3,125.3,125.3,125.3,125.3,125.3,125.3,125.3,125.3,125.3,125.3,125.3,125.3,125.3,125.3,125.3,125.3,125.3,125.3,125.3,125.3,125.3,125.3,125.3,125.3,125.3,125.3,125.3,125.3,125.3,125.3,125.3,125.3,125.3,125.3,125.3,125.3,125.3,125.3,125.3,125.3,125.3,125.3,125.3,125.3,125.3,125.3,125.3,125.3,125.3,125.3,125.3,125.3,125.3,125.3,125.3,125.3,125.3,125.3,125.3,125.3,125.3,125.3,125.3,125.3,125.3,125.3,125.3,125.3,125.3,125.3,125.3,125.3,125.3,125.3,125.3,125.3,125.3,125.3,125.3,125.3,125.3,125.3,125.3,125.3,125.3,125.3,125.3,125.3,125.3,125.3,125.3,125.3,125.3,125.3,125.3,125.3,125.3,125.3,125.3,125.3,125.3,125.3,125.3,125.3,125.3,125.3,125.3,125.3,125.3,125.3,125.3,125.3,125.3,125.3,125.3,125.3,125.3,125.3,125.3,125.3,125.3,125.3,125.3,125.3,125.3,125.3,125.3,125.3,125.3,125.3,125.3,125.3,125.3,125.3,125.3,125.3,125.3,125.3,125.3,125.3,125.3,125.3,125.3,125.3,125.3,125.3,125.3,125.3,125.3,125.3,125.3,125.3,125.3,125.3,125.3,125.3,125.3,125.3,125.3,125.3,125.3,125.3,125.3,125.3,125.3,125.3,125.3,125.3,125.3,125.3,125.3,125.3,125.3,125.3,125.3,125.3,125.3,125.3,125.3,125.3,125.3,125.3,125.3
2009-08-01,125.9,125.9,125.9,125.9,125.9,125.9,125.9,125.9,125.9,125.9,125.9,125.9,125.9,125.9,125.9,125.9,125.9,125.9,125.9,125.9,125.9,125.9,125.9,125.9,125.9,125.9,125.9,125.9,125.9,125.9,125.9,125.9,125.9,125.9,125.9,125.9,125.9,125.9,125.9,125.9,125.9,125.9,125.9,125.9,125.9,125.9,125.9,125.9,125.9,125.9,125.9,125.9,125.9,125.9,125.9,125.9,125.9,125.9,125.9,125.9,125.9,125.9,125.9,125.9,125.9,125.9,125.9,125.9,125.9,125.9,125.9,125.9,125.9,125.9,125.9,125.9,125.9,125.9,125.9,125.9,125.9,125.9,125.9,125.9,125.9,125.9,125.9,125.9,125.9,125.9,125.9,125.9,125.9,125.9,125.9,125.9,125.9,125.9,125.9,125.9,125.9,125.9,125.9,125.9,125.9,125.9,125.9,125.9,125.9,125.9,125.9,125.9,125.9,125.9,125.9,125.9,125.9,125.9,125.9,125.9,125.9,125.9,125.9,125.9,125.9,125.9,125.9,125.9,125.9,125.9,125.9,125.9,125.9,125.9,125.9,125.9,125.9,125.9,125.9,125.9,125.9,125.9,125.9,125.9,125.9,125.9,125.9,125.9,125.9,125.9,125.9,125.9,125.9,125.9,125.9,125.9,125.9,125.9,125.9,125.9,125.9,125.9,125.9,125.9,125.9,125.9,125.9,125.9,125.9,125.9,125.9,125.9,125.9,125.9,125.9,125.9,125.9,125.9,125.9,125.9,125.9,125.9,125.9,125.9,125.9,125.9,125.9,125.9,125.9,125.9,125.9,125.9,125.9,125.9,125.9,125.9,125.9,125.9
2009-09-01,127.4,127.4,127.4,127.4,127.4,127.4,127.4,127.4,127.4,127.4,127.4,127.4,127.4,127.4,127.4,127.4,127.4,127.4,127.4,127.4,127.4,127.4,127.4,127.4,127.4,127.4,127.4,127.4,127.4,127.4,127.4,127.4,127.4,127.4,127.4,127.4,127.4,127.4,127.4,127.4,127.4,127.4,127.4,127.4,127.4,127.4,127.4,127.4,127.4,127.4,127.4,127.4,127.4,127.4,127.4,127.4,127.4,127.4,127.4,127.4,127.4,127.4,127.4,127.4,127.4,127.4,127.4,127.4,127.4,127.4,127.4,127.4,127.4,127.4,127.4,127.4,127.4,127.4,127.4,127.4,127.4,127.4,127.4,127.4,127.4,127.4,127.4,127.4,127.4,127.4,127.4,127.4,127.4,127.4,127.4,127.4,127.4,127.4,127.4,127.4,127.4,127.4,127.4,127.4,127.4,127.4,127.4,127.4,127.4,127.4,127.4,127.4,127.4,127.4,127.4,127.4,127.4,127.4,127.4,127.4,127.4,127.4,127.4,127.4,127.4,127.4,127.4,127.4,127.4,127.4,127.4,127.4,127.4,127.4,127.4,127.4,127.4,127.4,127.4,127.4,127.4,127.4,127.4,127.4,127.4,127.4,127.4,127.4,127.4,127.4,127.4,127.4,127.4,127.4,127.4,127.4,127.4,127.4,127.4,127.4,127.4,127.4,127.4,127.4,127.4,127.4,127.4,127.4,127.4,127.4,127.4,127.4,127.4,127.4,127.4,127.4,127.4,127.4,127.4,127.4,127.4,127.4,127.4,127.4,127.4,127.4,127.4,127.4,127.4,127.4,127.4,127.4,127.4,127.4,127.4,127.4,127.4,127.4
2009-10-01,134.8,134.8,134.8,134.8,134.8,134.8,134.8,134.8,134.8,134.8,134.8,134.8,134.8,134.8,134.8,134.8,134.8,134.8,134.8,134.8,134.8,134.8,134.8,134.8,134.8,134.8,134.8,134.8,134.8,134.8,134.8,134.8,134.8,134.8,134.8,134.8,134.8,134.8,134.8,134.8,134.8,134.8,134.8,134.8,134.8,134.8,134.8,134.8,134.8,134.8,134.8,134.8,134.8,134.8,134.8,134.8,134.8,134.8,134.8,134.8,134.8,134.8,134.8,134.8,134.8,134.8,134.8,134.8,134.8,134.8,134.8,134.8,134.8,134.8,134.8,134.8,134.8,134.8,134.8,134.8,134.8,134.8,134.8,134.8,134.8,134.8,134.8,134.8,134.8,134.8,134.8,134.8,134.8,134.8,134.8,134.8,134.8,134.8,134.8,134.8,134.8,134.8,134.8,134.8,134.8,134.8,134.8,134.8,134.8,134.8,134.8,134.8,134.8,134.8,134.8,134.8,134.8,134.8,134.8,134.8,134.8,134.8,134.8,134.8,134.8,134.8,134.8,134.8,134.8,134.8,134.8,134.8,134.8,134.8,134.8,134.8,134.8,134.8,134.8,134.8,134.8,134.8,134.8,134.8,134.8,134.8,134.8,134.8,134.8,134.8,134.8,134.8,134.8,134.8,134.8,134.8,134.8,134.8,134.8,134.8,134.8,134.8,134.8,134.8,134.8,134.8,134.8,134.8,134.8,134.8,134.8,134.8,134.8,134.8,134.8,134.8,134.8,134.8,134.8,134.8,134.8,134.8,134.8,134.8,134.8,134.8,134.8,134.8,134.8,134.8,134.8,134.8,134.8,134.8,134.8,134.8,134.8,134.8
2009-11-01,140.3,140.3,140.3,140.3,140.3,140.3,140.3,140.3,140.3,140.3,140.3,140.3,140.3,140.3,140.3,140.3,140.3,140.3,140.3,140.3,140.3,140.3,140.3,140.3,140.3,140.3,140.3,140.3,140.3,140.3,140.3,140.3,140.3,140.3,140.3,140.3,140.3,140.3,140.3,140.3,140.3,140.3,140.3,140.3,140.3,140.3,140.3,140.3,140.3,140.3,140.3,140.3,140.3,140.3,140.3,140.3,140.3,140.3,140.3,140.3,140.3,140.3,140.3,140.3,140.3,140.3,140.3,140.3,140.3,140.3,140.3,140.3,140.3,140.3,140.3,140.3,140.3,140.3,140.3,140.3,140.3,140.3,140.3,140.3,140.3,140.3,140.3,140.3,140.3,140.3,140.3,140.3,140.3,140.3,140.3,140.3,140.3,140.3,140.3,140.3,140.3,140.3,140.3,140.3,140.3,140.3,140.3,140.3,140.3,140.3,140.3,140.3,140.3,140.3,140.3,140.3,140.3,140.3,140.3,140.3,140.3,140.3,140.3,140.3,140.3,140.3,140.3,140.3,140.3,140.3,140.3,140.3,140.3,140.3,140.3,140.3,140.3,140.3,140.3,140.3,140.3,140.3,140.3,140.3,140.3,140.3,140.3,140.3,140.3,140.3,140.3,140.3,140.3,140.3,140.3,140.3,140.3,140.3,140.3,140.3,140.3,140.3,140.3,140.3,140.3,140.3,140.3,140.3,140.3,140.3,140.3,140.3,140.3,140.3,140.3,140.3,140.3,140.3,140.3,140.3,140.3,140.3,140.3,140.3,140.3,140.3,140.3,140.3,140.3,140.3,140.3,140.3,140.3,140.3,140.3,140.3,140.3,140.3
2009-12-01,147.3,147.3,147.3,147.3,147.3,147.3,147.3,147.3,147.3,147.3,147.3,147.3,147.3,147.3,147.3,147.3,147.3,147.3,147.3,147.3,147.3,147.3,147.3,147.3,147.3,147.3,147.3,147.3,147.3,147.3,147.3,147.3,147.3,147.3,147.3,147.3,147.3,147.3,147.3,147.3,147.3,147.3,147.3,147.3,147.3,147.3,147.3,147.3,147.3,147.3,147.3,147.3,147.3,147.3,147.3,147.3,147.3,147.3,147.3,147.3,147.3,147.3,147.3,147.3,147.3,147.3,147.3,147.3,147.3,147.3,147.3,147.3,147.3,147.3,147.3,147.3,147.3,147.3,147.3,147.3,147.3,147.3,147.3,147.3,147.3,147.3,147.3,147.3,147.3,147.3,147.3,147.3,147.3,147.3,147.3,147.3,147.3,147.3,147.3,147.3,147.3,147.3,147.3,147.3,147.3,147.3,147.3,147.3,147.3,147.3,147.3,147.3,147.3,147.3,147.3,147.3,147.3,147.3,147.3,147.3,147.3,147.3,147.3,147.3,147.3,147.3,147.3,147.3,147.3,147.3,147.3,147.3,147.3,147.3,147.3,147.3,147.3,147.3,147.3,147.3,147.3,147.3,147.3,147.3,147.3,147.3,147.3,147.3,147.3,147.3,147.3,147.3,147.3,147.3,147.3,147.3,147.3,147.3,147.3,147.3,147.3,147.3,147.3,147.3,147.3,147.3,147.3,147.3,147.3,147.3,147.3,147.3,147.3,147.3,147.3,147.3,147.3,147.3,147.3,147.3,147.3,147.3,147.3,147.3,147.3,147.3,147.3,147.3,147.3,147.3,147.3,147.3,147.3,147.3,147.3,147.3,147.3,147.3
2010-01-01,141.0,144.0,144.0,144.0,144.0,144.0,144.0,144.0,144.0,144.0,144.0,144.0,144.0,144.0,144.0,144.0,144.0,144.0,144.0,144.0,144.0,144.0,144.0,144.0,144.0,144.0,144.0,144.0,144.0,144.0,144.0,144.0,144.0,144.0,144.0,144.0,144.0,144.0,144.0,144.0,144.0,144.0,144.0,144.0,144.0,144.0,144.0,144.0,144.0,144.0,144.0,144.0,144.0,144.0,144.0,144.0,144.0,144.0,144.0,144.0,144.0,144.0,144.0,144.0,144.0,144.0,144.0,144.0,144.0,144.0,144.0,144.0,144.0,144.0,144.0,144.0,144.0,144.0,144.0,144.0,144.0,144.0,144.0,144.0,144.0,144.0,144.0,144.0,144.0,144.0,144.0,144.0,144.0,144.0,144.0,144.0,144.0,144.0,144.0,144.0,144.0,144.0,144.0,144.0,144.0,144.0,144.0,144.0,144.0,144.0,144.0,144.0,144.0,144.0,144.0,144.0,144.0,144.0,144.0,144.0,144.0,144.0,144.0,144.0,144.0,144.0,144.0,144.0,144.0,144.0,144.0,144.0,144.0,144.0,144.0,144.0,144.0,144.0,144.0,144.0,144.0,144.0,144.0,144.0,144.0,144.0,144.0,144.0,144.0,144.0,144.0,144.0,144.0,144.0,144.0,144.0,144.0,144.0,144.0,144.0,144.0,144.0,144.0,144.0,144.0,144.0,144.0,144.0,144.0,144.0,144.0,144.0,144.0,144.0,144.0,144.0,144.0,144.0,144.0,144.0,144.0,144.0,144.0,144.0,144.0,144.0,144.0,144.0,144.0,144.0,144.0,144.0,144.0,144.0,144.0,144.0,144.0,144.0
2010-02-01,140.1,143.1,143.1,143.1,143.1,143.1,143.1,143.1,143.1,143.1,143.1,143.1,143.1,143.1,143.1,143.1,143.1,143.1,143.1,143.1,143.1,143.1,143.1,143.1,143.1,143.1,143.1,143.1,143.1,143.1,143.1,143.1,143.1,143.1,143.1,143.1,143.1,143.1,143.1,143.1,143.1,143.1,143.1,143.1,143.1,143.1,143.1,143.1,143.1,143.1,143.1,143.1,143.1,143.1,143.1,143.1,143.1,143.1,143.1,143.1,143.1,143.1,143.1,143.1,143.1,143.1,143.1,143.1,143.1,143.1,143.1,143.1,143.1,143.1,143.1,143.1,143.1,143.1,143.1,143.1,143.1,143.1,143.1,143.1,143.1,143.1,143.1,143.1,143.1,143.1,143.1,143.1,143.1,143.1,143.1,143.1,143.1,143.1,143.1,143.1,143.1,143.1,143.1,143.1,143.1,143.1,143.1,143.1,143.1,143.1,143.1,143.1,143.1,143.1,143.1,143.1,143.1,143.1,143.1,143.1,143.1,143.1,143.1,143.1,143.1,143.1,143.1,143.1,143.1,143.1,143.1,143.1,143.1,143.1,143.1,143.1,143.1,143.1,143.1,143.1,143.1,143.1,143.1,143.1,143.1,143.1,143.1,143.1,143.1,143.1,143.1,143.1,143.1,143.1,143.1,143.1,143.1,143.1,143.1,143.1,143.1,143.1,143.1,143.1,143.1,143.1,143.1,143.1,143.1,143.1,143.1,143.1,143.1,143.1,143.1,143.1,143.1,143.1,143.1,143.1,143.1,143.1,143.1,143.1,143.1,143.1,143.1,143.1,143.1,143.1,143.1,143.1,143.1,143.1,143.1,143.1,143.1,143.1
2010-03-01,,143.6,143.6,144.3,144.3,144.3,144.3,144.3,144.3,144.3,144.3,144.3,144.3,144.3,144.3,144.3,144.3,144.3,144.3,144.3,144.3,144.3,144.3,144.3,144.3,144.3,144.3,144.3,144.3,144.3,144.3,144.3,144.3,144.3,144.3,144.3,144.3,144.3,144.3,144.3,144.3,144.3,144.3,144.3,144.3,144.3,144.3,144.3,144.3,144.3,144.3,144.3,144.3,144.3,144.3,144.3,144.3,144.3,144.3,144.3,144.3,144.3,144.3,144.3,144.3,144.3,144.3,144.3,144.3,144.3,144.3,144.3,144.3,144.3,144.3,144.3,144.3,144.3,144.3,144.3,144.3,144.3,144.3,144.3,144.3,144.3,144.3,144.3,144.3,144.3,144.3,144.3,144.3,144.3,144.3,144.3,144.3,144.3,144.3,144.3,144.3,144.3,144.3,144.3,144.3,144.3,144.3,144.3,144.3,144.3,144.3,144.3,144.3,144.3,144.3,144.3,144.3,144.3,144.3,144.3,144.3,144.3,144.3,144.3,144.3,144.3,144.3,144.3,144.3,144.3,144.3,144.3,144.3,144.3,144.3,144.3,144.3,144.3,144.3,144.3,144.3,144.3,144.3,144.3,144.3,144.3,144.3,144.3,144.3,144.3,144.3,144.3,144.3,144.3,144.3,144.3,144.3,144.3,144.3,144.3,144.3,144.3,144.3,144.3,144.3,144.3,144.3,144.3,144.3,144.3,144.3,144.3,144.3,144.3,144.3,144.3,144.3,144.3,144.3,144.3,144.3,144.3,144.3,144.3,144.3,144.3,144.3,144.3,144.3,144.3,144.3,144.3,144.3,144.3,144.3,144.3,144.3,144.3
2010-04-01,,,143.4,144.7,144.9,144.9,144.9,144.9,144.9,144.9,144.9,144.9,144.9,144.9,144.9,144.9,144.9,144.9,144.9,144.9,144.9,144.9,144.9,144.9,144.9,144.9,144.9,144.9,144.9,144.9,144.9,144.9,144.9,144.9,144.9,144.9,144.9,144.9,144.9,144.9,144.9,144.9,144.9,144.9,144.9,144.9,144.9,144.9,144.9,144.9,144.9,144.9,144.9,144.9,144.9,144.9,144.9,144.9,144.9,144.9,144.9,144.9,144.9,144.9,144.9,144.9,144.9,144.9,144.9,144.9,144.9,144.9,144.9,144.9,144.9,144.9,144.9,144.9,144.9,144.9,144.9,144.9,144.9,144.9,144.9,144.9,144.9,144.9,144.9,144.9,144.9,144.9,144.9,144.9,144.9,144.9,144.9,144.9,144.9,144.9,144.9,144.9,144.9,144.9,144.9,144.9,144.9,144.9,144.9,144.9,144.9,144.9,144.9,144.9,144.9,144.9,144.9,144.9,144.9,144.9,144.9,144.9,144.9,144.9,144.9,144.9,144.9,144.9,144.9,144.9,144.9,144.9,144.9,144.9,144.9,144.9,144.9,144.9,144.9,144.9,144.9,144.9,144.9,144.9,144.9,144.9,144.9,144.9,144.9,144.9,144.9,144.9,144.9,144.9,144.9,144.9,144.9,144.9,144.9,144.9,144.9,144.9,144.9,144.9,144.9,144.9,144.9,144.9,144.9,144.9,144.9,144.9,144.9,144.9,144.9,144.9,144.9,144.9,144.9,144.9,144.9,144.9,144.9,144.9,144.9,144.9,144.9,144.9,144.9,144.9,144.9,144.9,144.9,144.9,144.9,144.9,144.9,144.9
2010-05-01,,,,146.7,146.8,146.9,147.2,147.2,147.2,147.2,147.2,147.2,147.2,147.2,147.2,147.2,147.2,147.2,147.2,147.2,147.2,147.2,147.2,147.2,147.2,147.2,147.2,147.2,147.2,147.2,147.2,147.2,147.2,147.2,147.2,147.2,147.2,147.2,147.2,147.2,147.2,147.2,147.2,147.2,147.2,147.2,147.2,147.2,147.2,147.2,147.2,147.2,147.2,147.2,147.2,147.2,147.2,147.2,147.2,147.2,147.2,147.2,147.2,147.2,147.2,147.2,147.2,147.2,147.2,147.2,147.2,147.2,147.2,147.2,147.2,147.2,147.2,147.2,147.2,147.2,147.2,147.2,147.2,147.2,147.2,147.2,147.2,147.2,147.2,147.2,147.2,147.2,147.2,147.2,147.2,147.2,147.2,147.2,147.2,147.2,147.2,147.2,147.2,147.2,147.2,147.2,147.2,147.2,147.2,147.2,147.2,147.2,147.2,147.2,147.2,147.2,147.2,147.2,147.2,147.2,147.2,147.2,147.2,147.2,147.2,147.2,147.2,147.2,147.2,147.2,147.2,147.2,147.2,147.2,147.2,147.2,147.2,147.2,147.2,147.2,147.2,147.2,147.2,147.2,147.2,147.2,147.2,147.2,147.2,147.2,147.2,147.2,147.2,147.2,147.2,147.2,147.2,147.2,147.2,147.2,147.2,147.2,147.2,147.2,147.2,147.2,147.2,147.2,147.2,147.2,147.2,147.2,147.2,147.2,147.2,147.2,147.2,147.2,147.2,147.2,147.2,147.2,147.2,147.2,147.2,147.2,147.2,147.2,147.2,147.2,147.2,147.2,147.2,147.2,147.2,147.2,147.2,147.2
2010-06-01,,,,,146.2,146.8,147.1,147.1,147.1,147.1,147.1,147.1,147.1,147.1,147.1,147.1,147.1,147.1,147.1,147.1,147.1,147.1,147.1,147.1,147.1,147.1,147.1,147.1,147.1,147.1,147.1,147.1,147.1,147.1,147.1,147.1,147.1,147.1,147.1,147.1,147.1,147.1,147.1,147.1,147.1,147.1,147.1,147.1,147.1,147.1,147.1,147.1,147.1,147.1,147.1,147.1,147.1,147.1,147.1,147.1,147.1,147.1,147.1,147.1,147.1,147.1,147.1,147.1,147.1,147.1,147.1,147.1,147.1,147.1,147.1,147.1,147.1,147.1,147.1,147.1,147.1,147.1,147.1,147.1,147.1,147.1,147.1,147.1,147.1,147.1,147.1,147.1,147.1,147.1,147.1,147.1,147.1,147.1,147.1,147.1,147.1,147.1,147.1,147.1,147.1,147.1,147.1,147.1,147.1,147.1,147.1,147.1,147.1,147.1,147.1,147.1,147.1,147.1,147.1,147.1,147.1,147.1,147.1,147.1,147.1,147.1,147.1,147.1,147.1,147.1,147.1,147.1,147.1,147.1,147.1,147.1,147.1,147.1,147.1,147.1,147.1,147.1,147.1,147.1,147.1,147.1,147.1,147.1,147.1,147.1,147.1,147.1,147.1,147.1,147.1,147.1,147.1,147.1,147.1,147.1,147.1,147.1,147.1,147.1,147.1,147.1,147.1,147.1,147.1,147.1,147.1,147.1,147.1,147.1,147.1,147.1,147.1,147.1,147.1,147.1,147.1,147.1,147.1,147.1,147.1,147.1,147.1,147.1,147.1,147.1,147.1,147.1,147.1,147.1,147.1,147.1,147.1,147.1
2010-07-01,,,,,,144.7,145.0,145.0,145.0,145.0,145.0,145.0,145.0,145.0,145.0,145.0,145.0,145.0,145.0,145.0,145.0,145.0,145.0,145.0,145.0,145.0,145.0,145.0,145.0,145.0,145.0,145.0,145.0,145.0,145.0,145.0,145.0,145.0,145.0,145.0,145.0,145.0,145.0,145.0,145.0,145.0,145.0,145.0,145.0,145.0,145.0,145.0,145.0,145.0,145.0,145.0,145.0,145.0,145.0,145.0,145.0,145.0,145.0,145.0,145.0,145.0,145.0,145.0,145.0,145.0,145.0,145.0,145.0,145.0,145.0,145.0,145.0,145.0,145.0,145.0,145.0,145.0,145.0,145.0,145.0,145.0,145.0,145.0,145.0,145.0,145.0,145.0,145.0,145.0,145.0,145.0,145.0,145.0,145.0,145.0,145.0,145.0,145.0,145.0,145.0,145.0,145.0,145.0,145.0,145.0,145.0,145.0,145.0,145.0,145.0,145.0,145.0,145.0,145.0,145.0,145.0,145.0,145.0,145.0,145.0,145.0,145.0,145.0,145.0,145.0,145.0,145.0,145.0,145.0,145.0,145.0,145.0,145.0,145.0,145.0,145.0,145.0,145.0,145.0,145.0,145.0,145.0,145.0,145.0,145.0,145.0,145.0,145.0,145.0,145.0,145.0,145.0,145.0,145.0,145.0,145.0,145.0,145.0,145.0,145.0,145.0,145.0,145.0,145.0,145.0,145.0,145.0,145.0,145.0,145.0,145.0,145.0,145.0,145.0,145.0,145.0,145.0,145.0,145.0,145.0,145.0,145.0,145.0,145.0,145.0,145.0,145.0,145.0,145.0,145.0,145.0,145.0,145.0
2010-08-01,,,,,,,146.7,146.7,146.7,146.7,146.7,146.7,146.7,146.7,146.7,146.7,146.7,146.7,146.7,146.7,146.7,146.7,146.7,146.7,146.7,146.7,146.7,146.7,146.7,146.7,146.7,146.7,146.7,146.7,146.7,146.7,146.7,146.7,146.7,146.7,146.7,146.7,146.7,146.7,146.7,146.7,146.7,146.7,146.7,146.7,146.7,146.7,146.7,146.7,146.7,146.7,146.7,146.7,146.7,146.7,146.7,146.7,146.7,146.7,146.7,146.7,146.7,146.7,146.7,146.7,146.7,146.7,146.7,146.7,146.7,146.7,146.7,146.7,146.7,146.7,146.7,146.7,146.7,146.7,146.7,146.7,146.7,146.7,146.7,146.7,146.7,146.7,146.7,146.7,146.7,146.7,146.7,146.7,146.7,146.7,146.7,146.7,146.7,146.7,146.7,146.7,146.7,146.7,146.7,146.7,146.7,146.7,146.7,146.7,146.7,146.7,146.7,146.7,146.7,146.7,146.7,146.7,146.7,146.7,146.7,146.7,146.7,146.7,146.7,146.7,146.7,146.7,146.7,146.7,146.7,146.7,146.7,146.7,146.7,146.7,146.7,146.7,146.7,146.7,146.7,146.7,146.7,146.7,146.7,146.7,146.7,146.7,146.7,146.7,146.7,146.7,146.7,146.7,146.7,146.7,146.7,146.7,146.7,146.7,146.7,146.7,146.7,146.7,146.7,146.7,146.7,146.7,146.7,146.7,146.7,146.7,146.7,146.7,146.7,146.7,146.7,146.7,146.7,146.7,146.7,146.7,146.7,146.7,146.7,146.7,146.7,146.7,146.7,146.7,146.7,146.7,146.7,146.7
2010-09-01,,,,,,,,147.2,147.2,147.2,147.2,147.2,147.2,147.2,147.2,147.2,147.2,147.2,147.2,147.2,147.2,147.2,147.2,147.2,147.2,147.2,147.2,147.2,147.2,147.2,147.2,147.2,147.2,147.2,147.2,147.2,147.2,147.2,147.2,147.2,147.2,147.2,147.2,147.2,147.2,147.2,147.2,147.2,147.2,147.2,147.2,147.2,147.2,147.2,147.2,147.2,147.2,147.2,147.2,147.2,147.2,147.2,147.2,147.2,147.2,147.2,147.2,147.2,147.2,147.2,147.2,147.2,147.2,147.2,147.2,147.2,147.2,147.2,147.2,147.2,147.2,147.2,147.2,147.2,147.2,147.2,147.2,147.2,147.2,147.2,147.2,147.2,147.2,147.2,147.2,147.2,147.2,147.2,147.2,147.2,147.2,147.2,147.2,147.2,147.2,147.2,147.2,147.2,147.2,147.2,147.2,147.2,147.2,147.2,147.2,147.2,147.2,147.2,147.2,147.2,147.2,147.2,147.2,147.2,147.2,147.2,147.2,147.2,147.2,147.2,147.2,147.2,147.2,147.2,147.2,147.2,147.2,147.2,147.2,147.2,147.2,147.2,147.2,147.2,147.2,147.2,147.2,147.2,147.2,147.2,147.2,147.2,147.2,147.2,147.2,147.2,147.2,147.2,147.2,147.2,147.2,147.2,147.2,147.2,147.2,147.2,147.2,147.2,147.2,147.2,147.2,147.2,147.2,147.2,147.2,147.2,147.2,147.2,147.2,147.2,147.2,147.2,147.2,147.2,147.2,147.2,147.2,147.2,147.2,147.2,147.2,147.2,147.2,147.2,147.2,147.2,147.2,147.2
2010-10-01,,,,,,,,,149.4,149.5,149.5,149.5,149.5,149.5,149.5,149.5,149.5,149.5,149.5,149.5,149.5,149.5,149.5,149.5,149.5,149.5,149.5,149.5,149.5,149.5,149.5,149.5,149.5,149.5,149.5,149.5,149.5,149.5,149.5,149.5,149.5,149.5,149.5,149.5,149.5,149.5,149.5,149.5,149.5,149.5,149.5,149.5,149.5,149.5,149.5,149.5,149.5,149.5,149.5,149.5,149.5,149.5,149.5,149.5,149.5,149.5,149.5,149.5,149.5,149.5,149.5,149.5,149.5,149.5,149.5,149.5,149.5,149.5,149.5,149.5,149.5,149.5,149.5,149.5,149.5,149.5,149.5,149.5,149.5,149.5,149.5,149.5,149.5,149.5,149.5,149.5,149.5,149.5,149.5,149.5,149.5,149.5,149.5,149.5,149.5,149.5,149.5,149.5,149.5,149.5,149.5,149.5,149.5,149.5,149.5,149.5,149.5,149.5,149.5,149.5,149.5,149.5,149.5,149.5,149.5,149.5,149.5,149.5,149.5,149.5,149.5,149.5,149.5,149.5,149.5,149.5,149.5,149.5,149.5,149.5,149.5,149.5,149.5,149.5,149.5,149.5,149.5,149.5,149.5,149.5,149.5,149.5,149.5,149.5,149.5,149.5,149.5,149.5,149.5,149.5,149.5,149.5,149.5,149.5,149.5,149.5,149.5,149.5,149.5,149.5,149.5,149.5,149.5,149.5,149.5,149.5,149.5,149.5,149.5,149.5,149.5,149.5,149.5,149.5,149.5,149.5,149.5,149.5,149.5,149.5,149.5,149.5,149.5,149.5,149.5,149.5,149.5,149.5
2010-11-01,,,,,,,,,,153.2,152.8,152.7,152.8,152.8,152.8,152.8,152.8,152.8,152.8,152.8,152.8,152.8,152.8,152.8,152.8,152.8,152.8,152.8,152.8,152.8,152.8,152.8,152.8,152.8,152.8,152.8,152.8,152.8,152.8,152.8,152.8,152.8,152.8,152.8,152.8,152.8,152.8,152.8,152.8,152.8,152.8,152.8,152.8,152.8,152.8,152.8,152.8,152.8,152.8,152.8,152.8,152.8,152.8,152.8,152.8,152.8,152.8,152.8,152.8,152.8,152.8,152.8,152.8,152.8,152.8,152.8,152.8,152.8,152.8,152.8,152.8,152.8,152.8,152.8,152.8,152.8,152.8,152.8,152.8,152.8,152.8,152.8,152.8,152.8,152.8,152.8,152.8,152.8,152.8,152.8,152.8,152.8,152.8,152.8,152.8,152.8,152.8,152.8,152.8,152.8,152.8,152.8,152.8,152.8,152.8,152.8,152.8,152.8,152.8,152.8,152.8,152.8,152.8,152.8,152.8,152.8,152.8,152.8,152.8,152.8,152.8,152.8,152.8,152.8,152.8,152.8,152.8,152.8,152.8,152.8,152.8,152.8,152.8,152.8,152.8,152.8,152.8,152.8,152.8,152.8,152.8,152.8,152.8,152.8,152.8,152.8,152.8,152.8,152.8,152.8,152.8,152.8,152.8,152.8,152.8,152.8,152.8,152.8,152.8,152.8,152.8,152.8,152.8,152.8,152.8,152.8,152.8,152.8,152.8,152.8,152.8,152.8,152.8,152.8,152.8,152.8,152.8,152.8,152.8,152.8,152.8,152.8,152.8,152.8,152.8,152.8,152.8,152.8
2010-12-01,,,,,,,,,,,153.0,153.5,153.5,153.4,153.4,153.4,153.4,153.4,153.4,153.4,153.4,153.4,153.4,153.4,153.4,153.4,153.4,153.4,153.4,153.4,153.4,153.4,153.4,153.4,153.4,153.4,153.4,153.4,153.4,153.4,153.4,153.4,153.4,153.4,153.4,153.4,153.4,153.4,153.4,153.4,153.4,153.4,153.4,153.4,153.4,153.4,153.4,153.4,153.4,153.4,153.4,153.4,153.4,153.4,153.4,153.4,153.4,153.4,153.4,153.4,153.4,153.4,153.4,153.4,153.4,153.4,153.4,153.4,153.4,153.4,153.4,153.4,153.4,153.4,153.4,153.4,153.4,153.4,153.4,153.4,153.4,153.4,153.4,153.4,153.4,153.4,153.4,153.4,153.4,153.4,153.4,153.4,153.4,153.4,153.4,153.4,153.4,153.4,153.4,153.4,153.4,153.4,153.4,153.4,153.4,153.4,153.4,153.4,153.4,153.4,153.4,153.4,153.4,153.4,153.4,153.4,153.4,153.4,153.4,153.4,153.4,153.4,153.4,153.4,153.4,153.4,153.4,153.4,153.4,153.4,153.4,153.4,153.4,153.4,153.4,153.4,153.4,153.4,153.4,153.4,153.4,153.4,153.4,153.4,153.4,153.4,153.4,153.4,153.4,153.4,153.4,153.4,153.4,153.4,153.4,153.4,153.4,153.4,153.4,153.4,153.4,153.4,153.4,153.4,153.4,153.4,153.4,153.4,153.4,153.4,153.4,153.4,153.4,153.4,153.4,153.4,153.4,153.4,153.4,153.4,153.4,153.4,153.4,153.4,153.4,153.4,153.4,153.4
2011-01-01,,,,,,,,,,,,153.1,153.1,152.7,152.7,152.7,152.7,152.7,152.7,152.7,152.7,152.7,152.7,152.7,152.7,152.7,152.7,152.7,152.7,152.7,152.7,152.7,152.7,152.7,152.7,152.7,152.7,152.7,152.7,152.7,152.7,152.7,152.7,152.7,152.7,152.7,152.7,152.7,152.7,152.7,152.7,152.7,152.7,152.7,152.7,152.7,152.7,152.7,152.7,152.7,152.7,152.7,152.7,152.7,152.7,152.7,152.7,152.7,152.7,152.7,152.7,152.7,152.7,152.7,152.7,152.7,152.7,152.7,152.7,152.7,152.7,152.7,152.7,152.7,152.7,152.7,152.7,152.7,152.7,152.7,152.7,152.7,152.7,152.7,152.7,152.7,152.7,152.7,152.7,152.7,152.7,152.7,152.7,152.7,152.7,152.7,152.7,152.7,152.7,152.7,152.7,152.7,152.7,152.7,152.7,152.7,152.7,152.7,152.7,152.7,152.7,152.7,152.7,152.7,152.7,152.7,152.7,152.7,152.7,152.7,152.7,152.7,152.7,152.7,152.7,152.7,152.7,152.7,152.7,152.7,152.7,152.7,152.7,152.7,152.7,152.7,152.7,152.7,152.7,152.7,152.7,152.7,152.7,152.7,152.7,152.7,152.7,152.7,152.7,152.7,152.7,152.7,152.7,152.7,152.7,152.7,152.7,152.7,152.7,152.7,152.7,152.7,152.7,152.7,152.7,152.7,152.7,152.7,152.7,152.7,152.7,152.7,152.7,152.7,152.7,152.7,152.7,152.7,152.7,152.7,152.7,152.7,152.7,152.7,152.7,152.7,152.7,152.7
2011-02-01,,,,,,,,,,,,,154.8,154.5,155.0,155.0,155.0,155.0,155.0,155.0,155.0,155.0,155.0,155.0,155.0,155.0,155.0,155.0,155.0,155.0,155.0,155.0,155.0,155.0,155.0,155.0,155.0,155.0,155.0,155.0,155.0,155.0,155.0,155.0,155.0,155.0,155.0,155.0,155.0,155.0,155.0,155.0,155.0,155.0,155.0,155.0,155.0,155.0,155.0,155.0,155.0,155.0,155.0,155.0,155.0,155.0,155.0,155.0,155.0,155.0,155.0,155.0,155.0,155.0,155.0,155.0,155.0,155.0,155.0,155.0,155.0,155.0,155.0,155.0,155.0,155.0,155.0,155.0,155.0,155.0,155.0,155.0,155.0,155.0,155.0,155.0,155.0,155.0,155.0,155.0,155.0,155.0,155.0,155.0,155.0,155.0,155.0,155.0,155.0,155.0,155.0,155.0,155.0,155.0,155.0,155.0,155.0,155.0,155.0,155.0,155.0,155.0,155.0,155.0,155.0,155.0,155.0,155.0,155.0,155.0,155.0,155.0,155.0,155.0,155.0,155.0,155.0,155.0,155.0,155.0,155.0,155.0,155.0,155.0,155.0,155.0,155.0,155.0,155.0,155.0,155.0,155.0,155.0,155.0,155.0,155.0,155.0,155.0,155.0,155.0,155.0,155.0,155.0,155.0,155.0,155.0,155.0,155.0,155.0,155.0,155.0,155.0,155.0,155.0,155.0,155.0,155.0,155.0,155.0,155.0,155.0,155.0,155.0,155.0,155.0,155.0,155.0,155.0,155.0,155.0,155.0,155.0,155.0,155.0,155.0,155.0,155.0,155.0
2011-03-01,,,,,,,,,,,,,,155.9,157.0,157.0,157.0,157.0,157.0,157.0,157.0,157.0,157.0,157.0,157.0,157.0,157.0,157.0,157.0,157.0,157.0,157.0,157.0,157.0,157.0,157.0,157.0,157.0,157.0,157.0,157.0,157.0,157.0,157.0,157.0,157.0,157.0,157.0,157.0,157.0,157.0,157.0,157.0,157.0,157.0,157.0,157.0,157.0,157.0,157.0,157.0,157.0,157.0,157.0,157.0,157.0,157.0,157.0,157.0,157.0,157.0,157.0,157.0,157.0,157.0,157.0,157.0,157.0,157.0,157.0,157.0,157.0,157.0,157.0,157.0,157.0,157.0,157.0,157.0,157.0,157.0,157.0,157.0,157.0,157.0,157.0,157.0,157.0,157.0,157.0,157.0,157.0,157.0,157.0,157.0,157.0,157.0,157.0,157.0,157.0,157.0,157.0,157.0,157.0,157.0,157.0,157.0,157.0,157.0,157.0,157.0,157.0,157.0,157.0,157.0,157.0,157.0,157.0,157.0,157.0,157.0,157.0,157.0,157.0,157.0,157.0,157.0,157.0,157.0,157.0,157.0,157.0,157.0,157.0,157.0,157.0,157.0,157.0,157.0,157.0,157.0,157.0,157.0,157.0,157.0,157.0,157.0,157.0,157.0,157.0,157.0,157.0,157.0,157.0,157.0,157.0,157.0,157.0,157.0,157.0,157.0,157.0,157.0,157.0,157.0,157.0,157.0,157.0,157.0,157.0,157.0,157.0,157.0,157.0,157.0,157.0,157.0,157.0,157.0,157.0,157.0,157.0,157.0,157.0,157.0,157.0,157.0,157.0
2011-04-01,,,,,,,,,,,,,,,159.2,159.2,159.0,159.1,159.1,159.1,159.1,159.1,159.1,159.1,159.1,159.1,159.1,159.1,159.1,159.1,159.1,159.1,159.1,159.1,159.1,159.1,159.1,159.1,159.1,159.1,159.1,159.1,159.1,159.1,159.1,159.1,159.1,159.1,159.1,159.1,159.1,159.1,159.1,159.1,159.1,159.1,159.1,159.1,159.1,159.1,159.1,159.1,159.1,159.1,159.1,159.1,159.1,159.1,159.1,159.1,159.1,159.1,159.1,159.1,159.1,159.1,159.1,159.1,159.1,159.1,159.1,159.1,159.1,159.1,159.1,159.1,159.1,159.1,159.1,159.1,159.1,159.1,159.1,159.1,159.1,159.1,159.1,159.1,159.1,159.1,159.1,159.1,159.1,159.1,159.1,159.1,159.1,159.1,159.1,159.1,159.1,159.1,159.1,159.1,159.1,159.1,159.1,159.1,159.1,159.1,159.1,159.1,159.1,159.1,159.1,159.1,159.1,159.1,159.1,159.1,159.1,159.1,159.1,159.1,159.1,159.1,159.1,159.1,159.1,159.1,159.1,159.1,159.1,159.1,159.1,159.1,159.1,159.1,159.1,159.1,159.1,159.1,159.1,159.1,159.1,159.1,159.1,159.1,159.1,159.1,159.1,159.1,159.1,159.1,159.1,159.1,159.1,159.1,159.1,159.1,159.1,159.1,159.1,159.1,159.1,159.1,159.1,159.1,159.1,159.1,159.1,159.1,159.1,159.1,159.1,159.1,159.1,159.1,159.1,159.1,159.1,159.1,159.1,159.1,159.1,159.1,159.1,159.1
2011-05-01,,,,,,,,,,,,,,,,162.6,165.1,165.1,165.1,165.1,165.1,165.1,165.1,165.1,165.1,165.1,165.1,165.1,165.1,165.1,165.1,165.1,165.1,165.1,165.1,165.1,165.1,165.1,165.1,165.1,165.1,165.1,165.1,165.1,165.1,165.1,165.1,165.1,165.1,165.1,165.1,165.1,165.1,165.1,165.1,165.1,165.1,165.1,165.1,165.1,165.1,165.1,165.1,165.1,165.1,165.1,165.1,165.1,165.1,165.1,165.1,165.1,165.1,165.1,165.1,165.1,165.1,165.1,165.1,165.1,165.1,165.1,165.1,165.1,165.1,165.1,165.1,165.1,165.1,165.1,165.1,165.1,165.1,165.1,165.1,165.1,165.1,165.1,165.1,165.1,165.1,165.1,165.1,165.1,165.1,165.1,165.1,165.1,165.1,165.1,165.1,165.1,165.1,165.1,165.1,165.1,165.1,165.1,165.1,165.1,165.1,165.1,165.1,165.1,165.1,165.1,165.1,165.1,165.1,165.1,165.1,165.1,165.1,165.1,165.1,165.1,165.1,165.1,165.1,165.1,165.1,165.1,165.1,165.1,165.1,165.1,165.1,165.1,165.1,165.1,165.1,165.1,165.1,165.1,165.1,165.1,165.1,165.1,165.1,165.1,165.1,165.1,165.1,165.1,165.1,165.1,165.1,165.1,165.1,165.1,165.1,165.1,165.1,165.1,165.1,165.1,165.1,165.1,165.1,165.1,165.1,165.1,165.1,165.1,165.1,165.1,165.1,165.1,165.1,165.1,165.1,165.1,165.1,165.1,165.1,165.1,165.1,165.1
2011-06-01,,,,,,,,,,,,,,,,,165.0,165.1,165.1,164.4,164.4,164.4,164.4,164.4,164.4,164.4,164.4,164.4,164.4,164.4,164.4,164.4,164.4,164.4,164.4,164.4,164.4,164.4,164.4,164.4,164.4,164.4,164.4,164.4,164.4,164.4,164.4,164.4,164.4,164.4,164.4,164.4,164.4,164.4,164.4,164.4,164.4,164.4,164.4,164.4,164.4,164.4,164.4,164.4,164.4,164.4,164.4,164.4,164.4,164.4,164.4,164.4,164.4,164.4,164.4,164.4,164.4,164.4,164.4,164.4,164.4,164.4,164.4,164.4,164.4,164.4,164.4,164.4,164.4,164.4,164.4,164.4,164.4,164.4,164.4,164.4,164.4,164.4,164.4,164.4,164.4,164.4,164.4,164.4,164.4,164.4,164.4,164.4,164.4,164.4,164.4,164.4,164.4,164.4,164.4,164.4,164.4,164.4,164.4,164.4,164.4,164.4,164.4,164.4,164.4,164.4,164.4,164.4,164.4,164.4,164.4,164.4,164.4,164.4,164.4,164.4,164.4,164.4,164.4,164.4,164.4,164.4,164.4,164.4,164.4,164.4,164.4,164.4,164.4,164.4,164.4,164.4,164.4,164.4,164.4,164.4,164.4,164.4,164.4,164.4,164.4,164.4,164.4,164.4,164.4,164.4,164.4,164.4,164.4,164.4,164.4,164.4,164.4,164.4,164.4,164.4,164.4,164.4,164.4,164.4,164.4,164.4,164.4,164.4,164.4,164.4,164.4,164.4,164.4,164.4,164.4,164.4,164.4,164.4,164.4,164.4,164.4,164.4
2011-07-01,,,,,,,,,,,,,,,,,,164.4,164.1,163.6,163.6,163.6,163.6,163.6,163.6,163.6,163.6,163.6,163.6,163.6,163.6,163.6,163.6,163.6,163.6,163.6,163.6,163.6,163.6,163.6,163.6,163.6,163.6,163.6,163.6,163.6,163.6,163.6,163.6,163.6,163.6,163.6,163.6,163.6,163.6,163.6,163.6,163.6,163.6,163.6,163.6,163.6,163.6,163.6,163.6,163.6,163.6,163.6,163.6,163.6,163.6,163.6,163.6,163.6,163.6,163.6,163.6,163.6,163.6,163.6,163.6,163.6,163.6,163.6,163.6,163.6,163.6,163.6,163.6,163.6,163.6,163.6,163.6,163.6,163.6,163.6,163.6,163.6,163.6,163.6,163.6,163.6,163.6,163.6,163.6,163.6,163.6,163.6,163.6,163.6,163.6,163.6,163.6,163.6,163.6,163.6,163.6,163.6,163.6,163.6,163.6,163.6,163.6,163.6,163.6,163.6,163.6,163.6,163.6,163.6,163.6,163.6,163.6,163.6,163.6,163.6,163.6,163.6,163.6,163.6,163.6,163.6,163.6,163.6,163.6,163.6,163.6,163.6,163.6,163.6,163.6,163.6,163.6,163.6,163.6,163.6,163.6,163.6,163.6,163.6,163.6,163.6,163.6,163.6,163.6,163.6,163.6,163.6,163.6,163.6,163.6,163.6,163.6,163.6,163.6,163.6,163.6,163.6,163.6,163.6,163.6,163.6,163.6,163.6,163.6,163.6,163.6,163.6,163.6,163.6,163.6,163.6,163.6,163.6,163.6,163.6,163.6,163.6
2011-08-01,,,,,,,,,,,,,,,,,,,164.4,163.2,164.2,164.2,164.2,164.2,164.2,164.2,164.2,164.2,164.2,164.2,164.2,164.2,164.2,164.2,164.2,164.2,164.2,164.2,164.2,164.2,164.2,164.2,164.2,164.2,164.2,164.2,164.2,164.2,164.2,164.2,164.2,164.2,164.2,164.2,164.2,164.2,164.2,164.2,164.2,164.2,164.2,164.2,164.2,164.2,164.2,164.2,164.2,164.2,164.2,164.2,164.2,164.2,164.2,164.2,164.2,164.2,164.2,164.2,164.2,164.2,164.2,164.2,164.2,164.2,164.2,164.2,164.2,164.2,164.2,164.2,164.2,164.2,164.2,164.2,164.2,164.2,164.2,164.2,164.2,164.2,164.2,164.2,164.2,164.2,164.2,164.2,164.2,164.2,164.2,164.2,164.2,164.2,164.2,164.2,164.2,164.2,164.2,164.2,164.2,164.2,164.2,164.2,164.2,164.2,164.2,164.2,164.2,164.2,164.2,164.2,164.2,164.2,164.2,164.2,164.2,164.2,164.2,164.2,164.2,164.2,164.2,164.2,164.2,164.2,164.2,164.2,164.2,164.2,164.2,164.2,164.2,164.2,164.2,164.2,164.2,164.2,164.2,164.2,164.2,164.2,164.2,164.2,164.2,164.2,164.2,164.2,164.2,164.2,164.2,164.2,164.2,164.2,164.2,164.2,164.2,164.2,164.2,164.2,164.2,164.2,164.2,164.2,164.2,164.2,164.2,164.2,164.2,164.2,164.2,164.2,164.2,164.2,164.2,164.2,164.2,164.2,164.2,164.2
2011-09-01,,,,,,,,,,,,,,,,,,,,163.5,164.2,164.2,164.2,164.2,164.2,164.2,164.2,164.2,164.2,164.2,164.2,164.2,164.2,164.2,164.2,164.2,164.2,164.2,164.2,164.2,164.2,164.2,164.2,164.2,164.2,164.2,164.2,164.2,164.2,164.2,164.2,164.2,164.2,164.2,164.2,164.2,164.2,164.2,164.2,164.2,164.2,164.2,164.2,164.2,164.2,164.2,164.2,164.2,164.2,164.2,164.2,164.2,164.2,164.2,164.2,164.2,164.2,164.2,164.2,164.2,164.2,164.2,164.2,164.2,164.2,164.2,164.2,164.2,164.2,164.2,164.2,164.2,164.2,164.2,164.2,164.2,164.2,164.2,164.2,164.2,164.2,164.2,164.2,164.2,164.2,164.2,164.2,164.2,164.2,164.2,164.2,164.2,164.2,164.2,164.2,164.2,164.2,164.2,164.2,164.2,164.2,164.2,164.2,164.2,164.2,164.2,164.2,164.2,164.2,164.2,164.2,164.2,164.2,164.2,164.2,164.2,164.2,164.2,164.2,164.2,164.2,164.2,164.2,164.2,164.2,164.2,164.2,164.2,164.2,164.2,164.2,164.2,164.2,164.2,164.2,164.2,164.2,164.2,164.2,164.2,164.2,164.2,164.2,164.2,164.2,164.2,164.2,164.2,164.2,164.2,164.2,164.2,164.2,164.2,164.2,164.2,164.2,164.2,164.2,164.2,164.2,164.2,164.2,164.2,164.2,164.2,164.2,164.2,164.2,164.2,164.2,164.2,164.2,164.2,164.2,164.2,164.2,164.2
2011-10-01,,,,,,,,,,,,,,,,,,,,,163.4,163.5,163.4,163.4,163.4,163.4,163.4,163.4,163.4,163.4,163.4,163.4,163.4,163.4,163.4,163.4,163.4,163.4,163.4,163.4,163.4,163.4,163.4,163.4,163.4,163.4,163.4,163.4,163.4,163.4,163.4,163.4,163.4,163.4,163.4,163.4,163.4,163.4,163.4,163.4,163.4,163.4,163.4,163.4,163.4,163.4,163.4,163.4,163.4,163.4,163.4,163.4,163.4,163.4,163.4,163.4,163.4,163.4,163.4,163.4,163.4,163.4,163.4,163.4,163.4,163.4,163.4,163.4,163.4,163.4,163.4,163.4,163.4,163.4,163.4,163.4,163.4,163.4,163.4,163.4,163.4,163.4,163.4,163.4,163.4,163.4,163.4,163.4,163.4,163.4,163.4,163.4,163.4,163.4,163.4,163.4,163.4,163.4,163.4,163.4,163.4,163.4,163.4,163.4,163.4,163.4,163.4,163.4,163.4,163.4,163.4,163.4,163.4,163.4,163.4,163.4,163.4,163.4,163.4,163.4,163.4,163.4,163.4,163.4,163.4,163.4,163.4,163.4,163.4,163.4,163.4,163.4,163.4,163.4,163.4,163.4,163.4,163.4,163.4,163.4,163.4,163.4,163.4,163.4,163.4,163.4,163.4,163.4,163.4,163.4,163.4,163.4,163.4,163.4,163.4,163.4,163.4,163.4,163.4,163.4,163.4,163.4,163.4,163.4,163.4,163.4,163.4,163.4,163.4,163.4,163.4,163.4,163.4,163.4,163.4,163.4,163.4,163.4
2011-11-01,,,,,,,,,,,,,,,,,,,,,,162.1,162.0,162.0,162.2,162.2,162.2,162.2,162.2,162.2,162.2,162.2,162.2,162.2,162.2,162.2,162.2,162.2,162.2,162.2,162.2,162.2,162.2,162.2,162.2,162.2,162.2,162.2,162.2,162.2,162.2,162.2,162.2,162.2,162.2,162.2,162.2,162.2,162.2,162.2,162.2,162.2,162.2,162.2,162.2,162.2,162.2,162.2,162.2,162.2,162.2,162.2,162.2,162.2,162.2,162.2,162.2,162.2,162.2,162.2,162.2,162.2,162.2,162.2,162.2,162.2,162.2,162.2,162.2,162.2,162.2,162.2,162.2,162.2,162.2,162.2,162.2,162.2,162.2,162.2,162.2,162.2,162.2,162.2,162.2,162.2,162.2,162.2,162.2,162.2,162.2,162.2,162.2,162.2,162.2,162.2,162.2,162.2,162.2,162.2,162.2,162.2,162.2,162.2,162.2,162.2,162.2,162.2,162.2,162.2,162.2,162.2,162.2,162.2,162.2,162.2,162.2,162.2,162.2,162.2,162.2,162.2,162.2,162.2,162.2,162.2,162.2,162.2,162.2,162.2,162.2,162.2,162.2,162.2,162.2,162.2,162.2,162.2,162.2,162.2,162.2,162.2,162.2,162.2,162.2,162.2,162.2,162.2,162.2,162.2,162.2,162.2,162.2,162.2,162.2,162.2,162.2,162.2,162.2,162.2,162.2,162.2,162.2,162.2,162.2,162.2,162.2,162.2,162.2,162.2,162.2,162.2,162.2,162.2,162.2,162.2,162.2,162.2
2011-12-01,,,,,,,,,,,,,,,,,,,,,,,160.5,160.5,160.7,160.7,160.7,160.7,160.7,160.7,160.7,160.7,160.7,160.7,160.7,160.7,160.7,160.7,160.7,160.7,160.7,160.7,160.7,160.7,160.7,160.7,160.7,160.7,160.7,160.7,160.7,160.7,160.7,160.7,160.7,160.7,160.7,160.7,160.7,160.7,160.7,160.7,160.7,160.7,160.7,160.7,160.7,160.7,160.7,160.7,160.7,160.7,160.7,160.7,160.7,160.7,160.7,160.7,160.7,160.7,160.7,160.7,160.7,160.7,160.7,160.7,160.7,160.7,160.7,160.7,160.7,160.7,160.7,160.7,160.7,160.7,160.7,160.7,160.7,160.7,160.7,160.7,160.7,160.7,160.7,160.7,160.7,160.7,160.7,160.7,160.7,160.7,160.7,160.7,160.7,160.7,160.7,160.7,160.7,160.7,160.7,160.7,160.7,160.7,160.7,160.7,160.7,160.7,160.7,160.7,160.7,160.7,160.7,160.7,160.7,160.7,160.7,160.7,160.7,160.7,160.7,160.7,160.7,160.7,160.7,160.7,160.7,160.7,160.7,160.7,160.7,160.7,160.7,160.7,160.7,160.7,160.7,160.7,160.7,160.7,160.7,160.7,160.7,160.7,160.7,160.7,160.7,160.7,160.7,160.7,160.7,160.7,160.7,160.7,160.7,160.7,160.7,160.7,160.7,160.7,160.7,160.7,160.7,160.7,160.7,160.7,160.7,160.7,160.7,160.7,160.7,160.7,160.7,160.7,160.7,160.7,160.7,160.7
2012-01-01,,,,,,,,,,,,,,,,,,,,,,,,157.1,157.3,157.3,157.3,157.3,157.3,157.3,157.3,157.3,157.3,157.3,157.3,157.3,157.3,157.3,157.3,157.3,157.3,157.3,157.3,157.3,157.3,157.3,157.3,157.3,157.3,157.3,157.3,157.3,157.3,157.3,157.3,157.3,157.3,157.3,157.3,157.3,157.3,157.3,157.3,157.3,157.3,157.3,157.3,157.3,157.3,157.3,157.3,157.3,157.3,157.3,157.3,157.3,157.3,157.3,157.3,157.3,157.3,157.3,157.3,157.3,157.3,157.3,157.3,157.3,157.3,157.3,157.3,157.3,157.3,157.3,157.3,157.3,157.3,157.3,157.3,157.3,157.3,157.3,157.3,157.3,157.3,157.3,157.3,157.3,157.3,157.3,157.3,157.3,157.3,157.3,157.3,157.3,157.3,157.3,157.3,157.3,157.3,157.3,157.3,157.3,157.3,157.3,157.3,157.3,157.3,157.3,157.3,157.3,157.3,157.3,157.3,157.3,157.3,157.3,157.3,157.3,157.3,157.3,157.3,157.3,157.3,157.3,157.3,157.3,157.3,157.3,157.3,157.3,157.3,157.3,157.3,157.3,157.3,157.3,157.3,157.3,157.3,157.3,157.3,157.3,157.3,157.3,157.3,157.3,157.3,157.3,157.3,157.3,157.3,157.3,157.3,157.3,157.3,157.3,157.3,157.3,157.3,157.3,157.3,157.3,157.3,157.3,157.3,157.3,157.3,157.3,157.3,157.3,157.3,157.3,157.3,157.3,157.3,157.3
2012-02-01,,,,,,,,,,,,,,,,,,,,,,,,,155.7,155.2,155.5,155.5,155.5,155.5,155.5,155.5,155.5,155.5,155.5,155.5,155.5,155.5,155.5,155.5,155.5,155.5,155.5,155.5,155.5,155.5,155.5,155.5,155.5,155.5,155.5,155.5,155.5,155.5,155.5,155.5,155.5,155.5,155.5,155.5,155.5,155.5,155.5,155.5,155.5,155.5,155.5,155.5,155.5,155.5,155.5,155.5,155.5,155.5,155.5,155.5,155.5,155.5,155.5,155.5,155.5,155.5,155.5,155.5,155.5,155.5,155.5,155.5,155.5,155.5,155.5,155.5,155.5,155.5,155.5,155.5,155.5,155.5,155.5,155.5,155.5,155.5,155.5,155.5,155.5,155.5,155.5,155.5,155.5,155.5,155.5,155.5,155.5,155.5,155.5,155.5,155.5,155.5,155.5,155.5,155.5,155.5,155.5,155.5,155.5,155.5,155.5,155.5,155.5,155.5,155.5,155.5,155.5,155.5,155.5,155.5,155.5,155.5,155.5,155.5,155.5,155.5,155.5,155.5,155.5,155.5,155.5,155.5,155.5,155.5,155.5,155.5,155.5,155.5,155.5,155.5,155.5,155.5,155.5,155.5,155.5,155.5,155.5,155.5,155.5,155.5,155.5,155.5,155.5,155.5,155.5,155.5,155.5,155.5,155.5,155.5,155.5,155.5,155.5,155.5,155.5,155.5,155.5,155.5,155.5,155.5,155.5,155.5,155.5,155.5,155.5,155.5,155.5,155.5,155.5,155.5,155.5,155.5
2012-03-01,,,,,,,,,,,,,,,,,,,,,,,,,,158.3,158.4,158.8,158.8,158.8,158.8,158.8,158.8,158.8,158.8,158.8,158.8,158.8,158.8,158.8,158.8,158.8,158.8,158.8,158.8,158.8,158.8,158.8,158.8,158.8,158.8,158.8,158.8,158.8,158.8,158.8,158.8,158.8,158.8,158.8,158.8,158.8,158.8,158.8,158.8,158.8,158.8,158.8,158.8,158.8,158.8,158.8,158.8,158.8,158.8,158.8,158.8,158.8,158.8,158.8,158.8,158.8,158.8,158.8,158.8,158.8,158.8,158.8,158.8,158.8,158.8,158.8,158.8,158.8,158.8,158.8,158.8,158.8,158.8,158.8,158.8,158.8,158.8,158.8,158.8,158.8,158.8,158.8,158.8,158.8,158.8,158.8,158.8,158.8,158.8,158.8,158.8,158.8,158.8,158.8,158.8,158.8,158.8,158.8,158.8,158.8,158.8,158.8,158.8,158.8,158.8,158.8,158.8,158.8,158.8,158.8,158.8,158.8,158.8,158.8,158.8,158.8,158.8,158.8,158.8,158.8,158.8,158.8,158.8,158.8,158.8,158.8,158.8,158.8,158.8,158.8,158.8,158.8,158.8,158.8,158.8,158.8,158.8,158.8,158.8,158.8,158.8,158.8,158.8,158.8,158.8,158.8,158.8,158.8,158.8,158.8,158.8,158.8,158.8,158.8,158.8,158.8,158.8,158.8,158.8,158.8,158.8,158.8,158.8,158.8,158.8,158.8,158.8,158.8,158.8,158.8,158.8,158.8
2012-04-01,,,,,,,,,,,,,,,,,,,,,,,,,,,161.4,161.1,161.1,161.2,161.2,161.2,161.2,161.2,161.2,161.2,161.2,161.2,161.2,161.2,161.2,161.2,161.2,161.2,161.2,161.2,161.2,161.2,161.2,161.2,161.2,161.2,161.2,161.2,161.2,161.2,161.2,161.2,161.2,161.2,161.2,161.2,161.2,161.2,161.2,161.2,161.2,161.2,161.2,161.2,161.2,161.2,161.2,161.2,161.2,161.2,161.2,161.2,161.2,161.2,161.2,161.2,161.2,161.2,161.2,161.2,161.2,161.2,161.2,161.2,161.2,161.2,161.2,161.2,161.2,161.2,161.2,161.2,161.2,161.2,161.2,161.2,161.2,161.2,161.2,161.2,161.2,161.2,161.2,161.2,161.2,161.2,161.2,161.2,161.2,161.2,161.2,161.2,161.2,161.2,161.2,161.2,161.2,161.2,161.2,161.2,161.2,161.2,161.2,161.2,161.2,161.2,161.2,161.2,161.2,161.2,161.2,161.2,161.2,161.2,161.2,161.2,161.2,161.2,161.2,161.2,161.2,161.2,161.2,161.2,161.2,161.2,161.2,161.2,161.2,161.2,161.2,161.2,161.2,161.2,161.2,161.2,161.2,161.2,161.2,161.2,161.2,161.2,161.2,161.2,161.2,161.2,161.2,161.2,161.2,161.2,161.2,161.2,161.2,161.2,161.2,161.2,161.2,161.2,161.2,161.2,161.2,161.2,161.2,161.2,161.2,161.2,161.2,161.2,161.2,161.2,161.2,161.2
2012-05-01,,,,,,,,,,,,,,,,,,,,,,,,,,,,161.4,161.5,161.6,161.6,161.6,161.6,161.6,161.6,161.6,161.6,161.6,161.6,161.6,161.6,161.6,161.6,161.6,161.6,161.6,161.6,161.6,161.6,161.6,161.6,161.6,161.6,161.6,161.6,161.6,161.6,161.6,161.6,161.6,161.6,161.6,161.6,161.6,161.6,161.6,161.6,161.6,161.6,161.6,161.6,161.6,161.6,161.6,161.6,161.6,161.6,161.6,161.6,161.6,161.6,161.6,161.6,161.6,161.6,161.6,161.6,161.6,161.6,161.6,161.6,161.6,161.6,161.6,161.6,161.6,161.6,161.6,161.6,161.6,161.6,161.6,161.6,161.6,161.6,161.6,161.6,161.6,161.6,161.6,161.6,161.6,161.6,161.6,161.6,161.6,161.6,161.6,161.6,161.6,161.6,161.6,161.6,161.6,161.6,161.6,161.6,161.6,161.6,161.6,161.6,161.6,161.6,161.6,161.6,161.6,161.6,161.6,161.6,161.6,161.6,161.6,161.6,161.6,161.6,161.6,161.6,161.6,161.6,161.6,161.6,161.6,161.6,161.6,161.6,161.6,161.6,161.6,161.6,161.6,161.6,161.6,161.6,161.6,161.6,161.6,161.6,161.6,161.6,161.6,161.6,161.6,161.6,161.6,161.6,161.6,161.6,161.6,161.6,161.6,161.6,161.6,161.6,161.6,161.6,161.6,161.6,161.6,161.6,161.6,161.6,161.6,161.6,161.6,161.6,161.6,161.6,161.6
2012-06-01,,,,,,,,,,,,,,,,,,,,,,,,,,,,,161.4,161.6,161.6,163.2,163.2,163.2,163.2,163.2,163.2,163.2,163.2,163.2,163.2,163.2,163.2,163.2,163.2,163.2,163.2,163.2,163.2,163.2,163.2,163.2,163.2,163.2,163.2,163.2,163.2,163.2,163.2,163.2,163.2,163.2,163.2,163.2,163.2,163.2,163.2,163.2,163.2,163.2,163.2,163.2,163.2,163.2,163.2,163.2,163.2,163.2,163.2,163.2,163.2,163.2,163.2,163.2,163.2,163.2,163.2,163.2,163.2,163.2,163.2,163.2,163.2,163.2,163.2,163.2,163.2,163.2,163.2,163.2,163.2,163.2,163.2,163.2,163.2,163.2,163.2,163.2,163.2,163.2,163.2,163.2,163.2,163.2,163.2,163.2,163.2,163.2,163.2,163.2,163.2,163.2,163.2,163.2,163.2,163.2,163.2,163.2,163.2,163.2,163.2,163.2,163.2,163.2,163.2,163.2,163.2,163.2,163.2,163.2,163.2,163.2,163.2,163.2,163.2,163.2,163.2,163.2,163.2,163.2,163.2,163.2,163.2,163.2,163.2,163.2,163.2,163.2,163.2,163.2,163.2,163.2,163.2,163.2,163.2,163.2,163.2,163.2,163.2,163.2,163.2,163.2,163.2,163.2,163.2,163.2,163.2,163.2,163.2,163.2,163.2,163.2,163.2,163.2,163.2,163.2,163.2,163.2,163.2,163.2,163.2,163.2,163.2,163.2,163.2,163.2,163.2,163.2
2012-07-01,,,,,,,,,,,,,,,,,,,,,,,,,,,,,,158.8,158.8,161.5,161.5,161.5,161.5,161.5,161.5,161.5,161.5,161.5,161.5,161.5,161.5,161.5,161.5,161.5,161.5,161.5,161.5,161.5,161.5,161.5,161.5,161.5,161.5,161.5,161.5,161.5,161.5,161.5,161.5,161.5,161.5,161.5,161.5,161.5,161.5,161.5,161.5,161.5,161.5,161.5,161.5,161.5,161.5,161.5,161.5,161.5,161.5,161.5,161.5,161.5,161.5,161.5,161.5,161.5,161.5,161.5,161.5,161.5,161.5,161.5,161.5,161.5,161.5,161.5,161.5,161.5,161.5,161.5,161.5,161.5,161.5,161.5,161.5,161.5,161.5,161.5,161.5,161.5,161.5,161.5,161.5,161.5,161.5,161.5,161.5,161.5,161.5,161.5,161.5,161.5,161.5,161.5,161.5,161.5,161.5,161.5,161.5,161.5,161.5,161.5,161.5,161.5,161.5,161.5,161.5,161.5,161.5,161.5,161.5,161.5,161.5,161.5,161.5,161.5,161.5,161.5,161.5,161.5,161.5,161.5,161.5,161.5,161.5,161.5,161.5,161.5,161.5,161.5,161.5,161.5,161.5,161.5,161.5,161.5,161.5,161.5,161.5,161.5,161.5,161.5,161.5,161.5,161.5,161.5,161.5,161.5,161.5,161.5,161.5,161.5,161.5,161.5,161.5,161.5,161.5,161.5,161.5,161.5,161.5,161.5,161.5,161.5,161.5,161.5,161.5,161.5
2012-08-01,,,,,,,,,,,,,,,,,,,,,,,,,,,,,,,156.6,161.0,161.0,161.0,161.0,161.0,161.0,161.0,161.0,161.0,161.0,161.0,161.0,161.0,161.0,161.0,161.0,161.0,161.0,161.0,161.0,161.0,161.0,161.0,161.0,161.0,161.0,161.0,161.0,161.0,161.0,161.0,161.0,161.0,161.0,161.0,161.0,161.0,161.0,161.0,161.0,161.0,161.0,161.0,161.0,161.0,161.0,161.0,161.0,161.0,161.0,161.0,161.0,161.0,161.0,161.0,161.0,161.0,161.0,161.0,161.0,161.0,161.0,161.0,161.0,161.0,161.0,161.0,161.0,161.0,161.0,161.0,161.0,161.0,161.0,161.0,161.0,161.0,161.0,161.0,161.0,161.0,161.0,161.0,161.0,161.0,161.0,161.0,161.0,161.0,161.0,161.0,161.0,161.0,161.0,161.0,161.0,161.0,161.0,161.0,161.0,161.0,161.0,161.0,161.0,161.0,161.0,161.0,161.0,161.0,161.0,161.0,161.0,161.0,161.0,161.0,161.0,161.0,161.0,161.0,161.0,161.0,161.0,161.0,161.0,161.0,161.0,161.0,161.0,161.0,161.0,161.0,161.0,161.0,161.0,161.0,161.0,161.0,161.0,161.0,161.0,161.0,161.0,161.0,161.0,161.0,161.0,161.0,161.0,161.0,161.0,161.0,161.0,161.0,161.0,161.0,161.0,161.0,161.0,161.0,161.0,161.0,161.0,161.0,161.0,161.0,161.0,161.0
2012-09-01,,,,,,,,,,,,,,,,,,,,,,,,,,,,,,,,163.2,163.2,163.2,163.6,163.6,163.6,163.6,163.6,163.6,163.6,163.6,163.6,163.6,163.6,163.6,163.6,163.6,163.6,163.6,163.6,163.6,163.6,163.6,163.6,163.6,163.6,163.6,163.6,163.6,163.6,163.6,163.6,163.6,163.6,163.6,163.6,163.6,163.6,163.6,163.6,163.6,163.6,163.6,163.6,163.6,163.6,163.6,163.6,163.6,163.6,163.6,163.6,163.6,163.6,163.6,163.6,163.6,163.6,163.6,163.6,163.6,163.6,163.6,163.6,163.6,163.6,163.6,163.6,163.6,163.6,163.6,163.6,163.6,163.6,163.6,163.6,163.6,163.6,163.6,163.6,163.6,163.6,163.6,163.6,163.6,163.6,163.6,163.6,163.6,163.6,163.6,163.6,163.6,163.6,163.6,163.6,163.6,163.6,163.6,163.6,163.6,163.6,163.6,163.6,163.6,163.6,163.6,163.6,163.6,163.6,163.6,163.6,163.6,163.6,163.6,163.6,163.6,163.6,163.6,163.6,163.6,163.6,163.6,163.6,163.6,163.6,163.6,163.6,163.6,163.6,163.6,163.6,163.6,163.6,163.6,163.6,163.6,163.6,163.6,163.6,163.6,163.6,163.6,163.6,163.6,163.6,163.6,163.6,163.6,163.6,163.6,163.6,163.6,163.6,163.6,163.6,163.6,163.6,163.6,163.6,163.6,163.6,163.6,163.6,163.6,163.6,163.6
2012-10-01,,,,,,,,,,,,,,,,,,,,,,,,,,,,,,,,,165.3,165.3,165.5,165.5,165.5,165.5,165.5,165.5,165.5,165.5,165.5,165.5,165.5,165.5,165.5,165.5,165.5,165.5,165.5,165.5,165.5,165.5,165.5,165.5,165.5,165.5,165.5,165.5,165.5,165.5,165.5,165.5,165.5,165.5,165.5,165.5,165.5,165.5,165.5,165.5,165.5,165.5,165.5,165.5,165.5,165.5,165.5,165.5,165.5,165.5,165.5,165.5,165.5,165.5,165.5,165.5,165.5,165.5,165.5,165.5,165.5,165.5,165.5,165.5,165.5,165.5,165.5,165.5,165.5,165.5,165.5,165.5,165.5,165.5,165.5,165.5,165.5,165.5,165.5,165.5,165.5,165.5,165.5,165.5,165.5,165.5,165.5,165.5,165.5,165.5,165.5,165.5,165.5,165.5,165.5,165.5,165.5,165.5,165.5,165.5,165.5,165.5,165.5,165.5,165.5,165.5,165.5,165.5,165.5,165.5,165.5,165.5,165.5,165.5,165.5,165.5,165.5,165.5,165.5,165.5,165.5,165.5,165.5,165.5,165.5,165.5,165.5,165.5,165.5,165.5,165.5,165.5,165.5,165.5,165.5,165.5,165.5,165.5,165.5,165.5,165.5,165.5,165.5,165.5,165.5,165.5,165.5,165.5,165.5,165.5,165.5,165.5,165.5,165.5,165.5,165.5,165.5,165.5,165.5,165.5,165.5,165.5,165.5,165.5,165.5,165.5
2012-11-01,,,,,,,,,,,,,,,,,,,,,,,,,,,,,,,,,,168.0,168.5,168.5,168.5,168.5,168.5,168.5,168.5,168.5,168.5,168.5,168.5,168.5,168.5,168.5,168.5,168.5,168.5,168.5,168.5,168.5,168.5,168.5,168.5,168.5,168.5,168.5,168.5,168.5,168.5,168.5,168.5,168.5,168.5,168.5,168.5,168.5,168.5,168.5,168.5,168.5,168.5,168.5,168.5,168.5,168.5,168.5,168.5,168.5,168.5,168.5,168.5,168.5,168.5,168.5,168.5,168.5,168.5,168.5,168.5,168.5,168.5,168.5,168.5,168.5,168.5,168.5,168.5,168.5,168.5,168.5,168.5,168.5,168.5,168.5,168.5,168.5,168.5,168.5,168.5,168.5,168.5,168.5,168.5,168.5,168.5,168.5,168.5,168.5,168.5,168.5,168.5,168.5,168.5,168.5,168.5,168.5,168.5,168.5,168.5,168.5,168.5,168.5,168.5,168.5,168.5,168.5,168.5,168.5,168.5,168.5,168.5,168.5,168.5,168.5,168.5,168.5,168.5,168.5,168.5,168.5,168.5,168.5,168.5,168.5,168.5,168.5,168.5,168.5,168.5,168.5,168.5,168.5,168.5,168.5,168.5,168.5,168.5,168.5,168.5,168.5,168.5,168.5,168.5,168.5,168.5,168.5,168.5,168.5,168.5,168.5,168.5,168.5,168.5,168.5,168.5,168.5,168.5,168.5,168.5,168.5,168.5,168.5,168.5,168.5
2012-12-01,,,,,,,,,,,,,,,,,,,,,,,,,,,,,,,,,,,167.5,167.5,167.5,167.5,167.5,167.5,167.5,167.5,167.5,167.5,167.5,167.5,167.5,167.5,167.5,167.5,167.5,167.5,167.5,167.5,167.5,167.5,167.5,167.5,167.5,167.5,167.5,167.5,167.5,167.5,167.5,167.5,167.5,167.5,167.5,167.5,167.5,167.5,167.5,167.5,167.5,167.5,167.5,167.5,167.5,167.5,167.5,167.5,167.5,167.5,167.5,167.5,167.5,167.5,167.5,167.5,167.5,167.5,167.5,167.5,167.5,167.5,167.5,167.5,167.5,167.5,167.5,167.5,167.5,167.5,167.5,167.5,167.5,167.5,167.5,167.5,167.5,167.5,167.5,167.5,167.5,167.5,167.5,167.5,167.5,167.5,167.5,167.5,167.5,167.5,167.5,167.5,167.5,167.5,167.5,167.5,167.5,167.5,167.5,167.5,167.5,167.5,167.5,167.5,167.5,167.5,167.5,167.5,167.5,167.5,167.5,167.5,167.5,167.5,167.5,167.5,167.5,167.5,167.5,167.5,167.5,167.5,167.5,167.5,167.5,167.5,167.5,167.5,167.5,167.5,167.5,167.5,167.5,167.5,167.5,167.5,167.5,167.5,167.5,167.5,167.5,167.5,167.5,167.5,167.5,167.5,167.5,167.5,167.5,167.5,167.5,167.5,167.5,167.5,167.5,167.5,167.5,167.5,167.5,167.5,167.5,167.5,167.5,167.5
2013-01-01,,,,,,,,,,,,,,,,,,,,,,,,,,,,,,,,,,,,165.7,165.7,165.7,165.7,165.7,165.7,165.7,165.7,165.7,165.7,165.7,165.7,165.7,165.7,165.7,165.7,165.7,165.7,165.7,165.7,165.7,165.7,165.7,165.7,165.7,165.7,165.7,165.7,165.7,165.7,165.7,165.7,165.7,165.7,165.7,165.7,165.7,165.7,165.7,165.7,165.7,165.7,165.7,165.7,165.7,165.7,165.7,165.7,165.7,165.7,165.7,165.7,165.7,165.7,165.7,165.7,165.7,165.7,165.7,165.7,165.7,165.7,165.7,165.7,165.7,165.7,165.7,165.7,165.7,165.7,165.7,165.7,165.7,165.7,165.7,165.7,165.7,165.7,165.7,165.7,165.7,165.7,165.7,165.7,165.7,165.7,165.7,165.7,165.7,165.7,165.7,165.7,165.7,165.7,165.7,165.7,165.7,165.7,165.7,165.7,165.7,165.7,165.7,165.7,165.7,165.7,165.7,165.7,165.7,165.7,165.7,165.7,165.7,165.7,165.7,165.7,165.7,165.7,165.7,165.7,165.7,165.7,165.7,165.7,165.7,165.7,165.7,165.7,165.7,165.7,165.7,165.7,165.7,165.7,165.7,165.7,165.7,165.7,165.7,165.7,165.7,165.7,165.7,165.7,165.7,165.7,165.7,165.7,165.7,165.7,165.7,165.7,165.7,165.7,165.7,165.7,165.7,165.7,165.7,165.7,165.7,165.7,165.7
2013-02-01,,,,,,,,,,,,,,,,,,,,,,,,,,,,,,,,,,,,,164.5,164.5,164.5,164.5,164.5,164.5,164.5,164.5,164.5,164.5,164.5,164.5,164.5,164.5,164.5,164.5,164.5,164.5,164.5,164.5,164.5,164.5,164.5,164.5,164.5,164.5,164.5,164.5,164.5,164.5,164.5,164.5,164.5,164.5,164.5,164.5,164.5,164.5,164.5,164.5,164.5,164.5,164.5,164.5,164.5,164.5,164.5,164.5,164.5,164.5,164.5,164.5,164.5,164.5,164.5,164.5,164.5,164.5,164.5,164.5,164.5,164.5,164.5,164.5,164.5,164.5,164.5,164.5,164.5,164.5,164.5,164.5,164.5,164.5,164.5,164.5,164.5,164.5,164.5,164.5,164.5,164.5,164.5,164.5,164.5,164.5,164.5,164.5,164.5,164.5,164.5,164.5,164.5,164.5,164.5,164.5,164.5,164.5,164.5,164.5,164.5,164.5,164.5,164.5,164.5,164.5,164.5,164.5,164.5,164.5,164.5,164.5,164.5,164.5,164.5,164.5,164.5,164.5,164.5,164.5,164.5,164.5,164.5,164.5,164.5,164.5,164.5,164.5,164.5,164.5,164.5,164.5,164.5,164.5,164.5,164.5,164.5,164.5,164.5,164.5,164.5,164.5,164.5,164.5,164.5,164.5,164.5,164.5,164.5,164.5,164.5,164.5,164.5,164.5,164.5,164.5,164.5,164.5,164.5,164.5,164.5,164.5
2013-03-01,,,,,,,,,,,,,,,,,,,,,,,,,,,,,,,,,,,,,,163.7,163.7,163.7,163.8,163.8,163.8,163.8,163.8,163.8,163.8,163.8,163.8,163.8,163.8,163.8,163.8,163.8,163.8,163.8,163.8,163.8,163.8,163.8,163.8,163.8,163.8,163.8,163.8,163.8,163.8,163.8,163.8,163.8,163.8,163.8,163.8,163.8,163.8,163.8,163.8,163.8,163.8,163.8,163.8,163.8,163.8,163.8,163.8,163.8,163.8,163.8,163.8,163.8,163.8,163.8,163.8,163.8,163.8,163.8,163.8,163.8,163.8,163.8,163.8,163.8,163.8,163.8,163.8,163.8,163.8,163.8,163.8,163.8,163.8,163.8,163.8,163.8,163.8,163.8,163.8,163.8,163.8,163.8,163.8,163.8,163.8,163.8,163.8,163.8,163.8,163.8,163.8,163.8,163.8,163.8,163.8,163.8,163.8,163.8,163.8,163.8,163.8,163.8,163.8,163.8,163.8,163.8,163.8,163.8,163.8,163.8,163.8,163.8,163.8,163.8,163.8,163.8,163.8,163.8,163.8,163.8,163.8,163.8,163.8,163.8,163.8,163.8,163.8,163.8,163.8,163.8,163.8,163.8,163.8,163.8,163.8,163.8,163.8,163.8,163.8,163.8,163.8,163.8,163.8,163.8,163.8,163.8,163.8,163.8,163.8,163.8,163.8,163.8,163.8,163.8,163.8,163.8,163.8,163.8,163.8,163.8
2013-04-01,,,,,,,,,,,,,,,,,,,,,,,,,,,,,,,,,,,,,,,163.0,163.1,162.9,162.9,162.9,162.9,162.9,162.9,162.9,162.9,162.9,162.9,162.9,162.9,162.9,162.9,162.9,162.9,162.9,162.9,162.9,162.9,162.9,162.9,162.9,162.9,162.9,162.9,162.9,162.9,162.9,162.9,162.9,162.9,162.9,162.9,162.9,162.9,162.9,162.9,162.9,162.9,162.9,162.9,162.9,162.9,162.9,162.9,162.9,162.9,162.9,162.9,162.9,162.9,162.9,162.9,162.9,162.9,162.9,162.9,162.9,162.9,162.9,162.9,162.9,162.9,162.9,162.9,162.9,162.9,162.9,162.9,162.9,162.9,162.9,162.9,162.9,162.9,162.9,162.9,162.9,162.9,162.9,162.9,162.9,162.9,162.9,162.9,162.9,162.9,162.9,162.9,162.9,162.9,162.9,162.9,162.9,162.9,162.9,162.9,162.9,162.9,162.9,162.9,162.9,162.9,162.9,162.9,162.9,162.9,162.9,162.9,162.9,162.9,162.9,162.9,162.9,162.9,162.9,162.9,162.9,162.9,162.9,162.9,162.9,162.9,162.9,162.9,162.9,162.9,162.9,162.9,162.9,162.9,162.9,162.9,162.9,162.9,162.9,162.9,162.9,162.9,162.9,162.9,162.9,162.9,162.9,162.9,162.9,162.9,162.9,162.9,162.9,162.9,162.9,162.9,162.9,162.9,162.9,162.9
2013-05-01,,,,,,,,,,,,,,,,,,,,,,,,,,,,,,,,,,,,,,,,162.1,161.9,161.9,161.9,161.9,161.9,161.9,161.9,161.9,161.9,161.9,161.9,161.9,161.9,161.9,161.9,161.9,161.9,161.9,161.9,161.9,161.9,161.9,161.9,161.9,161.9,161.9,161.9,161.9,161.9,161.9,161.9,161.9,161.9,161.9,161.9,161.9,161.9,161.9,161.9,161.9,161.9,161.9,161.9,161.9,161.9,161.9,161.9,161.9,161.9,161.9,161.9,161.9,161.9,161.9,161.9,161.9,161.9,161.9,161.9,161.9,161.9,161.9,161.9,161.9,161.9,161.9,161.9,161.9,161.9,161.9,161.9,161.9,161.9,161.9,161.9,161.9,161.9,161.9,161.9,161.9,161.9,161.9,161.9,161.9,161.9,161.9,161.9,161.9,161.9,161.9,161.9,161.9,161.9,161.9,161.9,161.9,161.9,161.9,161.9,161.9,161.9,161.9,161.9,161.9,161.9,161.9,161.9,161.9,161.9,161.9,161.9,161.9,161.9,161.9,161.9,161.9,161.9,161.9,161.9,161.9,161.9,161.9,161.9,161.9,161.9,161.9,161.9,161.9,161.9,161.9,161.9,161.9,161.9,161.9,161.9,161.9,161.9,161.9,161.9,161.9,161.9,161.9,161.9,161.9,161.9,161.9,161.9,161.9,161.9,161.9,161.9,161.9,161.9,161.9,161.9,161.9,161.9,161.9
2013-06-01,,,,,,,,,,,,,,,,,,,,,,,,,,,,,,,,,,,,,,,,,160.6,160.6,160.6,160.6,160.6,160.6,160.6,160.6,160.6,160.6,160.6,160.6,160.6,160.6,160.6,160.6,160.6,160.6,160.6,160.6,160.6,160.6,160.6,160.6,160.6,160.6,160.6,160.6,160.6,160.6,160.6,160.6,160.6,160.6,160.6,160.6,160.6,160.6,160.6,160.6,160.6,160.6,160.6,160.6,160.6,160.6,160.6,160.6,160.6,160.6,160.6,160.6,160.6,160.6,160.6,160.6,160.6,160.6,160.6,160.6,160.6,160.6,160.6,160.6,160.6,160.6,160.6,160.6,160.6,160.6,160.6,160.6,160.6,160.6,160.6,160.6,160.6,160.6,160.6,160.6,160.6,160.6,160.6,160.6,160.6,160.6,160.6,160.6,160.6,160.6,160.6,160.6,160.6,160.6,160.6,160.6,160.6,160.6,160.6,160.6,160.6,160.6,160.6,160.6,160.6,160.6,160.6,160.6,160.6,160.6,160.6,160.6,160.6,160.6,160.6,160.6,160.6,160.6,160.6,160.6,160.6,160.6,160.6,160.6,160.6,160.6,160.6,160.6,160.6,160.6,160.6,160.6,160.6,160.6,160.6,160.6,160.6,160.6,160.6,160.6,160.6,160.6,160.6,160.6,160.6,160.6,160.6,160.6,160.6,160.6,160.6,160.6,160.6,160.6,160.6,160.6,160.6,160.6
2013-07-01,,,,,,,,,,,,,,,,,,,,,,,,,,,,,,,,,,,,,,,,,,160.7,160.7,160.6,160.6,160.6,160.6,160.6,160.6,160.6,160.6,160.6,160.6,160.6,160.6,160.6,160.6,160.6,160.6,160.6,160.6,160.6,160.6,160.6,160.6,160.6,160.6,160.6,160.6,160.6,160.6,160.6,160.6,160.6,160.6,160.6,160.6,160.6,160.6,160.6,160.6,160.6,160.6,160.6,160.6,160.6,160.6,160.6,160.6,160.6,160.6,160.6,160.6,160.6,160.6,160.6,160.6,160.6,160.6,160.6,160.6,160.6,160.6,160.6,160.6,160.6,160.6,160.6,160.6,160.6,160.6,160.6,160.6,160.6,160.6,160.6,160.6,160.6,160.6,160.6,160.6,160.6,160.6,160.6,160.6,160.6,160.6,160.6,160.6,160.6,160.6,160.6,160.6,160.6,160.6,160.6,160.6,160.6,160.6,160.6,160.6,160.6,160.6,160.6,160.6,160.6,160.6,160.6,160.6,160.6,160.6,160.6,160.6,160.6,160.6,160.6,160.6,160.6,160.6,160.6,160.6,160.6,160.6,160.6,160.6,160.6,160.6,160.6,160.6,160.6,160.6,160.6,160.6,160.6,160.6,160.6,160.6,160.6,160.6,160.6,160.6,160.6,160.6,160.6,160.6,160.6,160.6,160.6,160.6,160.6,160.6,160.6,160.6,160.6,160.6,160.6,160.6,160.6
2013-08-01,,,,,,,,,,,,,,,,,,,,,,,,,,,,,,,,,,,,,,,,,,,160.5,160.6,160.6,160.6,160.6,160.6,160.6,160.6,160.6,160.6,160.6,160.6,160.6,160.6,160.6,160.6,160.6,160.6,160.6,160.6,160.6,160.6,160.6,160.6,160.6,160.6,160.6,160.6,160.6,160.6,160.6,160.6,160.6,160.6,160.6,160.6,160.6,160.6,160.6,160.6,160.6,160.6,160.6,160.6,160.6,160.6,160.6,160.6,160.6,160.6,160.6,160.6,160.6,160.6,160.6,160.6,160.6,160.6,160.6,160.6,160.6,160.6,160.6,160.6,160.6,160.6,160.6,160.6,160.6,160.6,160.6,160.6,160.6,160.6,160.6,160.6,160.6,160.6,160.6,160.6,160.6,160.6,160.6,160.6,160.6,160.6,160.6,160.6,160.6,160.6,160.6,160.6,160.6,160.6,160.6,160.6,160.6,160.6,160.6,160.6,160.6,160.6,160.6,160.6,160.6,160.6,160.6,160.6,160.6,160.6,160.6,160.6,160.6,160.6,160.6,160.6,160.6,160.6,160.6,160.6,160.6,160.6,160.6,160.6,160.6,160.6,160.6,160.6,160.6,160.6,160.6,160.6,160.6,160.6,160.6,160.6,160.6,160.6,160.6,160.6,160.6,160.6,160.6,160.6,160.6,160.6,160.6,160.6,160.6,160.6,160.6,160.6,160.6,160.6,160.6,160.6
2013-09-01,,,,,,,,,,,,,,,,,,,,,,,,,,,,,,,,,,,,,,,,,,,,161.5,161.5,161.5,161.5,161.5,161.5,161.5,161.5,161.5,161.5,161.5,161.5,161.5,161.5,161.5,161.5,161.5,161.5,161.5,161.5,161.5,161.5,161.5,161.5,161.5,161.5,161.5,161.5,161.5,161.5,161.5,161.5,161.5,161.5,161.5,161.5,161.5,161.5,161.5,161.5,161.5,161.5,161.5,161.5,161.5,161.5,161.5,161.5,161.5,161.5,161.5,161.5,161.5,161.5,161.5,161.5,161.5,161.5,161.5,161.5,161.5,161.5,161.5,161.5,161.5,161.5,161.5,161.5,161.5,161.5,161.5,161.5,161.5,161.5,161.5,161.5,161.5,161.5,161.5,161.5,161.5,161.5,161.5,161.5,161.5,161.5,161.5,161.5,161.5,161.5,161.5,161.5,161.5,161.5,161.5,161.5,161.5,161.5,161.5,161.5,161.5,161.5,161.5,161.5,161.5,161.5,161.5,161.5,161.5,161.5,161.5,161.5,161.5,161.5,161.5,161.5,161.5,161.5,161.5,161.5,161.5,161.5,161.5,161.5,161.5,161.5,161.5,161.5,161.5,161.5,161.5,161.5,161.5,161.5,161.5,161.5,161.5,161.5,161.5,161.5,161.5,161.5,161.5,161.5,161.5,161.5,161.5,161.5,161.5,161.5,161.5,161.5,161.5,161.5,161.5
2013-10-01,,,,,,,,,,,,,,,,,,,,,,,,,,,,,,,,,,,,,,,,,,,,,162.8,162.8,162.8,162.8,162.8,162.8,162.8,162.8,162.8,162.8,162.8,162.8,162.8,162.8,162.8,162.8,162.8,162.8,162.8,162.8,162.8,162.8,162.8,162.8,162.8,162.8,162.8,162.8,162.8,162.8,162.8,162.8,162.8,162.8,162.8,162.8,162.8,162.8,162.8,162.8,162.8,162.8,162.8,162.8,162.8,162.8,162.8,162.8,162.8,162.8,162.8,162.8,162.8,162.8,162.8,162.8,162.8,162.8,162.8,162.8,162.8,162.8,162.8,162.8,162.8,162.8,162.8,162.8,162.8,162.8,162.8,162.8,162.8,162.8,162.8,162.8,162.8,162.8,162.8,162.8,162.8,162.8,162.8,162.8,162.8,162.8,162.8,162.8,162.8,162.8,162.8,162.8,162.8,162.8,162.8,162.8,162.8,162.8,162.8,162.8,162.8,162.8,162.8,162.8,162.8,162.8,162.8,162.8,162.8,162.8,162.8,162.8,162.8,162.8,162.8,162.8,162.8,162.8,162.8,162.8,162.8,162.8,162.8,162.8,162.8,162.8,162.8,162.8,162.8,162.8,162.8,162.8,162.8,162.8,162.8,162.8,162.8,162.8,162.8,162.8,162.8,162.8,162.8,162.8,162.8,162.8,162.8,162.8,162.8,162.8,162.8,162.8,162.8,162.8
2013-11-01,,,,,,,,,,,,,,,,,,,,,,,,,,,,,,,,,,,,,,,,,,,,,,164.9,165.5,165.5,165.5,165.5,165.5,165.5,165.5,165.5,165.5,165.5,165.5,165.5,165.5,165.5,165.5,165.5,165.5,165.5,165.5,165.5,165.5,165.5,165.5,165.5,165.5,165.5,165.5,165.5,165.5,165.5,165.5,165.5,165.5,165.5,165.5,165.5,165.5,165.5,165.5,165.5,165.5,165.5,165.5,165.5,165.5,165.5,165.5,165.5,165.5,165.5,165.5,165.5,165.5,165.5,165.5,165.5,165.5,165.5,165.5,165.5,165.5,165.5,165.5,165.5,165.5,165.5,165.5,165.5,165.5,165.5,165.5,165.5,165.5,165.5,165.5,165.5,165.5,165.5,165.5,165.5,165.5,165.5,165.5,165.5,165.5,165.5,165.5,165.5,165.5,165.5,165.5,165.5,165.5,165.5,165.5,165.5,165.5,165.5,165.5,165.5,165.5,165.5,165.5,165.5,165.5,165.5,165.5,165.5,165.5,165.5,165.5,165.5,165.5,165.5,165.5,165.5,165.5,165.5,165.5,165.5,165.5,165.5,165.5,165.5,165.5,165.5,165.5,165.5,165.5,165.5,165.5,165.5,165.5,165.5,165.5,165.5,165.5,165.5,165.5,165.5,165.5,165.5,165.5,165.5,165.5,165.5,165.5,165.5,165.5,165.5,165.5,165.5
2013-12-01,,,,,,,,,,,,,,,,,,,,,,,,,,,,,,,,,,,,,,,,,,,,,,,164.9,164.9,164.9,164.8,164.8,164.8,164.8,164.8,164.8,164.8,164.8,164.8,164.8,164.8,164.8,164.8,164.8,164.8,164.8,164.8,164.8,164.8,164.8,164.8,164.8,164.8,164.8,164.8,164.8,164.8,164.8,164.8,164.8,164.8,164.8,164.8,164.8,164.8,164.8,164.8,164.8,164.8,164.8,164.8,164.8,164.8,164.8,164.8,164.8,164.8,164.8,164.8,164.8,164.8,164.8,164.8,164.8,164.8,164.8,164.8,164.8,164.8,164.8,164.8,164.8,164.8,164.8,164.8,164.8,164.8,164.8,164.8,164.8,164.8,164.8,164.8,164.8,164.8,164.8,164.8,164.8,164.8,164.8,164.8,164.8,164.8,164.8,164.8,164.8,164.8,164.8,164.8,164.8,164.8,164.8,164.8,164.8,164.8,164.8,164.8,164.8,164.8,164.8,164.8,164.8,164.8,164.8,164.8,164.8,164.8,164.8,164.8,164.8,164.8,164.8,164.8,164.8,164.8,164.8,164.8,164.8,164.8,164.8,164.8,164.8,164.8,164.8,164.8,164.8,164.8,164.8,164.8,164.8,164.8,164.8,164.8,164.8,164.8,164.8,164.8,164.8,164.8,164.8,164.8,164.8,164.8,164.8,164.8,164.8,164.8,164.8,164.8
2014-01-01,,,,,,,,,,,,,,,,,,,,,,,,,,,,,,,,,,,,,,,,,,,,,,,,164.2,164.2,164.2,164.2,164.2,164.2,164.2,164.2,164.2,164.2,164.2,164.2,164.2,164.2,164.2,164.2,164.2,164.2,164.2,164.2,164.2,164.2,164.2,164.2,164.2,164.2,164.2,164.2,164.2,164.2,164.2,164.2,164.2,164.2,164.2,164.2,164.2,164.2,164.2,164.2,164.2,164.2,164.2,164.2,164.2,164.2,164.2,164.2,164.2,164.2,164.2,164.2,164.2,164.2,164.2,164.2,164.2,164.2,164.2,164.2,164.2,164.2,164.2,164.2,164.2,164.2,164.2,164.2,164.2,164.2,164.2,164.2,164.2,164.2,164.2,164.2,164.2,164.2,164.2,164.2,164.2,164.2,164.2,164.2,164.2,164.2,164.2,164.2,164.2,164.2,164.2,164.2,164.2,164.2,164.2,164.2,164.2,164.2,164.2,164.2,164.2,164.2,164.2,164.2,164.2,164.2,164.2,164.2,164.2,164.2,164.2,164.2,164.2,164.2,164.2,164.2,164.2,164.2,164.2,164.2,164.2,164.2,164.2,164.2,164.2,164.2,164.2,164.2,164.2,164.2,164.2,164.2,164.2,164.2,164.2,164.2,164.2,164.2,164.2,164.2,164.2,164.2,164.2,164.2,164.2,164.2,164.2,164.2,164.2,164.2,164.2
2014-02-01,,,,,,,,,,,,,,,,,,,,,,,,,,,,,,,,,,,,,,,,,,,,,,,,,163.1,163.0,163.0,163.1,163.1,163.1,163.1,163.1,163.1,163.1,163.1,163.1,163.1,163.1,163.1,163.1,163.1,163.1,163.1,163.1,163.1,163.1,163.1,163.1,163.1,163.1,163.1,163.1,163.1,163.1,163.1,163.1,163.1,163.1,163.1,163.1,163.1,163.1,163.1,163.1,163.1,163.1,163.1,163.1,163.1,163.1,163.1,163.1,163.1,163.1,163.1,163.1,163.1,163.1,163.1,163.1,163.1,163.1,163.1,163.1,163.1,163.1,163.1,163.1,163.1,163.1,163.1,163.1,163.1,163.1,163.1,163.1,163.1,163.1,163.1,163.1,163.1,163.1,163.1,163.1,163.1,163.1,163.1,163.1,163.1,163.1,163.1,163.1,163.1,163.1,163.1,163.1,163.1,163.1,163.1,163.1,163.1,163.1,163.1,163.1,163.1,163.1,163.1,163.1,163.1,163.1,163.1,163.1,163.1,163.1,163.1,163.1,163.1,163.1,163.1,163.1,163.1,163.1,163.1,163.1,163.1,163.1,163.1,163.1,163.1,163.1,163.1,163.1,163.1,163.1,163.1,163.1,163.1,163.1,163.1,163.1,163.1,163.1,163.1,163.1,163.1,163.1,163.1,163.1,163.1,163.1,163.1,163.1,163.1,163.1
2014-03-01,,,,,,,,,,,,,,,,,,,,,,,,,,,,,,,,,,,,,,,,,,,,,,,,,,164.9,164.7,164.7,164.7,164.7,164.7,164.7,164.7,164.7,164.7,164.7,164.7,164.7,164.7,164.7,164.7,164.7,164.7,164.7,164.7,164.7,164.7,164.7,164.7,164.7,164.7,164.7,164.7,164.7,164.7,164.7,164.7,164.7,164.7,164.7,164.7,164.7,164.7,164.7,164.7,164.7,164.7,164.7,164.7,164.7,164.7,164.7,164.7,164.7,164.7,164.7,164.7,164.7,164.7,164.7,164.7,164.7,164.7,164.7,164.7,164.7,164.7,164.7,164.7,164.7,164.7,164.7,164.7,164.7,164.7,164.7,164.7,164.7,164.7,164.7,164.7,164.7,164.7,164.7,164.7,164.7,164.7,164.7,164.7,164.7,164.7,164.7,164.7,164.7,164.7,164.7,164.7,164.7,164.7,164.7,164.7,164.7,164.7,164.7,164.7,164.7,164.7,164.7,164.7,164.7,164.7,164.7,164.7,164.7,164.7,164.7,164.7,164.7,164.7,164.7,164.7,164.7,164.7,164.7,164.7,164.7,164.7,164.7,164.7,164.7,164.7,164.7,164.7,164.7,164.7,164.7,164.7,164.7,164.7,164.7,164.7,164.7,164.7,164.7,164.7,164.7,164.7,164.7,164.7,164.7,164.7,164.7,164.7,164.7
2014-04-01,,,,,,,,,,,,,,,,,,,,,,,,,,,,,,,,,,,,,,,,,,,,,,,,,,,164.3,164.3,164.3,164.3,164.3,164.3,164.3,164.3,164.3,164.3,164.3,164.3,164.3,164.3,164.3,164.3,164.3,164.3,164.3,164.3,164.3,164.3,164.3,164.3,164.3,164.3,164.3,164.3,164.3,164.3,164.3,164.3,164.3,164.3,164.3,164.3,164.3,164.3,164.3,164.3,164.3,164.3,164.3,164.3,164.3,164.3,164.3,164.3,164.3,164.3,164.3,164.3,164.3,164.3,164.3,164.3,164.3,164.3,164.3,164.3,164.3,164.3,164.3,164.3,164.3,164.3,164.3,164.3,164.3,164.3,164.3,164.3,164.3,164.3,164.3,164.3,164.3,164.3,164.3,164.3,164.3,164.3,164.3,164.3,164.3,164.3,164.3,164.3,164.3,164.3,164.3,164.3,164.3,164.3,164.3,164.3,164.3,164.3,164.3,164.3,164.3,164.3,164.3,164.3,164.3,164.3,164.3,164.3,164.3,164.3,164.3,164.3,164.3,164.3,164.3,164.3,164.3,164.3,164.3,164.3,164.3,164.3,164.3,164.3,164.3,164.3,164.3,164.3,164.3,164.3,164.3,164.3,164.3,164.3,164.3,164.3,164.3,164.3,164.3,164.3,164.3,164.3,164.3,164.3,164.3,164.3,164.3,164.3
2014-05-01,,,,,,,,,,,,,,,,,,,,,,,,,,,,,,,,,,,,,,,,,,,,,,,,,,,,165.0,165.2,165.2,165.2,165.2,165.2,165.2,165.2,165.2,165.2,165.2,165.2,165.2,165.2,165.2,165.2,165.2,165.2,165.2,165.2,165.2,165.2,165.2,165.2,165.2,165.2,165.2,165.2,165.2,165.2,165.2,165.2,165.2,165.2,165.2,165.2,165.2,165.2,165.2,165.2,165.2,165.2,165.2,165.2,165.2,165.2,165.2,165.2,165.2,165.2,165.2,165.2,165.2,165.2,165.2,165.2,165.2,165.2,165.2,165.2,165.2,165.2,165.2,165.2,165.2,165.2,165.2,165.2,165.2,165.2,165.2,165.2,165.2,165.2,165.2,165.2,165.2,165.2,165.2,165.2,165.2,165.2,165.2,165.2,165.2,165.2,165.2,165.2,165.2,165.2,165.2,165.2,165.2,165.2,165.2,165.2,165.2,165.2,165.2,165.2,165.2,165.2,165.2,165.2,165.2,165.2,165.2,165.2,165.2,165.2,165.2,165.2,165.2,165.2,165.2,165.2,165.2,165.2,165.2,165.2,165.2,165.2,165.2,165.2,165.2,165.2,165.2,165.2,165.2,165.2,165.2,165.2,165.2,165.2,165.2,165.2,165.2,165.2,165.2,165.2,165.2,165.2,165.2,165.2,165.2,165.2,165.2
2014-06-01,,,,,,,,,,,,,,,,,,,,,,,,,,,,,,,,,,,,,,,,,,,,,,,,,,,,,165.3,165.3,165.3,165.3,165.3,165.3,165.3,165.3,165.3,165.3,165.3,165.3,165.3,165.3,165.3,165.3,165.3,165.3,165.3,165.3,165.3,165.3,165.3,165.3,165.3,165.3,165.3,165.3,165.3,165.3,165.3,165.3,165.3,165.3,165.3,165.3,165.3,165.3,165.3,165.3,165.3,165.3,165.3,165.3,165.3,165.3,165.3,165.3,165.3,165.3,165.3,165.3,165.3,165.3,165.3,165.3,165.3,165.3,165.3,165.3,165.3,165.3,165.3,165.3,165.3,165.3,165.3,165.3,165.3,165.3,165.3,165.3,165.3,165.3,165.3,165.3,165.3,165.3,165.3,165.3,165.3,165.3,165.3,165.3,165.3,165.3,165.3,165.3,165.3,165.3,165.3,165.3,165.3,165.3,165.3,165.3,165.3,165.3,165.3,165.3,165.3,165.3,165.3,165.3,165.3,165.3,165.3,165.3,165.3,165.3,165.3,165.3,165.3,165.3,165.3,165.3,165.3,165.3,165.3,165.3,165.3,165.3,165.3,165.3,165.3,165.3,165.3,165.3,165.3,165.3,165.3,165.3,165.3,165.3,165.3,165.3,165.3,165.3,165.3,165.3,165.3,165.3,165.3,165.3,165.3,165.3
2014-07-01,,,,,,,,,,,,,,,,,,,,,,,,,,,,,,,,,,,,,,,,,,,,,,,,,,,,,,165.0,165.0,165.0,165.3,165.3,165.3,165.3,165.3,165.3,165.3,165.3,165.3,165.3,165.3,165.3,165.3,165.3,165.3,165.3,165.3,165.3,165.3,165.3,165.3,165.3,165.3,165.3,165.3,165.3,165.3,165.3,165.3,165.3,165.3,165.3,165.3,165.3,165.3,165.3,165.3,165.3,165.3,165.3,165.3,165.3,165.3,165.3,165.3,165.3,165.3,165.3,165.3,165.3,165.3,165.3,165.3,165.3,165.3,165.3,165.3,165.3,165.3,165.3,165.3,165.3,165.3,165.3,165.3,165.3,165.3,165.3,165.3,165.3,165.3,165.3,165.3,165.3,165.3,165.3,165.3,165.3,165.3,165.3,165.3,165.3,165.3,165.3,165.3,165.3,165.3,165.3,165.3,165.3,165.3,165.3,165.3,165.3,165.3,165.3,165.3,165.3,165.3,165.3,165.3,165.3,165.3,165.3,165.3,165.3,165.3,165.3,165.3,165.3,165.3,165.3,165.3,165.3,165.3,165.3,165.3,165.3,165.3,165.3,165.3,165.3,165.3,165.3,165.3,165.3,165.3,165.3,165.3,165.3,165.3,165.3,165.3,165.3,165.3,165.3,165.3,165.3,165.3,165.3,165.3,165.3
2014-08-01,,,,,,,,,,,,,,,,,,,,,,,,,,,,,,,,,,,,,,,,,,,,,,,,,,,,,,,165.1,165.2,165.4,165.4,165.4,165.4,165.4,165.4,165.4,165.4,165.4,165.4,165.4,165.4,165.4,165.4,165.4,165.4,165.4,165.4,165.4,165.4,165.4,165.4,165.4,165.4,165.4,165.4,165.4,165.4,165.4,165.4,165.4,165.4,165.4,165.4,165.4,165.4,165.4,165.4,165.4,165.4,165.4,165.4,165.4,165.4,165.4,165.4,165.4,165.4,165.4,165.4,165.4,165.4,165.4,165.4,165.4,165.4,165.4,165.4,165.4,165.4,165.4,165.4,165.4,165.4,165.4,165.4,165.4,165.4,165.4,165.4,165.4,165.4,165.4,165.4,165.4,165.4,165.4,165.4,165.4,165.4,165.4,165.4,165.4,165.4,165.4,165.4,165.4,165.4,165.4,165.4,165.4,165.4,165.4,165.4,165.4,165.4,165.4,165.4,165.4,165.4,165.4,165.4,165.4,165.4,165.4,165.4,165.4,165.4,165.4,165.4,165.4,165.4,165.4,165.4,165.4,165.4,165.4,165.4,165.4,165.4,165.4,165.4,165.4,165.4,165.4,165.4,165.4,165.4,165.4,165.4,165.4,165.4,165.4,165.4,165.4,165.4,165.4,165.4,165.4,165.4,165.4,165.4
2014-09-01,,,,,,,,,,,,,,,,,,,,,,,,,,,,,,,,,,,,,,,,,,,,,,,,,,,,,,,,164.5,164.4,164.4,164.4,164.4,164.4,164.4,164.4,164.4,164.4,164.4,164.4,164.4,164.4,164.4,164.4,164.4,164.4,164.4,164.4,164.4,164.4,164.4,164.4,164.4,164.4,164.4,164.4,164.4,164.4,164.4,164.4,164.4,164.4,164.4,164.4,164.4,164.4,164.4,164.4,164.4,164.4,164.4,164.4,164.4,164.4,164.4,164.4,164.4,164.4,164.4,164.4,164.4,164.4,164.4,164.4,164.4,164.4,164.4,164.4,164.4,164.4,164.4,164.4,164.4,164.4,164.4,164.4,164.4,164.4,164.4,164.4,164.4,164.4,164.4,164.4,164.4,164.4,164.4,164.4,164.4,164.4,164.4,164.4,164.4,164.4,164.4,164.4,164.4,164.4,164.4,164.4,164.4,164.4,164.4,164.4,164.4,164.4,164.4,164.4,164.4,164.4,164.4,164.4,164.4,164.4,164.4,164.4,164.4,164.4,164.4,164.4,164.4,164.4,164.4,164.4,164.4,164.4,164.4,164.4,164.4,164.4,164.4,164.4,164.4,164.4,164.4,164.4,164.4,164.4,164.4,164.4,164.4,164.4,164.4,164.4,164.4,164.4,164.4,164.4,164.4,164.4,164.4
2014-10-01,,,,,,,,,,,,,,,,,,,,,,,,,,,,,,,,,,,,,,,,,,,,,,,,,,,,,,,,,163.1,163.1,163.1,163.0,163.0,163.0,163.0,163.0,163.0,163.0,163.0,163.0,163.0,163.0,163.0,163.0,163.0,163.0,163.0,163.0,163.0,163.0,163.0,163.0,163.0,163.0,163.0,163.0,163.0,163.0,163.0,163.0,163.0,163.0,163.0,163.0,163.0,163.0,163.0,163.0,163.0,163.0,163.0,163.0,163.0,163.0,163.0,163.0,163.0,163.0,163.0,163.0,163.0,163.0,163.0,163.0,163.0,163.0,163.0,163.0,163.0,163.0,163.0,163.0,163.0,163.0,163.0,163.0,163.0,163.0,163.0,163.0,163.0,163.0,163.0,163.0,163.0,163.0,163.0,163.0,163.0,163.0,163.0,163.0,163.0,163.0,163.0,163.0,163.0,163.0,163.0,163.0,163.0,163.0,163.0,163.0,163.0,163.0,163.0,163.0,163.0,163.0,163.0,163.0,163.0,163.0,163.0,163.0,163.0,163.0,163.0,163.0,163.0,163.0,163.0,163.0,163.0,163.0,163.0,163.0,163.0,163.0,163.0,163.0,163.0,163.0,163.0,163.0,163.0,163.0,163.0,163.0,163.0,163.0,163.0,163.0,163.0,163.0,163.0,163.0,163.0,163.0
2014-11-01,,,,,,,,,,,,,,,,,,,,,,,,,,,,,,,,,,,,,,,,,,,,,,,,,,,,,,,,,,162.3,161.8,161.8,161.8,161.8,161.8,161.8,161.8,161.8,161.8,161.8,161.8,161.8,161.8,161.8,161.8,161.8,161.8,161.8,161.8,161.8,161.8,161.8,161.8,161.8,161.8,161.8,161.8,161.8,161.8,161.8,161.8,161.8,161.8,161.8,161.8,161.8,161.8,161.8,161.8,161.8,161.8,161.8,161.8,161.8,161.8,161.8,161.8,161.8,161.8,161.8,161.8,161.8,161.8,161.8,161.8,161.8,161.8,161.8,161.8,161.8,161.8,161.8,161.8,161.8,161.8,161.8,161.8,161.8,161.8,161.8,161.8,161.8,161.8,161.8,161.8,161.8,161.8,161.8,161.8,161.8,161.8,161.8,161.8,161.8,161.8,161.8,161.8,161.8,161.8,161.8,161.8,161.8,161.8,161.8,161.8,161.8,161.8,161.8,161.8,161.8,161.8,161.8,161.8,161.8,161.8,161.8,161.8,161.8,161.8,161.8,161.8,161.8,161.8,161.8,161.8,161.8,161.8,161.8,161.8,161.8,161.8,161.8,161.8,161.8,161.8,161.8,161.8,161.8,161.8,161.8,161.8,161.8,161.8,161.8,161.8,161.8,161.8,161.8,161.8,161.8
2014-12-01,,,,,,,,,,,,,,,,,,,,,,,,,,,,,,,,,,,,,,,,,,,,,,,,,,,,,,,,,,,158.8,158.7,158.7,158.7,158.7,158.7,158.7,158.7,158.7,158.7,158.7,158.7,158.7,158.7,158.7,158.7,158.7,158.7,158.7,158.7,158.7,158.7,158.7,158.7,158.7,158.7,158.7,158.7,158.7,158.7,158.7,158.7,158.7,158.7,158.7,158.7,158.7,158.7,158.7,158.7,158.7,158.7,158.7,158.7,158.7,158.7,158.7,158.7,158.7,158.7,158.7,158.7,158.7,158.7,158.7,158.7,158.7,158.7,158.7,158.7,158.7,158.7,158.7,158.7,158.7,158.7,158.7,158.7,158.7,158.7,158.7,158.7,158.7,158.7,158.7,158.7,158.7,158.7,158.7,158.7,158.7,158.7,158.7,158.7,158.7,158.7,158.7,158.7,158.7,158.7,158.7,158.7,158.7,158.7,158.7,158.7,158.7,158.7,158.7,158.7,158.7,158.7,158.7,158.7,158.7,158.7,158.7,158.7,158.7,158.7,158.7,158.7,158.7,158.7,158.7,158.7,158.7,158.7,158.7,158.7,158.7,158.7,158.7,158.7,158.7,158.7,158.7,158.7,158.7,158.7,158.7,158.7,158.7,158.7,158.7,158.7,158.7,158.7,158.7,158.7
2015-01-01,,,,,,,,,,,,,,,,,,,,,,,,,,,,,,,,,,,,,,,,,,,,,,,,,,,,,,,,,,,,160.4,160.7,160.5,160.3,160.3,160.3,160.3,160.3,160.3,160.3,160.3,160.3,160.3,160.3,160.3,160.3,160.3,160.3,160.3,160.3,160.3,160.3,160.3,160.3,160.3,160.3,160.3,160.3,160.3,160.3,160.3,160.3,160.3,160.3,160.3,160.3,160.3,160.3,160.3,160.3,160.3,160.3,160.3,160.3,160.3,160.3,160.3,160.3,160.3,160.3,160.3,160.3,160.3,160.3,160.3,160.3,160.3,160.3,160.3,160.3,160.3,160.3,160.3,160.3,160.3,160.3,160.3,160.3,160.3,160.3,160.3,160.3,160.3,160.3,160.3,160.3,160.3,160.3,160.3,160.3,160.3,160.3,160.3,160.3,160.3,160.3,160.3,160.3,160.3,160.3,160.3,160.3,160.3,160.3,160.3,160.3,160.3,160.3,160.3,160.3,160.3,160.3,160.3,160.3,160.3,160.3,160.3,160.3,160.3,160.3,160.3,160.3,160.3,160.3,160.3,160.3,160.3,160.3,160.3,160.3,160.3,160.3,160.3,160.3,160.3,160.3,160.3,160.3,160.3,160.3,160.3,160.3,160.3,160.3,160.3,160.3,160.3,160.3,160.3
2015-02-01,,,,,,,,,,,,,,,,,,,,,,,,,,,,,,,,,,,,,,,,,,,,,,,,,,,,,,,,,,,,,158.3,159.5,159.3,158.9,158.9,158.9,158.9,158.9,158.9,158.9,158.9,158.9,158.9,158.9,158.9,158.9,158.9,158.9,158.9,158.9,158.9,158.9,158.9,158.9,158.9,158.9,158.9,158.9,158.9,158.9,158.9,158.9,158.9,158.9,158.9,158.9,158.9,158.9,158.9,158.9,158.9,158.9,158.9,158.9,158.9,158.9,158.9,158.9,158.9,158.9,158.9,158.9,158.9,158.9,158.9,158.9,158.9,158.9,158.9,158.9,158.9,158.9,158.9,158.9,158.9,158.9,158.9,158.9,158.9,158.9,158.9,158.9,158.9,158.9,158.9,158.9,158.9,158.9,158.9,158.9,158.9,158.9,158.9,158.9,158.9,158.9,158.9,158.9,158.9,158.9,158.9,158.9,158.9,158.9,158.9,158.9,158.9,158.9,158.9,158.9,158.9,158.9,158.9,158.9,158.9,158.9,158.9,158.9,158.9,158.9,158.9,158.9,158.9,158.9,158.9,158.9,158.9,158.9,158.9,158.9,158.9,158.9,158.9,158.9,158.9,158.9,158.9,158.9,158.9,158.9,158.9,158.9,158.9,158.9,158.9,158.9,158.9,158.9
2015-03-01,,,,,,,,,,,,,,,,,,,,,,,,,,,,,,,,,,,,,,,,,,,,,,,,,,,,,,,,,,,,,,160.5,159.9,159.5,159.5,159.5,159.5,159.5,159.5,159.5,159.5,159.5,159.5,159.5,159.5,159.5,159.5,159.5,159.5,159.5,159.5,159.5,159.5,159.5,159.5,159.5,159.5,159.5,159.5,159.5,159.5,159.5,159.5,159.5,159.5,159.5,159.5,159.5,159.5,159.5,159.5,159.5,159.5,159.5,159.5,159.5,159.5,159.5,159.5,159.5,159.5,159.5,159.5,159.5,159.5,159.5,159.5,159.5,159.5,159.5,159.5,159.5,159.5,159.5,159.5,159.5,159.5,159.5,159.5,159.5,159.5,159.5,159.5,159.5,159.5,159.5,159.5,159.5,159.5,159.5,159.5,159.5,159.5,159.5,159.5,159.5,159.5,159.5,159.5,159.5,159.5,159.5,159.5,159.5,159.5,159.5,159.5,159.5,159.5,159.5,159.5,159.5,159.5,159.5,159.5,159.5,159.5,159.5,159.5,159.5,159.5,159.5,159.5,159.5,159.5,159.5,159.5,159.5,159.5,159.5,159.5,159.5,159.5,159.5,159.5,159.5,159.5,159.5,159.5,159.5,159.5,159.5,159.5,159.5,159.5,159.5,159.5,159.5
2015-04-01,,,,,,,,,,,,,,,,,,,,,,,,,,,,,,,,,,,,,,,,,,,,,,,,,,,,,,,,,,,,,,,161.0,161.4,161.4,159.5,159.5,159.5,159.5,159.5,159.5,159.5,159.5,159.5,159.5,159.5,159.5,159.5,159.5,159.5,159.5,159.5,159.5,159.5,159.5,159.5,159.5,159.5,159.5,159.5,159.5,159.5,159.5,159.5,159.5,159.5,159.5,159.5,159.5,159.5,159.5,159.5,159.5,159.5,159.5,159.5,159.5,159.5,159.5,159.5,159.5,159.5,159.5,159.5,159.5,159.5,159.5,159.5,159.5,159.5,159.5,159.5,159.5,159.5,159.5,159.5,159.5,159.5,159.5,159.5,159.5,159.5,159.5,159.5,159.5,159.5,159.5,159.5,159.5,159.5,159.5,159.5,159.5,159.5,159.5,159.5,159.5,159.5,159.5,159.5,159.5,159.5,159.5,159.5,159.5,159.5,159.5,159.5,159.5,159.5,159.5,159.5,159.5,159.5,159.5,159.5,159.5,159.5,159.5,159.5,159.5,159.5,159.5,159.5,159.5,159.5,159.5,159.5,159.5,159.5,159.5,159.5,159.5,159.5,159.5,159.5,159.5,159.5,159.5,159.5,159.5,159.5,159.5,159.5,159.5,159.5,159.5,159.5
2015-05-01,,,,,,,,,,,,,,,,,,,,,,,,,,,,,,,,,,,,,,,,,,,,,,,,,,,,,,,,,,,,,,,,160.6,160.7,158.7,158.7,158.7,158.7,158.7,158.7,158.7,158.7,158.7,158.7,158.7,158.7,158.7,158.7,158.7,158.7,158.7,158.7,158.7,158.7,158.7,158.7,158.7,158.7,158.7,158.7,158.7,158.7,158.7,158.7,158.7,158.7,158.7,158.7,158.7,158.7,158.7,158.7,158.7,158.7,158.7,158.7,158.7,158.7,158.7,158.7,158.7,158.7,158.7,158.7,158.7,158.7,158.7,158.7,158.7,158.7,158.7,158.7,158.7,158.7,158.7,158.7,158.7,158.7,158.7,158.7,158.7,158.7,158.7,158.7,158.7,158.7,158.7,158.7,158.7,158.7,158.7,158.7,158.7,158.7,158.7,158.7,158.7,158.7,158.7,158.7,158.7,158.7,158.7,158.7,158.7,158.7,158.7,158.7,158.7,158.7,158.7,158.7,158.7,158.7,158.7,158.7,158.7,158.7,158.7,158.7,158.7,158.7,158.7,158.7,158.7,158.7,158.7,158.7,158.7,158.7,158.7,158.7,158.7,158.7,158.7,158.7,158.7,158.7,158.7,158.7,158.7,158.7,158.7,158.7,158.7,158.7,158.7
2015-06-01,,,,,,,,,,,,,,,,,,,,,,,,,,,,,,,,,,,,,,,,,,,,,,,,,,,,,,,,,,,,,,,,,160.1,158.3,158.3,158.3,158.3,158.3,158.3,158.3,158.3,158.3,158.3,158.3,158.3,158.3,158.3,158.3,158.3,158.3,158.3,158.3,158.3,158.3,158.3,158.3,158.3,158.3,158.3,158.3,158.3,158.3,158.3,158.3,158.3,158.3,158.3,158.3,158.3,158.3,158.3,158.3,158.3,158.3,158.3,158.3,158.3,158.3,158.3,158.3,158.3,158.3,158.3,158.3,158.3,158.3,158.3,158.3,158.3,158.3,158.3,158.3,158.3,158.3,158.3,158.3,158.3,158.3,158.3,158.3,158.3,158.3,158.3,158.3,158.3,158.3,158.3,158.3,158.3,158.3,158.3,158.3,158.3,158.3,158.3,158.3,158.3,158.3,158.3,158.3,158.3,158.3,158.3,158.3,158.3,158.3,158.3,158.3,158.3,158.3,158.3,158.3,158.3,158.3,158.3,158.3,158.3,158.3,158.3,158.3,158.3,158.3,158.3,158.3,158.3,158.3,158.3,158.3,158.3,158.3,158.3,158.3,158.3,158.3,158.3,158.3,158.3,158.3,158.3,158.3,158.3,158.3,158.3,158.3,158.3,158.3
2015-07-01,,,,,,,,,,,,,,,,,,,,,,,,,,,,,,,,,,,,,,,,,,,,,,,,,,,,,,,,,,,,,,,,,,157.2,155.1,153.9,155.1,155.1,155.1,155.1,155.1,155.1,155.1,155.1,155.1,155.1,155.1,155.1,155.1,155.1,155.1,155.1,155.1,155.1,155.1,155.1,155.1,155.1,155.1,155.1,155.1,155.1,155.1,155.1,155.1,155.1,155.1,155.1,155.1,155.1,155.1,155.1,155.1,155.1,155.1,155.1,155.1,155.1,155.1,155.1,155.1,155.1,155.1,155.1,155.1,155.1,155.1,155.1,155.1,155.1,155.1,155.1,155.1,155.1,155.1,155.1,155.1,155.1,155.1,155.1,155.1,155.1,155.1,155.1,155.1,155.1,155.1,155.1,155.1,155.1,155.1,155.1,155.1,155.1,155.1,155.1,155.1,155.1,155.1,155.1,155.1,155.1,155.1,155.1,155.1,155.1,155.1,155.1,155.1,155.1,155.1,155.1,155.1,155.1,155.1,155.1,155.1,155.1,155.1,155.1,155.1,155.1,155.1,155.1,155.1,155.1,155.1,155.1,155.1,155.1,155.1,155.1,155.1,155.1,155.1,155.1,155.1,155.1,155.1,155.1,155.1,155.1,155.1,155.1,155.1,155.1
2015-08-01,,,,,,,,,,,,,,,,,,,,,,,,,,,,,,,,,,,,,,,,,,,,,,,,,,,,,,,,,,,,,,,,,,,152.3,150.5,152.2,152.4,152.4,152.4,152.4,152.4,152.4,152.4,152.4,152.4,152.4,152.4,152.4,152.4,152.4,152.4,152.4,152.4,152.4,152.4,152.4,152.4,152.4,152.4,152.4,152.4,152.4,152.4,152.4,152.4,152.4,152.4,152.4,152.4,152.4,152.4,152.4,152.4,152.4,152.4,152.4,152.4,152.4,152.4,152.4,152.4,152.4,152.4,152.4,152.4,152.4,152.4,152.4,152.4,152.4,152.4,152.4,152.4,152.4,152.4,152.4,152.4,152.4,152.4,152.4,152.4,152.4,152.4,152.4,152.4,152.4,152.4,152.4,152.4,152.4,152.4,152.4,152.4,152.4,152.4,152.4,152.4,152.4,152.4,152.4,152.4,152.4,152.4,152.4,152.4,152.4,152.4,152.4,152.4,152.4,152.4,152.4,152.4,152.4,152.4,152.4,152.4,152.4,152.4,152.4,152.4,152.4,152.4,152.4,152.4,152.4,152.4,152.4,152.4,152.4,152.4,152.4,152.4,152.4,152.4,152.4,152.4,152.4,152.4,152.4,152.4,152.4,152.4,152.4,152.4
2015-09-01,,,,,,,,,,,,,,,,,,,,,,,,,,,,,,,,,,,,,,,,,,,,,,,,,,,,,,,,,,,,,,,,,,,,149.3,150.8,151.1,151.0,151.0,151.0,151.0,151.0,151.0,151.0,151.0,151.0,151.0,151.0,151.0,151.0,151.0,151.0,151.0,151.0,151.0,151.0,151.0,151.0,151.0,151.0,151.0,151.0,151.0,151.0,151.0,151.0,151.0,151.0,151.0,151.0,151.0,151.0,151.0,151.0,151.0,151.0,151.0,151.0,151.0,151.0,151.0,151.0,151.0,151.0,151.0,151.0,151.0,151.0,151.0,151.0,151.0,151.0,151.0,151.0,151.0,151.0,151.0,151.0,151.0,151.0,151.0,151.0,151.0,151.0,151.0,151.0,151.0,151.0,151.0,151.0,151.0,151.0,151.0,151.0,151.0,151.0,151.0,151.0,151.0,151.0,151.0,151.0,151.0,151.0,151.0,151.0,151.0,151.0,151.0,151.0,151.0,151.0,151.0,151.0,151.0,151.0,151.0,151.0,151.0,151.0,151.0,151.0,151.0,151.0,151.0,151.0,151.0,151.0,151.0,151.0,151.0,151.0,151.0,151.0,151.0,151.0,151.0,151.0,151.0,151.0,151.0,151.0,151.0,151.0,151.0
2015-10-01,,,,,,,,,,,,,,,,,,,,,,,,,,,,,,,,,,,,,,,,,,,,,,,,,,,,,,,,,,,,,,,,,,,,,156.3,155.2,154.9,154.9,154.9,154.9,154.9,154.9,154.9,154.9,154.9,154.9,154.9,154.9,154.9,154.9,154.9,154.9,154.9,154.9,154.9,154.9,154.9,154.9,154.9,154.9,154.9,154.9,154.9,154.9,154.9,154.9,154.9,154.9,154.9,154.9,154.9,154.9,154.9,154.9,154.9,154.9,154.9,154.9,154.9,154.9,154.9,154.9,154.9,154.9,154.9,154.9,154.9,154.9,154.9,154.9,154.9,154.9,154.9,154.9,154.9,154.9,154.9,154.9,154.9,154.9,154.9,154.9,154.9,154.9,154.9,154.9,154.9,154.9,154.9,154.9,154.9,154.9,154.9,154.9,154.9,154.9,154.9,154.9,154.9,154.9,154.9,154.9,154.9,154.9,154.9,154.9,154.9,154.9,154.9,154.9,154.9,154.9,154.9,154.9,154.9,154.9,154.9,154.9,154.9,154.9,154.9,154.9,154.9,154.9,154.9,154.9,154.9,154.9,154.9,154.9,154.9,154.9,154.9,154.9,154.9,154.9,154.9,154.9,154.9,154.9,154.9,154.9,154.9,154.9
2015-11-01,,,,,,,,,,,,,,,,,,,,,,,,,,,,,,,,,,,,,,,,,,,,,,,,,,,,,,,,,,,,,,,,,,,,,,156.0,155.8,155.4,155.4,155.4,155.4,155.4,155.4,155.4,155.4,155.4,155.4,155.4,155.4,155.4,155.4,155.4,155.4,155.4,155.4,155.4,155.4,155.4,155.4,155.4,155.4,155.4,155.4,155.4,155.4,155.4,155.4,155.4,155.4,155.4,155.4,155.4,155.4,155.4,155.4,155.4,155.4,155.4,155.4,155.4,155.4,155.4,155.4,155.4,155.4,155.4,155.4,155.4,155.4,155.4,155.4,155.4,155.4,155.4,155.4,155.4,155.4,155.4,155.4,155.4,155.4,155.4,155.4,155.4,155.4,155.4,155.4,155.4,155.4,155.4,155.4,155.4,155.4,155.4,155.4,155.4,155.4,155.4,155.4,155.4,155.4,155.4,155.4,155.4,155.4,155.4,155.4,155.4,155.4,155.4,155.4,155.4,155.4,155.4,155.4,155.4,155.4,155.4,155.4,155.4,155.4,155.4,155.4,155.4,155.4,155.4,155.4,155.4,155.4,155.4,155.4,155.4,155.4,155.4,155.4,155.4,155.4,155.4,155.4,155.4,155.4,155.4,155.4,155.4
2015-12-01,,,,,,,,,,,,,,,,,,,,,,,,,,,,,,,,,,,,,,,,,,,,,,,,,,,,,,,,,,,,,,,,,,,,,,,153.0,152.5,152.5,152.5,152.5,152.5,152.5,152.5,152.5,152.5,152.5,152.5,152.5,152.5,152.5,152.5,152.5,152.5,152.5,152.5,152.5,152.5,152.5,152.5,152.5,152.5,152.5,152.5,152.5,152.5,152.5,152.5,152.5,152.5,152.5,152.5,152.5,152.5,152.5,152.5,152.5,152.5,152.5,152.5,152.5,152.5,152.5,152.5,152.5,152.5,152.5,152.5,152.5,152.5,152.5,152.5,152.5,152.5,152.5,152.5,152.5,152.5,152.5,152.5,152.5,152.5,152.5,152.5,152.5,152.5,152.5,152.5,152.5,152.5,152.5,152.5,152.5,152.5,152.5,152.5,152.5,152.5,152.5,152.5,152.5,152.5,152.5,152.5,152.5,152.5,152.5,152.5,152.5,152.5,152.5,152.5,152.5,152.5,152.5,152.5,152.5,152.5,152.5,152.5,152.5,152.5,152.5,152.5,152.5,152.5,152.5,152.5,152.5,152.5,152.5,152.5,152.5,152.5,152.5,152.5,152.5,152.5,152.5,152.5,152.5,152.5,152.5,152.5
2016-01-01,,,,,,,,,,,,,,,,,,,,,,,,,,,,,,,,,,,,,,,,,,,,,,,,,,,,,,,,,,,,,,,,,,,,,,,,148.8,148.7,148.7,148.7,148.7,148.7,148.7,148.7,148.7,148.7,148.7,148.7,148.7,148.7,148.7,148.7,148.7,148.7,148.7,148.7,148.7,148.7,148.7,148.7,148.7,148.7,148.7,148.7,148.7,148.7,148.7,148.7,148.7,148.7,148.7,148.7,148.7,148.7,148.7,148.7,148.7,148.7,148.7,148.7,148.7,148.7,148.7,148.7,148.7,148.7,148.7,148.7,148.7,148.7,148.7,148.7,148.7,148.7,148.7,148.7,148.7,148.7,148.7,148.7,148.7,148.7,148.7,148.7,148.7,148.7,148.7,148.7,148.7,148.7,148.7,148.7,148.7,148.7,148.7,148.7,148.7,148.7,148.7,148.7,148.7,148.7,148.7,148.7,148.7,148.7,148.7,148.7,148.7,148.7,148.7,148.7,148.7,148.7,148.7,148.7,148.7,148.7,148.7,148.7,148.7,148.7,148.7,148.7,148.7,148.7,148.7,148.7,148.7,148.7,148.7,148.7,148.7,148.7,148.7,148.7,148.7,148.7,148.7,148.7,148.7,148.7,148.7
2016-02-01,,,,,,,,,,,,,,,,,,,,,,,,,,,,,,,,,,,,,,,,,,,,,,,,,,,,,,,,,,,,,,,,,,,,,,,,,147.2,146.8,146.8,146.8,146.8,146.8,146.8,146.8,146.8,146.8,146.8,146.8,146.8,146.8,146.8,146.8,146.8,146.8,146.8,146.8,146.8,146.8,146.8,146.8,146.8,146.8,146.8,146.8,146.8,146.8,146.8,146.8,146.8,146.8,146.8,146.8,146.8,146.8,146.8,146.8,146.8,146.8,146.8,146.8,146.8,146.8,146.8,146.8,146.8,146.8,146.8,146.8,146.8,146.8,146.8,146.8,146.8,146.8,146.8,146.8,146.8,146.8,146.8,146.8,146.8,146.8,146.8,146.8,146.8,146.8,146.8,146.8,146.8,146.8,146.8,146.8,146.8,146.8,146.8,146.8,146.8,146.8,146.8,146.8,146.8,146.8,146.8,146.8,146.8,146.8,146.8,146.8,146.8,146.8,146.8,146.8,146.8,146.8,146.8,146.8,146.8,146.8,146.8,146.8,146.8,146.8,146.8,146.8,146.8,146.8,146.8,146.8,146.8,146.8,146.8,146.8,146.8,146.8,146.8,146.8,146.8,146.8,146.8,146.8,146.8,146.8
2016-03-01,,,,,,,,,,,,,,,,,,,,,,,,,,,,,,,,,,,,,,,,,,,,,,,,,,,,,,,,,,,,,,,,,,,,,,,,,,144.8,144.4,144.4,144.7,144.7,144.7,144.7,144.7,144.7,144.7,144.7,144.7,144.7,144.7,144.7,144.7,144.7,144.7,144.7,144.7,144.7,144.7,144.7,144.7,144.7,144.7,144.7,144.7,144.7,144.7,144.7,144.7,144.7,144.7,144.7,144.7,144.7,144.7,144.7,144.7,144.7,144.7,144.7,144.7,144.7,144.7,144.7,144.7,144.7,144.7,144.7,144.7,144.7,144.7,144.7,144.7,144.7,144.7,144.7,144.7,144.7,144.7,144.7,144.7,144.7,144.7,144.7,144.7,144.7,144.7,144.7,144.7,144.7,144.7,144.7,144.7,144.7,144.7,144.7,144.7,144.7,144.7,144.7,144.7,144.7,144.7,144.7,144.7,144.7,144.7,144.7,144.7,144.7,144.7,144.7,144.7,144.7,144.7,144.7,144.7,144.7,144.7,144.7,144.7,144.7,144.7,144.7,144.7,144.7,144.7,144.7,144.7,144.7,144.7,144.7,144.7,144.7,144.7,144.7,144.7,144.7,144.7,144.7,144.7,144.7
2016-04-01,,,,,,,,,,,,,,,,,,,,,,,,,,,,,,,,,,,,,,,,,,,,,,,,,,,,,,,,,,,,,,,,,,,,,,,,,,,148.1,146.2,146.4,146.4,146.4,146.4,146.4,146.4,146.4,146.4,146.4,146.4,146.4,146.4,146.4,146.4,146.4,146.4,146.4,146.4,146.4,146.4,146.4,146.4,146.4,146.4,146.4,146.4,146.4,146.4,146.4,146.4,146.4,146.4,146.4,146.4,146.4,146.4,146.4,146.4,146.4,146.4,146.4,146.4,146.4,146.4,146.4,146.4,146.4,146.4,146.4,146.4,146.4,146.4,146.4,146.4,146.4,146.4,146.4,146.4,146.4,146.4,146.4,146.4,146.4,146.4,146.4,146.4,146.4,146.4,146.4,146.4,146.4,146.4,146.4,146.4,146.4,146.4,146.4,146.4,146.4,146.4,146.4,146.4,146.4,146.4,146.4,146.4,146.4,146.4,146.4,146.4,146.4,146.4,146.4,146.4,146.4,146.4,146.4,146.4,146.4,146.4,146.4,146.4,146.4,146.4,146.4,146.4,146.4,146.4,146.4,146.4,146.4,146.4,146.4,146.4,146.4,146.4,146.4,146.4,146.4,146.4,146.4,146.4
2016-05-01,,,,,,,,,,,,,,,,,,,,,,,,,,,,,,,,,,,,,,,,,,,,,,,,,,,,,,,,,,,,,,,,,,,,,,,,,,,,144.4,144.2,144.2,143.8,143.8,143.8,143.8,143.8,143.8,143.8,143.8,143.8,143.8,143.8,143.8,143.8,143.8,143.8,143.8,143.8,143.8,143.8,143.8,143.8,143.8,143.8,143.8,143.8,143.8,143.8,143.8,143.8,143.8,143.8,143.8,143.8,143.8,143.8,143.8,143.8,143.8,143.8,143.8,143.8,143.8,143.8,143.8,143.8,143.8,143.8,143.8,143.8,143.8,143.8,143.8,143.8,143.8,143.8,143.8,143.8,143.8,143.8,143.8,143.8,143.8,143.8,143.8,143.8,143.8,143.8,143.8,143.8,143.8,143.8,143.8,143.8,143.8,143.8,143.8,143.8,143.8,143.8,143.8,143.8,143.8,143.8,143.8,143.8,143.8,143.8,143.8,143.8,143.8,143.8,143.8,143.8,143.8,143.8,143.8,143.8,143.8,143.8,143.8,143.8,143.8,143.8,143.8,143.8,143.8,143.8,143.8,143.8,143.8,143.8,143.8,143.8,143.8,143.8,143.8,143.8,143.8,143.8,143.8
2016-06-01,,,,,,,,,,,,,,,,,,,,,,,,,,,,,,,,,,,,,,,,,,,,,,,,,,,,,,,,,,,,,,,,,,,,,,,,,,,,,142.2,142.2,141.8,141.8,141.8,141.8,141.8,141.8,141.8,141.8,141.8,141.8,141.8,141.8,141.8,141.8,141.8,141.8,141.8,141.8,141.8,141.8,141.8,141.8,141.8,141.8,141.8,141.8,141.8,141.8,141.8,141.8,141.8,141.8,141.8,141.8,141.8,141.8,141.8,141.8,141.8,141.8,141.8,141.8,141.8,141.8,141.8,141.8,141.8,141.8,141.8,141.8,141.8,141.8,141.8,141.8,141.8,141.8,141.8,141.8,141.8,141.8,141.8,141.8,141.8,141.8,141.8,141.8,141.8,141.8,141.8,141.8,141.8,141.8,141.8,141.8,141.8,141.8,141.8,141.8,141.8,141.8,141.8,141.8,141.8,141.8,141.8,141.8,141.8,141.8,141.8,141.8,141.8,141.8,141.8,141.8,141.8,141.8,141.8,141.8,141.8,141.8,141.8,141.8,141.8,141.8,141.8,141.8,141.8,141.8,141.8,141.8,141.8,141.8,141.8,141.8,141.8,141.8,141.8,141.8,141.8,141.8
2016-07-01,,,,,,,,,,,,,,,,,,,,,,,,,,,,,,,,,,,,,,,,,,,,,,,,,,,,,,,,,,,,,,,,,,,,,,,,,,,,,,143.5,143.9,142.6,142.7,142.7,142.7,142.7,142.7,142.7,142.7,142.7,142.7,142.7,142.7,142.7,142.7,142.7,142.7,142.7,142.7,142.7,142.7,142.7,142.7,142.7,142.7,142.7,142.7,142.7,142.7,142.7,142.7,142.7,142.7,142.7,142.7,142.7,142.7,142.7,142.7,142.7,142.7,142.7,142.7,142.7,142.7,142.7,142.7,142.7,142.7,142.7,142.7,142.7,142.7,142.7,142.7,142.7,142.7,142.7,142.7,142.7,142.7,142.7,142.7,142.7,142.7,142.7,142.7,142.7,142.7,142.7,142.7,142.7,142.7,142.7,142.7,142.7,142.7,142.7,142.7,142.7,142.7,142.7,142.7,142.7,142.7,142.7,142.7,142.7,142.7,142.7,142.7,142.7,142.7,142.7,142.7,142.7,142.7,142.7,142.7,142.7,142.7,142.7,142.7,142.7,142.7,142.7,142.7,142.7,142.7,142.7,142.7,142.7,142.7,142.7,142.7,142.7,142.7,142.7,142.7,142.7
2016-08-01,,,,,,,,,,,,,,,,,,,,,,,,,,,,,,,,,,,,,,,,,,,,,,,,,,,,,,,,,,,,,,,,,,,,,,,,,,,,,,,144.9,144.5,144.5,144.5,144.5,144.5,144.5,144.5,144.5,144.5,144.5,144.5,144.5,144.5,144.5,144.5,144.5,144.5,144.5,144.5,144.5,144.5,144.5,144.5,144.5,144.5,144.5,144.5,144.5,144.5,144.5,144.5,144.5,144.5,144.5,144.5,144.5,144.5,144.5,144.5,144.5,144.5,144.5,144.5,144.5,144.5,144.5,144.5,144.5,144.5,144.5,144.5,144.5,144.5,144.5,144.5,144.5,144.5,144.5,144.5,144.5,144.5,144.5,144.5,144.5,144.5,144.5,144.5,144.5,144.5,144.5,144.5,144.5,144.5,144.5,144.5,144.5,144.5,144.5,144.5,144.5,144.5,144.5,144.5,144.5,144.5,144.5,144.5,144.5,144.5,144.5,144.5,144.5,144.5,144.5,144.5,144.5,144.5,144.5,144.5,144.5,144.5,144.5,144.5,144.5,144.5,144.5,144.5,144.5,144.5,144.5,144.5,144.5,144.5,144.5,144.5,144.5,144.5,144.5,144.5
2016-09-01,,,,,,,,,,,,,,,,,,,,,,,,,,,,,,,,,,,,,,,,,,,,,,,,,,,,,,,,,,,,,,,,,,,,,,,,,,,,,,,,146.8,146.3,146.4,145.7,145.7,145.7,145.7,145.7,145.7,145.7,145.7,145.7,145.7,145.7,145.7,145.7,145.7,145.7,145.7,145.7,145.7,145.7,145.7,145.7,145.7,145.7,145.7,145.7,145.7,145.7,145.7,145.7,145.7,145.7,145.7,145.7,145.7,145.7,145.7,145.7,145.7,145.7,145.7,145.7,145.7,145.7,145.7,145.7,145.7,145.7,145.7,145.7,145.7,145.7,145.7,145.7,145.7,145.7,145.7,145.7,145.7,145.7,145.7,145.7,145.7,145.7,145.7,145.7,145.7,145.7,145.7,145.7,145.7,145.7,145.7,145.7,145.7,145.7,145.7,145.7,145.7,145.7,145.7,145.7,145.7,145.7,145.7,145.7,145.7,145.7,145.7,145.7,145.7,145.7,145.7,145.7,145.7,145.7,145.7,145.7,145.7,145.7,145.7,145.7,145.7,145.7,145.7,145.7,145.7,145.7,145.7,145.7,145.7,145.7,145.7,145.7,145.7,145.7,145.7
2016-10-01,,,,,,,,,,,,,,,,,,,,,,,,,,,,,,,,,,,,,,,,,,,,,,,,,,,,,,,,,,,,,,,,,,,,,,,,,,,,,,,,,152.7,153.9,152.2,154.5,154.5,154.5,154.5,154.5,154.5,154.5,154.5,154.5,154.5,154.5,154.5,154.5,154.5,154.5,154.5,154.5,154.5,154.5,154.5,154.5,154.5,154.5,154.5,154.5,154.5,154.5,154.5,154.5,154.5,154.5,154.5,154.5,154.5,154.5,154.5,154.5,154.5,154.5,154.5,154.5,154.5,154.5,154.5,154.5,154.5,154.5,154.5,154.5,154.5,154.5,154.5,154.5,154.5,154.5,154.5,154.5,154.5,154.5,154.5,154.5,154.5,154.5,154.5,154.5,154.5,154.5,154.5,154.5,154.5,154.5,154.5,154.5,154.5,154.5,154.5,154.5,154.5,154.5,154.5,154.5,154.5,154.5,154.5,154.5,154.5,154.5,154.5,154.5,154.5,154.5,154.5,154.5,154.5,154.5,154.5,154.5,154.5,154.5,154.5,154.5,154.5,154.5,154.5,154.5,154.5,154.5,154.5,154.5,154.5,154.5,154.5,154.5,154.5,154.5
2016-11-01,,,,,,,,,,,,,,,,,,,,,,,,,,,,,,,,,,,,,,,,,,,,,,,,,,,,,,,,,,,,,,,,,,,,,,,,,,,,,,,,,,154.2,152.6,155.3,155.3,155.3,155.3,155.3,155.3,155.3,155.3,155.3,155.3,155.3,155.3,155.3,155.3,155.3,155.3,155.3,155.3,155.3,155.3,155.3,155.3,155.3,155.3,155.3,155.3,155.3,155.3,155.3,155.3,155.3,155.3,155.3,155.3,155.3,155.3,155.3,155.3,155.3,155.3,155.3,155.3,155.3,155.3,155.3,155.3,155.3,155.3,155.3,155.3,155.3,155.3,155.3,155.3,155.3,155.3,155.3,155.3,155.3,155.3,155.3,155.3,155.3,155.3,155.3,155.3,155.3,155.3,155.3,155.3,155.3,155.3,155.3,155.3,155.3,155.3,155.3,155.3,155.3,155.3,155.3,155.3,155.3,155.3,155.3,155.3,155.3,155.3,155.3,155.3,155.3,155.3,155.3,155.3,155.3,155.3,155.3,155.3,155.3,155.3,155.3,155.3,155.3,155.3,155.3,155.3,155.3,155.3,155.3,155.3,155.3,155.3,155.3,155.3,155.3
2016-12-01,,,,,,,,,,,,,,,,,,,,,,,,,,,,,,,,,,,,,,,,,,,,,,,,,,,,,,,,,,,,,,,,,,,,,,,,,,,,,,,,,,,153.9,155.4,155.3,155.0,155.0,155.0,155.0,155.0,155.0,155.0,155.0,155.0,155.0,155.0,155.0,155.0,155.0,155.0,155.0,155.0,155.0,155.0,155.0,155.0,155.0,155.0,155.0,155.0,155.0,155.0,155.0,155.0,155.0,155.0,155.0,155.0,155.0,155.0,155.0,155.0,155.0,155.0,155.0,155.0,155.0,155.0,155.0,155.0,155.0,155.0,155.0,155.0,155.0,155.0,155.0,155.0,155.0,155.0,155.0,155.0,155.0,155.0,155.0,155.0,155.0,155.0,155.0,155.0,155.0,155.0,155.0,155.0,155.0,155.0,155.0,155.0,155.0,155.0,155.0,155.0,155.0,155.0,155.0,155.0,155.0,155.0,155.0,155.0,155.0,155.0,155.0,155.0,155.0,155.0,155.0,155.0,155.0,155.0,155.0,155.0,155.0,155.0,155.0,155.0,155.0,155.0,155.0,155.0,155.0,155.0,155.0,155.0,155.0,155.0,155.0,155.0
2017-01-01,,,,,,,,,,,,,,,,,,,,,,,,,,,,,,,,,,,,,,,,,,,,,,,,,,,,,,,,,,,,,,,,,,,,,,,,,,,,,,,,,,,,154.3,154.4,153.6,153.6,153.6,153.6,153.6,153.6,153.6,153.6,153.6,153.6,153.6,153.6,153.6,153.6,153.6,153.6,153.6,153.6,153.6,153.6,153.6,153.6,153.6,153.6,153.6,153.6,153.6,153.6,153.6,153.6,153.6,153.6,153.6,153.6,153.6,153.6,153.6,153.6,153.6,153.6,153.6,153.6,153.6,153.6,153.6,153.6,153.6,153.6,153.6,153.6,153.6,153.6,153.6,153.6,153.6,153.6,153.6,153.6,153.6,153.6,153.6,153.6,153.6,153.6,153.6,153.6,153.6,153.6,153.6,153.6,153.6,153.6,153.6,153.6,153.6,153.6,153.6,153.6,153.6,153.6,153.6,153.6,153.6,153.6,153.6,153.6,153.6,153.6,153.6,153.6,153.6,153.6,153.6,153.6,153.6,153.6,153.6,153.6,153.6,153.6,153.6,153.6,153.6,153.6,153.6,153.6,153.6,153.6,153.6,153.6,153.6,153.6,153.6
2017-02-01,,,,,,,,,,,,,,,,,,,,,,,,,,,,,,,,,,,,,,,,,,,,,,,,,,,,,,,,,,,,,,,,,,,,,,,,,,,,,,,,,,,,,154.4,153.0,153.0,153.0,153.0,153.0,153.0,153.0,153.0,153.0,153.0,153.0,153.0,153.0,153.0,153.0,153.0,153.0,153.0,153.0,153.0,153.0,153.0,153.0,153.0,153.0,153.0,153.0,153.0,153.0,153.0,153.0,153.0,153.0,153.0,153.0,153.0,153.0,153.0,153.0,153.0,153.0,153.0,153.0,153.0,153.0,153.0,153.0,153.0,153.0,153.0,153.0,153.0,153.0,153.0,153.0,153.0,153.0,153.0,153.0,153.0,153.0,153.0,153.0,153.0,153.0,153.0,153.0,153.0,153.0,153.0,153.0,153.0,153.0,153.0,153.0,153.0,153.0,153.0,153.0,153.0,153.0,153.0,153.0,153.0,153.0,153.0,153.0,153.0,153.0,153.0,153.0,153.0,153.0,153.0,153.0,153.0,153.0,153.0,153.0,153.0,153.0,153.0,153.0,153.0,153.0,153.0,153.0,153.0,153.0,153.0,153.0,153.0,153.0
2017-03-01,,,,,,,,,,,,,,,,,,,,,,,,,,,,,,,,,,,,,,,,,,,,,,,,,,,,,,,,,,,,,,,,,,,,,,,,,,,,,,,,,,,,,,153.4,153.4,153.4,153.4,153.4,153.4,153.4,153.4,153.4,153.4,153.4,153.4,153.4,153.4,153.4,153.4,153.4,153.4,153.4,153.4,153.4,153.4,153.4,153.4,153.4,153.4,153.4,153.4,153.4,153.4,153.4,153.4,153.4,153.4,153.4,153.4,153.4,153.4,153.4,153.4,153.4,153.4,153.4,153.4,153.4,153.4,153.4,153.4,153.4,153.4,153.4,153.4,153.4,153.4,153.4,153.4,153.4,153.4,153.4,153.4,153.4,153.4,153.4,153.4,153.4,153.4,153.4,153.4,153.4,153.4,153.4,153.4,153.4,153.4,153.4,153.4,153.4,153.4,153.4,153.4,153.4,153.4,153.4,153.4,153.4,153.4,153.4,153.4,153.4,153.4,153.4,153.4,153.4,153.4,153.4,153.4,153.4,153.4,153.4,153.4,153.4,153.4,153.4,153.4,153.4,153.4,153.4,153.4,153.4,153.4,153.4,153.4,153.4
2017-04-01,,,,,,,,,,,,,,,,,,,,,,,,,,,,,,,,,,,,,,,,,,,,,,,,,,,,,,,,,,,,,,,,,,,,,,,,,,,,,,,,,,,,,,,153.8,153.7,154.4,154.4,154.4,154.4,154.4,154.4,154.4,154.4,154.4,154.4,154.4,154.4,154.4,154.4,154.4,154.4,154.4,154.4,154.4,154.4,154.4,154.4,154.4,154.4,154.4,154.4,154.4,154.4,154.4,154.4,154.4,154.4,154.4,154.4,154.4,154.4,154.4,154.4,154.4,154.4,154.4,154.4,154.4,154.4,154.4,154.4,154.4,154.4,154.4,154.4,154.4,154.4,154.4,154.4,154.4,154.4,154.4,154.4,154.4,154.4,154.4,154.4,154.4,154.4,154.4,154.4,154.4,154.4,154.4,154.4,154.4,154.4,154.4,154.4,154.4,154.4,154.4,154.4,154.4,154.4,154.4,154.4,154.4,154.4,154.4,154.4,154.4,154.4,154.4,154.4,154.4,154.4,154.4,154.4,154.4,154.4,154.4,154.4,154.4,154.4,154.4,154.4,154.4,154.4,154.4,154.4,154.4,154.4,154.4,154.4
2017-05-01,,,,,,,,,,,,,,,,,,,,,,,,,,,,,,,,,,,,,,,,,,,,,,,,,,,,,,,,,,,,,,,,,,,,,,,,,,,,,,,,,,,,,,,,155.0,155.6,155.6,155.6,155.6,155.6,155.6,155.6,155.6,155.6,155.6,155.6,155.6,155.6,155.6,155.6,155.6,155.6,155.6,155.6,155.6,155.6,155.6,155.6,155.6,155.6,155.6,155.6,155.6,155.6,155.6,155.6,155.6,155.6,155.6,155.6,155.6,155.6,155.6,155.6,155.6,155.6,155.6,155.6,155.6,155.6,155.6,155.6,155.6,155.6,155.6,155.6,155.6,155.6,155.6,155.6,155.6,155.6,155.6,155.6,155.6,155.6,155.6,155.6,155.6,155.6,155.6,155.6,155.6,155.6,155.6,155.6,155.6,155.6,155.6,155.6,155.6,155.6,155.6,155.6,155.6,155.6,155.6,155.6,155.6,155.6,155.6,155.6,155.6,155.6,155.6,155.6,155.6,155.6,155.6,155.6,155.6,155.6,155.6,155.6,155.6,155.6,155.6,155.6,155.6,155.6,155.6,155.6,155.6,155.6,155.6
2017-06-01,,,,,,,,,,,,,,,,,,,,,,,,,,,,,,,,,,,,,,,,,,,,,,,,,,,,,,,,,,,,,,,,,,,,,,,,,,,,,,,,,,,,,,,,,155.7,155.1,155.1,155.1,155.1,155.1,155.1,155.1,155.1,155.1,155.1,155.1,155.1,155.1,155.1,155.1,155.1,155.1,155.1,155.1,155.1,155.1,155.1,155.1,155.1,155.1,155.1,155.1,155.1,155.1,155.1,155.1,155.1,155.1,155.1,155.1,155.1,155.1,155.1,155.1,155.1,155.1,155.1,155.1,155.1,155.1,155.1,155.1,155.1,155.1,155.1,155.1,155.1,155.1,155.1,155.1,155.1,155.1,155.1,155.1,155.1,155.1,155.1,155.1,155.1,155.1,155.1,155.1,155.1,155.1,155.1,155.1,155.1,155.1,155.1,155.1,155.1,155.1,155.1,155.1,155.1,155.1,155.1,155.1,155.1,155.1,155.1,155.1,155.1,155.1,155.1,155.1,155.1,155.1,155.1,155.1,155.1,155.1,155.1,155.1,155.1,155.1,155.1,155.1,155.1,155.1,155.1,155.1,155.1,155.1
2017-07-01,,,,,,,,,,,,,,,,,,,,,,,,,,,,,,,,,,,,,,,,,,,,,,,,,,,,,,,,,,,,,,,,,,,,,,,,,,,,,,,,,,,,,,,,,,164.9,164.9,164.9,164.9,164.9,164.9,164.9,164.9,164.9,164.9,164.9,164.9,164.9,164.9,164.9,164.9,164.9,164.9,164.9,164.9,164.9,164.9,164.9,164.9,164.9,164.9,164.9,164.9,164.9,164.9,164.9,164.9,164.9,164.9,164.9,164.9,164.9,164.9,164.9,164.9,164.9,164.9,164.9,164.9,164.9,164.9,164.9,164.9,164.9,164.9,164.9,164.9,164.9,164.9,164.9,164.9,164.9,164.9,164.9,164.9,164.9,164.9,164.9,164.9,164.9,164.9,164.9,164.9,164.9,164.9,164.9,164.9,164.9,164.9,164.9,164.9,164.9,164.9,164.9,164.9,164.9,164.9,164.9,164.9,164.9,164.9,164.9,164.9,164.9,164.9,164.9,164.9,164.9,164.9,164.9,164.9,164.9,164.9,164.9,164.9,164.9,164.9,164.9,164.9,164.9,164.9,164.9,164.9,164.9
2017-08-01,,,,,,,,,,,,,,,,,,,,,,,,,,,,,,,,,,,,,,,,,,,,,,,,,,,,,,,,,,,,,,,,,,,,,,,,,,,,,,,,,,,,,,,,,,,165.5,165.5,165.5,165.5,165.5,165.5,165.5,165.5,165.5,165.5,165.5,165.5,165.5,165.5,165.5,165.5,165.5,165.5,165.5,165.5,165.5,165.5,165.5,165.5,165.5,165.5,165.5,165.5,165.5,165.5,165.5,165.5,165.5,165.5,165.5,165.5,165.5,165.5,165.5,165.5,165.5,165.5,165.5,165.5,165.5,165.5,165.5,165.5,165.5,165.5,165.5,165.5,165.5,165.5,165.5,165.5,165.5,165.5,165.5,165.5,165.5,165.5,165.5,165.5,165.5,165.5,165.5,165.5,165.5,165.5,165.5,165.5,165.5,165.5,165.5,165.5,165.5,165.5,165.5,165.5,165.5,165.5,165.5,165.5,165.5,165.5,165.5,165.5,165.5,165.5,165.5,165.5,165.5,165.5,165.5,165.5,165.5,165.5,165.5,165.5,165.5,165.5,165.5,165.5,165.5,165.5,165.5,165.5
2017-09-01,,,,,,,,,,,,,,,,,,,,,,,,,,,,,,,,,,,,,,,,,,,,,,,,,,,,,,,,,,,,,,,,,,,,,,,,,,,,,,,,,,,,,,,,,,,,166.3,166.3,166.3,166.3,166.3,166.3,166.3,166.3,166.3,166.3,166.3,166.3,166.3,166.3,166.3,166.3,166.3,166.3,166.3,166.3,166.3,166.3,166.3,166.3,166.3,166.3,166.3,166.3,166.3,166.3,166.3,166.3,166.3,166.3,166.3,166.3,166.3,166.3,166.3,166.3,166.3,166.3,166.3,166.3,166.3,166.3,166.3,166.3,166.3,166.3,166.3,166.3,166.3,166.3,166.3,166.3,166.3,166.3,166.3,166.3,166.3,166.3,166.3,166.3,166.3,166.3,166.3,166.3,166.3,166.3,166.3,166.3,166.3,166.3,166.3,166.3,166.3,166.3,166.3,166.3,166.3,166.3,166.3,166.3,166.3,166.3,166.3,166.3,166.3,166.3,166.3,166.3,166.3,166.3,166.3,166.3,166.3,166.3,166.3,166.3,166.3,166.3,166.3,166.3,166.3,166.3,166.3
2017-10-01,,,,,,,,,,,,,,,,,,,,,,,,,,,,,,,,,,,,,,,,,,,,,,,,,,,,,,,,,,,,,,,,,,,,,,,,,,,,,,,,,,,,,,,,,,,,,161.0,162.2,161.9,161.9,161.9,161.9,161.9,161.9,161.9,161.9,161.9,161.9,161.9,161.9,161.9,161.9,161.9,161.9,161.9,161.9,161.9,161.9,161.9,161.9,161.9,161.9,161.9,161.9,161.9,161.9,161.9,161.9,161.9,161.9,161.9,161.9,161.9,161.9,161.9,161.9,161.9,161.9,161.9,161.9,161.9,161.9,161.9,161.9,161.9,161.9,161.9,161.9,161.9,161.9,161.9,161.9,161.9,161.9,161.9,161.9,161.9,161.9,161.9,161.9,161.9,161.9,161.9,161.9,161.9,161.9,161.9,161.9,161.9,161.9,161.9,161.9,161.9,161.9,161.9,161.9,161.9,161.9,161.9,161.9,161.9,161.9,161.9,161.9,161.9,161.9,161.9,161.9,161.9,161.9,161.9,161.9,161.9,161.9,161.9,161.9,161.9,161.9,161.9,161.9,161.9,161.9
2017-11-01,,,,,,,,,,,,,,,,,,,,,,,,,,,,,,,,,,,,,,,,,,,,,,,,,,,,,,,,,,,,,,,,,,,,,,,,,,,,,,,,,,,,,,,,,,,,,,171.1,170.8,170.8,170.8,170.8,170.8,170.8,170.8,170.8,170.8,170.8,170.8,170.8,170.8,170.8,170.8,170.8,170.8,170.8,170.8,170.8,170.8,170.8,170.8,170.8,170.8,170.8,170.8,170.8,170.8,170.8,170.8,170.8,170.8,170.8,170.8,170.8,170.8,170.8,170.8,170.8,170.8,170.8,170.8,170.8,170.8,170.8,170.8,170.8,170.8,170.8,170.8,170.8,170.8,170.8,170.8,170.8,170.8,170.8,170.8,170.8,170.8,170.8,170.8,170.8,170.8,170.8,170.8,170.8,170.8,170.8,170.8,170.8,170.8,170.8,170.8,170.8,170.8,170.8,170.8,170.8,170.8,170.8,170.8,170.8,170.8,170.8,170.8,170.8,170.8,170.8,170.8,170.8,170.8,170.8,170.8,170.8,170.8,170.8,170.8,170.8,170.8,170.8,170.8,170.8
2017-12-01,,,,,,,,,,,,,,,,,,,,,,,,,,,,,,,,,,,,,,,,,,,,,,,,,,,,,,,,,,,,,,,,,,,,,,,,,,,,,,,,,,,,,,,,,,,,,,,176.8,169.8,169.8,167.7,167.7,167.7,167.7,167.7,167.7,167.7,167.7,167.7,167.7,167.7,167.7,167.7,167.7,167.7,167.7,167.7,167.7,167.7,167.7,167.7,167.7,167.7,167.7,167.7,167.7,167.7,167.7,167.7,167.7,167.7,167.7,167.7,167.7,167.7,167.7,167.7,167.7,167.7,167.7,167.7,167.7,167.7,167.7,167.7,167.7,167.7,167.7,167.7,167.7,167.7,167.7,167.7,167.7,167.7,167.7,167.7,167.7,167.7,167.7,167.7,167.7,167.7,167.7,167.7,167.7,167.7,167.7,167.7,167.7,167.7,167.7,167.7,167.7,167.7,167.7,167.7,167.7,167.7,167.7,167.7,167.7,167.7,167.7,167.7,167.7,167.7,167.7,167.7,167.7,167.7,167.7,167.7,167.7,167.7,167.7,167.7,167.7,167.7,167.7,167.7
2018-01-01,,,,,,,,,,,,,,,,,,,,,,,,,,,,,,,,,,,,,,,,,,,,,,,,,,,,,,,,,,,,,,,,,,,,,,,,,,,,,,,,,,,,,,,,,,,,,,,,169.9,169.8,167.9,167.9,167.9,167.9,167.9,167.9,167.9,167.9,167.9,167.9,167.9,167.9,167.9,167.9,167.9,167.9,167.9,167.9,167.9,167.9,167.9,167.9,167.9,167.9,167.9,167.9,167.9,167.9,167.9,167.9,167.9,167.9,167.9,167.9,167.9,167.9,167.9,167.9,167.9,167.9,167.9,167.9,167.9,167.9,167.9,167.9,167.9,167.9,167.9,167.9,167.9,167.9,167.9,167.9,167.9,167.9,167.9,167.9,167.9,167.9,167.9,167.9,167.9,167.9,167.9,167.9,167.9,167.9,167.9,167.9,167.9,167.9,167.9,167.9,167.9,167.9,167.9,167.9,167.9,167.9,167.9,167.9,167.9,167.9,167.9,167.9,167.9,167.9,167.9,167.9,167.9,167.9,167.9,167.9,167.9,167.9,167.9,167.9,167.9,167.9,167.9
2018-02-01,,,,,,,,,,,,,,,,,,,,,,,,,,,,,,,,,,,,,,,,,,,,,,,,,,,,,,,,,,,,,,,,,,,,,,,,,,,,,,,,,,,,,,,,,,,,,,,,,168.1,168.3,168.4,162.7,162.7,162.7,162.7,162.7,162.7,162.7,162.7,162.7,162.7,162.7,162.7,162.7,162.7,162.7,162.7,162.7,162.7,162.7,162.7,162.7,162.7,162.7,162.7,162.7,162.7,162.7,162.7,162.7,162.7,162.7,162.7,162.7,162.7,162.7,162.7,162.7,162.7,162.7,162.7,162.7,162.7,162.7,162.7,162.7,162.7,162.7,162.7,162.7,162.7,162.7,162.7,162.7,162.7,162.7,162.7,162.7,162.7,162.7,162.7,162.7,162.7,162.7,162.7,162.7,162.7,162.7,162.7,162.7,162.7,162.7,162.7,162.7,162.7,162.7,162.7,162.7,162.7,162.7,162.7,162.7,162.7,162.7,162.7,162.7,162.7,162.7,162.7,162.7,162.7,162.7,162.7,162.7,162.7,162.7,162.7,162.7,162.7,162.7
2018-03-01,,,,,,,,,,,,,,,,,,,,,,,,,,,,,,,,,,,,,,,,,,,,,,,,,,,,,,,,,,,,,,,,,,,,,,,,,,,,,,,,,,,,,,,,,,,,,,,,,,166.7,164.6,166.0,165.4,165.4,165.4,165.4,165.4,165.4,165.4,165.4,165.4,165.4,165.4,165.4,165.4,165.4,165.4,165.4,165.4,165.4,165.4,165.4,165.4,165.4,165.4,165.4,165.4,165.4,165.4,165.4,165.4,165.4,165.4,165.4,165.4,165.4,165.4,165.4,165.4,165.4,165.4,165.4,165.4,165.4,165.4,165.4,165.4,165.4,165.4,165.4,165.4,165.4,165.4,165.4,165.4,165.4,165.4,165.4,165.4,165.4,165.4,165.4,165.4,165.4,165.4,165.4,165.4,165.4,165.4,165.4,165.4,165.4,165.4,165.4,165.4,165.4,165.4,165.4,165.4,165.4,165.4,165.4,165.4,165.4,165.4,165.4,165.4,165.4,165.4,165.4,165.4,165.4,165.4,165.4,165.4,165.4,165.4,165.4,165.4,165.4
2018-04-01,,,,,,,,,,,,,,,,,,,,,,,,,,,,,,,,,,,,,,,,,,,,,,,,,,,,,,,,,,,,,,,,,,,,,,,,,,,,,,,,,,,,,,,,,,,,,,,,,,,166.0,174.3,173.1,173.1,173.1,173.1,173.1,173.1,173.1,173.1,173.1,173.1,173.1,173.1,173.1,173.1,173.1,173.1,173.1,173.1,173.1,173.1,173.1,173.1,173.1,173.1,173.1,173.1,173.1,173.1,173.1,173.1,173.1,173.1,173.1,173.1,173.1,173.1,173.1,173.1,173.1,173.1,173.1,173.1,173.1,173.1,173.1,173.1,173.1,173.1,173.1,173.1,173.1,173.1,173.1,173.1,173.1,173.1,173.1,173.1,173.1,173.1,173.1,173.1,173.1,173.1,173.1,173.1,173.1,173.1,173.1,173.1,173.1,173.1,173.1,173.1,173.1,173.1,173.1,173.1,173.1,173.1,173.1,173.1,173.1,173.1,173.1,173.1,173.1,173.1,173.1,173.1,173.1,173.1,173.1,173.1,173.1,173.1,173.1,173.1
2018-05-01,,,,,,,,,,,,,,,,,,,,,,,,,,,,,,,,,,,,,,,,,,,,,,,,,,,,,,,,,,,,,,,,,,,,,,,,,,,,,,,,,,,,,,,,,,,,,,,,,,,,176.5,175.7,175.7,175.7,175.7,175.7,175.7,175.7,175.7,175.7,175.7,175.7,175.7,175.7,175.7,175.7,175.7,175.7,175.7,175.7,175.7,175.7,175.7,175.7,175.7,175.7,175.7,175.7,175.7,175.7,175.7,175.7,175.7,175.7,175.7,175.7,175.7,175.7,175.7,175.7,175.7,175.7,175.7,175.7,175.7,175.7,175.7,175.7,175.7,175.7,175.7,175.7,175.7,175.7,175.7,175.7,175.7,175.7,175.7,175.7,175.7,175.7,175.7,175.7,175.7,175.7,175.7,175.7,175.7,175.7,175.7,175.7,175.7,175.7,175.7,175.7,175.7,175.7,175.7,175.7,175.7,175.7,175.7,175.7,175.7,175.7,175.7,175.7,175.7,175.7,175.7,175.7,175.7,175.7,175.7,175.7,175.7,175.7,175.7
2018-06-01,,,,,,,,,,,,,,,,,,,,,,,,,,,,,,,,,,,,,,,,,,,,,,,,,,,,,,,,,,,,,,,,,,,,,,,,,,,,,,,,,,,,,,,,,,,,,,,,,,,,,175.3,175.3,175.3,175.3,175.3,175.3,175.3,175.3,175.3,175.3,175.3,175.3,175.3,175.3,175.3,175.3,175.3,175.3,175.3,175.3,175.3,175.3,175.3,175.3,175.3,175.3,175.3,175.3,175.3,175.3,175.3,175.3,175.3,175.3,175.3,175.3,175.3,175.3,175.3,175.3,175.3,175.3,175.3,175.3,175.3,175.3,175.3,175.3,175.3,175.3,175.3,175.3,175.3,175.3,175.3,175.3,175.3,175.3,175.3,175.3,175.3,175.3,175.3,175.3,175.3,175.3,175.3,175.3,175.3,175.3,175.3,175.3,175.3,175.3,175.3,175.3,175.3,175.3,175.3,175.3,175.3,175.3,175.3,175.3,175.3,175.3,175.3,175.3,175.3,175.3,175.3,175.3,175.3,175.3,175.3,175.3,175.3,175.3
2018-07-01,,,,,,,,,,,,,,,,,,,,,,,,,,,,,,,,,,,,,,,,,,,,,,,,,,,,,,,,,,,,,,,,,,,,,,,,,,,,,,,,,,,,,,,,,,,,,,,,,,,,,,171.9,171.8,171.7,171.8,171.8,171.8,171.8,171.8,171.8,171.8,171.8,171.8,171.8,171.8,171.8,171.8,171.8,171.8,171.8,171.8,171.8,171.8,171.8,171.8,171.8,171.8,171.8,171.8,171.8,171.8,171.8,171.8,171.8,171.8,171.8,171.8,171.8,171.8,171.8,171.8,171.8,171.8,171.8,171.8,171.8,171.8,171.8,171.8,171.8,171.8,171.8,171.8,171.8,171.8,171.8,171.8,171.8,171.8,171.8,171.8,171.8,171.8,171.8,171.8,171.8,171.8,171.8,171.8,171.8,171.8,171.8,171.8,171.8,171.8,171.8,171.8,171.8,171.8,171.8,171.8,171.8,171.8,171.8,171.8,171.8,171.8,171.8,171.8,171.8,171.8,171.8,171.8,171.8,171.8,171.8,171.8,171.8
2018-08-01,,,,,,,,,,,,,,,,,,,,,,,,,,,,,,,,,,,,,,,,,,,,,,,,,,,,,,,,,,,,,,,,,,,,,,,,,,,,,,,,,,,,,,,,,,,,,,,,,,,,,,,171.1,171.2,170.7,170.8,170.8,170.8,170.8,170.8,170.8,170.8,170.8,170.8,170.8,170.8,170.8,170.8,170.8,170.8,170.8,170.8,170.8,170.8,170.8,170.8,170.8,170.8,170.8,170.8,170.8,170.8,170.8,170.8,170.8,170.8,170.8,170.8,170.8,170.8,170.8,170.8,170.8,170.8,170.8,170.8,170.8,170.8,170.8,170.8,170.8,170.8,170.8,170.8,170.8,170.8,170.8,170.8,170.8,170.8,170.8,170.8,170.8,170.8,170.8,170.8,170.8,170.8,170.8,170.8,170.8,170.8,170.8,170.8,170.8,170.8,170.8,170.8,170.8,170.8,170.8,170.8,170.8,170.8,170.8,170.8,170.8,170.8,170.8,170.8,170.8,170.8,170.8,170.8,170.8,170.8,170.8,170.8
2018-09-01,,,,,,,,,,,,,,,,,,,,,,,,,,,,,,,,,,,,,,,,,,,,,,,,,,,,,,,,,,,,,,,,,,,,,,,,,,,,,,,,,,,,,,,,,,,,,,,,,,,,,,,,173.2,172.6,172.6,172.6,172.6,172.6,172.6,172.6,172.6,172.6,172.6,172.6,172.6,172.6,172.6,172.6,172.6,172.6,172.6,172.6,172.6,172.6,172.6,172.6,172.6,172.6,172.6,172.6,172.6,172.6,172.6,172.6,172.6,172.6,172.6,172.6,172.6,172.6,172.6,172.6,172.6,172.6,172.6,172.6,172.6,172.6,172.6,172.6,172.6,172.6,172.6,172.6,172.6,172.6,172.6,172.6,172.6,172.6,172.6,172.6,172.6,172.6,172.6,172.6,172.6,172.6,172.6,172.6,172.6,172.6,172.6,172.6,172.6,172.6,172.6,172.6,172.6,172.6,172.6,172.6,172.6,172.6,172.6,172.6,172.6,172.6,172.6,172.6,172.6,172.6,172.6,172.6,172.6,172.6,172.6
2018-10-01,,,,,,,,,,,,,,,,,,,,,,,,,,,,,,,,,,,,,,,,,,,,,,,,,,,,,,,,,,,,,,,,,,,,,,,,,,,,,,,,,,,,,,,,,,,,,,,,,,,,,,,,,175.6,175.6,175.6,175.6,175.6,175.6,175.6,175.6,175.6,175.6,175.6,175.6,175.6,175.6,175.6,175.6,175.6,175.6,175.6,175.6,175.6,175.6,175.6,175.6,175.6,175.6,175.6,175.6,175.6,175.6,175.6,175.6,175.6,175.6,175.6,175.6,175.6,175.6,175.6,175.6,175.6,175.6,175.6,175.6,175.6,175.6,175.6,175.6,175.6,175.6,175.6,175.6,175.6,175.6,175.6,175.6,175.6,175.6,175.6,175.6,175.6,175.6,175.6,175.6,175.6,175.6,175.6,175.6,175.6,175.6,175.6,175.6,175.6,175.6,175.6,175.6,175.6,175.6,175.6,175.6,175.6,175.6,175.6,175.6,175.6,175.6,175.6,175.6,175.6,175.6,175.6,175.6,175.6,175.6
2018-11-01,,,,,,,,,,,,,,,,,,,,,,,,,,,,,,,,,,,,,,,,,,,,,,,,,,,,,,,,,,,,,,,,,,,,,,,,,,,,,,,,,,,,,,,,,,,,,,,,,,,,,,,,,,177.8,177.1,177.1,177.1,177.1,177.1,177.1,177.1,177.1,177.1,177.1,177.1,177.1,177.1,177.1,177.1,177.1,177.1,177.1,177.1,177.1,177.1,177.1,177.1,177.1,177.1,177.1,177.1,177.1,177.1,177.1,177.1,177.1,177.1,177.1,177.1,177.1,177.1,177.1,177.1,177.1,177.1,177.1,177.1,177.1,177.1,177.1,177.1,177.1,177.1,177.1,177.1,177.1,177.1,177.1,177.1,177.1,177.1,177.1,177.1,177.1,177.1,177.1,177.1,177.1,177.1,177.1,177.1,177.1,177.1,177.1,177.1,177.1,177.1,177.1,177.1,177.1,177.1,177.1,177.1,177.1,177.1,177.1,177.1,177.1,177.1,177.1,177.1,177.1,177.1,177.1,177.1,177.1
2018-12-01,,,,,,,,,,,,,,,,,,,,,,,,,,,,,,,,,,,,,,,,,,,,,,,,,,,,,,,,,,,,,,,,,,,,,,,,,,,,,,,,,,,,,,,,,,,,,,,,,,,,,,,,,,,174.7,174.1,173.8,173.8,173.8,173.8,173.8,173.8,173.8,173.8,173.8,173.8,173.8,173.8,173.8,173.8,173.8,173.8,173.8,173.8,173.8,173.8,173.8,173.8,173.8,173.8,173.8,173.8,173.8,173.8,173.8,173.8,173.8,173.8,173.8,173.8,173.8,173.8,173.8,173.8,173.8,173.8,173.8,173.8,173.8,173.8,173.8,173.8,173.8,173.8,173.8,173.8,173.8,173.8,173.8,173.8,173.8,173.8,173.8,173.8,173.8,173.8,173.8,173.8,173.8,173.8,173.8,173.8,173.8,173.8,173.8,173.8,173.8,173.8,173.8,173.8,173.8,173.8,173.8,173.8,173.8,173.8,173.8,173.8,173.8,173.8,173.8,173.8,173.8,173.8,173.8,173.8
2019-01-01,,,,,,,,,,,,,,,,,,,,,,,,,,,,,,,,,,,,,,,,,,,,,,,,,,,,,,,,,,,,,,,,,,,,,,,,,,,,,,,,,,,,,,,,,,,,,,,,,,,,,,,,,,,,173.6,173.7,173.7,174.1,174.1,174.1,174.1,174.1,174.1,174.1,174.1,174.1,174.1,174.1,174.1,174.1,174.1,174.1,174.1,174.1,174.1,174.1,174.1,174.1,174.1,174.1,174.1,174.1,174.1,174.1,174.1,174.1,174.1,174.1,174.1,174.1,174.1,174.1,174.1,174.1,174.1,174.1,174.1,174.1,174.1,174.1,174.1,174.1,174.1,174.1,174.1,174.1,174.1,174.1,174.1,174.1,174.1,174.1,174.1,174.1,174.1,174.1,174.1,174.1,174.1,174.1,174.1,174.1,174.1,174.1,174.1,174.1,174.1,174.1,174.1,174.1,174.1,174.1,174.1,174.1,174.1,174.1,174.1,174.1,174.1,174.1,174.1,174.1,174.1,174.1,174.1
2019-02-01,,,,,,,,,,,,,,,,,,,,,,,,,,,,,,,,,,,,,,,,,,,,,,,,,,,,,,,,,,,,,,,,,,,,,,,,,,,,,,,,,,,,,,,,,,,,,,,,,,,,,,,,,,,,,165.9,166.1,166.4,166.4,166.4,166.4,166.4,166.4,166.4,166.4,166.4,166.4,166.4,166.4,166.4,166.4,166.4,166.4,166.4,166.4,166.4,166.4,166.4,166.4,166.4,166.4,166.4,166.4,166.4,166.4,166.4,166.4,166.4,166.4,166.4,166.4,166.4,166.4,166.4,166.4,166.4,166.4,166.4,166.4,166.4,166.4,166.4,166.4,166.4,166.4,166.4,166.4,166.4,166.4,166.4,166.4,166.4,166.4,166.4,166.4,166.4,166.4,166.4,166.4,166.4,166.4,166.4,166.4,166.4,166.4,166.4,166.4,166.4,166.4,166.4,166.4,166.4,166.4,166.4,166.4,166.4,166.4,166.4,166.4,166.4,166.4,166.4,166.4,166.4,166.4
2019-03-01,,,,,,,,,,,,,,,,,,,,,,,,,,,,,,,,,,,,,,,,,,,,,,,,,,,,,,,,,,,,,,,,,,,,,,,,,,,,,,,,,,,,,,,,,,,,,,,,,,,,,,,,,,,,,,167.2,167.0,166.9,166.9,166.9,166.9,166.9,166.9,166.9,166.9,166.9,166.9,166.9,166.9,166.9,166.9,166.9,166.9,166.9,166.9,166.9,166.9,166.9,166.9,166.9,166.9,166.9,166.9,166.9,166.9,166.9,166.9,166.9,166.9,166.9,166.9,166.9,166.9,166.9,166.9,166.9,166.9,166.9,166.9,166.9,166.9,166.9,166.9,166.9,166.9,166.9,166.9,166.9,166.9,166.9,166.9,166.9,166.9,166.9,166.9,166.9,166.9,166.9,166.9,166.9,166.9,166.9,166.9,166.9,166.9,166.9,166.9,166.9,166.9,166.9,166.9,166.9,166.9,166.9,166.9,166.9,166.9,166.9,166.9,166.9,166.9,166.9,166.9,166.9
2019-04-01,,,,,,,,,,,,,,,,,,,,,,,,,,,,,,,,,,,,,,,,,,,,,,,,,,,,,,,,,,,,,,,,,,,,,,,,,,,,,,,,,,,,,,,,,,,,,,,,,,,,,,,,,,,,,,,164.8,165.6,165.7,165.7,165.7,165.7,165.7,165.7,165.7,165.7,165.7,165.7,165.7,165.7,165.7,165.7,165.7,165.7,165.7,165.7,165.7,165.7,165.7,165.7,165.7,165.7,165.7,165.7,165.7,165.7,165.7,165.7,165.7,165.7,165.7,165.7,165.7,165.7,165.7,165.7,165.7,165.7,165.7,165.7,165.7,165.7,165.7,165.7,165.7,165.7,165.7,165.7,165.7,165.7,165.7,165.7,165.7,165.7,165.7,165.7,165.7,165.7,165.7,165.7,165.7,165.7,165.7,165.7,165.7,165.7,165.7,165.7,165.7,165.7,165.7,165.7,165.7,165.7,165.7,165.7,165.7,165.7,165.7,165.7,165.7,165.7,165.7,165.7
2019-05-01,,,,,,,,,,,,,,,,,,,,,,,,,,,,,,,,,,,,,,,,,,,,,,,,,,,,,,,,,,,,,,,,,,,,,,,,,,,,,,,,,,,,,,,,,,,,,,,,,,,,,,,,,,,,,,,,167.7,167.3,167.3,167.3,167.3,167.3,167.3,167.3,167.3,167.3,167.3,167.3,167.3,167.3,167.3,167.3,167.3,167.3,167.3,167.3,167.3,167.3,167.3,167.3,167.3,167.3,167.3,167.3,167.3,167.3,167.3,167.3,167.3,167.3,167.3,167.3,167.3,167.3,167.3,167.3,167.3,167.3,167.3,167.3,167.3,167.3,167.3,167.3,167.3,167.3,167.3,167.3,167.3,167.3,167.3,167.3,167.3,167.3,167.3,167.3,167.3,167.3,167.3,167.3,167.3,167.3,167.3,167.3,167.3,167.3,167.3,167.3,167.3,167.3,167.3,167.3,167.3,167.3,167.3,167.3,167.3,167.3,167.3,167.3,167.3,167.3,167.3
2019-06-01,,,,,,,,,,,,,,,,,,,,,,,,,,,,,,,,,,,,,,,,,,,,,,,,,,,,,,,,,,,,,,,,,,,,,,,,,,,,,,,,,,,,,,,,,,,,,,,,,,,,,,,,,,,,,,,,,168.6,168.1,168.1,168.1,168.1,168.1,168.1,168.1,168.1,168.1,168.1,168.1,168.1,168.1,168.1,168.1,168.1,168.1,168.1,168.1,168.1,168.1,168.1,168.1,168.1,168.1,168.1,168.1,168.1,168.1,168.1,168.1,168.1,168.1,168.1,168.1,168.1,168.1,168.1,168.1,168.1,168.1,168.1,168.1,168.1,168.1,168.1,168.1,168.1,168.1,168.1,168.1,168.1,168.1,168.1,168.1,168.1,168.1,168.1,168.1,168.1,168.1,168.1,168.1,168.1,168.1,168.1,168.1,168.1,168.1,168.1,168.1,168.1,168.1,168.1,168.1,168.1,168.1,168.1,168.1,168.1,168.1,168.1,168.1,168.1,168.1
2019-07-01,,,,,,,,,,,,,,,,,,,,,,,,,,,,,,,,,,,,,,,,,,,,,,,,,,,,,,,,,,,,,,,,,,,,,,,,,,,,,,,,,,,,,,,,,,,,,,,,,,,,,,,,,,,,,,,,,,164.6,163.9,164.4,164.4,164.4,164.4,164.4,164.4,164.4,164.4,164.4,164.4,164.4,164.4,164.4,164.4,164.4,164.4,164.4,164.4,164.4,164.4,164.4,164.4,164.4,164.4,164.4,164.4,164.4,164.4,164.4,164.4,164.4,164.4,164.4,164.4,164.4,164.4,164.4,164.4,164.4,164.4,164.4,164.4,164.4,164.4,164.4,164.4,164.4,164.4,164.4,164.4,164.4,164.4,164.4,164.4,164.4,164.4,164.4,164.4,164.4,164.4,164.4,164.4,164.4,164.4,164.4,164.4,164.4,164.4,164.4,164.4,164.4,164.4,164.4,164.4,164.4,164.4,164.4,164.4,164.4,164.4,164.4,164.4,164.4
2019-08-01,,,,,,,,,,,,,,,,,,,,,,,,,,,,,,,,,,,,,,,,,,,,,,,,,,,,,,,,,,,,,,,,,,,,,,,,,,,,,,,,,,,,,,,,,,,,,,,,,,,,,,,,,,,,,,,,,,,160.4,161.0,161.0,161.0,161.0,161.0,161.0,161.0,161.0,161.0,161.0,161.0,161.0,161.0,161.0,161.0,161.0,161.0,161.0,161.0,161.0,161.0,161.0,161.0,161.0,161.0,161.0,161.0,161.0,161.0,161.0,161.0,161.0,161.0,161.0,161.0,161.0,161.0,161.0,161.0,161.0,161.0,161.0,161.0,161.0,161.0,161.0,161.0,161.0,161.0,161.0,161.0,161.0,161.0,161.0,161.0,161.0,161.0,161.0,161.0,161.0,161.0,161.0,161.0,161.0,161.0,161.0,161.0,161.0,161.0,161.0,161.0,161.0,161.0,161.0,161.0,161.0,161.0,161.0,161.0,161.0,161.0,161.0,161.0
2019-09-01,,,,,,,,,,,,,,,,,,,,,,,,,,,,,,,,,,,,,,,,,,,,,,,,,,,,,,,,,,,,,,,,,,,,,,,,,,,,,,,,,,,,,,,,,,,,,,,,,,,,,,,,,,,,,,,,,,,,160.1,160.1,160.1,160.1,160.1,160.1,160.1,160.1,160.1,160.1,160.1,160.1,160.1,160.1,160.1,160.1,160.1,160.1,160.1,160.1,160.1,160.1,160.1,160.1,160.1,160.1,160.1,160.1,160.1,160.1,160.1,160.1,160.1,160.1,160.1,160.1,160.1,160.1,160.1,160.1,160.1,160.1,160.1,160.1,160.1,160.1,160.1,160.1,160.1,160.1,160.1,160.1,160.1,160.1,160.1,160.1,160.1,160.1,160.1,160.1,160.1,160.1,160.1,160.1,160.1,160.1,160.1,160.1,160.1,160.1,160.1,160.1,160.1,160.1,160.1,160.1,160.1,160.1,160.1,160.1,160.1,160.1,160.1
2019-10-01,,,,,,,,,,,,,,,,,,,,,,,,,,,,,,,,,,,,,,,,,,,,,,,,,,,,,,,,,,,,,,,,,,,,,,,,,,,,,,,,,,,,,,,,,,,,,,,,,,,,,,,,,,,,,,,,,,,,,162.1,161.8,161.8,161.8,161.8,161.8,161.8,161.8,161.8,161.8,161.8,161.8,161.8,161.8,161.8,161.8,161.8,161.8,161.8,161.8,161.8,161.8,161.8,161.8,161.8,161.8,161.8,161.8,161.8,161.8,161.8,161.8,161.8,161.8,161.8,161.8,161.8,161.8,161.8,161.8,161.8,161.8,161.8,161.8,161.8,161.8,161.8,161.8,161.8,161.8,161.8,161.8,161.8,161.8,161.8,161.8,161.8,161.8,161.8,161.8,161.8,161.8,161.8,161.8,161.8,161.8,161.8,161.8,161.8,161.8,161.8,161.8,161.8,161.8,161.8,161.8,161.8,161.8,161.8,161.8,161.8,161.8
2019-11-01,,,,,,,,,,,,,,,,,,,,,,,,,,,,,,,,,,,,,,,,,,,,,,,,,,,,,,,,,,,,,,,,,,,,,,,,,,,,,,,,,,,,,,,,,,,,,,,,,,,,,,,,,,,,,,,,,,,,,,163.8,163.9,163.9,163.9,163.9,163.9,163.9,163.9,163.9,163.9,163.9,163.9,163.9,163.9,163.9,163.9,163.9,163.9,163.9,163.9,163.9,163.9,163.9,163.9,163.9,163.9,163.9,163.9,163.9,163.9,163.9,163.9,163.9,163.9,163.9,163.9,163.9,163.9,163.9,163.9,163.9,163.9,163.9,163.9,163.9,163.9,163.9,163.9,163.9,163.9,163.9,163.9,163.9,163.9,163.9,163.9,163.9,163.9,163.9,163.9,163.9,163.9,163.9,163.9,163.9,163.9,163.9,163.9,163.9,163.9,163.9,163.9,163.9,163.9,163.9,163.9,163.9,163.9,163.9,163.9,163.9
2019-12-01,,,,,,,,,,,,,,,,,,,,,,,,,,,,,,,,,,,,,,,,,,,,,,,,,,,,,,,,,,,,,,,,,,,,,,,,,,,,,,,,,,,,,,,,,,,,,,,,,,,,,,,,,,,,,,,,,,,,,,,165.2,165.8,165.8,165.8,165.8,165.8,165.8,165.8,165.8,165.8,165.8,165.8,165.8,165.8,165.8,165.8,165.8,165.8,165.8,165.8,165.8,165.8,165.8,165.8,165.8,165.8,165.8,165.8,165.8,165.8,165.8,165.8,165.8,165.8,165.8,165.8,165.8,165.8,165.8,165.8,165.8,165.8,165.8,165.8,165.8,165.8,165.8,165.8,165.8,165.8,165.8,165.8,165.8,165.8,165.8,165.8,165.8,165.8,165.8,165.8,165.8,165.8,165.8,165.8,165.8,165.8,165.8,165.8,165.8,165.8,165.8,165.8,165.8,165.8,165.8,165.8,165.8,165.8,165.8,165.8
2020-01-01,,,,,,,,,,,,,,,,,,,,,,,,,,,,,,,,,,,,,,,,,,,,,,,,,,,,,,,,,,,,,,,,,,,,,,,,,,,,,,,,,,,,,,,,,,,,,,,,,,,,,,,,,,,,,,,,,,,,,,,,163.9,164.3,164.3,164.3,164.3,164.3,164.3,164.3,164.3,164.3,164.3,164.3,164.3,164.3,164.3,164.3,164.3,164.3,164.3,164.3,164.3,164.3,164.3,164.3,164.3,164.3,164.3,164.3,164.3,164.3,164.3,164.3,164.3,164.3,164.3,164.3,164.3,164.3,164.3,164.3,164.3,164.3,164.3,164.3,164.3,164.3,164.3,164.3,164.3,164.3,164.3,164.3,164.3,164.3,164.3,164.3,164.3,164.3,164.3,164.3,164.3,164.3,164.3,164.3,164.3,164.3,164.3,164.3,164.3,164.3,164.3,164.3,164.3,164.3,164.3,164.3,164.3,164.3,164.3
2020-02-01,,,,,,,,,,,,,,,,,,,,,,,,,,,,,,,,,,,,,,,,,,,,,,,,,,,,,,,,,,,,,,,,,,,,,,,,,,,,,,,,,,,,,,,,,,,,,,,,,,,,,,,,,,,,,,,,,,,,,,,,,162.5,162.9,162.9,166.3,166.3,166.3,166.3,166.3,166.3,166.3,166.3,166.3,166.3,166.3,166.3,166.3,166.3,166.3,166.3,166.3,166.3,166.3,166.3,166.3,166.3,166.3,166.3,166.3,166.3,166.3,166.3,166.3,166.3,166.3,166.3,166.3,166.3,166.3,166.3,166.3,166.3,166.3,166.3,166.3,166.3,166.3,166.3,166.3,166.3,166.3,166.3,166.3,166.3,166.3,166.3,166.3,166.3,166.3,166.3,166.3,166.3,166.3,166.3,166.3,166.3,166.3,166.3,166.3,166.3,166.3,166.3,166.3,166.3,166.3,166.3,166.3,166.3,166.3
2020-03-01,,,,,,,,,,,,,,,,,,,,,,,,,,,,,,,,,,,,,,,,,,,,,,,,,,,,,,,,,,,,,,,,,,,,,,,,,,,,,,,,,,,,,,,,,,,,,,,,,,,,,,,,,,,,,,,,,,,,,,,,,,164.3,164.3,167.9,167.9,167.9,167.9,167.9,167.9,167.9,167.9,167.9,167.9,167.9,167.9,167.9,167.9,167.9,167.9,167.9,167.9,167.9,167.9,167.9,167.9,167.9,167.9,167.9,167.9,167.9,167.9,167.9,167.9,167.9,167.9,167.9,167.9,167.9,167.9,167.9,167.9,167.9,167.9,167.9,167.9,167.9,167.9,167.9,167.9,167.9,167.9,167.9,167.9,167.9,167.9,167.9,167.9,167.9,167.9,167.9,167.9,167.9,167.9,167.9,167.9,167.9,167.9,167.9,167.9,167.9,167.9,167.9,167.9,167.9,167.9,167.9,167.9,167.9
2020-04-01,,,,,,,,,,,,,,,,,,,,,,,,,,,,,,,,,,,,,,,,,,,,,,,,,,,,,,,,,,,,,,,,,,,,,,,,,,,,,,,,,,,,,,,,,,,,,,,,,,,,,,,,,,,,,,,,,,,,,,,,,,,202.9,207.5,207.5,207.5,207.5,207.5,207.5,207.5,207.5,207.5,207.5,207.5,207.5,207.5,207.5,207.5,207.5,207.5,207.5,207.5,207.5,207.5,207.5,207.5,207.5,207.5,207.5,207.5,207.5,207.5,207.5,207.5,207.5,207.5,207.5,207.5,207.5,207.5,207.5,207.5,207.5,207.5,207.5,207.5,207.5,207.5,207.5,207.5,207.5,207.5,207.5,207.5,207.5,207.5,207.5,207.5,207.5,207.5,207.5,207.5,207.5,207.5,207.5,207.5,207.5,207.5,207.5,207.5,207.5,207.5,207.5,207.5,207.5,207.5,207.5,207.5
2020-05-01,,,,,,,,,,,,,,,,,,,,,,,,,,,,,,,,,,,,,,,,,,,,,,,,,,,,,,,,,,,,,,,,,,,,,,,,,,,,,,,,,,,,,,,,,,,,,,,,,,,,,,,,,,,,,,,,,,,,,,,,,,,,248.0,246.2,246.2,246.2,246.2,246.2,246.2,246.2,246.2,246.2,246.2,246.2,246.2,246.2,246.2,246.2,246.2,246.2,246.2,246.2,246.2,246.2,246.2,246.2,246.2,246.2,246.2,246.2,246.2,246.2,246.2,246.2,246.2,246.2,246.2,246.2,246.2,246.2,246.2,246.2,246.2,246.2,246.2,246.2,246.2,246.2,246.2,246.2,246.2,246.2,246.2,246.2,246.2,246.2,246.2,246.2,246.2,246.2,246.2,246.2,246.2,246.2,246.2,246.2,246.2,246.2,246.2,246.2,246.2,246.2,246.2,246.2,246.2,246.2,246.2
2020-06-01,,,,,,,,,,,,,,,,,,,,,,,,,,,,,,,,,,,,,,,,,,,,,,,,,,,,,,,,,,,,,,,,,,,,,,,,,,,,,,,,,,,,,,,,,,,,,,,,,,,,,,,,,,,,,,,,,,,,,,,,,,,,,240.6,240.1,240.1,240.1,240.1,240.1,240.1,240.1,240.1,240.1,240.1,240.1,240.1,240.1,240.1,240.1,240.1,240.1,240.1,240.1,240.1,240.1,240.1,240.1,240.1,240.1,240.1,240.1,240.1,240.1,240.1,240.1,240.1,240.1,240.1,240.1,240.1,240.1,240.1,240.1,240.1,240.1,240.1,240.1,240.1,240.1,240.1,240.1,240.1,240.1,240.1,240.1,240.1,240.1,240.1,240.1,240.1,240.1,240.1,240.1,240.1,240.1,240.1,240.1,240.1,240.1,240.1,240.1,240.1,240.1,240.1,240.1,240.1,240.1
2020-07-01,,,,,,,,,,,,,,,,,,,,,,,,,,,,,,,,,,,,,,,,,,,,,,,,,,,,,,,,,,,,,,,,,,,,,,,,,,,,,,,,,,,,,,,,,,,,,,,,,,,,,,,,,,,,,,,,,,,,,,,,,,,,,,215.8,216.4,216.4,216.4,216.4,216.4,216.4,216.4,216.4,216.4,216.4,216.4,216.4,216.4,216.4,216.4,216.4,216.4,216.4,216.4,216.4,216.4,216.4,216.4,216.4,216.4,216.4,216.4,216.4,216.4,216.4,216.4,216.4,216.4,216.4,216.4,216.4,216.4,216.4,216.4,216.4,216.4,216.4,216.4,216.4,216.4,216.4,216.4,216.4,216.4,216.4,216.4,216.4,216.4,216.4,216.4,216.4,216.4,216.4,216.4,216.4,216.4,216.4,216.4,216.4,216.4,216.4,216.4,216.4,216.4,216.4,216.4,216.4
2020-08-01,,,,,,,,,,,,,,,,,,,,,,,,,,,,,,,,,,,,,,,,,,,,,,,,,,,,,,,,,,,,,,,,,,,,,,,,,,,,,,,,,,,,,,,,,,,,,,,,,,,,,,,,,,,,,,,,,,,,,,,,,,,,,,,219.5,220.1,220.1,220.1,220.1,220.1,220.1,220.1,220.1,220.1,220.1,220.1,220.1,220.1,220.1,220.1,220.1,220.1,220.1,220.1,220.1,220.1,220.1,220.1,220.1,220.1,220.1,220.1,220.1,220.1,220.1,220.1,220.1,220.1,220.1,220.1,220.1,220.1,220.1,220.1,220.1,220.1,220.1,220.1,220.1,220.1,220.1,220.1,220.1,220.1,220.1,220.1,220.1,220.1,220.1,220.1,220.1,220.1,220.1,220.1,220.1,220.1,220.1,220.1,220.1,220.1,220.1,220.1,220.1,220.1,220.1,220.1
2020-09-01,,,,,,,,,,,,,,,,,,,,,,,,,,,,,,,,,,,,,,,,,,,,,,,,,,,,,,,,,,,,,,,,,,,,,,,,,,,,,,,,,,,,,,,,,,,,,,,,,,,,,,,,,,,,,,,,,,,,,,,,,,,,,,,,218.6,208.8,208.8,208.8,208.8,208.8,208.8,208.8,208.8,208.8,208.8,208.8,208.8,208.8,208.8,208.8,208.8,208.8,208.8,208.8,208.8,208.8,208.8,208.8,208.8,208.8,208.8,208.8,208.8,208.8,208.8,208.8,208.8,208.8,208.8,208.8,208.8,208.8,208.8,208.8,208.8,208.8,208.8,208.8,208.8,208.8,208.8,208.8,208.8,208.8,208.8,208.8,208.8,208.8,208.8,208.8,208.8,208.8,208.8,208.8,208.8,208.8,208.8,208.8,208.8,208.8,208.8,208.8,208.8,208.8,208.8
2020-10-01,,,,,,,,,,,,,,,,,,,,,,,,,,,,,,,,,,,,,,,,,,,,,,,,,,,,,,,,,,,,,,,,,,,,,,,,,,,,,,,,,,,,,,,,,,,,,,,,,,,,,,,,,,,,,,,,,,,,,,,,,,,,,,,,,216.2,215.1,215.1,215.1,215.1,215.1,215.1,215.1,215.1,215.1,215.1,215.1,215.1,215.1,215.1,215.1,215.1,215.1,215.1,215.1,215.1,215.1,215.1,215.1,215.1,215.1,215.1,215.1,215.1,215.1,215.1,215.1,215.1,215.1,215.1,215.1,215.1,215.1,215.1,215.1,215.1,215.1,215.1,215.1,215.1,215.1,215.1,215.1,215.1,215.1,215.1,215.1,215.1,215.1,215.1,215.1,215.1,215.1,215.1,215.1,215.1,215.1,215.1,215.1,215.1,215.1,215.1,215.1,215.1,215.1
2020-11-01,,,,,,,,,,,,,,,,,,,,,,,,,,,,,,,,,,,,,,,,,,,,,,,,,,,,,,,,,,,,,,,,,,,,,,,,,,,,,,,,,,,,,,,,,,,,,,,,,,,,,,,,,,,,,,,,,,,,,,,,,,,,,,,,,,229.8,228.7,228.7,228.7,228.7,228.7,228.7,228.7,228.7,228.7,228.7,228.7,228.7,228.7,228.7,228.7,228.7,228.7,228.7,228.7,228.7,228.7,228.7,228.7,228.7,228.7,228.7,228.7,228.7,228.7,228.7,228.7,228.7,228.7,228.7,228.7,228.7,228.7,228.7,228.7,228.7,228.7,228.7,228.7,228.7,228.7,228.7,228.7,228.7,228.7,228.7,228.7,228.7,228.7,228.7,228.7,228.7,228.7,228.7,228.7,228.7,228.7,228.7,228.7,228.7,228.7,228.7,228.7,228.7
2020-12-01,,,,,,,,,,,,,,,,,,,,,,,,,,,,,,,,,,,,,,,,,,,,,,,,,,,,,,,,,,,,,,,,,,,,,,,,,,,,,,,,,,,,,,,,,,,,,,,,,,,,,,,,,,,,,,,,,,,,,,,,,,,,,,,,,,,243.3,243.1,243.5,243.5,243.5,243.5,243.5,243.5,243.5,243.5,243.5,243.5,243.5,243.5,243.5,243.5,243.5,243.5,243.5,243.5,243.5,243.5,243.5,243.5,243.5,243.5,243.5,243.5,243.5,243.5,243.5,243.5,243.5,243.5,243.5,243.5,243.5,243.5,243.5,243.5,243.5,243.5,243.5,243.5,243.5,243.5,243.5,243.5,243.5,243.5,243.5,243.5,243.5,243.5,243.5,243.5,243.5,243.5,243.5,243.5,243.5,243.5,243.5,243.5,243.5,243.5,243.5,243.5
2021-01-01,,,,,,,,,,,,,,,,,,,,,,,,,,,,,,,,,,,,,,,,,,,,,,,,,,,,,,,,,,,,,,,,,,,,,,,,,,,,,,,,,,,,,,,,,,,,,,,,,,,,,,,,,,,,,,,,,,,,,,,,,,,,,,,,,,,,239.7,240.1,240.1,240.1,240.1,240.1,240.1,240.1,240.1,240.1,240.1,240.1,240.1,240.1,240.1,240.1,240.1,240.1,240.1,240.1,240.1,240.1,240.1,240.1,240.1,240.1,240.1,240.1,240.1,240.1,240.1,240.1,240.1,240.1,240.1,240.1,240.1,240.1,240.1,240.1,240.1,240.1,240.1,240.1,240.1,240.1,240.1,240.1,240.1,240.1,240.1,240.1,240.1,240.1,240.1,240.1,240.1,240.1,240.1,240.1,240.1,240.1,240.1,240.1,240.1,240.1,240.1
2021-02-01,,,,,,,,,,,,,,,,,,,,,,,,,,,,,,,,,,,,,,,,,,,,,,,,,,,,,,,,,,,,,,,,,,,,,,,,,,,,,,,,,,,,,,,,,,,,,,,,,,,,,,,,,,,,,,,,,,,,,,,,,,,,,,,,,,,,,231.5,235.6,235.6,239.2,239.2,239.2,239.2,239.2,239.2,239.2,239.2,239.2,239.2,239.2,239.2,239.2,239.2,239.2,239.2,239.2,239.2,239.2,239.2,239.2,239.2,239.2,239.2,239.2,239.2,239.2,239.2,239.2,239.2,239.2,239.2,239.2,239.2,239.2,239.2,239.2,239.2,239.2,239.2,239.2,239.2,239.2,239.2,239.2,239.2,239.2,239.2,239.2,239.2,239.2,239.2,239.2,239.2,239.2,239.2,239.2,239.2,239.2,239.2,239.2,239.2,239.2
2021-03-01,,,,,,,,,,,,,,,,,,,,,,,,,,,,,,,,,,,,,,,,,,,,,,,,,,,,,,,,,,,,,,,,,,,,,,,,,,,,,,,,,,,,,,,,,,,,,,,,,,,,,,,,,,,,,,,,,,,,,,,,,,,,,,,,,,,,,,239.1,232.6,232.0,232.0,232.0,232.0,232.0,232.0,232.0,232.0,232.0,232.0,232.0,232.0,232.0,232.0,232.0,232.0,232.0,232.0,232.0,232.0,232.0,232.0,232.0,232.0,232.0,232.0,232.0,232.0,232.0,232.0,232.0,232.0,232.0,232.0,232.0,232.0,232.0,232.0,232.0,232.0,232.0,232.0,232.0,232.0,232.0,232.0,232.0,232.0,232.0,232.0,232.0,232.0,232.0,232.0,232.0,232.0,232.0,232.0,232.0,232.0,232.0,232.0,232.0
2021-04-01,,,,,,,,,,,,,,,,,,,,,,,,,,,,,,,,,,,,,,,,,,,,,,,,,,,,,,,,,,,,,,,,,,,,,,,,,,,,,,,,,,,,,,,,,,,,,,,,,,,,,,,,,,,,,,,,,,,,,,,,,,,,,,,,,,,,,,,245.9,242.4,242.2,242.2,242.2,242.2,242.2,242.2,242.2,242.2,242.2,242.2,242.2,242.2,242.2,242.2,242.2,242.2,242.2,242.2,242.2,242.2,242.2,242.2,242.2,242.2,242.2,242.2,242.2,242.2,242.2,242.2,242.2,242.2,242.2,242.2,242.2,242.2,242.2,242.2,242.2,242.2,242.2,242.2,242.2,242.2,242.2,242.2,242.2,242.2,242.2,242.2,242.2,242.2,242.2,242.2,242.2,242.2,242.2,242.2,242.2,242.2,242.2,242.2
2021-05-01,,,,,,,,,,,,,,,,,,,,,,,,,,,,,,,,,,,,,,,,,,,,,,,,,,,,,,,,,,,,,,,,,,,,,,,,,,,,,,,,,,,,,,,,,,,,,,,,,,,,,,,,,,,,,,,,,,,,,,,,,,,,,,,,,,,,,,,,256.7,256.9,256.9,256.9,256.9,256.9,256.9,256.9,256.9,256.9,256.9,256.9,256.9,256.9,256.9,256.9,256.9,256.9,256.9,256.9,256.9,256.9,256.9,256.9,256.9,256.9,256.9,256.9,256.9,256.9,256.9,256.9,256.9,256.9,256.9,256.9,256.9,256.9,256.9,256.9,256.9,256.9,256.9,256.9,256.9,256.9,256.9,256.9,256.9,256.9,256.9,256.9,256.9,256.9,256.9,256.9,256.9,256.9,256.9,256.9,256.9,256.9,256.9
2021-06-01,,,,,,,,,,,,,,,,,,,,,,,,,,,,,,,,,,,,,,,,,,,,,,,,,,,,,,,,,,,,,,,,,,,,,,,,,,,,,,,,,,,,,,,,,,,,,,,,,,,,,,,,,,,,,,,,,,,,,,,,,,,,,,,,,,,,,,,,,265.1,264.3,264.3,264.3,264.3,264.3,264.3,264.3,264.3,264.3,264.3,264.3,264.3,264.3,264.3,264.3,264.3,264.3,264.3,264.3,264.3,264.3,264.3,264.3,264.3,264.3,264.3,264.3,264.3,264.3,264.3,264.3,264.3,264.3,264.3,264.3,264.3,264.3,264.3,264.3,264.3,264.3,264.3,264.3,264.3,264.3,264.3,264.3,264.3,264.3,264.3,264.3,264.3,264.3,264.3,264.3,264.3,264.3,264.3,264.3,264.3,264.3
2021-07-01,,,,,,,,,,,,,,,,,,,,,,,,,,,,,,,,,,,,,,,,,,,,,,,,,,,,,,,,,,,,,,,,,,,,,,,,,,,,,,,,,,,,,,,,,,,,,,,,,,,,,,,,,,,,,,,,,,,,,,,,,,,,,,,,,,,,,,,,,,251.2,248.8,248.8,248.8,248.8,248.8,248.8,248.8,248.8,248.8,248.8,248.8,248.8,248.8,248.8,248.8,248.8,248.8,248.8,248.8,248.8,248.8,248.8,248.8,248.8,248.8,248.8,248.8,248.8,248.8,248.8,248.8,248.8,248.8,248.8,248.8,248.8,248.8,248.8,248.8,248.8,248.8,248.8,248.8,248.8,248.8,248.8,248.8,248.8,248.8,248.8,248.8,248.8,248.8,248.8,248.8,248.8,248.8,248.8,248.8,248.8
2021-08-01,,,,,,,,,,,,,,,,,,,,,,,,,,,,,,,,,,,,,,,,,,,,,,,,,,,,,,,,,,,,,,,,,,,,,,,,,,,,,,,,,,,,,,,,,,,,,,,,,,,,,,,,,,,,,,,,,,,,,,,,,,,,,,,,,,,,,,,,,,,245.7,245.7,247.8,247.9,247.9,247.9,247.9,247.9,247.9,247.9,247.9,247.9,247.9,247.9,247.9,247.9,247.9,247.9,247.9,247.9,247.9,247.9,247.9,247.9,247.9,247.9,247.9,247.9,247.9,247.9,247.9,247.9,247.9,247.9,247.9,247.9,247.9,247.9,247.9,247.9,247.9,247.9,247.9,247.9,247.9,247.9,247.9,247.9,247.9,247.9,247.9,247.9,247.9,247.9,247.9,247.9,247.9,247.9,247.9,247.9
2021-09-01,,,,,,,,,,,,,,,,,,,,,,,,,,,,,,,,,,,,,,,,,,,,,,,,,,,,,,,,,,,,,,,,,,,,,,,,,,,,,,,,,,,,,,,,,,,,,,,,,,,,,,,,,,,,,,,,,,,,,,,,,,,,,,,,,,,,,,,,,,,,255.2,257.8,257.1,256.9,256.9,256.9,256.9,256.9,256.9,256.9,256.9,256.9,256.9,256.9,256.9,256.9,256.9,256.9,256.9,256.9,256.9,256.9,256.9,256.9,256.9,256.9,256.9,256.9,256.9,256.9,256.9,256.9,256.9,256.9,256.9,256.9,256.9,256.9,256.9,256.9,256.9,256.9,256.9,256.9,256.9,256.9,256.9,256.9,256.9,256.9,256.9,256.9,256.9,256.9,256.9,256.9,256.9,256.9,256.9
2021-10-01,,,,,,,,,,,,,,,,,,,,,,,,,,,,,,,,,,,,,,,,,,,,,,,,,,,,,,,,,,,,,,,,,,,,,,,,,,,,,,,,,,,,,,,,,,,,,,,,,,,,,,,,,,,,,,,,,,,,,,,,,,,,,,,,,,,,,,,,,,,,,264.3,265.0,267.6,267.6,267.6,267.6,267.6,267.6,267.6,267.6,267.6,267.6,267.6,267.6,267.6,267.6,267.6,267.6,267.6,267.6,267.6,267.6,267.6,267.6,267.6,267.6,267.6,267.6,267.6,267.6,267.6,267.6,267.6,267.6,267.6,267.6,267.6,267.6,267.6,267.6,267.6,267.6,267.6,267.6,267.6,267.6,267.6,267.6,267.6,267.6,267.6,267.6,267.6,267.6,267.6,267.6,267.6,267.6
2021-11-01,,,,,,,,,,,,,,,,,,,,,,,,,,,,,,,,,,,,,,,,,,,,,,,,,,,,,,,,,,,,,,,,,,,,,,,,,,,,,,,,,,,,,,,,,,,,,,,,,,,,,,,,,,,,,,,,,,,,,,,,,,,,,,,,,,,,,,,,,,,,,,292.5,291.6,288.7,288.7,288.7,288.7,288.7,288.7,288.7,288.7,288.7,288.7,288.7,288.7,288.7,288.7,288.7,288.7,288.7,288.7,288.7,288.7,288.7,288.7,288.7,288.7,288.7,288.7,288.7,288.7,288.7,288.7,288.7,288.7,288.7,288.7,288.7,288.7,288.7,288.7,288.7,288.7,288.7,288.7,288.7,288.7,288.7,288.7,288.7,288.7,288.7,288.7,288.7,288.7,288.7,288.7,288.7
2021-12-01,,,,,,,,,,,,,,,,,,,,,,,,,,,,,,,,,,,,,,,,,,,,,,,,,,,,,,,,,,,,,,,,,,,,,,,,,,,,,,,,,,,,,,,,,,,,,,,,,,,,,,,,,,,,,,,,,,,,,,,,,,,,,,,,,,,,,,,,,,,,,,,277.7,274.3,276.9,276.9,276.9,276.9,276.9,276.9,276.9,276.9,276.9,276.9,276.9,276.9,276.9,276.9,276.9,276.9,276.9,276.9,276.9,276.9,276.9,276.9,276.9,276.9,276.9,276.9,276.9,276.9,276.9,276.9,276.9,276.9,276.9,276.9,276.9,276.9,276.9,276.9,276.9,276.9,276.9,276.9,276.9,276.9,276.9,276.9,276.9,276.9,276.9,276.9,276.9,276.9,276.9,276.9
2022-01-01,,,,,,,,,,,,,,,,,,,,,,,,,,,,,,,,,,,,,,,,,,,,,,,,,,,,,,,,,,,,,,,,,,,,,,,,,,,,,,,,,,,,,,,,,,,,,,,,,,,,,,,,,,,,,,,,,,,,,,,,,,,,,,,,,,,,,,,,,,,,,,,,295.4,294.9,295.6,296.2,296.2,296.2,296.2,296.2,296.2,296.2,296.2,296.2,296.2,296.2,296.2,296.2,296.2,296.2,296.2,296.2,296.2,296.2,296.2,296.2,296.2,296.2,296.2,296.2,296.2,296.2,296.2,296.2,296.2,296.2,296.2,296.2,296.2,296.2,296.2,296.2,296.2,296.2,296.2,296.2,296.2,296.2,296.2,296.2,296.2,296.2,296.2,296.2,296.2,296.2,296.2
2022-02-01,,,,,,,,,,,,,,,,,,,,,,,,,,,,,,,,,,,,,,,,,,,,,,,,,,,,,,,,,,,,,,,,,,,,,,,,,,,,,,,,,,,,,,,,,,,,,,,,,,,,,,,,,,,,,,,,,,,,,,,,,,,,,,,,,,,,,,,,,,,,,,,,,274.3,269.5,270.9,270.9,270.9,270.9,270.9,270.9,270.9,270.9,270.9,270.9,270.9,270.9,270.9,270.9,270.9,270.9,270.9,270.9,270.9,270.9,270.9,270.9,270.9,270.9,270.9,270.9,270.9,270.9,270.9,270.9,270.9,270.9,270.9,270.9,270.9,270.9,270.9,270.9,270.9,270.9,270.9,270.9,270.9,270.9,270.9,270.9,270.9,270.9,270.9,270.9,270.9,270.9
2022-03-01,,,,,,,,,,,,,,,,,,,,,,,,,,,,,,,,,,,,,,,,,,,,,,,,,,,,,,,,,,,,,,,,,,,,,,,,,,,,,,,,,,,,,,,,,,,,,,,,,,,,,,,,,,,,,,,,,,,,,,,,,,,,,,,,,,,,,,,,,,,,,,,,,,266.5,271.9,271.9,271.9,271.9,271.9,271.9,271.9,271.9,271.9,271.9,271.9,271.9,271.9,271.9,271.9,271.9,271.9,271.9,271.9,271.9,271.9,271.9,271.9,271.9,271.9,271.9,271.9,271.9,271.9,271.9,271.9,271.9,271.9,271.9,271.9,271.9,271.9,271.9,271.9,271.9,271.9,271.9,271.9,271.9,271.9,271.9,271.9,271.9,271.9,271.9,271.9,271.9
2022-04-01,,,,,,,,,,,,,,,,,,,,,,,,,,,,,,,,,,,,,,,,,,,,,,,,,,,,,,,,,,,,,,,,,,,,,,,,,,,,,,,,,,,,,,,,,,,,,,,,,,,,,,,,,,,,,,,,,,,,,,,,,,,,,,,,,,,,,,,,,,,,,,,,,,,261.3,260.4,260.4,263.4,263.4,263.4,263.4,263.4,263.4,263.4,263.4,263.4,263.4,263.4,263.4,263.4,263.4,263.4,263.4,263.4,263.4,263.4,263.4,263.4,263.4,263.4,263.4,263.4,263.4,263.4,263.4,263.4,263.4,263.4,263.4,263.4,263.4,263.4,263.4,263.4,263.4,263.4,263.4,263.4,263.4,263.4,263.4,263.4,263.4,263.4,263.4,263.4
2022-05-01,,,,,,,,,,,,,,,,,,,,,,,,,,,,,,,,,,,,,,,,,,,,,,,,,,,,,,,,,,,,,,,,,,,,,,,,,,,,,,,,,,,,,,,,,,,,,,,,,,,,,,,,,,,,,,,,,,,,,,,,,,,,,,,,,,,,,,,,,,,,,,,,,,,,267.4,267.7,271.0,271.0,271.0,271.0,271.0,271.0,271.0,271.0,271.0,271.0,271.0,271.0,271.0,271.0,271.0,271.0,271.0,271.0,271.0,271.0,271.0,271.0,271.0,271.0,271.0,271.0,271.0,271.0,271.0,271.0,271.0,271.0,271.0,271.0,271.0,271.0,271.0,271.0,271.0,271.0,271.0,271.0,271.0,271.0,271.0,271.0,271.0,271.0,271.0
2022-06-01,,,,,,,,,,,,,,,,,,,,,,,,,,,,,,,,,,,,,,,,,,,,,,,,,,,,,,,,,,,,,,,,,,,,,,,,,,,,,,,,,,,,,,,,,,,,,,,,,,,,,,,,,,,,,,,,,,,,,,,,,,,,,,,,,,,,,,,,,,,,,,,,,,,,,269.1,268.7,262.8,262.8,262.8,262.8,262.8,262.8,262.8,262.8,262.8,262.8,262.8,262.8,262.8,262.8,262.8,262.8,262.8,262.8,262.8,262.8,262.8,262.8,262.8,262.8,262.8,262.8,262.8,262.8,262.8,262.8,262.8,262.8,262.8,262.8,262.8,262.8,262.8,262.8,262.8,262.8,262.8,262.8,262.8,262.8,262.8,262.8,262.8,262.8
2022-07-01,,,,,,,,,,,,,,,,,,,,,,,,,,,,,,,,,,,,,,,,,,,,,,,,,,,,,,,,,,,,,,,,,,,,,,,,,,,,,,,,,,,,,,,,,,,,,,,,,,,,,,,,,,,,,,,,,,,,,,,,,,,,,,,,,,,,,,,,,,,,,,,,,,,,,,249.1,240.9,240.9,240.9,240.9,240.9,240.9,240.9,240.9,240.9,240.9,240.9,240.9,240.9,240.9,240.9,240.9,240.9,240.9,240.9,240.9,240.9,240.9,240.9,240.9,240.9,240.9,240.9,240.9,240.9,240.9,240.9,240.9,240.9,240.9,240.9,240.9,240.9,240.9,240.9,240.9,240.9,240.9,240.9,240.9,240.9,240.9,240.9,240.9
2022-08-01,,,,,,,,,,,,,,,,,,,,,,,,,,,,,,,,,,,,,,,,,,,,,,,,,,,,,,,,,,,,,,,,,,,,,,,,,,,,,,,,,,,,,,,,,,,,,,,,,,,,,,,,,,,,,,,,,,,,,,,,,,,,,,,,,,,,,,,,,,,,,,,,,,,,,,,238.8,239.9,240.2,240.2,240.2,240.2,240.2,240.2,240.2,240.2,240.2,240.2,240.2,240.2,240.2,240.2,240.2,240.2,240.2,240.2,240.2,240.2,240.2,240.2,240.2,240.2,240.2,240.2,240.2,240.2,240.2,240.2,240.2,240.2,240.2,240.2,240.2,240.2,240.2,240.2,240.2,240.2,240.2,240.2,240.2,240.2,240.2,240.2
2022-09-01,,,,,,,,,,,,,,,,,,,,,,,,,,,,,,,,,,,,,,,,,,,,,,,,,,,,,,,,,,,,,,,,,,,,,,,,,,,,,,,,,,,,,,,,,,,,,,,,,,,,,,,,,,,,,,,,,,,,,,,,,,,,,,,,,,,,,,,,,,,,,,,,,,,,,,,,236.5,234.2,234.2,234.2,234.2,234.2,234.2,234.2,234.2,234.2,234.2,234.2,234.2,234.2,234.2,234.2,234.2,234.2,234.2,234.2,234.2,234.2,234.2,234.2,234.2,234.2,234.2,234.2,234.2,234.2,234.2,234.2,234.2,234.2,234.2,234.2,234.2,234.2,234.2,234.2,234.2,234.2,234.2,234.2,234.2,234.2,234.2
2022-10-01,,,,,,,,,,,,,,,,,,,,,,,,,,,,,,,,,,,,,,,,,,,,,,,,,,,,,,,,,,,,,,,,,,,,,,,,,,,,,,,,,,,,,,,,,,,,,,,,,,,,,,,,,,,,,,,,,,,,,,,,,,,,,,,,,,,,,,,,,,,,,,,,,,,,,,,,,213.5,211.8,211.8,211.8,211.8,211.8,211.8,211.8,211.8,211.8,211.8,211.8,211.8,211.8,211.8,211.8,211.8,211.8,211.8,211.8,211.8,211.8,211.8,211.8,211.8,211.8,211.8,211.8,211.8,211.8,211.8,211.8,211.8,211.8,211.8,211.8,211.8,211.8,211.8,211.8,211.8,211.8,211.8,211.8,211.8,211.8
2022-11-01,,,,,,,,,,,,,,,,,,,,,,,,,,,,,,,,,,,,,,,,,,,,,,,,,,,,,,,,,,,,,,,,,,,,,,,,,,,,,,,,,,,,,,,,,,,,,,,,,,,,,,,,,,,,,,,,,,,,,,,,,,,,,,,,,,,,,,,,,,,,,,,,,,,,,,,,,,192.4,192.8,192.8,194.4,194.4,194.4,194.4,194.4,194.4,194.4,194.4,194.4,194.4,194.4,194.4,194.4,194.4,194.4,194.4,194.4,194.4,194.4,194.4,194.4,194.4,194.4,194.4,194.4,194.4,194.4,194.4,194.4,194.4,194.4,194.4,194.4,194.4,194.4,194.4,194.4,194.4,194.4,194.4,194.4,194.4
2022-12-01,,,,,,,,,,,,,,,,,,,,,,,,,,,,,,,,,,,,,,,,,,,,,,,,,,,,,,,,,,,,,,,,,,,,,,,,,,,,,,,,,,,,,,,,,,,,,,,,,,,,,,,,,,,,,,,,,,,,,,,,,,,,,,,,,,,,,,,,,,,,,,,,,,,,,,,,,,,199.9,194.7,195.8,195.8,195.8,195.8,195.8,195.8,195.8,195.8,195.8,195.8,195.8,195.8,195.8,195.8,195.8,195.8,195.8,195.8,195.8,195.8,195.8,195.8,195.8,195.8,195.8,195.8,195.8,195.8,195.8,195.8,195.8,195.8,195.8,195.8,195.8,195.8,195.8,195.8,195.8,195.8,195.8,195.8
2023-01-01,,,,,,,,,,,,,,,,,,,,,,,,,,,,,,,,,,,,,,,,,,,,,,,,,,,,,,,,,,,,,,,,,,,,,,,,,,,,,,,,,,,,,,,,,,,,,,,,,,,,,,,,,,,,,,,,,,,,,,,,,,,,,,,,,,,,,,,,,,,,,,,,,,,,,,,,,,,,190.0,190.3,188.4,188.3,188.3,188.3,188.3,188.3,188.3,188.3,188.3,188.3,188.3,188.3,188.3,188.3,188.3,188.3,188.3,188.3,188.3,188.3,188.3,188.3,188.3,188.3,188.3,188.3,188.3,188.3,188.3,188.3,188.3,188.3,188.3,188.3,188.3,188.3,188.3,188.3,188.3,188.3,188.3
2023-02-01,,,,,,,,,,,,,,,,,,,,,,,,,,,,,,,,,,,,,,,,,,,,,,,,,,,,,,,,,,,,,,,,,,,,,,,,,,,,,,,,,,,,,,,,,,,,,,,,,,,,,,,,,,,,,,,,,,,,,,,,,,,,,,,,,,,,,,,,,,,,,,,,,,,,,,,,,,,,,184.4,181.0,179.9,180.4,180.4,180.4,180.4,180.4,180.4,180.4,180.4,180.4,180.4,180.4,180.4,180.4,180.4,180.4,180.4,180.4,180.4,180.4,180.4,180.4,180.4,180.4,180.4,180.4,180.4,180.4,180.4,180.4,180.4,180.4,180.4,180.4,180.4,180.4,180.4,180.4,180.4,180.4
2023-03-01,,,,,,,,,,,,,,,,,,,,,,,,,,,,,,,,,,,,,,,,,,,,,,,,,,,,,,,,,,,,,,,,,,,,,,,,,,,,,,,,,,,,,,,,,,,,,,,,,,,,,,,,,,,,,,,,,,,,,,,,,,,,,,,,,,,,,,,,,,,,,,,,,,,,,,,,,,,,,,173.7,175.1,171.6,171.8,171.8,171.8,171.8,171.8,171.8,171.8,171.8,171.8,171.8,171.8,171.8,171.8,171.8,171.8,171.8,171.8,171.8,171.8,171.8,171.8,171.8,171.8,171.8,171.8,171.8,171.8,171.8,171.8,171.8,171.8,171.8,171.8,171.8,171.8,171.8,171.8,171.8
2023-04-01,,,,,,,,,,,,,,,,,,,,,,,,,,,,,,,,,,,,,,,,,,,,,,,,,,,,,,,,,,,,,,,,,,,,,,,,,,,,,,,,,,,,,,,,,,,,,,,,,,,,,,,,,,,,,,,,,,,,,,,,,,,,,,,,,,,,,,,,,,,,,,,,,,,,,,,,,,,,,,,173.4,169.5,170.0,170.0,170.0,170.0,170.0,170.0,170.0,170.0,170.0,170.0,170.0,170.0,170.0,170.0,170.0,170.0,170.0,170.0,170.0,170.0,170.0,170.0,170.0,170.0,170.0,170.0,170.0,170.0,170.0,170.0,170.0,170.0,170.0,170.0,170.0,170.0,170.0,170.0
2023-05-01,,,,,,,,,,,,,,,,,,,,,,,,,,,,,,,,,,,,,,,,,,,,,,,,,,,,,,,,,,,,,,,,,,,,,,,,,,,,,,,,,,,,,,,,,,,,,,,,,,,,,,,,,,,,,,,,,,,,,,,,,,,,,,,,,,,,,,,,,,,,,,,,,,,,,,,,,,,,,,,,167.5,164.9,163.7,163.8,163.8,163.8,163.8,163.8,163.8,163.8,163.8,163.8,163.8,163.8,163.8,163.8,163.8,163.8,163.8,163.8,163.8,163.8,163.8,163.8,163.8,163.8,163.8,163.8,163.8,163.8,163.8,163.8,163.8,163.8,163.8,163.8,163.8,163.8,163.8
2023-06-01,,,,,,,,,,,,,,,,,,,,,,,,,,,,,,,,,,,,,,,,,,,,,,,,,,,,,,,,,,,,,,,,,,,,,,,,,,,,,,,,,,,,,,,,,,,,,,,,,,,,,,,,,,,,,,,,,,,,,,,,,,,,,,,,,,,,,,,,,,,,,,,,,,,,,,,,,,,,,,,,,168.2,167.6,168.1,165.7,165.7,165.7,165.7,165.7,165.7,165.7,165.7,165.7,165.7,165.7,165.7,165.7,165.7,165.7,165.7,165.7,165.7,165.7,165.7,165.7,165.7,165.7,165.7,165.7,165.7,165.7,165.7,165.7,165.7,165.7,165.7,165.7,165.7,165.7
2023-07-01,,,,,,,,,,,,,,,,,,,,,,,,,,,,,,,,,,,,,,,,,,,,,,,,,,,,,,,,,,,,,,,,,,,,,,,,,,,,,,,,,,,,,,,,,,,,,,,,,,,,,,,,,,,,,,,,,,,,,,,,,,,,,,,,,,,,,,,,,,,,,,,,,,,,,,,,,,,,,,,,,,167.6,166.2,165.9,166.7,166.7,166.7,166.7,166.7,166.7,166.7,166.7,166.7,166.7,166.7,166.7,166.7,166.7,166.7,166.7,166.7,166.7,166.7,166.7,166.7,166.7,166.7,166.7,166.7,166.7,166.7,166.7,166.7,166.7,166.7,166.7,166.7,166.7
2023-08-01,,,,,,,,,,,,,,,,,,,,,,,,,,,,,,,,,,,,,,,,,,,,,,,,,,,,,,,,,,,,,,,,,,,,,,,,,,,,,,,,,,,,,,,,,,,,,,,,,,,,,,,,,,,,,,,,,,,,,,,,,,,,,,,,,,,,,,,,,,,,,,,,,,,,,,,,,,,,,,,,,,,157.9,155.9,161.0,161.0,161.0,161.0,161.0,161.0,161.0,161.0,161.0,161.0,161.0,161.0,161.0,161.0,161.0,161.0,161.0,161.0,161.0,161.0,161.0,161.0,161.0,161.0,161.0,161.0,161.0,161.0,161.0,161.0,161.0,161.0,161.0,161.0
2023-09-01,,,,,,,,,,,,,,,,,,,,,,,,,,,,,,,,,,,,,,,,,,,,,,,,,,,,,,,,,,,,,,,,,,,,,,,,,,,,,,,,,,,,,,,,,,,,,,,,,,,,,,,,,,,,,,,,,,,,,,,,,,,,,,,,,,,,,,,,,,,,,,,,,,,,,,,,,,,,,,,,,,,,156.4,166.9,166.9,166.9,166.9,166.9,166.9,166.9,166.9,166.9,166.9,166.9,166.9,166.9,166.9,166.9,166.9,166.9,166.9,166.9,166.9,166.9,166.9,166.9,166.9,166.9,166.9,166.9,166.9,166.9,166.9,166.9,166.9,166.9,166.9
2023-10-01,,,,,,,,,,,,,,,,,,,,,,,,,,,,,,,,,,,,,,,,,,,,,,,,,,,,,,,,,,,,,,,,,,,,,,,,,,,,,,,,,,,,,,,,,,,,,,,,,,,,,,,,,,,,,,,,,,,,,,,,,,,,,,,,,,,,,,,,,,,,,,,,,,,,,,,,,,,,,,,,,,,,,165.1,166.4,167.7,167.8,167.8,167.8,167.8,167.8,167.8,167.8,167.8,167.8,167.8,167.8,167.8,167.8,167.8,167.8,167.8,167.8,167.8,167.8,167.8,167.8,167.8,167.8,167.8,167.8,167.8,167.8,167.8,167.8,167.8,167.8
2023-11-01,,,,,,,,,,,,,,,,,,,,,,,,,,,,,,,,,,,,,,,,,,,,,,,,,,,,,,,,,,,,,,,,,,,,,,,,,,,,,,,,,,,,,,,,,,,,,,,,,,,,,,,,,,,,,,,,,,,,,,,,,,,,,,,,,,,,,,,,,,,,,,,,,,,,,,,,,,,,,,,,,,,,,,169.3,173.6,173.2,178.4,178.4,178.4,178.4,178.4,178.4,178.4,178.4,178.4,178.4,178.4,178.4,178.4,178.4,178.4,178.4,178.4,178.4,178.4,178.4,178.4,178.4,178.4,178.4,178.4,178.4,178.4,178.4,178.4,178.4
2023-12-01,,,,,,,,,,,,,,,,,,,,,,,,,,,,,,,,,,,,,,,,,,,,,,,,,,,,,,,,,,,,,,,,,,,,,,,,,,,,,,,,,,,,,,,,,,,,,,,,,,,,,,,,,,,,,,,,,,,,,,,,,,,,,,,,,,,,,,,,,,,,,,,,,,,,,,,,,,,,,,,,,,,,,,,185.7,184.8,188.2,188.3,188.3,188.3,188.3,188.3,188.3,188.3,188.3,188.3,188.3,188.3,188.3,188.3,188.3,188.3,188.3,188.3,188.3,188.3,188.3,188.3,188.3,188.3,188.3,188.3,188.3,188.3,188.3,188.3
2024-01-01,,,,,,,,,,,,,,,,,,,,,,,,,,,,,,,,,,,,,,,,,,,,,,,,,,,,,,,,,,,,,,,,,,,,,,,,,,,,,,,,,,,,,,,,,,,,,,,,,,,,,,,,,,,,,,,,,,,,,,,,,,,,,,,,,,,,,,,,,,,,,,,,,,,,,,,,,,,,,,,,,,,,,,,,176.1,173.9,171.6,163.9,163.9,163.9,163.9,163.9,163.9,163.9,163.9,163.9,163.9,163.9,163.9,163.9,163.9,163.9,163.9,163.9,163.9,163.9,163.9,163.9,163.9,163.9,163.9,163.9,163.9,163.9,163.9
2024-02-01,,,,,,,,,,,,,,,,,,,,,,,,,,,,,,,,,,,,,,,,,,,,,,,,,,,,,,,,,,,,,,,,,,,,,,,,,,,,,,,,,,,,,,,,,,,,,,,,,,,,,,,,,,,,,,,,,,,,,,,,,,,,,,,,,,,,,,,,,,,,,,,,,,,,,,,,,,,,,,,,,,,,,,,,,174.8,164.2,160.5,160.5,160.5,160.5,160.5,160.5,160.5,160.5,160.5,160.5,160.5,160.5,160.5,160.5,160.5,160.5,160.5,160.5,160.5,160.5,160.5,160.5,160.5,160.5,160.5,160.5,160.5,160.5
2024-03-01,,,,,,,,,,,,,,,,,,,,,,,,,,,,,,,,,,,,,,,,,,,,,,,,,,,,,,,,,,,,,,,,,,,,,,,,,,,,,,,,,,,,,,,,,,,,,,,,,,,,,,,,,,,,,,,,,,,,,,,,,,,,,,,,,,,,,,,,,,,,,,,,,,,,,,,,,,,,,,,,,,,,,,,,,,166.1,170.5,170.6,169.8,169.8,169.8,169.8,169.8,169.8,169.8,169.8,169.8,169.8,169.8,169.8,169.8,169.8,169.8,169.8,169.8,169.8,169.8,169.8,169.8,169.8,169.8,169.8,169.8,169.8
2024-04-01,,,,,,,,,,,,,,,,,,,,,,,,,,,,,,,,,,,,,,,,,,,,,,,,,,,,,,,,,,,,,,,,,,,,,,,,,,,,,,,,,,,,,,,,,,,,,,,,,,,,,,,,,,,,,,,,,,,,,,,,,,,,,,,,,,,,,,,,,,,,,,,,,,,,,,,,,,,,,,,,,,,,,,,,,,,177.2,175.8,174.8,174.8,174.8,174.8,174.8,174.8,174.8,174.8,174.8,174.8,174.8,174.8,174.8,174.8,174.8,174.8,174.8,174.8,174.8,174.8,174.8,174.8,174.8,174.8,174.8,174.8
2024-05-01,,,,,,,,,,,,,,,,,,,,,,,,,,,,,,,,,,,,,,,,,,,,,,,,,,,,,,,,,,,,,,,,,,,,,,,,,,,,,,,,,,,,,,,,,,,,,,,,,,,,,,,,,,,,,,,,,,,,,,,,,,,,,,,,,,,,,,,,,,,,,,,,,,,,,,,,,,,,,,,,,,,,,,,,,,,,169.1,167.5,167.5,167.5,167.5,167.5,167.5,167.5,167.5,167.5,167.5,167.5,167.5,167.5,167.5,167.5,167.5,167.5,167.5,167.5,167.5,167.5,167.5,167.5,167.5,167.5,167.5
2024-06-01,,,,,,,,,,,,,,,,,,,,,,,,,,,,,,,,,,,,,,,,,,,,,,,,,,,,,,,,,,,,,,,,,,,,,,,,,,,,,,,,,,,,,,,,,,,,,,,,,,,,,,,,,,,,,,,,,,,,,,,,,,,,,,,,,,,,,,,,,,,,,,,,,,,,,,,,,,,,,,,,,,,,,,,,,,,,,174.5,173.3,173.3,170.7,170.7,170.7,170.7,170.7,170.7,170.7,170.7,170.7,170.7,170.7,170.7,170.7,170.7,170.7,170.7,170.7,170.7,170.7,170.7,170.7,170.7,170.7
2024-07-01,,,,,,,,,,,,,,,,,,,,,,,,,,,,,,,,,,,,,,,,,,,,,,,,,,,,,,,,,,,,,,,,,,,,,,,,,,,,,,,,,,,,,,,,,,,,,,,,,,,,,,,,,,,,,,,,,,,,,,,,,,,,,,,,,,,,,,,,,,,,,,,,,,,,,,,,,,,,,,,,,,,,,,,,,,,,,,183.7,183.6,180.0,180.0,180.0,180.0,180.0,180.0,180.0,180.0,180.0,180.0,180.0,180.0,180.0,180.0,180.0,180.0,180.0,180.0,180.0,180.0,180.0,180.0,180.0
2024-08-01,,,,,,,,,,,,,,,,,,,,,,,,,,,,,,,,,,,,,,,,,,,,,,,,,,,,,,,,,,,,,,,,,,,,,,,,,,,,,,,,,,,,,,,,,,,,,,,,,,,,,,,,,,,,,,,,,,,,,,,,,,,,,,,,,,,,,,,,,,,,,,,,,,,,,,,,,,,,,,,,,,,,,,,,,,,,,,,184.3,179.1,179.2,179.2,179.2,179.2,179.2,179.2,179.2,179.2,179.2,179.2,179.2,179.2,179.2,179.2,179.2,179.2,179.2,179.2,179.2,179.2,179.2,179.2
2024-09-01,,,,,,,,,,,,,,,,,,,,,,,,,,,,,,,,,,,,,,,,,,,,,,,,,,,,,,,,,,,,,,,,,,,,,,,,,,,,,,,,,,,,,,,,,,,,,,,,,,,,,,,,,,,,,,,,,,,,,,,,,,,,,,,,,,,,,,,,,,,,,,,,,,,,,,,,,,,,,,,,,,,,,,,,,,,,,,,,186.1,187.0,186.2,186.6,186.6,186.6,186.6,186.6,186.6,186.6,186.6,186.6,186.6,186.6,186.6,186.6,186.6,186.6,186.6,186.6,186.6,186.6,186.6
2024-10-01,,,,,,,,,,,,,,,,,,,,,,,,,,,,,,,,,,,,,,,,,,,,,,,,,,,,,,,,,,,,,,,,,,,,,,,,,,,,,,,,,,,,,,,,,,,,,,,,,,,,,,,,,,,,,,,,,,,,,,,,,,,,,,,,,,,,,,,,,,,,,,,,,,,,,,,,,,,,,,,,,,,,,,,,,,,,,,,,,202.7,197.7,201.6,201.9,201.9,201.9,201.9,201.9,201.9,201.9,201.9,201.9,201.9,201.9,201.9,201.9,201.9,201.9,201.9,201.9,201.9,201.9
2024-11-01,,,,,,,,,,,,,,,,,,,,,,,,,,,,,,,,,,,,,,,,,,,,,,,,,,,,,,,,,,,,,,,,,,,,,,,,,,,,,,,,,,,,,,,,,,,,,,,,,,,,,,,,,,,,,,,,,,,,,,,,,,,,,,,,,,,,,,,,,,,,,,,,,,,,,,,,,,,,,,,,,,,,,,,,,,,,,,,,,,193.3,196.0,194.7,195.1,195.1,195.1,195.1,195.1,195.1,195.1,195.1,195.1,195.1,195.1,195.1,195.1,195.1,195.1,195.1,195.1,195.1
2024-12-01,,,,,,,,,,,,,,,,,,,,,,,,,,,,,,,,,,,,,,,,,,,,,,,,,,,,,,,,,,,,,,,,,,,,,,,,,,,,,,,,,,,,,,,,,,,,,,,,,,,,,,,,,,,,,,,,,,,,,,,,,,,,,,,,,,,,,,,,,,,,,,,,,,,,,,,,,,,,,,,,,,,,,,,,,,,,,,,,,,,197.7,196.3,196.6,198.1,198.1,198.1,198.1,198.1,198.1,198.1,198.1,198.1,198.1,198.1,198.1,198.1,198.1,198.1,198.1,198.1
2025-01-01,,,,,,,,,,,,,,,,,,,,,,,,,,,,,,,,,,,,,,,,,,,,,,,,,,,,,,,,,,,,,,,,,,,,,,,,,,,,,,,,,,,,,,,,,,,,,,,,,,,,,,,,,,,,,,,,,,,,,,,,,,,,,,,,,,,,,,,,,,,,,,,,,,,,,,,,,,,,,,,,,,,,,,,,,,,,,,,,,,,,191.7,186.6,187.8,187.6,187.6,187.6,187.6,187.6,187.6,187.6,187.6,187.6,187.6,187.6,187.6,187.6,187.6,187.6,187.6
2025-02-01,,,,,,,,,,,,,,,,,,,,,,,,,,,,,,,,,,,,,,,,,,,,,,,,,,,,,,,,,,,,,,,,,,,,,,,,,,,,,,,,,,,,,,,,,,,,,,,,,,,,,,,,,,,,,,,,,,,,,,,,,,,,,,,,,,,,,,,,,,,,,,,,,,,,,,,,,,,,,,,,,,,,,,,,,,,,,,,,,,,,,173.1,172.1,172.8,172.8,172.8,172.8,172.8,172.8,172.8,172.8,172.8,172.8,172.8,172.8,172.8,172.8,172.8,172.8
2025-03-01,,,,,,,,,,,,,,,,,,,,,,,,,,,,,,,,,,,,,,,,,,,,,,,,,,,,,,,,,,,,,,,,,,,,,,,,,,,,,,,,,,,,,,,,,,,,,,,,,,,,,,,,,,,,,,,,,,,,,,,,,,,,,,,,,,,,,,,,,,,,,,,,,,,,,,,,,,,,,,,,,,,,,,,,,,,,,,,,,,,,,,174.8,177.7,177.7,177.7,177.7,177.7,177.7,177.7,177.7,177.7,177.7,177.7,177.7,177.7,177.7,177.7,177.7
2025-04-01,,,,,,,,,,,,,,,,,,,,,,,,,,,,,,,,,,,,,,,,,,,,,,,,,,,,,,,,,,,,,,,,,,,,,,,,,,,,,,,,,,,,,,,,,,,,,,,,,,,,,,,,,,,,,,,,,,,,,,,,,,,,,,,,,,,,,,,,,,,,,,,,,,,,,,,,,,,,,,,,,,,,,,,,,,,,,,,,,,,,,,,179.6,186.9,186.9,188.4,188.4,188.4,188.4,188.4,188.4,188.4,188.4,188.4,188.4,188.4,188.4,188.4
2025-05-01,,,,,,,,,,,,,,,,,,,,,,,,,,,,,,,,,,,,,,,,,,,,,,,,,,,,,,,,,,,,,,,,,,,,,,,,,,,,,,,,,,,,,,,,,,,,,,,,,,,,,,,,,,,,,,,,,,,,,,,,,,,,,,,,,,,,,,,,,,,,,,,,,,,,,,,,,,,,,,,,,,,,,,,,,,,,,,,,,,,,,,,,182.7,179.8,181.3,181.3,181.3,181.3,181.3,181.3,181.3,181.3,181.3,181.3,181.3,181.3,181.3
2025-06-01,,,,,,,,,,,,,,,,,,,,,,,,,,,,,,,,,,,,,,,,,,,,,,,,,,,,,,,,,,,,,,,,,,,,,,,,,,,,,,,,,,,,,,,,,,,,,,,,,,,,,,,,,,,,,,,,,,,,,,,,,,,,,,,,,,,,,,,,,,,,,,,,,,,,,,,,,,,,,,,,,,,,,,,,,,,,,,,,,,,,,,,,,185.8,183.9,184.0,174.6,174.6,174.6,174.6,174.6,174.6,174.6,174.6,174.6,174.6,174.6
2025-07-01,,,,,,,,,,,,,,,,,,,,,,,,,,,,,,,,,,,,,,,,,,,,,,,,,,,,,,,,,,,,,,,,,,,,,,,,,,,,,,,,,,,,,,,,,,,,,,,,,,,,,,,,,,,,,,,,,,,,,,,,,,,,,,,,,,,,,,,,,,,,,,,,,,,,,,,,,,,,,,,,,,,,,,,,,,,,,,,,,,,,,,,,,,187.8,193.8,178.8,178.8,178.8,178.8,178.8,178.8,178.8,178.8,178.8,178.8,178.8
2025-08-01,,,,,,,,,,,,,,,,,,,,,,,,,,,,,,,,,,,,,,,,,,,,,,,,,,,,,,,,,,,,,,,,,,,,,,,,,,,,,,,,,,,,,,,,,,,,,,,,,,,,,,,,,,,,,,,,,,,,,,,,,,,,,,,,,,,,,,,,,,,,,,,,,,,,,,,,,,,,,,,,,,,,,,,,,,,,,,,,,,,,,,,,,,,193.9,179.5,179.9,179.9,179.9,179.9,179.9,179.9,179.9,179.9,179.9,179.9
2025-09-01,,,,,,,,,,,,,,,,,,,,,,,,,,,,,,,,,,,,,,,,,,,,,,,,,,,,,,,,,,,,,,,,,,,,,,,,,,,,,,,,,,,,,,,,,,,,,,,,,,,,,,,,,,,,,,,,,,,,,,,,,,,,,,,,,,,,,,,,,,,,,,,,,,,,,,,,,,,,,,,,,,,,,,,,,,,,,,,,,,,,,,,,,,,,177.0,178.8,178.8,178.9,178.9,178.9,178.9,178.9,178.9,178.9,178.9
2025-10-01,,,,,,,,,,,,,,,,,,,,,,,,,,,,,,,,,,,,,,,,,,,,,,,,,,,,,,,,,,,,,,,,,,,,,,,,,,,,,,,,,,,,,,,,,,,,,,,,,,,,,,,,,,,,,,,,,,,,,,,,,,,,,,,,,,,,,,,,,,,,,,,,,,,,,,,,,,,,,,,,,,,,,,,,,,,,,,,,,,,,,,,,,,,,,,,,,,,,,,
2025-11-01,,,,,,,,,,,,,,,,,,,,,,,,,,,,,,,,,,,,,,,,,,,,,,,,,,,,,,,,,,,,,,,,,,,,,,,,,,,,,,,,,,,,,,,,,,,,,,,,,,,,,,,,,,,,,,,,,,,,,,,,,,,,,,,,,,,,,,,,,,,,,,,,,,,,,,,,,,,,,,,,,,,,,,,,,,,,,,,,,,,,,,,,,,,,,184.8,184.8,185.0,185.0,185.0,185.0,185.0,185.0,185.0,185.0
2025-12-01,,,,,,,,,,,,,,,,,,,,,,,,,,,,,,,,,,,,,,,,,,,,,,,,,,,,,,,,,,,,,,,,,,,,,,,,,,,,,,,,,,,,,,,,,,,,,,,,,,,,,,,,,,,,,,,,,,,,,,,,,,,,,,,,,,,,,,,,,,,,,,,,,,,,,,,,,,,,,,,,,,,,,,,,,,,,,,,,,,,,,,,,,,,,,,,191.1,191.1,191.1,191.1,191.1,191.1,191.1,191.1
2026-01-01,,,,,,,,,,,,,,,,,,,,,,,,,,,,,,,,,,,,,,,,,,,,,,,,,,,,,,,,,,,,,,,,,,,,,,,,,,,,,,,,,,,,,,,,,,,,,,,,,,,,,,,,,,,,,,,,,,,,,,,,,,,,,,,,,,,,,,,,,,,,,,,,,,,,,,,,,,,,,,,,,,,,,,,,,,,,,,,,,,,,,,,,,,,,,,,183.1,185.2,185.7,184.3,184.3,184.3,184.3,184.3
2026-02-01,,,,,,,,,,,,,,,,,,,,,,,,,,,,,,,,,,,,,,,,,,,,,,,,,,,,,,,,,,,,,,,,,,,,,,,,,,,,,,,,,,,,,,,,,,,,,,,,,,,,,,,,,,,,,,,,,,,,,,,,,,,,,,,,,,,,,,,,,,,,,,,,,,,,,,,,,,,,,,,,,,,,,,,,,,,,,,,,,,,,,,,,,,,,,,,,184.5,181.1,181.2,181.2,181.2,181.2,181.2
2026-03-01,,,,,,,,,,,,,,,,,,,,,,,,,,,,,,,,,,,,,,,,,,,,,,,,,,,,,,,,,,,,,,,,,,,,,,,,,,,,,,,,,,,,,,,,,,,,,,,,,,,,,,,,,,,,,,,,,,,,,,,,,,,,,,,,,,,,,,,,,,,,,,,,,,,,,,,,,,,,,,,,,,,,,,,,,,,,,,,,,,,,,,,,,,,,,,,,,182.4,185.9,185.9,185.9,185.9,185.9
2026-04-01,,,,,,,,,,,,,,,,,,,,,,,,,,,,,,,,,,,,,,,,,,,,,,,,,,,,,,,,,,,,,,,,,,,,,,,,,,,,,,,,,,,,,,,,,,,,,,,,,,,,,,,,,,,,,,,,,,,,,,,,,,,,,,,,,,,,,,,,,,,,,,,,,,,,,,,,,,,,,,,,,,,,,,,,,,,,,,,,,,,,,,,,,,,,,,,,,,194.3,194.1,193.0,198.6,198.6
2026-05-01,,,,,,,,,,,,,,,,,,,,,,,,,,,,,,,,,,,,,,,,,,,,,,,,,,,,,,,,,,,,,,,,,,,,,,,,,,,,,,,,,,,,,,,,,,,,,,,,,,,,,,,,,,,,,,,,,,,,,,,,,,,,,,,,,,,,,,,,,,,,,,,,,,,,,,,,,,,,,,,,,,,,,,,,,,,,,,,,,,,,,,,,,,,,,,,,,,,219.1,220.0,221.9,221.9
2026-06-01,,,,,,,,,,,,,,,,,,,,,,,,,,,,,,,,,,,,,,,,,,,,,,,,,,,,,,,,,,,,,,,,,,,,,,,,,,,,,,,,,,,,,,,,,,,,,,,,,,,,,,,,,,,,,,,,,,,,,,,,,,,,,,,,,,,,,,,,,,,,,,,,,,,,,,,,,,,,,,,,,,,,,,,,,,,,,,,,,,,,,,,,,,,,,,,,,,,,215.4,215.9,215.8
2026-07-01,,,,,,,,,,,,,,,,,,,,,,,,,,,,,,,,,,,,,,,,,,,,,,,,,,,,,,,,,,,,,,,,,,,,,,,,,,,,,,,,,,,,,,,,,,,,,,,,,,,,,,,,,,,,,,,,,,,,,,,,,,,,,,,,,,,,,,,,,,,,,,,,,,,,,,,,,,,,,,,,,,,,,,,,,,,,,,,,,,,,,,,,,,,,,,,,,,,,,209.7,215.5
2026-08-01,,,,,,,,,,,,,,,,,,,,,,,,,,,,,,,,,,,,,,,,,,,,,,,,,,,,,,,,,,,,,,,,,,,,,,,,,,,,,,,,,,,,,,,,,,,,,,,,,,,,,,,,,,,,,,,,,,,,,,,,,,,,,,,,,,,,,,,,,,,,,,,,,,,,,,,,,,,,,,,,,,,,,,,,,,,,,,,,,,,,,,,,,,,,,,,,,,,,,,218.7
