observation_date,IS231_20100316,IS231_20100413,IS231_20100513,IS231_20100615,IS231_20100714,IS231_20100812,IS231_20100915,IS231_20101013,IS231_20101110,IS231_20101210,IS231_20110112,IS231_20110215,IS231_20110315,IS231_20110412,IS231_20110510,IS231_20110610,IS231_20110713,IS231_20110816,IS231_20110913,IS231_20111014,IS231_20111110,IS231_20111214,IS231_20120113,IS231_20120214,IS231_20120314,IS231_20120411,IS231_20120510,IS231_20120612,IS231_20120712,IS231_20120810,IS231_20120912,IS231_20121011,IS231_20121109,IS231_20121212,IS231_20130111,IS231_20130213,IS231_20130313,IS231_20130411,IS231_20130514,IS231_20130613,IS231_20130711,IS231_20130813,IS231_20130912,IS231_20131023,IS231_20131115,IS231_20131212,IS231_20140114,IS231_20140214,IS231_20140313,IS231_20140410,IS231_20140513,IS231_20140612,IS231_20140715,IS231_20140814,IS231_20140912,IS231_20141010,IS231_20141114,IS231_20141211,IS231_20150114,IS231_20150213,IS231_20150312,IS231_20150410,IS231_20150513,IS231_20150611,IS231_20150714,IS231_20150813,IS231_20150910,IS231_20151009,IS231_20151110,IS231_20151210,IS231_20160114,IS231_20160212,IS231_20160311,IS231_20160412,IS231_20160512,IS231_20160614,IS231_20160713,IS231_20160811,IS231_20160914,IS231_20161013,IS231_20161115,IS231_20161213,IS231_20170112,IS231_20170210,IS231_20170309,IS231_20170412,IS231_20170510,IS231_20170615,IS231_20170718,IS231_20170815,IS231_20170919,IS231_20171017,IS231_20171116,IS231_20171214,IS231_20180110,IS231_20180216,IS231_20180315,IS231_20180412,IS231_20180511,IS231_20180614,IS231_20180713,IS231_20180814,IS231_20180914,IS231_20181012,IS231_20181115,IS231_20181213,IS231_20190116,IS231_20190215,IS231_20190314,IS231_20190412,IS231_20190514,IS231_20190613,IS231_20190716,IS231_20190814,IS231_20190913,IS231_20191011,IS231_20191115,IS231_20191213,IS231_20200116,IS231_20200214,IS231_20200313,IS231_20200414,IS231_20200514,IS231_20200612,IS231_20200715,IS231_20200813,IS231_20200915,IS231_20201015,IS231_20201117,IS231_20201215,IS231_20210114,IS231_20210218,IS231_20210316,IS231_20210414,IS231_20210514,IS231_20210616,IS231_20210715,IS231_20210813,IS231_20210915,IS231_20211015,IS231_20211116,IS231_20211215,IS231_20220114,IS231_20220216,IS231_20220316,IS231_20220414,IS231_20220513,IS231_20220615,IS231_20220715,IS231_20220812,IS231_20220915,IS231_20221014,IS231_20221116,IS231_20221214,IS231_20230113,IS231_20230217,IS231_20230316,IS231_20230414,IS231_20230512,IS231_20230615,IS231_20230714,IS231_20230815,IS231_20230915,IS231_20231013,IS231_20231116,IS231_20231214,IS231_20240117,IS231_20240215,IS231_20240315,IS231_20240412,IS231_20240516,IS231_20240614,IS231_20240716,IS231_20240815,IS231_20240913,IS231_20241016,IS231_20241115,IS231_20241213,IS231_20250116,IS231_20250214,IS231_20250318,IS231_20250415,IS231_20250516,IS231_20250617,IS231_20250717,IS231_20250815,IS231_20250916,IS231_20251203,IS231_20260115,IS231_20260210,IS231_20260305,IS231_20260325,IS231_20260415,IS231_20260514,IS231_20260616,IS231_20260717,IS231_20260818,IS231_20260916
1992-09-01,109.9,109.9,109.9,109.9,109.9,109.9,109.9,109.9,109.9,109.9,109.9,109.9,109.9,109.9,109.9,109.9,109.9,109.9,109.9,109.9,109.9,109.9,109.9,109.9,109.9,109.9,109.9,109.9,109.9,109.9,109.9,109.9,109.9,109.9,109.9,109.9,109.9,109.9,109.9,109.9,109.9,109.9,109.9,109.9,109.9,109.9,109.9,109.9,109.9,109.9,109.9,109.9,109.9,109.9,109.9,109.9,109.9,109.9,109.9,109.9,109.9,109.9,109.9,109.9,109.9,109.9,109.9,109.9,109.9,109.9,109.9,109.9,109.9,109.9,109.9,109.9,109.9,109.9,109.9,109.9,109.9,109.9,109.9,109.9,109.9,109.9,109.9,109.9,109.9,109.9,109.9,109.9,109.9,109.9,109.9,109.9,109.9,109.9,109.9,109.9,109.9,109.9,109.9,109.9,109.9,109.9,109.9,109.9,109.9,109.9,109.9,109.9,109.9,109.9,109.9,109.9,109.9,109.9,109.9,109.9,109.9,109.9,109.9,109.9,109.9,109.9,109.9,109.9,109.9,109.9,109.9,109.9,109.9,109.9,109.9,109.9,109.9,109.9,109.9,109.9,109.9,109.9,109.9,109.9,109.9,109.9,109.9,109.9,109.9,109.9,109.9,109.9,109.9,109.9,109.9,109.9,109.9,109.9,109.9,109.9,109.9,109.9,109.9,109.9,109.9,109.9,109.9,109.9,109.9,109.9,109.9,109.9,109.9,109.9,109.9,109.9,109.9,109.9,109.9,109.9,109.9,109.9,109.9,109.9,109.9,109.9,109.9,109.9,109.9,109.9,109.9,109.9,109.9,109.9,109.9,109.9,109.9,109.9
1992-10-01,,,,,,,,,,,,,,,,,,,,,,,,,,,,,,,,,,,,,,,,,,,,,,,,,,,,,,,,,,,,,,,,,,,,,,,,,,,,,,,,,,,,,,,,,,,,,,,,,,,,,,,,,,,,,,,,,,,,,,,,,,,,,,,,,,,,,,,,,,,,,,,,,,,,,,,,,,,,,,,,,,,,,,,,,,,,,,,,,,,,,,,,,,,,,,,,,,,,,,
1992-11-01,,,,,,,,,,,,,,,,,,,,,,,,,,,,,,,,,,,,,,,,,,,,,,,,,,,,,,,,,,,,,,,,,,,,,,,,,,,,,,,,,,,,,,,,,,,,,,,,,,,,,,,,,,,,,,,,,,,,,,,,,,,,,,,,,,,,,,,,,,,,,,,,,,,,,,,,,,,,,,,,,,,,,,,,,,,,,,,,,,,,,,,,,,,,,,,,,,,,,,
1992-12-01,108.6,108.6,108.6,108.6,108.6,108.6,108.6,108.6,108.6,108.6,108.6,108.6,108.6,108.6,108.6,108.6,108.6,108.6,108.6,108.6,108.6,108.6,108.6,108.6,108.6,108.6,108.6,108.6,108.6,108.6,108.6,108.6,108.6,108.6,108.6,108.6,108.6,108.6,108.6,108.6,108.6,108.6,108.6,108.6,108.6,108.6,108.6,108.6,108.6,108.6,108.6,108.6,108.6,108.6,108.6,108.6,108.6,108.6,108.6,108.6,108.6,108.6,108.6,108.6,108.6,108.6,108.6,108.6,108.6,108.6,108.6,108.6,108.6,108.6,108.6,108.6,108.6,108.6,108.6,108.6,108.6,108.6,108.6,108.6,108.6,108.6,108.6,108.6,108.6,108.6,108.6,108.6,108.6,108.6,108.6,108.6,108.6,108.6,108.6,108.6,108.6,108.6,108.6,108.6,108.6,108.6,108.6,108.6,108.6,108.6,108.6,108.6,108.6,108.6,108.6,108.6,108.6,108.6,108.6,108.6,108.6,108.6,108.6,108.6,108.6,108.6,108.6,108.6,108.6,108.6,108.6,108.6,108.6,108.6,108.6,108.6,108.6,108.6,108.6,108.6,108.6,108.6,108.6,108.6,108.6,108.6,108.6,108.6,108.6,108.6,108.6,108.6,108.6,108.6,108.6,108.6,108.6,108.6,108.6,108.6,108.6,108.6,108.6,108.6,108.6,108.6,108.6,108.6,108.6,108.6,108.6,108.6,108.6,108.6,108.6,108.6,108.6,108.6,108.6,108.6,108.6,108.6,108.6,108.6,108.6,108.6,108.6,108.6,108.6,108.6,108.6,108.6,108.6,108.6,108.6,108.6,108.6,108.6
1993-01-01,,,,,,,,,,,,,,,,,,,,,,,,,,,,,,,,,,,,,,,,,,,,,,,,,,,,,,,,,,,,,,,,,,,,,,,,,,,,,,,,,,,,,,,,,,,,,,,,,,,,,,,,,,,,,,,,,,,,,,,,,,,,,,,,,,,,,,,,,,,,,,,,,,,,,,,,,,,,,,,,,,,,,,,,,,,,,,,,,,,,,,,,,,,,,,,,,,,,,,
1993-02-01,,,,,,,,,,,,,,,,,,,,,,,,,,,,,,,,,,,,,,,,,,,,,,,,,,,,,,,,,,,,,,,,,,,,,,,,,,,,,,,,,,,,,,,,,,,,,,,,,,,,,,,,,,,,,,,,,,,,,,,,,,,,,,,,,,,,,,,,,,,,,,,,,,,,,,,,,,,,,,,,,,,,,,,,,,,,,,,,,,,,,,,,,,,,,,,,,,,,,,
1993-03-01,106.9,106.9,106.9,106.9,106.9,106.9,106.9,106.9,106.9,106.9,106.9,106.9,106.9,106.9,106.9,106.9,106.9,106.9,106.9,106.9,106.9,106.9,106.9,106.9,106.9,106.9,106.9,106.9,106.9,106.9,106.9,106.9,106.9,106.9,106.9,106.9,106.9,106.9,106.9,106.9,106.9,106.9,106.9,106.9,106.9,106.9,106.9,106.9,106.9,106.9,106.9,106.9,106.9,106.9,106.9,106.9,106.9,106.9,106.9,106.9,106.9,106.9,106.9,106.9,106.9,106.9,106.9,106.9,106.9,106.9,106.9,106.9,106.9,106.9,106.9,106.9,106.9,106.9,106.9,106.9,106.9,106.9,106.9,106.9,106.9,106.9,106.9,106.9,106.9,106.9,106.9,106.9,106.9,106.9,106.9,106.9,106.9,106.9,106.9,106.9,106.9,106.9,106.9,106.9,106.9,106.9,106.9,106.9,106.9,106.9,106.9,106.9,106.9,106.9,106.9,106.9,106.9,106.9,106.9,106.9,106.9,106.9,106.9,106.9,106.9,106.9,106.9,106.9,106.9,106.9,106.9,106.9,106.9,106.9,106.9,106.9,106.9,106.9,106.9,106.9,106.9,106.9,106.9,106.9,106.9,106.9,106.9,106.9,106.9,106.9,106.9,106.9,106.9,106.9,106.9,106.9,106.9,106.9,106.9,106.9,106.9,106.9,106.9,106.9,106.9,106.9,106.9,106.9,106.9,106.9,106.9,106.9,106.9,106.9,106.9,106.9,106.9,106.9,106.9,106.9,106.9,106.9,106.9,106.9,106.9,106.9,106.9,106.9,106.9,106.9,106.9,106.9,106.9,106.9,106.9,106.9,106.9,106.9
1993-04-01,,,,,,,,,,,,,,,,,,,,,,,,,,,,,,,,,,,,,,,,,,,,,,,,,,,,,,,,,,,,,,,,,,,,,,,,,,,,,,,,,,,,,,,,,,,,,,,,,,,,,,,,,,,,,,,,,,,,,,,,,,,,,,,,,,,,,,,,,,,,,,,,,,,,,,,,,,,,,,,,,,,,,,,,,,,,,,,,,,,,,,,,,,,,,,,,,,,,,,
1993-05-01,,,,,,,,,,,,,,,,,,,,,,,,,,,,,,,,,,,,,,,,,,,,,,,,,,,,,,,,,,,,,,,,,,,,,,,,,,,,,,,,,,,,,,,,,,,,,,,,,,,,,,,,,,,,,,,,,,,,,,,,,,,,,,,,,,,,,,,,,,,,,,,,,,,,,,,,,,,,,,,,,,,,,,,,,,,,,,,,,,,,,,,,,,,,,,,,,,,,,,
1993-06-01,106.1,106.1,106.1,106.1,106.1,106.1,106.1,106.1,106.1,106.1,106.1,106.1,106.1,106.1,106.1,106.1,106.1,106.1,106.1,106.1,106.1,106.1,106.1,106.1,106.1,106.1,106.1,106.1,106.1,106.1,106.1,106.1,106.1,106.1,106.1,106.1,106.1,106.1,106.1,106.1,106.1,106.1,106.1,106.1,106.1,106.1,106.1,106.1,106.1,106.1,106.1,106.1,106.1,106.1,106.1,106.1,106.1,106.1,106.1,106.1,106.1,106.1,106.1,106.1,106.1,106.1,106.1,106.1,106.1,106.1,106.1,106.1,106.1,106.1,106.1,106.1,106.1,106.1,106.1,106.1,106.1,106.1,106.1,106.1,106.1,106.1,106.1,106.1,106.1,106.1,106.1,106.1,106.1,106.1,106.1,106.1,106.1,106.1,106.1,106.1,106.1,106.1,106.1,106.1,106.1,106.1,106.1,106.1,106.1,106.1,106.1,106.1,106.1,106.1,106.1,106.1,106.1,106.1,106.1,106.1,106.1,106.1,106.1,106.1,106.1,106.1,106.1,106.1,106.1,106.1,106.1,106.1,106.1,106.1,106.1,106.1,106.1,106.1,106.1,106.1,106.1,106.1,106.1,106.1,106.1,106.1,106.1,106.1,106.1,106.1,106.1,106.1,106.1,106.1,106.1,106.1,106.1,106.1,106.1,106.1,106.1,106.1,106.1,106.1,106.1,106.1,106.1,106.1,106.1,106.1,106.1,106.1,106.1,106.1,106.1,106.1,106.1,106.1,106.1,106.1,106.1,106.1,106.1,106.1,106.1,106.1,106.1,106.1,106.1,106.1,106.1,106.1,106.1,106.1,106.1,106.1,106.1,106.1
1993-07-01,,,,,,,,,,,,,,,,,,,,,,,,,,,,,,,,,,,,,,,,,,,,,,,,,,,,,,,,,,,,,,,,,,,,,,,,,,,,,,,,,,,,,,,,,,,,,,,,,,,,,,,,,,,,,,,,,,,,,,,,,,,,,,,,,,,,,,,,,,,,,,,,,,,,,,,,,,,,,,,,,,,,,,,,,,,,,,,,,,,,,,,,,,,,,,,,,,,,,,
1993-08-01,,,,,,,,,,,,,,,,,,,,,,,,,,,,,,,,,,,,,,,,,,,,,,,,,,,,,,,,,,,,,,,,,,,,,,,,,,,,,,,,,,,,,,,,,,,,,,,,,,,,,,,,,,,,,,,,,,,,,,,,,,,,,,,,,,,,,,,,,,,,,,,,,,,,,,,,,,,,,,,,,,,,,,,,,,,,,,,,,,,,,,,,,,,,,,,,,,,,,,
1993-09-01,105.0,105.0,105.0,105.0,105.0,105.0,105.0,105.0,105.0,105.0,105.0,105.0,105.0,105.0,105.0,105.0,105.0,105.0,105.0,105.0,105.0,105.0,105.0,105.0,105.0,105.0,105.0,105.0,105.0,105.0,105.0,105.0,105.0,105.0,105.0,105.0,105.0,105.0,105.0,105.0,105.0,105.0,105.0,105.0,105.0,105.0,105.0,105.0,105.0,105.0,105.0,105.0,105.0,105.0,105.0,105.0,105.0,105.0,105.0,105.0,105.0,105.0,105.0,105.0,105.0,105.0,105.0,105.0,105.0,105.0,105.0,105.0,105.0,105.0,105.0,105.0,105.0,105.0,105.0,105.0,105.0,105.0,105.0,105.0,105.0,105.0,105.0,105.0,105.0,105.0,105.0,105.0,105.0,105.0,105.0,105.0,105.0,105.0,105.0,105.0,105.0,105.0,105.0,105.0,105.0,105.0,105.0,105.0,105.0,105.0,105.0,105.0,105.0,105.0,105.0,105.0,105.0,105.0,105.0,105.0,105.0,105.0,105.0,105.0,105.0,105.0,105.0,105.0,105.0,105.0,105.0,105.0,105.0,105.0,105.0,105.0,105.0,105.0,105.0,105.0,105.0,105.0,105.0,105.0,105.0,105.0,105.0,105.0,105.0,105.0,105.0,105.0,105.0,105.0,105.0,105.0,105.0,105.0,105.0,105.0,105.0,105.0,105.0,105.0,105.0,105.0,105.0,105.0,105.0,105.0,105.0,105.0,105.0,105.0,105.0,105.0,105.0,105.0,105.0,105.0,105.0,105.0,105.0,105.0,105.0,105.0,105.0,105.0,105.0,105.0,105.0,105.0,105.0,105.0,105.0,105.0,105.0,105.0
1993-10-01,,,,,,,,,,,,,,,,,,,,,,,,,,,,,,,,,,,,,,,,,,,,,,,,,,,,,,,,,,,,,,,,,,,,,,,,,,,,,,,,,,,,,,,,,,,,,,,,,,,,,,,,,,,,,,,,,,,,,,,,,,,,,,,,,,,,,,,,,,,,,,,,,,,,,,,,,,,,,,,,,,,,,,,,,,,,,,,,,,,,,,,,,,,,,,,,,,,,,,
1993-11-01,,,,,,,,,,,,,,,,,,,,,,,,,,,,,,,,,,,,,,,,,,,,,,,,,,,,,,,,,,,,,,,,,,,,,,,,,,,,,,,,,,,,,,,,,,,,,,,,,,,,,,,,,,,,,,,,,,,,,,,,,,,,,,,,,,,,,,,,,,,,,,,,,,,,,,,,,,,,,,,,,,,,,,,,,,,,,,,,,,,,,,,,,,,,,,,,,,,,,,
1993-12-01,105.9,105.9,105.9,105.9,105.9,105.9,105.9,105.9,105.9,105.9,105.9,105.9,105.9,105.9,105.9,105.9,105.9,105.9,105.9,105.9,105.9,105.9,105.9,105.9,105.9,105.9,105.9,105.9,105.9,105.9,105.9,105.9,105.9,105.9,105.9,105.9,105.9,105.9,105.9,105.9,105.9,105.9,105.9,105.9,105.9,105.9,105.9,105.9,105.9,105.9,105.9,105.9,105.9,105.9,105.9,105.9,105.9,105.9,105.9,105.9,105.9,105.9,105.9,105.9,105.9,105.9,105.9,105.9,105.9,105.9,105.9,105.9,105.9,105.9,105.9,105.9,105.9,105.9,105.9,105.9,105.9,105.9,105.9,105.9,105.9,105.9,105.9,105.9,105.9,105.9,105.9,105.9,105.9,105.9,105.9,105.9,105.9,105.9,105.9,105.9,105.9,105.9,105.9,105.9,105.9,105.9,105.9,105.9,105.9,105.9,105.9,105.9,105.9,105.9,105.9,105.9,105.9,105.9,105.9,105.9,105.9,105.9,105.9,105.9,105.9,105.9,105.9,105.9,105.9,105.9,105.9,105.9,105.9,105.9,105.9,105.9,105.9,105.9,105.9,105.9,105.9,105.9,105.9,105.9,105.9,105.9,105.9,105.9,105.9,105.9,105.9,105.9,105.9,105.9,105.9,105.9,105.9,105.9,105.9,105.9,105.9,105.9,105.9,105.9,105.9,105.9,105.9,105.9,105.9,105.9,105.9,105.9,105.9,105.9,105.9,105.9,105.9,105.9,105.9,105.9,105.9,105.9,105.9,105.9,105.9,105.9,105.9,105.9,105.9,105.9,105.9,105.9,105.9,105.9,105.9,105.9,105.9,105.9
1994-01-01,,,,,,,,,,,,,,,,,,,,,,,,,,,,,,,,,,,,,,,,,,,,,,,,,,,,,,,,,,,,,,,,,,,,,,,,,,,,,,,,,,,,,,,,,,,,,,,,,,,,,,,,,,,,,,,,,,,,,,,,,,,,,,,,,,,,,,,,,,,,,,,,,,,,,,,,,,,,,,,,,,,,,,,,,,,,,,,,,,,,,,,,,,,,,,,,,,,,,,
1994-02-01,,,,,,,,,,,,,,,,,,,,,,,,,,,,,,,,,,,,,,,,,,,,,,,,,,,,,,,,,,,,,,,,,,,,,,,,,,,,,,,,,,,,,,,,,,,,,,,,,,,,,,,,,,,,,,,,,,,,,,,,,,,,,,,,,,,,,,,,,,,,,,,,,,,,,,,,,,,,,,,,,,,,,,,,,,,,,,,,,,,,,,,,,,,,,,,,,,,,,,
1994-03-01,106.0,106.0,106.0,106.0,106.0,106.0,106.0,106.0,106.0,106.0,106.0,106.0,106.0,106.0,106.0,106.0,106.0,106.0,106.0,106.0,106.0,106.0,106.0,106.0,106.0,106.0,106.0,106.0,106.0,106.0,106.0,106.0,106.0,106.0,106.0,106.0,106.0,106.0,106.0,106.0,106.0,106.0,106.0,106.0,106.0,106.0,106.0,106.0,106.0,106.0,106.0,106.0,106.0,106.0,106.0,106.0,106.0,106.0,106.0,106.0,106.0,106.0,106.0,106.0,106.0,106.0,106.0,106.0,106.0,106.0,106.0,106.0,106.0,106.0,106.0,106.0,106.0,106.0,106.0,106.0,106.0,106.0,106.0,106.0,106.0,106.0,106.0,106.0,106.0,106.0,106.0,106.0,106.0,106.0,106.0,106.0,106.0,106.0,106.0,106.0,106.0,106.0,106.0,106.0,106.0,106.0,106.0,106.0,106.0,106.0,106.0,106.0,106.0,106.0,106.0,106.0,106.0,106.0,106.0,106.0,106.0,106.0,106.0,106.0,106.0,106.0,106.0,106.0,106.0,106.0,106.0,106.0,106.0,106.0,106.0,106.0,106.0,106.0,106.0,106.0,106.0,106.0,106.0,106.0,106.0,106.0,106.0,106.0,106.0,106.0,106.0,106.0,106.0,106.0,106.0,106.0,106.0,106.0,106.0,106.0,106.0,106.0,106.0,106.0,106.0,106.0,106.0,106.0,106.0,106.0,106.0,106.0,106.0,106.0,106.0,106.0,106.0,106.0,106.0,106.0,106.0,106.0,106.0,106.0,106.0,106.0,106.0,106.0,106.0,106.0,106.0,106.0,106.0,106.0,106.0,106.0,106.0,106.0
1994-04-01,,,,,,,,,,,,,,,,,,,,,,,,,,,,,,,,,,,,,,,,,,,,,,,,,,,,,,,,,,,,,,,,,,,,,,,,,,,,,,,,,,,,,,,,,,,,,,,,,,,,,,,,,,,,,,,,,,,,,,,,,,,,,,,,,,,,,,,,,,,,,,,,,,,,,,,,,,,,,,,,,,,,,,,,,,,,,,,,,,,,,,,,,,,,,,,,,,,,,,
1994-05-01,,,,,,,,,,,,,,,,,,,,,,,,,,,,,,,,,,,,,,,,,,,,,,,,,,,,,,,,,,,,,,,,,,,,,,,,,,,,,,,,,,,,,,,,,,,,,,,,,,,,,,,,,,,,,,,,,,,,,,,,,,,,,,,,,,,,,,,,,,,,,,,,,,,,,,,,,,,,,,,,,,,,,,,,,,,,,,,,,,,,,,,,,,,,,,,,,,,,,,
1994-06-01,105.7,105.7,105.7,105.7,105.7,105.7,105.7,105.7,105.7,105.7,105.7,105.7,105.7,105.7,105.7,105.7,105.7,105.7,105.7,105.7,105.7,105.7,105.7,105.7,105.7,105.7,105.7,105.7,105.7,105.7,105.7,105.7,105.7,105.7,105.7,105.7,105.7,105.7,105.7,105.7,105.7,105.7,105.7,105.7,105.7,105.7,105.7,105.7,105.7,105.7,105.7,105.7,105.7,105.7,105.7,105.7,105.7,105.7,105.7,105.7,105.7,105.7,105.7,105.7,105.7,105.7,105.7,105.7,105.7,105.7,105.7,105.7,105.7,105.7,105.7,105.7,105.7,105.7,105.7,105.7,105.7,105.7,105.7,105.7,105.7,105.7,105.7,105.7,105.7,105.7,105.7,105.7,105.7,105.7,105.7,105.7,105.7,105.7,105.7,105.7,105.7,105.7,105.7,105.7,105.7,105.7,105.7,105.7,105.7,105.7,105.7,105.7,105.7,105.7,105.7,105.7,105.7,105.7,105.7,105.7,105.7,105.7,105.7,105.7,105.7,105.7,105.7,105.7,105.7,105.7,105.7,105.7,105.7,105.7,105.7,105.7,105.7,105.7,105.7,105.7,105.7,105.7,105.7,105.7,105.7,105.7,105.7,105.7,105.7,105.7,105.7,105.7,105.7,105.7,105.7,105.7,105.7,105.7,105.7,105.7,105.7,105.7,105.7,105.7,105.7,105.7,105.7,105.7,105.7,105.7,105.7,105.7,105.7,105.7,105.7,105.7,105.7,105.7,105.7,105.7,105.7,105.7,105.7,105.7,105.7,105.7,105.7,105.7,105.7,105.7,105.7,105.7,105.7,105.7,105.7,105.7,105.7,105.7
1994-07-01,,,,,,,,,,,,,,,,,,,,,,,,,,,,,,,,,,,,,,,,,,,,,,,,,,,,,,,,,,,,,,,,,,,,,,,,,,,,,,,,,,,,,,,,,,,,,,,,,,,,,,,,,,,,,,,,,,,,,,,,,,,,,,,,,,,,,,,,,,,,,,,,,,,,,,,,,,,,,,,,,,,,,,,,,,,,,,,,,,,,,,,,,,,,,,,,,,,,,,
1994-08-01,,,,,,,,,,,,,,,,,,,,,,,,,,,,,,,,,,,,,,,,,,,,,,,,,,,,,,,,,,,,,,,,,,,,,,,,,,,,,,,,,,,,,,,,,,,,,,,,,,,,,,,,,,,,,,,,,,,,,,,,,,,,,,,,,,,,,,,,,,,,,,,,,,,,,,,,,,,,,,,,,,,,,,,,,,,,,,,,,,,,,,,,,,,,,,,,,,,,,,
1994-09-01,105.6,105.6,105.6,105.6,105.6,105.6,105.6,105.6,105.6,105.6,105.6,105.6,105.6,105.6,105.6,105.6,105.6,105.6,105.6,105.6,105.6,105.6,105.6,105.6,105.6,105.6,105.6,105.6,105.6,105.6,105.6,105.6,105.6,105.6,105.6,105.6,105.6,105.6,105.6,105.6,105.6,105.6,105.6,105.6,105.6,105.6,105.6,105.6,105.6,105.6,105.6,105.6,105.6,105.6,105.6,105.6,105.6,105.6,105.6,105.6,105.6,105.6,105.6,105.6,105.6,105.6,105.6,105.6,105.6,105.6,105.6,105.6,105.6,105.6,105.6,105.6,105.6,105.6,105.6,105.6,105.6,105.6,105.6,105.6,105.6,105.6,105.6,105.6,105.6,105.6,105.6,105.6,105.6,105.6,105.6,105.6,105.6,105.6,105.6,105.6,105.6,105.6,105.6,105.6,105.6,105.6,105.6,105.6,105.6,105.6,105.6,105.6,105.6,105.6,105.6,105.6,105.6,105.6,105.6,105.6,105.6,105.6,105.6,105.6,105.6,105.6,105.6,105.6,105.6,105.6,105.6,105.6,105.6,105.6,105.6,105.6,105.6,105.6,105.6,105.6,105.6,105.6,105.6,105.6,105.6,105.6,105.6,105.6,105.6,105.6,105.6,105.6,105.6,105.6,105.6,105.6,105.6,105.6,105.6,105.6,105.6,105.6,105.6,105.6,105.6,105.6,105.6,105.6,105.6,105.6,105.6,105.6,105.6,105.6,105.6,105.6,105.6,105.6,105.6,105.6,105.6,105.6,105.6,105.6,105.6,105.6,105.6,105.6,105.6,105.6,105.6,105.6,105.6,105.6,105.6,105.6,105.6,105.6
1994-10-01,,,,,,,,,,,,,,,,,,,,,,,,,,,,,,,,,,,,,,,,,,,,,,,,,,,,,,,,,,,,,,,,,,,,,,,,,,,,,,,,,,,,,,,,,,,,,,,,,,,,,,,,,,,,,,,,,,,,,,,,,,,,,,,,,,,,,,,,,,,,,,,,,,,,,,,,,,,,,,,,,,,,,,,,,,,,,,,,,,,,,,,,,,,,,,,,,,,,,,
1994-11-01,,,,,,,,,,,,,,,,,,,,,,,,,,,,,,,,,,,,,,,,,,,,,,,,,,,,,,,,,,,,,,,,,,,,,,,,,,,,,,,,,,,,,,,,,,,,,,,,,,,,,,,,,,,,,,,,,,,,,,,,,,,,,,,,,,,,,,,,,,,,,,,,,,,,,,,,,,,,,,,,,,,,,,,,,,,,,,,,,,,,,,,,,,,,,,,,,,,,,,
1994-12-01,106.9,106.9,106.9,106.9,106.9,106.9,106.9,106.9,106.9,106.9,106.9,106.9,106.9,106.9,106.9,106.9,106.9,106.9,106.9,106.9,106.9,106.9,106.9,106.9,106.9,106.9,106.9,106.9,106.9,106.9,106.9,106.9,106.9,106.9,106.9,106.9,106.9,106.9,106.9,106.9,106.9,106.9,106.9,106.9,106.9,106.9,106.9,106.9,106.9,106.9,106.9,106.9,106.9,106.9,106.9,106.9,106.9,106.9,106.9,106.9,106.9,106.9,106.9,106.9,106.9,106.9,106.9,106.9,106.9,106.9,106.9,106.9,106.9,106.9,106.9,106.9,106.9,106.9,106.9,106.9,106.9,106.9,106.9,106.9,106.9,106.9,106.9,106.9,106.9,106.9,106.9,106.9,106.9,106.9,106.9,106.9,106.9,106.9,106.9,106.9,106.9,106.9,106.9,106.9,106.9,106.9,106.9,106.9,106.9,106.9,106.9,106.9,106.9,106.9,106.9,106.9,106.9,106.9,106.9,106.9,106.9,106.9,106.9,106.9,106.9,106.9,106.9,106.9,106.9,106.9,106.9,106.9,106.9,106.9,106.9,106.9,106.9,106.9,106.9,106.9,106.9,106.9,106.9,106.9,106.9,106.9,106.9,106.9,106.9,106.9,106.9,106.9,106.9,106.9,106.9,106.9,106.9,106.9,106.9,106.9,106.9,106.9,106.9,106.9,106.9,106.9,106.9,106.9,106.9,106.9,106.9,106.9,106.9,106.9,106.9,106.9,106.9,106.9,106.9,106.9,106.9,106.9,106.9,106.9,106.9,106.9,106.9,106.9,106.9,106.9,106.9,106.9,106.9,106.9,106.9,106.9,106.9,106.9
1995-01-01,,,,,,,,,,,,,,,,,,,,,,,,,,,,,,,,,,,,,,,,,,,,,,,,,,,,,,,,,,,,,,,,,,,,,,,,,,,,,,,,,,,,,,,,,,,,,,,,,,,,,,,,,,,,,,,,,,,,,,,,,,,,,,,,,,,,,,,,,,,,,,,,,,,,,,,,,,,,,,,,,,,,,,,,,,,,,,,,,,,,,,,,,,,,,,,,,,,,,,
1995-02-01,,,,,,,,,,,,,,,,,,,,,,,,,,,,,,,,,,,,,,,,,,,,,,,,,,,,,,,,,,,,,,,,,,,,,,,,,,,,,,,,,,,,,,,,,,,,,,,,,,,,,,,,,,,,,,,,,,,,,,,,,,,,,,,,,,,,,,,,,,,,,,,,,,,,,,,,,,,,,,,,,,,,,,,,,,,,,,,,,,,,,,,,,,,,,,,,,,,,,,
1995-03-01,108.2,108.2,108.2,108.2,108.2,108.2,108.2,108.2,108.2,108.2,108.2,108.2,108.2,108.2,108.2,108.2,108.2,108.2,108.2,108.2,108.2,108.2,108.2,108.2,108.2,108.2,108.2,108.2,108.2,108.2,108.2,108.2,108.2,108.2,108.2,108.2,108.2,108.2,108.2,108.2,108.2,108.2,108.2,108.2,108.2,108.2,108.2,108.2,108.2,108.2,108.2,108.2,108.2,108.2,108.2,108.2,108.2,108.2,108.2,108.2,108.2,108.2,108.2,108.2,108.2,108.2,108.2,108.2,108.2,108.2,108.2,108.2,108.2,108.2,108.2,108.2,108.2,108.2,108.2,108.2,108.2,108.2,108.2,108.2,108.2,108.2,108.2,108.2,108.2,108.2,108.2,108.2,108.2,108.2,108.2,108.2,108.2,108.2,108.2,108.2,108.2,108.2,108.2,108.2,108.2,108.2,108.2,108.2,108.2,108.2,108.2,108.2,108.2,108.2,108.2,108.2,108.2,108.2,108.2,108.2,108.2,108.2,108.2,108.2,108.2,108.2,108.2,108.2,108.2,108.2,108.2,108.2,108.2,108.2,108.2,108.2,108.2,108.2,108.2,108.2,108.2,108.2,108.2,108.2,108.2,108.2,108.2,108.2,108.2,108.2,108.2,108.2,108.2,108.2,108.2,108.2,108.2,108.2,108.2,108.2,108.2,108.2,108.2,108.2,108.2,108.2,108.2,108.2,108.2,108.2,108.2,108.2,108.2,108.2,108.2,108.2,108.2,108.2,108.2,108.2,108.2,108.2,108.2,108.2,108.2,108.2,108.2,108.2,108.2,108.2,108.2,108.2,108.2,108.2,108.2,108.2,108.2,108.2
1995-04-01,,,,,,,,,,,,,,,,,,,,,,,,,,,,,,,,,,,,,,,,,,,,,,,,,,,,,,,,,,,,,,,,,,,,,,,,,,,,,,,,,,,,,,,,,,,,,,,,,,,,,,,,,,,,,,,,,,,,,,,,,,,,,,,,,,,,,,,,,,,,,,,,,,,,,,,,,,,,,,,,,,,,,,,,,,,,,,,,,,,,,,,,,,,,,,,,,,,,,,
1995-05-01,,,,,,,,,,,,,,,,,,,,,,,,,,,,,,,,,,,,,,,,,,,,,,,,,,,,,,,,,,,,,,,,,,,,,,,,,,,,,,,,,,,,,,,,,,,,,,,,,,,,,,,,,,,,,,,,,,,,,,,,,,,,,,,,,,,,,,,,,,,,,,,,,,,,,,,,,,,,,,,,,,,,,,,,,,,,,,,,,,,,,,,,,,,,,,,,,,,,,,
1995-06-01,108.1,108.1,108.1,108.1,108.1,108.1,108.1,108.1,108.1,108.1,108.1,108.1,108.1,108.1,108.1,108.1,108.1,108.1,108.1,108.1,108.1,108.1,108.1,108.1,108.1,108.1,108.1,108.1,108.1,108.1,108.1,108.1,108.1,108.1,108.1,108.1,108.1,108.1,108.1,108.1,108.1,108.1,108.1,108.1,108.1,108.1,108.1,108.1,108.1,108.1,108.1,108.1,108.1,108.1,108.1,108.1,108.1,108.1,108.1,108.1,108.1,108.1,108.1,108.1,108.1,108.1,108.1,108.1,108.1,108.1,108.1,108.1,108.1,108.1,108.1,108.1,108.1,108.1,108.1,108.1,108.1,108.1,108.1,108.1,108.1,108.1,108.1,108.1,108.1,108.1,108.1,108.1,108.1,108.1,108.1,108.1,108.1,108.1,108.1,108.1,108.1,108.1,108.1,108.1,108.1,108.1,108.1,108.1,108.1,108.1,108.1,108.1,108.1,108.1,108.1,108.1,108.1,108.1,108.1,108.1,108.1,108.1,108.1,108.1,108.1,108.1,108.1,108.1,108.1,108.1,108.1,108.1,108.1,108.1,108.1,108.1,108.1,108.1,108.1,108.1,108.1,108.1,108.1,108.1,108.1,108.1,108.1,108.1,108.1,108.1,108.1,108.1,108.1,108.1,108.1,108.1,108.1,108.1,108.1,108.1,108.1,108.1,108.1,108.1,108.1,108.1,108.1,108.1,108.1,108.1,108.1,108.1,108.1,108.1,108.1,108.1,108.1,108.1,108.1,108.1,108.1,108.1,108.1,108.1,108.1,108.1,108.1,108.1,108.1,108.1,108.1,108.1,108.1,108.1,108.1,108.1,108.1,108.1
1995-07-01,,,,,,,,,,,,,,,,,,,,,,,,,,,,,,,,,,,,,,,,,,,,,,,,,,,,,,,,,,,,,,,,,,,,,,,,,,,,,,,,,,,,,,,,,,,,,,,,,,,,,,,,,,,,,,,,,,,,,,,,,,,,,,,,,,,,,,,,,,,,,,,,,,,,,,,,,,,,,,,,,,,,,,,,,,,,,,,,,,,,,,,,,,,,,,,,,,,,,,
1995-08-01,,,,,,,,,,,,,,,,,,,,,,,,,,,,,,,,,,,,,,,,,,,,,,,,,,,,,,,,,,,,,,,,,,,,,,,,,,,,,,,,,,,,,,,,,,,,,,,,,,,,,,,,,,,,,,,,,,,,,,,,,,,,,,,,,,,,,,,,,,,,,,,,,,,,,,,,,,,,,,,,,,,,,,,,,,,,,,,,,,,,,,,,,,,,,,,,,,,,,,
1995-09-01,108.6,108.6,108.6,108.6,108.6,108.6,108.6,108.6,108.6,108.6,108.6,108.6,108.6,108.6,108.6,108.6,108.6,108.6,108.6,108.6,108.6,108.6,108.6,108.6,108.6,108.6,108.6,108.6,108.6,108.6,108.6,108.6,108.6,108.6,108.6,108.6,108.6,108.6,108.6,108.6,108.6,108.6,108.6,108.6,108.6,108.6,108.6,108.6,108.6,108.6,108.6,108.6,108.6,108.6,108.6,108.6,108.6,108.6,108.6,108.6,108.6,108.6,108.6,108.6,108.6,108.6,108.6,108.6,108.6,108.6,108.6,108.6,108.6,108.6,108.6,108.6,108.6,108.6,108.6,108.6,108.6,108.6,108.6,108.6,108.6,108.6,108.6,108.6,108.6,108.6,108.6,108.6,108.6,108.6,108.6,108.6,108.6,108.6,108.6,108.6,108.6,108.6,108.6,108.6,108.6,108.6,108.6,108.6,108.6,108.6,108.6,108.6,108.6,108.6,108.6,108.6,108.6,108.6,108.6,108.6,108.6,108.6,108.6,108.6,108.6,108.6,108.6,108.6,108.6,108.6,108.6,108.6,108.6,108.6,108.6,108.6,108.6,108.6,108.6,108.6,108.6,108.6,108.6,108.6,108.6,108.6,108.6,108.6,108.6,108.6,108.6,108.6,108.6,108.6,108.6,108.6,108.6,108.6,108.6,108.6,108.6,108.6,108.6,108.6,108.6,108.6,108.6,108.6,108.6,108.6,108.6,108.6,108.6,108.6,108.6,108.6,108.6,108.6,108.6,108.6,108.6,108.6,108.6,108.6,108.6,108.6,108.6,108.6,108.6,108.6,108.6,108.6,108.6,108.6,108.6,108.6,108.6,108.6
1995-10-01,,,,,,,,,,,,,,,,,,,,,,,,,,,,,,,,,,,,,,,,,,,,,,,,,,,,,,,,,,,,,,,,,,,,,,,,,,,,,,,,,,,,,,,,,,,,,,,,,,,,,,,,,,,,,,,,,,,,,,,,,,,,,,,,,,,,,,,,,,,,,,,,,,,,,,,,,,,,,,,,,,,,,,,,,,,,,,,,,,,,,,,,,,,,,,,,,,,,,,
1995-11-01,,,,,,,,,,,,,,,,,,,,,,,,,,,,,,,,,,,,,,,,,,,,,,,,,,,,,,,,,,,,,,,,,,,,,,,,,,,,,,,,,,,,,,,,,,,,,,,,,,,,,,,,,,,,,,,,,,,,,,,,,,,,,,,,,,,,,,,,,,,,,,,,,,,,,,,,,,,,,,,,,,,,,,,,,,,,,,,,,,,,,,,,,,,,,,,,,,,,,,
1995-12-01,107.8,107.8,107.8,107.8,107.8,107.8,107.8,107.8,107.8,107.8,107.8,107.8,107.8,107.8,107.8,107.8,107.8,107.8,107.8,107.8,107.8,107.8,107.8,107.8,107.8,107.8,107.8,107.8,107.8,107.8,107.8,107.8,107.8,107.8,107.8,107.8,107.8,107.8,107.8,107.8,107.8,107.8,107.8,107.8,107.8,107.8,107.8,107.8,107.8,107.8,107.8,107.8,107.8,107.8,107.8,107.8,107.8,107.8,107.8,107.8,107.8,107.8,107.8,107.8,107.8,107.8,107.8,107.8,107.8,107.8,107.8,107.8,107.8,107.8,107.8,107.8,107.8,107.8,107.8,107.8,107.8,107.8,107.8,107.8,107.8,107.8,107.8,107.8,107.8,107.8,107.8,107.8,107.8,107.8,107.8,107.8,107.8,107.8,107.8,107.8,107.8,107.8,107.8,107.8,107.8,107.8,107.8,107.8,107.8,107.8,107.8,107.8,107.8,107.8,107.8,107.8,107.8,107.8,107.8,107.8,107.8,107.8,107.8,107.8,107.8,107.8,107.8,107.8,107.8,107.8,107.8,107.8,107.8,107.8,107.8,107.8,107.8,107.8,107.8,107.8,107.8,107.8,107.8,107.8,107.8,107.8,107.8,107.8,107.8,107.8,107.8,107.8,107.8,107.8,107.8,107.8,107.8,107.8,107.8,107.8,107.8,107.8,107.8,107.8,107.8,107.8,107.8,107.8,107.8,107.8,107.8,107.8,107.8,107.8,107.8,107.8,107.8,107.8,107.8,107.8,107.8,107.8,107.8,107.8,107.8,107.8,107.8,107.8,107.8,107.8,107.8,107.8,107.8,107.8,107.8,107.8,107.8,107.8
1996-01-01,,,,,,,,,,,,,,,,,,,,,,,,,,,,,,,,,,,,,,,,,,,,,,,,,,,,,,,,,,,,,,,,,,,,,,,,,,,,,,,,,,,,,,,,,,,,,,,,,,,,,,,,,,,,,,,,,,,,,,,,,,,,,,,,,,,,,,,,,,,,,,,,,,,,,,,,,,,,,,,,,,,,,,,,,,,,,,,,,,,,,,,,,,,,,,,,,,,,,,
1996-02-01,,,,,,,,,,,,,,,,,,,,,,,,,,,,,,,,,,,,,,,,,,,,,,,,,,,,,,,,,,,,,,,,,,,,,,,,,,,,,,,,,,,,,,,,,,,,,,,,,,,,,,,,,,,,,,,,,,,,,,,,,,,,,,,,,,,,,,,,,,,,,,,,,,,,,,,,,,,,,,,,,,,,,,,,,,,,,,,,,,,,,,,,,,,,,,,,,,,,,,
1996-03-01,107.3,107.3,107.3,107.3,107.3,107.3,107.3,107.3,107.3,107.3,107.3,107.3,107.3,107.3,107.3,107.3,107.3,107.3,107.3,107.3,107.3,107.3,107.3,107.3,107.3,107.3,107.3,107.3,107.3,107.3,107.3,107.3,107.3,107.3,107.3,107.3,107.3,107.3,107.3,107.3,107.3,107.3,107.3,107.3,107.3,107.3,107.3,107.3,107.3,107.3,107.3,107.3,107.3,107.3,107.3,107.3,107.3,107.3,107.3,107.3,107.3,107.3,107.3,107.3,107.3,107.3,107.3,107.3,107.3,107.3,107.3,107.3,107.3,107.3,107.3,107.3,107.3,107.3,107.3,107.3,107.3,107.3,107.3,107.3,107.3,107.3,107.3,107.3,107.3,107.3,107.3,107.3,107.3,107.3,107.3,107.3,107.3,107.3,107.3,107.3,107.3,107.3,107.3,107.3,107.3,107.3,107.3,107.3,107.3,107.3,107.3,107.3,107.3,107.3,107.3,107.3,107.3,107.3,107.3,107.3,107.3,107.3,107.3,107.3,107.3,107.3,107.3,107.3,107.3,107.3,107.3,107.3,107.3,107.3,107.3,107.3,107.3,107.3,107.3,107.3,107.3,107.3,107.3,107.3,107.3,107.3,107.3,107.3,107.3,107.3,107.3,107.3,107.3,107.3,107.3,107.3,107.3,107.3,107.3,107.3,107.3,107.3,107.3,107.3,107.3,107.3,107.3,107.3,107.3,107.3,107.3,107.3,107.3,107.3,107.3,107.3,107.3,107.3,107.3,107.3,107.3,107.3,107.3,107.3,107.3,107.3,107.3,107.3,107.3,107.3,107.3,107.3,107.3,107.3,107.3,107.3,107.3,107.3
1996-04-01,,,,,,,,,,,,,,,,,,,,,,,,,,,,,,,,,,,,,,,,,,,,,,,,,,,,,,,,,,,,,,,,,,,,,,,,,,,,,,,,,,,,,,,,,,,,,,,,,,,,,,,,,,,,,,,,,,,,,,,,,,,,,,,,,,,,,,,,,,,,,,,,,,,,,,,,,,,,,,,,,,,,,,,,,,,,,,,,,,,,,,,,,,,,,,,,,,,,,,
1996-05-01,,,,,,,,,,,,,,,,,,,,,,,,,,,,,,,,,,,,,,,,,,,,,,,,,,,,,,,,,,,,,,,,,,,,,,,,,,,,,,,,,,,,,,,,,,,,,,,,,,,,,,,,,,,,,,,,,,,,,,,,,,,,,,,,,,,,,,,,,,,,,,,,,,,,,,,,,,,,,,,,,,,,,,,,,,,,,,,,,,,,,,,,,,,,,,,,,,,,,,
1996-06-01,107.6,107.6,107.6,107.6,107.6,107.6,107.6,107.6,107.6,107.6,107.6,107.6,107.6,107.6,107.6,107.6,107.6,107.6,107.6,107.6,107.6,107.6,107.6,107.6,107.6,107.6,107.6,107.6,107.6,107.6,107.6,107.6,107.6,107.6,107.6,107.6,107.6,107.6,107.6,107.6,107.6,107.6,107.6,107.6,107.6,107.6,107.6,107.6,107.6,107.6,107.6,107.6,107.6,107.6,107.6,107.6,107.6,107.6,107.6,107.6,107.6,107.6,107.6,107.6,107.6,107.6,107.6,107.6,107.6,107.6,107.6,107.6,107.6,107.6,107.6,107.6,107.6,107.6,107.6,107.6,107.6,107.6,107.6,107.6,107.6,107.6,107.6,107.6,107.6,107.6,107.6,107.6,107.6,107.6,107.6,107.6,107.6,107.6,107.6,107.6,107.6,107.6,107.6,107.6,107.6,107.6,107.6,107.6,107.6,107.6,107.6,107.6,107.6,107.6,107.6,107.6,107.6,107.6,107.6,107.6,107.6,107.6,107.6,107.6,107.6,107.6,107.6,107.6,107.6,107.6,107.6,107.6,107.6,107.6,107.6,107.6,107.6,107.6,107.6,107.6,107.6,107.6,107.6,107.6,107.6,107.6,107.6,107.6,107.6,107.6,107.6,107.6,107.6,107.6,107.6,107.6,107.6,107.6,107.6,107.6,107.6,107.6,107.6,107.6,107.6,107.6,107.6,107.6,107.6,107.6,107.6,107.6,107.6,107.6,107.6,107.6,107.6,107.6,107.6,107.6,107.6,107.6,107.6,107.6,107.6,107.6,107.6,107.6,107.6,107.6,107.6,107.6,107.6,107.6,107.6,107.6,107.6,107.6
1996-07-01,,,,,,,,,,,,,,,,,,,,,,,,,,,,,,,,,,,,,,,,,,,,,,,,,,,,,,,,,,,,,,,,,,,,,,,,,,,,,,,,,,,,,,,,,,,,,,,,,,,,,,,,,,,,,,,,,,,,,,,,,,,,,,,,,,,,,,,,,,,,,,,,,,,,,,,,,,,,,,,,,,,,,,,,,,,,,,,,,,,,,,,,,,,,,,,,,,,,,,
1996-08-01,,,,,,,,,,,,,,,,,,,,,,,,,,,,,,,,,,,,,,,,,,,,,,,,,,,,,,,,,,,,,,,,,,,,,,,,,,,,,,,,,,,,,,,,,,,,,,,,,,,,,,,,,,,,,,,,,,,,,,,,,,,,,,,,,,,,,,,,,,,,,,,,,,,,,,,,,,,,,,,,,,,,,,,,,,,,,,,,,,,,,,,,,,,,,,,,,,,,,,
1996-09-01,107.0,107.0,107.0,107.0,107.0,107.0,107.0,107.0,107.0,107.0,107.0,107.0,107.0,107.0,107.0,107.0,107.0,107.0,107.0,107.0,107.0,107.0,107.0,107.0,107.0,107.0,107.0,107.0,107.0,107.0,107.0,107.0,107.0,107.0,107.0,107.0,107.0,107.0,107.0,107.0,107.0,107.0,107.0,107.0,107.0,107.0,107.0,107.0,107.0,107.0,107.0,107.0,107.0,107.0,107.0,107.0,107.0,107.0,107.0,107.0,107.0,107.0,107.0,107.0,107.0,107.0,107.0,107.0,107.0,107.0,107.0,107.0,107.0,107.0,107.0,107.0,107.0,107.0,107.0,107.0,107.0,107.0,107.0,107.0,107.0,107.0,107.0,107.0,107.0,107.0,107.0,107.0,107.0,107.0,107.0,107.0,107.0,107.0,107.0,107.0,107.0,107.0,107.0,107.0,107.0,107.0,107.0,107.0,107.0,107.0,107.0,107.0,107.0,107.0,107.0,107.0,107.0,107.0,107.0,107.0,107.0,107.0,107.0,107.0,107.0,107.0,107.0,107.0,107.0,107.0,107.0,107.0,107.0,107.0,107.0,107.0,107.0,107.0,107.0,107.0,107.0,107.0,107.0,107.0,107.0,107.0,107.0,107.0,107.0,107.0,107.0,107.0,107.0,107.0,107.0,107.0,107.0,107.0,107.0,107.0,107.0,107.0,107.0,107.0,107.0,107.0,107.0,107.0,107.0,107.0,107.0,107.0,107.0,107.0,107.0,107.0,107.0,107.0,107.0,107.0,107.0,107.0,107.0,107.0,107.0,107.0,107.0,107.0,107.0,107.0,107.0,107.0,107.0,107.0,107.0,107.0,107.0,107.0
1996-10-01,,,,,,,,,,,,,,,,,,,,,,,,,,,,,,,,,,,,,,,,,,,,,,,,,,,,,,,,,,,,,,,,,,,,,,,,,,,,,,,,,,,,,,,,,,,,,,,,,,,,,,,,,,,,,,,,,,,,,,,,,,,,,,,,,,,,,,,,,,,,,,,,,,,,,,,,,,,,,,,,,,,,,,,,,,,,,,,,,,,,,,,,,,,,,,,,,,,,,,
1996-11-01,,,,,,,,,,,,,,,,,,,,,,,,,,,,,,,,,,,,,,,,,,,,,,,,,,,,,,,,,,,,,,,,,,,,,,,,,,,,,,,,,,,,,,,,,,,,,,,,,,,,,,,,,,,,,,,,,,,,,,,,,,,,,,,,,,,,,,,,,,,,,,,,,,,,,,,,,,,,,,,,,,,,,,,,,,,,,,,,,,,,,,,,,,,,,,,,,,,,,,
1996-12-01,107.3,107.3,107.3,107.3,107.3,107.3,107.3,107.3,107.3,107.3,107.3,107.3,107.3,107.3,107.3,107.3,107.3,107.3,107.3,107.3,107.3,107.3,107.3,107.3,107.3,107.3,107.3,107.3,107.3,107.3,107.3,107.3,107.3,107.3,107.3,107.3,107.3,107.3,107.3,107.3,107.3,107.3,107.3,107.3,107.3,107.3,107.3,107.3,107.3,107.3,107.3,107.3,107.3,107.3,107.3,107.3,107.3,107.3,107.3,107.3,107.3,107.3,107.3,107.3,107.3,107.3,107.3,107.3,107.3,107.3,107.3,107.3,107.3,107.3,107.3,107.3,107.3,107.3,107.3,107.3,107.3,107.3,107.3,107.3,107.3,107.3,107.3,107.3,107.3,107.3,107.3,107.3,107.3,107.3,107.3,107.3,107.3,107.3,107.3,107.3,107.3,107.3,107.3,107.3,107.3,107.3,107.3,107.3,107.3,107.3,107.3,107.3,107.3,107.3,107.3,107.3,107.3,107.3,107.3,107.3,107.3,107.3,107.3,107.3,107.3,107.3,107.3,107.3,107.3,107.3,107.3,107.3,107.3,107.3,107.3,107.3,107.3,107.3,107.3,107.3,107.3,107.3,107.3,107.3,107.3,107.3,107.3,107.3,107.3,107.3,107.3,107.3,107.3,107.3,107.3,107.3,107.3,107.3,107.3,107.3,107.3,107.3,107.3,107.3,107.3,107.3,107.3,107.3,107.3,107.3,107.3,107.3,107.3,107.3,107.3,107.3,107.3,107.3,107.3,107.3,107.3,107.3,107.3,107.3,107.3,107.3,107.3,107.3,107.3,107.3,107.3,107.3,107.3,107.3,107.3,107.3,107.3,107.3
1997-01-01,,,,,,,,,,,,,,,,,,,,,,,,,,,,,,,,,,,,,,,,,,,,,,,,,,,,,,,,,,,,,,,,,,,,,,,,,,,,,,,,,,,,,,,,,,,,,,,,,,,,,,,,,,,,,,,,,,,,,,,,,,,,,,,,,,,,,,,,,,,,,,,,,,,,,,,,,,,,,,,,,,,,,,,,,,,,,,,,,,,,,,,,,,,,,,,,,,,,,,
1997-02-01,,,,,,,,,,,,,,,,,,,,,,,,,,,,,,,,,,,,,,,,,,,,,,,,,,,,,,,,,,,,,,,,,,,,,,,,,,,,,,,,,,,,,,,,,,,,,,,,,,,,,,,,,,,,,,,,,,,,,,,,,,,,,,,,,,,,,,,,,,,,,,,,,,,,,,,,,,,,,,,,,,,,,,,,,,,,,,,,,,,,,,,,,,,,,,,,,,,,,,
1997-03-01,108.0,108.0,108.0,108.0,108.0,108.0,108.0,108.0,108.0,108.0,108.0,108.0,108.0,108.0,108.0,108.0,108.0,108.0,108.0,108.0,108.0,108.0,108.0,108.0,108.0,108.0,108.0,108.0,108.0,108.0,108.0,108.0,108.0,108.0,108.0,108.0,108.0,108.0,108.0,108.0,108.0,108.0,108.0,108.0,108.0,108.0,108.0,108.0,108.0,108.0,108.0,108.0,108.0,108.0,108.0,108.0,108.0,108.0,108.0,108.0,108.0,108.0,108.0,108.0,108.0,108.0,108.0,108.0,108.0,108.0,108.0,108.0,108.0,108.0,108.0,108.0,108.0,108.0,108.0,108.0,108.0,108.0,108.0,108.0,108.0,108.0,108.0,108.0,108.0,108.0,108.0,108.0,108.0,108.0,108.0,108.0,108.0,108.0,108.0,108.0,108.0,108.0,108.0,108.0,108.0,108.0,108.0,108.0,108.0,108.0,108.0,108.0,108.0,108.0,108.0,108.0,108.0,108.0,108.0,108.0,108.0,108.0,108.0,108.0,108.0,108.0,108.0,108.0,108.0,108.0,108.0,108.0,108.0,108.0,108.0,108.0,108.0,108.0,108.0,108.0,108.0,108.0,108.0,108.0,108.0,108.0,108.0,108.0,108.0,108.0,108.0,108.0,108.0,108.0,108.0,108.0,108.0,108.0,108.0,108.0,108.0,108.0,108.0,108.0,108.0,108.0,108.0,108.0,108.0,108.0,108.0,108.0,108.0,108.0,108.0,108.0,108.0,108.0,108.0,108.0,108.0,108.0,108.0,108.0,108.0,108.0,108.0,108.0,108.0,108.0,108.0,108.0,108.0,108.0,108.0,108.0,108.0,108.0
1997-04-01,,,,,,,,,,,,,,,,,,,,,,,,,,,,,,,,,,,,,,,,,,,,,,,,,,,,,,,,,,,,,,,,,,,,,,,,,,,,,,,,,,,,,,,,,,,,,,,,,,,,,,,,,,,,,,,,,,,,,,,,,,,,,,,,,,,,,,,,,,,,,,,,,,,,,,,,,,,,,,,,,,,,,,,,,,,,,,,,,,,,,,,,,,,,,,,,,,,,,,
1997-05-01,,,,,,,,,,,,,,,,,,,,,,,,,,,,,,,,,,,,,,,,,,,,,,,,,,,,,,,,,,,,,,,,,,,,,,,,,,,,,,,,,,,,,,,,,,,,,,,,,,,,,,,,,,,,,,,,,,,,,,,,,,,,,,,,,,,,,,,,,,,,,,,,,,,,,,,,,,,,,,,,,,,,,,,,,,,,,,,,,,,,,,,,,,,,,,,,,,,,,,
1997-06-01,107.3,107.3,107.3,107.3,107.3,107.3,107.3,107.3,107.3,107.3,107.3,107.3,107.3,107.3,107.3,107.3,107.3,107.3,107.3,107.3,107.3,107.3,107.3,107.3,107.3,107.3,107.3,107.3,107.3,107.3,107.3,107.3,107.3,107.3,107.3,107.3,107.3,107.3,107.3,107.3,107.3,107.3,107.3,107.3,107.3,107.3,107.3,107.3,107.3,107.3,107.3,107.3,107.3,107.3,107.3,107.3,107.3,107.3,107.3,107.3,107.3,107.3,107.3,107.3,107.3,107.3,107.3,107.3,107.3,107.3,107.3,107.3,107.3,107.3,107.3,107.3,107.3,107.3,107.3,107.3,107.3,107.3,107.3,107.3,107.3,107.3,107.3,107.3,107.3,107.3,107.3,107.3,107.3,107.3,107.3,107.3,107.3,107.3,107.3,107.3,107.3,107.3,107.3,107.3,107.3,107.3,107.3,107.3,107.3,107.3,107.3,107.3,107.3,107.3,107.3,107.3,107.3,107.3,107.3,107.3,107.3,107.3,107.3,107.3,107.3,107.3,107.3,107.3,107.3,107.3,107.3,107.3,107.3,107.3,107.3,107.3,107.3,107.3,107.3,107.3,107.3,107.3,107.3,107.3,107.3,107.3,107.3,107.3,107.3,107.3,107.3,107.3,107.3,107.3,107.3,107.3,107.3,107.3,107.3,107.3,107.3,107.3,107.3,107.3,107.3,107.3,107.3,107.3,107.3,107.3,107.3,107.3,107.3,107.3,107.3,107.3,107.3,107.3,107.3,107.3,107.3,107.3,107.3,107.3,107.3,107.3,107.3,107.3,107.3,107.3,107.3,107.3,107.3,107.3,107.3,107.3,107.3,107.3
1997-07-01,,,,,,,,,,,,,,,,,,,,,,,,,,,,,,,,,,,,,,,,,,,,,,,,,,,,,,,,,,,,,,,,,,,,,,,,,,,,,,,,,,,,,,,,,,,,,,,,,,,,,,,,,,,,,,,,,,,,,,,,,,,,,,,,,,,,,,,,,,,,,,,,,,,,,,,,,,,,,,,,,,,,,,,,,,,,,,,,,,,,,,,,,,,,,,,,,,,,,,
1997-08-01,,,,,,,,,,,,,,,,,,,,,,,,,,,,,,,,,,,,,,,,,,,,,,,,,,,,,,,,,,,,,,,,,,,,,,,,,,,,,,,,,,,,,,,,,,,,,,,,,,,,,,,,,,,,,,,,,,,,,,,,,,,,,,,,,,,,,,,,,,,,,,,,,,,,,,,,,,,,,,,,,,,,,,,,,,,,,,,,,,,,,,,,,,,,,,,,,,,,,,
1997-09-01,107.7,107.7,107.7,107.7,107.7,107.7,107.7,107.7,107.7,107.7,107.7,107.7,107.7,107.7,107.7,107.7,107.7,107.7,107.7,107.7,107.7,107.7,107.7,107.7,107.7,107.7,107.7,107.7,107.7,107.7,107.7,107.7,107.7,107.7,107.7,107.7,107.7,107.7,107.7,107.7,107.7,107.7,107.7,107.7,107.7,107.7,107.7,107.7,107.7,107.7,107.7,107.7,107.7,107.7,107.7,107.7,107.7,107.7,107.7,107.7,107.7,107.7,107.7,107.7,107.7,107.7,107.7,107.7,107.7,107.7,107.7,107.7,107.7,107.7,107.7,107.7,107.7,107.7,107.7,107.7,107.7,107.7,107.7,107.7,107.7,107.7,107.7,107.7,107.7,107.7,107.7,107.7,107.7,107.7,107.7,107.7,107.7,107.7,107.7,107.7,107.7,107.7,107.7,107.7,107.7,107.7,107.7,107.7,107.7,107.7,107.7,107.7,107.7,107.7,107.7,107.7,107.7,107.7,107.7,107.7,107.7,107.7,107.7,107.7,107.7,107.7,107.7,107.7,107.7,107.7,107.7,107.7,107.7,107.7,107.7,107.7,107.7,107.7,107.7,107.7,107.7,107.7,107.7,107.7,107.7,107.7,107.7,107.7,107.7,107.7,107.7,107.7,107.7,107.7,107.7,107.7,107.7,107.7,107.7,107.7,107.7,107.7,107.7,107.7,107.7,107.7,107.7,107.7,107.7,107.7,107.7,107.7,107.7,107.7,107.7,107.7,107.7,107.7,107.7,107.7,107.7,107.7,107.7,107.7,107.7,107.7,107.7,107.7,107.7,107.7,107.7,107.7,107.7,107.7,107.7,107.7,107.7,107.7
1997-10-01,,,,,,,,,,,,,,,,,,,,,,,,,,,,,,,,,,,,,,,,,,,,,,,,,,,,,,,,,,,,,,,,,,,,,,,,,,,,,,,,,,,,,,,,,,,,,,,,,,,,,,,,,,,,,,,,,,,,,,,,,,,,,,,,,,,,,,,,,,,,,,,,,,,,,,,,,,,,,,,,,,,,,,,,,,,,,,,,,,,,,,,,,,,,,,,,,,,,,,
1997-11-01,,,,,,,,,,,,,,,,,,,,,,,,,,,,,,,,,,,,,,,,,,,,,,,,,,,,,,,,,,,,,,,,,,,,,,,,,,,,,,,,,,,,,,,,,,,,,,,,,,,,,,,,,,,,,,,,,,,,,,,,,,,,,,,,,,,,,,,,,,,,,,,,,,,,,,,,,,,,,,,,,,,,,,,,,,,,,,,,,,,,,,,,,,,,,,,,,,,,,,
1997-12-01,105.7,105.7,105.7,105.7,105.7,105.7,105.7,105.7,105.7,105.7,105.7,105.7,105.7,105.7,105.7,105.7,105.7,105.7,105.7,105.7,105.7,105.7,105.7,105.7,105.7,105.7,105.7,105.7,105.7,105.7,105.7,105.7,105.7,105.7,105.7,105.7,105.7,105.7,105.7,105.7,105.7,105.7,105.7,105.7,105.7,105.7,105.7,105.7,105.7,105.7,105.7,105.7,105.7,105.7,105.7,105.7,105.7,105.7,105.7,105.7,105.7,105.7,105.7,105.7,105.7,105.7,105.7,105.7,105.7,105.7,105.7,105.7,105.7,105.7,105.7,105.7,105.7,105.7,105.7,105.7,105.7,105.7,105.7,105.7,105.7,105.7,105.7,105.7,105.7,105.7,105.7,105.7,105.7,105.7,105.7,105.7,105.7,105.7,105.7,105.7,105.7,105.7,105.7,105.7,105.7,105.7,105.7,105.7,105.7,105.7,105.7,105.7,105.7,105.7,105.7,105.7,105.7,105.7,105.7,105.7,105.7,105.7,105.7,105.7,105.7,105.7,105.7,105.7,105.7,105.7,105.7,105.7,105.7,105.7,105.7,105.7,105.7,105.7,105.7,105.7,105.7,105.7,105.7,105.7,105.7,105.7,105.7,105.7,105.7,105.7,105.7,105.7,105.7,105.7,105.7,105.7,105.7,105.7,105.7,105.7,105.7,105.7,105.7,105.7,105.7,105.7,105.7,105.7,105.7,105.7,105.7,105.7,105.7,105.7,105.7,105.7,105.7,105.7,105.7,105.7,105.7,105.7,105.7,105.7,105.7,105.7,105.7,105.7,105.7,105.7,105.7,105.7,105.7,105.7,105.7,105.7,105.7,105.7
1998-01-01,,,,,,,,,,,,,,,,,,,,,,,,,,,,,,,,,,,,,,,,,,,,,,,,,,,,,,,,,,,,,,,,,,,,,,,,,,,,,,,,,,,,,,,,,,,,,,,,,,,,,,,,,,,,,,,,,,,,,,,,,,,,,,,,,,,,,,,,,,,,,,,,,,,,,,,,,,,,,,,,,,,,,,,,,,,,,,,,,,,,,,,,,,,,,,,,,,,,,,
1998-02-01,,,,,,,,,,,,,,,,,,,,,,,,,,,,,,,,,,,,,,,,,,,,,,,,,,,,,,,,,,,,,,,,,,,,,,,,,,,,,,,,,,,,,,,,,,,,,,,,,,,,,,,,,,,,,,,,,,,,,,,,,,,,,,,,,,,,,,,,,,,,,,,,,,,,,,,,,,,,,,,,,,,,,,,,,,,,,,,,,,,,,,,,,,,,,,,,,,,,,,
1998-03-01,105.2,105.2,105.2,105.2,105.2,105.2,105.2,105.2,105.2,105.2,105.2,105.2,105.2,105.2,105.2,105.2,105.2,105.2,105.2,105.2,105.2,105.2,105.2,105.2,105.2,105.2,105.2,105.2,105.2,105.2,105.2,105.2,105.2,105.2,105.2,105.2,105.2,105.2,105.2,105.2,105.2,105.2,105.2,105.2,105.2,105.2,105.2,105.2,105.2,105.2,105.2,105.2,105.2,105.2,105.2,105.2,105.2,105.2,105.2,105.2,105.2,105.2,105.2,105.2,105.2,105.2,105.2,105.2,105.2,105.2,105.2,105.2,105.2,105.2,105.2,105.2,105.2,105.2,105.2,105.2,105.2,105.2,105.2,105.2,105.2,105.2,105.2,105.2,105.2,105.2,105.2,105.2,105.2,105.2,105.2,105.2,105.2,105.2,105.2,105.2,105.2,105.2,105.2,105.2,105.2,105.2,105.2,105.2,105.2,105.2,105.2,105.2,105.2,105.2,105.2,105.2,105.2,105.2,105.2,105.2,105.2,105.2,105.2,105.2,105.2,105.2,105.2,105.2,105.2,105.2,105.2,105.2,105.2,105.2,105.2,105.2,105.2,105.2,105.2,105.2,105.2,105.2,105.2,105.2,105.2,105.2,105.2,105.2,105.2,105.2,105.2,105.2,105.2,105.2,105.2,105.2,105.2,105.2,105.2,105.2,105.2,105.2,105.2,105.2,105.2,105.2,105.2,105.2,105.2,105.2,105.2,105.2,105.2,105.2,105.2,105.2,105.2,105.2,105.2,105.2,105.2,105.2,105.2,105.2,105.2,105.2,105.2,105.2,105.2,105.2,105.2,105.2,105.2,105.2,105.2,105.2,105.2,105.2
1998-04-01,,,,,,,,,,,,,,,,,,,,,,,,,,,,,,,,,,,,,,,,,,,,,,,,,,,,,,,,,,,,,,,,,,,,,,,,,,,,,,,,,,,,,,,,,,,,,,,,,,,,,,,,,,,,,,,,,,,,,,,,,,,,,,,,,,,,,,,,,,,,,,,,,,,,,,,,,,,,,,,,,,,,,,,,,,,,,,,,,,,,,,,,,,,,,,,,,,,,,,
1998-05-01,,,,,,,,,,,,,,,,,,,,,,,,,,,,,,,,,,,,,,,,,,,,,,,,,,,,,,,,,,,,,,,,,,,,,,,,,,,,,,,,,,,,,,,,,,,,,,,,,,,,,,,,,,,,,,,,,,,,,,,,,,,,,,,,,,,,,,,,,,,,,,,,,,,,,,,,,,,,,,,,,,,,,,,,,,,,,,,,,,,,,,,,,,,,,,,,,,,,,,
1998-06-01,103.8,103.8,103.8,103.8,103.8,103.8,103.8,103.8,103.8,103.8,103.8,103.8,103.8,103.8,103.8,103.8,103.8,103.8,103.8,103.8,103.8,103.8,103.8,103.8,103.8,103.8,103.8,103.8,103.8,103.8,103.8,103.8,103.8,103.8,103.8,103.8,103.8,103.8,103.8,103.8,103.8,103.8,103.8,103.8,103.8,103.8,103.8,103.8,103.8,103.8,103.8,103.8,103.8,103.8,103.8,103.8,103.8,103.8,103.8,103.8,103.8,103.8,103.8,103.8,103.8,103.8,103.8,103.8,103.8,103.8,103.8,103.8,103.8,103.8,103.8,103.8,103.8,103.8,103.8,103.8,103.8,103.8,103.8,103.8,103.8,103.8,103.8,103.8,103.8,103.8,103.8,103.8,103.8,103.8,103.8,103.8,103.8,103.8,103.8,103.8,103.8,103.8,103.8,103.8,103.8,103.8,103.8,103.8,103.8,103.8,103.8,103.8,103.8,103.8,103.8,103.8,103.8,103.8,103.8,103.8,103.8,103.8,103.8,103.8,103.8,103.8,103.8,103.8,103.8,103.8,103.8,103.8,103.8,103.8,103.8,103.8,103.8,103.8,103.8,103.8,103.8,103.8,103.8,103.8,103.8,103.8,103.8,103.8,103.8,103.8,103.8,103.8,103.8,103.8,103.8,103.8,103.8,103.8,103.8,103.8,103.8,103.8,103.8,103.8,103.8,103.8,103.8,103.8,103.8,103.8,103.8,103.8,103.8,103.8,103.8,103.8,103.8,103.8,103.8,103.8,103.8,103.8,103.8,103.8,103.8,103.8,103.8,103.8,103.8,103.8,103.8,103.8,103.8,103.8,103.8,103.8,103.8,103.8
1998-07-01,,,,,,,,,,,,,,,,,,,,,,,,,,,,,,,,,,,,,,,,,,,,,,,,,,,,,,,,,,,,,,,,,,,,,,,,,,,,,,,,,,,,,,,,,,,,,,,,,,,,,,,,,,,,,,,,,,,,,,,,,,,,,,,,,,,,,,,,,,,,,,,,,,,,,,,,,,,,,,,,,,,,,,,,,,,,,,,,,,,,,,,,,,,,,,,,,,,,,,
1998-08-01,,,,,,,,,,,,,,,,,,,,,,,,,,,,,,,,,,,,,,,,,,,,,,,,,,,,,,,,,,,,,,,,,,,,,,,,,,,,,,,,,,,,,,,,,,,,,,,,,,,,,,,,,,,,,,,,,,,,,,,,,,,,,,,,,,,,,,,,,,,,,,,,,,,,,,,,,,,,,,,,,,,,,,,,,,,,,,,,,,,,,,,,,,,,,,,,,,,,,,
1998-09-01,103.7,103.7,103.7,103.7,103.7,103.7,103.7,103.7,103.7,103.7,103.7,103.7,103.7,103.7,103.7,103.7,103.7,103.7,103.7,103.7,103.7,103.7,103.7,103.7,103.7,103.7,103.7,103.7,103.7,103.7,103.7,103.7,103.7,103.7,103.7,103.7,103.7,103.7,103.7,103.7,103.7,103.7,103.7,103.7,103.7,103.7,103.7,103.7,103.7,103.7,103.7,103.7,103.7,103.7,103.7,103.7,103.7,103.7,103.7,103.7,103.7,103.7,103.7,103.7,103.7,103.7,103.7,103.7,103.7,103.7,103.7,103.7,103.7,103.7,103.7,103.7,103.7,103.7,103.7,103.7,103.7,103.7,103.7,103.7,103.7,103.7,103.7,103.7,103.7,103.7,103.7,103.7,103.7,103.7,103.7,103.7,103.7,103.7,103.7,103.7,103.7,103.7,103.7,103.7,103.7,103.7,103.7,103.7,103.7,103.7,103.7,103.7,103.7,103.7,103.7,103.7,103.7,103.7,103.7,103.7,103.7,103.7,103.7,103.7,103.7,103.7,103.7,103.7,103.7,103.7,103.7,103.7,103.7,103.7,103.7,103.7,103.7,103.7,103.7,103.7,103.7,103.7,103.7,103.7,103.7,103.7,103.7,103.7,103.7,103.7,103.7,103.7,103.7,103.7,103.7,103.7,103.7,103.7,103.7,103.7,103.7,103.7,103.7,103.7,103.7,103.7,103.7,103.7,103.7,103.7,103.7,103.7,103.7,103.7,103.7,103.7,103.7,103.7,103.7,103.7,103.7,103.7,103.7,103.7,103.7,103.7,103.7,103.7,103.7,103.7,103.7,103.7,103.7,103.7,103.7,103.7,103.7,103.7
1998-10-01,,,,,,,,,,,,,,,,,,,,,,,,,,,,,,,,,,,,,,,,,,,,,,,,,,,,,,,,,,,,,,,,,,,,,,,,,,,,,,,,,,,,,,,,,,,,,,,,,,,,,,,,,,,,,,,,,,,,,,,,,,,,,,,,,,,,,,,,,,,,,,,,,,,,,,,,,,,,,,,,,,,,,,,,,,,,,,,,,,,,,,,,,,,,,,,,,,,,,,
1998-11-01,,,,,,,,,,,,,,,,,,,,,,,,,,,,,,,,,,,,,,,,,,,,,,,,,,,,,,,,,,,,,,,,,,,,,,,,,,,,,,,,,,,,,,,,,,,,,,,,,,,,,,,,,,,,,,,,,,,,,,,,,,,,,,,,,,,,,,,,,,,,,,,,,,,,,,,,,,,,,,,,,,,,,,,,,,,,,,,,,,,,,,,,,,,,,,,,,,,,,,
1998-12-01,103.0,103.0,103.0,103.0,103.0,103.0,103.0,103.0,103.0,103.0,103.0,103.0,103.0,103.0,103.0,103.0,103.0,103.0,103.0,103.0,103.0,103.0,103.0,103.0,103.0,103.0,103.0,103.0,103.0,103.0,103.0,103.0,103.0,103.0,103.0,103.0,103.0,103.0,103.0,103.0,103.0,103.0,103.0,103.0,103.0,103.0,103.0,103.0,103.0,103.0,103.0,103.0,103.0,103.0,103.0,103.0,103.0,103.0,103.0,103.0,103.0,103.0,103.0,103.0,103.0,103.0,103.0,103.0,103.0,103.0,103.0,103.0,103.0,103.0,103.0,103.0,103.0,103.0,103.0,103.0,103.0,103.0,103.0,103.0,103.0,103.0,103.0,103.0,103.0,103.0,103.0,103.0,103.0,103.0,103.0,103.0,103.0,103.0,103.0,103.0,103.0,103.0,103.0,103.0,103.0,103.0,103.0,103.0,103.0,103.0,103.0,103.0,103.0,103.0,103.0,103.0,103.0,103.0,103.0,103.0,103.0,103.0,103.0,103.0,103.0,103.0,103.0,103.0,103.0,103.0,103.0,103.0,103.0,103.0,103.0,103.0,103.0,103.0,103.0,103.0,103.0,103.0,103.0,103.0,103.0,103.0,103.0,103.0,103.0,103.0,103.0,103.0,103.0,103.0,103.0,103.0,103.0,103.0,103.0,103.0,103.0,103.0,103.0,103.0,103.0,103.0,103.0,103.0,103.0,103.0,103.0,103.0,103.0,103.0,103.0,103.0,103.0,103.0,103.0,103.0,103.0,103.0,103.0,103.0,103.0,103.0,103.0,103.0,103.0,103.0,103.0,103.0,103.0,103.0,103.0,103.0,103.0,103.0
1999-01-01,,,,,,,,,,,,,,,,,,,,,,,,,,,,,,,,,,,,,,,,,,,,,,,,,,,,,,,,,,,,,,,,,,,,,,,,,,,,,,,,,,,,,,,,,,,,,,,,,,,,,,,,,,,,,,,,,,,,,,,,,,,,,,,,,,,,,,,,,,,,,,,,,,,,,,,,,,,,,,,,,,,,,,,,,,,,,,,,,,,,,,,,,,,,,,,,,,,,,,
1999-02-01,,,,,,,,,,,,,,,,,,,,,,,,,,,,,,,,,,,,,,,,,,,,,,,,,,,,,,,,,,,,,,,,,,,,,,,,,,,,,,,,,,,,,,,,,,,,,,,,,,,,,,,,,,,,,,,,,,,,,,,,,,,,,,,,,,,,,,,,,,,,,,,,,,,,,,,,,,,,,,,,,,,,,,,,,,,,,,,,,,,,,,,,,,,,,,,,,,,,,,
1999-03-01,100.3,100.3,100.3,100.3,100.3,100.3,100.3,100.3,100.3,100.3,100.3,100.3,100.3,100.3,100.3,100.3,100.3,100.3,100.3,100.3,100.3,100.3,100.3,100.3,100.3,100.3,100.3,100.3,100.3,100.3,100.3,100.3,100.3,100.3,100.3,100.3,100.3,100.3,100.3,100.3,100.3,100.3,100.3,100.3,100.3,100.3,100.3,100.3,100.3,100.3,100.3,100.3,100.3,100.3,100.3,100.3,100.3,100.3,100.3,100.3,100.3,100.3,100.3,100.3,100.3,100.3,100.3,100.3,100.3,100.3,100.3,100.3,100.3,100.3,100.3,100.3,100.3,100.3,100.3,100.3,100.3,100.3,100.3,100.3,100.3,100.3,100.3,100.3,100.3,100.3,100.3,100.3,100.3,100.3,100.3,100.3,100.3,100.3,100.3,100.3,100.3,100.3,100.3,100.3,100.3,100.3,100.3,100.3,100.3,100.3,100.3,100.3,100.3,100.3,100.3,100.3,100.3,100.3,100.3,100.3,100.3,100.3,100.3,100.3,100.3,100.3,100.3,100.3,100.3,100.3,100.3,100.3,100.3,100.3,100.3,100.3,100.3,100.3,100.3,100.3,100.3,100.3,100.3,100.3,100.3,100.3,100.3,100.3,100.3,100.3,100.3,100.3,100.3,100.3,100.3,100.3,100.3,100.3,100.3,100.3,100.3,100.3,100.3,100.3,100.3,100.3,100.3,100.3,100.3,100.3,100.3,100.3,100.3,100.3,100.3,100.3,100.3,100.3,100.3,100.3,100.3,100.3,100.3,100.3,100.3,100.3,100.3,100.3,100.3,100.3,100.3,100.3,100.3,100.3,100.3,100.3,100.3,100.3
1999-04-01,,,,,,,,,,,,,,,,,,,,,,,,,,,,,,,,,,,,,,,,,,,,,,,,,,,,,,,,,,,,,,,,,,,,,,,,,,,,,,,,,,,,,,,,,,,,,,,,,,,,,,,,,,,,,,,,,,,,,,,,,,,,,,,,,,,,,,,,,,,,,,,,,,,,,,,,,,,,,,,,,,,,,,,,,,,,,,,,,,,,,,,,,,,,,,,,,,,,,,
1999-05-01,,,,,,,,,,,,,,,,,,,,,,,,,,,,,,,,,,,,,,,,,,,,,,,,,,,,,,,,,,,,,,,,,,,,,,,,,,,,,,,,,,,,,,,,,,,,,,,,,,,,,,,,,,,,,,,,,,,,,,,,,,,,,,,,,,,,,,,,,,,,,,,,,,,,,,,,,,,,,,,,,,,,,,,,,,,,,,,,,,,,,,,,,,,,,,,,,,,,,,
1999-06-01,100.4,100.4,100.4,100.4,100.4,100.4,100.4,100.4,100.4,100.4,100.4,100.4,100.4,100.4,100.4,100.4,100.4,100.4,100.4,100.4,100.4,100.4,100.4,100.4,100.4,100.4,100.4,100.4,100.4,100.4,100.4,100.4,100.4,100.4,100.4,100.4,100.4,100.4,100.4,100.4,100.4,100.4,100.4,100.4,100.4,100.4,100.4,100.4,100.4,100.4,100.4,100.4,100.4,100.4,100.4,100.4,100.4,100.4,100.4,100.4,100.4,100.4,100.4,100.4,100.4,100.4,100.4,100.4,100.4,100.4,100.4,100.4,100.4,100.4,100.4,100.4,100.4,100.4,100.4,100.4,100.4,100.4,100.4,100.4,100.4,100.4,100.4,100.4,100.4,100.4,100.4,100.4,100.4,100.4,100.4,100.4,100.4,100.4,100.4,100.4,100.4,100.4,100.4,100.4,100.4,100.4,100.4,100.4,100.4,100.4,100.4,100.4,100.4,100.4,100.4,100.4,100.4,100.4,100.4,100.4,100.4,100.4,100.4,100.4,100.4,100.4,100.4,100.4,100.4,100.4,100.4,100.4,100.4,100.4,100.4,100.4,100.4,100.4,100.4,100.4,100.4,100.4,100.4,100.4,100.4,100.4,100.4,100.4,100.4,100.4,100.4,100.4,100.4,100.4,100.4,100.4,100.4,100.4,100.4,100.4,100.4,100.4,100.4,100.4,100.4,100.4,100.4,100.4,100.4,100.4,100.4,100.4,100.4,100.4,100.4,100.4,100.4,100.4,100.4,100.4,100.4,100.4,100.4,100.4,100.4,100.4,100.4,100.4,100.4,100.4,100.4,100.4,100.4,100.4,100.4,100.4,100.4,100.4
1999-07-01,,,,,,,,,,,,,,,,,,,,,,,,,,,,,,,,,,,,,,,,,,,,,,,,,,,,,,,,,,,,,,,,,,,,,,,,,,,,,,,,,,,,,,,,,,,,,,,,,,,,,,,,,,,,,,,,,,,,,,,,,,,,,,,,,,,,,,,,,,,,,,,,,,,,,,,,,,,,,,,,,,,,,,,,,,,,,,,,,,,,,,,,,,,,,,,,,,,,,,
1999-08-01,,,,,,,,,,,,,,,,,,,,,,,,,,,,,,,,,,,,,,,,,,,,,,,,,,,,,,,,,,,,,,,,,,,,,,,,,,,,,,,,,,,,,,,,,,,,,,,,,,,,,,,,,,,,,,,,,,,,,,,,,,,,,,,,,,,,,,,,,,,,,,,,,,,,,,,,,,,,,,,,,,,,,,,,,,,,,,,,,,,,,,,,,,,,,,,,,,,,,,
1999-09-01,100.3,100.3,100.3,100.3,100.3,100.3,100.3,100.3,100.3,100.3,100.3,100.3,100.3,100.3,100.3,100.3,100.3,100.3,100.3,100.3,100.3,100.3,100.3,100.3,100.3,100.3,100.3,100.3,100.3,100.3,100.3,100.3,100.3,100.3,100.3,100.3,100.3,100.3,100.3,100.3,100.3,100.3,100.3,100.3,100.3,100.3,100.3,100.3,100.3,100.3,100.3,100.3,100.3,100.3,100.3,100.3,100.3,100.3,100.3,100.3,100.3,100.3,100.3,100.3,100.3,100.3,100.3,100.3,100.3,100.3,100.3,100.3,100.3,100.3,100.3,100.3,100.3,100.3,100.3,100.3,100.3,100.3,100.3,100.3,100.3,100.3,100.3,100.3,100.3,100.3,100.3,100.3,100.3,100.3,100.3,100.3,100.3,100.3,100.3,100.3,100.3,100.3,100.3,100.3,100.3,100.3,100.3,100.3,100.3,100.3,100.3,100.3,100.3,100.3,100.3,100.3,100.3,100.3,100.3,100.3,100.3,100.3,100.3,100.3,100.3,100.3,100.3,100.3,100.3,100.3,100.3,100.3,100.3,100.3,100.3,100.3,100.3,100.3,100.3,100.3,100.3,100.3,100.3,100.3,100.3,100.3,100.3,100.3,100.3,100.3,100.3,100.3,100.3,100.3,100.3,100.3,100.3,100.3,100.3,100.3,100.3,100.3,100.3,100.3,100.3,100.3,100.3,100.3,100.3,100.3,100.3,100.3,100.3,100.3,100.3,100.3,100.3,100.3,100.3,100.3,100.3,100.3,100.3,100.3,100.3,100.3,100.3,100.3,100.3,100.3,100.3,100.3,100.3,100.3,100.3,100.3,100.3,100.3
1999-10-01,,,,,,,,,,,,,,,,,,,,,,,,,,,,,,,,,,,,,,,,,,,,,,,,,,,,,,,,,,,,,,,,,,,,,,,,,,,,,,,,,,,,,,,,,,,,,,,,,,,,,,,,,,,,,,,,,,,,,,,,,,,,,,,,,,,,,,,,,,,,,,,,,,,,,,,,,,,,,,,,,,,,,,,,,,,,,,,,,,,,,,,,,,,,,,,,,,,,,,
1999-11-01,,,,,,,,,,,,,,,,,,,,,,,,,,,,,,,,,,,,,,,,,,,,,,,,,,,,,,,,,,,,,,,,,,,,,,,,,,,,,,,,,,,,,,,,,,,,,,,,,,,,,,,,,,,,,,,,,,,,,,,,,,,,,,,,,,,,,,,,,,,,,,,,,,,,,,,,,,,,,,,,,,,,,,,,,,,,,,,,,,,,,,,,,,,,,,,,,,,,,,
1999-12-01,99.2,99.2,99.2,99.2,99.2,99.2,99.2,99.2,99.2,99.2,99.2,99.2,99.2,99.2,99.2,99.2,99.2,99.2,99.2,99.2,99.2,99.2,99.2,99.2,99.2,99.2,99.2,99.2,99.2,99.2,99.2,99.2,99.2,99.2,99.2,99.2,99.2,99.2,99.2,99.2,99.2,99.2,99.2,99.2,99.2,99.2,99.2,99.2,99.2,99.2,99.2,99.2,99.2,99.2,99.2,99.2,99.2,99.2,99.2,99.2,99.2,99.2,99.2,99.2,99.2,99.2,99.2,99.2,99.2,99.2,99.2,99.2,99.2,99.2,99.2,99.2,99.2,99.2,99.2,99.2,99.2,99.2,99.2,99.2,99.2,99.2,99.2,99.2,99.2,99.2,99.2,99.2,99.2,99.2,99.2,99.2,99.2,99.2,99.2,99.2,99.2,99.2,99.2,99.2,99.2,99.2,99.2,99.2,99.2,99.2,99.2,99.2,99.2,99.2,99.2,99.2,99.2,99.2,99.2,99.2,99.2,99.2,99.2,99.2,99.2,99.2,99.2,99.2,99.2,99.2,99.2,99.2,99.2,99.2,99.2,99.2,99.2,99.2,99.2,99.2,99.2,99.2,99.2,99.2,99.2,99.2,99.2,99.2,99.2,99.2,99.2,99.2,99.2,99.2,99.2,99.2,99.2,99.2,99.2,99.2,99.2,99.2,99.2,99.2,99.2,99.2,99.2,99.2,99.2,99.2,99.2,99.2,99.2,99.2,99.2,99.2,99.2,99.2,99.2,99.2,99.2,99.2,99.2,99.2,99.2,99.2,99.2,99.2,99.2,99.2,99.2,99.2,99.2,99.2,99.2,99.2,99.2,99.2
2000-01-01,,,,,,,,,,,,,,,,,,,,,,,,,,,,,,,,,,,,,,,,,,,,,,,,,,,,,,,,,,,,,,,,,,,,,,,,,,,,,,,,,,,,,,,,,,,,,,,,,,,,,,,,,,,,,,,,,,,,,,,,,,,,,,,,,,,,,,,,,,,,,,,,,,,,,,,,,,,,,,,,,,,,,,,,,,,,,,,,,,,,,,,,,,,,,,,,,,,,,,
2000-02-01,,,,,,,,,,,,,,,,,,,,,,,,,,,,,,,,,,,,,,,,,,,,,,,,,,,,,,,,,,,,,,,,,,,,,,,,,,,,,,,,,,,,,,,,,,,,,,,,,,,,,,,,,,,,,,,,,,,,,,,,,,,,,,,,,,,,,,,,,,,,,,,,,,,,,,,,,,,,,,,,,,,,,,,,,,,,,,,,,,,,,,,,,,,,,,,,,,,,,,
2000-03-01,99.2,99.2,99.2,99.2,99.2,99.2,99.2,99.2,99.2,99.2,99.2,99.2,99.2,99.2,99.2,99.2,99.2,99.2,99.2,99.2,99.2,99.2,99.2,99.2,99.2,99.2,99.2,99.2,99.2,99.2,99.2,99.2,99.2,99.2,99.2,99.2,99.2,99.2,99.2,99.2,99.2,99.2,99.2,99.2,99.2,99.2,99.2,99.2,99.2,99.2,99.2,99.2,99.2,99.2,99.2,99.2,99.2,99.2,99.2,99.2,99.2,99.2,99.2,99.2,99.2,99.2,99.2,99.2,99.2,99.2,99.2,99.2,99.2,99.2,99.2,99.2,99.2,99.2,99.2,99.2,99.2,99.2,99.2,99.2,99.2,99.2,99.2,99.2,99.2,99.2,99.2,99.2,99.2,99.2,99.2,99.2,99.2,99.2,99.2,99.2,99.2,99.2,99.2,99.2,99.2,99.2,99.2,99.2,99.2,99.2,99.2,99.2,99.2,99.2,99.2,99.2,99.2,99.2,99.2,99.2,99.2,99.2,99.2,99.2,99.2,99.2,99.2,99.2,99.2,99.2,99.2,99.2,99.2,99.2,99.2,99.2,99.2,99.2,99.2,99.2,99.2,99.2,99.2,99.2,99.2,99.2,99.2,99.2,99.2,99.2,99.2,99.2,99.2,99.2,99.2,99.2,99.2,99.2,99.2,99.2,99.2,99.2,99.2,99.2,99.2,99.2,99.2,99.2,99.2,99.2,99.2,99.2,99.2,99.2,99.2,99.2,99.2,99.2,99.2,99.2,99.2,99.2,99.2,99.2,99.2,99.2,99.2,99.2,99.2,99.2,99.2,99.2,99.2,99.2,99.2,99.2,99.2,99.2
2000-04-01,,,,,,,,,,,,,,,,,,,,,,,,,,,,,,,,,,,,,,,,,,,,,,,,,,,,,,,,,,,,,,,,,,,,,,,,,,,,,,,,,,,,,,,,,,,,,,,,,,,,,,,,,,,,,,,,,,,,,,,,,,,,,,,,,,,,,,,,,,,,,,,,,,,,,,,,,,,,,,,,,,,,,,,,,,,,,,,,,,,,,,,,,,,,,,,,,,,,,,
2000-05-01,,,,,,,,,,,,,,,,,,,,,,,,,,,,,,,,,,,,,,,,,,,,,,,,,,,,,,,,,,,,,,,,,,,,,,,,,,,,,,,,,,,,,,,,,,,,,,,,,,,,,,,,,,,,,,,,,,,,,,,,,,,,,,,,,,,,,,,,,,,,,,,,,,,,,,,,,,,,,,,,,,,,,,,,,,,,,,,,,,,,,,,,,,,,,,,,,,,,,,
2000-06-01,100.3,100.3,100.3,100.3,100.3,100.3,100.3,100.3,100.3,100.3,100.3,100.3,100.3,100.3,100.3,100.3,100.3,100.3,100.3,100.3,100.3,100.3,100.3,100.3,100.3,100.3,100.3,100.3,100.3,100.3,100.3,100.3,100.3,100.3,100.3,100.3,100.3,100.3,100.3,100.3,100.3,100.3,100.3,100.3,100.3,100.3,100.3,100.3,100.3,100.3,100.3,100.3,100.3,100.3,100.3,100.3,100.3,100.3,100.3,100.3,100.3,100.3,100.3,100.3,100.3,100.3,100.3,100.3,100.3,100.3,100.3,100.3,100.3,100.3,100.3,100.3,100.3,100.3,100.3,100.3,100.3,100.3,100.3,100.3,100.3,100.3,100.3,100.3,100.3,100.3,100.3,100.3,100.3,100.3,100.3,100.3,100.3,100.3,100.3,100.3,100.3,100.3,100.3,100.3,100.3,100.3,100.3,100.3,100.3,100.3,100.3,100.3,100.3,100.3,100.3,100.3,100.3,100.3,100.3,100.3,100.3,100.3,100.3,100.3,100.3,100.3,100.3,100.3,100.3,100.3,100.3,100.3,100.3,100.3,100.3,100.3,100.3,100.3,100.3,100.3,100.3,100.3,100.3,100.3,100.3,100.3,100.3,100.3,100.3,100.3,100.3,100.3,100.3,100.3,100.3,100.3,100.3,100.3,100.3,100.3,100.3,100.3,100.3,100.3,100.3,100.3,100.3,100.3,100.3,100.3,100.3,100.3,100.3,100.3,100.3,100.3,100.3,100.3,100.3,100.3,100.3,100.3,100.3,100.3,100.3,100.3,100.3,100.3,100.3,100.3,100.3,100.3,100.3,100.3,100.3,100.3,100.3,100.3
2000-07-01,,,,,,,,,,,,,,,,,,,,,,,,,,,,,,,,,,,,,,,,,,,,,,,,,,,,,,,,,,,,,,,,,,,,,,,,,,,,,,,,,,,,,,,,,,,,,,,,,,,,,,,,,,,,,,,,,,,,,,,,,,,,,,,,,,,,,,,,,,,,,,,,,,,,,,,,,,,,,,,,,,,,,,,,,,,,,,,,,,,,,,,,,,,,,,,,,,,,,,
2000-08-01,,,,,,,,,,,,,,,,,,,,,,,,,,,,,,,,,,,,,,,,,,,,,,,,,,,,,,,,,,,,,,,,,,,,,,,,,,,,,,,,,,,,,,,,,,,,,,,,,,,,,,,,,,,,,,,,,,,,,,,,,,,,,,,,,,,,,,,,,,,,,,,,,,,,,,,,,,,,,,,,,,,,,,,,,,,,,,,,,,,,,,,,,,,,,,,,,,,,,,
2000-09-01,100.2,100.2,100.2,100.2,100.2,100.2,100.2,100.2,100.2,100.2,100.2,100.2,100.2,100.2,100.2,100.2,100.2,100.2,100.2,100.2,100.2,100.2,100.2,100.2,100.2,100.2,100.2,100.2,100.2,100.2,100.2,100.2,100.2,100.2,100.2,100.2,100.2,100.2,100.2,100.2,100.2,100.2,100.2,100.2,100.2,100.2,100.2,100.2,100.2,100.2,100.2,100.2,100.2,100.2,100.2,100.2,100.2,100.2,100.2,100.2,100.2,100.2,100.2,100.2,100.2,100.2,100.2,100.2,100.2,100.2,100.2,100.2,100.2,100.2,100.2,100.2,100.2,100.2,100.2,100.2,100.2,100.2,100.2,100.2,100.2,100.2,100.2,100.2,100.2,100.2,100.2,100.2,100.2,100.2,100.2,100.2,100.2,100.2,100.2,100.2,100.2,100.2,100.2,100.2,100.2,100.2,100.2,100.2,100.2,100.2,100.2,100.2,100.2,100.2,100.2,100.2,100.2,100.2,100.2,100.2,100.2,100.2,100.2,100.2,100.2,100.2,100.2,100.2,100.2,100.2,100.2,100.2,100.2,100.2,100.2,100.2,100.2,100.2,100.2,100.2,100.2,100.2,100.2,100.2,100.2,100.2,100.2,100.2,100.2,100.2,100.2,100.2,100.2,100.2,100.2,100.2,100.2,100.2,100.2,100.2,100.2,100.2,100.2,100.2,100.2,100.2,100.2,100.2,100.2,100.2,100.2,100.2,100.2,100.2,100.2,100.2,100.2,100.2,100.2,100.2,100.2,100.2,100.2,100.2,100.2,100.2,100.2,100.2,100.2,100.2,100.2,100.2,100.2,100.2,100.2,100.2,100.2,100.2
2000-10-01,,,,,,,,,,,,,,,,,,,,,,,,,,,,,,,,,,,,,,,,,,,,,,,,,,,,,,,,,,,,,,,,,,,,,,,,,,,,,,,,,,,,,,,,,,,,,,,,,,,,,,,,,,,,,,,,,,,,,,,,,,,,,,,,,,,,,,,,,,,,,,,,,,,,,,,,,,,,,,,,,,,,,,,,,,,,,,,,,,,,,,,,,,,,,,,,,,,,,,
2000-11-01,,,,,,,,,,,,,,,,,,,,,,,,,,,,,,,,,,,,,,,,,,,,,,,,,,,,,,,,,,,,,,,,,,,,,,,,,,,,,,,,,,,,,,,,,,,,,,,,,,,,,,,,,,,,,,,,,,,,,,,,,,,,,,,,,,,,,,,,,,,,,,,,,,,,,,,,,,,,,,,,,,,,,,,,,,,,,,,,,,,,,,,,,,,,,,,,,,,,,,
2000-12-01,100.2,100.2,100.2,100.2,100.2,100.2,100.2,100.2,100.2,100.2,100.2,100.2,100.2,100.2,100.2,100.2,100.2,100.2,100.2,100.2,100.2,100.2,100.2,100.2,100.2,100.2,100.2,100.2,100.2,100.2,100.2,100.2,100.2,100.2,100.2,100.2,100.2,100.2,100.2,100.2,100.2,100.2,100.2,100.2,100.2,100.2,100.2,100.2,100.2,100.2,100.2,100.2,100.2,100.2,100.2,100.2,100.2,100.2,100.2,100.2,100.2,100.2,100.2,100.2,100.2,100.2,100.2,100.2,100.2,100.2,100.2,100.2,100.2,100.2,100.2,100.2,100.2,100.2,100.2,100.2,100.2,100.2,100.2,100.2,100.2,100.2,100.2,100.2,100.2,100.2,100.2,100.2,100.2,100.2,100.2,100.2,100.2,100.2,100.2,100.2,100.2,100.2,100.2,100.2,100.2,100.2,100.2,100.2,100.2,100.2,100.2,100.2,100.2,100.2,100.2,100.2,100.2,100.2,100.2,100.2,100.2,100.2,100.2,100.2,100.2,100.2,100.2,100.2,100.2,100.2,100.2,100.2,100.2,100.2,100.2,100.2,100.2,100.2,100.2,100.2,100.2,100.2,100.2,100.2,100.2,100.2,100.2,100.2,100.2,100.2,100.2,100.2,100.2,100.2,100.2,100.2,100.2,100.2,100.2,100.2,100.2,100.2,100.2,100.2,100.2,100.2,100.2,100.2,100.2,100.2,100.2,100.2,100.2,100.2,100.2,100.2,100.2,100.2,100.2,100.2,100.2,100.2,100.2,100.2,100.2,100.2,100.2,100.2,100.2,100.2,100.2,100.2,100.2,100.2,100.2,100.2,100.2,100.2
2001-01-01,,,,,,,,,,,,,,,,,,,,,,,,,,,,,,,,,,,,,,,,,,,,,,,,,,,,,,,,,,,,,,,,,,,,,,,,,,,,,,,,,,,,,,,,,,,,,,,,,,,,,,,,,,,,,,,,,,,,,,,,,,,,,,,,,,,,,,,,,,,,,,,,,,,,,,,,,,,,,,,,,,,,,,,,,,,,,,,,,,,,,,,,,,,,,,,,,,,,,,
2001-02-01,,,,,,,,,,,,,,,,,,,,,,,,,,,,,,,,,,,,,,,,,,,,,,,,,,,,,,,,,,,,,,,,,,,,,,,,,,,,,,,,,,,,,,,,,,,,,,,,,,,,,,,,,,,,,,,,,,,,,,,,,,,,,,,,,,,,,,,,,,,,,,,,,,,,,,,,,,,,,,,,,,,,,,,,,,,,,,,,,,,,,,,,,,,,,,,,,,,,,,
2001-03-01,100.1,100.1,100.1,100.1,100.1,100.1,100.1,100.1,100.1,100.1,100.1,100.1,100.1,100.1,100.1,100.1,100.1,100.1,100.1,100.1,100.1,100.1,100.1,100.1,100.1,100.1,100.1,100.1,100.1,100.1,100.1,100.1,100.1,100.1,100.1,100.1,100.1,100.1,100.1,100.1,100.1,100.1,100.1,100.1,100.1,100.1,100.1,100.1,100.1,100.1,100.1,100.1,100.1,100.1,100.1,100.1,100.1,100.1,100.1,100.1,100.1,100.1,100.1,100.1,100.1,100.1,100.1,100.1,100.1,100.1,100.1,100.1,100.1,100.1,100.1,100.1,100.1,100.1,100.1,100.1,100.1,100.1,100.1,100.1,100.1,100.1,100.1,100.1,100.1,100.1,100.1,100.1,100.1,100.1,100.1,100.1,100.1,100.1,100.1,100.1,100.1,100.1,100.1,100.1,100.1,100.1,100.1,100.1,100.1,100.1,100.1,100.1,100.1,100.1,100.1,100.1,100.1,100.1,100.1,100.1,100.1,100.1,100.1,100.1,100.1,100.1,100.1,100.1,100.1,100.1,100.1,100.1,100.1,100.1,100.1,100.1,100.1,100.1,100.1,100.1,100.1,100.1,100.1,100.1,100.1,100.1,100.1,100.1,100.1,100.1,100.1,100.1,100.1,100.1,100.1,100.1,100.1,100.1,100.1,100.1,100.1,100.1,100.1,100.1,100.1,100.1,100.1,100.1,100.1,100.1,100.1,100.1,100.1,100.1,100.1,100.1,100.1,100.1,100.1,100.1,100.1,100.1,100.1,100.1,100.1,100.1,100.1,100.1,100.1,100.1,100.1,100.1,100.1,100.1,100.1,100.1,100.1,100.1
2001-04-01,,,,,,,,,,,,,,,,,,,,,,,,,,,,,,,,,,,,,,,,,,,,,,,,,,,,,,,,,,,,,,,,,,,,,,,,,,,,,,,,,,,,,,,,,,,,,,,,,,,,,,,,,,,,,,,,,,,,,,,,,,,,,,,,,,,,,,,,,,,,,,,,,,,,,,,,,,,,,,,,,,,,,,,,,,,,,,,,,,,,,,,,,,,,,,,,,,,,,,
2001-05-01,,,,,,,,,,,,,,,,,,,,,,,,,,,,,,,,,,,,,,,,,,,,,,,,,,,,,,,,,,,,,,,,,,,,,,,,,,,,,,,,,,,,,,,,,,,,,,,,,,,,,,,,,,,,,,,,,,,,,,,,,,,,,,,,,,,,,,,,,,,,,,,,,,,,,,,,,,,,,,,,,,,,,,,,,,,,,,,,,,,,,,,,,,,,,,,,,,,,,,
2001-06-01,98.0,98.0,98.0,98.0,98.0,98.0,98.0,98.0,98.0,98.0,98.0,98.0,98.0,98.0,98.0,98.0,98.0,98.0,98.0,98.0,98.0,98.0,98.0,98.0,98.0,98.0,98.0,98.0,98.0,98.0,98.0,98.0,98.0,98.0,98.0,98.0,98.0,98.0,98.0,98.0,98.0,98.0,98.0,98.0,98.0,98.0,98.0,98.0,98.0,98.0,98.0,98.0,98.0,98.0,98.0,98.0,98.0,98.0,98.0,98.0,98.0,98.0,98.0,98.0,98.0,98.0,98.0,98.0,98.0,98.0,98.0,98.0,98.0,98.0,98.0,98.0,98.0,98.0,98.0,98.0,98.0,98.0,98.0,98.0,98.0,98.0,98.0,98.0,98.0,98.0,98.0,98.0,98.0,98.0,98.0,98.0,98.0,98.0,98.0,98.0,98.0,98.0,98.0,98.0,98.0,98.0,98.0,98.0,98.0,98.0,98.0,98.0,98.0,98.0,98.0,98.0,98.0,98.0,98.0,98.0,98.0,98.0,98.0,98.0,98.0,98.0,98.0,98.0,98.0,98.0,98.0,98.0,98.0,98.0,98.0,98.0,98.0,98.0,98.0,98.0,98.0,98.0,98.0,98.0,98.0,98.0,98.0,98.0,98.0,98.0,98.0,98.0,98.0,98.0,98.0,98.0,98.0,98.0,98.0,98.0,98.0,98.0,98.0,98.0,98.0,98.0,98.0,98.0,98.0,98.0,98.0,98.0,98.0,98.0,98.0,98.0,98.0,98.0,98.0,98.0,98.0,98.0,98.0,98.0,98.0,98.0,98.0,98.0,98.0,98.0,98.0,98.0,98.0,98.0,98.0,98.0,98.0,98.0
2001-07-01,,,,,,,,,,,,,,,,,,,,,,,,,,,,,,,,,,,,,,,,,,,,,,,,,,,,,,,,,,,,,,,,,,,,,,,,,,,,,,,,,,,,,,,,,,,,,,,,,,,,,,,,,,,,,,,,,,,,,,,,,,,,,,,,,,,,,,,,,,,,,,,,,,,,,,,,,,,,,,,,,,,,,,,,,,,,,,,,,,,,,,,,,,,,,,,,,,,,,,
2001-08-01,,,,,,,,,,,,,,,,,,,,,,,,,,,,,,,,,,,,,,,,,,,,,,,,,,,,,,,,,,,,,,,,,,,,,,,,,,,,,,,,,,,,,,,,,,,,,,,,,,,,,,,,,,,,,,,,,,,,,,,,,,,,,,,,,,,,,,,,,,,,,,,,,,,,,,,,,,,,,,,,,,,,,,,,,,,,,,,,,,,,,,,,,,,,,,,,,,,,,,
2001-09-01,97.6,97.6,97.6,97.6,97.6,97.6,97.6,97.6,97.6,97.6,97.6,97.6,97.6,97.6,97.6,97.6,97.6,97.6,97.6,97.6,97.6,97.6,97.6,97.6,97.6,97.6,97.6,97.6,97.6,97.6,97.6,97.6,97.6,97.6,97.6,97.6,97.6,97.6,97.6,97.6,97.6,97.6,97.6,97.6,97.6,97.6,97.6,97.6,97.6,97.6,97.6,97.6,97.6,97.6,97.6,97.6,97.6,97.6,97.6,97.6,97.6,97.6,97.6,97.6,97.6,97.6,97.6,97.6,97.6,97.6,97.6,97.6,97.6,97.6,97.6,97.6,97.6,97.6,97.6,97.6,97.6,97.6,97.6,97.6,97.6,97.6,97.6,97.6,97.6,97.6,97.6,97.6,97.6,97.6,97.6,97.6,97.6,97.6,97.6,97.6,97.6,97.6,97.6,97.6,97.6,97.6,97.6,97.6,97.6,97.6,97.6,97.6,97.6,97.6,97.6,97.6,97.6,97.6,97.6,97.6,97.6,97.6,97.6,97.6,97.6,97.6,97.6,97.6,97.6,97.6,97.6,97.6,97.6,97.6,97.6,97.6,97.6,97.6,97.6,97.6,97.6,97.6,97.6,97.6,97.6,97.6,97.6,97.6,97.6,97.6,97.6,97.6,97.6,97.6,97.6,97.6,97.6,97.6,97.6,97.6,97.6,97.6,97.6,97.6,97.6,97.6,97.6,97.6,97.6,97.6,97.6,97.6,97.6,97.6,97.6,97.6,97.6,97.6,97.6,97.6,97.6,97.6,97.6,97.6,97.6,97.6,97.6,97.6,97.6,97.6,97.6,97.6,97.6,97.6,97.6,97.6,97.6,97.6
2001-10-01,,,,,,,,,,,,,,,,,,,,,,,,,,,,,,,,,,,,,,,,,,,,,,,,,,,,,,,,,,,,,,,,,,,,,,,,,,,,,,,,,,,,,,,,,,,,,,,,,,,,,,,,,,,,,,,,,,,,,,,,,,,,,,,,,,,,,,,,,,,,,,,,,,,,,,,,,,,,,,,,,,,,,,,,,,,,,,,,,,,,,,,,,,,,,,,,,,,,,,
2001-11-01,,,,,,,,,,,,,,,,,,,,,,,,,,,,,,,,,,,,,,,,,,,,,,,,,,,,,,,,,,,,,,,,,,,,,,,,,,,,,,,,,,,,,,,,,,,,,,,,,,,,,,,,,,,,,,,,,,,,,,,,,,,,,,,,,,,,,,,,,,,,,,,,,,,,,,,,,,,,,,,,,,,,,,,,,,,,,,,,,,,,,,,,,,,,,,,,,,,,,,
2001-12-01,97.8,97.8,97.8,97.8,97.8,97.8,97.8,97.8,97.8,97.8,97.8,97.8,97.8,97.8,97.8,97.8,97.8,97.8,97.8,97.8,97.8,97.8,97.8,97.8,97.8,97.8,97.8,97.8,97.8,97.8,97.8,97.8,97.8,97.8,97.8,97.8,97.8,97.8,97.8,97.8,97.8,97.8,97.8,97.8,97.8,97.8,97.8,97.8,97.8,97.8,97.8,97.8,97.8,97.8,97.8,97.8,97.8,97.8,97.8,97.8,97.8,97.8,97.8,97.8,97.8,97.8,97.8,97.8,97.8,97.8,97.8,97.8,97.8,97.8,97.8,97.8,97.8,97.8,97.8,97.8,97.8,97.8,97.8,97.8,97.8,97.8,97.8,97.8,97.8,97.8,97.8,97.8,97.8,97.8,97.8,97.8,97.8,97.8,97.8,97.8,97.8,97.8,97.8,97.8,97.8,97.8,97.8,97.8,97.8,97.8,97.8,97.8,97.8,97.8,97.8,97.8,97.8,97.8,97.8,97.8,97.8,97.8,97.8,97.8,97.8,97.8,97.8,97.8,97.8,97.8,97.8,97.8,97.8,97.8,97.8,97.8,97.8,97.8,97.8,97.8,97.8,97.8,97.8,97.8,97.8,97.8,97.8,97.8,97.8,97.8,97.8,97.8,97.8,97.8,97.8,97.8,97.8,97.8,97.8,97.8,97.8,97.8,97.8,97.8,97.8,97.8,97.8,97.8,97.8,97.8,97.8,97.8,97.8,97.8,97.8,97.8,97.8,97.8,97.8,97.8,97.8,97.8,97.8,97.8,97.8,97.8,97.8,97.8,97.8,97.8,97.8,97.8,97.8,97.8,97.8,97.8,97.8,97.8
2002-01-01,,,,,,,,,,,,,,,,,,,,,,,,,,,,,,,,,,,,,,,,,,,,,,,,,,,,,,,,,,,,,,,,,,,,,,,,,,,,,,,,,,,,,,,,,,,,,,,,,,,,,,,,,,,,,,,,,,,,,,,,,,,,,,,,,,,,,,,,,,,,,,,,,,,,,,,,,,,,,,,,,,,,,,,,,,,,,,,,,,,,,,,,,,,,,,,,,,,,,,
2002-02-01,,,,,,,,,,,,,,,,,,,,,,,,,,,,,,,,,,,,,,,,,,,,,,,,,,,,,,,,,,,,,,,,,,,,,,,,,,,,,,,,,,,,,,,,,,,,,,,,,,,,,,,,,,,,,,,,,,,,,,,,,,,,,,,,,,,,,,,,,,,,,,,,,,,,,,,,,,,,,,,,,,,,,,,,,,,,,,,,,,,,,,,,,,,,,,,,,,,,,,
2002-03-01,95.9,95.9,95.9,95.9,95.9,95.9,95.9,95.9,95.9,95.9,95.9,95.9,95.9,95.9,95.9,95.9,95.9,95.9,95.9,95.9,95.9,95.9,95.9,95.9,95.9,95.9,95.9,95.9,95.9,95.9,95.9,95.9,95.9,95.9,95.9,95.9,95.9,95.9,95.9,95.9,95.9,95.9,95.9,95.9,95.9,95.9,95.9,95.9,95.9,95.9,95.9,95.9,95.9,95.9,95.9,95.9,95.9,95.9,95.9,95.9,95.9,95.9,95.9,95.9,95.9,95.9,95.9,95.9,95.9,95.9,95.9,95.9,95.9,95.9,95.9,95.9,95.9,95.9,95.9,95.9,95.9,95.9,95.9,95.9,95.9,95.9,95.9,95.9,95.9,95.9,95.9,95.9,95.9,95.9,95.9,95.9,95.9,95.9,95.9,95.9,95.9,95.9,95.9,95.9,95.9,95.9,95.9,95.9,95.9,95.9,95.9,95.9,95.9,95.9,95.9,95.9,95.9,95.9,95.9,95.9,95.9,95.9,95.9,95.9,95.9,95.9,95.9,95.9,95.9,95.9,95.9,95.9,95.9,95.9,95.9,95.9,95.9,95.9,95.9,95.9,95.9,95.9,95.9,95.9,95.9,95.9,95.9,95.9,95.9,95.9,95.9,95.9,95.9,95.9,95.9,95.9,95.9,95.9,95.9,95.9,95.9,95.9,95.9,95.9,95.9,95.9,95.9,95.9,95.9,95.9,95.9,95.9,95.9,95.9,95.9,95.9,95.9,95.9,95.9,95.9,95.9,95.9,95.9,95.9,95.9,95.9,95.9,95.9,95.9,95.9,95.9,95.9,95.9,95.9,95.9,95.9,95.9,95.9
2002-04-01,,,,,,,,,,,,,,,,,,,,,,,,,,,,,,,,,,,,,,,,,,,,,,,,,,,,,,,,,,,,,,,,,,,,,,,,,,,,,,,,,,,,,,,,,,,,,,,,,,,,,,,,,,,,,,,,,,,,,,,,,,,,,,,,,,,,,,,,,,,,,,,,,,,,,,,,,,,,,,,,,,,,,,,,,,,,,,,,,,,,,,,,,,,,,,,,,,,,,,
2002-05-01,,,,,,,,,,,,,,,,,,,,,,,,,,,,,,,,,,,,,,,,,,,,,,,,,,,,,,,,,,,,,,,,,,,,,,,,,,,,,,,,,,,,,,,,,,,,,,,,,,,,,,,,,,,,,,,,,,,,,,,,,,,,,,,,,,,,,,,,,,,,,,,,,,,,,,,,,,,,,,,,,,,,,,,,,,,,,,,,,,,,,,,,,,,,,,,,,,,,,,
2002-06-01,98.4,98.4,98.4,98.4,98.4,98.4,98.4,98.4,98.4,98.4,98.4,98.4,98.4,98.4,98.4,98.4,98.4,98.4,98.4,98.4,98.4,98.4,98.4,98.4,98.4,98.4,98.4,98.4,98.4,98.4,98.4,98.4,98.4,98.4,98.4,98.4,98.4,98.4,98.4,98.4,98.4,98.4,98.4,98.4,98.4,98.4,98.4,98.4,98.4,98.4,98.4,98.4,98.4,98.4,98.4,98.4,98.4,98.4,98.4,98.4,98.4,98.4,98.4,98.4,98.4,98.4,98.4,98.4,98.4,98.4,98.4,98.4,98.4,98.4,98.4,98.4,98.4,98.4,98.4,98.4,98.4,98.4,98.4,98.4,98.4,98.4,98.4,98.4,98.4,98.4,98.4,98.4,98.4,98.4,98.4,98.4,98.4,98.4,98.4,98.4,98.4,98.4,98.4,98.4,98.4,98.4,98.4,98.4,98.4,98.4,98.4,98.4,98.4,98.4,98.4,98.4,98.4,98.4,98.4,98.4,98.4,98.4,98.4,98.4,98.4,98.4,98.4,98.4,98.4,98.4,98.4,98.4,98.4,98.4,98.4,98.4,98.4,98.4,98.4,98.4,98.4,98.4,98.4,98.4,98.4,98.4,98.4,98.4,98.4,98.4,98.4,98.4,98.4,98.4,98.4,98.4,98.4,98.4,98.4,98.4,98.4,98.4,98.4,98.4,98.4,98.4,98.4,98.4,98.4,98.4,98.4,98.4,98.4,98.4,98.4,98.4,98.4,98.4,98.4,98.4,98.4,98.4,98.4,98.4,98.4,98.4,98.4,98.4,98.4,98.4,98.4,98.4,98.4,98.4,98.4,98.4,98.4,98.4
2002-07-01,,,,,,,,,,,,,,,,,,,,,,,,,,,,,,,,,,,,,,,,,,,,,,,,,,,,,,,,,,,,,,,,,,,,,,,,,,,,,,,,,,,,,,,,,,,,,,,,,,,,,,,,,,,,,,,,,,,,,,,,,,,,,,,,,,,,,,,,,,,,,,,,,,,,,,,,,,,,,,,,,,,,,,,,,,,,,,,,,,,,,,,,,,,,,,,,,,,,,,
2002-08-01,,,,,,,,,,,,,,,,,,,,,,,,,,,,,,,,,,,,,,,,,,,,,,,,,,,,,,,,,,,,,,,,,,,,,,,,,,,,,,,,,,,,,,,,,,,,,,,,,,,,,,,,,,,,,,,,,,,,,,,,,,,,,,,,,,,,,,,,,,,,,,,,,,,,,,,,,,,,,,,,,,,,,,,,,,,,,,,,,,,,,,,,,,,,,,,,,,,,,,
2002-09-01,97.3,97.3,97.3,97.3,97.3,97.3,97.3,97.3,97.3,97.3,97.3,97.3,97.3,97.3,97.3,97.3,97.3,97.3,97.3,97.3,97.3,97.3,97.3,97.3,97.3,97.3,97.3,97.3,97.3,97.3,97.3,97.3,97.3,97.3,97.3,97.3,97.3,97.3,97.3,97.3,97.3,97.3,97.3,97.3,97.3,97.3,97.3,97.3,97.3,97.3,97.3,97.3,97.3,97.3,97.3,97.3,97.3,97.3,97.3,97.3,97.3,97.3,97.3,97.3,97.3,97.3,97.3,97.3,97.3,97.3,97.3,97.3,97.3,97.3,97.3,97.3,97.3,97.3,97.3,97.3,97.3,97.3,97.3,97.3,97.3,97.3,97.3,97.3,97.3,97.3,97.3,97.3,97.3,97.3,97.3,97.3,97.3,97.3,97.3,97.3,97.3,97.3,97.3,97.3,97.3,97.3,97.3,97.3,97.3,97.3,97.3,97.3,97.3,97.3,97.3,97.3,97.3,97.3,97.3,97.3,97.3,97.3,97.3,97.3,97.3,97.3,97.3,97.3,97.3,97.3,97.3,97.3,97.3,97.3,97.3,97.3,97.3,97.3,97.3,97.3,97.3,97.3,97.3,97.3,97.3,97.3,97.3,97.3,97.3,97.3,97.3,97.3,97.3,97.3,97.3,97.3,97.3,97.3,97.3,97.3,97.3,97.3,97.3,97.3,97.3,97.3,97.3,97.3,97.3,97.3,97.3,97.3,97.3,97.3,97.3,97.3,97.3,97.3,97.3,97.3,97.3,97.3,97.3,97.3,97.3,97.3,97.3,97.3,97.3,97.3,97.3,97.3,97.3,97.3,97.3,97.3,97.3,97.3
2002-10-01,,,,,,,,,,,,,,,,,,,,,,,,,,,,,,,,,,,,,,,,,,,,,,,,,,,,,,,,,,,,,,,,,,,,,,,,,,,,,,,,,,,,,,,,,,,,,,,,,,,,,,,,,,,,,,,,,,,,,,,,,,,,,,,,,,,,,,,,,,,,,,,,,,,,,,,,,,,,,,,,,,,,,,,,,,,,,,,,,,,,,,,,,,,,,,,,,,,,,,
2002-11-01,,,,,,,,,,,,,,,,,,,,,,,,,,,,,,,,,,,,,,,,,,,,,,,,,,,,,,,,,,,,,,,,,,,,,,,,,,,,,,,,,,,,,,,,,,,,,,,,,,,,,,,,,,,,,,,,,,,,,,,,,,,,,,,,,,,,,,,,,,,,,,,,,,,,,,,,,,,,,,,,,,,,,,,,,,,,,,,,,,,,,,,,,,,,,,,,,,,,,,
2002-12-01,95.4,95.4,95.4,95.4,95.4,95.4,95.4,95.4,95.4,95.4,95.4,95.4,95.4,95.4,95.4,95.4,95.4,95.4,95.4,95.4,95.4,95.4,95.4,95.4,95.4,95.4,95.4,95.4,95.4,95.4,95.4,95.4,95.4,95.4,95.4,95.4,95.4,95.4,95.4,95.4,95.4,95.4,95.4,95.4,95.4,95.4,95.4,95.4,95.4,95.4,95.4,95.4,95.4,95.4,95.4,95.4,95.4,95.4,95.4,95.4,95.4,95.4,95.4,95.4,95.4,95.4,95.4,95.4,95.4,95.4,95.4,95.4,95.4,95.4,95.4,95.4,95.4,95.4,95.4,95.4,95.4,95.4,95.4,95.4,95.4,95.4,95.4,95.4,95.4,95.4,95.4,95.4,95.4,95.4,95.4,95.4,95.4,95.4,95.4,95.4,95.4,95.4,95.4,95.4,95.4,95.4,95.4,95.4,95.4,95.4,95.4,95.4,95.4,95.4,95.4,95.4,95.4,95.4,95.4,95.4,95.4,95.4,95.4,95.4,95.4,95.4,95.4,95.4,95.4,95.4,95.4,95.4,95.4,95.4,95.4,95.4,95.4,95.4,95.4,95.4,95.4,95.4,95.4,95.4,95.4,95.4,95.4,95.4,95.4,95.4,95.4,95.4,95.4,95.4,95.4,95.4,95.4,95.4,95.4,95.4,95.4,95.4,95.4,95.4,95.4,95.4,95.4,95.4,95.4,95.4,95.4,95.4,95.4,95.4,95.4,95.4,95.4,95.4,95.4,95.4,95.4,95.4,95.4,95.4,95.4,95.4,95.4,95.4,95.4,95.4,95.4,95.4,95.4,95.4,95.4,95.4,95.4,95.4
2003-01-01,,,,,,,,,,,,,,,,,,,,,,,,,,,,,,,,,,,,,,,,,,,,,,,,,,,,,,,,,,,,,,,,,,,,,,,,,,,,,,,,,,,,,,,,,,,,,,,,,,,,,,,,,,,,,,,,,,,,,,,,,,,,,,,,,,,,,,,,,,,,,,,,,,,,,,,,,,,,,,,,,,,,,,,,,,,,,,,,,,,,,,,,,,,,,,,,,,,,,,
2003-02-01,,,,,,,,,,,,,,,,,,,,,,,,,,,,,,,,,,,,,,,,,,,,,,,,,,,,,,,,,,,,,,,,,,,,,,,,,,,,,,,,,,,,,,,,,,,,,,,,,,,,,,,,,,,,,,,,,,,,,,,,,,,,,,,,,,,,,,,,,,,,,,,,,,,,,,,,,,,,,,,,,,,,,,,,,,,,,,,,,,,,,,,,,,,,,,,,,,,,,,
2003-03-01,97.2,97.2,97.2,97.2,97.2,97.2,97.2,97.2,97.2,97.2,97.2,97.2,97.2,97.2,97.2,97.2,97.2,97.2,97.2,97.2,97.2,97.2,97.2,97.2,97.2,97.2,97.2,97.2,97.2,97.2,97.2,97.2,97.2,97.2,97.2,97.2,97.2,97.2,97.2,97.2,97.2,97.2,97.2,97.2,97.2,97.2,97.2,97.2,97.2,97.2,97.2,97.2,97.2,97.2,97.2,97.2,97.2,97.2,97.2,97.2,97.2,97.2,97.2,97.2,97.2,97.2,97.2,97.2,97.2,97.2,97.2,97.2,97.2,97.2,97.2,97.2,97.2,97.2,97.2,97.2,97.2,97.2,97.2,97.2,97.2,97.2,97.2,97.2,97.2,97.2,97.2,97.2,97.2,97.2,97.2,97.2,97.2,97.2,97.2,97.2,97.2,97.2,97.2,97.2,97.2,97.2,97.2,97.2,97.2,97.2,97.2,97.2,97.2,97.2,97.2,97.2,97.2,97.2,97.2,97.2,97.2,97.2,97.2,97.2,97.2,97.2,97.2,97.2,97.2,97.2,97.2,97.2,97.2,97.2,97.2,97.2,97.2,97.2,97.2,97.2,97.2,97.2,97.2,97.2,97.2,97.2,97.2,97.2,97.2,97.2,97.2,97.2,97.2,97.2,97.2,97.2,97.2,97.2,97.2,97.2,97.2,97.2,97.2,97.2,97.2,97.2,97.2,97.2,97.2,97.2,97.2,97.2,97.2,97.2,97.2,97.2,97.2,97.2,97.2,97.2,97.2,97.2,97.2,97.2,97.2,97.2,97.2,97.2,97.2,97.2,97.2,97.2,97.2,97.2,97.2,97.2,97.2,97.2
2003-04-01,,,,,,,,,,,,,,,,,,,,,,,,,,,,,,,,,,,,,,,,,,,,,,,,,,,,,,,,,,,,,,,,,,,,,,,,,,,,,,,,,,,,,,,,,,,,,,,,,,,,,,,,,,,,,,,,,,,,,,,,,,,,,,,,,,,,,,,,,,,,,,,,,,,,,,,,,,,,,,,,,,,,,,,,,,,,,,,,,,,,,,,,,,,,,,,,,,,,,,
2003-05-01,,,,,,,,,,,,,,,,,,,,,,,,,,,,,,,,,,,,,,,,,,,,,,,,,,,,,,,,,,,,,,,,,,,,,,,,,,,,,,,,,,,,,,,,,,,,,,,,,,,,,,,,,,,,,,,,,,,,,,,,,,,,,,,,,,,,,,,,,,,,,,,,,,,,,,,,,,,,,,,,,,,,,,,,,,,,,,,,,,,,,,,,,,,,,,,,,,,,,,
2003-06-01,95.4,95.4,95.4,95.4,95.4,95.4,95.4,95.4,95.4,95.4,95.4,95.4,95.4,95.4,95.4,95.4,95.4,95.4,95.4,95.4,95.4,95.4,95.4,95.4,95.4,95.4,95.4,95.4,95.4,95.4,95.4,95.4,95.4,95.4,95.4,95.4,95.4,95.4,95.4,95.4,95.4,95.4,95.4,95.4,95.4,95.4,95.4,95.4,95.4,95.4,95.4,95.4,95.4,95.4,95.4,95.4,95.4,95.4,95.4,95.4,95.4,95.4,95.4,95.4,95.4,95.4,95.4,95.4,95.4,95.4,95.4,95.4,95.4,95.4,95.4,95.4,95.4,95.4,95.4,95.4,95.4,95.4,95.4,95.4,95.4,95.4,95.4,95.4,95.4,95.4,95.4,95.4,95.4,95.4,95.4,95.4,95.4,95.4,95.4,95.4,95.4,95.4,95.4,95.4,95.4,95.4,95.4,95.4,95.4,95.4,95.4,95.4,95.4,95.4,95.4,95.4,95.4,95.4,95.4,95.4,95.4,95.4,95.4,95.4,95.4,95.4,95.4,95.4,95.4,95.4,95.4,95.4,95.4,95.4,95.4,95.4,95.4,95.4,95.4,95.4,95.4,95.4,95.4,95.4,95.4,95.4,95.4,95.4,95.4,95.4,95.4,95.4,95.4,95.4,95.4,95.4,95.4,95.4,95.4,95.4,95.4,95.4,95.4,95.4,95.4,95.4,95.4,95.4,95.4,95.4,95.4,95.4,95.4,95.4,95.4,95.4,95.4,95.4,95.4,95.4,95.4,95.4,95.4,95.4,95.4,95.4,95.4,95.4,95.4,95.4,95.4,95.4,95.4,95.4,95.4,95.4,95.4,95.4
2003-07-01,,,,,,,,,,,,,,,,,,,,,,,,,,,,,,,,,,,,,,,,,,,,,,,,,,,,,,,,,,,,,,,,,,,,,,,,,,,,,,,,,,,,,,,,,,,,,,,,,,,,,,,,,,,,,,,,,,,,,,,,,,,,,,,,,,,,,,,,,,,,,,,,,,,,,,,,,,,,,,,,,,,,,,,,,,,,,,,,,,,,,,,,,,,,,,,,,,,,,,
2003-08-01,,,,,,,,,,,,,,,,,,,,,,,,,,,,,,,,,,,,,,,,,,,,,,,,,,,,,,,,,,,,,,,,,,,,,,,,,,,,,,,,,,,,,,,,,,,,,,,,,,,,,,,,,,,,,,,,,,,,,,,,,,,,,,,,,,,,,,,,,,,,,,,,,,,,,,,,,,,,,,,,,,,,,,,,,,,,,,,,,,,,,,,,,,,,,,,,,,,,,,
2003-09-01,95.5,95.5,95.5,95.5,95.5,95.5,95.5,95.5,95.5,95.5,95.5,95.5,95.5,95.5,95.5,95.5,95.5,95.5,95.5,95.5,95.5,95.5,95.5,95.5,95.5,95.5,95.5,95.5,95.5,95.5,95.5,95.5,95.5,95.5,95.5,95.5,95.5,95.5,95.5,95.5,95.5,95.5,95.5,95.5,95.5,95.5,95.5,95.5,95.5,95.5,95.5,95.5,95.5,95.5,95.5,95.5,95.5,95.5,95.5,95.5,95.5,95.5,95.5,95.5,95.5,95.5,95.5,95.5,95.5,95.5,95.5,95.5,95.5,95.5,95.5,95.5,95.5,95.5,95.5,95.5,95.5,95.5,95.5,95.5,95.5,95.5,95.5,95.5,95.5,95.5,95.5,95.5,95.5,95.5,95.5,95.5,95.5,95.5,95.5,95.5,95.5,95.5,95.5,95.5,95.5,95.5,95.5,95.5,95.5,95.5,95.5,95.5,95.5,95.5,95.5,95.5,95.5,95.5,95.5,95.5,95.5,95.5,95.5,95.5,95.5,95.5,95.5,95.5,95.5,95.5,95.5,95.5,95.5,95.5,95.5,95.5,95.5,95.5,95.5,95.5,95.5,95.5,95.5,95.5,95.5,95.5,95.5,95.5,95.5,95.5,95.5,95.5,95.5,95.5,95.5,95.5,95.5,95.5,95.5,95.5,95.5,95.5,95.5,95.5,95.5,95.5,95.5,95.5,95.5,95.5,95.5,95.5,95.5,95.5,95.5,95.5,95.5,95.5,95.5,95.5,95.5,95.5,95.5,95.5,95.5,95.5,95.5,95.5,95.5,95.5,95.5,95.5,95.5,95.5,95.5,95.5,95.5,95.5
2003-10-01,,,,,,,,,,,,,,,,,,,,,,,,,,,,,,,,,,,,,,,,,,,,,,,,,,,,,,,,,,,,,,,,,,,,,,,,,,,,,,,,,,,,,,,,,,,,,,,,,,,,,,,,,,,,,,,,,,,,,,,,,,,,,,,,,,,,,,,,,,,,,,,,,,,,,,,,,,,,,,,,,,,,,,,,,,,,,,,,,,,,,,,,,,,,,,,,,,,,,,
2003-11-01,,,,,,,,,,,,,,,,,,,,,,,,,,,,,,,,,,,,,,,,,,,,,,,,,,,,,,,,,,,,,,,,,,,,,,,,,,,,,,,,,,,,,,,,,,,,,,,,,,,,,,,,,,,,,,,,,,,,,,,,,,,,,,,,,,,,,,,,,,,,,,,,,,,,,,,,,,,,,,,,,,,,,,,,,,,,,,,,,,,,,,,,,,,,,,,,,,,,,,
2003-12-01,94.9,94.9,94.9,94.9,94.9,94.9,94.9,94.9,94.9,94.9,94.9,94.9,94.9,94.9,94.9,94.9,94.9,94.9,94.9,94.9,94.9,94.9,94.9,94.9,94.9,94.9,94.9,94.9,94.9,94.9,94.9,94.9,94.9,94.9,94.9,94.9,94.9,94.9,94.9,94.9,94.9,94.9,94.9,94.9,94.9,94.9,94.9,94.9,94.9,94.9,94.9,94.9,94.9,94.9,94.9,94.9,94.9,94.9,94.9,94.9,94.9,94.9,94.9,94.9,94.9,94.9,94.9,94.9,94.9,94.9,94.9,94.9,94.9,94.9,94.9,94.9,94.9,94.9,94.9,94.9,94.9,94.9,94.9,94.9,94.9,94.9,94.9,94.9,94.9,94.9,94.9,94.9,94.9,94.9,94.9,94.9,94.9,94.9,94.9,94.9,94.9,94.9,94.9,94.9,94.9,94.9,94.9,94.9,94.9,94.9,94.9,94.9,94.9,94.9,94.9,94.9,94.9,94.9,94.9,94.9,94.9,94.9,94.9,94.9,94.9,94.9,94.9,94.9,94.9,94.9,94.9,94.9,94.9,94.9,94.9,94.9,94.9,94.9,94.9,94.9,94.9,94.9,94.9,94.9,94.9,94.9,94.9,94.9,94.9,94.9,94.9,94.9,94.9,94.9,94.9,94.9,94.9,94.9,94.9,94.9,94.9,94.9,94.9,94.9,94.9,94.9,94.9,94.9,94.9,94.9,94.9,94.9,94.9,94.9,94.9,94.9,94.9,94.9,94.9,94.9,94.9,94.9,94.9,94.9,94.9,94.9,94.9,94.9,94.9,94.9,94.9,94.9,94.9,94.9,94.9,94.9,94.9,94.9
2004-01-01,,,,,,,,,,,,,,,,,,,,,,,,,,,,,,,,,,,,,,,,,,,,,,,,,,,,,,,,,,,,,,,,,,,,,,,,,,,,,,,,,,,,,,,,,,,,,,,,,,,,,,,,,,,,,,,,,,,,,,,,,,,,,,,,,,,,,,,,,,,,,,,,,,,,,,,,,,,,,,,,,,,,,,,,,,,,,,,,,,,,,,,,,,,,,,,,,,,,,,
2004-02-01,,,,,,,,,,,,,,,,,,,,,,,,,,,,,,,,,,,,,,,,,,,,,,,,,,,,,,,,,,,,,,,,,,,,,,,,,,,,,,,,,,,,,,,,,,,,,,,,,,,,,,,,,,,,,,,,,,,,,,,,,,,,,,,,,,,,,,,,,,,,,,,,,,,,,,,,,,,,,,,,,,,,,,,,,,,,,,,,,,,,,,,,,,,,,,,,,,,,,,
2004-03-01,96.1,96.1,96.1,96.1,96.1,96.1,96.1,96.1,96.1,96.1,96.1,96.1,96.1,96.1,96.1,96.1,96.1,96.1,96.1,96.1,96.1,96.1,96.1,96.1,96.1,96.1,96.1,96.1,96.1,96.1,96.1,96.1,96.1,96.1,96.1,96.1,96.1,96.1,96.1,96.1,96.1,96.1,96.1,96.1,96.1,96.1,96.1,96.1,96.1,96.1,96.1,96.1,96.1,96.1,96.1,96.1,96.1,96.1,96.1,96.1,96.1,96.1,96.1,96.1,96.1,96.1,96.1,96.1,96.1,96.1,96.1,96.1,96.1,96.1,96.1,96.1,96.1,96.1,96.1,96.1,96.1,96.1,96.1,96.1,96.1,96.1,96.1,96.1,96.1,96.1,96.1,96.1,96.1,96.1,96.1,96.1,96.1,96.1,96.1,96.1,96.1,96.1,96.1,96.1,96.1,96.1,96.1,96.1,96.1,96.1,96.1,96.1,96.1,96.1,96.1,96.1,96.1,96.1,96.1,96.1,96.1,96.1,96.1,96.1,96.1,96.1,96.1,96.1,96.1,96.1,96.1,96.1,96.1,96.1,96.1,96.1,96.1,96.1,96.1,96.1,96.1,96.1,96.1,96.1,96.1,96.1,96.1,96.1,96.1,96.1,96.1,96.1,96.1,96.1,96.1,96.1,96.1,96.1,96.1,96.1,96.1,96.1,96.1,96.1,96.1,96.1,96.1,96.1,96.1,96.1,96.1,96.1,96.1,96.1,96.1,96.1,96.1,96.1,96.1,96.1,96.1,96.1,96.1,96.1,96.1,96.1,96.1,96.1,96.1,96.1,96.1,96.1,96.1,96.1,96.1,96.1,96.1,96.1
2004-04-01,,,,,,,,,,,,,,,,,,,,,,,,,,,,,,,,,,,,,,,,,,,,,,,,,,,,,,,,,,,,,,,,,,,,,,,,,,,,,,,,,,,,,,,,,,,,,,,,,,,,,,,,,,,,,,,,,,,,,,,,,,,,,,,,,,,,,,,,,,,,,,,,,,,,,,,,,,,,,,,,,,,,,,,,,,,,,,,,,,,,,,,,,,,,,,,,,,,,,,
2004-05-01,,,,,,,,,,,,,,,,,,,,,,,,,,,,,,,,,,,,,,,,,,,,,,,,,,,,,,,,,,,,,,,,,,,,,,,,,,,,,,,,,,,,,,,,,,,,,,,,,,,,,,,,,,,,,,,,,,,,,,,,,,,,,,,,,,,,,,,,,,,,,,,,,,,,,,,,,,,,,,,,,,,,,,,,,,,,,,,,,,,,,,,,,,,,,,,,,,,,,,
2004-06-01,99.0,99.0,99.0,99.0,99.0,99.0,99.0,99.0,99.0,99.0,99.0,99.0,99.0,99.0,99.0,99.0,99.0,99.0,99.0,99.0,99.0,99.0,99.0,99.0,99.0,99.0,99.0,99.0,99.0,99.0,99.0,99.0,99.0,99.0,99.0,99.0,99.0,99.0,99.0,99.0,99.0,99.0,99.0,99.0,99.0,99.0,99.0,99.0,99.0,99.0,99.0,99.0,99.0,99.0,99.0,99.0,99.0,99.0,99.0,99.0,99.0,99.0,99.0,99.0,99.0,99.0,99.0,99.0,99.0,99.0,99.0,99.0,99.0,99.0,99.0,99.0,99.0,99.0,99.0,99.0,99.0,99.0,99.0,99.0,99.0,99.0,99.0,99.0,99.0,99.0,99.0,99.0,99.0,99.0,99.0,99.0,99.0,99.0,99.0,99.0,99.0,99.0,99.0,99.0,99.0,99.0,99.0,99.0,99.0,99.0,99.0,99.0,99.0,99.0,99.0,99.0,99.0,99.0,99.0,99.0,99.0,99.0,99.0,99.0,99.0,99.0,99.0,99.0,99.0,99.0,99.0,99.0,99.0,99.0,99.0,99.0,99.0,99.0,99.0,99.0,99.0,99.0,99.0,99.0,99.0,99.0,99.0,99.0,99.0,99.0,99.0,99.0,99.0,99.0,99.0,99.0,99.0,99.0,99.0,99.0,99.0,99.0,99.0,99.0,99.0,99.0,99.0,99.0,99.0,99.0,99.0,99.0,99.0,99.0,99.0,99.0,99.0,99.0,99.0,99.0,99.0,99.0,99.0,99.0,99.0,99.0,99.0,99.0,99.0,99.0,99.0,99.0,99.0,99.0,99.0,99.0,99.0,99.0
2004-07-01,,,,,,,,,,,,,,,,,,,,,,,,,,,,,,,,,,,,,,,,,,,,,,,,,,,,,,,,,,,,,,,,,,,,,,,,,,,,,,,,,,,,,,,,,,,,,,,,,,,,,,,,,,,,,,,,,,,,,,,,,,,,,,,,,,,,,,,,,,,,,,,,,,,,,,,,,,,,,,,,,,,,,,,,,,,,,,,,,,,,,,,,,,,,,,,,,,,,,,
2004-08-01,,,,,,,,,,,,,,,,,,,,,,,,,,,,,,,,,,,,,,,,,,,,,,,,,,,,,,,,,,,,,,,,,,,,,,,,,,,,,,,,,,,,,,,,,,,,,,,,,,,,,,,,,,,,,,,,,,,,,,,,,,,,,,,,,,,,,,,,,,,,,,,,,,,,,,,,,,,,,,,,,,,,,,,,,,,,,,,,,,,,,,,,,,,,,,,,,,,,,,
2004-09-01,100.7,100.7,100.7,100.7,100.7,100.7,100.7,100.7,100.7,100.7,100.7,100.7,100.7,100.7,100.7,100.7,100.7,100.7,100.7,100.7,100.7,100.7,100.7,100.7,100.7,100.7,100.7,100.7,100.7,100.7,100.7,100.7,100.7,100.7,100.7,100.7,100.7,100.7,100.7,100.7,100.7,100.7,100.7,100.7,100.7,100.7,100.7,100.7,100.7,100.7,100.7,100.7,100.7,100.7,100.7,100.7,100.7,100.7,100.7,100.7,100.7,100.7,100.7,100.7,100.7,100.7,100.7,100.7,100.7,100.7,100.7,100.7,100.7,100.7,100.7,100.7,100.7,100.7,100.7,100.7,100.7,100.7,100.7,100.7,100.7,100.7,100.7,100.7,100.7,100.7,100.7,100.7,100.7,100.7,100.7,100.7,100.7,100.7,100.7,100.7,100.7,100.7,100.7,100.7,100.7,100.7,100.7,100.7,100.7,100.7,100.7,100.7,100.7,100.7,100.7,100.7,100.7,100.7,100.7,100.7,100.7,100.7,100.7,100.7,100.7,100.7,100.7,100.7,100.7,100.7,100.7,100.7,100.7,100.7,100.7,100.7,100.7,100.7,100.7,100.7,100.7,100.7,100.7,100.7,100.7,100.7,100.7,100.7,100.7,100.7,100.7,100.7,100.7,100.7,100.7,100.7,100.7,100.7,100.7,100.7,100.7,100.7,100.7,100.7,100.7,100.7,100.7,100.7,100.7,100.7,100.7,100.7,100.7,100.7,100.7,100.7,100.7,100.7,100.7,100.7,100.7,100.7,100.7,100.7,100.7,100.7,100.7,100.7,100.7,100.7,100.7,100.7,100.7,100.7,100.7,100.7,100.7,100.7
2004-10-01,,,,,,,,,,,,,,,,,,,,,,,,,,,,,,,,,,,,,,,,,,,,,,,,,,,,,,,,,,,,,,,,,,,,,,,,,,,,,,,,,,,,,,,,,,,,,,,,,,,,,,,,,,,,,,,,,,,,,,,,,,,,,,,,,,,,,,,,,,,,,,,,,,,,,,,,,,,,,,,,,,,,,,,,,,,,,,,,,,,,,,,,,,,,,,,,,,,,,,
2004-11-01,,,,,,,,,,,,,,,,,,,,,,,,,,,,,,,,,,,,,,,,,,,,,,,,,,,,,,,,,,,,,,,,,,,,,,,,,,,,,,,,,,,,,,,,,,,,,,,,,,,,,,,,,,,,,,,,,,,,,,,,,,,,,,,,,,,,,,,,,,,,,,,,,,,,,,,,,,,,,,,,,,,,,,,,,,,,,,,,,,,,,,,,,,,,,,,,,,,,,,
2004-12-01,104.7,104.7,104.7,104.7,104.7,104.7,104.7,104.7,104.7,104.7,104.7,104.7,104.7,104.7,104.7,104.7,104.7,104.7,104.7,104.7,104.7,104.7,104.7,104.7,104.7,104.7,104.7,104.7,104.7,104.7,104.7,104.7,104.7,104.7,104.7,104.7,104.7,104.7,104.7,104.7,104.7,104.7,104.7,104.7,104.7,104.7,104.7,104.7,104.7,104.7,104.7,104.7,104.7,104.7,104.7,104.7,104.7,104.7,104.7,104.7,104.7,104.7,104.7,104.7,104.7,104.7,104.7,104.7,104.7,104.7,104.7,104.7,104.7,104.7,104.7,104.7,104.7,104.7,104.7,104.7,104.7,104.7,104.7,104.7,104.7,104.7,104.7,104.7,104.7,104.7,104.7,104.7,104.7,104.7,104.7,104.7,104.7,104.7,104.7,104.7,104.7,104.7,104.7,104.7,104.7,104.7,104.7,104.7,104.7,104.7,104.7,104.7,104.7,104.7,104.7,104.7,104.7,104.7,104.7,104.7,104.7,104.7,104.7,104.7,104.7,104.7,104.7,104.7,104.7,104.7,104.7,104.7,104.7,104.7,104.7,104.7,104.7,104.7,104.7,104.7,104.7,104.7,104.7,104.7,104.7,104.7,104.7,104.7,104.7,104.7,104.7,104.7,104.7,104.7,104.7,104.7,104.7,104.7,104.7,104.7,104.7,104.7,104.7,104.7,104.7,104.7,104.7,104.7,104.7,104.7,104.7,104.7,104.7,104.7,104.7,104.7,104.7,104.7,104.7,104.7,104.7,104.7,104.7,104.7,104.7,104.7,104.7,104.7,104.7,104.7,104.7,104.7,104.7,104.7,104.7,104.7,104.7,104.7
2005-01-01,,,,,,,,,,,,,,,,,,,,,,,,,,,,,,,,,,,,,,,,,,,,,,,,,,,,,,,,,,,,,,,,,,,,,,,,,,,,,,,,,,,,,,,,,,,,,,,,,,,,,,,,,,,,,,,,,,,,,,,,,,,,,,,,,,,,,,,,,,,,,,,,,,,,,,,,,,,,,,,,,,,,,,,,,,,,,,,,,,,,,,,,,,,,,,,,,,,,,,
2005-02-01,,,,,,,,,,,,,,,,,,,,,,,,,,,,,,,,,,,,,,,,,,,,,,,,,,,,,,,,,,,,,,,,,,,,,,,,,,,,,,,,,,,,,,,,,,,,,,,,,,,,,,,,,,,,,,,,,,,,,,,,,,,,,,,,,,,,,,,,,,,,,,,,,,,,,,,,,,,,,,,,,,,,,,,,,,,,,,,,,,,,,,,,,,,,,,,,,,,,,,
2005-03-01,103.8,103.8,103.8,103.8,103.8,103.8,103.8,103.8,103.8,103.8,103.8,103.8,103.8,103.8,103.8,103.8,103.8,103.8,103.8,103.8,103.8,103.8,103.8,103.8,103.8,103.8,103.8,103.8,103.8,103.8,103.8,103.8,103.8,103.8,103.8,103.8,103.8,103.8,103.8,103.8,103.8,103.8,103.8,103.8,103.8,103.8,103.8,103.8,103.8,103.8,103.8,103.8,103.8,103.8,103.8,103.8,103.8,103.8,103.8,103.8,103.8,103.8,103.8,103.8,103.8,103.8,103.8,103.8,103.8,103.8,103.8,103.8,103.8,103.8,103.8,103.8,103.8,103.8,103.8,103.8,103.8,103.8,103.8,103.8,103.8,103.8,103.8,103.8,103.8,103.8,103.8,103.8,103.8,103.8,103.8,103.8,103.8,103.8,103.8,103.8,103.8,103.8,103.8,103.8,103.8,103.8,103.8,103.8,103.8,103.8,103.8,103.8,103.8,103.8,103.8,103.8,103.8,103.8,103.8,103.8,103.8,103.8,103.8,103.8,103.8,103.8,103.8,103.8,103.8,103.8,103.8,103.8,103.8,103.8,103.8,103.8,103.8,103.8,103.8,103.8,103.8,103.8,103.8,103.8,103.8,103.8,103.8,103.8,103.8,103.8,103.8,103.8,103.8,103.8,103.8,103.8,103.8,103.8,103.8,103.8,103.8,103.8,103.8,103.8,103.8,103.8,103.8,103.8,103.8,103.8,103.8,103.8,103.8,103.8,103.8,103.8,103.8,103.8,103.8,103.8,103.8,103.8,103.8,103.8,103.8,103.8,103.8,103.8,103.8,103.8,103.8,103.8,103.8,103.8,103.8,103.8,103.8,103.8
2005-04-01,,,,,,,,,,,,,,,,,,,,,,,,,,,,,,,,,,,,,,,,,,,,,,,,,,,,,,,,,,,,,,,,,,,,,,,,,,,,,,,,,,,,,,,,,,,,,,,,,,,,,,,,,,,,,,,,,,,,,,,,,,,,,,,,,,,,,,,,,,,,,,,,,,,,,,,,,,,,,,,,,,,,,,,,,,,,,,,,,,,,,,,,,,,,,,,,,,,,,,
2005-05-01,,,,,,,,,,,,,,,,,,,,,,,,,,,,,,,,,,,,,,,,,,,,,,,,,,,,,,,,,,,,,,,,,,,,,,,,,,,,,,,,,,,,,,,,,,,,,,,,,,,,,,,,,,,,,,,,,,,,,,,,,,,,,,,,,,,,,,,,,,,,,,,,,,,,,,,,,,,,,,,,,,,,,,,,,,,,,,,,,,,,,,,,,,,,,,,,,,,,,,
2005-06-01,107.2,107.2,107.2,107.2,107.2,107.2,107.2,107.2,107.2,107.2,107.2,107.2,107.2,107.2,107.2,107.2,107.2,107.2,107.2,107.2,107.2,107.2,107.2,107.2,107.2,107.2,107.2,107.2,107.2,107.2,107.2,107.2,107.2,107.2,107.2,107.2,107.2,107.2,107.2,107.2,107.2,107.2,107.2,107.2,107.2,107.2,107.2,107.2,107.2,107.2,107.2,107.2,107.2,107.2,107.2,107.2,107.2,107.2,107.2,107.2,107.2,107.2,107.2,107.2,107.2,107.2,107.2,107.2,107.2,107.2,107.2,107.2,107.2,107.2,107.2,107.2,107.2,107.2,107.2,107.2,107.2,107.2,107.2,107.2,107.2,107.2,107.2,107.2,107.2,107.2,107.2,107.2,107.2,107.2,107.2,107.2,107.2,107.2,107.2,107.2,107.2,107.2,107.2,107.2,107.2,107.2,107.2,107.2,107.2,107.2,107.2,107.2,107.2,107.2,107.2,107.2,107.2,107.2,107.2,107.2,107.2,107.2,107.2,107.2,107.2,107.2,107.2,107.2,107.2,107.2,107.2,107.2,107.2,107.2,107.2,107.2,107.2,107.2,107.2,107.2,107.2,107.2,107.2,107.2,107.2,107.2,107.2,107.2,107.2,107.2,107.2,107.2,107.2,107.2,107.2,107.2,107.2,107.2,107.2,107.2,107.2,107.2,107.2,107.2,107.2,107.2,107.2,107.2,107.2,107.2,107.2,107.2,107.2,107.2,107.2,107.2,107.2,107.2,107.2,107.2,107.2,107.2,107.2,107.2,107.2,107.2,107.2,107.2,107.2,107.2,107.2,107.2,107.2,107.2,107.2,107.2,107.2,107.2
2005-07-01,,,,,,,,,,,,,,,,,,,,,,,,,,,,,,,,,,,,,,,,,,,,,,,,,,,,,,,,,,,,,,,,,,,,,,,,,,,,,,,,,,,,,,,,,,,,,,,,,,,,,,,,,,,,,,,,,,,,,,,,,,,,,,,,,,,,,,,,,,,,,,,,,,,,,,,,,,,,,,,,,,,,,,,,,,,,,,,,,,,,,,,,,,,,,,,,,,,,,,
2005-08-01,,,,,,,,,,,,,,,,,,,,,,,,,,,,,,,,,,,,,,,,,,,,,,,,,,,,,,,,,,,,,,,,,,,,,,,,,,,,,,,,,,,,,,,,,,,,,,,,,,,,,,,,,,,,,,,,,,,,,,,,,,,,,,,,,,,,,,,,,,,,,,,,,,,,,,,,,,,,,,,,,,,,,,,,,,,,,,,,,,,,,,,,,,,,,,,,,,,,,,
2005-09-01,112.4,112.4,112.4,112.4,112.4,112.4,112.4,112.4,112.4,112.4,112.4,112.4,112.4,112.4,112.4,112.4,112.4,112.4,112.4,112.4,112.4,112.4,112.4,112.4,112.4,112.4,112.4,112.4,112.4,112.4,112.4,112.4,112.4,112.4,112.4,112.4,112.4,112.4,112.4,112.4,112.4,112.4,112.4,112.4,112.4,112.4,112.4,112.4,112.4,112.4,112.4,112.4,112.4,112.4,112.4,112.4,112.4,112.4,112.4,112.4,112.4,112.4,112.4,112.4,112.4,112.4,112.4,112.4,112.4,112.4,112.4,112.4,112.4,112.4,112.4,112.4,112.4,112.4,112.4,112.4,112.4,112.4,112.4,112.4,112.4,112.4,112.4,112.4,112.4,112.4,112.4,112.4,112.4,112.4,112.4,112.4,112.4,112.4,112.4,112.4,112.4,112.4,112.4,112.4,112.4,112.4,112.4,112.4,112.4,112.4,112.4,112.4,112.4,112.4,112.4,112.4,112.4,112.4,112.4,112.4,112.4,112.4,112.4,112.4,112.4,112.4,112.4,112.4,112.4,112.4,112.4,112.4,112.4,112.4,112.4,112.4,112.4,112.4,112.4,112.4,112.4,112.4,112.4,112.4,112.4,112.4,112.4,112.4,112.4,112.4,112.4,112.4,112.4,112.4,112.4,112.4,112.4,112.4,112.4,112.4,112.4,112.4,112.4,112.4,112.4,112.4,112.4,112.4,112.4,112.4,112.4,112.4,112.4,112.4,112.4,112.4,112.4,112.4,112.4,112.4,112.4,112.4,112.4,112.4,112.4,112.4,112.4,112.4,112.4,112.4,112.4,112.4,112.4,112.4,112.4,112.4,112.4,112.4
2005-10-01,,,,,,,,,,,,,,,,,,,,,,,,,,,,,,,,,,,,,,,,,,,,,,,,,,,,,,,,,,,,,,,,,,,,,,,,,,,,,,,,,,,,,,,,,,,,,,,,,,,,,,,,,,,,,,,,,,,,,,,,,,,,,,,,,,,,,,,,,,,,,,,,,,,,,,,,,,,,,,,,,,,,,,,,,,,,,,,,,,,,,,,,,,,,,,,,,,,,,,
2005-11-01,,,,,,,,,,,,,,,,,,,,,,,,,,,,,,,,,,,,,,,,,,,,,,,,,,,,,,,,,,,,,,,,,,,,,,,,,,,,,,,,,,,,,,,,,,,,,,,,,,,,,,,,,,,,,,,,,,,,,,,,,,,,,,,,,,,,,,,,,,,,,,,,,,,,,,,,,,,,,,,,,,,,,,,,,,,,,,,,,,,,,,,,,,,,,,,,,,,,,,
2005-12-01,112.0,112.0,112.0,112.0,112.0,112.0,112.0,112.0,112.0,112.0,112.0,112.0,112.0,112.0,112.0,112.0,112.0,112.0,112.0,112.0,112.0,112.0,112.0,112.0,112.0,112.0,112.0,112.0,112.0,112.0,112.0,112.0,112.0,112.0,112.0,112.0,112.0,112.0,112.0,112.0,112.0,112.0,112.0,112.0,112.0,112.0,112.0,112.0,112.0,112.0,112.0,112.0,112.0,112.0,112.0,112.0,112.0,112.0,112.0,112.0,112.0,112.0,112.0,112.0,112.0,112.0,112.0,112.0,112.0,112.0,112.0,112.0,112.0,112.0,112.0,112.0,112.0,112.0,112.0,112.0,112.0,112.0,112.0,112.0,112.0,112.0,112.0,112.0,112.0,112.0,112.0,112.0,112.0,112.0,112.0,112.0,112.0,112.0,112.0,112.0,112.0,112.0,112.0,112.0,112.0,112.0,112.0,112.0,112.0,112.0,112.0,112.0,112.0,112.0,112.0,112.0,112.0,112.0,112.0,112.0,112.0,112.0,112.0,112.0,112.0,112.0,112.0,112.0,112.0,112.0,112.0,112.0,112.0,112.0,112.0,112.0,112.0,112.0,112.0,112.0,112.0,112.0,112.0,112.0,112.0,112.0,112.0,112.0,112.0,112.0,112.0,112.0,112.0,112.0,112.0,112.0,112.0,112.0,112.0,112.0,112.0,112.0,112.0,112.0,112.0,112.0,112.0,112.0,112.0,112.0,112.0,112.0,112.0,112.0,112.0,112.0,112.0,112.0,112.0,112.0,112.0,112.0,112.0,112.0,112.0,112.0,112.0,112.0,112.0,112.0,112.0,112.0,112.0,112.0,112.0,112.0,112.0,112.0
2006-01-01,111.4,111.4,111.4,111.4,111.4,111.4,111.4,111.4,111.4,111.4,111.4,111.4,111.4,111.4,111.4,111.4,111.4,111.4,111.4,111.4,111.4,111.4,111.4,111.4,111.4,111.4,111.4,111.4,111.4,111.4,111.4,111.4,111.4,111.4,111.4,111.4,111.4,111.4,111.4,111.4,111.4,111.4,111.4,111.4,111.4,111.4,111.4,111.4,111.4,111.4,111.4,111.4,111.4,111.4,111.4,111.4,111.4,111.4,111.4,111.4,111.4,111.4,111.4,111.4,111.4,111.4,111.4,111.4,111.4,111.4,111.4,111.4,111.4,111.4,111.4,111.4,111.4,111.4,111.4,111.4,111.4,111.4,111.4,111.4,111.4,111.4,111.4,111.4,111.4,111.4,111.4,111.4,111.4,111.4,111.4,111.4,111.4,111.4,111.4,111.4,111.4,111.4,111.4,111.4,111.4,111.4,111.4,111.4,111.4,111.4,111.4,111.4,111.4,111.4,111.4,111.4,111.4,111.4,111.4,111.4,111.4,111.4,111.4,111.4,111.4,111.4,111.4,111.4,111.4,111.4,111.4,111.4,111.4,111.4,111.4,111.4,111.4,111.4,111.4,111.4,111.4,111.4,111.4,111.4,111.4,111.4,111.4,111.4,111.4,111.4,111.4,111.4,111.4,111.4,111.4,111.4,111.4,111.4,111.4,111.4,111.4,111.4,111.4,111.4,111.4,111.4,111.4,111.4,111.4,111.4,111.4,111.4,111.4,111.4,111.4,111.4,111.4,111.4,111.4,111.4,111.4,111.4,111.4,111.4,111.4,111.4,111.4,111.4,111.4,111.4,111.4,111.4,111.4,111.4,111.4,111.4,111.4,111.4
2006-02-01,113.0,113.0,113.0,113.0,113.0,113.0,113.0,113.0,113.0,113.0,113.0,113.0,113.0,113.0,113.0,113.0,113.0,113.0,113.0,113.0,113.0,113.0,113.0,113.0,113.0,113.0,113.0,113.0,113.0,113.0,113.0,113.0,113.0,113.0,113.0,113.0,113.0,113.0,113.0,113.0,113.0,113.0,113.0,113.0,113.0,113.0,113.0,113.0,113.0,113.0,113.0,113.0,113.0,113.0,113.0,113.0,113.0,113.0,113.0,113.0,113.0,113.0,113.0,113.0,113.0,113.0,113.0,113.0,113.0,113.0,113.0,113.0,113.0,113.0,113.0,113.0,113.0,113.0,113.0,113.0,113.0,113.0,113.0,113.0,113.0,113.0,113.0,113.0,113.0,113.0,113.0,113.0,113.0,113.0,113.0,113.0,113.0,113.0,113.0,113.0,113.0,113.0,113.0,113.0,113.0,113.0,113.0,113.0,113.0,113.0,113.0,113.0,113.0,113.0,113.0,113.0,113.0,113.0,113.0,113.0,113.0,113.0,113.0,113.0,113.0,113.0,113.0,113.0,113.0,113.0,113.0,113.0,113.0,113.0,113.0,113.0,113.0,113.0,113.0,113.0,113.0,113.0,113.0,113.0,113.0,113.0,113.0,113.0,113.0,113.0,113.0,113.0,113.0,113.0,113.0,113.0,113.0,113.0,113.0,113.0,113.0,113.0,113.0,113.0,113.0,113.0,113.0,113.0,113.0,113.0,113.0,113.0,113.0,113.0,113.0,113.0,113.0,113.0,113.0,113.0,113.0,113.0,113.0,113.0,113.0,113.0,113.0,113.0,113.0,113.0,113.0,113.0,113.0,113.0,113.0,113.0,113.0,113.0
2006-03-01,113.5,113.5,113.5,113.5,113.5,113.5,113.5,113.5,113.5,113.5,113.5,113.5,113.5,113.5,113.5,113.5,113.5,113.5,113.5,113.5,113.5,113.5,113.5,113.5,113.5,113.5,113.5,113.5,113.5,113.5,113.5,113.5,113.5,113.5,113.5,113.5,113.5,113.5,113.5,113.5,113.5,113.5,113.5,113.5,113.5,113.5,113.5,113.5,113.5,113.5,113.5,113.5,113.5,113.5,113.5,113.5,113.5,113.5,113.5,113.5,113.5,113.5,113.5,113.5,113.5,113.5,113.5,113.5,113.5,113.5,113.5,113.5,113.5,113.5,113.5,113.5,113.5,113.5,113.5,113.5,113.5,113.5,113.5,113.5,113.5,113.5,113.5,113.5,113.5,113.5,113.5,113.5,113.5,113.5,113.5,113.5,113.5,113.5,113.5,113.5,113.5,113.5,113.5,113.5,113.5,113.5,113.5,113.5,113.5,113.5,113.5,113.5,113.5,113.5,113.5,113.5,113.5,113.5,113.5,113.5,113.5,113.5,113.5,113.5,113.5,113.5,113.5,113.5,113.5,113.5,113.5,113.5,113.5,113.5,113.5,113.5,113.5,113.5,113.5,113.5,113.5,113.5,113.5,113.5,113.5,113.5,113.5,113.5,113.5,113.5,113.5,113.5,113.5,113.5,113.5,113.5,113.5,113.5,113.5,113.5,113.5,113.5,113.5,113.5,113.5,113.5,113.5,113.5,113.5,113.5,113.5,113.5,113.5,113.5,113.5,113.5,113.5,113.5,113.5,113.5,113.5,113.5,113.5,113.5,113.5,113.5,113.5,113.5,113.5,113.5,113.5,113.5,113.5,113.5,113.5,113.5,113.5,113.5
2006-04-01,113.6,113.6,113.6,113.6,113.6,113.6,113.6,113.6,113.6,113.6,113.6,113.6,113.6,113.6,113.6,113.6,113.6,113.6,113.6,113.6,113.6,113.6,113.6,113.6,113.6,113.6,113.6,113.6,113.6,113.6,113.6,113.6,113.6,113.6,113.6,113.6,113.6,113.6,113.6,113.6,113.6,113.6,113.6,113.6,113.6,113.6,113.6,113.6,113.6,113.6,113.6,113.6,113.6,113.6,113.6,113.6,113.6,113.6,113.6,113.6,113.6,113.6,113.6,113.6,113.6,113.6,113.6,113.6,113.6,113.6,113.6,113.6,113.6,113.6,113.6,113.6,113.6,113.6,113.6,113.6,113.6,113.6,113.6,113.6,113.6,113.6,113.6,113.6,113.6,113.6,113.6,113.6,113.6,113.6,113.6,113.6,113.6,113.6,113.6,113.6,113.6,113.6,113.6,113.6,113.6,113.6,113.6,113.6,113.6,113.6,113.6,113.6,113.6,113.6,113.6,113.6,113.6,113.6,113.6,113.6,113.6,113.6,113.6,113.6,113.6,113.6,113.6,113.6,113.6,113.6,113.6,113.6,113.6,113.6,113.6,113.6,113.6,113.6,113.6,113.6,113.6,113.6,113.6,113.6,113.6,113.6,113.6,113.6,113.6,113.6,113.6,113.6,113.6,113.6,113.6,113.6,113.6,113.6,113.6,113.6,113.6,113.6,113.6,113.6,113.6,113.6,113.6,113.6,113.6,113.6,113.6,113.6,113.6,113.6,113.6,113.6,113.6,113.6,113.6,113.6,113.6,113.6,113.6,113.6,113.6,113.6,113.6,113.6,113.6,113.6,113.6,113.6,113.6,113.6,113.6,113.6,113.6,113.6
2006-05-01,115.6,115.6,115.6,115.6,115.6,115.6,115.6,115.6,115.6,115.6,115.6,115.6,115.6,115.6,115.6,115.6,115.6,115.6,115.6,115.6,115.6,115.6,115.6,115.6,115.6,115.6,115.6,115.6,115.6,115.6,115.6,115.6,115.6,115.6,115.6,115.6,115.6,115.6,115.6,115.6,115.6,115.6,115.6,115.6,115.6,115.6,115.6,115.6,115.6,115.6,115.6,115.6,115.6,115.6,115.6,115.6,115.6,115.6,115.6,115.6,115.6,115.6,115.6,115.6,115.6,115.6,115.6,115.6,115.6,115.6,115.6,115.6,115.6,115.6,115.6,115.6,115.6,115.6,115.6,115.6,115.6,115.6,115.6,115.6,115.6,115.6,115.6,115.6,115.6,115.6,115.6,115.6,115.6,115.6,115.6,115.6,115.6,115.6,115.6,115.6,115.6,115.6,115.6,115.6,115.6,115.6,115.6,115.6,115.6,115.6,115.6,115.6,115.6,115.6,115.6,115.6,115.6,115.6,115.6,115.6,115.6,115.6,115.6,115.6,115.6,115.6,115.6,115.6,115.6,115.6,115.6,115.6,115.6,115.6,115.6,115.6,115.6,115.6,115.6,115.6,115.6,115.6,115.6,115.6,115.6,115.6,115.6,115.6,115.6,115.6,115.6,115.6,115.6,115.6,115.6,115.6,115.6,115.6,115.6,115.6,115.6,115.6,115.6,115.6,115.6,115.6,115.6,115.6,115.6,115.6,115.6,115.6,115.6,115.6,115.6,115.6,115.6,115.6,115.6,115.6,115.6,115.6,115.6,115.6,115.6,115.6,115.6,115.6,115.6,115.6,115.6,115.6,115.6,115.6,115.6,115.6,115.6,115.6
2006-06-01,117.2,117.2,117.2,117.2,117.2,117.2,117.2,117.2,117.2,117.2,117.2,117.2,117.2,117.2,117.2,117.2,117.2,117.2,117.2,117.2,117.2,117.2,117.2,117.2,117.2,117.2,117.2,117.2,117.2,117.2,117.2,117.2,117.2,117.2,117.2,117.2,117.2,117.2,117.2,117.2,117.2,117.2,117.2,117.2,117.2,117.2,117.2,117.2,117.2,117.2,117.2,117.2,117.2,117.2,117.2,117.2,117.2,117.2,117.2,117.2,117.2,117.2,117.2,117.2,117.2,117.2,117.2,117.2,117.2,117.2,117.2,117.2,117.2,117.2,117.2,117.2,117.2,117.2,117.2,117.2,117.2,117.2,117.2,117.2,117.2,117.2,117.2,117.2,117.2,117.2,117.2,117.2,117.2,117.2,117.2,117.2,117.2,117.2,117.2,117.2,117.2,117.2,117.2,117.2,117.2,117.2,117.2,117.2,117.2,117.2,117.2,117.2,117.2,117.2,117.2,117.2,117.2,117.2,117.2,117.2,117.2,117.2,117.2,117.2,117.2,117.2,117.2,117.2,117.2,117.2,117.2,117.2,117.2,117.2,117.2,117.2,117.2,117.2,117.2,117.2,117.2,117.2,117.2,117.2,117.2,117.2,117.2,117.2,117.2,117.2,117.2,117.2,117.2,117.2,117.2,117.2,117.2,117.2,117.2,117.2,117.2,117.2,117.2,117.2,117.2,117.2,117.2,117.2,117.2,117.2,117.2,117.2,117.2,117.2,117.2,117.2,117.2,117.2,117.2,117.2,117.2,117.2,117.2,117.2,117.2,117.2,117.2,117.2,117.2,117.2,117.2,117.2,117.2,117.2,117.2,117.2,117.2,117.2
2006-07-01,116.6,116.6,116.6,116.6,116.6,116.6,116.6,116.6,116.6,116.6,116.6,116.6,116.6,116.6,116.6,116.6,116.6,116.6,116.6,116.6,116.6,116.6,116.6,116.6,116.6,116.6,116.6,116.6,116.6,116.6,116.6,116.6,116.6,116.6,116.6,116.6,116.6,116.6,116.6,116.6,116.6,116.6,116.6,116.6,116.6,116.6,116.6,116.6,116.6,116.6,116.6,116.6,116.6,116.6,116.6,116.6,116.6,116.6,116.6,116.6,116.6,116.6,116.6,116.6,116.6,116.6,116.6,116.6,116.6,116.6,116.6,116.6,116.6,116.6,116.6,116.6,116.6,116.6,116.6,116.6,116.6,116.6,116.6,116.6,116.6,116.6,116.6,116.6,116.6,116.6,116.6,116.6,116.6,116.6,116.6,116.6,116.6,116.6,116.6,116.6,116.6,116.6,116.6,116.6,116.6,116.6,116.6,116.6,116.6,116.6,116.6,116.6,116.6,116.6,116.6,116.6,116.6,116.6,116.6,116.6,116.6,116.6,116.6,116.6,116.6,116.6,116.6,116.6,116.6,116.6,116.6,116.6,116.6,116.6,116.6,116.6,116.6,116.6,116.6,116.6,116.6,116.6,116.6,116.6,116.6,116.6,116.6,116.6,116.6,116.6,116.6,116.6,116.6,116.6,116.6,116.6,116.6,116.6,116.6,116.6,116.6,116.6,116.6,116.6,116.6,116.6,116.6,116.6,116.6,116.6,116.6,116.6,116.6,116.6,116.6,116.6,116.6,116.6,116.6,116.6,116.6,116.6,116.6,116.6,116.6,116.6,116.6,116.6,116.6,116.6,116.6,116.6,116.6,116.6,116.6,116.6,116.6,116.6
2006-08-01,116.1,116.1,116.1,116.1,116.1,116.1,116.1,116.1,116.1,116.1,116.1,116.1,116.1,116.1,116.1,116.1,116.1,116.1,116.1,116.1,116.1,116.1,116.1,116.1,116.1,116.1,116.1,116.1,116.1,116.1,116.1,116.1,116.1,116.1,116.1,116.1,116.1,116.1,116.1,116.1,116.1,116.1,116.1,116.1,116.1,116.1,116.1,116.1,116.1,116.1,116.1,116.1,116.1,116.1,116.1,116.1,116.1,116.1,116.1,116.1,116.1,116.1,116.1,116.1,116.1,116.1,116.1,116.1,116.1,116.1,116.1,116.1,116.1,116.1,116.1,116.1,116.1,116.1,116.1,116.1,116.1,116.1,116.1,116.1,116.1,116.1,116.1,116.1,116.1,116.1,116.1,116.1,116.1,116.1,116.1,116.1,116.1,116.1,116.1,116.1,116.1,116.1,116.1,116.1,116.1,116.1,116.1,116.1,116.1,116.1,116.1,116.1,116.1,116.1,116.1,116.1,116.1,116.1,116.1,116.1,116.1,116.1,116.1,116.1,116.1,116.1,116.1,116.1,116.1,116.1,116.1,116.1,116.1,116.1,116.1,116.1,116.1,116.1,116.1,116.1,116.1,116.1,116.1,116.1,116.1,116.1,116.1,116.1,116.1,116.1,116.1,116.1,116.1,116.1,116.1,116.1,116.1,116.1,116.1,116.1,116.1,116.1,116.1,116.1,116.1,116.1,116.1,116.1,116.1,116.1,116.1,116.1,116.1,116.1,116.1,116.1,116.1,116.1,116.1,116.1,116.1,116.1,116.1,116.1,116.1,116.1,116.1,116.1,116.1,116.1,116.1,116.1,116.1,116.1,116.1,116.1,116.1,116.1
2006-09-01,116.9,116.9,116.9,116.9,116.9,116.9,116.9,116.9,116.9,116.9,116.9,116.9,116.9,116.9,116.9,116.9,116.9,116.9,116.9,116.9,116.9,116.9,116.9,116.9,116.9,116.9,116.9,116.9,116.9,116.9,116.9,116.9,116.9,116.9,116.9,116.9,116.9,116.9,116.9,116.9,116.9,116.9,116.9,116.9,116.9,116.9,116.9,116.9,116.9,116.9,116.9,116.9,116.9,116.9,116.9,116.9,116.9,116.9,116.9,116.9,116.9,116.9,116.9,116.9,116.9,116.9,116.9,116.9,116.9,116.9,116.9,116.9,116.9,116.9,116.9,116.9,116.9,116.9,116.9,116.9,116.9,116.9,116.9,116.9,116.9,116.9,116.9,116.9,116.9,116.9,116.9,116.9,116.9,116.9,116.9,116.9,116.9,116.9,116.9,116.9,116.9,116.9,116.9,116.9,116.9,116.9,116.9,116.9,116.9,116.9,116.9,116.9,116.9,116.9,116.9,116.9,116.9,116.9,116.9,116.9,116.9,116.9,116.9,116.9,116.9,116.9,116.9,116.9,116.9,116.9,116.9,116.9,116.9,116.9,116.9,116.9,116.9,116.9,116.9,116.9,116.9,116.9,116.9,116.9,116.9,116.9,116.9,116.9,116.9,116.9,116.9,116.9,116.9,116.9,116.9,116.9,116.9,116.9,116.9,116.9,116.9,116.9,116.9,116.9,116.9,116.9,116.9,116.9,116.9,116.9,116.9,116.9,116.9,116.9,116.9,116.9,116.9,116.9,116.9,116.9,116.9,116.9,116.9,116.9,116.9,116.9,116.9,116.9,116.9,116.9,116.9,116.9,116.9,116.9,116.9,116.9,116.9,116.9
2006-10-01,115.8,115.8,115.8,115.8,115.8,115.8,115.8,115.8,115.8,115.8,115.8,115.8,115.8,115.8,115.8,115.8,115.8,115.8,115.8,115.8,115.8,115.8,115.8,115.8,115.8,115.8,115.8,115.8,115.8,115.8,115.8,115.8,115.8,115.8,115.8,115.8,115.8,115.8,115.8,115.8,115.8,115.8,115.8,115.8,115.8,115.8,115.8,115.8,115.8,115.8,115.8,115.8,115.8,115.8,115.8,115.8,115.8,115.8,115.8,115.8,115.8,115.8,115.8,115.8,115.8,115.8,115.8,115.8,115.8,115.8,115.8,115.8,115.8,115.8,115.8,115.8,115.8,115.8,115.8,115.8,115.8,115.8,115.8,115.8,115.8,115.8,115.8,115.8,115.8,115.8,115.8,115.8,115.8,115.8,115.8,115.8,115.8,115.8,115.8,115.8,115.8,115.8,115.8,115.8,115.8,115.8,115.8,115.8,115.8,115.8,115.8,115.8,115.8,115.8,115.8,115.8,115.8,115.8,115.8,115.8,115.8,115.8,115.8,115.8,115.8,115.8,115.8,115.8,115.8,115.8,115.8,115.8,115.8,115.8,115.8,115.8,115.8,115.8,115.8,115.8,115.8,115.8,115.8,115.8,115.8,115.8,115.8,115.8,115.8,115.8,115.8,115.8,115.8,115.8,115.8,115.8,115.8,115.8,115.8,115.8,115.8,115.8,115.8,115.8,115.8,115.8,115.8,115.8,115.8,115.8,115.8,115.8,115.8,115.8,115.8,115.8,115.8,115.8,115.8,115.8,115.8,115.8,115.8,115.8,115.8,115.8,115.8,115.8,115.8,115.8,115.8,115.8,115.8,115.8,115.8,115.8,115.8,115.8
2006-11-01,114.2,114.2,114.2,114.2,114.2,114.2,114.2,114.2,114.2,114.2,114.2,114.2,114.2,114.2,114.2,114.2,114.2,114.2,114.2,114.2,114.2,114.2,114.2,114.2,114.2,114.2,114.2,114.2,114.2,114.2,114.2,114.2,114.2,114.2,114.2,114.2,114.2,114.2,114.2,114.2,114.2,114.2,114.2,114.2,114.2,114.2,114.2,114.2,114.2,114.2,114.2,114.2,114.2,114.2,114.2,114.2,114.2,114.2,114.2,114.2,114.2,114.2,114.2,114.2,114.2,114.2,114.2,114.2,114.2,114.2,114.2,114.2,114.2,114.2,114.2,114.2,114.2,114.2,114.2,114.2,114.2,114.2,114.2,114.2,114.2,114.2,114.2,114.2,114.2,114.2,114.2,114.2,114.2,114.2,114.2,114.2,114.2,114.2,114.2,114.2,114.2,114.2,114.2,114.2,114.2,114.2,114.2,114.2,114.2,114.2,114.2,114.2,114.2,114.2,114.2,114.2,114.2,114.2,114.2,114.2,114.2,114.2,114.2,114.2,114.2,114.2,114.2,114.2,114.2,114.2,114.2,114.2,114.2,114.2,114.2,114.2,114.2,114.2,114.2,114.2,114.2,114.2,114.2,114.2,114.2,114.2,114.2,114.2,114.2,114.2,114.2,114.2,114.2,114.2,114.2,114.2,114.2,114.2,114.2,114.2,114.2,114.2,114.2,114.2,114.2,114.2,114.2,114.2,114.2,114.2,114.2,114.2,114.2,114.2,114.2,114.2,114.2,114.2,114.2,114.2,114.2,114.2,114.2,114.2,114.2,114.2,114.2,114.2,114.2,114.2,114.2,114.2,114.2,114.2,114.2,114.2,114.2,114.2
2006-12-01,113.8,113.8,113.8,113.8,113.8,113.8,113.8,113.8,113.8,113.8,113.8,113.8,113.8,113.8,113.8,113.8,113.8,113.8,113.8,113.8,113.8,113.8,113.8,113.8,113.8,113.8,113.8,113.8,113.8,113.8,113.8,113.8,113.8,113.8,113.8,113.8,113.8,113.8,113.8,113.8,113.8,113.8,113.8,113.8,113.8,113.8,113.8,113.8,113.8,113.8,113.8,113.8,113.8,113.8,113.8,113.8,113.8,113.8,113.8,113.8,113.8,113.8,113.8,113.8,113.8,113.8,113.8,113.8,113.8,113.8,113.8,113.8,113.8,113.8,113.8,113.8,113.8,113.8,113.8,113.8,113.8,113.8,113.8,113.8,113.8,113.8,113.8,113.8,113.8,113.8,113.8,113.8,113.8,113.8,113.8,113.8,113.8,113.8,113.8,113.8,113.8,113.8,113.8,113.8,113.8,113.8,113.8,113.8,113.8,113.8,113.8,113.8,113.8,113.8,113.8,113.8,113.8,113.8,113.8,113.8,113.8,113.8,113.8,113.8,113.8,113.8,113.8,113.8,113.8,113.8,113.8,113.8,113.8,113.8,113.8,113.8,113.8,113.8,113.8,113.8,113.8,113.8,113.8,113.8,113.8,113.8,113.8,113.8,113.8,113.8,113.8,113.8,113.8,113.8,113.8,113.8,113.8,113.8,113.8,113.8,113.8,113.8,113.8,113.8,113.8,113.8,113.8,113.8,113.8,113.8,113.8,113.8,113.8,113.8,113.8,113.8,113.8,113.8,113.8,113.8,113.8,113.8,113.8,113.8,113.8,113.8,113.8,113.8,113.8,113.8,113.8,113.8,113.8,113.8,113.8,113.8,113.8,113.8
2007-01-01,113.3,113.3,113.3,113.3,113.3,113.3,113.3,113.3,113.3,113.3,113.3,113.3,113.3,113.3,113.3,113.3,113.3,113.3,113.3,113.3,113.3,113.3,113.3,113.3,113.3,113.3,113.3,113.3,113.3,113.3,113.3,113.3,113.3,113.3,113.3,113.3,113.3,113.3,113.3,113.3,113.3,113.3,113.3,113.3,113.3,113.3,113.3,113.3,113.3,113.3,113.3,113.3,113.3,113.3,113.3,113.3,113.3,113.3,113.3,113.3,113.3,113.3,113.3,113.3,113.3,113.3,113.3,113.3,113.3,113.3,113.3,113.3,113.3,113.3,113.3,113.3,113.3,113.3,113.3,113.3,113.3,113.3,113.3,113.3,113.3,113.3,113.3,113.3,113.3,113.3,113.3,113.3,113.3,113.3,113.3,113.3,113.3,113.3,113.3,113.3,113.3,113.3,113.3,113.3,113.3,113.3,113.3,113.3,113.3,113.3,113.3,113.3,113.3,113.3,113.3,113.3,113.3,113.3,113.3,113.3,113.3,113.3,113.3,113.3,113.3,113.3,113.3,113.3,113.3,113.3,113.3,113.3,113.3,113.3,113.3,113.3,113.3,113.3,113.3,113.3,113.3,113.3,113.3,113.3,113.3,113.3,113.3,113.3,113.3,113.3,113.3,113.3,113.3,113.3,113.3,113.3,113.3,113.3,113.3,113.3,113.3,113.3,113.3,113.3,113.3,113.3,113.3,113.3,113.3,113.3,113.3,113.3,113.3,113.3,113.3,113.3,113.3,113.3,113.3,113.3,113.3,113.3,113.3,113.3,113.3,113.3,113.3,113.3,113.3,113.3,113.3,113.3,113.3,113.3,113.3,113.3,113.3,113.3
2007-02-01,112.4,112.4,112.4,112.4,112.4,112.4,112.4,112.4,112.4,112.4,112.4,112.4,112.4,112.4,112.4,112.4,112.4,112.4,112.4,112.4,112.4,112.4,112.4,112.4,112.4,112.4,112.4,112.4,112.4,112.4,112.4,112.4,112.4,112.4,112.4,112.4,112.4,112.4,112.4,112.4,112.4,112.4,112.4,112.4,112.4,112.4,112.4,112.4,112.4,112.4,112.4,112.4,112.4,112.4,112.4,112.4,112.4,112.4,112.4,112.4,112.4,112.4,112.4,112.4,112.4,112.4,112.4,112.4,112.4,112.4,112.4,112.4,112.4,112.4,112.4,112.4,112.4,112.4,112.4,112.4,112.4,112.4,112.4,112.4,112.4,112.4,112.4,112.4,112.4,112.4,112.4,112.4,112.4,112.4,112.4,112.4,112.4,112.4,112.4,112.4,112.4,112.4,112.4,112.4,112.4,112.4,112.4,112.4,112.4,112.4,112.4,112.4,112.4,112.4,112.4,112.4,112.4,112.4,112.4,112.4,112.4,112.4,112.4,112.4,112.4,112.4,112.4,112.4,112.4,112.4,112.4,112.4,112.4,112.4,112.4,112.4,112.4,112.4,112.4,112.4,112.4,112.4,112.4,112.4,112.4,112.4,112.4,112.4,112.4,112.4,112.4,112.4,112.4,112.4,112.4,112.4,112.4,112.4,112.4,112.4,112.4,112.4,112.4,112.4,112.4,112.4,112.4,112.4,112.4,112.4,112.4,112.4,112.4,112.4,112.4,112.4,112.4,112.4,112.4,112.4,112.4,112.4,112.4,112.4,112.4,112.4,112.4,112.4,112.4,112.4,112.4,112.4,112.4,112.4,112.4,112.4,112.4,112.4
2007-03-01,112.3,112.3,112.3,112.3,112.3,112.3,112.3,112.3,112.3,112.3,112.3,112.3,112.3,112.3,112.3,112.3,112.3,112.3,112.3,112.3,112.3,112.3,112.3,112.3,112.3,112.3,112.3,112.3,112.3,112.3,112.3,112.3,112.3,112.3,112.3,112.3,112.3,112.3,112.3,112.3,112.3,112.3,112.3,112.3,112.3,112.3,112.3,112.3,112.3,112.3,112.3,112.3,112.3,112.3,112.3,112.3,112.3,112.3,112.3,112.3,112.3,112.3,112.3,112.3,112.3,112.3,112.3,112.3,112.3,112.3,112.3,112.3,112.3,112.3,112.3,112.3,112.3,112.3,112.3,112.3,112.3,112.3,112.3,112.3,112.3,112.3,112.3,112.3,112.3,112.3,112.3,112.3,112.3,112.3,112.3,112.3,112.3,112.3,112.3,112.3,112.3,112.3,112.3,112.3,112.3,112.3,112.3,112.3,112.3,112.3,112.3,112.3,112.3,112.3,112.3,112.3,112.3,112.3,112.3,112.3,112.3,112.3,112.3,112.3,112.3,112.3,112.3,112.3,112.3,112.3,112.3,112.3,112.3,112.3,112.3,112.3,112.3,112.3,112.3,112.3,112.3,112.3,112.3,112.3,112.3,112.3,112.3,112.3,112.3,112.3,112.3,112.3,112.3,112.3,112.3,112.3,112.3,112.3,112.3,112.3,112.3,112.3,112.3,112.3,112.3,112.3,112.3,112.3,112.3,112.3,112.3,112.3,112.3,112.3,112.3,112.3,112.3,112.3,112.3,112.3,112.3,112.3,112.3,112.3,112.3,112.3,112.3,112.3,112.3,112.3,112.3,112.3,112.3,112.3,112.3,112.3,112.3,112.3
2007-04-01,113.2,113.2,113.2,113.2,113.2,113.2,113.2,113.2,113.2,113.2,113.2,113.2,113.2,113.2,113.2,113.2,113.2,113.2,113.2,113.2,113.2,113.2,113.2,113.2,113.2,113.2,113.2,113.2,113.2,113.2,113.2,113.2,113.2,113.2,113.2,113.2,113.2,113.2,113.2,113.2,113.2,113.2,113.2,113.2,113.2,113.2,113.2,113.2,113.2,113.2,113.2,113.2,113.2,113.2,113.2,113.2,113.2,113.2,113.2,113.2,113.2,113.2,113.2,113.2,113.2,113.2,113.2,113.2,113.2,113.2,113.2,113.2,113.2,113.2,113.2,113.2,113.2,113.2,113.2,113.2,113.2,113.2,113.2,113.2,113.2,113.2,113.2,113.2,113.2,113.2,113.2,113.2,113.2,113.2,113.2,113.2,113.2,113.2,113.2,113.2,113.2,113.2,113.2,113.2,113.2,113.2,113.2,113.2,113.2,113.2,113.2,113.2,113.2,113.2,113.2,113.2,113.2,113.2,113.2,113.2,113.2,113.2,113.2,113.2,113.2,113.2,113.2,113.2,113.2,113.2,113.2,113.2,113.2,113.2,113.2,113.2,113.2,113.2,113.2,113.2,113.2,113.2,113.2,113.2,113.2,113.2,113.2,113.2,113.2,113.2,113.2,113.2,113.2,113.2,113.2,113.2,113.2,113.2,113.2,113.2,113.2,113.2,113.2,113.2,113.2,113.2,113.2,113.2,113.2,113.2,113.2,113.2,113.2,113.2,113.2,113.2,113.2,113.2,113.2,113.2,113.2,113.2,113.2,113.2,113.2,113.2,113.2,113.2,113.2,113.2,113.2,113.2,113.2,113.2,113.2,113.2,113.2,113.2
2007-05-01,114.3,114.3,114.3,114.3,114.3,114.3,114.3,114.3,114.3,114.3,114.3,114.3,114.3,114.3,114.3,114.3,114.3,114.3,114.3,114.3,114.3,114.3,114.3,114.3,114.3,114.3,114.3,114.3,114.3,114.3,114.3,114.3,114.3,114.3,114.3,114.3,114.3,114.3,114.3,114.3,114.3,114.3,114.3,114.3,114.3,114.3,114.3,114.3,114.3,114.3,114.3,114.3,114.3,114.3,114.3,114.3,114.3,114.3,114.3,114.3,114.3,114.3,114.3,114.3,114.3,114.3,114.3,114.3,114.3,114.3,114.3,114.3,114.3,114.3,114.3,114.3,114.3,114.3,114.3,114.3,114.3,114.3,114.3,114.3,114.3,114.3,114.3,114.3,114.3,114.3,114.3,114.3,114.3,114.3,114.3,114.3,114.3,114.3,114.3,114.3,114.3,114.3,114.3,114.3,114.3,114.3,114.3,114.3,114.3,114.3,114.3,114.3,114.3,114.3,114.3,114.3,114.3,114.3,114.3,114.3,114.3,114.3,114.3,114.3,114.3,114.3,114.3,114.3,114.3,114.3,114.3,114.3,114.3,114.3,114.3,114.3,114.3,114.3,114.3,114.3,114.3,114.3,114.3,114.3,114.3,114.3,114.3,114.3,114.3,114.3,114.3,114.3,114.3,114.3,114.3,114.3,114.3,114.3,114.3,114.3,114.3,114.3,114.3,114.3,114.3,114.3,114.3,114.3,114.3,114.3,114.3,114.3,114.3,114.3,114.3,114.3,114.3,114.3,114.3,114.3,114.3,114.3,114.3,114.3,114.3,114.3,114.3,114.3,114.3,114.3,114.3,114.3,114.3,114.3,114.3,114.3,114.3,114.3
2007-06-01,114.3,114.3,114.3,114.3,114.3,114.3,114.3,114.3,114.3,114.3,114.3,114.3,114.3,114.3,114.3,114.3,114.3,114.3,114.3,114.3,114.3,114.3,114.3,114.3,114.3,114.3,114.3,114.3,114.3,114.3,114.3,114.3,114.3,114.3,114.3,114.3,114.3,114.3,114.3,114.3,114.3,114.3,114.3,114.3,114.3,114.3,114.3,114.3,114.3,114.3,114.3,114.3,114.3,114.3,114.3,114.3,114.3,114.3,114.3,114.3,114.3,114.3,114.3,114.3,114.3,114.3,114.3,114.3,114.3,114.3,114.3,114.3,114.3,114.3,114.3,114.3,114.3,114.3,114.3,114.3,114.3,114.3,114.3,114.3,114.3,114.3,114.3,114.3,114.3,114.3,114.3,114.3,114.3,114.3,114.3,114.3,114.3,114.3,114.3,114.3,114.3,114.3,114.3,114.3,114.3,114.3,114.3,114.3,114.3,114.3,114.3,114.3,114.3,114.3,114.3,114.3,114.3,114.3,114.3,114.3,114.3,114.3,114.3,114.3,114.3,114.3,114.3,114.3,114.3,114.3,114.3,114.3,114.3,114.3,114.3,114.3,114.3,114.3,114.3,114.3,114.3,114.3,114.3,114.3,114.3,114.3,114.3,114.3,114.3,114.3,114.3,114.3,114.3,114.3,114.3,114.3,114.3,114.3,114.3,114.3,114.3,114.3,114.3,114.3,114.3,114.3,114.3,114.3,114.3,114.3,114.3,114.3,114.3,114.3,114.3,114.3,114.3,114.3,114.3,114.3,114.3,114.3,114.3,114.3,114.3,114.3,114.3,114.3,114.3,114.3,114.3,114.3,114.3,114.3,114.3,114.3,114.3,114.3
2007-07-01,114.9,114.9,114.9,114.9,114.9,114.9,114.9,114.9,114.9,114.9,114.9,114.9,114.9,114.9,114.9,114.9,114.9,114.9,114.9,114.9,114.9,114.9,114.9,114.9,114.9,114.9,114.9,114.9,114.9,114.9,114.9,114.9,114.9,114.9,114.9,114.9,114.9,114.9,114.9,114.9,114.9,114.9,114.9,114.9,114.9,114.9,114.9,114.9,114.9,114.9,114.9,114.9,114.9,114.9,114.9,114.9,114.9,114.9,114.9,114.9,114.9,114.9,114.9,114.9,114.9,114.9,114.9,114.9,114.9,114.9,114.9,114.9,114.9,114.9,114.9,114.9,114.9,114.9,114.9,114.9,114.9,114.9,114.9,114.9,114.9,114.9,114.9,114.9,114.9,114.9,114.9,114.9,114.9,114.9,114.9,114.9,114.9,114.9,114.9,114.9,114.9,114.9,114.9,114.9,114.9,114.9,114.9,114.9,114.9,114.9,114.9,114.9,114.9,114.9,114.9,114.9,114.9,114.9,114.9,114.9,114.9,114.9,114.9,114.9,114.9,114.9,114.9,114.9,114.9,114.9,114.9,114.9,114.9,114.9,114.9,114.9,114.9,114.9,114.9,114.9,114.9,114.9,114.9,114.9,114.9,114.9,114.9,114.9,114.9,114.9,114.9,114.9,114.9,114.9,114.9,114.9,114.9,114.9,114.9,114.9,114.9,114.9,114.9,114.9,114.9,114.9,114.9,114.9,114.9,114.9,114.9,114.9,114.9,114.9,114.9,114.9,114.9,114.9,114.9,114.9,114.9,114.9,114.9,114.9,114.9,114.9,114.9,114.9,114.9,114.9,114.9,114.9,114.9,114.9,114.9,114.9,114.9,114.9
2007-08-01,116.2,116.2,116.2,116.2,116.2,116.2,116.2,116.2,116.2,116.2,116.2,116.2,116.2,116.2,116.2,116.2,116.2,116.2,116.2,116.2,116.2,116.2,116.2,116.2,116.2,116.2,116.2,116.2,116.2,116.2,116.2,116.2,116.2,116.2,116.2,116.2,116.2,116.2,116.2,116.2,116.2,116.2,116.2,116.2,116.2,116.2,116.2,116.2,116.2,116.2,116.2,116.2,116.2,116.2,116.2,116.2,116.2,116.2,116.2,116.2,116.2,116.2,116.2,116.2,116.2,116.2,116.2,116.2,116.2,116.2,116.2,116.2,116.2,116.2,116.2,116.2,116.2,116.2,116.2,116.2,116.2,116.2,116.2,116.2,116.2,116.2,116.2,116.2,116.2,116.2,116.2,116.2,116.2,116.2,116.2,116.2,116.2,116.2,116.2,116.2,116.2,116.2,116.2,116.2,116.2,116.2,116.2,116.2,116.2,116.2,116.2,116.2,116.2,116.2,116.2,116.2,116.2,116.2,116.2,116.2,116.2,116.2,116.2,116.2,116.2,116.2,116.2,116.2,116.2,116.2,116.2,116.2,116.2,116.2,116.2,116.2,116.2,116.2,116.2,116.2,116.2,116.2,116.2,116.2,116.2,116.2,116.2,116.2,116.2,116.2,116.2,116.2,116.2,116.2,116.2,116.2,116.2,116.2,116.2,116.2,116.2,116.2,116.2,116.2,116.2,116.2,116.2,116.2,116.2,116.2,116.2,116.2,116.2,116.2,116.2,116.2,116.2,116.2,116.2,116.2,116.2,116.2,116.2,116.2,116.2,116.2,116.2,116.2,116.2,116.2,116.2,116.2,116.2,116.2,116.2,116.2,116.2,116.2
2007-09-01,117.0,117.0,117.0,117.0,117.0,117.0,117.0,117.0,117.0,117.0,117.0,117.0,117.0,117.0,117.0,117.0,117.0,117.0,117.0,117.0,117.0,117.0,117.0,117.0,117.0,117.0,117.0,117.0,117.0,117.0,117.0,117.0,117.0,117.0,117.0,117.0,117.0,117.0,117.0,117.0,117.0,117.0,117.0,117.0,117.0,117.0,117.0,117.0,117.0,117.0,117.0,117.0,117.0,117.0,117.0,117.0,117.0,117.0,117.0,117.0,117.0,117.0,117.0,117.0,117.0,117.0,117.0,117.0,117.0,117.0,117.0,117.0,117.0,117.0,117.0,117.0,117.0,117.0,117.0,117.0,117.0,117.0,117.0,117.0,117.0,117.0,117.0,117.0,117.0,117.0,117.0,117.0,117.0,117.0,117.0,117.0,117.0,117.0,117.0,117.0,117.0,117.0,117.0,117.0,117.0,117.0,117.0,117.0,117.0,117.0,117.0,117.0,117.0,117.0,117.0,117.0,117.0,117.0,117.0,117.0,117.0,117.0,117.0,117.0,117.0,117.0,117.0,117.0,117.0,117.0,117.0,117.0,117.0,117.0,117.0,117.0,117.0,117.0,117.0,117.0,117.0,117.0,117.0,117.0,117.0,117.0,117.0,117.0,117.0,117.0,117.0,117.0,117.0,117.0,117.0,117.0,117.0,117.0,117.0,117.0,117.0,117.0,117.0,117.0,117.0,117.0,117.0,117.0,117.0,117.0,117.0,117.0,117.0,117.0,117.0,117.0,117.0,117.0,117.0,117.0,117.0,117.0,117.0,117.0,117.0,117.0,117.0,117.0,117.0,117.0,117.0,117.0,117.0,117.0,117.0,117.0,117.0,117.0
2007-10-01,118.9,118.9,118.9,118.9,118.9,118.9,118.9,118.9,118.9,118.9,118.9,118.9,118.9,118.9,118.9,118.9,118.9,118.9,118.9,118.9,118.9,118.9,118.9,118.9,118.9,118.9,118.9,118.9,118.9,118.9,118.9,118.9,118.9,118.9,118.9,118.9,118.9,118.9,118.9,118.9,118.9,118.9,118.9,118.9,118.9,118.9,118.9,118.9,118.9,118.9,118.9,118.9,118.9,118.9,118.9,118.9,118.9,118.9,118.9,118.9,118.9,118.9,118.9,118.9,118.9,118.9,118.9,118.9,118.9,118.9,118.9,118.9,118.9,118.9,118.9,118.9,118.9,118.9,118.9,118.9,118.9,118.9,118.9,118.9,118.9,118.9,118.9,118.9,118.9,118.9,118.9,118.9,118.9,118.9,118.9,118.9,118.9,118.9,118.9,118.9,118.9,118.9,118.9,118.9,118.9,118.9,118.9,118.9,118.9,118.9,118.9,118.9,118.9,118.9,118.9,118.9,118.9,118.9,118.9,118.9,118.9,118.9,118.9,118.9,118.9,118.9,118.9,118.9,118.9,118.9,118.9,118.9,118.9,118.9,118.9,118.9,118.9,118.9,118.9,118.9,118.9,118.9,118.9,118.9,118.9,118.9,118.9,118.9,118.9,118.9,118.9,118.9,118.9,118.9,118.9,118.9,118.9,118.9,118.9,118.9,118.9,118.9,118.9,118.9,118.9,118.9,118.9,118.9,118.9,118.9,118.9,118.9,118.9,118.9,118.9,118.9,118.9,118.9,118.9,118.9,118.9,118.9,118.9,118.9,118.9,118.9,118.9,118.9,118.9,118.9,118.9,118.9,118.9,118.9,118.9,118.9,118.9,118.9
2007-11-01,121.0,121.0,121.0,121.0,121.0,121.0,121.0,121.0,121.0,121.0,121.0,121.0,121.0,121.0,121.0,121.0,121.0,121.0,121.0,121.0,121.0,121.0,121.0,121.0,121.0,121.0,121.0,121.0,121.0,121.0,121.0,121.0,121.0,121.0,121.0,121.0,121.0,121.0,121.0,121.0,121.0,121.0,121.0,121.0,121.0,121.0,121.0,121.0,121.0,121.0,121.0,121.0,121.0,121.0,121.0,121.0,121.0,121.0,121.0,121.0,121.0,121.0,121.0,121.0,121.0,121.0,121.0,121.0,121.0,121.0,121.0,121.0,121.0,121.0,121.0,121.0,121.0,121.0,121.0,121.0,121.0,121.0,121.0,121.0,121.0,121.0,121.0,121.0,121.0,121.0,121.0,121.0,121.0,121.0,121.0,121.0,121.0,121.0,121.0,121.0,121.0,121.0,121.0,121.0,121.0,121.0,121.0,121.0,121.0,121.0,121.0,121.0,121.0,121.0,121.0,121.0,121.0,121.0,121.0,121.0,121.0,121.0,121.0,121.0,121.0,121.0,121.0,121.0,121.0,121.0,121.0,121.0,121.0,121.0,121.0,121.0,121.0,121.0,121.0,121.0,121.0,121.0,121.0,121.0,121.0,121.0,121.0,121.0,121.0,121.0,121.0,121.0,121.0,121.0,121.0,121.0,121.0,121.0,121.0,121.0,121.0,121.0,121.0,121.0,121.0,121.0,121.0,121.0,121.0,121.0,121.0,121.0,121.0,121.0,121.0,121.0,121.0,121.0,121.0,121.0,121.0,121.0,121.0,121.0,121.0,121.0,121.0,121.0,121.0,121.0,121.0,121.0,121.0,121.0,121.0,121.0,121.0,121.0
2007-12-01,124.3,124.3,124.3,124.3,124.3,124.3,124.3,124.3,124.3,124.3,124.3,124.3,124.3,124.3,124.3,124.3,124.3,124.3,124.3,124.3,124.3,124.3,124.3,124.3,124.3,124.3,124.3,124.3,124.3,124.3,124.3,124.3,124.3,124.3,124.3,124.3,124.3,124.3,124.3,124.3,124.3,124.3,124.3,124.3,124.3,124.3,124.3,124.3,124.3,124.3,124.3,124.3,124.3,124.3,124.3,124.3,124.3,124.3,124.3,124.3,124.3,124.3,124.3,124.3,124.3,124.3,124.3,124.3,124.3,124.3,124.3,124.3,124.3,124.3,124.3,124.3,124.3,124.3,124.3,124.3,124.3,124.3,124.3,124.3,124.3,124.3,124.3,124.3,124.3,124.3,124.3,124.3,124.3,124.3,124.3,124.3,124.3,124.3,124.3,124.3,124.3,124.3,124.3,124.3,124.3,124.3,124.3,124.3,124.3,124.3,124.3,124.3,124.3,124.3,124.3,124.3,124.3,124.3,124.3,124.3,124.3,124.3,124.3,124.3,124.3,124.3,124.3,124.3,124.3,124.3,124.3,124.3,124.3,124.3,124.3,124.3,124.3,124.3,124.3,124.3,124.3,124.3,124.3,124.3,124.3,124.3,124.3,124.3,124.3,124.3,124.3,124.3,124.3,124.3,124.3,124.3,124.3,124.3,124.3,124.3,124.3,124.3,124.3,124.3,124.3,124.3,124.3,124.3,124.3,124.3,124.3,124.3,124.3,124.3,124.3,124.3,124.3,124.3,124.3,124.3,124.3,124.3,124.3,124.3,124.3,124.3,124.3,124.3,124.3,124.3,124.3,124.3,124.3,124.3,124.3,124.3,124.3,124.3
2008-01-01,126.7,126.7,126.7,126.7,126.7,126.7,126.7,126.7,126.7,126.7,126.7,126.7,126.7,126.7,126.7,126.7,126.7,126.7,126.7,126.7,126.7,126.7,126.7,126.7,126.7,126.7,126.7,126.7,126.7,126.7,126.7,126.7,126.7,126.7,126.7,126.7,126.7,126.7,126.7,126.7,126.7,126.7,126.7,126.7,126.7,126.7,126.7,126.7,126.7,126.7,126.7,126.7,126.7,126.7,126.7,126.7,126.7,126.7,126.7,126.7,126.7,126.7,126.7,126.7,126.7,126.7,126.7,126.7,126.7,126.7,126.7,126.7,126.7,126.7,126.7,126.7,126.7,126.7,126.7,126.7,126.7,126.7,126.7,126.7,126.7,126.7,126.7,126.7,126.7,126.7,126.7,126.7,126.7,126.7,126.7,126.7,126.7,126.7,126.7,126.7,126.7,126.7,126.7,126.7,126.7,126.7,126.7,126.7,126.7,126.7,126.7,126.7,126.7,126.7,126.7,126.7,126.7,126.7,126.7,126.7,126.7,126.7,126.7,126.7,126.7,126.7,126.7,126.7,126.7,126.7,126.7,126.7,126.7,126.7,126.7,126.7,126.7,126.7,126.7,126.7,126.7,126.7,126.7,126.7,126.7,126.7,126.7,126.7,126.7,126.7,126.7,126.7,126.7,126.7,126.7,126.7,126.7,126.7,126.7,126.7,126.7,126.7,126.7,126.7,126.7,126.7,126.7,126.7,126.7,126.7,126.7,126.7,126.7,126.7,126.7,126.7,126.7,126.7,126.7,126.7,126.7,126.7,126.7,126.7,126.7,126.7,126.7,126.7,126.7,126.7,126.7,126.7,126.7,126.7,126.7,126.7,126.7,126.7
2008-02-01,127.1,127.1,127.1,127.1,127.1,127.1,127.1,127.1,127.1,127.1,127.1,127.1,127.1,127.1,127.1,127.1,127.1,127.1,127.1,127.1,127.1,127.1,127.1,127.1,127.1,127.1,127.1,127.1,127.1,127.1,127.1,127.1,127.1,127.1,127.1,127.1,127.1,127.1,127.1,127.1,127.1,127.1,127.1,127.1,127.1,127.1,127.1,127.1,127.1,127.1,127.1,127.1,127.1,127.1,127.1,127.1,127.1,127.1,127.1,127.1,127.1,127.1,127.1,127.1,127.1,127.1,127.1,127.1,127.1,127.1,127.1,127.1,127.1,127.1,127.1,127.1,127.1,127.1,127.1,127.1,127.1,127.1,127.1,127.1,127.1,127.1,127.1,127.1,127.1,127.1,127.1,127.1,127.1,127.1,127.1,127.1,127.1,127.1,127.1,127.1,127.1,127.1,127.1,127.1,127.1,127.1,127.1,127.1,127.1,127.1,127.1,127.1,127.1,127.1,127.1,127.1,127.1,127.1,127.1,127.1,127.1,127.1,127.1,127.1,127.1,127.1,127.1,127.1,127.1,127.1,127.1,127.1,127.1,127.1,127.1,127.1,127.1,127.1,127.1,127.1,127.1,127.1,127.1,127.1,127.1,127.1,127.1,127.1,127.1,127.1,127.1,127.1,127.1,127.1,127.1,127.1,127.1,127.1,127.1,127.1,127.1,127.1,127.1,127.1,127.1,127.1,127.1,127.1,127.1,127.1,127.1,127.1,127.1,127.1,127.1,127.1,127.1,127.1,127.1,127.1,127.1,127.1,127.1,127.1,127.1,127.1,127.1,127.1,127.1,127.1,127.1,127.1,127.1,127.1,127.1,127.1,127.1,127.1
2008-03-01,128.9,128.9,128.9,128.9,128.9,128.9,128.9,128.9,128.9,128.9,128.9,128.9,128.9,128.9,128.9,128.9,128.9,128.9,128.9,128.9,128.9,128.9,128.9,128.9,128.9,128.9,128.9,128.9,128.9,128.9,128.9,128.9,128.9,128.9,128.9,128.9,128.9,128.9,128.9,128.9,128.9,128.9,128.9,128.9,128.9,128.9,128.9,128.9,128.9,128.9,128.9,128.9,128.9,128.9,128.9,128.9,128.9,128.9,128.9,128.9,128.9,128.9,128.9,128.9,128.9,128.9,128.9,128.9,128.9,128.9,128.9,128.9,128.9,128.9,128.9,128.9,128.9,128.9,128.9,128.9,128.9,128.9,128.9,128.9,128.9,128.9,128.9,128.9,128.9,128.9,128.9,128.9,128.9,128.9,128.9,128.9,128.9,128.9,128.9,128.9,128.9,128.9,128.9,128.9,128.9,128.9,128.9,128.9,128.9,128.9,128.9,128.9,128.9,128.9,128.9,128.9,128.9,128.9,128.9,128.9,128.9,128.9,128.9,128.9,128.9,128.9,128.9,128.9,128.9,128.9,128.9,128.9,128.9,128.9,128.9,128.9,128.9,128.9,128.9,128.9,128.9,128.9,128.9,128.9,128.9,128.9,128.9,128.9,128.9,128.9,128.9,128.9,128.9,128.9,128.9,128.9,128.9,128.9,128.9,128.9,128.9,128.9,128.9,128.9,128.9,128.9,128.9,128.9,128.9,128.9,128.9,128.9,128.9,128.9,128.9,128.9,128.9,128.9,128.9,128.9,128.9,128.9,128.9,128.9,128.9,128.9,128.9,128.9,128.9,128.9,128.9,128.9,128.9,128.9,128.9,128.9,128.9,128.9
2008-04-01,132.1,132.1,132.1,132.1,132.1,132.1,132.1,132.1,132.1,132.1,132.1,132.1,132.1,132.1,132.1,132.1,132.1,132.1,132.1,132.1,132.1,132.1,132.1,132.1,132.1,132.1,132.1,132.1,132.1,132.1,132.1,132.1,132.1,132.1,132.1,132.1,132.1,132.1,132.1,132.1,132.1,132.1,132.1,132.1,132.1,132.1,132.1,132.1,132.1,132.1,132.1,132.1,132.1,132.1,132.1,132.1,132.1,132.1,132.1,132.1,132.1,132.1,132.1,132.1,132.1,132.1,132.1,132.1,132.1,132.1,132.1,132.1,132.1,132.1,132.1,132.1,132.1,132.1,132.1,132.1,132.1,132.1,132.1,132.1,132.1,132.1,132.1,132.1,132.1,132.1,132.1,132.1,132.1,132.1,132.1,132.1,132.1,132.1,132.1,132.1,132.1,132.1,132.1,132.1,132.1,132.1,132.1,132.1,132.1,132.1,132.1,132.1,132.1,132.1,132.1,132.1,132.1,132.1,132.1,132.1,132.1,132.1,132.1,132.1,132.1,132.1,132.1,132.1,132.1,132.1,132.1,132.1,132.1,132.1,132.1,132.1,132.1,132.1,132.1,132.1,132.1,132.1,132.1,132.1,132.1,132.1,132.1,132.1,132.1,132.1,132.1,132.1,132.1,132.1,132.1,132.1,132.1,132.1,132.1,132.1,132.1,132.1,132.1,132.1,132.1,132.1,132.1,132.1,132.1,132.1,132.1,132.1,132.1,132.1,132.1,132.1,132.1,132.1,132.1,132.1,132.1,132.1,132.1,132.1,132.1,132.1,132.1,132.1,132.1,132.1,132.1,132.1,132.1,132.1,132.1,132.1,132.1,132.1
2008-05-01,137.1,137.1,137.1,137.1,137.1,137.1,137.1,137.1,137.1,137.1,137.1,137.1,137.1,137.1,137.1,137.1,137.1,137.1,137.1,137.1,137.1,137.1,137.1,137.1,137.1,137.1,137.1,137.1,137.1,137.1,137.1,137.1,137.1,137.1,137.1,137.1,137.1,137.1,137.1,137.1,137.1,137.1,137.1,137.1,137.1,137.1,137.1,137.1,137.1,137.1,137.1,137.1,137.1,137.1,137.1,137.1,137.1,137.1,137.1,137.1,137.1,137.1,137.1,137.1,137.1,137.1,137.1,137.1,137.1,137.1,137.1,137.1,137.1,137.1,137.1,137.1,137.1,137.1,137.1,137.1,137.1,137.1,137.1,137.1,137.1,137.1,137.1,137.1,137.1,137.1,137.1,137.1,137.1,137.1,137.1,137.1,137.1,137.1,137.1,137.1,137.1,137.1,137.1,137.1,137.1,137.1,137.1,137.1,137.1,137.1,137.1,137.1,137.1,137.1,137.1,137.1,137.1,137.1,137.1,137.1,137.1,137.1,137.1,137.1,137.1,137.1,137.1,137.1,137.1,137.1,137.1,137.1,137.1,137.1,137.1,137.1,137.1,137.1,137.1,137.1,137.1,137.1,137.1,137.1,137.1,137.1,137.1,137.1,137.1,137.1,137.1,137.1,137.1,137.1,137.1,137.1,137.1,137.1,137.1,137.1,137.1,137.1,137.1,137.1,137.1,137.1,137.1,137.1,137.1,137.1,137.1,137.1,137.1,137.1,137.1,137.1,137.1,137.1,137.1,137.1,137.1,137.1,137.1,137.1,137.1,137.1,137.1,137.1,137.1,137.1,137.1,137.1,137.1,137.1,137.1,137.1,137.1,137.1
2008-06-01,143.7,143.7,143.7,143.7,143.7,143.7,143.7,143.7,143.7,143.7,143.7,143.7,143.7,143.7,143.7,143.7,143.7,143.7,143.7,143.7,143.7,143.7,143.7,143.7,143.7,143.7,143.7,143.7,143.7,143.7,143.7,143.7,143.7,143.7,143.7,143.7,143.7,143.7,143.7,143.7,143.7,143.7,143.7,143.7,143.7,143.7,143.7,143.7,143.7,143.7,143.7,143.7,143.7,143.7,143.7,143.7,143.7,143.7,143.7,143.7,143.7,143.7,143.7,143.7,143.7,143.7,143.7,143.7,143.7,143.7,143.7,143.7,143.7,143.7,143.7,143.7,143.7,143.7,143.7,143.7,143.7,143.7,143.7,143.7,143.7,143.7,143.7,143.7,143.7,143.7,143.7,143.7,143.7,143.7,143.7,143.7,143.7,143.7,143.7,143.7,143.7,143.7,143.7,143.7,143.7,143.7,143.7,143.7,143.7,143.7,143.7,143.7,143.7,143.7,143.7,143.7,143.7,143.7,143.7,143.7,143.7,143.7,143.7,143.7,143.7,143.7,143.7,143.7,143.7,143.7,143.7,143.7,143.7,143.7,143.7,143.7,143.7,143.7,143.7,143.7,143.7,143.7,143.7,143.7,143.7,143.7,143.7,143.7,143.7,143.7,143.7,143.7,143.7,143.7,143.7,143.7,143.7,143.7,143.7,143.7,143.7,143.7,143.7,143.7,143.7,143.7,143.7,143.7,143.7,143.7,143.7,143.7,143.7,143.7,143.7,143.7,143.7,143.7,143.7,143.7,143.7,143.7,143.7,143.7,143.7,143.7,143.7,143.7,143.7,143.7,143.7,143.7,143.7,143.7,143.7,143.7,143.7,143.7
2008-07-01,149.1,149.1,149.1,149.1,149.1,149.1,149.1,149.1,149.1,149.1,149.1,149.1,149.1,149.1,149.1,149.1,149.1,149.1,149.1,149.1,149.1,149.1,149.1,149.1,149.1,149.1,149.1,149.1,149.1,149.1,149.1,149.1,149.1,149.1,149.1,149.1,149.1,149.1,149.1,149.1,149.1,149.1,149.1,149.1,149.1,149.1,149.1,149.1,149.1,149.1,149.1,149.1,149.1,149.1,149.1,149.1,149.1,149.1,149.1,149.1,149.1,149.1,149.1,149.1,149.1,149.1,149.1,149.1,149.1,149.1,149.1,149.1,149.1,149.1,149.1,149.1,149.1,149.1,149.1,149.1,149.1,149.1,149.1,149.1,149.1,149.1,149.1,149.1,149.1,149.1,149.1,149.1,149.1,149.1,149.1,149.1,149.1,149.1,149.1,149.1,149.1,149.1,149.1,149.1,149.1,149.1,149.1,149.1,149.1,149.1,149.1,149.1,149.1,149.1,149.1,149.1,149.1,149.1,149.1,149.1,149.1,149.1,149.1,149.1,149.1,149.1,149.1,149.1,149.1,149.1,149.1,149.1,149.1,149.1,149.1,149.1,149.1,149.1,149.1,149.1,149.1,149.1,149.1,149.1,149.1,149.1,149.1,149.1,149.1,149.1,149.1,149.1,149.1,149.1,149.1,149.1,149.1,149.1,149.1,149.1,149.1,149.1,149.1,149.1,149.1,149.1,149.1,149.1,149.1,149.1,149.1,149.1,149.1,149.1,149.1,149.1,149.1,149.1,149.1,149.1,149.1,149.1,149.1,149.1,149.1,149.1,149.1,149.1,149.1,149.1,149.1,149.1,149.1,149.1,149.1,149.1,149.1,149.1
2008-08-01,149.6,149.6,149.6,149.6,149.6,149.6,149.6,149.6,149.6,149.6,149.6,149.6,149.6,149.6,149.6,149.6,149.6,149.6,149.6,149.6,149.6,149.6,149.6,149.6,149.6,149.6,149.6,149.6,149.6,149.6,149.6,149.6,149.6,149.6,149.6,149.6,149.6,149.6,149.6,149.6,149.6,149.6,149.6,149.6,149.6,149.6,149.6,149.6,149.6,149.6,149.6,149.6,149.6,149.6,149.6,149.6,149.6,149.6,149.6,149.6,149.6,149.6,149.6,149.6,149.6,149.6,149.6,149.6,149.6,149.6,149.6,149.6,149.6,149.6,149.6,149.6,149.6,149.6,149.6,149.6,149.6,149.6,149.6,149.6,149.6,149.6,149.6,149.6,149.6,149.6,149.6,149.6,149.6,149.6,149.6,149.6,149.6,149.6,149.6,149.6,149.6,149.6,149.6,149.6,149.6,149.6,149.6,149.6,149.6,149.6,149.6,149.6,149.6,149.6,149.6,149.6,149.6,149.6,149.6,149.6,149.6,149.6,149.6,149.6,149.6,149.6,149.6,149.6,149.6,149.6,149.6,149.6,149.6,149.6,149.6,149.6,149.6,149.6,149.6,149.6,149.6,149.6,149.6,149.6,149.6,149.6,149.6,149.6,149.6,149.6,149.6,149.6,149.6,149.6,149.6,149.6,149.6,149.6,149.6,149.6,149.6,149.6,149.6,149.6,149.6,149.6,149.6,149.6,149.6,149.6,149.6,149.6,149.6,149.6,149.6,149.6,149.6,149.6,149.6,149.6,149.6,149.6,149.6,149.6,149.6,149.6,149.6,149.6,149.6,149.6,149.6,149.6,149.6,149.6,149.6,149.6,149.6,149.6
2008-09-01,147.0,147.0,147.0,147.0,147.0,147.0,147.0,147.0,147.0,147.0,147.0,147.0,147.0,147.0,147.0,147.0,147.0,147.0,147.0,147.0,147.0,147.0,147.0,147.0,147.0,147.0,147.0,147.0,147.0,147.0,147.0,147.0,147.0,147.0,147.0,147.0,147.0,147.0,147.0,147.0,147.0,147.0,147.0,147.0,147.0,147.0,147.0,147.0,147.0,147.0,147.0,147.0,147.0,147.0,147.0,147.0,147.0,147.0,147.0,147.0,147.0,147.0,147.0,147.0,147.0,147.0,147.0,147.0,147.0,147.0,147.0,147.0,147.0,147.0,147.0,147.0,147.0,147.0,147.0,147.0,147.0,147.0,147.0,147.0,147.0,147.0,147.0,147.0,147.0,147.0,147.0,147.0,147.0,147.0,147.0,147.0,147.0,147.0,147.0,147.0,147.0,147.0,147.0,147.0,147.0,147.0,147.0,147.0,147.0,147.0,147.0,147.0,147.0,147.0,147.0,147.0,147.0,147.0,147.0,147.0,147.0,147.0,147.0,147.0,147.0,147.0,147.0,147.0,147.0,147.0,147.0,147.0,147.0,147.0,147.0,147.0,147.0,147.0,147.0,147.0,147.0,147.0,147.0,147.0,147.0,147.0,147.0,147.0,147.0,147.0,147.0,147.0,147.0,147.0,147.0,147.0,147.0,147.0,147.0,147.0,147.0,147.0,147.0,147.0,147.0,147.0,147.0,147.0,147.0,147.0,147.0,147.0,147.0,147.0,147.0,147.0,147.0,147.0,147.0,147.0,147.0,147.0,147.0,147.0,147.0,147.0,147.0,147.0,147.0,147.0,147.0,147.0,147.0,147.0,147.0,147.0,147.0,147.0
2008-10-01,142.3,142.3,142.3,142.3,142.3,142.3,142.3,142.3,142.3,142.3,142.3,142.3,142.3,142.3,142.3,142.3,142.3,142.3,142.3,142.3,142.3,142.3,142.3,142.3,142.3,142.3,142.3,142.3,142.3,142.3,142.3,142.3,142.3,142.3,142.3,142.3,142.3,142.3,142.3,142.3,142.3,142.3,142.3,142.3,142.3,142.3,142.3,142.3,142.3,142.3,142.3,142.3,142.3,142.3,142.3,142.3,142.3,142.3,142.3,142.3,142.3,142.3,142.3,142.3,142.3,142.3,142.3,142.3,142.3,142.3,142.3,142.3,142.3,142.3,142.3,142.3,142.3,142.3,142.3,142.3,142.3,142.3,142.3,142.3,142.3,142.3,142.3,142.3,142.3,142.3,142.3,142.3,142.3,142.3,142.3,142.3,142.3,142.3,142.3,142.3,142.3,142.3,142.3,142.3,142.3,142.3,142.3,142.3,142.3,142.3,142.3,142.3,142.3,142.3,142.3,142.3,142.3,142.3,142.3,142.3,142.3,142.3,142.3,142.3,142.3,142.3,142.3,142.3,142.3,142.3,142.3,142.3,142.3,142.3,142.3,142.3,142.3,142.3,142.3,142.3,142.3,142.3,142.3,142.3,142.3,142.3,142.3,142.3,142.3,142.3,142.3,142.3,142.3,142.3,142.3,142.3,142.3,142.3,142.3,142.3,142.3,142.3,142.3,142.3,142.3,142.3,142.3,142.3,142.3,142.3,142.3,142.3,142.3,142.3,142.3,142.3,142.3,142.3,142.3,142.3,142.3,142.3,142.3,142.3,142.3,142.3,142.3,142.3,142.3,142.3,142.3,142.3,142.3,142.3,142.3,142.3,142.3,142.3
2008-11-01,138.7,138.7,138.7,138.7,138.7,138.7,138.7,138.7,138.7,138.7,138.7,138.7,138.7,138.7,138.7,138.7,138.7,138.7,138.7,138.7,138.7,138.7,138.7,138.7,138.7,138.7,138.7,138.7,138.7,138.7,138.7,138.7,138.7,138.7,138.7,138.7,138.7,138.7,138.7,138.7,138.7,138.7,138.7,138.7,138.7,138.7,138.7,138.7,138.7,138.7,138.7,138.7,138.7,138.7,138.7,138.7,138.7,138.7,138.7,138.7,138.7,138.7,138.7,138.7,138.7,138.7,138.7,138.7,138.7,138.7,138.7,138.7,138.7,138.7,138.7,138.7,138.7,138.7,138.7,138.7,138.7,138.7,138.7,138.7,138.7,138.7,138.7,138.7,138.7,138.7,138.7,138.7,138.7,138.7,138.7,138.7,138.7,138.7,138.7,138.7,138.7,138.7,138.7,138.7,138.7,138.7,138.7,138.7,138.7,138.7,138.7,138.7,138.7,138.7,138.7,138.7,138.7,138.7,138.7,138.7,138.7,138.7,138.7,138.7,138.7,138.7,138.7,138.7,138.7,138.7,138.7,138.7,138.7,138.7,138.7,138.7,138.7,138.7,138.7,138.7,138.7,138.7,138.7,138.7,138.7,138.7,138.7,138.7,138.7,138.7,138.7,138.7,138.7,138.7,138.7,138.7,138.7,138.7,138.7,138.7,138.7,138.7,138.7,138.7,138.7,138.7,138.7,138.7,138.7,138.7,138.7,138.7,138.7,138.7,138.7,138.7,138.7,138.7,138.7,138.7,138.7,138.7,138.7,138.7,138.7,138.7,138.7,138.7,138.7,138.7,138.7,138.7,138.7,138.7,138.7,138.7,138.7,138.7
2008-12-01,130.4,130.4,130.4,130.4,130.4,130.4,130.4,130.4,130.4,130.4,130.4,130.4,130.4,130.4,130.4,130.4,130.4,130.4,130.4,130.4,130.4,130.4,130.4,130.4,130.4,130.4,130.4,130.4,130.4,130.4,130.4,130.4,130.4,130.4,130.4,130.4,130.4,130.4,130.4,130.4,130.4,130.4,130.4,130.4,130.4,130.4,130.4,130.4,130.4,130.4,130.4,130.4,130.4,130.4,130.4,130.4,130.4,130.4,130.4,130.4,130.4,130.4,130.4,130.4,130.4,130.4,130.4,130.4,130.4,130.4,130.4,130.4,130.4,130.4,130.4,130.4,130.4,130.4,130.4,130.4,130.4,130.4,130.4,130.4,130.4,130.4,130.4,130.4,130.4,130.4,130.4,130.4,130.4,130.4,130.4,130.4,130.4,130.4,130.4,130.4,130.4,130.4,130.4,130.4,130.4,130.4,130.4,130.4,130.4,130.4,130.4,130.4,130.4,130.4,130.4,130.4,130.4,130.4,130.4,130.4,130.4,130.4,130.4,130.4,130.4,130.4,130.4,130.4,130.4,130.4,130.4,130.4,130.4,130.4,130.4,130.4,130.4,130.4,130.4,130.4,130.4,130.4,130.4,130.4,130.4,130.4,130.4,130.4,130.4,130.4,130.4,130.4,130.4,130.4,130.4,130.4,130.4,130.4,130.4,130.4,130.4,130.4,130.4,130.4,130.4,130.4,130.4,130.4,130.4,130.4,130.4,130.4,130.4,130.4,130.4,130.4,130.4,130.4,130.4,130.4,130.4,130.4,130.4,130.4,130.4,130.4,130.4,130.4,130.4,130.4,130.4,130.4,130.4,130.4,130.4,130.4,130.4,130.4
2009-01-01,125.2,125.2,125.2,125.2,125.2,125.2,125.2,125.2,125.2,125.2,125.2,125.2,125.2,125.2,125.2,125.2,125.2,125.2,125.2,125.2,125.2,125.2,125.2,125.2,125.2,125.2,125.2,125.2,125.2,125.2,125.2,125.2,125.2,125.2,125.2,125.2,125.2,125.2,125.2,125.2,125.2,125.2,125.2,125.2,125.2,125.2,125.2,125.2,125.2,125.2,125.2,125.2,125.2,125.2,125.2,125.2,125.2,125.2,125.2,125.2,125.2,125.2,125.2,125.2,125.2,125.2,125.2,125.2,125.2,125.2,125.2,125.2,125.2,125.2,125.2,125.2,125.2,125.2,125.2,125.2,125.2,125.2,125.2,125.2,125.2,125.2,125.2,125.2,125.2,125.2,125.2,125.2,125.2,125.2,125.2,125.2,125.2,125.2,125.2,125.2,125.2,125.2,125.2,125.2,125.2,125.2,125.2,125.2,125.2,125.2,125.2,125.2,125.2,125.2,125.2,125.2,125.2,125.2,125.2,125.2,125.2,125.2,125.2,125.2,125.2,125.2,125.2,125.2,125.2,125.2,125.2,125.2,125.2,125.2,125.2,125.2,125.2,125.2,125.2,125.2,125.2,125.2,125.2,125.2,125.2,125.2,125.2,125.2,125.2,125.2,125.2,125.2,125.2,125.2,125.2,125.2,125.2,125.2,125.2,125.2,125.2,125.2,125.2,125.2,125.2,125.2,125.2,125.2,125.2,125.2,125.2,125.2,125.2,125.2,125.2,125.2,125.2,125.2,125.2,125.2,125.2,125.2,125.2,125.2,125.2,125.2,125.2,125.2,125.2,125.2,125.2,125.2,125.2,125.2,125.2,125.2,125.2,125.2
2009-02-01,122.2,122.2,122.2,122.2,122.2,122.2,122.2,122.2,122.2,122.2,122.2,122.2,122.2,122.2,122.2,122.2,122.2,122.2,122.2,122.2,122.2,122.2,122.2,122.2,122.2,122.2,122.2,122.2,122.2,122.2,122.2,122.2,122.2,122.2,122.2,122.2,122.2,122.2,122.2,122.2,122.2,122.2,122.2,122.2,122.2,122.2,122.2,122.2,122.2,122.2,122.2,122.2,122.2,122.2,122.2,122.2,122.2,122.2,122.2,122.2,122.2,122.2,122.2,122.2,122.2,122.2,122.2,122.2,122.2,122.2,122.2,122.2,122.2,122.2,122.2,122.2,122.2,122.2,122.2,122.2,122.2,122.2,122.2,122.2,122.2,122.2,122.2,122.2,122.2,122.2,122.2,122.2,122.2,122.2,122.2,122.2,122.2,122.2,122.2,122.2,122.2,122.2,122.2,122.2,122.2,122.2,122.2,122.2,122.2,122.2,122.2,122.2,122.2,122.2,122.2,122.2,122.2,122.2,122.2,122.2,122.2,122.2,122.2,122.2,122.2,122.2,122.2,122.2,122.2,122.2,122.2,122.2,122.2,122.2,122.2,122.2,122.2,122.2,122.2,122.2,122.2,122.2,122.2,122.2,122.2,122.2,122.2,122.2,122.2,122.2,122.2,122.2,122.2,122.2,122.2,122.2,122.2,122.2,122.2,122.2,122.2,122.2,122.2,122.2,122.2,122.2,122.2,122.2,122.2,122.2,122.2,122.2,122.2,122.2,122.2,122.2,122.2,122.2,122.2,122.2,122.2,122.2,122.2,122.2,122.2,122.2,122.2,122.2,122.2,122.2,122.2,122.2,122.2,122.2,122.2,122.2,122.2,122.2
2009-03-01,119.7,119.7,119.7,119.7,119.7,119.7,119.7,119.7,119.7,119.7,119.7,119.7,119.7,119.7,119.7,119.7,119.7,119.7,119.7,119.7,119.7,119.7,119.7,119.7,119.7,119.7,119.7,119.7,119.7,119.7,119.7,119.7,119.7,119.7,119.7,119.7,119.7,119.7,119.7,119.7,119.7,119.7,119.7,119.7,119.7,119.7,119.7,119.7,119.7,119.7,119.7,119.7,119.7,119.7,119.7,119.7,119.7,119.7,119.7,119.7,119.7,119.7,119.7,119.7,119.7,119.7,119.7,119.7,119.7,119.7,119.7,119.7,119.7,119.7,119.7,119.7,119.7,119.7,119.7,119.7,119.7,119.7,119.7,119.7,119.7,119.7,119.7,119.7,119.7,119.7,119.7,119.7,119.7,119.7,119.7,119.7,119.7,119.7,119.7,119.7,119.7,119.7,119.7,119.7,119.7,119.7,119.7,119.7,119.7,119.7,119.7,119.7,119.7,119.7,119.7,119.7,119.7,119.7,119.7,119.7,119.7,119.7,119.7,119.7,119.7,119.7,119.7,119.7,119.7,119.7,119.7,119.7,119.7,119.7,119.7,119.7,119.7,119.7,119.7,119.7,119.7,119.7,119.7,119.7,119.7,119.7,119.7,119.7,119.7,119.7,119.7,119.7,119.7,119.7,119.7,119.7,119.7,119.7,119.7,119.7,119.7,119.7,119.7,119.7,119.7,119.7,119.7,119.7,119.7,119.7,119.7,119.7,119.7,119.7,119.7,119.7,119.7,119.7,119.7,119.7,119.7,119.7,119.7,119.7,119.7,119.7,119.7,119.7,119.7,119.7,119.7,119.7,119.7,119.7,119.7,119.7,119.7,119.7
2009-04-01,115.4,115.4,115.4,115.4,115.4,115.4,115.4,115.4,115.4,115.4,115.4,115.4,115.4,115.4,115.4,115.4,115.4,115.4,115.4,115.4,115.4,115.4,115.4,115.4,115.4,115.4,115.4,115.4,115.4,115.4,115.4,115.4,115.4,115.4,115.4,115.4,115.4,115.4,115.4,115.4,115.4,115.4,115.4,115.4,115.4,115.4,115.4,115.4,115.4,115.4,115.4,115.4,115.4,115.4,115.4,115.4,115.4,115.4,115.4,115.4,115.4,115.4,115.4,115.4,115.4,115.4,115.4,115.4,115.4,115.4,115.4,115.4,115.4,115.4,115.4,115.4,115.4,115.4,115.4,115.4,115.4,115.4,115.4,115.4,115.4,115.4,115.4,115.4,115.4,115.4,115.4,115.4,115.4,115.4,115.4,115.4,115.4,115.4,115.4,115.4,115.4,115.4,115.4,115.4,115.4,115.4,115.4,115.4,115.4,115.4,115.4,115.4,115.4,115.4,115.4,115.4,115.4,115.4,115.4,115.4,115.4,115.4,115.4,115.4,115.4,115.4,115.4,115.4,115.4,115.4,115.4,115.4,115.4,115.4,115.4,115.4,115.4,115.4,115.4,115.4,115.4,115.4,115.4,115.4,115.4,115.4,115.4,115.4,115.4,115.4,115.4,115.4,115.4,115.4,115.4,115.4,115.4,115.4,115.4,115.4,115.4,115.4,115.4,115.4,115.4,115.4,115.4,115.4,115.4,115.4,115.4,115.4,115.4,115.4,115.4,115.4,115.4,115.4,115.4,115.4,115.4,115.4,115.4,115.4,115.4,115.4,115.4,115.4,115.4,115.4,115.4,115.4,115.4,115.4,115.4,115.4,115.4,115.4
2009-05-01,112.7,112.7,112.7,112.7,112.7,112.7,112.7,112.7,112.7,112.7,112.7,112.7,112.7,112.7,112.7,112.7,112.7,112.7,112.7,112.7,112.7,112.7,112.7,112.7,112.7,112.7,112.7,112.7,112.7,112.7,112.7,112.7,112.7,112.7,112.7,112.7,112.7,112.7,112.7,112.7,112.7,112.7,112.7,112.7,112.7,112.7,112.7,112.7,112.7,112.7,112.7,112.7,112.7,112.7,112.7,112.7,112.7,112.7,112.7,112.7,112.7,112.7,112.7,112.7,112.7,112.7,112.7,112.7,112.7,112.7,112.7,112.7,112.7,112.7,112.7,112.7,112.7,112.7,112.7,112.7,112.7,112.7,112.7,112.7,112.7,112.7,112.7,112.7,112.7,112.7,112.7,112.7,112.7,112.7,112.7,112.7,112.7,112.7,112.7,112.7,112.7,112.7,112.7,112.7,112.7,112.7,112.7,112.7,112.7,112.7,112.7,112.7,112.7,112.7,112.7,112.7,112.7,112.7,112.7,112.7,112.7,112.7,112.7,112.7,112.7,112.7,112.7,112.7,112.7,112.7,112.7,112.7,112.7,112.7,112.7,112.7,112.7,112.7,112.7,112.7,112.7,112.7,112.7,112.7,112.7,112.7,112.7,112.7,112.7,112.7,112.7,112.7,112.7,112.7,112.7,112.7,112.7,112.7,112.7,112.7,112.7,112.7,112.7,112.7,112.7,112.7,112.7,112.7,112.7,112.7,112.7,112.7,112.7,112.7,112.7,112.7,112.7,112.7,112.7,112.7,112.7,112.7,112.7,112.7,112.7,112.7,112.7,112.7,112.7,112.7,112.7,112.7,112.7,112.7,112.7,112.7,112.7,112.7
2009-06-01,112.1,112.1,112.1,112.1,112.1,112.1,112.1,112.1,112.1,112.1,112.1,112.1,112.1,112.1,112.1,112.1,112.1,112.1,112.1,112.1,112.1,112.1,112.1,112.1,112.1,112.1,112.1,112.1,112.1,112.1,112.1,112.1,112.1,112.1,112.1,112.1,112.1,112.1,112.1,112.1,112.1,112.1,112.1,112.1,112.1,112.1,112.1,112.1,112.1,112.1,112.1,112.1,112.1,112.1,112.1,112.1,112.1,112.1,112.1,112.1,112.1,112.1,112.1,112.1,112.1,112.1,112.1,112.1,112.1,112.1,112.1,112.1,112.1,112.1,112.1,112.1,112.1,112.1,112.1,112.1,112.1,112.1,112.1,112.1,112.1,112.1,112.1,112.1,112.1,112.1,112.1,112.1,112.1,112.1,112.1,112.1,112.1,112.1,112.1,112.1,112.1,112.1,112.1,112.1,112.1,112.1,112.1,112.1,112.1,112.1,112.1,112.1,112.1,112.1,112.1,112.1,112.1,112.1,112.1,112.1,112.1,112.1,112.1,112.1,112.1,112.1,112.1,112.1,112.1,112.1,112.1,112.1,112.1,112.1,112.1,112.1,112.1,112.1,112.1,112.1,112.1,112.1,112.1,112.1,112.1,112.1,112.1,112.1,112.1,112.1,112.1,112.1,112.1,112.1,112.1,112.1,112.1,112.1,112.1,112.1,112.1,112.1,112.1,112.1,112.1,112.1,112.1,112.1,112.1,112.1,112.1,112.1,112.1,112.1,112.1,112.1,112.1,112.1,112.1,112.1,112.1,112.1,112.1,112.1,112.1,112.1,112.1,112.1,112.1,112.1,112.1,112.1,112.1,112.1,112.1,112.1,112.1,112.1
2009-07-01,112.4,112.4,112.4,112.4,112.4,112.4,112.4,112.4,112.4,112.4,112.4,112.4,112.4,112.4,112.4,112.4,112.4,112.4,112.4,112.4,112.4,112.4,112.4,112.4,112.4,112.4,112.4,112.4,112.4,112.4,112.4,112.4,112.4,112.4,112.4,112.4,112.4,112.4,112.4,112.4,112.4,112.4,112.4,112.4,112.4,112.4,112.4,112.4,112.4,112.4,112.4,112.4,112.4,112.4,112.4,112.4,112.4,112.4,112.4,112.4,112.4,112.4,112.4,112.4,112.4,112.4,112.4,112.4,112.4,112.4,112.4,112.4,112.4,112.4,112.4,112.4,112.4,112.4,112.4,112.4,112.4,112.4,112.4,112.4,112.4,112.4,112.4,112.4,112.4,112.4,112.4,112.4,112.4,112.4,112.4,112.4,112.4,112.4,112.4,112.4,112.4,112.4,112.4,112.4,112.4,112.4,112.4,112.4,112.4,112.4,112.4,112.4,112.4,112.4,112.4,112.4,112.4,112.4,112.4,112.4,112.4,112.4,112.4,112.4,112.4,112.4,112.4,112.4,112.4,112.4,112.4,112.4,112.4,112.4,112.4,112.4,112.4,112.4,112.4,112.4,112.4,112.4,112.4,112.4,112.4,112.4,112.4,112.4,112.4,112.4,112.4,112.4,112.4,112.4,112.4,112.4,112.4,112.4,112.4,112.4,112.4,112.4,112.4,112.4,112.4,112.4,112.4,112.4,112.4,112.4,112.4,112.4,112.4,112.4,112.4,112.4,112.4,112.4,112.4,112.4,112.4,112.4,112.4,112.4,112.4,112.4,112.4,112.4,112.4,112.4,112.4,112.4,112.4,112.4,112.4,112.4,112.4,112.4
2009-08-01,111.0,111.0,111.0,111.0,111.0,111.0,111.0,111.0,111.0,111.0,111.0,111.0,111.0,111.0,111.0,111.0,111.0,111.0,111.0,111.0,111.0,111.0,111.0,111.0,111.0,111.0,111.0,111.0,111.0,111.0,111.0,111.0,111.0,111.0,111.0,111.0,111.0,111.0,111.0,111.0,111.0,111.0,111.0,111.0,111.0,111.0,111.0,111.0,111.0,111.0,111.0,111.0,111.0,111.0,111.0,111.0,111.0,111.0,111.0,111.0,111.0,111.0,111.0,111.0,111.0,111.0,111.0,111.0,111.0,111.0,111.0,111.0,111.0,111.0,111.0,111.0,111.0,111.0,111.0,111.0,111.0,111.0,111.0,111.0,111.0,111.0,111.0,111.0,111.0,111.0,111.0,111.0,111.0,111.0,111.0,111.0,111.0,111.0,111.0,111.0,111.0,111.0,111.0,111.0,111.0,111.0,111.0,111.0,111.0,111.0,111.0,111.0,111.0,111.0,111.0,111.0,111.0,111.0,111.0,111.0,111.0,111.0,111.0,111.0,111.0,111.0,111.0,111.0,111.0,111.0,111.0,111.0,111.0,111.0,111.0,111.0,111.0,111.0,111.0,111.0,111.0,111.0,111.0,111.0,111.0,111.0,111.0,111.0,111.0,111.0,111.0,111.0,111.0,111.0,111.0,111.0,111.0,111.0,111.0,111.0,111.0,111.0,111.0,111.0,111.0,111.0,111.0,111.0,111.0,111.0,111.0,111.0,111.0,111.0,111.0,111.0,111.0,111.0,111.0,111.0,111.0,111.0,111.0,111.0,111.0,111.0,111.0,111.0,111.0,111.0,111.0,111.0,111.0,111.0,111.0,111.0,111.0,111.0
2009-09-01,111.9,111.9,111.9,111.9,111.9,111.9,111.9,111.9,111.9,111.9,111.9,111.9,111.9,111.9,111.9,111.9,111.9,111.9,111.9,111.9,111.9,111.9,111.9,111.9,111.9,111.9,111.9,111.9,111.9,111.9,111.9,111.9,111.9,111.9,111.9,111.9,111.9,111.9,111.9,111.9,111.9,111.9,111.9,111.9,111.9,111.9,111.9,111.9,111.9,111.9,111.9,111.9,111.9,111.9,111.9,111.9,111.9,111.9,111.9,111.9,111.9,111.9,111.9,111.9,111.9,111.9,111.9,111.9,111.9,111.9,111.9,111.9,111.9,111.9,111.9,111.9,111.9,111.9,111.9,111.9,111.9,111.9,111.9,111.9,111.9,111.9,111.9,111.9,111.9,111.9,111.9,111.9,111.9,111.9,111.9,111.9,111.9,111.9,111.9,111.9,111.9,111.9,111.9,111.9,111.9,111.9,111.9,111.9,111.9,111.9,111.9,111.9,111.9,111.9,111.9,111.9,111.9,111.9,111.9,111.9,111.9,111.9,111.9,111.9,111.9,111.9,111.9,111.9,111.9,111.9,111.9,111.9,111.9,111.9,111.9,111.9,111.9,111.9,111.9,111.9,111.9,111.9,111.9,111.9,111.9,111.9,111.9,111.9,111.9,111.9,111.9,111.9,111.9,111.9,111.9,111.9,111.9,111.9,111.9,111.9,111.9,111.9,111.9,111.9,111.9,111.9,111.9,111.9,111.9,111.9,111.9,111.9,111.9,111.9,111.9,111.9,111.9,111.9,111.9,111.9,111.9,111.9,111.9,111.9,111.9,111.9,111.9,111.9,111.9,111.9,111.9,111.9,111.9,111.9,111.9,111.9,111.9,111.9
2009-10-01,112.4,112.4,112.4,112.4,112.4,112.4,112.4,112.4,112.4,112.4,112.4,112.4,112.4,112.4,112.4,112.4,112.4,112.4,112.4,112.4,112.4,112.4,112.4,112.4,112.4,112.4,112.4,112.4,112.4,112.4,112.4,112.4,112.4,112.4,112.4,112.4,112.4,112.4,112.4,112.4,112.4,112.4,112.4,112.4,112.4,112.4,112.4,112.4,112.4,112.4,112.4,112.4,112.4,112.4,112.4,112.4,112.4,112.4,112.4,112.4,112.4,112.4,112.4,112.4,112.4,112.4,112.4,112.4,112.4,112.4,112.4,112.4,112.4,112.4,112.4,112.4,112.4,112.4,112.4,112.4,112.4,112.4,112.4,112.4,112.4,112.4,112.4,112.4,112.4,112.4,112.4,112.4,112.4,112.4,112.4,112.4,112.4,112.4,112.4,112.4,112.4,112.4,112.4,112.4,112.4,112.4,112.4,112.4,112.4,112.4,112.4,112.4,112.4,112.4,112.4,112.4,112.4,112.4,112.4,112.4,112.4,112.4,112.4,112.4,112.4,112.4,112.4,112.4,112.4,112.4,112.4,112.4,112.4,112.4,112.4,112.4,112.4,112.4,112.4,112.4,112.4,112.4,112.4,112.4,112.4,112.4,112.4,112.4,112.4,112.4,112.4,112.4,112.4,112.4,112.4,112.4,112.4,112.4,112.4,112.4,112.4,112.4,112.4,112.4,112.4,112.4,112.4,112.4,112.4,112.4,112.4,112.4,112.4,112.4,112.4,112.4,112.4,112.4,112.4,112.4,112.4,112.4,112.4,112.4,112.4,112.4,112.4,112.4,112.4,112.4,112.4,112.4,112.4,112.4,112.4,112.4,112.4,112.4
2009-11-01,113.3,113.3,113.3,113.3,113.3,113.3,113.3,113.3,113.3,113.3,113.3,113.3,113.3,113.3,113.3,113.3,113.3,113.3,113.3,113.3,113.3,113.3,113.3,113.3,113.3,113.3,113.3,113.3,113.3,113.3,113.3,113.3,113.3,113.3,113.3,113.3,113.3,113.3,113.3,113.3,113.3,113.3,113.3,113.3,113.3,113.3,113.3,113.3,113.3,113.3,113.3,113.3,113.3,113.3,113.3,113.3,113.3,113.3,113.3,113.3,113.3,113.3,113.3,113.3,113.3,113.3,113.3,113.3,113.3,113.3,113.3,113.3,113.3,113.3,113.3,113.3,113.3,113.3,113.3,113.3,113.3,113.3,113.3,113.3,113.3,113.3,113.3,113.3,113.3,113.3,113.3,113.3,113.3,113.3,113.3,113.3,113.3,113.3,113.3,113.3,113.3,113.3,113.3,113.3,113.3,113.3,113.3,113.3,113.3,113.3,113.3,113.3,113.3,113.3,113.3,113.3,113.3,113.3,113.3,113.3,113.3,113.3,113.3,113.3,113.3,113.3,113.3,113.3,113.3,113.3,113.3,113.3,113.3,113.3,113.3,113.3,113.3,113.3,113.3,113.3,113.3,113.3,113.3,113.3,113.3,113.3,113.3,113.3,113.3,113.3,113.3,113.3,113.3,113.3,113.3,113.3,113.3,113.3,113.3,113.3,113.3,113.3,113.3,113.3,113.3,113.3,113.3,113.3,113.3,113.3,113.3,113.3,113.3,113.3,113.3,113.3,113.3,113.3,113.3,113.3,113.3,113.3,113.3,113.3,113.3,113.3,113.3,113.3,113.3,113.3,113.3,113.3,113.3,113.3,113.3,113.3,113.3,113.3
2009-12-01,114.6,114.6,114.6,114.6,114.6,114.6,114.6,114.6,114.6,114.6,114.6,114.6,114.6,114.6,114.6,114.6,114.6,114.6,114.6,114.6,114.6,114.6,114.6,114.6,114.6,114.6,114.6,114.6,114.6,114.6,114.6,114.6,114.6,114.6,114.6,114.6,114.6,114.6,114.6,114.6,114.6,114.6,114.6,114.6,114.6,114.6,114.6,114.6,114.6,114.6,114.6,114.6,114.6,114.6,114.6,114.6,114.6,114.6,114.6,114.6,114.6,114.6,114.6,114.6,114.6,114.6,114.6,114.6,114.6,114.6,114.6,114.6,114.6,114.6,114.6,114.6,114.6,114.6,114.6,114.6,114.6,114.6,114.6,114.6,114.6,114.6,114.6,114.6,114.6,114.6,114.6,114.6,114.6,114.6,114.6,114.6,114.6,114.6,114.6,114.6,114.6,114.6,114.6,114.6,114.6,114.6,114.6,114.6,114.6,114.6,114.6,114.6,114.6,114.6,114.6,114.6,114.6,114.6,114.6,114.6,114.6,114.6,114.6,114.6,114.6,114.6,114.6,114.6,114.6,114.6,114.6,114.6,114.6,114.6,114.6,114.6,114.6,114.6,114.6,114.6,114.6,114.6,114.6,114.6,114.6,114.6,114.6,114.6,114.6,114.6,114.6,114.6,114.6,114.6,114.6,114.6,114.6,114.6,114.6,114.6,114.6,114.6,114.6,114.6,114.6,114.6,114.6,114.6,114.6,114.6,114.6,114.6,114.6,114.6,114.6,114.6,114.6,114.6,114.6,114.6,114.6,114.6,114.6,114.6,114.6,114.6,114.6,114.6,114.6,114.6,114.6,114.6,114.6,114.6,114.6,114.6,114.6,114.6
2010-01-01,114.8,114.9,115.5,115.5,115.5,115.5,115.5,115.5,115.5,115.5,115.5,115.5,115.5,115.5,115.5,115.5,115.5,115.5,115.5,115.5,115.5,115.5,115.5,115.5,115.5,115.5,115.5,115.5,115.5,115.5,115.5,115.5,115.5,115.5,115.5,115.5,115.5,115.5,115.5,115.5,115.5,115.5,115.5,115.5,115.5,115.5,115.5,115.5,115.5,115.5,115.5,115.5,115.5,115.5,115.5,115.5,115.5,115.5,115.5,115.5,115.5,115.5,115.5,115.5,115.5,115.5,115.5,115.5,115.5,115.5,115.5,115.5,115.5,115.5,115.5,115.5,115.5,115.5,115.5,115.5,115.5,115.5,115.5,115.5,115.5,115.5,115.5,115.5,115.5,115.5,115.5,115.5,115.5,115.5,115.5,115.5,115.5,115.5,115.5,115.5,115.5,115.5,115.5,115.5,115.5,115.5,115.5,115.5,115.5,115.5,115.5,115.5,115.5,115.5,115.5,115.5,115.5,115.5,115.5,115.5,115.5,115.5,115.5,115.5,115.5,115.5,115.5,115.5,115.5,115.5,115.5,115.5,115.5,115.5,115.5,115.5,115.5,115.5,115.5,115.5,115.5,115.5,115.5,115.5,115.5,115.5,115.5,115.5,115.5,115.5,115.5,115.5,115.5,115.5,115.5,115.5,115.5,115.5,115.5,115.5,115.5,115.5,115.5,115.5,115.5,115.5,115.5,115.5,115.5,115.5,115.5,115.5,115.5,115.5,115.5,115.5,115.5,115.5,115.5,115.5,115.5,115.5,115.5,115.5,115.5,115.5,115.5,115.5,115.5,115.5,115.5,115.5,115.5,115.5,115.5,115.5,115.5,115.5
2010-02-01,116.0,115.9,116.5,116.3,116.3,116.3,116.3,116.3,116.3,116.3,116.3,116.3,116.3,116.3,116.3,116.3,116.3,116.3,116.3,116.3,116.3,116.3,116.3,116.3,116.3,116.3,116.3,116.3,116.3,116.3,116.3,116.3,116.3,116.3,116.3,116.3,116.3,116.3,116.3,116.3,116.3,116.3,116.3,116.3,116.3,116.3,116.3,116.3,116.3,116.3,116.3,116.3,116.3,116.3,116.3,116.3,116.3,116.3,116.3,116.3,116.3,116.3,116.3,116.3,116.3,116.3,116.3,116.3,116.3,116.3,116.3,116.3,116.3,116.3,116.3,116.3,116.3,116.3,116.3,116.3,116.3,116.3,116.3,116.3,116.3,116.3,116.3,116.3,116.3,116.3,116.3,116.3,116.3,116.3,116.3,116.3,116.3,116.3,116.3,116.3,116.3,116.3,116.3,116.3,116.3,116.3,116.3,116.3,116.3,116.3,116.3,116.3,116.3,116.3,116.3,116.3,116.3,116.3,116.3,116.3,116.3,116.3,116.3,116.3,116.3,116.3,116.3,116.3,116.3,116.3,116.3,116.3,116.3,116.3,116.3,116.3,116.3,116.3,116.3,116.3,116.3,116.3,116.3,116.3,116.3,116.3,116.3,116.3,116.3,116.3,116.3,116.3,116.3,116.3,116.3,116.3,116.3,116.3,116.3,116.3,116.3,116.3,116.3,116.3,116.3,116.3,116.3,116.3,116.3,116.3,116.3,116.3,116.3,116.3,116.3,116.3,116.3,116.3,116.3,116.3,116.3,116.3,116.3,116.3,116.3,116.3,116.3,116.3,116.3,116.3,116.3,116.3,116.3,116.3,116.3,116.3,116.3,116.3
2010-03-01,,117.0,117.8,118.1,118.1,118.1,118.1,118.1,118.1,118.1,118.1,118.1,118.1,118.1,118.1,118.1,118.1,118.1,118.1,118.1,118.1,118.1,118.1,118.1,118.1,118.1,118.1,118.1,118.1,118.1,118.1,118.1,118.1,118.1,118.1,118.1,118.1,118.1,118.1,118.1,118.1,118.1,118.1,118.1,118.1,118.1,118.1,118.1,118.1,118.1,118.1,118.1,118.1,118.1,118.1,118.1,118.1,118.1,118.1,118.1,118.1,118.1,118.1,118.1,118.1,118.1,118.1,118.1,118.1,118.1,118.1,118.1,118.1,118.1,118.1,118.1,118.1,118.1,118.1,118.1,118.1,118.1,118.1,118.1,118.1,118.1,118.1,118.1,118.1,118.1,118.1,118.1,118.1,118.1,118.1,118.1,118.1,118.1,118.1,118.1,118.1,118.1,118.1,118.1,118.1,118.1,118.1,118.1,118.1,118.1,118.1,118.1,118.1,118.1,118.1,118.1,118.1,118.1,118.1,118.1,118.1,118.1,118.1,118.1,118.1,118.1,118.1,118.1,118.1,118.1,118.1,118.1,118.1,118.1,118.1,118.1,118.1,118.1,118.1,118.1,118.1,118.1,118.1,118.1,118.1,118.1,118.1,118.1,118.1,118.1,118.1,118.1,118.1,118.1,118.1,118.1,118.1,118.1,118.1,118.1,118.1,118.1,118.1,118.1,118.1,118.1,118.1,118.1,118.1,118.1,118.1,118.1,118.1,118.1,118.1,118.1,118.1,118.1,118.1,118.1,118.1,118.1,118.1,118.1,118.1,118.1,118.1,118.1,118.1,118.1,118.1,118.1,118.1,118.1,118.1,118.1,118.1,118.1
2010-04-01,,,118.1,119.2,119.2,119.2,119.2,119.2,119.2,119.2,119.2,119.2,119.2,119.2,119.2,119.2,119.2,119.2,119.2,119.2,119.2,119.2,119.2,119.2,119.2,119.2,119.2,119.2,119.2,119.2,119.2,119.2,119.2,119.2,119.2,119.2,119.2,119.2,119.2,119.2,119.2,119.2,119.2,119.2,119.2,119.2,119.2,119.2,119.2,119.2,119.2,119.2,119.2,119.2,119.2,119.2,119.2,119.2,119.2,119.2,119.2,119.2,119.2,119.2,119.2,119.2,119.2,119.2,119.2,119.2,119.2,119.2,119.2,119.2,119.2,119.2,119.2,119.2,119.2,119.2,119.2,119.2,119.2,119.2,119.2,119.2,119.2,119.2,119.2,119.2,119.2,119.2,119.2,119.2,119.2,119.2,119.2,119.2,119.2,119.2,119.2,119.2,119.2,119.2,119.2,119.2,119.2,119.2,119.2,119.2,119.2,119.2,119.2,119.2,119.2,119.2,119.2,119.2,119.2,119.2,119.2,119.2,119.2,119.2,119.2,119.2,119.2,119.2,119.2,119.2,119.2,119.2,119.2,119.2,119.2,119.2,119.2,119.2,119.2,119.2,119.2,119.2,119.2,119.2,119.2,119.2,119.2,119.2,119.2,119.2,119.2,119.2,119.2,119.2,119.2,119.2,119.2,119.2,119.2,119.2,119.2,119.2,119.2,119.2,119.2,119.2,119.2,119.2,119.2,119.2,119.2,119.2,119.2,119.2,119.2,119.2,119.2,119.2,119.2,119.2,119.2,119.2,119.2,119.2,119.2,119.2,119.2,119.2,119.2,119.2,119.2,119.2,119.2,119.2,119.2,119.2,119.2,119.2
2010-05-01,,,,121.3,121.3,120.9,120.9,120.9,120.9,120.9,120.9,120.9,120.9,120.9,120.9,120.9,120.9,120.9,120.9,120.9,120.9,120.9,120.9,120.9,120.9,120.9,120.9,120.9,120.9,120.9,120.9,120.9,120.9,120.9,120.9,120.9,120.9,120.9,120.9,120.9,120.9,120.9,120.9,120.9,120.9,120.9,120.9,120.9,120.9,120.9,120.9,120.9,120.9,120.9,120.9,120.9,120.9,120.9,120.9,120.9,120.9,120.9,120.9,120.9,120.9,120.9,120.9,120.9,120.9,120.9,120.9,120.9,120.9,120.9,120.9,120.9,120.9,120.9,120.9,120.9,120.9,120.9,120.9,120.9,120.9,120.9,120.9,120.9,120.9,120.9,120.9,120.9,120.9,120.9,120.9,120.9,120.9,120.9,120.9,120.9,120.9,120.9,120.9,120.9,120.9,120.9,120.9,120.9,120.9,120.9,120.9,120.9,120.9,120.9,120.9,120.9,120.9,120.9,120.9,120.9,120.9,120.9,120.9,120.9,120.9,120.9,120.9,120.9,120.9,120.9,120.9,120.9,120.9,120.9,120.9,120.9,120.9,120.9,120.9,120.9,120.9,120.9,120.9,120.9,120.9,120.9,120.9,120.9,120.9,120.9,120.9,120.9,120.9,120.9,120.9,120.9,120.9,120.9,120.9,120.9,120.9,120.9,120.9,120.9,120.9,120.9,120.9,120.9,120.9,120.9,120.9,120.9,120.9,120.9,120.9,120.9,120.9,120.9,120.9,120.9,120.9,120.9,120.9,120.9,120.9,120.9,120.9,120.9,120.9,120.9,120.9,120.9,120.9,120.9,120.9,120.9,120.9,120.9
2010-06-01,,,,,122.5,122.4,122.4,122.4,122.4,122.4,122.4,122.4,122.4,122.4,122.4,122.4,122.4,122.4,122.4,122.4,122.4,122.4,122.4,122.4,122.4,122.4,122.4,122.4,122.4,122.4,122.4,122.4,122.4,122.4,122.4,122.4,122.4,122.4,122.4,122.4,122.4,122.4,122.4,122.4,122.4,122.4,122.4,122.4,122.4,122.4,122.4,122.4,122.4,122.4,122.4,122.4,122.4,122.4,122.4,122.4,122.4,122.4,122.4,122.4,122.4,122.4,122.4,122.4,122.4,122.4,122.4,122.4,122.4,122.4,122.4,122.4,122.4,122.4,122.4,122.4,122.4,122.4,122.4,122.4,122.4,122.4,122.4,122.4,122.4,122.4,122.4,122.4,122.4,122.4,122.4,122.4,122.4,122.4,122.4,122.4,122.4,122.4,122.4,122.4,122.4,122.4,122.4,122.4,122.4,122.4,122.4,122.4,122.4,122.4,122.4,122.4,122.4,122.4,122.4,122.4,122.4,122.4,122.4,122.4,122.4,122.4,122.4,122.4,122.4,122.4,122.4,122.4,122.4,122.4,122.4,122.4,122.4,122.4,122.4,122.4,122.4,122.4,122.4,122.4,122.4,122.4,122.4,122.4,122.4,122.4,122.4,122.4,122.4,122.4,122.4,122.4,122.4,122.4,122.4,122.4,122.4,122.4,122.4,122.4,122.4,122.4,122.4,122.4,122.4,122.4,122.4,122.4,122.4,122.4,122.4,122.4,122.4,122.4,122.4,122.4,122.4,122.4,122.4,122.4,122.4,122.4,122.4,122.4,122.4,122.4,122.4,122.4,122.4,122.4,122.4,122.4,122.4,122.4
2010-07-01,,,,,,121.6,121.6,121.6,121.6,121.6,121.6,121.6,121.6,121.6,121.6,121.6,121.6,121.6,121.6,121.6,121.6,121.6,121.6,121.6,121.6,121.6,121.6,121.6,121.6,121.6,121.6,121.6,121.6,121.6,121.6,121.6,121.6,121.6,121.6,121.6,121.6,121.6,121.6,121.6,121.6,121.6,121.6,121.6,121.6,121.6,121.6,121.6,121.6,121.6,121.6,121.6,121.6,121.6,121.6,121.6,121.6,121.6,121.6,121.6,121.6,121.6,121.6,121.6,121.6,121.6,121.6,121.6,121.6,121.6,121.6,121.6,121.6,121.6,121.6,121.6,121.6,121.6,121.6,121.6,121.6,121.6,121.6,121.6,121.6,121.6,121.6,121.6,121.6,121.6,121.6,121.6,121.6,121.6,121.6,121.6,121.6,121.6,121.6,121.6,121.6,121.6,121.6,121.6,121.6,121.6,121.6,121.6,121.6,121.6,121.6,121.6,121.6,121.6,121.6,121.6,121.6,121.6,121.6,121.6,121.6,121.6,121.6,121.6,121.6,121.6,121.6,121.6,121.6,121.6,121.6,121.6,121.6,121.6,121.6,121.6,121.6,121.6,121.6,121.6,121.6,121.6,121.6,121.6,121.6,121.6,121.6,121.6,121.6,121.6,121.6,121.6,121.6,121.6,121.6,121.6,121.6,121.6,121.6,121.6,121.6,121.6,121.6,121.6,121.6,121.6,121.6,121.6,121.6,121.6,121.6,121.6,121.6,121.6,121.6,121.6,121.6,121.6,121.6,121.6,121.6,121.6,121.6,121.6,121.6,121.6,121.6,121.6,121.6,121.6,121.6,121.6,121.6,121.6
2010-08-01,,,,,,,121.7,121.7,121.7,121.7,121.7,121.7,121.7,121.7,121.7,121.7,121.7,121.7,121.7,121.7,121.7,121.7,121.7,121.7,121.7,121.7,121.7,121.7,121.7,121.7,121.7,121.7,121.7,121.7,121.7,121.7,121.7,121.7,121.7,121.7,121.7,121.7,121.7,121.7,121.7,121.7,121.7,121.7,121.7,121.7,121.7,121.7,121.7,121.7,121.7,121.7,121.7,121.7,121.7,121.7,121.7,121.7,121.7,121.7,121.7,121.7,121.7,121.7,121.7,121.7,121.7,121.7,121.7,121.7,121.7,121.7,121.7,121.7,121.7,121.7,121.7,121.7,121.7,121.7,121.7,121.7,121.7,121.7,121.7,121.7,121.7,121.7,121.7,121.7,121.7,121.7,121.7,121.7,121.7,121.7,121.7,121.7,121.7,121.7,121.7,121.7,121.7,121.7,121.7,121.7,121.7,121.7,121.7,121.7,121.7,121.7,121.7,121.7,121.7,121.7,121.7,121.7,121.7,121.7,121.7,121.7,121.7,121.7,121.7,121.7,121.7,121.7,121.7,121.7,121.7,121.7,121.7,121.7,121.7,121.7,121.7,121.7,121.7,121.7,121.7,121.7,121.7,121.7,121.7,121.7,121.7,121.7,121.7,121.7,121.7,121.7,121.7,121.7,121.7,121.7,121.7,121.7,121.7,121.7,121.7,121.7,121.7,121.7,121.7,121.7,121.7,121.7,121.7,121.7,121.7,121.7,121.7,121.7,121.7,121.7,121.7,121.7,121.7,121.7,121.7,121.7,121.7,121.7,121.7,121.7,121.7,121.7,121.7,121.7,121.7,121.7,121.7,121.7
2010-09-01,,,,,,,,122.5,122.8,122.8,122.8,122.8,122.8,122.8,122.8,122.8,122.8,122.8,122.8,122.8,122.8,122.8,122.8,122.8,122.8,122.8,122.8,122.8,122.8,122.8,122.8,122.8,122.8,122.8,122.8,122.8,122.8,122.8,122.8,122.8,122.8,122.8,122.8,122.8,122.8,122.8,122.8,122.8,122.8,122.8,122.8,122.8,122.8,122.8,122.8,122.8,122.8,122.8,122.8,122.8,122.8,122.8,122.8,122.8,122.8,122.8,122.8,122.8,122.8,122.8,122.8,122.8,122.8,122.8,122.8,122.8,122.8,122.8,122.8,122.8,122.8,122.8,122.8,122.8,122.8,122.8,122.8,122.8,122.8,122.8,122.8,122.8,122.8,122.8,122.8,122.8,122.8,122.8,122.8,122.8,122.8,122.8,122.8,122.8,122.8,122.8,122.8,122.8,122.8,122.8,122.8,122.8,122.8,122.8,122.8,122.8,122.8,122.8,122.8,122.8,122.8,122.8,122.8,122.8,122.8,122.8,122.8,122.8,122.8,122.8,122.8,122.8,122.8,122.8,122.8,122.8,122.8,122.8,122.8,122.8,122.8,122.8,122.8,122.8,122.8,122.8,122.8,122.8,122.8,122.8,122.8,122.8,122.8,122.8,122.8,122.8,122.8,122.8,122.8,122.8,122.8,122.8,122.8,122.8,122.8,122.8,122.8,122.8,122.8,122.8,122.8,122.8,122.8,122.8,122.8,122.8,122.8,122.8,122.8,122.8,122.8,122.8,122.8,122.8,122.8,122.8,122.8,122.8,122.8,122.8,122.8,122.8,122.8,122.8,122.8,122.8,122.8,122.8
2010-10-01,,,,,,,,,124.3,124.4,124.4,124.4,124.4,124.4,124.4,124.4,124.4,124.4,124.4,124.4,124.4,124.4,124.4,124.4,124.4,124.4,124.4,124.4,124.4,124.4,124.4,124.4,124.4,124.4,124.4,124.4,124.4,124.4,124.4,124.4,124.4,124.4,124.4,124.4,124.4,124.4,124.4,124.4,124.4,124.4,124.4,124.4,124.4,124.4,124.4,124.4,124.4,124.4,124.4,124.4,124.4,124.4,124.4,124.4,124.4,124.4,124.4,124.4,124.4,124.4,124.4,124.4,124.4,124.4,124.4,124.4,124.4,124.4,124.4,124.4,124.4,124.4,124.4,124.4,124.4,124.4,124.4,124.4,124.4,124.4,124.4,124.4,124.4,124.4,124.4,124.4,124.4,124.4,124.4,124.4,124.4,124.4,124.4,124.4,124.4,124.4,124.4,124.4,124.4,124.4,124.4,124.4,124.4,124.4,124.4,124.4,124.4,124.4,124.4,124.4,124.4,124.4,124.4,124.4,124.4,124.4,124.4,124.4,124.4,124.4,124.4,124.4,124.4,124.4,124.4,124.4,124.4,124.4,124.4,124.4,124.4,124.4,124.4,124.4,124.4,124.4,124.4,124.4,124.4,124.4,124.4,124.4,124.4,124.4,124.4,124.4,124.4,124.4,124.4,124.4,124.4,124.4,124.4,124.4,124.4,124.4,124.4,124.4,124.4,124.4,124.4,124.4,124.4,124.4,124.4,124.4,124.4,124.4,124.4,124.4,124.4,124.4,124.4,124.4,124.4,124.4,124.4,124.4,124.4,124.4,124.4,124.4,124.4,124.4,124.4,124.4,124.4,124.4
2010-11-01,,,,,,,,,,124.8,124.7,124.7,124.7,124.7,124.7,124.7,124.7,124.7,124.7,124.7,124.7,124.7,124.7,124.7,124.7,124.7,124.7,124.7,124.7,124.7,124.7,124.7,124.7,124.7,124.7,124.7,124.7,124.7,124.7,124.7,124.7,124.7,124.7,124.7,124.7,124.7,124.7,124.7,124.7,124.7,124.7,124.7,124.7,124.7,124.7,124.7,124.7,124.7,124.7,124.7,124.7,124.7,124.7,124.7,124.7,124.7,124.7,124.7,124.7,124.7,124.7,124.7,124.7,124.7,124.7,124.7,124.7,124.7,124.7,124.7,124.7,124.7,124.7,124.7,124.7,124.7,124.7,124.7,124.7,124.7,124.7,124.7,124.7,124.7,124.7,124.7,124.7,124.7,124.7,124.7,124.7,124.7,124.7,124.7,124.7,124.7,124.7,124.7,124.7,124.7,124.7,124.7,124.7,124.7,124.7,124.7,124.7,124.7,124.7,124.7,124.7,124.7,124.7,124.7,124.7,124.7,124.7,124.7,124.7,124.7,124.7,124.7,124.7,124.7,124.7,124.7,124.7,124.7,124.7,124.7,124.7,124.7,124.7,124.7,124.7,124.7,124.7,124.7,124.7,124.7,124.7,124.7,124.7,124.7,124.7,124.7,124.7,124.7,124.7,124.7,124.7,124.7,124.7,124.7,124.7,124.7,124.7,124.7,124.7,124.7,124.7,124.7,124.7,124.7,124.7,124.7,124.7,124.7,124.7,124.7,124.7,124.7,124.7,124.7,124.7,124.7,124.7,124.7,124.7,124.7,124.7,124.7,124.7,124.7,124.7,124.7,124.7,124.7
2010-12-01,,,,,,,,,,,125.9,126.4,126.2,126.2,126.2,126.2,126.2,126.2,126.2,126.2,126.2,126.2,126.2,126.2,126.2,126.2,126.2,126.2,126.2,126.2,126.2,126.2,126.2,126.2,126.2,126.2,126.2,126.2,126.2,126.2,126.2,126.2,126.2,126.2,126.2,126.2,126.2,126.2,126.2,126.2,126.2,126.2,126.2,126.2,126.2,126.2,126.2,126.2,126.2,126.2,126.2,126.2,126.2,126.2,126.2,126.2,126.2,126.2,126.2,126.2,126.2,126.2,126.2,126.2,126.2,126.2,126.2,126.2,126.2,126.2,126.2,126.2,126.2,126.2,126.2,126.2,126.2,126.2,126.2,126.2,126.2,126.2,126.2,126.2,126.2,126.2,126.2,126.2,126.2,126.2,126.2,126.2,126.2,126.2,126.2,126.2,126.2,126.2,126.2,126.2,126.2,126.2,126.2,126.2,126.2,126.2,126.2,126.2,126.2,126.2,126.2,126.2,126.2,126.2,126.2,126.2,126.2,126.2,126.2,126.2,126.2,126.2,126.2,126.2,126.2,126.2,126.2,126.2,126.2,126.2,126.2,126.2,126.2,126.2,126.2,126.2,126.2,126.2,126.2,126.2,126.2,126.2,126.2,126.2,126.2,126.2,126.2,126.2,126.2,126.2,126.2,126.2,126.2,126.2,126.2,126.2,126.2,126.2,126.2,126.2,126.2,126.2,126.2,126.2,126.2,126.2,126.2,126.2,126.2,126.2,126.2,126.2,126.2,126.2,126.2,126.2,126.2,126.2,126.2,126.2,126.2,126.2,126.2,126.2,126.2,126.2,126.2,126.2
2011-01-01,,,,,,,,,,,,129.8,129.7,129.8,129.8,129.8,129.8,129.8,129.8,129.8,129.8,129.8,129.8,129.8,129.8,129.8,129.8,129.8,129.8,129.8,129.8,129.8,129.8,129.8,129.8,129.8,129.8,129.8,129.8,129.8,129.8,129.8,129.8,129.8,129.8,129.8,129.8,129.8,129.8,129.8,129.8,129.8,129.8,129.8,129.8,129.8,129.8,129.8,129.8,129.8,129.8,129.8,129.8,129.8,129.8,129.8,129.8,129.8,129.8,129.8,129.8,129.8,129.8,129.8,129.8,129.8,129.8,129.8,129.8,129.8,129.8,129.8,129.8,129.8,129.8,129.8,129.8,129.8,129.8,129.8,129.8,129.8,129.8,129.8,129.8,129.8,129.8,129.8,129.8,129.8,129.8,129.8,129.8,129.8,129.8,129.8,129.8,129.8,129.8,129.8,129.8,129.8,129.8,129.8,129.8,129.8,129.8,129.8,129.8,129.8,129.8,129.8,129.8,129.8,129.8,129.8,129.8,129.8,129.8,129.8,129.8,129.8,129.8,129.8,129.8,129.8,129.8,129.8,129.8,129.8,129.8,129.8,129.8,129.8,129.8,129.8,129.8,129.8,129.8,129.8,129.8,129.8,129.8,129.8,129.8,129.8,129.8,129.8,129.8,129.8,129.8,129.8,129.8,129.8,129.8,129.8,129.8,129.8,129.8,129.8,129.8,129.8,129.8,129.8,129.8,129.8,129.8,129.8,129.8,129.8,129.8,129.8,129.8,129.8,129.8,129.8,129.8,129.8,129.8,129.8,129.8,129.8,129.8,129.8,129.8,129.8,129.8,129.8
2011-02-01,,,,,,,,,,,,,131.9,132.1,132.2,132.4,132.4,132.4,132.4,132.4,132.4,132.4,132.4,132.4,132.4,132.4,132.4,132.4,132.4,132.4,132.4,132.4,132.4,132.4,132.4,132.4,132.4,132.4,132.4,132.4,132.4,132.4,132.4,132.4,132.4,132.4,132.4,132.4,132.4,132.4,132.4,132.4,132.4,132.4,132.4,132.4,132.4,132.4,132.4,132.4,132.4,132.4,132.4,132.4,132.4,132.4,132.4,132.4,132.4,132.4,132.4,132.4,132.4,132.4,132.4,132.4,132.4,132.4,132.4,132.4,132.4,132.4,132.4,132.4,132.4,132.4,132.4,132.4,132.4,132.4,132.4,132.4,132.4,132.4,132.4,132.4,132.4,132.4,132.4,132.4,132.4,132.4,132.4,132.4,132.4,132.4,132.4,132.4,132.4,132.4,132.4,132.4,132.4,132.4,132.4,132.4,132.4,132.4,132.4,132.4,132.4,132.4,132.4,132.4,132.4,132.4,132.4,132.4,132.4,132.4,132.4,132.4,132.4,132.4,132.4,132.4,132.4,132.4,132.4,132.4,132.4,132.4,132.4,132.4,132.4,132.4,132.4,132.4,132.4,132.4,132.4,132.4,132.4,132.4,132.4,132.4,132.4,132.4,132.4,132.4,132.4,132.4,132.4,132.4,132.4,132.4,132.4,132.4,132.4,132.4,132.4,132.4,132.4,132.4,132.4,132.4,132.4,132.4,132.4,132.4,132.4,132.4,132.4,132.4,132.4,132.4,132.4,132.4,132.4,132.4,132.4,132.4,132.4,132.4,132.4,132.4,132.4,132.4
2011-03-01,,,,,,,,,,,,,,135.7,135.9,136.2,136.4,136.4,136.4,136.4,136.4,136.4,136.4,136.4,136.4,136.4,136.4,136.4,136.4,136.4,136.4,136.4,136.4,136.4,136.4,136.4,136.4,136.4,136.4,136.4,136.4,136.4,136.4,136.4,136.4,136.4,136.4,136.4,136.4,136.4,136.4,136.4,136.4,136.4,136.4,136.4,136.4,136.4,136.4,136.4,136.4,136.4,136.4,136.4,136.4,136.4,136.4,136.4,136.4,136.4,136.4,136.4,136.4,136.4,136.4,136.4,136.4,136.4,136.4,136.4,136.4,136.4,136.4,136.4,136.4,136.4,136.4,136.4,136.4,136.4,136.4,136.4,136.4,136.4,136.4,136.4,136.4,136.4,136.4,136.4,136.4,136.4,136.4,136.4,136.4,136.4,136.4,136.4,136.4,136.4,136.4,136.4,136.4,136.4,136.4,136.4,136.4,136.4,136.4,136.4,136.4,136.4,136.4,136.4,136.4,136.4,136.4,136.4,136.4,136.4,136.4,136.4,136.4,136.4,136.4,136.4,136.4,136.4,136.4,136.4,136.4,136.4,136.4,136.4,136.4,136.4,136.4,136.4,136.4,136.4,136.4,136.4,136.4,136.4,136.4,136.4,136.4,136.4,136.4,136.4,136.4,136.4,136.4,136.4,136.4,136.4,136.4,136.4,136.4,136.4,136.4,136.4,136.4,136.4,136.4,136.4,136.4,136.4,136.4,136.4,136.4,136.4,136.4,136.4,136.4,136.4,136.4,136.4,136.4,136.4,136.4,136.4,136.4,136.4,136.4,136.4,136.4,136.4
2011-04-01,,,,,,,,,,,,,,,139.5,139.5,139.6,139.6,139.6,139.6,139.6,139.6,139.6,139.6,139.6,139.6,139.6,139.6,139.6,139.6,139.6,139.6,139.6,139.6,139.6,139.6,139.6,139.6,139.6,139.6,139.6,139.6,139.6,139.6,139.6,139.6,139.6,139.6,139.6,139.6,139.6,139.6,139.6,139.6,139.6,139.6,139.6,139.6,139.6,139.6,139.6,139.6,139.6,139.6,139.6,139.6,139.6,139.6,139.6,139.6,139.6,139.6,139.6,139.6,139.6,139.6,139.6,139.6,139.6,139.6,139.6,139.6,139.6,139.6,139.6,139.6,139.6,139.6,139.6,139.6,139.6,139.6,139.6,139.6,139.6,139.6,139.6,139.6,139.6,139.6,139.6,139.6,139.6,139.6,139.6,139.6,139.6,139.6,139.6,139.6,139.6,139.6,139.6,139.6,139.6,139.6,139.6,139.6,139.6,139.6,139.6,139.6,139.6,139.6,139.6,139.6,139.6,139.6,139.6,139.6,139.6,139.6,139.6,139.6,139.6,139.6,139.6,139.6,139.6,139.6,139.6,139.6,139.6,139.6,139.6,139.6,139.6,139.6,139.6,139.6,139.6,139.6,139.6,139.6,139.6,139.6,139.6,139.6,139.6,139.6,139.6,139.6,139.6,139.6,139.6,139.6,139.6,139.6,139.6,139.6,139.6,139.6,139.6,139.6,139.6,139.6,139.6,139.6,139.6,139.6,139.6,139.6,139.6,139.6,139.6,139.6,139.6,139.6,139.6,139.6,139.6,139.6,139.6,139.6,139.6,139.6,139.6,139.6
2011-05-01,,,,,,,,,,,,,,,,143.1,143.5,143.5,143.5,143.5,143.5,143.5,143.5,143.5,143.5,143.5,143.5,143.5,143.5,143.5,143.5,143.5,143.5,143.5,143.5,143.5,143.5,143.5,143.5,143.5,143.5,143.5,143.5,143.5,143.5,143.5,143.5,143.5,143.5,143.5,143.5,143.5,143.5,143.5,143.5,143.5,143.5,143.5,143.5,143.5,143.5,143.5,143.5,143.5,143.5,143.5,143.5,143.5,143.5,143.5,143.5,143.5,143.5,143.5,143.5,143.5,143.5,143.5,143.5,143.5,143.5,143.5,143.5,143.5,143.5,143.5,143.5,143.5,143.5,143.5,143.5,143.5,143.5,143.5,143.5,143.5,143.5,143.5,143.5,143.5,143.5,143.5,143.5,143.5,143.5,143.5,143.5,143.5,143.5,143.5,143.5,143.5,143.5,143.5,143.5,143.5,143.5,143.5,143.5,143.5,143.5,143.5,143.5,143.5,143.5,143.5,143.5,143.5,143.5,143.5,143.5,143.5,143.5,143.5,143.5,143.5,143.5,143.5,143.5,143.5,143.5,143.5,143.5,143.5,143.5,143.5,143.5,143.5,143.5,143.5,143.5,143.5,143.5,143.5,143.5,143.5,143.5,143.5,143.5,143.5,143.5,143.5,143.5,143.5,143.5,143.5,143.5,143.5,143.5,143.5,143.5,143.5,143.5,143.5,143.5,143.5,143.5,143.5,143.5,143.5,143.5,143.5,143.5,143.5,143.5,143.5,143.5,143.5,143.5,143.5,143.5,143.5,143.5,143.5,143.5,143.5,143.5,143.5
2011-06-01,,,,,,,,,,,,,,,,,142.2,142.3,142.3,142.1,142.1,142.1,142.1,142.1,142.1,142.1,142.1,142.1,142.1,142.1,142.1,142.1,142.1,142.1,142.1,142.1,142.1,142.1,142.1,142.1,142.1,142.1,142.1,142.1,142.1,142.1,142.1,142.1,142.1,142.1,142.1,142.1,142.1,142.1,142.1,142.1,142.1,142.1,142.1,142.1,142.1,142.1,142.1,142.1,142.1,142.1,142.1,142.1,142.1,142.1,142.1,142.1,142.1,142.1,142.1,142.1,142.1,142.1,142.1,142.1,142.1,142.1,142.1,142.1,142.1,142.1,142.1,142.1,142.1,142.1,142.1,142.1,142.1,142.1,142.1,142.1,142.1,142.1,142.1,142.1,142.1,142.1,142.1,142.1,142.1,142.1,142.1,142.1,142.1,142.1,142.1,142.1,142.1,142.1,142.1,142.1,142.1,142.1,142.1,142.1,142.1,142.1,142.1,142.1,142.1,142.1,142.1,142.1,142.1,142.1,142.1,142.1,142.1,142.1,142.1,142.1,142.1,142.1,142.1,142.1,142.1,142.1,142.1,142.1,142.1,142.1,142.1,142.1,142.1,142.1,142.1,142.1,142.1,142.1,142.1,142.1,142.1,142.1,142.1,142.1,142.1,142.1,142.1,142.1,142.1,142.1,142.1,142.1,142.1,142.1,142.1,142.1,142.1,142.1,142.1,142.1,142.1,142.1,142.1,142.1,142.1,142.1,142.1,142.1,142.1,142.1,142.1,142.1,142.1,142.1,142.1,142.1,142.1,142.1,142.1,142.1,142.1,142.1
2011-07-01,,,,,,,,,,,,,,,,,,142.2,141.8,141.7,141.7,141.7,141.7,141.7,141.7,141.7,141.7,141.7,141.7,141.7,141.7,141.7,141.7,141.7,141.7,141.7,141.7,141.7,141.7,141.7,141.7,141.7,141.7,141.7,141.7,141.7,141.7,141.7,141.7,141.7,141.7,141.7,141.7,141.7,141.7,141.7,141.7,141.7,141.7,141.7,141.7,141.7,141.7,141.7,141.7,141.7,141.7,141.7,141.7,141.7,141.7,141.7,141.7,141.7,141.7,141.7,141.7,141.7,141.7,141.7,141.7,141.7,141.7,141.7,141.7,141.7,141.7,141.7,141.7,141.7,141.7,141.7,141.7,141.7,141.7,141.7,141.7,141.7,141.7,141.7,141.7,141.7,141.7,141.7,141.7,141.7,141.7,141.7,141.7,141.7,141.7,141.7,141.7,141.7,141.7,141.7,141.7,141.7,141.7,141.7,141.7,141.7,141.7,141.7,141.7,141.7,141.7,141.7,141.7,141.7,141.7,141.7,141.7,141.7,141.7,141.7,141.7,141.7,141.7,141.7,141.7,141.7,141.7,141.7,141.7,141.7,141.7,141.7,141.7,141.7,141.7,141.7,141.7,141.7,141.7,141.7,141.7,141.7,141.7,141.7,141.7,141.7,141.7,141.7,141.7,141.7,141.7,141.7,141.7,141.7,141.7,141.7,141.7,141.7,141.7,141.7,141.7,141.7,141.7,141.7,141.7,141.7,141.7,141.7,141.7,141.7,141.7,141.7,141.7,141.7,141.7,141.7,141.7,141.7,141.7,141.7,141.7,141.7
2011-08-01,,,,,,,,,,,,,,,,,,,141.4,143.0,143.6,143.6,143.6,143.6,143.6,143.6,143.6,143.6,143.6,143.6,143.6,143.6,143.6,143.6,143.6,143.6,143.6,143.6,143.6,143.6,143.6,143.6,143.6,143.6,143.6,143.6,143.6,143.6,143.6,143.6,143.6,143.6,143.6,143.6,143.6,143.6,143.6,143.6,143.6,143.6,143.6,143.6,143.6,143.6,143.6,143.6,143.6,143.6,143.6,143.6,143.6,143.6,143.6,143.6,143.6,143.6,143.6,143.6,143.6,143.6,143.6,143.6,143.6,143.6,143.6,143.6,143.6,143.6,143.6,143.6,143.6,143.6,143.6,143.6,143.6,143.6,143.6,143.6,143.6,143.6,143.6,143.6,143.6,143.6,143.6,143.6,143.6,143.6,143.6,143.6,143.6,143.6,143.6,143.6,143.6,143.6,143.6,143.6,143.6,143.6,143.6,143.6,143.6,143.6,143.6,143.6,143.6,143.6,143.6,143.6,143.6,143.6,143.6,143.6,143.6,143.6,143.6,143.6,143.6,143.6,143.6,143.6,143.6,143.6,143.6,143.6,143.6,143.6,143.6,143.6,143.6,143.6,143.6,143.6,143.6,143.6,143.6,143.6,143.6,143.6,143.6,143.6,143.6,143.6,143.6,143.6,143.6,143.6,143.6,143.6,143.6,143.6,143.6,143.6,143.6,143.6,143.6,143.6,143.6,143.6,143.6,143.6,143.6,143.6,143.6,143.6,143.6,143.6,143.6,143.6,143.6,143.6,143.6,143.6,143.6,143.6,143.6,143.6
2011-09-01,,,,,,,,,,,,,,,,,,,,143.4,143.9,143.9,143.9,143.9,143.9,143.9,143.9,143.9,143.9,143.9,143.9,143.9,143.9,143.9,143.9,143.9,143.9,143.9,143.9,143.9,143.9,143.9,143.9,143.9,143.9,143.9,143.9,143.9,143.9,143.9,143.9,143.9,143.9,143.9,143.9,143.9,143.9,143.9,143.9,143.9,143.9,143.9,143.9,143.9,143.9,143.9,143.9,143.9,143.9,143.9,143.9,143.9,143.9,143.9,143.9,143.9,143.9,143.9,143.9,143.9,143.9,143.9,143.9,143.9,143.9,143.9,143.9,143.9,143.9,143.9,143.9,143.9,143.9,143.9,143.9,143.9,143.9,143.9,143.9,143.9,143.9,143.9,143.9,143.9,143.9,143.9,143.9,143.9,143.9,143.9,143.9,143.9,143.9,143.9,143.9,143.9,143.9,143.9,143.9,143.9,143.9,143.9,143.9,143.9,143.9,143.9,143.9,143.9,143.9,143.9,143.9,143.9,143.9,143.9,143.9,143.9,143.9,143.9,143.9,143.9,143.9,143.9,143.9,143.9,143.9,143.9,143.9,143.9,143.9,143.9,143.9,143.9,143.9,143.9,143.9,143.9,143.9,143.9,143.9,143.9,143.9,143.9,143.9,143.9,143.9,143.9,143.9,143.9,143.9,143.9,143.9,143.9,143.9,143.9,143.9,143.9,143.9,143.9,143.9,143.9,143.9,143.9,143.9,143.9,143.9,143.9,143.9,143.9,143.9,143.9,143.9,143.9,143.9,143.9,143.9,143.9,143.9,143.9
2011-10-01,,,,,,,,,,,,,,,,,,,,,143.5,144.5,144.5,144.5,144.5,144.5,144.5,144.5,144.5,144.5,144.5,144.5,144.5,144.5,144.5,144.5,144.5,144.5,144.5,144.5,144.5,144.5,144.5,144.5,144.5,144.5,144.5,144.5,144.5,144.5,144.5,144.5,144.5,144.5,144.5,144.5,144.5,144.5,144.5,144.5,144.5,144.5,144.5,144.5,144.5,144.5,144.5,144.5,144.5,144.5,144.5,144.5,144.5,144.5,144.5,144.5,144.5,144.5,144.5,144.5,144.5,144.5,144.5,144.5,144.5,144.5,144.5,144.5,144.5,144.5,144.5,144.5,144.5,144.5,144.5,144.5,144.5,144.5,144.5,144.5,144.5,144.5,144.5,144.5,144.5,144.5,144.5,144.5,144.5,144.5,144.5,144.5,144.5,144.5,144.5,144.5,144.5,144.5,144.5,144.5,144.5,144.5,144.5,144.5,144.5,144.5,144.5,144.5,144.5,144.5,144.5,144.5,144.5,144.5,144.5,144.5,144.5,144.5,144.5,144.5,144.5,144.5,144.5,144.5,144.5,144.5,144.5,144.5,144.5,144.5,144.5,144.5,144.5,144.5,144.5,144.5,144.5,144.5,144.5,144.5,144.5,144.5,144.5,144.5,144.5,144.5,144.5,144.5,144.5,144.5,144.5,144.5,144.5,144.5,144.5,144.5,144.5,144.5,144.5,144.5,144.5,144.5,144.5,144.5,144.5,144.5,144.5,144.5,144.5,144.5,144.5,144.5,144.5,144.5,144.5,144.5,144.5,144.5
2011-11-01,,,,,,,,,,,,,,,,,,,,,,143.5,143.5,143.6,143.6,143.6,143.6,143.6,143.6,143.6,143.6,143.6,143.6,143.6,143.6,143.6,143.6,143.6,143.6,143.6,143.6,143.6,143.6,143.6,143.6,143.6,143.6,143.6,143.6,143.6,143.6,143.6,143.6,143.6,143.6,143.6,143.6,143.6,143.6,143.6,143.6,143.6,143.6,143.6,143.6,143.6,143.6,143.6,143.6,143.6,143.6,143.6,143.6,143.6,143.6,143.6,143.6,143.6,143.6,143.6,143.6,143.6,143.6,143.6,143.6,143.6,143.6,143.6,143.6,143.6,143.6,143.6,143.6,143.6,143.6,143.6,143.6,143.6,143.6,143.6,143.6,143.6,143.6,143.6,143.6,143.6,143.6,143.6,143.6,143.6,143.6,143.6,143.6,143.6,143.6,143.6,143.6,143.6,143.6,143.6,143.6,143.6,143.6,143.6,143.6,143.6,143.6,143.6,143.6,143.6,143.6,143.6,143.6,143.6,143.6,143.6,143.6,143.6,143.6,143.6,143.6,143.6,143.6,143.6,143.6,143.6,143.6,143.6,143.6,143.6,143.6,143.6,143.6,143.6,143.6,143.6,143.6,143.6,143.6,143.6,143.6,143.6,143.6,143.6,143.6,143.6,143.6,143.6,143.6,143.6,143.6,143.6,143.6,143.6,143.6,143.6,143.6,143.6,143.6,143.6,143.6,143.6,143.6,143.6,143.6,143.6,143.6,143.6,143.6,143.6,143.6,143.6,143.6,143.6,143.6,143.6,143.6,143.6
2011-12-01,,,,,,,,,,,,,,,,,,,,,,,144.4,144.6,144.6,144.6,144.6,144.6,144.6,144.6,144.6,144.6,144.6,144.6,144.6,144.6,144.6,144.6,144.6,144.6,144.6,144.6,144.6,144.6,144.6,144.6,144.6,144.6,144.6,144.6,144.6,144.6,144.6,144.6,144.6,144.6,144.6,144.6,144.6,144.6,144.6,144.6,144.6,144.6,144.6,144.6,144.6,144.6,144.6,144.6,144.6,144.6,144.6,144.6,144.6,144.6,144.6,144.6,144.6,144.6,144.6,144.6,144.6,144.6,144.6,144.6,144.6,144.6,144.6,144.6,144.6,144.6,144.6,144.6,144.6,144.6,144.6,144.6,144.6,144.6,144.6,144.6,144.6,144.6,144.6,144.6,144.6,144.6,144.6,144.6,144.6,144.6,144.6,144.6,144.6,144.6,144.6,144.6,144.6,144.6,144.6,144.6,144.6,144.6,144.6,144.6,144.6,144.6,144.6,144.6,144.6,144.6,144.6,144.6,144.6,144.6,144.6,144.6,144.6,144.6,144.6,144.6,144.6,144.6,144.6,144.6,144.6,144.6,144.6,144.6,144.6,144.6,144.6,144.6,144.6,144.6,144.6,144.6,144.6,144.6,144.6,144.6,144.6,144.6,144.6,144.6,144.6,144.6,144.6,144.6,144.6,144.6,144.6,144.6,144.6,144.6,144.6,144.6,144.6,144.6,144.6,144.6,144.6,144.6,144.6,144.6,144.6,144.6,144.6,144.6,144.6,144.6,144.6,144.6,144.6,144.6,144.6,144.6
2012-01-01,,,,,,,,,,,,,,,,,,,,,,,,144.1,144.1,144.1,144.1,144.1,144.1,144.1,144.1,144.1,144.1,144.1,144.1,144.1,144.1,144.1,144.1,144.1,144.1,144.1,144.1,144.1,144.1,144.1,144.1,144.1,144.1,144.1,144.1,144.1,144.1,144.1,144.1,144.1,144.1,144.1,144.1,144.1,144.1,144.1,144.1,144.1,144.1,144.1,144.1,144.1,144.1,144.1,144.1,144.1,144.1,144.1,144.1,144.1,144.1,144.1,144.1,144.1,144.1,144.1,144.1,144.1,144.1,144.1,144.1,144.1,144.1,144.1,144.1,144.1,144.1,144.1,144.1,144.1,144.1,144.1,144.1,144.1,144.1,144.1,144.1,144.1,144.1,144.1,144.1,144.1,144.1,144.1,144.1,144.1,144.1,144.1,144.1,144.1,144.1,144.1,144.1,144.1,144.1,144.1,144.1,144.1,144.1,144.1,144.1,144.1,144.1,144.1,144.1,144.1,144.1,144.1,144.1,144.1,144.1,144.1,144.1,144.1,144.1,144.1,144.1,144.1,144.1,144.1,144.1,144.1,144.1,144.1,144.1,144.1,144.1,144.1,144.1,144.1,144.1,144.1,144.1,144.1,144.1,144.1,144.1,144.1,144.1,144.1,144.1,144.1,144.1,144.1,144.1,144.1,144.1,144.1,144.1,144.1,144.1,144.1,144.1,144.1,144.1,144.1,144.1,144.1,144.1,144.1,144.1,144.1,144.1,144.1,144.1,144.1,144.1,144.1,144.1,144.1,144.1,144.1
2012-02-01,,,,,,,,,,,,,,,,,,,,,,,,,144.6,144.6,144.7,144.6,144.6,144.6,144.6,144.6,144.6,144.6,144.6,144.6,144.6,144.6,144.6,144.6,144.6,144.6,144.6,144.6,144.6,144.6,144.6,144.6,144.6,144.6,144.6,144.6,144.6,144.6,144.6,144.6,144.6,144.6,144.6,144.6,144.6,144.6,144.6,144.6,144.6,144.6,144.6,144.6,144.6,144.6,144.6,144.6,144.6,144.6,144.6,144.6,144.6,144.6,144.6,144.6,144.6,144.6,144.6,144.6,144.6,144.6,144.6,144.6,144.6,144.6,144.6,144.6,144.6,144.6,144.6,144.6,144.6,144.6,144.6,144.6,144.6,144.6,144.6,144.6,144.6,144.6,144.6,144.6,144.6,144.6,144.6,144.6,144.6,144.6,144.6,144.6,144.6,144.6,144.6,144.6,144.6,144.6,144.6,144.6,144.6,144.6,144.6,144.6,144.6,144.6,144.6,144.6,144.6,144.6,144.6,144.6,144.6,144.6,144.6,144.6,144.6,144.6,144.6,144.6,144.6,144.6,144.6,144.6,144.6,144.6,144.6,144.6,144.6,144.6,144.6,144.6,144.6,144.6,144.6,144.6,144.6,144.6,144.6,144.6,144.6,144.6,144.6,144.6,144.6,144.6,144.6,144.6,144.6,144.6,144.6,144.6,144.6,144.6,144.6,144.6,144.6,144.6,144.6,144.6,144.6,144.6,144.6,144.6,144.6,144.6,144.6,144.6,144.6,144.6,144.6,144.6,144.6,144.6
2012-03-01,,,,,,,,,,,,,,,,,,,,,,,,,,146.4,146.5,146.3,146.3,146.3,146.3,146.3,146.3,146.3,146.3,146.3,146.3,146.3,146.3,146.3,146.3,146.3,146.3,146.3,146.3,146.3,146.3,146.3,146.3,146.3,146.3,146.3,146.3,146.3,146.3,146.3,146.3,146.3,146.3,146.3,146.3,146.3,146.3,146.3,146.3,146.3,146.3,146.3,146.3,146.3,146.3,146.3,146.3,146.3,146.3,146.3,146.3,146.3,146.3,146.3,146.3,146.3,146.3,146.3,146.3,146.3,146.3,146.3,146.3,146.3,146.3,146.3,146.3,146.3,146.3,146.3,146.3,146.3,146.3,146.3,146.3,146.3,146.3,146.3,146.3,146.3,146.3,146.3,146.3,146.3,146.3,146.3,146.3,146.3,146.3,146.3,146.3,146.3,146.3,146.3,146.3,146.3,146.3,146.3,146.3,146.3,146.3,146.3,146.3,146.3,146.3,146.3,146.3,146.3,146.3,146.3,146.3,146.3,146.3,146.3,146.3,146.3,146.3,146.3,146.3,146.3,146.3,146.3,146.3,146.3,146.3,146.3,146.3,146.3,146.3,146.3,146.3,146.3,146.3,146.3,146.3,146.3,146.3,146.3,146.3,146.3,146.3,146.3,146.3,146.3,146.3,146.3,146.3,146.3,146.3,146.3,146.3,146.3,146.3,146.3,146.3,146.3,146.3,146.3,146.3,146.3,146.3,146.3,146.3,146.3,146.3,146.3,146.3,146.3,146.3,146.3,146.3,146.3
2012-04-01,,,,,,,,,,,,,,,,,,,,,,,,,,,150.2,149.9,149.9,150.0,150.0,150.0,150.0,150.0,150.0,150.0,150.0,150.0,150.0,150.0,150.0,150.0,150.0,150.0,150.0,150.0,150.0,150.0,150.0,150.0,150.0,150.0,150.0,150.0,150.0,150.0,150.0,150.0,150.0,150.0,150.0,150.0,150.0,150.0,150.0,150.0,150.0,150.0,150.0,150.0,150.0,150.0,150.0,150.0,150.0,150.0,150.0,150.0,150.0,150.0,150.0,150.0,150.0,150.0,150.0,150.0,150.0,150.0,150.0,150.0,150.0,150.0,150.0,150.0,150.0,150.0,150.0,150.0,150.0,150.0,150.0,150.0,150.0,150.0,150.0,150.0,150.0,150.0,150.0,150.0,150.0,150.0,150.0,150.0,150.0,150.0,150.0,150.0,150.0,150.0,150.0,150.0,150.0,150.0,150.0,150.0,150.0,150.0,150.0,150.0,150.0,150.0,150.0,150.0,150.0,150.0,150.0,150.0,150.0,150.0,150.0,150.0,150.0,150.0,150.0,150.0,150.0,150.0,150.0,150.0,150.0,150.0,150.0,150.0,150.0,150.0,150.0,150.0,150.0,150.0,150.0,150.0,150.0,150.0,150.0,150.0,150.0,150.0,150.0,150.0,150.0,150.0,150.0,150.0,150.0,150.0,150.0,150.0,150.0,150.0,150.0,150.0,150.0,150.0,150.0,150.0,150.0,150.0,150.0,150.0,150.0,150.0,150.0,150.0,150.0,150.0,150.0,150.0
2012-05-01,,,,,,,,,,,,,,,,,,,,,,,,,,,,150.2,150.2,150.3,150.3,150.3,150.3,150.3,150.3,150.3,150.3,150.3,150.3,150.3,150.3,150.3,150.3,150.3,150.3,150.3,150.3,150.3,150.3,150.3,150.3,150.3,150.3,150.3,150.3,150.3,150.3,150.3,150.3,150.3,150.3,150.3,150.3,150.3,150.3,150.3,150.3,150.3,150.3,150.3,150.3,150.3,150.3,150.3,150.3,150.3,150.3,150.3,150.3,150.3,150.3,150.3,150.3,150.3,150.3,150.3,150.3,150.3,150.3,150.3,150.3,150.3,150.3,150.3,150.3,150.3,150.3,150.3,150.3,150.3,150.3,150.3,150.3,150.3,150.3,150.3,150.3,150.3,150.3,150.3,150.3,150.3,150.3,150.3,150.3,150.3,150.3,150.3,150.3,150.3,150.3,150.3,150.3,150.3,150.3,150.3,150.3,150.3,150.3,150.3,150.3,150.3,150.3,150.3,150.3,150.3,150.3,150.3,150.3,150.3,150.3,150.3,150.3,150.3,150.3,150.3,150.3,150.3,150.3,150.3,150.3,150.3,150.3,150.3,150.3,150.3,150.3,150.3,150.3,150.3,150.3,150.3,150.3,150.3,150.3,150.3,150.3,150.3,150.3,150.3,150.3,150.3,150.3,150.3,150.3,150.3,150.3,150.3,150.3,150.3,150.3,150.3,150.3,150.3,150.3,150.3,150.3,150.3,150.3,150.3,150.3,150.3,150.3,150.3,150.3,150.3,150.3,150.3
2012-06-01,,,,,,,,,,,,,,,,,,,,,,,,,,,,,148.6,149.0,149.0,148.9,148.9,148.9,148.9,148.9,148.9,148.9,148.9,148.9,148.9,148.9,148.9,148.9,148.9,148.9,148.9,148.9,148.9,148.9,148.9,148.9,148.9,148.9,148.9,148.9,148.9,148.9,148.9,148.9,148.9,148.9,148.9,148.9,148.9,148.9,148.9,148.9,148.9,148.9,148.9,148.9,148.9,148.9,148.9,148.9,148.9,148.9,148.9,148.9,148.9,148.9,148.9,148.9,148.9,148.9,148.9,148.9,148.9,148.9,148.9,148.9,148.9,148.9,148.9,148.9,148.9,148.9,148.9,148.9,148.9,148.9,148.9,148.9,148.9,148.9,148.9,148.9,148.9,148.9,148.9,148.9,148.9,148.9,148.9,148.9,148.9,148.9,148.9,148.9,148.9,148.9,148.9,148.9,148.9,148.9,148.9,148.9,148.9,148.9,148.9,148.9,148.9,148.9,148.9,148.9,148.9,148.9,148.9,148.9,148.9,148.9,148.9,148.9,148.9,148.9,148.9,148.9,148.9,148.9,148.9,148.9,148.9,148.9,148.9,148.9,148.9,148.9,148.9,148.9,148.9,148.9,148.9,148.9,148.9,148.9,148.9,148.9,148.9,148.9,148.9,148.9,148.9,148.9,148.9,148.9,148.9,148.9,148.9,148.9,148.9,148.9,148.9,148.9,148.9,148.9,148.9,148.9,148.9,148.9,148.9,148.9,148.9,148.9,148.9,148.9,148.9,148.9
2012-07-01,,,,,,,,,,,,,,,,,,,,,,,,,,,,,,145.0,145.0,144.8,144.8,144.8,144.8,144.8,144.8,144.8,144.8,144.8,144.8,144.8,144.8,144.8,144.8,144.8,144.8,144.8,144.8,144.8,144.8,144.8,144.8,144.8,144.8,144.8,144.8,144.8,144.8,144.8,144.8,144.8,144.8,144.8,144.8,144.8,144.8,144.8,144.8,144.8,144.8,144.8,144.8,144.8,144.8,144.8,144.8,144.8,144.8,144.8,144.8,144.8,144.8,144.8,144.8,144.8,144.8,144.8,144.8,144.8,144.8,144.8,144.8,144.8,144.8,144.8,144.8,144.8,144.8,144.8,144.8,144.8,144.8,144.8,144.8,144.8,144.8,144.8,144.8,144.8,144.8,144.8,144.8,144.8,144.8,144.8,144.8,144.8,144.8,144.8,144.8,144.8,144.8,144.8,144.8,144.8,144.8,144.8,144.8,144.8,144.8,144.8,144.8,144.8,144.8,144.8,144.8,144.8,144.8,144.8,144.8,144.8,144.8,144.8,144.8,144.8,144.8,144.8,144.8,144.8,144.8,144.8,144.8,144.8,144.8,144.8,144.8,144.8,144.8,144.8,144.8,144.8,144.8,144.8,144.8,144.8,144.8,144.8,144.8,144.8,144.8,144.8,144.8,144.8,144.8,144.8,144.8,144.8,144.8,144.8,144.8,144.8,144.8,144.8,144.8,144.8,144.8,144.8,144.8,144.8,144.8,144.8,144.8,144.8,144.8,144.8,144.8,144.8
2012-08-01,,,,,,,,,,,,,,,,,,,,,,,,,,,,,,,144.9,144.8,144.8,144.8,144.8,144.8,144.8,144.8,144.8,144.8,144.8,144.8,144.8,144.8,144.8,144.8,144.8,144.8,144.8,144.8,144.8,144.8,144.8,144.8,144.8,144.8,144.8,144.8,144.8,144.8,144.8,144.8,144.8,144.8,144.8,144.8,144.8,144.8,144.8,144.8,144.8,144.8,144.8,144.8,144.8,144.8,144.8,144.8,144.8,144.8,144.8,144.8,144.8,144.8,144.8,144.8,144.8,144.8,144.8,144.8,144.8,144.8,144.8,144.8,144.8,144.8,144.8,144.8,144.8,144.8,144.8,144.8,144.8,144.8,144.8,144.8,144.8,144.8,144.8,144.8,144.8,144.8,144.8,144.8,144.8,144.8,144.8,144.8,144.8,144.8,144.8,144.8,144.8,144.8,144.8,144.8,144.8,144.8,144.8,144.8,144.8,144.8,144.8,144.8,144.8,144.8,144.8,144.8,144.8,144.8,144.8,144.8,144.8,144.8,144.8,144.8,144.8,144.8,144.8,144.8,144.8,144.8,144.8,144.8,144.8,144.8,144.8,144.8,144.8,144.8,144.8,144.8,144.8,144.8,144.8,144.8,144.8,144.8,144.8,144.8,144.8,144.8,144.8,144.8,144.8,144.8,144.8,144.8,144.8,144.8,144.8,144.8,144.8,144.8,144.8,144.8,144.8,144.8,144.8,144.8,144.8,144.8,144.8,144.8,144.8,144.8,144.8,144.8
2012-09-01,,,,,,,,,,,,,,,,,,,,,,,,,,,,,,,,147.0,146.8,146.8,146.8,146.8,146.8,146.8,146.8,146.8,146.8,146.8,146.8,146.8,146.8,146.8,146.8,146.8,146.8,146.8,146.8,146.8,146.8,146.8,146.8,146.8,146.8,146.8,146.8,146.8,146.8,146.8,146.8,146.8,146.8,146.8,146.8,146.8,146.8,146.8,146.8,146.8,146.8,146.8,146.8,146.8,146.8,146.8,146.8,146.8,146.8,146.8,146.8,146.8,146.8,146.8,146.8,146.8,146.8,146.8,146.8,146.8,146.8,146.8,146.8,146.8,146.8,146.8,146.8,146.8,146.8,146.8,146.8,146.8,146.8,146.8,146.8,146.8,146.8,146.8,146.8,146.8,146.8,146.8,146.8,146.8,146.8,146.8,146.8,146.8,146.8,146.8,146.8,146.8,146.8,146.8,146.8,146.8,146.8,146.8,146.8,146.8,146.8,146.8,146.8,146.8,146.8,146.8,146.8,146.8,146.8,146.8,146.8,146.8,146.8,146.8,146.8,146.8,146.8,146.8,146.8,146.8,146.8,146.8,146.8,146.8,146.8,146.8,146.8,146.8,146.8,146.8,146.8,146.8,146.8,146.8,146.8,146.8,146.8,146.8,146.8,146.8,146.8,146.8,146.8,146.8,146.8,146.8,146.8,146.8,146.8,146.8,146.8,146.8,146.8,146.8,146.8,146.8,146.8,146.8,146.8,146.8,146.8,146.8,146.8,146.8,146.8,146.8
2012-10-01,,,,,,,,,,,,,,,,,,,,,,,,,,,,,,,,,147.8,147.5,147.3,147.3,147.3,147.3,147.3,147.3,147.3,147.3,147.3,147.3,147.3,147.3,147.3,147.3,147.3,147.3,147.3,147.3,147.3,147.3,147.3,147.3,147.3,147.3,147.3,147.3,147.3,147.3,147.3,147.3,147.3,147.3,147.3,147.3,147.3,147.3,147.3,147.3,147.3,147.3,147.3,147.3,147.3,147.3,147.3,147.3,147.3,147.3,147.3,147.3,147.3,147.3,147.3,147.3,147.3,147.3,147.3,147.3,147.3,147.3,147.3,147.3,147.3,147.3,147.3,147.3,147.3,147.3,147.3,147.3,147.3,147.3,147.3,147.3,147.3,147.3,147.3,147.3,147.3,147.3,147.3,147.3,147.3,147.3,147.3,147.3,147.3,147.3,147.3,147.3,147.3,147.3,147.3,147.3,147.3,147.3,147.3,147.3,147.3,147.3,147.3,147.3,147.3,147.3,147.3,147.3,147.3,147.3,147.3,147.3,147.3,147.3,147.3,147.3,147.3,147.3,147.3,147.3,147.3,147.3,147.3,147.3,147.3,147.3,147.3,147.3,147.3,147.3,147.3,147.3,147.3,147.3,147.3,147.3,147.3,147.3,147.3,147.3,147.3,147.3,147.3,147.3,147.3,147.3,147.3,147.3,147.3,147.3,147.3,147.3,147.3,147.3,147.3,147.3,147.3,147.3,147.3,147.3,147.3,147.3,147.3,147.3,147.3,147.3
2012-11-01,,,,,,,,,,,,,,,,,,,,,,,,,,,,,,,,,,149.2,149.2,149.2,149.2,149.2,149.2,149.2,149.2,149.2,149.2,149.2,149.2,149.2,149.2,149.2,149.2,149.2,149.2,149.2,149.2,149.2,149.2,149.2,149.2,149.2,149.2,149.2,149.2,149.2,149.2,149.2,149.2,149.2,149.2,149.2,149.2,149.2,149.2,149.2,149.2,149.2,149.2,149.2,149.2,149.2,149.2,149.2,149.2,149.2,149.2,149.2,149.2,149.2,149.2,149.2,149.2,149.2,149.2,149.2,149.2,149.2,149.2,149.2,149.2,149.2,149.2,149.2,149.2,149.2,149.2,149.2,149.2,149.2,149.2,149.2,149.2,149.2,149.2,149.2,149.2,149.2,149.2,149.2,149.2,149.2,149.2,149.2,149.2,149.2,149.2,149.2,149.2,149.2,149.2,149.2,149.2,149.2,149.2,149.2,149.2,149.2,149.2,149.2,149.2,149.2,149.2,149.2,149.2,149.2,149.2,149.2,149.2,149.2,149.2,149.2,149.2,149.2,149.2,149.2,149.2,149.2,149.2,149.2,149.2,149.2,149.2,149.2,149.2,149.2,149.2,149.2,149.2,149.2,149.2,149.2,149.2,149.2,149.2,149.2,149.2,149.2,149.2,149.2,149.2,149.2,149.2,149.2,149.2,149.2,149.2,149.2,149.2,149.2,149.2,149.2,149.2,149.2,149.2,149.2,149.2,149.2,149.2,149.2,149.2,149.2
2012-12-01,,,,,,,,,,,,,,,,,,,,,,,,,,,,,,,,,,,147.9,148.0,148.0,148.0,148.0,148.0,148.0,148.0,148.0,148.0,148.0,148.0,148.0,148.0,148.0,148.0,148.0,148.0,148.0,148.0,148.0,148.0,148.0,148.0,148.0,148.0,148.0,148.0,148.0,148.0,148.0,148.0,148.0,148.0,148.0,148.0,148.0,148.0,148.0,148.0,148.0,148.0,148.0,148.0,148.0,148.0,148.0,148.0,148.0,148.0,148.0,148.0,148.0,148.0,148.0,148.0,148.0,148.0,148.0,148.0,148.0,148.0,148.0,148.0,148.0,148.0,148.0,148.0,148.0,148.0,148.0,148.0,148.0,148.0,148.0,148.0,148.0,148.0,148.0,148.0,148.0,148.0,148.0,148.0,148.0,148.0,148.0,148.0,148.0,148.0,148.0,148.0,148.0,148.0,148.0,148.0,148.0,148.0,148.0,148.0,148.0,148.0,148.0,148.0,148.0,148.0,148.0,148.0,148.0,148.0,148.0,148.0,148.0,148.0,148.0,148.0,148.0,148.0,148.0,148.0,148.0,148.0,148.0,148.0,148.0,148.0,148.0,148.0,148.0,148.0,148.0,148.0,148.0,148.0,148.0,148.0,148.0,148.0,148.0,148.0,148.0,148.0,148.0,148.0,148.0,148.0,148.0,148.0,148.0,148.0,148.0,148.0,148.0,148.0,148.0,148.0,148.0,148.0,148.0,148.0,148.0,148.0,148.0,148.0
2013-01-01,,,,,,,,,,,,,,,,,,,,,,,,,,,,,,,,,,,,148.1,147.7,147.8,147.8,147.8,147.8,147.8,147.8,147.8,147.8,147.8,147.8,147.8,147.8,147.8,147.8,147.8,147.8,147.8,147.8,147.8,147.8,147.8,147.8,147.8,147.8,147.8,147.8,147.8,147.8,147.8,147.8,147.8,147.8,147.8,147.8,147.8,147.8,147.8,147.8,147.8,147.8,147.8,147.8,147.8,147.8,147.8,147.8,147.8,147.8,147.8,147.8,147.8,147.8,147.8,147.8,147.8,147.8,147.8,147.8,147.8,147.8,147.8,147.8,147.8,147.8,147.8,147.8,147.8,147.8,147.8,147.8,147.8,147.8,147.8,147.8,147.8,147.8,147.8,147.8,147.8,147.8,147.8,147.8,147.8,147.8,147.8,147.8,147.8,147.8,147.8,147.8,147.8,147.8,147.8,147.8,147.8,147.8,147.8,147.8,147.8,147.8,147.8,147.8,147.8,147.8,147.8,147.8,147.8,147.8,147.8,147.8,147.8,147.8,147.8,147.8,147.8,147.8,147.8,147.8,147.8,147.8,147.8,147.8,147.8,147.8,147.8,147.8,147.8,147.8,147.8,147.8,147.8,147.8,147.8,147.8,147.8,147.8,147.8,147.8,147.8,147.8,147.8,147.8,147.8,147.8,147.8,147.8,147.8,147.8,147.8,147.8,147.8,147.8,147.8,147.8,147.8,147.8,147.8,147.8,147.8,147.8,147.8
2013-02-01,,,,,,,,,,,,,,,,,,,,,,,,,,,,,,,,,,,,,147.8,147.9,147.9,147.9,147.9,147.9,147.9,147.9,147.9,147.9,147.9,147.9,147.9,147.9,147.9,147.9,147.9,147.9,147.9,147.9,147.9,147.9,147.9,147.9,147.9,147.9,147.9,147.9,147.9,147.9,147.9,147.9,147.9,147.9,147.9,147.9,147.9,147.9,147.9,147.9,147.9,147.9,147.9,147.9,147.9,147.9,147.9,147.9,147.9,147.9,147.9,147.9,147.9,147.9,147.9,147.9,147.9,147.9,147.9,147.9,147.9,147.9,147.9,147.9,147.9,147.9,147.9,147.9,147.9,147.9,147.9,147.9,147.9,147.9,147.9,147.9,147.9,147.9,147.9,147.9,147.9,147.9,147.9,147.9,147.9,147.9,147.9,147.9,147.9,147.9,147.9,147.9,147.9,147.9,147.9,147.9,147.9,147.9,147.9,147.9,147.9,147.9,147.9,147.9,147.9,147.9,147.9,147.9,147.9,147.9,147.9,147.9,147.9,147.9,147.9,147.9,147.9,147.9,147.9,147.9,147.9,147.9,147.9,147.9,147.9,147.9,147.9,147.9,147.9,147.9,147.9,147.9,147.9,147.9,147.9,147.9,147.9,147.9,147.9,147.9,147.9,147.9,147.9,147.9,147.9,147.9,147.9,147.9,147.9,147.9,147.9,147.9,147.9,147.9,147.9,147.9,147.9,147.9,147.9,147.9,147.9,147.9
2013-03-01,,,,,,,,,,,,,,,,,,,,,,,,,,,,,,,,,,,,,,148.8,148.5,148.5,148.5,148.5,148.5,148.5,148.5,148.5,148.5,148.5,148.5,148.5,148.5,148.5,148.5,148.5,148.5,148.5,148.5,148.5,148.5,148.5,148.5,148.5,148.5,148.5,148.5,148.5,148.5,148.5,148.5,148.5,148.5,148.5,148.5,148.5,148.5,148.5,148.5,148.5,148.5,148.5,148.5,148.5,148.5,148.5,148.5,148.5,148.5,148.5,148.5,148.5,148.5,148.5,148.5,148.5,148.5,148.5,148.5,148.5,148.5,148.5,148.5,148.5,148.5,148.5,148.5,148.5,148.5,148.5,148.5,148.5,148.5,148.5,148.5,148.5,148.5,148.5,148.5,148.5,148.5,148.5,148.5,148.5,148.5,148.5,148.5,148.5,148.5,148.5,148.5,148.5,148.5,148.5,148.5,148.5,148.5,148.5,148.5,148.5,148.5,148.5,148.5,148.5,148.5,148.5,148.5,148.5,148.5,148.5,148.5,148.5,148.5,148.5,148.5,148.5,148.5,148.5,148.5,148.5,148.5,148.5,148.5,148.5,148.5,148.5,148.5,148.5,148.5,148.5,148.5,148.5,148.5,148.5,148.5,148.5,148.5,148.5,148.5,148.5,148.5,148.5,148.5,148.5,148.5,148.5,148.5,148.5,148.5,148.5,148.5,148.5,148.5,148.5,148.5,148.5,148.5,148.5,148.5,148.5
2013-04-01,,,,,,,,,,,,,,,,,,,,,,,,,,,,,,,,,,,,,,,148.5,148.7,148.6,148.6,148.6,148.6,148.6,148.6,148.6,148.6,148.6,148.6,148.6,148.6,148.6,148.6,148.6,148.6,148.6,148.6,148.6,148.6,148.6,148.6,148.6,148.6,148.6,148.6,148.6,148.6,148.6,148.6,148.6,148.6,148.6,148.6,148.6,148.6,148.6,148.6,148.6,148.6,148.6,148.6,148.6,148.6,148.6,148.6,148.6,148.6,148.6,148.6,148.6,148.6,148.6,148.6,148.6,148.6,148.6,148.6,148.6,148.6,148.6,148.6,148.6,148.6,148.6,148.6,148.6,148.6,148.6,148.6,148.6,148.6,148.6,148.6,148.6,148.6,148.6,148.6,148.6,148.6,148.6,148.6,148.6,148.6,148.6,148.6,148.6,148.6,148.6,148.6,148.6,148.6,148.6,148.6,148.6,148.6,148.6,148.6,148.6,148.6,148.6,148.6,148.6,148.6,148.6,148.6,148.6,148.6,148.6,148.6,148.6,148.6,148.6,148.6,148.6,148.6,148.6,148.6,148.6,148.6,148.6,148.6,148.6,148.6,148.6,148.6,148.6,148.6,148.6,148.6,148.6,148.6,148.6,148.6,148.6,148.6,148.6,148.6,148.6,148.6,148.6,148.6,148.6,148.6,148.6,148.6,148.6,148.6,148.6,148.6,148.6,148.6,148.6,148.6,148.6,148.6,148.6,148.6
2013-05-01,,,,,,,,,,,,,,,,,,,,,,,,,,,,,,,,,,,,,,,,147.4,147.2,147.3,147.3,147.3,147.3,147.3,147.3,147.3,147.3,147.3,147.3,147.3,147.3,147.3,147.3,147.3,147.3,147.3,147.3,147.3,147.3,147.3,147.3,147.3,147.3,147.3,147.3,147.3,147.3,147.3,147.3,147.3,147.3,147.3,147.3,147.3,147.3,147.3,147.3,147.3,147.3,147.3,147.3,147.3,147.3,147.3,147.3,147.3,147.3,147.3,147.3,147.3,147.3,147.3,147.3,147.3,147.3,147.3,147.3,147.3,147.3,147.3,147.3,147.3,147.3,147.3,147.3,147.3,147.3,147.3,147.3,147.3,147.3,147.3,147.3,147.3,147.3,147.3,147.3,147.3,147.3,147.3,147.3,147.3,147.3,147.3,147.3,147.3,147.3,147.3,147.3,147.3,147.3,147.3,147.3,147.3,147.3,147.3,147.3,147.3,147.3,147.3,147.3,147.3,147.3,147.3,147.3,147.3,147.3,147.3,147.3,147.3,147.3,147.3,147.3,147.3,147.3,147.3,147.3,147.3,147.3,147.3,147.3,147.3,147.3,147.3,147.3,147.3,147.3,147.3,147.3,147.3,147.3,147.3,147.3,147.3,147.3,147.3,147.3,147.3,147.3,147.3,147.3,147.3,147.3,147.3,147.3,147.3,147.3,147.3,147.3,147.3,147.3,147.3,147.3,147.3,147.3,147.3
2013-06-01,,,,,,,,,,,,,,,,,,,,,,,,,,,,,,,,,,,,,,,,,145.4,145.4,145.4,145.4,145.4,145.4,145.4,145.4,145.4,145.4,145.4,145.4,145.4,145.4,145.4,145.4,145.4,145.4,145.4,145.4,145.4,145.4,145.4,145.4,145.4,145.4,145.4,145.4,145.4,145.4,145.4,145.4,145.4,145.4,145.4,145.4,145.4,145.4,145.4,145.4,145.4,145.4,145.4,145.4,145.4,145.4,145.4,145.4,145.4,145.4,145.4,145.4,145.4,145.4,145.4,145.4,145.4,145.4,145.4,145.4,145.4,145.4,145.4,145.4,145.4,145.4,145.4,145.4,145.4,145.4,145.4,145.4,145.4,145.4,145.4,145.4,145.4,145.4,145.4,145.4,145.4,145.4,145.4,145.4,145.4,145.4,145.4,145.4,145.4,145.4,145.4,145.4,145.4,145.4,145.4,145.4,145.4,145.4,145.4,145.4,145.4,145.4,145.4,145.4,145.4,145.4,145.4,145.4,145.4,145.4,145.4,145.4,145.4,145.4,145.4,145.4,145.4,145.4,145.4,145.4,145.4,145.4,145.4,145.4,145.4,145.4,145.4,145.4,145.4,145.4,145.4,145.4,145.4,145.4,145.4,145.4,145.4,145.4,145.4,145.4,145.4,145.4,145.4,145.4,145.4,145.4,145.4,145.4,145.4,145.4,145.4,145.4,145.4,145.4,145.4,145.4,145.4,145.4
2013-07-01,,,,,,,,,,,,,,,,,,,,,,,,,,,,,,,,,,,,,,,,,,145.0,145.0,145.4,145.4,145.4,145.4,145.4,145.4,145.4,145.4,145.4,145.4,145.4,145.4,145.4,145.4,145.4,145.4,145.4,145.4,145.4,145.4,145.4,145.4,145.4,145.4,145.4,145.4,145.4,145.4,145.4,145.4,145.4,145.4,145.4,145.4,145.4,145.4,145.4,145.4,145.4,145.4,145.4,145.4,145.4,145.4,145.4,145.4,145.4,145.4,145.4,145.4,145.4,145.4,145.4,145.4,145.4,145.4,145.4,145.4,145.4,145.4,145.4,145.4,145.4,145.4,145.4,145.4,145.4,145.4,145.4,145.4,145.4,145.4,145.4,145.4,145.4,145.4,145.4,145.4,145.4,145.4,145.4,145.4,145.4,145.4,145.4,145.4,145.4,145.4,145.4,145.4,145.4,145.4,145.4,145.4,145.4,145.4,145.4,145.4,145.4,145.4,145.4,145.4,145.4,145.4,145.4,145.4,145.4,145.4,145.4,145.4,145.4,145.4,145.4,145.4,145.4,145.4,145.4,145.4,145.4,145.4,145.4,145.4,145.4,145.4,145.4,145.4,145.4,145.4,145.4,145.4,145.4,145.4,145.4,145.4,145.4,145.4,145.4,145.4,145.4,145.4,145.4,145.4,145.4,145.4,145.4,145.4,145.4,145.4,145.4,145.4,145.4,145.4,145.4,145.4,145.4
2013-08-01,,,,,,,,,,,,,,,,,,,,,,,,,,,,,,,,,,,,,,,,,,,145.4,145.6,145.6,145.6,145.6,145.6,145.6,145.6,145.6,145.6,145.6,145.6,145.6,145.6,145.6,145.6,145.6,145.6,145.6,145.6,145.6,145.6,145.6,145.6,145.6,145.6,145.6,145.6,145.6,145.6,145.6,145.6,145.6,145.6,145.6,145.6,145.6,145.6,145.6,145.6,145.6,145.6,145.6,145.6,145.6,145.6,145.6,145.6,145.6,145.6,145.6,145.6,145.6,145.6,145.6,145.6,145.6,145.6,145.6,145.6,145.6,145.6,145.6,145.6,145.6,145.6,145.6,145.6,145.6,145.6,145.6,145.6,145.6,145.6,145.6,145.6,145.6,145.6,145.6,145.6,145.6,145.6,145.6,145.6,145.6,145.6,145.6,145.6,145.6,145.6,145.6,145.6,145.6,145.6,145.6,145.6,145.6,145.6,145.6,145.6,145.6,145.6,145.6,145.6,145.6,145.6,145.6,145.6,145.6,145.6,145.6,145.6,145.6,145.6,145.6,145.6,145.6,145.6,145.6,145.6,145.6,145.6,145.6,145.6,145.6,145.6,145.6,145.6,145.6,145.6,145.6,145.6,145.6,145.6,145.6,145.6,145.6,145.6,145.6,145.6,145.6,145.6,145.6,145.6,145.6,145.6,145.6,145.6,145.6,145.6,145.6,145.6,145.6,145.6,145.6,145.6
2013-09-01,,,,,,,,,,,,,,,,,,,,,,,,,,,,,,,,,,,,,,,,,,,,145.8,145.8,145.8,145.8,145.8,145.8,145.8,145.8,145.8,145.8,145.8,145.8,145.8,145.8,145.8,145.8,145.8,145.8,145.8,145.8,145.8,145.8,145.8,145.8,145.8,145.8,145.8,145.8,145.8,145.8,145.8,145.8,145.8,145.8,145.8,145.8,145.8,145.8,145.8,145.8,145.8,145.8,145.8,145.8,145.8,145.8,145.8,145.8,145.8,145.8,145.8,145.8,145.8,145.8,145.8,145.8,145.8,145.8,145.8,145.8,145.8,145.8,145.8,145.8,145.8,145.8,145.8,145.8,145.8,145.8,145.8,145.8,145.8,145.8,145.8,145.8,145.8,145.8,145.8,145.8,145.8,145.8,145.8,145.8,145.8,145.8,145.8,145.8,145.8,145.8,145.8,145.8,145.8,145.8,145.8,145.8,145.8,145.8,145.8,145.8,145.8,145.8,145.8,145.8,145.8,145.8,145.8,145.8,145.8,145.8,145.8,145.8,145.8,145.8,145.8,145.8,145.8,145.8,145.8,145.8,145.8,145.8,145.8,145.8,145.8,145.8,145.8,145.8,145.8,145.8,145.8,145.8,145.8,145.8,145.8,145.8,145.8,145.8,145.8,145.8,145.8,145.8,145.8,145.8,145.8,145.8,145.8,145.8,145.8,145.8,145.8,145.8,145.8,145.8,145.8
2013-10-01,,,,,,,,,,,,,,,,,,,,,,,,,,,,,,,,,,,,,,,,,,,,,146.2,146.2,146.2,146.2,146.2,146.2,146.2,146.2,146.2,146.2,146.2,146.2,146.2,146.2,146.2,146.2,146.2,146.2,146.2,146.2,146.2,146.2,146.2,146.2,146.2,146.2,146.2,146.2,146.2,146.2,146.2,146.2,146.2,146.2,146.2,146.2,146.2,146.2,146.2,146.2,146.2,146.2,146.2,146.2,146.2,146.2,146.2,146.2,146.2,146.2,146.2,146.2,146.2,146.2,146.2,146.2,146.2,146.2,146.2,146.2,146.2,146.2,146.2,146.2,146.2,146.2,146.2,146.2,146.2,146.2,146.2,146.2,146.2,146.2,146.2,146.2,146.2,146.2,146.2,146.2,146.2,146.2,146.2,146.2,146.2,146.2,146.2,146.2,146.2,146.2,146.2,146.2,146.2,146.2,146.2,146.2,146.2,146.2,146.2,146.2,146.2,146.2,146.2,146.2,146.2,146.2,146.2,146.2,146.2,146.2,146.2,146.2,146.2,146.2,146.2,146.2,146.2,146.2,146.2,146.2,146.2,146.2,146.2,146.2,146.2,146.2,146.2,146.2,146.2,146.2,146.2,146.2,146.2,146.2,146.2,146.2,146.2,146.2,146.2,146.2,146.2,146.2,146.2,146.2,146.2,146.2,146.2,146.2,146.2,146.2,146.2,146.2,146.2,146.2
2013-11-01,,,,,,,,,,,,,,,,,,,,,,,,,,,,,,,,,,,,,,,,,,,,,,146.8,146.8,146.8,146.6,146.6,146.6,146.6,146.6,146.6,146.6,146.6,146.6,146.6,146.6,146.6,146.6,146.6,146.6,146.6,146.6,146.6,146.6,146.6,146.6,146.6,146.6,146.6,146.6,146.6,146.6,146.6,146.6,146.6,146.6,146.6,146.6,146.6,146.6,146.6,146.6,146.6,146.6,146.6,146.6,146.6,146.6,146.6,146.6,146.6,146.6,146.6,146.6,146.6,146.6,146.6,146.6,146.6,146.6,146.6,146.6,146.6,146.6,146.6,146.6,146.6,146.6,146.6,146.6,146.6,146.6,146.6,146.6,146.6,146.6,146.6,146.6,146.6,146.6,146.6,146.6,146.6,146.6,146.6,146.6,146.6,146.6,146.6,146.6,146.6,146.6,146.6,146.6,146.6,146.6,146.6,146.6,146.6,146.6,146.6,146.6,146.6,146.6,146.6,146.6,146.6,146.6,146.6,146.6,146.6,146.6,146.6,146.6,146.6,146.6,146.6,146.6,146.6,146.6,146.6,146.6,146.6,146.6,146.6,146.6,146.6,146.6,146.6,146.6,146.6,146.6,146.6,146.6,146.6,146.6,146.6,146.6,146.6,146.6,146.6,146.6,146.6,146.6,146.6,146.6,146.6,146.6,146.6,146.6,146.6,146.6,146.6,146.6,146.6
2013-12-01,,,,,,,,,,,,,,,,,,,,,,,,,,,,,,,,,,,,,,,,,,,,,,,146.9,146.9,146.7,146.7,146.7,146.7,146.7,146.7,146.7,146.7,146.7,146.7,146.7,146.7,146.7,146.7,146.7,146.7,146.7,146.7,146.7,146.7,146.7,146.7,146.7,146.7,146.7,146.7,146.7,146.7,146.7,146.7,146.7,146.7,146.7,146.7,146.7,146.7,146.7,146.7,146.7,146.7,146.7,146.7,146.7,146.7,146.7,146.7,146.7,146.7,146.7,146.7,146.7,146.7,146.7,146.7,146.7,146.7,146.7,146.7,146.7,146.7,146.7,146.7,146.7,146.7,146.7,146.7,146.7,146.7,146.7,146.7,146.7,146.7,146.7,146.7,146.7,146.7,146.7,146.7,146.7,146.7,146.7,146.7,146.7,146.7,146.7,146.7,146.7,146.7,146.7,146.7,146.7,146.7,146.7,146.7,146.7,146.7,146.7,146.7,146.7,146.7,146.7,146.7,146.7,146.7,146.7,146.7,146.7,146.7,146.7,146.7,146.7,146.7,146.7,146.7,146.7,146.7,146.7,146.7,146.7,146.7,146.7,146.7,146.7,146.7,146.7,146.7,146.7,146.7,146.7,146.7,146.7,146.7,146.7,146.7,146.7,146.7,146.7,146.7,146.7,146.7,146.7,146.7,146.7,146.7,146.7,146.7,146.7,146.7,146.7,146.7
2014-01-01,,,,,,,,,,,,,,,,,,,,,,,,,,,,,,,,,,,,,,,,,,,,,,,,147.8,147.6,147.6,148.0,148.0,148.0,148.0,148.0,148.0,148.0,148.0,148.0,148.0,148.0,148.0,148.0,148.0,148.0,148.0,148.0,148.0,148.0,148.0,148.0,148.0,148.0,148.0,148.0,148.0,148.0,148.0,148.0,148.0,148.0,148.0,148.0,148.0,148.0,148.0,148.0,148.0,148.0,148.0,148.0,148.0,148.0,148.0,148.0,148.0,148.0,148.0,148.0,148.0,148.0,148.0,148.0,148.0,148.0,148.0,148.0,148.0,148.0,148.0,148.0,148.0,148.0,148.0,148.0,148.0,148.0,148.0,148.0,148.0,148.0,148.0,148.0,148.0,148.0,148.0,148.0,148.0,148.0,148.0,148.0,148.0,148.0,148.0,148.0,148.0,148.0,148.0,148.0,148.0,148.0,148.0,148.0,148.0,148.0,148.0,148.0,148.0,148.0,148.0,148.0,148.0,148.0,148.0,148.0,148.0,148.0,148.0,148.0,148.0,148.0,148.0,148.0,148.0,148.0,148.0,148.0,148.0,148.0,148.0,148.0,148.0,148.0,148.0,148.0,148.0,148.0,148.0,148.0,148.0,148.0,148.0,148.0,148.0,148.0,148.0,148.0,148.0,148.0,148.0,148.0,148.0,148.0,148.0,148.0,148.0,148.0,148.0
2014-02-01,,,,,,,,,,,,,,,,,,,,,,,,,,,,,,,,,,,,,,,,,,,,,,,,,147.6,147.6,148.0,148.0,148.0,148.0,148.0,148.0,148.0,148.0,148.0,148.0,148.0,148.0,148.0,148.0,148.0,148.0,148.0,148.0,148.0,148.0,148.0,148.0,148.0,148.0,148.0,148.0,148.0,148.0,148.0,148.0,148.0,148.0,148.0,148.0,148.0,148.0,148.0,148.0,148.0,148.0,148.0,148.0,148.0,148.0,148.0,148.0,148.0,148.0,148.0,148.0,148.0,148.0,148.0,148.0,148.0,148.0,148.0,148.0,148.0,148.0,148.0,148.0,148.0,148.0,148.0,148.0,148.0,148.0,148.0,148.0,148.0,148.0,148.0,148.0,148.0,148.0,148.0,148.0,148.0,148.0,148.0,148.0,148.0,148.0,148.0,148.0,148.0,148.0,148.0,148.0,148.0,148.0,148.0,148.0,148.0,148.0,148.0,148.0,148.0,148.0,148.0,148.0,148.0,148.0,148.0,148.0,148.0,148.0,148.0,148.0,148.0,148.0,148.0,148.0,148.0,148.0,148.0,148.0,148.0,148.0,148.0,148.0,148.0,148.0,148.0,148.0,148.0,148.0,148.0,148.0,148.0,148.0,148.0,148.0,148.0,148.0,148.0,148.0,148.0,148.0,148.0,148.0,148.0,148.0,148.0,148.0,148.0,148.0
2014-03-01,,,,,,,,,,,,,,,,,,,,,,,,,,,,,,,,,,,,,,,,,,,,,,,,,,148.2,148.6,148.6,148.6,148.6,148.6,148.6,148.6,148.6,148.6,148.6,148.6,148.6,148.6,148.6,148.6,148.6,148.6,148.6,148.6,148.6,148.6,148.6,148.6,148.6,148.6,148.6,148.6,148.6,148.6,148.6,148.6,148.6,148.6,148.6,148.6,148.6,148.6,148.6,148.6,148.6,148.6,148.6,148.6,148.6,148.6,148.6,148.6,148.6,148.6,148.6,148.6,148.6,148.6,148.6,148.6,148.6,148.6,148.6,148.6,148.6,148.6,148.6,148.6,148.6,148.6,148.6,148.6,148.6,148.6,148.6,148.6,148.6,148.6,148.6,148.6,148.6,148.6,148.6,148.6,148.6,148.6,148.6,148.6,148.6,148.6,148.6,148.6,148.6,148.6,148.6,148.6,148.6,148.6,148.6,148.6,148.6,148.6,148.6,148.6,148.6,148.6,148.6,148.6,148.6,148.6,148.6,148.6,148.6,148.6,148.6,148.6,148.6,148.6,148.6,148.6,148.6,148.6,148.6,148.6,148.6,148.6,148.6,148.6,148.6,148.6,148.6,148.6,148.6,148.6,148.6,148.6,148.6,148.6,148.6,148.6,148.6,148.6,148.6,148.6,148.6,148.6,148.6,148.6,148.6,148.6,148.6,148.6,148.6
2014-04-01,,,,,,,,,,,,,,,,,,,,,,,,,,,,,,,,,,,,,,,,,,,,,,,,,,,148.3,148.3,148.3,148.3,148.3,148.3,148.3,148.3,148.3,148.3,148.3,148.3,148.3,148.3,148.3,148.3,148.3,148.3,148.3,148.3,148.3,148.3,148.3,148.3,148.3,148.3,148.3,148.3,148.3,148.3,148.3,148.3,148.3,148.3,148.3,148.3,148.3,148.3,148.3,148.3,148.3,148.3,148.3,148.3,148.3,148.3,148.3,148.3,148.3,148.3,148.3,148.3,148.3,148.3,148.3,148.3,148.3,148.3,148.3,148.3,148.3,148.3,148.3,148.3,148.3,148.3,148.3,148.3,148.3,148.3,148.3,148.3,148.3,148.3,148.3,148.3,148.3,148.3,148.3,148.3,148.3,148.3,148.3,148.3,148.3,148.3,148.3,148.3,148.3,148.3,148.3,148.3,148.3,148.3,148.3,148.3,148.3,148.3,148.3,148.3,148.3,148.3,148.3,148.3,148.3,148.3,148.3,148.3,148.3,148.3,148.3,148.3,148.3,148.3,148.3,148.3,148.3,148.3,148.3,148.3,148.3,148.3,148.3,148.3,148.3,148.3,148.3,148.3,148.3,148.3,148.3,148.3,148.3,148.3,148.3,148.3,148.3,148.3,148.3,148.3,148.3,148.3,148.3,148.3,148.3,148.3,148.3,148.3
2014-05-01,,,,,,,,,,,,,,,,,,,,,,,,,,,,,,,,,,,,,,,,,,,,,,,,,,,,153.1,153.0,153.0,153.0,153.0,153.0,153.0,153.0,153.0,153.0,153.0,153.0,153.0,153.0,153.0,153.0,153.0,153.0,153.0,153.0,153.0,153.0,153.0,153.0,153.0,153.0,153.0,153.0,153.0,153.0,153.0,153.0,153.0,153.0,153.0,153.0,153.0,153.0,153.0,153.0,153.0,153.0,153.0,153.0,153.0,153.0,153.0,153.0,153.0,153.0,153.0,153.0,153.0,153.0,153.0,153.0,153.0,153.0,153.0,153.0,153.0,153.0,153.0,153.0,153.0,153.0,153.0,153.0,153.0,153.0,153.0,153.0,153.0,153.0,153.0,153.0,153.0,153.0,153.0,153.0,153.0,153.0,153.0,153.0,153.0,153.0,153.0,153.0,153.0,153.0,153.0,153.0,153.0,153.0,153.0,153.0,153.0,153.0,153.0,153.0,153.0,153.0,153.0,153.0,153.0,153.0,153.0,153.0,153.0,153.0,153.0,153.0,153.0,153.0,153.0,153.0,153.0,153.0,153.0,153.0,153.0,153.0,153.0,153.0,153.0,153.0,153.0,153.0,153.0,153.0,153.0,153.0,153.0,153.0,153.0,153.0,153.0,153.0,153.0,153.0,153.0,153.0,153.0,153.0,153.0,153.0,153.0
2014-06-01,,,,,,,,,,,,,,,,,,,,,,,,,,,,,,,,,,,,,,,,,,,,,,,,,,,,,153.2,153.2,153.2,153.1,153.1,153.1,153.1,153.1,153.1,153.1,153.1,153.1,153.1,153.1,153.1,153.1,153.1,153.1,153.1,153.1,153.1,153.1,153.1,153.1,153.1,153.1,153.1,153.1,153.1,153.1,153.1,153.1,153.1,153.1,153.1,153.1,153.1,153.1,153.1,153.1,153.1,153.1,153.1,153.1,153.1,153.1,153.1,153.1,153.1,153.1,153.1,153.1,153.1,153.1,153.1,153.1,153.1,153.1,153.1,153.1,153.1,153.1,153.1,153.1,153.1,153.1,153.1,153.1,153.1,153.1,153.1,153.1,153.1,153.1,153.1,153.1,153.1,153.1,153.1,153.1,153.1,153.1,153.1,153.1,153.1,153.1,153.1,153.1,153.1,153.1,153.1,153.1,153.1,153.1,153.1,153.1,153.1,153.1,153.1,153.1,153.1,153.1,153.1,153.1,153.1,153.1,153.1,153.1,153.1,153.1,153.1,153.1,153.1,153.1,153.1,153.1,153.1,153.1,153.1,153.1,153.1,153.1,153.1,153.1,153.1,153.1,153.1,153.1,153.1,153.1,153.1,153.1,153.1,153.1,153.1,153.1,153.1,153.1,153.1,153.1,153.1,153.1,153.1,153.1,153.1,153.1
2014-07-01,,,,,,,,,,,,,,,,,,,,,,,,,,,,,,,,,,,,,,,,,,,,,,,,,,,,,,153.2,153.2,153.1,153.1,153.1,153.1,153.1,153.1,153.1,153.1,153.1,153.1,153.1,153.1,153.1,153.1,153.1,153.1,153.1,153.1,153.1,153.1,153.1,153.1,153.1,153.1,153.1,153.1,153.1,153.1,153.1,153.1,153.1,153.1,153.1,153.1,153.1,153.1,153.1,153.1,153.1,153.1,153.1,153.1,153.1,153.1,153.1,153.1,153.1,153.1,153.1,153.1,153.1,153.1,153.1,153.1,153.1,153.1,153.1,153.1,153.1,153.1,153.1,153.1,153.1,153.1,153.1,153.1,153.1,153.1,153.1,153.1,153.1,153.1,153.1,153.1,153.1,153.1,153.1,153.1,153.1,153.1,153.1,153.1,153.1,153.1,153.1,153.1,153.1,153.1,153.1,153.1,153.1,153.1,153.1,153.1,153.1,153.1,153.1,153.1,153.1,153.1,153.1,153.1,153.1,153.1,153.1,153.1,153.1,153.1,153.1,153.1,153.1,153.1,153.1,153.1,153.1,153.1,153.1,153.1,153.1,153.1,153.1,153.1,153.1,153.1,153.1,153.1,153.1,153.1,153.1,153.1,153.1,153.1,153.1,153.1,153.1,153.1,153.1,153.1,153.1,153.1,153.1,153.1,153.1
2014-08-01,,,,,,,,,,,,,,,,,,,,,,,,,,,,,,,,,,,,,,,,,,,,,,,,,,,,,,,153.2,153.1,153.1,153.1,153.1,153.1,153.1,153.1,153.1,153.1,153.1,153.1,153.1,153.1,153.1,153.1,153.1,153.1,153.1,153.1,153.1,153.1,153.1,153.1,153.1,153.1,153.1,153.1,153.1,153.1,153.1,153.1,153.1,153.1,153.1,153.1,153.1,153.1,153.1,153.1,153.1,153.1,153.1,153.1,153.1,153.1,153.1,153.1,153.1,153.1,153.1,153.1,153.1,153.1,153.1,153.1,153.1,153.1,153.1,153.1,153.1,153.1,153.1,153.1,153.1,153.1,153.1,153.1,153.1,153.1,153.1,153.1,153.1,153.1,153.1,153.1,153.1,153.1,153.1,153.1,153.1,153.1,153.1,153.1,153.1,153.1,153.1,153.1,153.1,153.1,153.1,153.1,153.1,153.1,153.1,153.1,153.1,153.1,153.1,153.1,153.1,153.1,153.1,153.1,153.1,153.1,153.1,153.1,153.1,153.1,153.1,153.1,153.1,153.1,153.1,153.1,153.1,153.1,153.1,153.1,153.1,153.1,153.1,153.1,153.1,153.1,153.1,153.1,153.1,153.1,153.1,153.1,153.1,153.1,153.1,153.1,153.1,153.1,153.1,153.1,153.1,153.1,153.1,153.1
2014-09-01,,,,,,,,,,,,,,,,,,,,,,,,,,,,,,,,,,,,,,,,,,,,,,,,,,,,,,,,153.1,153.0,153.0,153.0,153.0,153.0,153.0,153.0,153.0,153.0,153.0,153.0,153.0,153.0,153.0,153.0,153.0,153.0,153.0,153.0,153.0,153.0,153.0,153.0,153.0,153.0,153.0,153.0,153.0,153.0,153.0,153.0,153.0,153.0,153.0,153.0,153.0,153.0,153.0,153.0,153.0,153.0,153.0,153.0,153.0,153.0,153.0,153.0,153.0,153.0,153.0,153.0,153.0,153.0,153.0,153.0,153.0,153.0,153.0,153.0,153.0,153.0,153.0,153.0,153.0,153.0,153.0,153.0,153.0,153.0,153.0,153.0,153.0,153.0,153.0,153.0,153.0,153.0,153.0,153.0,153.0,153.0,153.0,153.0,153.0,153.0,153.0,153.0,153.0,153.0,153.0,153.0,153.0,153.0,153.0,153.0,153.0,153.0,153.0,153.0,153.0,153.0,153.0,153.0,153.0,153.0,153.0,153.0,153.0,153.0,153.0,153.0,153.0,153.0,153.0,153.0,153.0,153.0,153.0,153.0,153.0,153.0,153.0,153.0,153.0,153.0,153.0,153.0,153.0,153.0,153.0,153.0,153.0,153.0,153.0,153.0,153.0,153.0,153.0,153.0,153.0,153.0,153.0
2014-10-01,,,,,,,,,,,,,,,,,,,,,,,,,,,,,,,,,,,,,,,,,,,,,,,,,,,,,,,,,152.9,152.9,153.0,153.0,153.0,153.0,153.0,153.0,153.0,153.0,153.0,153.0,153.0,153.0,153.0,153.0,153.0,153.0,153.0,153.0,153.0,153.0,153.0,153.0,153.0,153.0,153.0,153.0,153.0,153.0,153.0,153.0,153.0,153.0,153.0,153.0,153.0,153.0,153.0,153.0,153.0,153.0,153.0,153.0,153.0,153.0,153.0,153.0,153.0,153.0,153.0,153.0,153.0,153.0,153.0,153.0,153.0,153.0,153.0,153.0,153.0,153.0,153.0,153.0,153.0,153.0,153.0,153.0,153.0,153.0,153.0,153.0,153.0,153.0,153.0,153.0,153.0,153.0,153.0,153.0,153.0,153.0,153.0,153.0,153.0,153.0,153.0,153.0,153.0,153.0,153.0,153.0,153.0,153.0,153.0,153.0,153.0,153.0,153.0,153.0,153.0,153.0,153.0,153.0,153.0,153.0,153.0,153.0,153.0,153.0,153.0,153.0,153.0,153.0,153.0,153.0,153.0,153.0,153.0,153.0,153.0,153.0,153.0,153.0,153.0,153.0,153.0,153.0,153.0,153.0,153.0,153.0,153.0,153.0,153.0,153.0,153.0,153.0,153.0,153.0,153.0,153.0
2014-11-01,,,,,,,,,,,,,,,,,,,,,,,,,,,,,,,,,,,,,,,,,,,,,,,,,,,,,,,,,,152.7,152.7,152.7,152.8,152.8,152.8,152.8,152.8,152.8,152.8,152.8,152.8,152.8,152.8,152.8,152.8,152.8,152.8,152.8,152.8,152.8,152.8,152.8,152.8,152.8,152.8,152.8,152.8,152.8,152.8,152.8,152.8,152.8,152.8,152.8,152.8,152.8,152.8,152.8,152.8,152.8,152.8,152.8,152.8,152.8,152.8,152.8,152.8,152.8,152.8,152.8,152.8,152.8,152.8,152.8,152.8,152.8,152.8,152.8,152.8,152.8,152.8,152.8,152.8,152.8,152.8,152.8,152.8,152.8,152.8,152.8,152.8,152.8,152.8,152.8,152.8,152.8,152.8,152.8,152.8,152.8,152.8,152.8,152.8,152.8,152.8,152.8,152.8,152.8,152.8,152.8,152.8,152.8,152.8,152.8,152.8,152.8,152.8,152.8,152.8,152.8,152.8,152.8,152.8,152.8,152.8,152.8,152.8,152.8,152.8,152.8,152.8,152.8,152.8,152.8,152.8,152.8,152.8,152.8,152.8,152.8,152.8,152.8,152.8,152.8,152.8,152.8,152.8,152.8,152.8,152.8,152.8,152.8,152.8,152.8,152.8,152.8,152.8,152.8,152.8,152.8
2014-12-01,,,,,,,,,,,,,,,,,,,,,,,,,,,,,,,,,,,,,,,,,,,,,,,,,,,,,,,,,,,152.2,152.2,152.3,152.3,152.3,152.3,152.3,152.3,152.3,152.3,152.3,152.3,152.3,152.3,152.3,152.3,152.3,152.3,152.3,152.3,152.3,152.3,152.3,152.3,152.3,152.3,152.3,152.3,152.3,152.3,152.3,152.3,152.3,152.3,152.3,152.3,152.3,152.3,152.3,152.3,152.3,152.3,152.3,152.3,152.3,152.3,152.3,152.3,152.3,152.3,152.3,152.3,152.3,152.3,152.3,152.3,152.3,152.3,152.3,152.3,152.3,152.3,152.3,152.3,152.3,152.3,152.3,152.3,152.3,152.3,152.3,152.3,152.3,152.3,152.3,152.3,152.3,152.3,152.3,152.3,152.3,152.3,152.3,152.3,152.3,152.3,152.3,152.3,152.3,152.3,152.3,152.3,152.3,152.3,152.3,152.3,152.3,152.3,152.3,152.3,152.3,152.3,152.3,152.3,152.3,152.3,152.3,152.3,152.3,152.3,152.3,152.3,152.3,152.3,152.3,152.3,152.3,152.3,152.3,152.3,152.3,152.3,152.3,152.3,152.3,152.3,152.3,152.3,152.3,152.3,152.3,152.3,152.3,152.3,152.3,152.3,152.3,152.3,152.3,152.3
2015-01-01,,,,,,,,,,,,,,,,,,,,,,,,,,,,,,,,,,,,,,,,,,,,,,,,,,,,,,,,,,,,151.2,151.4,151.3,151.3,151.3,151.3,151.3,151.3,151.3,151.3,151.3,151.3,151.3,151.3,151.3,151.3,151.3,151.3,151.3,151.3,151.3,151.3,151.3,151.3,151.3,151.3,151.3,151.3,151.3,151.3,151.3,151.3,151.3,151.3,151.3,151.3,151.3,151.3,151.3,151.3,151.3,151.3,151.3,151.3,151.3,151.3,151.3,151.3,151.3,151.3,151.3,151.3,151.3,151.3,151.3,151.3,151.3,151.3,151.3,151.3,151.3,151.3,151.3,151.3,151.3,151.3,151.3,151.3,151.3,151.3,151.3,151.3,151.3,151.3,151.3,151.3,151.3,151.3,151.3,151.3,151.3,151.3,151.3,151.3,151.3,151.3,151.3,151.3,151.3,151.3,151.3,151.3,151.3,151.3,151.3,151.3,151.3,151.3,151.3,151.3,151.3,151.3,151.3,151.3,151.3,151.3,151.3,151.3,151.3,151.3,151.3,151.3,151.3,151.3,151.3,151.3,151.3,151.3,151.3,151.3,151.3,151.3,151.3,151.3,151.3,151.3,151.3,151.3,151.3,151.3,151.3,151.3,151.3,151.3,151.3,151.3,151.3,151.3,151.3
2015-02-01,,,,,,,,,,,,,,,,,,,,,,,,,,,,,,,,,,,,,,,,,,,,,,,,,,,,,,,,,,,,,150.8,150.6,150.4,149.9,149.9,149.9,149.9,149.9,149.9,149.9,149.9,149.9,149.9,149.9,149.9,149.9,149.9,149.9,149.9,149.9,149.9,149.9,149.9,149.9,149.9,149.9,149.9,149.9,149.9,149.9,149.9,149.9,149.9,149.9,149.9,149.9,149.9,149.9,149.9,149.9,149.9,149.9,149.9,149.9,149.9,149.9,149.9,149.9,149.9,149.9,149.9,149.9,149.9,149.9,149.9,149.9,149.9,149.9,149.9,149.9,149.9,149.9,149.9,149.9,149.9,149.9,149.9,149.9,149.9,149.9,149.9,149.9,149.9,149.9,149.9,149.9,149.9,149.9,149.9,149.9,149.9,149.9,149.9,149.9,149.9,149.9,149.9,149.9,149.9,149.9,149.9,149.9,149.9,149.9,149.9,149.9,149.9,149.9,149.9,149.9,149.9,149.9,149.9,149.9,149.9,149.9,149.9,149.9,149.9,149.9,149.9,149.9,149.9,149.9,149.9,149.9,149.9,149.9,149.9,149.9,149.9,149.9,149.9,149.9,149.9,149.9,149.9,149.9,149.9,149.9,149.9,149.9,149.9,149.9,149.9,149.9,149.9,149.9
2015-03-01,,,,,,,,,,,,,,,,,,,,,,,,,,,,,,,,,,,,,,,,,,,,,,,,,,,,,,,,,,,,,,149.5,149.4,149.0,149.0,149.0,149.0,149.0,149.0,149.0,149.0,149.0,149.0,149.0,149.0,149.0,149.0,149.0,149.0,149.0,149.0,149.0,149.0,149.0,149.0,149.0,149.0,149.0,149.0,149.0,149.0,149.0,149.0,149.0,149.0,149.0,149.0,149.0,149.0,149.0,149.0,149.0,149.0,149.0,149.0,149.0,149.0,149.0,149.0,149.0,149.0,149.0,149.0,149.0,149.0,149.0,149.0,149.0,149.0,149.0,149.0,149.0,149.0,149.0,149.0,149.0,149.0,149.0,149.0,149.0,149.0,149.0,149.0,149.0,149.0,149.0,149.0,149.0,149.0,149.0,149.0,149.0,149.0,149.0,149.0,149.0,149.0,149.0,149.0,149.0,149.0,149.0,149.0,149.0,149.0,149.0,149.0,149.0,149.0,149.0,149.0,149.0,149.0,149.0,149.0,149.0,149.0,149.0,149.0,149.0,149.0,149.0,149.0,149.0,149.0,149.0,149.0,149.0,149.0,149.0,149.0,149.0,149.0,149.0,149.0,149.0,149.0,149.0,149.0,149.0,149.0,149.0,149.0,149.0,149.0,149.0,149.0,149.0
2015-04-01,,,,,,,,,,,,,,,,,,,,,,,,,,,,,,,,,,,,,,,,,,,,,,,,,,,,,,,,,,,,,,,144.9,144.4,145.7,145.7,145.7,145.7,145.7,145.7,145.7,145.7,145.7,145.7,145.7,145.7,145.7,145.7,145.7,145.7,145.7,145.7,145.7,145.7,145.7,145.7,145.7,145.7,145.7,145.7,145.7,145.7,145.7,145.7,145.7,145.7,145.7,145.7,145.7,145.7,145.7,145.7,145.7,145.7,145.7,145.7,145.7,145.7,145.7,145.7,145.7,145.7,145.7,145.7,145.7,145.7,145.7,145.7,145.7,145.7,145.7,145.7,145.7,145.7,145.7,145.7,145.7,145.7,145.7,145.7,145.7,145.7,145.7,145.7,145.7,145.7,145.7,145.7,145.7,145.7,145.7,145.7,145.7,145.7,145.7,145.7,145.7,145.7,145.7,145.7,145.7,145.7,145.7,145.7,145.7,145.7,145.7,145.7,145.7,145.7,145.7,145.7,145.7,145.7,145.7,145.7,145.7,145.7,145.7,145.7,145.7,145.7,145.7,145.7,145.7,145.7,145.7,145.7,145.7,145.7,145.7,145.7,145.7,145.7,145.7,145.7,145.7,145.7,145.7,145.7,145.7,145.7,145.7,145.7,145.7,145.7,145.7,145.7
2015-05-01,,,,,,,,,,,,,,,,,,,,,,,,,,,,,,,,,,,,,,,,,,,,,,,,,,,,,,,,,,,,,,,,147.5,148.6,148.6,149.1,149.1,149.1,149.1,149.1,149.1,149.1,149.1,149.1,149.1,149.1,149.1,149.1,149.1,149.1,149.1,149.1,149.1,149.1,149.1,149.1,149.1,149.1,149.1,149.1,149.1,149.1,149.1,149.1,149.1,149.1,149.1,149.1,149.1,149.1,149.1,149.1,149.1,149.1,149.1,149.1,149.1,149.1,149.1,149.1,149.1,149.1,149.1,149.1,149.1,149.1,149.1,149.1,149.1,149.1,149.1,149.1,149.1,149.1,149.1,149.1,149.1,149.1,149.1,149.1,149.1,149.1,149.1,149.1,149.1,149.1,149.1,149.1,149.1,149.1,149.1,149.1,149.1,149.1,149.1,149.1,149.1,149.1,149.1,149.1,149.1,149.1,149.1,149.1,149.1,149.1,149.1,149.1,149.1,149.1,149.1,149.1,149.1,149.1,149.1,149.1,149.1,149.1,149.1,149.1,149.1,149.1,149.1,149.1,149.1,149.1,149.1,149.1,149.1,149.1,149.1,149.1,149.1,149.1,149.1,149.1,149.1,149.1,149.1,149.1,149.1,149.1,149.1,149.1,149.1,149.1,149.1
2015-06-01,,,,,,,,,,,,,,,,,,,,,,,,,,,,,,,,,,,,,,,,,,,,,,,,,,,,,,,,,,,,,,,,,148.2,148.2,148.7,148.7,148.7,148.7,148.7,148.7,148.7,148.7,148.7,148.7,148.7,148.7,148.7,148.7,148.7,148.7,148.7,148.7,148.7,148.7,148.7,148.7,148.7,148.7,148.7,148.7,148.7,148.7,148.7,148.7,148.7,148.7,148.7,148.7,148.7,148.7,148.7,148.7,148.7,148.7,148.7,148.7,148.7,148.7,148.7,148.7,148.7,148.7,148.7,148.7,148.7,148.7,148.7,148.7,148.7,148.7,148.7,148.7,148.7,148.7,148.7,148.7,148.7,148.7,148.7,148.7,148.7,148.7,148.7,148.7,148.7,148.7,148.7,148.7,148.7,148.7,148.7,148.7,148.7,148.7,148.7,148.7,148.7,148.7,148.7,148.7,148.7,148.7,148.7,148.7,148.7,148.7,148.7,148.7,148.7,148.7,148.7,148.7,148.7,148.7,148.7,148.7,148.7,148.7,148.7,148.7,148.7,148.7,148.7,148.7,148.7,148.7,148.7,148.7,148.7,148.7,148.7,148.7,148.7,148.7,148.7,148.7,148.7,148.7,148.7,148.7,148.7,148.7,148.7,148.7,148.7,148.7
2015-07-01,,,,,,,,,,,,,,,,,,,,,,,,,,,,,,,,,,,,,,,,,,,,,,,,,,,,,,,,,,,,,,,,,,150.3,150.9,150.9,150.8,150.8,150.8,150.8,150.8,150.8,150.8,150.8,150.8,150.8,150.8,150.8,150.8,150.8,150.8,150.8,150.8,150.8,150.8,150.8,150.8,150.8,150.8,150.8,150.8,150.8,150.8,150.8,150.8,150.8,150.8,150.8,150.8,150.8,150.8,150.8,150.8,150.8,150.8,150.8,150.8,150.8,150.8,150.8,150.8,150.8,150.8,150.8,150.8,150.8,150.8,150.8,150.8,150.8,150.8,150.8,150.8,150.8,150.8,150.8,150.8,150.8,150.8,150.8,150.8,150.8,150.8,150.8,150.8,150.8,150.8,150.8,150.8,150.8,150.8,150.8,150.8,150.8,150.8,150.8,150.8,150.8,150.8,150.8,150.8,150.8,150.8,150.8,150.8,150.8,150.8,150.8,150.8,150.8,150.8,150.8,150.8,150.8,150.8,150.8,150.8,150.8,150.8,150.8,150.8,150.8,150.8,150.8,150.8,150.8,150.8,150.8,150.8,150.8,150.8,150.8,150.8,150.8,150.8,150.8,150.8,150.8,150.8,150.8,150.8,150.8,150.8,150.8,150.8,150.8
2015-08-01,,,,,,,,,,,,,,,,,,,,,,,,,,,,,,,,,,,,,,,,,,,,,,,,,,,,,,,,,,,,,,,,,,,149.1,149.4,149.3,149.3,149.3,149.3,149.3,149.3,149.3,149.3,149.3,149.3,149.3,149.3,149.3,149.3,149.3,149.3,149.3,149.3,149.3,149.3,149.3,149.3,149.3,149.3,149.3,149.3,149.3,149.3,149.3,149.3,149.3,149.3,149.3,149.3,149.3,149.3,149.3,149.3,149.3,149.3,149.3,149.3,149.3,149.3,149.3,149.3,149.3,149.3,149.3,149.3,149.3,149.3,149.3,149.3,149.3,149.3,149.3,149.3,149.3,149.3,149.3,149.3,149.3,149.3,149.3,149.3,149.3,149.3,149.3,149.3,149.3,149.3,149.3,149.3,149.3,149.3,149.3,149.3,149.3,149.3,149.3,149.3,149.3,149.3,149.3,149.3,149.3,149.3,149.3,149.3,149.3,149.3,149.3,149.3,149.3,149.3,149.3,149.3,149.3,149.3,149.3,149.3,149.3,149.3,149.3,149.3,149.3,149.3,149.3,149.3,149.3,149.3,149.3,149.3,149.3,149.3,149.3,149.3,149.3,149.3,149.3,149.3,149.3,149.3,149.3,149.3,149.3,149.3,149.3,149.3
2015-09-01,,,,,,,,,,,,,,,,,,,,,,,,,,,,,,,,,,,,,,,,,,,,,,,,,,,,,,,,,,,,,,,,,,,,148.7,148.6,148.4,148.4,148.4,148.4,148.4,148.4,148.4,148.4,148.4,148.4,148.4,148.4,148.4,148.4,148.4,148.4,148.4,148.4,148.4,148.4,148.4,148.4,148.4,148.4,148.4,148.4,148.4,148.4,148.4,148.4,148.4,148.4,148.4,148.4,148.4,148.4,148.4,148.4,148.4,148.4,148.4,148.4,148.4,148.4,148.4,148.4,148.4,148.4,148.4,148.4,148.4,148.4,148.4,148.4,148.4,148.4,148.4,148.4,148.4,148.4,148.4,148.4,148.4,148.4,148.4,148.4,148.4,148.4,148.4,148.4,148.4,148.4,148.4,148.4,148.4,148.4,148.4,148.4,148.4,148.4,148.4,148.4,148.4,148.4,148.4,148.4,148.4,148.4,148.4,148.4,148.4,148.4,148.4,148.4,148.4,148.4,148.4,148.4,148.4,148.4,148.4,148.4,148.4,148.4,148.4,148.4,148.4,148.4,148.4,148.4,148.4,148.4,148.4,148.4,148.4,148.4,148.4,148.4,148.4,148.4,148.4,148.4,148.4,148.4,148.4,148.4,148.4,148.4,148.4
2015-10-01,,,,,,,,,,,,,,,,,,,,,,,,,,,,,,,,,,,,,,,,,,,,,,,,,,,,,,,,,,,,,,,,,,,,,145.3,145.0,145.0,145.7,145.7,145.7,145.7,145.7,145.7,145.7,145.7,145.7,145.7,145.7,145.7,145.7,145.7,145.7,145.7,145.7,145.7,145.7,145.7,145.7,145.7,145.7,145.7,145.7,145.7,145.7,145.7,145.7,145.7,145.7,145.7,145.7,145.7,145.7,145.7,145.7,145.7,145.7,145.7,145.7,145.7,145.7,145.7,145.7,145.7,145.7,145.7,145.7,145.7,145.7,145.7,145.7,145.7,145.7,145.7,145.7,145.7,145.7,145.7,145.7,145.7,145.7,145.7,145.7,145.7,145.7,145.7,145.7,145.7,145.7,145.7,145.7,145.7,145.7,145.7,145.7,145.7,145.7,145.7,145.7,145.7,145.7,145.7,145.7,145.7,145.7,145.7,145.7,145.7,145.7,145.7,145.7,145.7,145.7,145.7,145.7,145.7,145.7,145.7,145.7,145.7,145.7,145.7,145.7,145.7,145.7,145.7,145.7,145.7,145.7,145.7,145.7,145.7,145.7,145.7,145.7,145.7,145.7,145.7,145.7,145.7,145.7,145.7,145.7,145.7,145.7
2015-11-01,,,,,,,,,,,,,,,,,,,,,,,,,,,,,,,,,,,,,,,,,,,,,,,,,,,,,,,,,,,,,,,,,,,,,,145.0,145.1,144.7,144.7,144.7,144.7,144.7,144.7,144.7,144.7,144.7,144.7,144.7,144.7,144.7,144.7,144.7,144.7,144.7,144.7,144.7,144.7,144.7,144.7,144.7,144.7,144.7,144.7,144.7,144.7,144.7,144.7,144.7,144.7,144.7,144.7,144.7,144.7,144.7,144.7,144.7,144.7,144.7,144.7,144.7,144.7,144.7,144.7,144.7,144.7,144.7,144.7,144.7,144.7,144.7,144.7,144.7,144.7,144.7,144.7,144.7,144.7,144.7,144.7,144.7,144.7,144.7,144.7,144.7,144.7,144.7,144.7,144.7,144.7,144.7,144.7,144.7,144.7,144.7,144.7,144.7,144.7,144.7,144.7,144.7,144.7,144.7,144.7,144.7,144.7,144.7,144.7,144.7,144.7,144.7,144.7,144.7,144.7,144.7,144.7,144.7,144.7,144.7,144.7,144.7,144.7,144.7,144.7,144.7,144.7,144.7,144.7,144.7,144.7,144.7,144.7,144.7,144.7,144.7,144.7,144.7,144.7,144.7,144.7,144.7,144.7,144.7,144.7,144.7
2015-12-01,,,,,,,,,,,,,,,,,,,,,,,,,,,,,,,,,,,,,,,,,,,,,,,,,,,,,,,,,,,,,,,,,,,,,,,144.6,144.3,144.3,144.3,144.3,144.3,144.3,144.3,144.3,144.3,144.3,144.3,144.3,144.3,144.3,144.3,144.3,144.3,144.3,144.3,144.3,144.3,144.3,144.3,144.3,144.3,144.3,144.3,144.3,144.3,144.3,144.3,144.3,144.3,144.3,144.3,144.3,144.3,144.3,144.3,144.3,144.3,144.3,144.3,144.3,144.3,144.3,144.3,144.3,144.3,144.3,144.3,144.3,144.3,144.3,144.3,144.3,144.3,144.3,144.3,144.3,144.3,144.3,144.3,144.3,144.3,144.3,144.3,144.3,144.3,144.3,144.3,144.3,144.3,144.3,144.3,144.3,144.3,144.3,144.3,144.3,144.3,144.3,144.3,144.3,144.3,144.3,144.3,144.3,144.3,144.3,144.3,144.3,144.3,144.3,144.3,144.3,144.3,144.3,144.3,144.3,144.3,144.3,144.3,144.3,144.3,144.3,144.3,144.3,144.3,144.3,144.3,144.3,144.3,144.3,144.3,144.3,144.3,144.3,144.3,144.3,144.3,144.3,144.3,144.3,144.3,144.3,144.3
2016-01-01,,,,,,,,,,,,,,,,,,,,,,,,,,,,,,,,,,,,,,,,,,,,,,,,,,,,,,,,,,,,,,,,,,,,,,,,144.0,144.0,144.0,144.5,144.5,144.5,144.5,144.5,144.5,144.5,144.5,144.5,144.5,144.5,144.5,144.5,144.5,144.5,144.5,144.5,144.5,144.5,144.5,144.5,144.5,144.5,144.5,144.5,144.5,144.5,144.5,144.5,144.5,144.5,144.5,144.5,144.5,144.5,144.5,144.5,144.5,144.5,144.5,144.5,144.5,144.5,144.5,144.5,144.5,144.5,144.5,144.5,144.5,144.5,144.5,144.5,144.5,144.5,144.5,144.5,144.5,144.5,144.5,144.5,144.5,144.5,144.5,144.5,144.5,144.5,144.5,144.5,144.5,144.5,144.5,144.5,144.5,144.5,144.5,144.5,144.5,144.5,144.5,144.5,144.5,144.5,144.5,144.5,144.5,144.5,144.5,144.5,144.5,144.5,144.5,144.5,144.5,144.5,144.5,144.5,144.5,144.5,144.5,144.5,144.5,144.5,144.5,144.5,144.5,144.5,144.5,144.5,144.5,144.5,144.5,144.5,144.5,144.5,144.5,144.5,144.5,144.5,144.5,144.5,144.5,144.5,144.5
2016-02-01,,,,,,,,,,,,,,,,,,,,,,,,,,,,,,,,,,,,,,,,,,,,,,,,,,,,,,,,,,,,,,,,,,,,,,,,,144.2,144.2,146.0,146.0,146.0,146.0,146.0,146.0,146.0,146.0,146.0,146.0,146.0,146.0,146.0,146.0,146.0,146.0,146.0,146.0,146.0,146.0,146.0,146.0,146.0,146.0,146.0,146.0,146.0,146.0,146.0,146.0,146.0,146.0,146.0,146.0,146.0,146.0,146.0,146.0,146.0,146.0,146.0,146.0,146.0,146.0,146.0,146.0,146.0,146.0,146.0,146.0,146.0,146.0,146.0,146.0,146.0,146.0,146.0,146.0,146.0,146.0,146.0,146.0,146.0,146.0,146.0,146.0,146.0,146.0,146.0,146.0,146.0,146.0,146.0,146.0,146.0,146.0,146.0,146.0,146.0,146.0,146.0,146.0,146.0,146.0,146.0,146.0,146.0,146.0,146.0,146.0,146.0,146.0,146.0,146.0,146.0,146.0,146.0,146.0,146.0,146.0,146.0,146.0,146.0,146.0,146.0,146.0,146.0,146.0,146.0,146.0,146.0,146.0,146.0,146.0,146.0,146.0,146.0,146.0,146.0,146.0,146.0,146.0,146.0,146.0
2016-03-01,,,,,,,,,,,,,,,,,,,,,,,,,,,,,,,,,,,,,,,,,,,,,,,,,,,,,,,,,,,,,,,,,,,,,,,,,,138.9,140.3,140.3,141.0,141.0,141.0,141.0,141.0,141.0,141.0,141.0,141.0,141.0,141.0,141.0,141.0,141.0,141.0,141.0,141.0,141.0,141.0,141.0,141.0,141.0,141.0,141.0,141.0,141.0,141.0,141.0,141.0,141.0,141.0,141.0,141.0,141.0,141.0,141.0,141.0,141.0,141.0,141.0,141.0,141.0,141.0,141.0,141.0,141.0,141.0,141.0,141.0,141.0,141.0,141.0,141.0,141.0,141.0,141.0,141.0,141.0,141.0,141.0,141.0,141.0,141.0,141.0,141.0,141.0,141.0,141.0,141.0,141.0,141.0,141.0,141.0,141.0,141.0,141.0,141.0,141.0,141.0,141.0,141.0,141.0,141.0,141.0,141.0,141.0,141.0,141.0,141.0,141.0,141.0,141.0,141.0,141.0,141.0,141.0,141.0,141.0,141.0,141.0,141.0,141.0,141.0,141.0,141.0,141.0,141.0,141.0,141.0,141.0,141.0,141.0,141.0,141.0,141.0,141.0,141.0,141.0,141.0,141.0,141.0,141.0
2016-04-01,,,,,,,,,,,,,,,,,,,,,,,,,,,,,,,,,,,,,,,,,,,,,,,,,,,,,,,,,,,,,,,,,,,,,,,,,,,139.7,137.5,138.2,138.2,138.2,138.2,138.2,138.2,138.2,138.2,138.2,138.2,138.2,138.2,138.2,138.2,138.2,138.2,138.2,138.2,138.2,138.2,138.2,138.2,138.2,138.2,138.2,138.2,138.2,138.2,138.2,138.2,138.2,138.2,138.2,138.2,138.2,138.2,138.2,138.2,138.2,138.2,138.2,138.2,138.2,138.2,138.2,138.2,138.2,138.2,138.2,138.2,138.2,138.2,138.2,138.2,138.2,138.2,138.2,138.2,138.2,138.2,138.2,138.2,138.2,138.2,138.2,138.2,138.2,138.2,138.2,138.2,138.2,138.2,138.2,138.2,138.2,138.2,138.2,138.2,138.2,138.2,138.2,138.2,138.2,138.2,138.2,138.2,138.2,138.2,138.2,138.2,138.2,138.2,138.2,138.2,138.2,138.2,138.2,138.2,138.2,138.2,138.2,138.2,138.2,138.2,138.2,138.2,138.2,138.2,138.2,138.2,138.2,138.2,138.2,138.2,138.2,138.2,138.2,138.2,138.2,138.2,138.2,138.2
2016-05-01,,,,,,,,,,,,,,,,,,,,,,,,,,,,,,,,,,,,,,,,,,,,,,,,,,,,,,,,,,,,,,,,,,,,,,,,,,,,137.6,138.4,138.4,138.4,138.4,138.4,138.4,138.4,138.4,138.4,138.4,138.4,138.4,138.4,138.4,138.4,138.4,138.4,138.4,138.4,138.4,138.4,138.4,138.4,138.4,138.4,138.4,138.4,138.4,138.4,138.4,138.4,138.4,138.4,138.4,138.4,138.4,138.4,138.4,138.4,138.4,138.4,138.4,138.4,138.4,138.4,138.4,138.4,138.4,138.4,138.4,138.4,138.4,138.4,138.4,138.4,138.4,138.4,138.4,138.4,138.4,138.4,138.4,138.4,138.4,138.4,138.4,138.4,138.4,138.4,138.4,138.4,138.4,138.4,138.4,138.4,138.4,138.4,138.4,138.4,138.4,138.4,138.4,138.4,138.4,138.4,138.4,138.4,138.4,138.4,138.4,138.4,138.4,138.4,138.4,138.4,138.4,138.4,138.4,138.4,138.4,138.4,138.4,138.4,138.4,138.4,138.4,138.4,138.4,138.4,138.4,138.4,138.4,138.4,138.4,138.4,138.4,138.4,138.4,138.4,138.4,138.4,138.4
2016-06-01,,,,,,,,,,,,,,,,,,,,,,,,,,,,,,,,,,,,,,,,,,,,,,,,,,,,,,,,,,,,,,,,,,,,,,,,,,,,,138.1,138.0,138.0,138.0,138.0,138.0,138.0,138.0,138.0,138.0,138.0,138.0,138.0,138.0,138.0,138.0,138.0,138.0,138.0,138.0,138.0,138.0,138.0,138.0,138.0,138.0,138.0,138.0,138.0,138.0,138.0,138.0,138.0,138.0,138.0,138.0,138.0,138.0,138.0,138.0,138.0,138.0,138.0,138.0,138.0,138.0,138.0,138.0,138.0,138.0,138.0,138.0,138.0,138.0,138.0,138.0,138.0,138.0,138.0,138.0,138.0,138.0,138.0,138.0,138.0,138.0,138.0,138.0,138.0,138.0,138.0,138.0,138.0,138.0,138.0,138.0,138.0,138.0,138.0,138.0,138.0,138.0,138.0,138.0,138.0,138.0,138.0,138.0,138.0,138.0,138.0,138.0,138.0,138.0,138.0,138.0,138.0,138.0,138.0,138.0,138.0,138.0,138.0,138.0,138.0,138.0,138.0,138.0,138.0,138.0,138.0,138.0,138.0,138.0,138.0,138.0,138.0,138.0,138.0,138.0,138.0,138.0
2016-07-01,,,,,,,,,,,,,,,,,,,,,,,,,,,,,,,,,,,,,,,,,,,,,,,,,,,,,,,,,,,,,,,,,,,,,,,,,,,,,,136.9,137.2,137.2,137.2,137.2,137.2,137.2,137.2,137.2,137.2,137.2,137.2,137.2,137.2,137.2,137.2,137.2,137.2,137.2,137.2,137.2,137.2,137.2,137.2,137.2,137.2,137.2,137.2,137.2,137.2,137.2,137.2,137.2,137.2,137.2,137.2,137.2,137.2,137.2,137.2,137.2,137.2,137.2,137.2,137.2,137.2,137.2,137.2,137.2,137.2,137.2,137.2,137.2,137.2,137.2,137.2,137.2,137.2,137.2,137.2,137.2,137.2,137.2,137.2,137.2,137.2,137.2,137.2,137.2,137.2,137.2,137.2,137.2,137.2,137.2,137.2,137.2,137.2,137.2,137.2,137.2,137.2,137.2,137.2,137.2,137.2,137.2,137.2,137.2,137.2,137.2,137.2,137.2,137.2,137.2,137.2,137.2,137.2,137.2,137.2,137.2,137.2,137.2,137.2,137.2,137.2,137.2,137.2,137.2,137.2,137.2,137.2,137.2,137.2,137.2,137.2,137.2,137.2,137.2,137.2,137.2
2016-08-01,,,,,,,,,,,,,,,,,,,,,,,,,,,,,,,,,,,,,,,,,,,,,,,,,,,,,,,,,,,,,,,,,,,,,,,,,,,,,,,135.2,136.8,136.8,136.8,136.8,136.8,136.8,136.8,136.8,136.8,136.8,136.8,136.8,136.8,136.8,136.8,136.8,136.8,136.8,136.8,136.8,136.8,136.8,136.8,136.8,136.8,136.8,136.8,136.8,136.8,136.8,136.8,136.8,136.8,136.8,136.8,136.8,136.8,136.8,136.8,136.8,136.8,136.8,136.8,136.8,136.8,136.8,136.8,136.8,136.8,136.8,136.8,136.8,136.8,136.8,136.8,136.8,136.8,136.8,136.8,136.8,136.8,136.8,136.8,136.8,136.8,136.8,136.8,136.8,136.8,136.8,136.8,136.8,136.8,136.8,136.8,136.8,136.8,136.8,136.8,136.8,136.8,136.8,136.8,136.8,136.8,136.8,136.8,136.8,136.8,136.8,136.8,136.8,136.8,136.8,136.8,136.8,136.8,136.8,136.8,136.8,136.8,136.8,136.8,136.8,136.8,136.8,136.8,136.8,136.8,136.8,136.8,136.8,136.8,136.8,136.8,136.8,136.8,136.8,136.8
2016-09-01,,,,,,,,,,,,,,,,,,,,,,,,,,,,,,,,,,,,,,,,,,,,,,,,,,,,,,,,,,,,,,,,,,,,,,,,,,,,,,,,136.9,136.9,136.9,136.9,136.9,136.9,136.9,136.9,136.9,136.9,136.9,136.9,136.9,136.9,136.9,136.9,136.9,136.9,136.9,136.9,136.9,136.9,136.9,136.9,136.9,136.9,136.9,136.9,136.9,136.9,136.9,136.9,136.9,136.9,136.9,136.9,136.9,136.9,136.9,136.9,136.9,136.9,136.9,136.9,136.9,136.9,136.9,136.9,136.9,136.9,136.9,136.9,136.9,136.9,136.9,136.9,136.9,136.9,136.9,136.9,136.9,136.9,136.9,136.9,136.9,136.9,136.9,136.9,136.9,136.9,136.9,136.9,136.9,136.9,136.9,136.9,136.9,136.9,136.9,136.9,136.9,136.9,136.9,136.9,136.9,136.9,136.9,136.9,136.9,136.9,136.9,136.9,136.9,136.9,136.9,136.9,136.9,136.9,136.9,136.9,136.9,136.9,136.9,136.9,136.9,136.9,136.9,136.9,136.9,136.9,136.9,136.9,136.9,136.9,136.9,136.9,136.9,136.9,136.9
2016-10-01,,,,,,,,,,,,,,,,,,,,,,,,,,,,,,,,,,,,,,,,,,,,,,,,,,,,,,,,,,,,,,,,,,,,,,,,,,,,,,,,,135.6,137.1,137.1,137.1,137.1,137.1,137.1,137.1,137.1,137.1,137.1,137.1,137.1,137.1,137.1,137.1,137.1,137.1,137.1,137.1,137.1,137.1,137.1,137.1,137.1,137.1,137.1,137.1,137.1,137.1,137.1,137.1,137.1,137.1,137.1,137.1,137.1,137.1,137.1,137.1,137.1,137.1,137.1,137.1,137.1,137.1,137.1,137.1,137.1,137.1,137.1,137.1,137.1,137.1,137.1,137.1,137.1,137.1,137.1,137.1,137.1,137.1,137.1,137.1,137.1,137.1,137.1,137.1,137.1,137.1,137.1,137.1,137.1,137.1,137.1,137.1,137.1,137.1,137.1,137.1,137.1,137.1,137.1,137.1,137.1,137.1,137.1,137.1,137.1,137.1,137.1,137.1,137.1,137.1,137.1,137.1,137.1,137.1,137.1,137.1,137.1,137.1,137.1,137.1,137.1,137.1,137.1,137.1,137.1,137.1,137.1,137.1,137.1,137.1,137.1,137.1,137.1,137.1
2016-11-01,,,,,,,,,,,,,,,,,,,,,,,,,,,,,,,,,,,,,,,,,,,,,,,,,,,,,,,,,,,,,,,,,,,,,,,,,,,,,,,,,,136.4,136.4,136.4,136.4,136.4,136.4,136.4,136.4,136.4,136.4,136.4,136.4,136.4,136.4,136.4,136.4,136.4,136.4,136.4,136.4,136.4,136.4,136.4,136.4,136.4,136.4,136.4,136.4,136.4,136.4,136.4,136.4,136.4,136.4,136.4,136.4,136.4,136.4,136.4,136.4,136.4,136.4,136.4,136.4,136.4,136.4,136.4,136.4,136.4,136.4,136.4,136.4,136.4,136.4,136.4,136.4,136.4,136.4,136.4,136.4,136.4,136.4,136.4,136.4,136.4,136.4,136.4,136.4,136.4,136.4,136.4,136.4,136.4,136.4,136.4,136.4,136.4,136.4,136.4,136.4,136.4,136.4,136.4,136.4,136.4,136.4,136.4,136.4,136.4,136.4,136.4,136.4,136.4,136.4,136.4,136.4,136.4,136.4,136.4,136.4,136.4,136.4,136.4,136.4,136.4,136.4,136.4,136.4,136.4,136.4,136.4,136.4,136.4,136.4,136.4,136.4,136.4
2016-12-01,,,,,,,,,,,,,,,,,,,,,,,,,,,,,,,,,,,,,,,,,,,,,,,,,,,,,,,,,,,,,,,,,,,,,,,,,,,,,,,,,,,136.5,136.5,136.5,136.5,136.5,136.5,136.5,136.5,136.5,136.5,136.5,136.5,136.5,136.5,136.5,136.5,136.5,136.5,136.5,136.5,136.5,136.5,136.5,136.5,136.5,136.5,136.5,136.5,136.5,136.5,136.5,136.5,136.5,136.5,136.5,136.5,136.5,136.5,136.5,136.5,136.5,136.5,136.5,136.5,136.5,136.5,136.5,136.5,136.5,136.5,136.5,136.5,136.5,136.5,136.5,136.5,136.5,136.5,136.5,136.5,136.5,136.5,136.5,136.5,136.5,136.5,136.5,136.5,136.5,136.5,136.5,136.5,136.5,136.5,136.5,136.5,136.5,136.5,136.5,136.5,136.5,136.5,136.5,136.5,136.5,136.5,136.5,136.5,136.5,136.5,136.5,136.5,136.5,136.5,136.5,136.5,136.5,136.5,136.5,136.5,136.5,136.5,136.5,136.5,136.5,136.5,136.5,136.5,136.5,136.5,136.5,136.5,136.5,136.5,136.5,136.5
2017-01-01,,,,,,,,,,,,,,,,,,,,,,,,,,,,,,,,,,,,,,,,,,,,,,,,,,,,,,,,,,,,,,,,,,,,,,,,,,,,,,,,,,,,138.9,140.1,139.8,139.8,139.8,139.8,139.8,139.8,139.8,139.8,139.8,139.8,139.8,139.8,139.8,139.8,139.8,139.8,139.8,139.8,139.8,139.8,139.8,139.8,139.8,139.8,139.8,139.8,139.8,139.8,139.8,139.8,139.8,139.8,139.8,139.8,139.8,139.8,139.8,139.8,139.8,139.8,139.8,139.8,139.8,139.8,139.8,139.8,139.8,139.8,139.8,139.8,139.8,139.8,139.8,139.8,139.8,139.8,139.8,139.8,139.8,139.8,139.8,139.8,139.8,139.8,139.8,139.8,139.8,139.8,139.8,139.8,139.8,139.8,139.8,139.8,139.8,139.8,139.8,139.8,139.8,139.8,139.8,139.8,139.8,139.8,139.8,139.8,139.8,139.8,139.8,139.8,139.8,139.8,139.8,139.8,139.8,139.8,139.8,139.8,139.8,139.8,139.8,139.8,139.8,139.8,139.8,139.8,139.8,139.8,139.8,139.8,139.8,139.8,139.8
2017-02-01,,,,,,,,,,,,,,,,,,,,,,,,,,,,,,,,,,,,,,,,,,,,,,,,,,,,,,,,,,,,,,,,,,,,,,,,,,,,,,,,,,,,,139.3,138.9,138.9,138.9,138.9,138.9,138.9,138.9,138.9,138.9,138.9,138.9,138.9,138.9,138.9,138.9,138.9,138.9,138.9,138.9,138.9,138.9,138.9,138.9,138.9,138.9,138.9,138.9,138.9,138.9,138.9,138.9,138.9,138.9,138.9,138.9,138.9,138.9,138.9,138.9,138.9,138.9,138.9,138.9,138.9,138.9,138.9,138.9,138.9,138.9,138.9,138.9,138.9,138.9,138.9,138.9,138.9,138.9,138.9,138.9,138.9,138.9,138.9,138.9,138.9,138.9,138.9,138.9,138.9,138.9,138.9,138.9,138.9,138.9,138.9,138.9,138.9,138.9,138.9,138.9,138.9,138.9,138.9,138.9,138.9,138.9,138.9,138.9,138.9,138.9,138.9,138.9,138.9,138.9,138.9,138.9,138.9,138.9,138.9,138.9,138.9,138.9,138.9,138.9,138.9,138.9,138.9,138.9,138.9,138.9,138.9,138.9,138.9,138.9
2017-03-01,,,,,,,,,,,,,,,,,,,,,,,,,,,,,,,,,,,,,,,,,,,,,,,,,,,,,,,,,,,,,,,,,,,,,,,,,,,,,,,,,,,,,,139.4,139.4,139.4,139.4,139.4,139.4,139.4,139.4,139.4,139.4,139.4,139.4,139.4,139.4,139.4,139.4,139.4,139.4,139.4,139.4,139.4,139.4,139.4,139.4,139.4,139.4,139.4,139.4,139.4,139.4,139.4,139.4,139.4,139.4,139.4,139.4,139.4,139.4,139.4,139.4,139.4,139.4,139.4,139.4,139.4,139.4,139.4,139.4,139.4,139.4,139.4,139.4,139.4,139.4,139.4,139.4,139.4,139.4,139.4,139.4,139.4,139.4,139.4,139.4,139.4,139.4,139.4,139.4,139.4,139.4,139.4,139.4,139.4,139.4,139.4,139.4,139.4,139.4,139.4,139.4,139.4,139.4,139.4,139.4,139.4,139.4,139.4,139.4,139.4,139.4,139.4,139.4,139.4,139.4,139.4,139.4,139.4,139.4,139.4,139.4,139.4,139.4,139.4,139.4,139.4,139.4,139.4,139.4,139.4,139.4,139.4,139.4,139.4
2017-04-01,,,,,,,,,,,,,,,,,,,,,,,,,,,,,,,,,,,,,,,,,,,,,,,,,,,,,,,,,,,,,,,,,,,,,,,,,,,,,,,,,,,,,,,136.2,137.0,137.1,137.1,137.1,137.1,137.1,137.1,137.1,137.1,137.1,137.1,137.1,137.1,137.1,137.1,137.1,137.1,137.1,137.1,137.1,137.1,137.1,137.1,137.1,137.1,137.1,137.1,137.1,137.1,137.1,137.1,137.1,137.1,137.1,137.1,137.1,137.1,137.1,137.1,137.1,137.1,137.1,137.1,137.1,137.1,137.1,137.1,137.1,137.1,137.1,137.1,137.1,137.1,137.1,137.1,137.1,137.1,137.1,137.1,137.1,137.1,137.1,137.1,137.1,137.1,137.1,137.1,137.1,137.1,137.1,137.1,137.1,137.1,137.1,137.1,137.1,137.1,137.1,137.1,137.1,137.1,137.1,137.1,137.1,137.1,137.1,137.1,137.1,137.1,137.1,137.1,137.1,137.1,137.1,137.1,137.1,137.1,137.1,137.1,137.1,137.1,137.1,137.1,137.1,137.1,137.1,137.1,137.1,137.1,137.1,137.1
2017-05-01,,,,,,,,,,,,,,,,,,,,,,,,,,,,,,,,,,,,,,,,,,,,,,,,,,,,,,,,,,,,,,,,,,,,,,,,,,,,,,,,,,,,,,,,140.2,139.5,139.5,139.5,139.5,139.5,139.5,139.5,139.5,139.5,139.5,139.5,139.5,139.5,139.5,139.5,139.5,139.5,139.5,139.5,139.5,139.5,139.5,139.5,139.5,139.5,139.5,139.5,139.5,139.5,139.5,139.5,139.5,139.5,139.5,139.5,139.5,139.5,139.5,139.5,139.5,139.5,139.5,139.5,139.5,139.5,139.5,139.5,139.5,139.5,139.5,139.5,139.5,139.5,139.5,139.5,139.5,139.5,139.5,139.5,139.5,139.5,139.5,139.5,139.5,139.5,139.5,139.5,139.5,139.5,139.5,139.5,139.5,139.5,139.5,139.5,139.5,139.5,139.5,139.5,139.5,139.5,139.5,139.5,139.5,139.5,139.5,139.5,139.5,139.5,139.5,139.5,139.5,139.5,139.5,139.5,139.5,139.5,139.5,139.5,139.5,139.5,139.5,139.5,139.5,139.5,139.5,139.5,139.5,139.5,139.5
2017-06-01,,,,,,,,,,,,,,,,,,,,,,,,,,,,,,,,,,,,,,,,,,,,,,,,,,,,,,,,,,,,,,,,,,,,,,,,,,,,,,,,,,,,,,,,,138.7,141.0,141.0,141.0,141.0,141.0,141.0,141.0,141.0,141.0,141.0,141.0,141.0,141.0,141.0,141.0,141.0,141.0,141.0,141.0,141.0,141.0,141.0,141.0,141.0,141.0,141.0,141.0,141.0,141.0,141.0,141.0,141.0,141.0,141.0,141.0,141.0,141.0,141.0,141.0,141.0,141.0,141.0,141.0,141.0,141.0,141.0,141.0,141.0,141.0,141.0,141.0,141.0,141.0,141.0,141.0,141.0,141.0,141.0,141.0,141.0,141.0,141.0,141.0,141.0,141.0,141.0,141.0,141.0,141.0,141.0,141.0,141.0,141.0,141.0,141.0,141.0,141.0,141.0,141.0,141.0,141.0,141.0,141.0,141.0,141.0,141.0,141.0,141.0,141.0,141.0,141.0,141.0,141.0,141.0,141.0,141.0,141.0,141.0,141.0,141.0,141.0,141.0,141.0,141.0,141.0,141.0,141.0,141.0,141.0
2017-07-01,,,,,,,,,,,,,,,,,,,,,,,,,,,,,,,,,,,,,,,,,,,,,,,,,,,,,,,,,,,,,,,,,,,,,,,,,,,,,,,,,,,,,,,,,,143.1,143.1,143.1,143.1,143.1,143.1,143.1,143.1,143.1,143.1,143.1,143.1,143.1,143.1,143.1,143.1,143.1,143.1,143.1,143.1,143.1,143.1,143.1,143.1,143.1,143.1,143.1,143.1,143.1,143.1,143.1,143.1,143.1,143.1,143.1,143.1,143.1,143.1,143.1,143.1,143.1,143.1,143.1,143.1,143.1,143.1,143.1,143.1,143.1,143.1,143.1,143.1,143.1,143.1,143.1,143.1,143.1,143.1,143.1,143.1,143.1,143.1,143.1,143.1,143.1,143.1,143.1,143.1,143.1,143.1,143.1,143.1,143.1,143.1,143.1,143.1,143.1,143.1,143.1,143.1,143.1,143.1,143.1,143.1,143.1,143.1,143.1,143.1,143.1,143.1,143.1,143.1,143.1,143.1,143.1,143.1,143.1,143.1,143.1,143.1,143.1,143.1,143.1,143.1,143.1,143.1,143.1,143.1,143.1
2017-08-01,,,,,,,,,,,,,,,,,,,,,,,,,,,,,,,,,,,,,,,,,,,,,,,,,,,,,,,,,,,,,,,,,,,,,,,,,,,,,,,,,,,,,,,,,,,141.0,141.0,141.0,141.0,141.0,141.0,141.0,141.0,141.0,141.0,141.0,141.0,141.0,141.0,141.0,141.0,141.0,141.0,141.0,141.0,141.0,141.0,141.0,141.0,141.0,141.0,141.0,141.0,141.0,141.0,141.0,141.0,141.0,141.0,141.0,141.0,141.0,141.0,141.0,141.0,141.0,141.0,141.0,141.0,141.0,141.0,141.0,141.0,141.0,141.0,141.0,141.0,141.0,141.0,141.0,141.0,141.0,141.0,141.0,141.0,141.0,141.0,141.0,141.0,141.0,141.0,141.0,141.0,141.0,141.0,141.0,141.0,141.0,141.0,141.0,141.0,141.0,141.0,141.0,141.0,141.0,141.0,141.0,141.0,141.0,141.0,141.0,141.0,141.0,141.0,141.0,141.0,141.0,141.0,141.0,141.0,141.0,141.0,141.0,141.0,141.0,141.0,141.0,141.0,141.0,141.0,141.0,141.0
2017-09-01,,,,,,,,,,,,,,,,,,,,,,,,,,,,,,,,,,,,,,,,,,,,,,,,,,,,,,,,,,,,,,,,,,,,,,,,,,,,,,,,,,,,,,,,,,,,138.7,139.0,139.0,139.0,139.0,139.0,139.0,139.0,139.0,139.0,139.0,139.0,139.0,139.0,139.0,139.0,139.0,139.0,139.0,139.0,139.0,139.0,139.0,139.0,139.0,139.0,139.0,139.0,139.0,139.0,139.0,139.0,139.0,139.0,139.0,139.0,139.0,139.0,139.0,139.0,139.0,139.0,139.0,139.0,139.0,139.0,139.0,139.0,139.0,139.0,139.0,139.0,139.0,139.0,139.0,139.0,139.0,139.0,139.0,139.0,139.0,139.0,139.0,139.0,139.0,139.0,139.0,139.0,139.0,139.0,139.0,139.0,139.0,139.0,139.0,139.0,139.0,139.0,139.0,139.0,139.0,139.0,139.0,139.0,139.0,139.0,139.0,139.0,139.0,139.0,139.0,139.0,139.0,139.0,139.0,139.0,139.0,139.0,139.0,139.0,139.0,139.0,139.0,139.0,139.0,139.0,139.0
2017-10-01,,,,,,,,,,,,,,,,,,,,,,,,,,,,,,,,,,,,,,,,,,,,,,,,,,,,,,,,,,,,,,,,,,,,,,,,,,,,,,,,,,,,,,,,,,,,,140.4,140.4,140.4,140.4,140.4,140.4,140.4,140.4,140.4,140.4,140.4,140.4,140.4,140.4,140.4,140.4,140.4,140.4,140.4,140.4,140.4,140.4,140.4,140.4,140.4,140.4,140.4,140.4,140.4,140.4,140.4,140.4,140.4,140.4,140.4,140.4,140.4,140.4,140.4,140.4,140.4,140.4,140.4,140.4,140.4,140.4,140.4,140.4,140.4,140.4,140.4,140.4,140.4,140.4,140.4,140.4,140.4,140.4,140.4,140.4,140.4,140.4,140.4,140.4,140.4,140.4,140.4,140.4,140.4,140.4,140.4,140.4,140.4,140.4,140.4,140.4,140.4,140.4,140.4,140.4,140.4,140.4,140.4,140.4,140.4,140.4,140.4,140.4,140.4,140.4,140.4,140.4,140.4,140.4,140.4,140.4,140.4,140.4,140.4,140.4,140.4,140.4,140.4,140.4,140.4,140.4
2017-11-01,,,,,,,,,,,,,,,,,,,,,,,,,,,,,,,,,,,,,,,,,,,,,,,,,,,,,,,,,,,,,,,,,,,,,,,,,,,,,,,,,,,,,,,,,,,,,,142.4,142.4,142.4,142.4,142.4,142.4,142.4,142.4,142.4,142.4,142.4,142.4,142.4,142.4,142.4,142.4,142.4,142.4,142.4,142.4,142.4,142.4,142.4,142.4,142.4,142.4,142.4,142.4,142.4,142.4,142.4,142.4,142.4,142.4,142.4,142.4,142.4,142.4,142.4,142.4,142.4,142.4,142.4,142.4,142.4,142.4,142.4,142.4,142.4,142.4,142.4,142.4,142.4,142.4,142.4,142.4,142.4,142.4,142.4,142.4,142.4,142.4,142.4,142.4,142.4,142.4,142.4,142.4,142.4,142.4,142.4,142.4,142.4,142.4,142.4,142.4,142.4,142.4,142.4,142.4,142.4,142.4,142.4,142.4,142.4,142.4,142.4,142.4,142.4,142.4,142.4,142.4,142.4,142.4,142.4,142.4,142.4,142.4,142.4,142.4,142.4,142.4,142.4,142.4,142.4
2017-12-01,,,,,,,,,,,,,,,,,,,,,,,,,,,,,,,,,,,,,,,,,,,,,,,,,,,,,,,,,,,,,,,,,,,,,,,,,,,,,,,,,,,,,,,,,,,,,,,141.1,141.1,141.1,140.9,140.9,140.9,140.9,140.9,140.9,140.9,140.9,140.9,140.9,140.9,140.9,140.9,140.9,140.9,140.9,140.9,140.9,140.9,140.9,140.9,140.9,140.9,140.9,140.9,140.9,140.9,140.9,140.9,140.9,140.9,140.9,140.9,140.9,140.9,140.9,140.9,140.9,140.9,140.9,140.9,140.9,140.9,140.9,140.9,140.9,140.9,140.9,140.9,140.9,140.9,140.9,140.9,140.9,140.9,140.9,140.9,140.9,140.9,140.9,140.9,140.9,140.9,140.9,140.9,140.9,140.9,140.9,140.9,140.9,140.9,140.9,140.9,140.9,140.9,140.9,140.9,140.9,140.9,140.9,140.9,140.9,140.9,140.9,140.9,140.9,140.9,140.9,140.9,140.9,140.9,140.9,140.9,140.9,140.9,140.9,140.9,140.9,140.9,140.9,140.9
2018-01-01,,,,,,,,,,,,,,,,,,,,,,,,,,,,,,,,,,,,,,,,,,,,,,,,,,,,,,,,,,,,,,,,,,,,,,,,,,,,,,,,,,,,,,,,,,,,,,,,140.8,140.8,140.6,140.6,140.6,140.6,140.6,140.6,140.6,140.6,140.6,140.6,140.6,140.6,140.6,140.6,140.6,140.6,140.6,140.6,140.6,140.6,140.6,140.6,140.6,140.6,140.6,140.6,140.6,140.6,140.6,140.6,140.6,140.6,140.6,140.6,140.6,140.6,140.6,140.6,140.6,140.6,140.6,140.6,140.6,140.6,140.6,140.6,140.6,140.6,140.6,140.6,140.6,140.6,140.6,140.6,140.6,140.6,140.6,140.6,140.6,140.6,140.6,140.6,140.6,140.6,140.6,140.6,140.6,140.6,140.6,140.6,140.6,140.6,140.6,140.6,140.6,140.6,140.6,140.6,140.6,140.6,140.6,140.6,140.6,140.6,140.6,140.6,140.6,140.6,140.6,140.6,140.6,140.6,140.6,140.6,140.6,140.6,140.6,140.6,140.6,140.6,140.6
2018-02-01,,,,,,,,,,,,,,,,,,,,,,,,,,,,,,,,,,,,,,,,,,,,,,,,,,,,,,,,,,,,,,,,,,,,,,,,,,,,,,,,,,,,,,,,,,,,,,,,,137.5,137.6,137.6,137.6,137.6,137.6,137.6,137.6,137.6,137.6,137.6,137.6,137.6,137.6,137.6,137.6,137.6,137.6,137.6,137.6,137.6,137.6,137.6,137.6,137.6,137.6,137.6,137.6,137.6,137.6,137.6,137.6,137.6,137.6,137.6,137.6,137.6,137.6,137.6,137.6,137.6,137.6,137.6,137.6,137.6,137.6,137.6,137.6,137.6,137.6,137.6,137.6,137.6,137.6,137.6,137.6,137.6,137.6,137.6,137.6,137.6,137.6,137.6,137.6,137.6,137.6,137.6,137.6,137.6,137.6,137.6,137.6,137.6,137.6,137.6,137.6,137.6,137.6,137.6,137.6,137.6,137.6,137.6,137.6,137.6,137.6,137.6,137.6,137.6,137.6,137.6,137.6,137.6,137.6,137.6,137.6,137.6,137.6,137.6,137.6,137.6,137.6
2018-03-01,,,,,,,,,,,,,,,,,,,,,,,,,,,,,,,,,,,,,,,,,,,,,,,,,,,,,,,,,,,,,,,,,,,,,,,,,,,,,,,,,,,,,,,,,,,,,,,,,,142.2,142.2,142.3,142.3,142.3,142.3,142.3,142.3,142.3,142.3,142.3,142.3,142.3,142.3,142.3,142.3,142.3,142.3,142.3,142.3,142.3,142.3,142.3,142.3,142.3,142.3,142.3,142.3,142.3,142.3,142.3,142.3,142.3,142.3,142.3,142.3,142.3,142.3,142.3,142.3,142.3,142.3,142.3,142.3,142.3,142.3,142.3,142.3,142.3,142.3,142.3,142.3,142.3,142.3,142.3,142.3,142.3,142.3,142.3,142.3,142.3,142.3,142.3,142.3,142.3,142.3,142.3,142.3,142.3,142.3,142.3,142.3,142.3,142.3,142.3,142.3,142.3,142.3,142.3,142.3,142.3,142.3,142.3,142.3,142.3,142.3,142.3,142.3,142.3,142.3,142.3,142.3,142.3,142.3,142.3,142.3,142.3,142.3,142.3,142.3,142.3
2018-04-01,,,,,,,,,,,,,,,,,,,,,,,,,,,,,,,,,,,,,,,,,,,,,,,,,,,,,,,,,,,,,,,,,,,,,,,,,,,,,,,,,,,,,,,,,,,,,,,,,,,142.3,142.2,142.2,142.2,142.2,142.2,142.2,142.2,142.2,142.2,142.2,142.2,142.2,142.2,142.2,142.2,142.2,142.2,142.2,142.2,142.2,142.2,142.2,142.2,142.2,142.2,142.2,142.2,142.2,142.2,142.2,142.2,142.2,142.2,142.2,142.2,142.2,142.2,142.2,142.2,142.2,142.2,142.2,142.2,142.2,142.2,142.2,142.2,142.2,142.2,142.2,142.2,142.2,142.2,142.2,142.2,142.2,142.2,142.2,142.2,142.2,142.2,142.2,142.2,142.2,142.2,142.2,142.2,142.2,142.2,142.2,142.2,142.2,142.2,142.2,142.2,142.2,142.2,142.2,142.2,142.2,142.2,142.2,142.2,142.2,142.2,142.2,142.2,142.2,142.2,142.2,142.2,142.2,142.2,142.2,142.2,142.2,142.2,142.2,142.2
2018-05-01,,,,,,,,,,,,,,,,,,,,,,,,,,,,,,,,,,,,,,,,,,,,,,,,,,,,,,,,,,,,,,,,,,,,,,,,,,,,,,,,,,,,,,,,,,,,,,,,,,,,140.2,140.2,140.2,140.2,140.2,140.2,140.2,140.2,140.2,140.2,140.2,140.2,140.2,140.2,140.2,140.2,140.2,140.2,140.2,140.2,140.2,140.2,140.2,140.2,140.2,140.2,140.2,140.2,140.2,140.2,140.2,140.2,140.2,140.2,140.2,140.2,140.2,140.2,140.2,140.2,140.2,140.2,140.2,140.2,140.2,140.2,140.2,140.2,140.2,140.2,140.2,140.2,140.2,140.2,140.2,140.2,140.2,140.2,140.2,140.2,140.2,140.2,140.2,140.2,140.2,140.2,140.2,140.2,140.2,140.2,140.2,140.2,140.2,140.2,140.2,140.2,140.2,140.2,140.2,140.2,140.2,140.2,140.2,140.2,140.2,140.2,140.2,140.2,140.2,140.2,140.2,140.2,140.2,140.2,140.2,140.2,140.2,140.2,140.2
2018-06-01,,,,,,,,,,,,,,,,,,,,,,,,,,,,,,,,,,,,,,,,,,,,,,,,,,,,,,,,,,,,,,,,,,,,,,,,,,,,,,,,,,,,,,,,,,,,,,,,,,,,,139.6,139.6,139.6,139.6,139.6,139.6,139.6,139.6,139.6,139.6,139.6,139.6,139.6,139.6,139.6,139.6,139.6,139.6,139.6,139.6,139.6,139.6,139.6,139.6,139.6,139.6,139.6,139.6,139.6,139.6,139.6,139.6,139.6,139.6,139.6,139.6,139.6,139.6,139.6,139.6,139.6,139.6,139.6,139.6,139.6,139.6,139.6,139.6,139.6,139.6,139.6,139.6,139.6,139.6,139.6,139.6,139.6,139.6,139.6,139.6,139.6,139.6,139.6,139.6,139.6,139.6,139.6,139.6,139.6,139.6,139.6,139.6,139.6,139.6,139.6,139.6,139.6,139.6,139.6,139.6,139.6,139.6,139.6,139.6,139.6,139.6,139.6,139.6,139.6,139.6,139.6,139.6,139.6,139.6,139.6,139.6,139.6,139.6
2018-07-01,,,,,,,,,,,,,,,,,,,,,,,,,,,,,,,,,,,,,,,,,,,,,,,,,,,,,,,,,,,,,,,,,,,,,,,,,,,,,,,,,,,,,,,,,,,,,,,,,,,,,,144.3,144.3,144.3,144.5,144.5,144.5,144.5,144.5,144.5,144.5,144.5,144.5,144.5,144.5,144.5,144.5,144.5,144.5,144.5,144.5,144.5,144.5,144.5,144.5,144.5,144.5,144.5,144.5,144.5,144.5,144.5,144.5,144.5,144.5,144.5,144.5,144.5,144.5,144.5,144.5,144.5,144.5,144.5,144.5,144.5,144.5,144.5,144.5,144.5,144.5,144.5,144.5,144.5,144.5,144.5,144.5,144.5,144.5,144.5,144.5,144.5,144.5,144.5,144.5,144.5,144.5,144.5,144.5,144.5,144.5,144.5,144.5,144.5,144.5,144.5,144.5,144.5,144.5,144.5,144.5,144.5,144.5,144.5,144.5,144.5,144.5,144.5,144.5,144.5,144.5,144.5,144.5,144.5,144.5,144.5,144.5,144.5
2018-08-01,,,,,,,,,,,,,,,,,,,,,,,,,,,,,,,,,,,,,,,,,,,,,,,,,,,,,,,,,,,,,,,,,,,,,,,,,,,,,,,,,,,,,,,,,,,,,,,,,,,,,,,148.7,148.7,149.3,149.3,149.3,149.3,149.3,149.3,149.3,149.3,149.3,149.3,149.3,149.3,149.3,149.3,149.3,149.3,149.3,149.3,149.3,149.3,149.3,149.3,149.3,149.3,149.3,149.3,149.3,149.3,149.3,149.3,149.3,149.3,149.3,149.3,149.3,149.3,149.3,149.3,149.3,149.3,149.3,149.3,149.3,149.3,149.3,149.3,149.3,149.3,149.3,149.3,149.3,149.3,149.3,149.3,149.3,149.3,149.3,149.3,149.3,149.3,149.3,149.3,149.3,149.3,149.3,149.3,149.3,149.3,149.3,149.3,149.3,149.3,149.3,149.3,149.3,149.3,149.3,149.3,149.3,149.3,149.3,149.3,149.3,149.3,149.3,149.3,149.3,149.3,149.3,149.3,149.3,149.3,149.3,149.3
2018-09-01,,,,,,,,,,,,,,,,,,,,,,,,,,,,,,,,,,,,,,,,,,,,,,,,,,,,,,,,,,,,,,,,,,,,,,,,,,,,,,,,,,,,,,,,,,,,,,,,,,,,,,,,144.8,145.1,145.1,145.1,145.1,145.1,145.1,145.1,145.1,145.1,145.1,145.1,145.1,145.1,145.1,145.1,145.1,145.1,145.1,145.1,145.1,145.1,145.1,145.1,145.1,145.1,145.1,145.1,145.1,145.1,145.1,145.1,145.1,145.1,145.1,145.1,145.1,145.1,145.1,145.1,145.1,145.1,145.1,145.1,145.1,145.1,145.1,145.1,145.1,145.1,145.1,145.1,145.1,145.1,145.1,145.1,145.1,145.1,145.1,145.1,145.1,145.1,145.1,145.1,145.1,145.1,145.1,145.1,145.1,145.1,145.1,145.1,145.1,145.1,145.1,145.1,145.1,145.1,145.1,145.1,145.1,145.1,145.1,145.1,145.1,145.1,145.1,145.1,145.1,145.1,145.1,145.1,145.1,145.1,145.1
2018-10-01,,,,,,,,,,,,,,,,,,,,,,,,,,,,,,,,,,,,,,,,,,,,,,,,,,,,,,,,,,,,,,,,,,,,,,,,,,,,,,,,,,,,,,,,,,,,,,,,,,,,,,,,,144.3,144.3,144.3,144.3,144.3,144.3,144.3,144.3,144.3,144.3,144.3,144.3,144.3,144.3,144.3,144.3,144.3,144.3,144.3,144.3,144.3,144.3,144.3,144.3,144.3,144.3,144.3,144.3,144.3,144.3,144.3,144.3,144.3,144.3,144.3,144.3,144.3,144.3,144.3,144.3,144.3,144.3,144.3,144.3,144.3,144.3,144.3,144.3,144.3,144.3,144.3,144.3,144.3,144.3,144.3,144.3,144.3,144.3,144.3,144.3,144.3,144.3,144.3,144.3,144.3,144.3,144.3,144.3,144.3,144.3,144.3,144.3,144.3,144.3,144.3,144.3,144.3,144.3,144.3,144.3,144.3,144.3,144.3,144.3,144.3,144.3,144.3,144.3,144.3,144.3,144.3,144.3,144.3,144.3
2018-11-01,,,,,,,,,,,,,,,,,,,,,,,,,,,,,,,,,,,,,,,,,,,,,,,,,,,,,,,,,,,,,,,,,,,,,,,,,,,,,,,,,,,,,,,,,,,,,,,,,,,,,,,,,,146.4,146.4,146.4,146.4,146.4,146.4,146.4,146.4,146.4,146.4,146.4,146.4,146.4,146.4,146.4,146.4,146.4,146.4,146.4,146.4,146.4,146.4,146.4,146.4,146.4,146.4,146.4,146.4,146.4,146.4,146.4,146.4,146.4,146.4,146.4,146.4,146.4,146.4,146.4,146.4,146.4,146.4,146.4,146.4,146.4,146.4,146.4,146.4,146.4,146.4,146.4,146.4,146.4,146.4,146.4,146.4,146.4,146.4,146.4,146.4,146.4,146.4,146.4,146.4,146.4,146.4,146.4,146.4,146.4,146.4,146.4,146.4,146.4,146.4,146.4,146.4,146.4,146.4,146.4,146.4,146.4,146.4,146.4,146.4,146.4,146.4,146.4,146.4,146.4,146.4,146.4,146.4,146.4
2018-12-01,,,,,,,,,,,,,,,,,,,,,,,,,,,,,,,,,,,,,,,,,,,,,,,,,,,,,,,,,,,,,,,,,,,,,,,,,,,,,,,,,,,,,,,,,,,,,,,,,,,,,,,,,,,145.8,146.0,146.0,146.0,146.0,146.0,146.0,146.0,146.0,146.0,146.0,146.0,146.0,146.0,146.0,146.0,146.0,146.0,146.0,146.0,146.0,146.0,146.0,146.0,146.0,146.0,146.0,146.0,146.0,146.0,146.0,146.0,146.0,146.0,146.0,146.0,146.0,146.0,146.0,146.0,146.0,146.0,146.0,146.0,146.0,146.0,146.0,146.0,146.0,146.0,146.0,146.0,146.0,146.0,146.0,146.0,146.0,146.0,146.0,146.0,146.0,146.0,146.0,146.0,146.0,146.0,146.0,146.0,146.0,146.0,146.0,146.0,146.0,146.0,146.0,146.0,146.0,146.0,146.0,146.0,146.0,146.0,146.0,146.0,146.0,146.0,146.0,146.0,146.0,146.0,146.0,146.0
2019-01-01,,,,,,,,,,,,,,,,,,,,,,,,,,,,,,,,,,,,,,,,,,,,,,,,,,,,,,,,,,,,,,,,,,,,,,,,,,,,,,,,,,,,,,,,,,,,,,,,,,,,,,,,,,,,142.9,144.2,144.2,144.2,144.2,144.2,144.2,144.2,144.2,144.2,144.2,144.2,144.2,144.2,144.2,144.2,144.2,144.2,144.2,144.2,144.2,144.2,144.2,144.2,144.2,144.2,144.2,144.2,144.2,144.2,144.2,144.2,144.2,144.2,144.2,144.2,144.2,144.2,144.2,144.2,144.2,144.2,144.2,144.2,144.2,144.2,144.2,144.2,144.2,144.2,144.2,144.2,144.2,144.2,144.2,144.2,144.2,144.2,144.2,144.2,144.2,144.2,144.2,144.2,144.2,144.2,144.2,144.2,144.2,144.2,144.2,144.2,144.2,144.2,144.2,144.2,144.2,144.2,144.2,144.2,144.2,144.2,144.2,144.2,144.2,144.2,144.2,144.2,144.2,144.2,144.2
2019-02-01,,,,,,,,,,,,,,,,,,,,,,,,,,,,,,,,,,,,,,,,,,,,,,,,,,,,,,,,,,,,,,,,,,,,,,,,,,,,,,,,,,,,,,,,,,,,,,,,,,,,,,,,,,,,,144.5,144.5,144.5,144.5,144.5,144.5,144.5,144.5,144.5,144.5,144.5,144.5,144.5,144.5,144.5,144.5,144.5,144.5,144.5,144.5,144.5,144.5,144.5,144.5,144.5,144.5,144.5,144.5,144.5,144.5,144.5,144.5,144.5,144.5,144.5,144.5,144.5,144.5,144.5,144.5,144.5,144.5,144.5,144.5,144.5,144.5,144.5,144.5,144.5,144.5,144.5,144.5,144.5,144.5,144.5,144.5,144.5,144.5,144.5,144.5,144.5,144.5,144.5,144.5,144.5,144.5,144.5,144.5,144.5,144.5,144.5,144.5,144.5,144.5,144.5,144.5,144.5,144.5,144.5,144.5,144.5,144.5,144.5,144.5,144.5,144.5,144.5,144.5,144.5,144.5
2019-03-01,,,,,,,,,,,,,,,,,,,,,,,,,,,,,,,,,,,,,,,,,,,,,,,,,,,,,,,,,,,,,,,,,,,,,,,,,,,,,,,,,,,,,,,,,,,,,,,,,,,,,,,,,,,,,,144.8,144.8,145.2,145.2,145.2,145.2,145.2,145.2,145.2,145.2,145.2,145.2,145.2,145.2,145.2,145.2,145.2,145.2,145.2,145.2,145.2,145.2,145.2,145.2,145.2,145.2,145.2,145.2,145.2,145.2,145.2,145.2,145.2,145.2,145.2,145.2,145.2,145.2,145.2,145.2,145.2,145.2,145.2,145.2,145.2,145.2,145.2,145.2,145.2,145.2,145.2,145.2,145.2,145.2,145.2,145.2,145.2,145.2,145.2,145.2,145.2,145.2,145.2,145.2,145.2,145.2,145.2,145.2,145.2,145.2,145.2,145.2,145.2,145.2,145.2,145.2,145.2,145.2,145.2,145.2,145.2,145.2,145.2,145.2,145.2,145.2,145.2,145.2,145.2
2019-04-01,,,,,,,,,,,,,,,,,,,,,,,,,,,,,,,,,,,,,,,,,,,,,,,,,,,,,,,,,,,,,,,,,,,,,,,,,,,,,,,,,,,,,,,,,,,,,,,,,,,,,,,,,,,,,,,143.3,144.3,144.3,144.3,144.3,144.3,144.3,144.3,144.3,144.3,144.3,144.3,144.3,144.3,144.3,144.3,144.3,144.3,144.3,144.3,144.3,144.3,144.3,144.3,144.3,144.3,144.3,144.3,144.3,144.3,144.3,144.3,144.3,144.3,144.3,144.3,144.3,144.3,144.3,144.3,144.3,144.3,144.3,144.3,144.3,144.3,144.3,144.3,144.3,144.3,144.3,144.3,144.3,144.3,144.3,144.3,144.3,144.3,144.3,144.3,144.3,144.3,144.3,144.3,144.3,144.3,144.3,144.3,144.3,144.3,144.3,144.3,144.3,144.3,144.3,144.3,144.3,144.3,144.3,144.3,144.3,144.3,144.3,144.3,144.3,144.3,144.3,144.3
2019-05-01,,,,,,,,,,,,,,,,,,,,,,,,,,,,,,,,,,,,,,,,,,,,,,,,,,,,,,,,,,,,,,,,,,,,,,,,,,,,,,,,,,,,,,,,,,,,,,,,,,,,,,,,,,,,,,,,144.8,144.8,144.8,144.8,144.8,144.8,144.8,144.8,144.8,144.8,144.8,144.8,144.8,144.8,144.8,144.8,144.8,144.8,144.8,144.8,144.8,144.8,144.8,144.8,144.8,144.8,144.8,144.8,144.8,144.8,144.8,144.8,144.8,144.8,144.8,144.8,144.8,144.8,144.8,144.8,144.8,144.8,144.8,144.8,144.8,144.8,144.8,144.8,144.8,144.8,144.8,144.8,144.8,144.8,144.8,144.8,144.8,144.8,144.8,144.8,144.8,144.8,144.8,144.8,144.8,144.8,144.8,144.8,144.8,144.8,144.8,144.8,144.8,144.8,144.8,144.8,144.8,144.8,144.8,144.8,144.8,144.8,144.8,144.8,144.8,144.8,144.8
2019-06-01,,,,,,,,,,,,,,,,,,,,,,,,,,,,,,,,,,,,,,,,,,,,,,,,,,,,,,,,,,,,,,,,,,,,,,,,,,,,,,,,,,,,,,,,,,,,,,,,,,,,,,,,,,,,,,,,,144.8,144.8,144.8,144.8,144.8,144.8,144.8,144.8,144.8,144.8,144.8,144.8,144.8,144.8,144.8,144.8,144.8,144.8,144.8,144.8,144.8,144.8,144.8,144.8,144.8,144.8,144.8,144.8,144.8,144.8,144.8,144.8,144.8,144.8,144.8,144.8,144.8,144.8,144.8,144.8,144.8,144.8,144.8,144.8,144.8,144.8,144.8,144.8,144.8,144.8,144.8,144.8,144.8,144.8,144.8,144.8,144.8,144.8,144.8,144.8,144.8,144.8,144.8,144.8,144.8,144.8,144.8,144.8,144.8,144.8,144.8,144.8,144.8,144.8,144.8,144.8,144.8,144.8,144.8,144.8,144.8,144.8,144.8,144.8,144.8,144.8
2019-07-01,,,,,,,,,,,,,,,,,,,,,,,,,,,,,,,,,,,,,,,,,,,,,,,,,,,,,,,,,,,,,,,,,,,,,,,,,,,,,,,,,,,,,,,,,,,,,,,,,,,,,,,,,,,,,,,,,,148.5,148.5,148.6,148.6,148.6,148.6,148.6,148.6,148.6,148.6,148.6,148.6,148.6,148.6,148.6,148.6,148.6,148.6,148.6,148.6,148.6,148.6,148.6,148.6,148.6,148.6,148.6,148.6,148.6,148.6,148.6,148.6,148.6,148.6,148.6,148.6,148.6,148.6,148.6,148.6,148.6,148.6,148.6,148.6,148.6,148.6,148.6,148.6,148.6,148.6,148.6,148.6,148.6,148.6,148.6,148.6,148.6,148.6,148.6,148.6,148.6,148.6,148.6,148.6,148.6,148.6,148.6,148.6,148.6,148.6,148.6,148.6,148.6,148.6,148.6,148.6,148.6,148.6,148.6,148.6,148.6,148.6,148.6,148.6,148.6
2019-08-01,,,,,,,,,,,,,,,,,,,,,,,,,,,,,,,,,,,,,,,,,,,,,,,,,,,,,,,,,,,,,,,,,,,,,,,,,,,,,,,,,,,,,,,,,,,,,,,,,,,,,,,,,,,,,,,,,,,146.4,146.4,146.4,146.4,146.4,146.4,146.4,146.4,146.4,146.4,146.4,146.4,146.4,146.4,146.4,146.4,146.4,146.4,146.4,146.4,146.4,146.4,146.4,146.4,146.4,146.4,146.4,146.4,146.4,146.4,146.4,146.4,146.4,146.4,146.4,146.4,146.4,146.4,146.4,146.4,146.4,146.4,146.4,146.4,146.4,146.4,146.4,146.4,146.4,146.4,146.4,146.4,146.4,146.4,146.4,146.4,146.4,146.4,146.4,146.4,146.4,146.4,146.4,146.4,146.4,146.4,146.4,146.4,146.4,146.4,146.4,146.4,146.4,146.4,146.4,146.4,146.4,146.4,146.4,146.4,146.4,146.4,146.4,146.4
2019-09-01,,,,,,,,,,,,,,,,,,,,,,,,,,,,,,,,,,,,,,,,,,,,,,,,,,,,,,,,,,,,,,,,,,,,,,,,,,,,,,,,,,,,,,,,,,,,,,,,,,,,,,,,,,,,,,,,,,,,141.8,141.8,141.8,141.8,141.8,141.8,141.8,141.8,141.8,141.8,141.8,141.8,141.8,141.8,141.8,141.8,141.8,141.8,141.8,141.8,141.8,141.8,141.8,141.8,141.8,141.8,141.8,141.8,141.8,141.8,141.8,141.8,141.8,141.8,141.8,141.8,141.8,141.8,141.8,141.8,141.8,141.8,141.8,141.8,141.8,141.8,141.8,141.8,141.8,141.8,141.8,141.8,141.8,141.8,141.8,141.8,141.8,141.8,141.8,141.8,141.8,141.8,141.8,141.8,141.8,141.8,141.8,141.8,141.8,141.8,141.8,141.8,141.8,141.8,141.8,141.8,141.8,141.8,141.8,141.8,141.8,141.8,141.8
2019-10-01,,,,,,,,,,,,,,,,,,,,,,,,,,,,,,,,,,,,,,,,,,,,,,,,,,,,,,,,,,,,,,,,,,,,,,,,,,,,,,,,,,,,,,,,,,,,,,,,,,,,,,,,,,,,,,,,,,,,,143.3,143.3,143.2,143.2,143.2,143.2,143.2,143.2,143.2,143.2,143.2,143.2,143.2,143.2,143.2,143.2,143.2,143.2,143.2,143.2,143.2,143.2,143.2,143.2,143.2,143.2,143.2,143.2,143.2,143.2,143.2,143.2,143.2,143.2,143.2,143.2,143.2,143.2,143.2,143.2,143.2,143.2,143.2,143.2,143.2,143.2,143.2,143.2,143.2,143.2,143.2,143.2,143.2,143.2,143.2,143.2,143.2,143.2,143.2,143.2,143.2,143.2,143.2,143.2,143.2,143.2,143.2,143.2,143.2,143.2,143.2,143.2,143.2,143.2,143.2,143.2,143.2,143.2,143.2,143.2,143.2,143.2
2019-11-01,,,,,,,,,,,,,,,,,,,,,,,,,,,,,,,,,,,,,,,,,,,,,,,,,,,,,,,,,,,,,,,,,,,,,,,,,,,,,,,,,,,,,,,,,,,,,,,,,,,,,,,,,,,,,,,,,,,,,,146.4,146.3,146.3,146.3,146.3,146.3,146.3,146.3,146.3,146.3,146.3,146.3,146.3,146.3,146.3,146.3,146.3,146.3,146.3,146.3,146.3,146.3,146.3,146.3,146.3,146.3,146.3,146.3,146.3,146.3,146.3,146.3,146.3,146.3,146.3,146.3,146.3,146.3,146.3,146.3,146.3,146.3,146.3,146.3,146.3,146.3,146.3,146.3,146.3,146.3,146.3,146.3,146.3,146.3,146.3,146.3,146.3,146.3,146.3,146.3,146.3,146.3,146.3,146.3,146.3,146.3,146.3,146.3,146.3,146.3,146.3,146.3,146.3,146.3,146.3,146.3,146.3,146.3,146.3,146.3,146.3
2019-12-01,,,,,,,,,,,,,,,,,,,,,,,,,,,,,,,,,,,,,,,,,,,,,,,,,,,,,,,,,,,,,,,,,,,,,,,,,,,,,,,,,,,,,,,,,,,,,,,,,,,,,,,,,,,,,,,,,,,,,,,147.6,147.6,147.6,147.6,147.6,147.6,147.6,147.6,147.6,147.6,147.6,147.6,147.6,147.6,147.6,147.6,147.6,147.6,147.6,147.6,147.6,147.6,147.6,147.6,147.6,147.6,147.6,147.6,147.6,147.6,147.6,147.6,147.6,147.6,147.6,147.6,147.6,147.6,147.6,147.6,147.6,147.6,147.6,147.6,147.6,147.6,147.6,147.6,147.6,147.6,147.6,147.6,147.6,147.6,147.6,147.6,147.6,147.6,147.6,147.6,147.6,147.6,147.6,147.6,147.6,147.6,147.6,147.6,147.6,147.6,147.6,147.6,147.6,147.6,147.6,147.6,147.6,147.6,147.6,147.6
2020-01-01,,,,,,,,,,,,,,,,,,,,,,,,,,,,,,,,,,,,,,,,,,,,,,,,,,,,,,,,,,,,,,,,,,,,,,,,,,,,,,,,,,,,,,,,,,,,,,,,,,,,,,,,,,,,,,,,,,,,,,,,149.9,149.9,149.9,149.9,149.9,149.9,149.9,149.9,149.9,149.9,149.9,149.9,149.9,149.9,149.9,149.9,149.9,149.9,149.9,149.9,149.9,149.9,149.9,149.9,149.9,149.9,149.9,149.9,149.9,149.9,149.9,149.9,149.9,149.9,149.9,149.9,149.9,149.9,149.9,149.9,149.9,149.9,149.9,149.9,149.9,149.9,149.9,149.9,149.9,149.9,149.9,149.9,149.9,149.9,149.9,149.9,149.9,149.9,149.9,149.9,149.9,149.9,149.9,149.9,149.9,149.9,149.9,149.9,149.9,149.9,149.9,149.9,149.9,149.9,149.9,149.9,149.9,149.9,149.9
2020-02-01,,,,,,,,,,,,,,,,,,,,,,,,,,,,,,,,,,,,,,,,,,,,,,,,,,,,,,,,,,,,,,,,,,,,,,,,,,,,,,,,,,,,,,,,,,,,,,,,,,,,,,,,,,,,,,,,,,,,,,,,,190.6,190.6,190.6,190.1,190.1,190.1,190.1,190.1,190.1,190.1,190.1,190.1,190.1,190.1,190.1,190.1,190.1,190.1,190.1,190.1,190.1,190.1,190.1,190.1,190.1,190.1,190.1,190.1,190.1,190.1,190.1,190.1,190.1,190.1,190.1,190.1,190.1,190.1,190.1,190.1,190.1,190.1,190.1,190.1,190.1,190.1,190.1,190.1,190.1,190.1,190.1,190.1,190.1,190.1,190.1,190.1,190.1,190.1,190.1,190.1,190.1,190.1,190.1,190.1,190.1,190.1,190.1,190.1,190.1,190.1,190.1,190.1,190.1,190.1,190.1,190.1,190.1,190.1
2020-03-01,,,,,,,,,,,,,,,,,,,,,,,,,,,,,,,,,,,,,,,,,,,,,,,,,,,,,,,,,,,,,,,,,,,,,,,,,,,,,,,,,,,,,,,,,,,,,,,,,,,,,,,,,,,,,,,,,,,,,,,,,,153.2,153.2,153.7,153.7,153.7,153.7,153.7,153.7,153.7,153.7,153.7,153.7,153.7,153.7,153.7,153.7,153.7,153.7,153.7,153.7,153.7,153.7,153.7,153.7,153.7,153.7,153.7,153.7,153.7,153.7,153.7,153.7,153.7,153.7,153.7,153.7,153.7,153.7,153.7,153.7,153.7,153.7,153.7,153.7,153.7,153.7,153.7,153.7,153.7,153.7,153.7,153.7,153.7,153.7,153.7,153.7,153.7,153.7,153.7,153.7,153.7,153.7,153.7,153.7,153.7,153.7,153.7,153.7,153.7,153.7,153.7,153.7,153.7,153.7,153.7,153.7,153.7
2020-04-01,,,,,,,,,,,,,,,,,,,,,,,,,,,,,,,,,,,,,,,,,,,,,,,,,,,,,,,,,,,,,,,,,,,,,,,,,,,,,,,,,,,,,,,,,,,,,,,,,,,,,,,,,,,,,,,,,,,,,,,,,,,157.2,157.4,157.4,157.4,157.4,157.4,157.4,157.4,157.4,157.4,157.4,157.4,157.4,157.4,157.4,157.4,157.4,157.4,157.4,157.4,157.4,157.4,157.4,157.4,157.4,157.4,157.4,157.4,157.4,157.4,157.4,157.4,157.4,157.4,157.4,157.4,157.4,157.4,157.4,157.4,157.4,157.4,157.4,157.4,157.4,157.4,157.4,157.4,157.4,157.4,157.4,157.4,157.4,157.4,157.4,157.4,157.4,157.4,157.4,157.4,157.4,157.4,157.4,157.4,157.4,157.4,157.4,157.4,157.4,157.4,157.4,157.4,157.4,157.4,157.4,157.4
2020-05-01,,,,,,,,,,,,,,,,,,,,,,,,,,,,,,,,,,,,,,,,,,,,,,,,,,,,,,,,,,,,,,,,,,,,,,,,,,,,,,,,,,,,,,,,,,,,,,,,,,,,,,,,,,,,,,,,,,,,,,,,,,,,158.4,158.4,158.4,158.4,158.4,158.4,158.4,158.4,158.4,158.4,158.4,158.4,158.4,158.4,158.4,158.4,158.4,158.4,158.4,158.4,158.4,158.4,158.4,158.4,158.4,158.4,158.4,158.4,158.4,158.4,158.4,158.4,158.4,158.4,158.4,158.4,158.4,158.4,158.4,158.4,158.4,158.4,158.4,158.4,158.4,158.4,158.4,158.4,158.4,158.4,158.4,158.4,158.4,158.4,158.4,158.4,158.4,158.4,158.4,158.4,158.4,158.4,158.4,158.4,158.4,158.4,158.4,158.4,158.4,158.4,158.4,158.4,158.4,158.4,158.4
2020-06-01,,,,,,,,,,,,,,,,,,,,,,,,,,,,,,,,,,,,,,,,,,,,,,,,,,,,,,,,,,,,,,,,,,,,,,,,,,,,,,,,,,,,,,,,,,,,,,,,,,,,,,,,,,,,,,,,,,,,,,,,,,,,,153.0,149.8,149.8,149.8,149.8,149.8,149.8,149.8,149.8,149.8,149.8,149.8,149.8,149.8,149.8,149.8,149.8,149.8,149.8,149.8,149.8,149.8,149.8,149.8,149.8,149.8,149.8,149.8,149.8,149.8,149.8,149.8,149.8,149.8,149.8,149.8,149.8,149.8,149.8,149.8,149.8,149.8,149.8,149.8,149.8,149.8,149.8,149.8,149.8,149.8,149.8,149.8,149.8,149.8,149.8,149.8,149.8,149.8,149.8,149.8,149.8,149.8,149.8,149.8,149.8,149.8,149.8,149.8,149.8,149.8,149.8,149.8,149.8,149.8
2020-07-01,,,,,,,,,,,,,,,,,,,,,,,,,,,,,,,,,,,,,,,,,,,,,,,,,,,,,,,,,,,,,,,,,,,,,,,,,,,,,,,,,,,,,,,,,,,,,,,,,,,,,,,,,,,,,,,,,,,,,,,,,,,,,,150.6,150.6,150.6,150.6,150.6,150.6,150.6,150.6,150.6,150.6,150.6,150.6,150.6,150.6,150.6,150.6,150.6,150.6,150.6,150.6,150.6,150.6,150.6,150.6,150.6,150.6,150.6,150.6,150.6,150.6,150.6,150.6,150.6,150.6,150.6,150.6,150.6,150.6,150.6,150.6,150.6,150.6,150.6,150.6,150.6,150.6,150.6,150.6,150.6,150.6,150.6,150.6,150.6,150.6,150.6,150.6,150.6,150.6,150.6,150.6,150.6,150.6,150.6,150.6,150.6,150.6,150.6,150.6,150.6,150.6,150.6,150.6,150.6
2020-08-01,,,,,,,,,,,,,,,,,,,,,,,,,,,,,,,,,,,,,,,,,,,,,,,,,,,,,,,,,,,,,,,,,,,,,,,,,,,,,,,,,,,,,,,,,,,,,,,,,,,,,,,,,,,,,,,,,,,,,,,,,,,,,,,150.4,150.4,150.4,150.4,150.4,150.4,150.4,150.4,150.4,150.4,150.4,150.4,150.4,150.4,150.4,150.4,150.4,150.4,150.4,150.4,150.4,150.4,150.4,150.4,150.4,150.4,150.4,150.4,150.4,150.4,150.4,150.4,150.4,150.4,150.4,150.4,150.4,150.4,150.4,150.4,150.4,150.4,150.4,150.4,150.4,150.4,150.4,150.4,150.4,150.4,150.4,150.4,150.4,150.4,150.4,150.4,150.4,150.4,150.4,150.4,150.4,150.4,150.4,150.4,150.4,150.4,150.4,150.4,150.4,150.4,150.4,150.4
2020-09-01,,,,,,,,,,,,,,,,,,,,,,,,,,,,,,,,,,,,,,,,,,,,,,,,,,,,,,,,,,,,,,,,,,,,,,,,,,,,,,,,,,,,,,,,,,,,,,,,,,,,,,,,,,,,,,,,,,,,,,,,,,,,,,,,149.8,145.8,144.0,144.0,144.0,144.0,144.0,144.0,144.0,144.0,144.0,144.0,144.0,144.0,144.0,144.0,144.0,144.0,144.0,144.0,144.0,144.0,144.0,144.0,144.0,144.0,144.0,144.0,144.0,144.0,144.0,144.0,144.0,144.0,144.0,144.0,144.0,144.0,144.0,144.0,144.0,144.0,144.0,144.0,144.0,144.0,144.0,144.0,144.0,144.0,144.0,144.0,144.0,144.0,144.0,144.0,144.0,144.0,144.0,144.0,144.0,144.0,144.0,144.0,144.0,144.0,144.0,144.0,144.0,144.0,144.0
2020-10-01,,,,,,,,,,,,,,,,,,,,,,,,,,,,,,,,,,,,,,,,,,,,,,,,,,,,,,,,,,,,,,,,,,,,,,,,,,,,,,,,,,,,,,,,,,,,,,,,,,,,,,,,,,,,,,,,,,,,,,,,,,,,,,,,,138.9,137.4,137.4,137.4,137.4,137.4,137.4,137.4,137.4,137.4,137.4,137.4,137.4,137.4,137.4,137.4,137.4,137.4,137.4,137.4,137.4,137.4,137.4,137.4,137.4,137.4,137.4,137.4,137.4,137.4,137.4,137.4,137.4,137.4,137.4,137.4,137.4,137.4,137.4,137.4,137.4,137.4,137.4,137.4,137.4,137.4,137.4,137.4,137.4,137.4,137.4,137.4,137.4,137.4,137.4,137.4,137.4,137.4,137.4,137.4,137.4,137.4,137.4,137.4,137.4,137.4,137.4,137.4,137.4,137.4
2020-11-01,,,,,,,,,,,,,,,,,,,,,,,,,,,,,,,,,,,,,,,,,,,,,,,,,,,,,,,,,,,,,,,,,,,,,,,,,,,,,,,,,,,,,,,,,,,,,,,,,,,,,,,,,,,,,,,,,,,,,,,,,,,,,,,,,,144.2,144.1,144.1,144.1,144.1,144.1,144.1,144.1,144.1,144.1,144.1,144.1,144.1,144.1,144.1,144.1,144.1,144.1,144.1,144.1,144.1,144.1,144.1,144.1,144.1,144.1,144.1,144.1,144.1,144.1,144.1,144.1,144.1,144.1,144.1,144.1,144.1,144.1,144.1,144.1,144.1,144.1,144.1,144.1,144.1,144.1,144.1,144.1,144.1,144.1,144.1,144.1,144.1,144.1,144.1,144.1,144.1,144.1,144.1,144.1,144.1,144.1,144.1,144.1,144.1,144.1,144.1,144.1,144.1
2020-12-01,,,,,,,,,,,,,,,,,,,,,,,,,,,,,,,,,,,,,,,,,,,,,,,,,,,,,,,,,,,,,,,,,,,,,,,,,,,,,,,,,,,,,,,,,,,,,,,,,,,,,,,,,,,,,,,,,,,,,,,,,,,,,,,,,,,154.6,151.4,151.4,151.4,151.4,151.4,151.4,151.4,151.4,151.4,151.4,151.4,151.4,151.4,151.4,151.4,151.4,151.4,151.4,151.4,151.4,151.4,151.4,151.4,151.4,151.4,151.4,151.4,151.4,151.4,151.4,151.4,151.4,151.4,151.4,151.4,151.4,151.4,151.4,151.4,151.4,151.4,151.4,151.4,151.4,151.4,151.4,151.4,151.4,151.4,151.4,151.4,151.4,151.4,151.4,151.4,151.4,151.4,151.4,151.4,151.4,151.4,151.4,151.4,151.4,151.4,151.4,151.4
2021-01-01,,,,,,,,,,,,,,,,,,,,,,,,,,,,,,,,,,,,,,,,,,,,,,,,,,,,,,,,,,,,,,,,,,,,,,,,,,,,,,,,,,,,,,,,,,,,,,,,,,,,,,,,,,,,,,,,,,,,,,,,,,,,,,,,,,,,151.2,151.2,151.2,151.2,151.2,151.2,151.2,151.2,151.2,151.2,151.2,151.2,151.2,151.2,151.2,151.2,151.2,151.2,151.2,151.2,151.2,151.2,151.2,151.2,151.2,151.2,151.2,151.2,151.2,151.2,151.2,151.2,151.2,151.2,151.2,151.2,151.2,151.2,151.2,151.2,151.2,151.2,151.2,151.2,151.2,151.2,151.2,151.2,151.2,151.2,151.2,151.2,151.2,151.2,151.2,151.2,151.2,151.2,151.2,151.2,151.2,151.2,151.2,151.2,151.2,151.2,151.2
2021-02-01,,,,,,,,,,,,,,,,,,,,,,,,,,,,,,,,,,,,,,,,,,,,,,,,,,,,,,,,,,,,,,,,,,,,,,,,,,,,,,,,,,,,,,,,,,,,,,,,,,,,,,,,,,,,,,,,,,,,,,,,,,,,,,,,,,,,,148.0,162.7,162.7,163.4,163.4,163.4,163.4,163.4,163.4,163.4,163.4,163.4,163.4,163.4,163.4,163.4,163.4,163.4,163.4,163.4,163.4,163.4,163.4,163.4,163.4,163.4,163.4,163.4,163.4,163.4,163.4,163.4,163.4,163.4,163.4,163.4,163.4,163.4,163.4,163.4,163.4,163.4,163.4,163.4,163.4,163.4,163.4,163.4,163.4,163.4,163.4,163.4,163.4,163.4,163.4,163.4,163.4,163.4,163.4,163.4,163.4,163.4,163.4,163.4,163.4,163.4
2021-03-01,,,,,,,,,,,,,,,,,,,,,,,,,,,,,,,,,,,,,,,,,,,,,,,,,,,,,,,,,,,,,,,,,,,,,,,,,,,,,,,,,,,,,,,,,,,,,,,,,,,,,,,,,,,,,,,,,,,,,,,,,,,,,,,,,,,,,,164.0,163.6,164.0,164.0,164.0,164.0,164.0,164.0,164.0,164.0,164.0,164.0,164.0,164.0,164.0,164.0,164.0,164.0,164.0,164.0,164.0,164.0,164.0,164.0,164.0,164.0,164.0,164.0,164.0,164.0,164.0,164.0,164.0,164.0,164.0,164.0,164.0,164.0,164.0,164.0,164.0,164.0,164.0,164.0,164.0,164.0,164.0,164.0,164.0,164.0,164.0,164.0,164.0,164.0,164.0,164.0,164.0,164.0,164.0,164.0,164.0,164.0,164.0,164.0,164.0
2021-04-01,,,,,,,,,,,,,,,,,,,,,,,,,,,,,,,,,,,,,,,,,,,,,,,,,,,,,,,,,,,,,,,,,,,,,,,,,,,,,,,,,,,,,,,,,,,,,,,,,,,,,,,,,,,,,,,,,,,,,,,,,,,,,,,,,,,,,,,161.1,162.2,162.2,162.2,162.2,162.2,162.2,162.2,162.2,162.2,162.2,162.2,162.2,162.2,162.2,162.2,162.2,162.2,162.2,162.2,162.2,162.2,162.2,162.2,162.2,162.2,162.2,162.2,162.2,162.2,162.2,162.2,162.2,162.2,162.2,162.2,162.2,162.2,162.2,162.2,162.2,162.2,162.2,162.2,162.2,162.2,162.2,162.2,162.2,162.2,162.2,162.2,162.2,162.2,162.2,162.2,162.2,162.2,162.2,162.2,162.2,162.2,162.2,162.2
2021-05-01,,,,,,,,,,,,,,,,,,,,,,,,,,,,,,,,,,,,,,,,,,,,,,,,,,,,,,,,,,,,,,,,,,,,,,,,,,,,,,,,,,,,,,,,,,,,,,,,,,,,,,,,,,,,,,,,,,,,,,,,,,,,,,,,,,,,,,,,149.2,149.2,149.2,149.2,149.2,149.2,149.2,149.2,149.2,149.2,149.2,149.2,149.2,149.2,149.2,149.2,149.2,149.2,149.2,149.2,149.2,149.2,149.2,149.2,149.2,149.2,149.2,149.2,149.2,149.2,149.2,149.2,149.2,149.2,149.2,149.2,149.2,149.2,149.2,149.2,149.2,149.2,149.2,149.2,149.2,149.2,149.2,149.2,149.2,149.2,149.2,149.2,149.2,149.2,149.2,149.2,149.2,149.2,149.2,149.2,149.2,149.2,149.2
2021-06-01,,,,,,,,,,,,,,,,,,,,,,,,,,,,,,,,,,,,,,,,,,,,,,,,,,,,,,,,,,,,,,,,,,,,,,,,,,,,,,,,,,,,,,,,,,,,,,,,,,,,,,,,,,,,,,,,,,,,,,,,,,,,,,,,,,,,,,,,,141.9,141.9,141.9,141.9,141.9,141.9,141.9,141.9,141.9,141.9,141.9,141.9,141.9,141.9,141.9,141.9,141.9,141.9,141.9,141.9,141.9,141.9,141.9,141.9,141.9,141.9,141.9,141.9,141.9,141.9,141.9,141.9,141.9,141.9,141.9,141.9,141.9,141.9,141.9,141.9,141.9,141.9,141.9,141.9,141.9,141.9,141.9,141.9,141.9,141.9,141.9,141.9,141.9,141.9,141.9,141.9,141.9,141.9,141.9,141.9,141.9,141.9
2021-07-01,,,,,,,,,,,,,,,,,,,,,,,,,,,,,,,,,,,,,,,,,,,,,,,,,,,,,,,,,,,,,,,,,,,,,,,,,,,,,,,,,,,,,,,,,,,,,,,,,,,,,,,,,,,,,,,,,,,,,,,,,,,,,,,,,,,,,,,,,,147.5,147.5,147.5,147.5,147.5,147.5,147.5,147.5,147.5,147.5,147.5,147.5,147.5,147.5,147.5,147.5,147.5,147.5,147.5,147.5,147.5,147.5,147.5,147.5,147.5,147.5,147.5,147.5,147.5,147.5,147.5,147.5,147.5,147.5,147.5,147.5,147.5,147.5,147.5,147.5,147.5,147.5,147.5,147.5,147.5,147.5,147.5,147.5,147.5,147.5,147.5,147.5,147.5,147.5,147.5,147.5,147.5,147.5,147.5,147.5,147.5
2021-08-01,,,,,,,,,,,,,,,,,,,,,,,,,,,,,,,,,,,,,,,,,,,,,,,,,,,,,,,,,,,,,,,,,,,,,,,,,,,,,,,,,,,,,,,,,,,,,,,,,,,,,,,,,,,,,,,,,,,,,,,,,,,,,,,,,,,,,,,,,,,153.9,153.9,153.9,241.3,241.3,241.3,241.3,241.3,241.3,241.3,241.3,241.3,241.3,241.3,241.3,241.3,241.3,241.3,241.3,241.3,241.3,241.3,241.3,241.3,241.3,241.3,241.3,241.3,241.3,241.3,241.3,241.3,241.3,241.3,241.3,241.3,241.3,241.3,241.3,241.3,241.3,241.3,241.3,241.3,241.3,241.3,241.3,241.3,241.3,241.3,241.3,241.3,241.3,241.3,241.3,241.3,241.3,241.3,241.3,241.3
2021-09-01,,,,,,,,,,,,,,,,,,,,,,,,,,,,,,,,,,,,,,,,,,,,,,,,,,,,,,,,,,,,,,,,,,,,,,,,,,,,,,,,,,,,,,,,,,,,,,,,,,,,,,,,,,,,,,,,,,,,,,,,,,,,,,,,,,,,,,,,,,,,150.2,150.2,150.2,150.2,150.2,150.2,150.2,150.2,150.2,150.2,150.2,150.2,150.2,150.2,150.2,150.2,150.2,150.2,150.2,150.2,150.2,150.2,150.2,150.2,150.2,150.2,150.2,150.2,150.2,150.2,150.2,150.2,150.2,150.2,150.2,150.2,150.2,150.2,150.2,150.2,150.2,150.2,150.2,150.2,150.2,150.2,150.2,150.2,150.2,150.2,150.2,150.2,150.2,150.2,150.2,150.2,150.2,150.2,150.2
2021-10-01,,,,,,,,,,,,,,,,,,,,,,,,,,,,,,,,,,,,,,,,,,,,,,,,,,,,,,,,,,,,,,,,,,,,,,,,,,,,,,,,,,,,,,,,,,,,,,,,,,,,,,,,,,,,,,,,,,,,,,,,,,,,,,,,,,,,,,,,,,,,,152.2,152.8,152.3,152.3,152.3,152.3,152.3,152.3,152.3,152.3,152.3,152.3,152.3,152.3,152.3,152.3,152.3,152.3,152.3,152.3,152.3,152.3,152.3,152.3,152.3,152.3,152.3,152.3,152.3,152.3,152.3,152.3,152.3,152.3,152.3,152.3,152.3,152.3,152.3,152.3,152.3,152.3,152.3,152.3,152.3,152.3,152.3,152.3,152.3,152.3,152.3,152.3,152.3,152.3,152.3,152.3,152.3,152.3
2021-11-01,,,,,,,,,,,,,,,,,,,,,,,,,,,,,,,,,,,,,,,,,,,,,,,,,,,,,,,,,,,,,,,,,,,,,,,,,,,,,,,,,,,,,,,,,,,,,,,,,,,,,,,,,,,,,,,,,,,,,,,,,,,,,,,,,,,,,,,,,,,,,,249.3,248.7,200.4,200.4,200.4,200.4,200.4,200.4,200.4,200.4,200.4,200.4,200.4,200.4,200.4,200.4,200.4,200.4,200.4,200.4,200.4,200.4,200.4,200.4,200.4,200.4,200.4,200.4,200.4,200.4,200.4,200.4,200.4,200.4,200.4,200.4,200.4,200.4,200.4,200.4,200.4,200.4,200.4,200.4,200.4,200.4,200.4,200.4,200.4,200.4,200.4,200.4,200.4,200.4,200.4,200.4,200.4
2021-12-01,,,,,,,,,,,,,,,,,,,,,,,,,,,,,,,,,,,,,,,,,,,,,,,,,,,,,,,,,,,,,,,,,,,,,,,,,,,,,,,,,,,,,,,,,,,,,,,,,,,,,,,,,,,,,,,,,,,,,,,,,,,,,,,,,,,,,,,,,,,,,,,252.1,211.6,211.6,211.6,211.6,211.6,211.6,211.6,211.6,211.6,211.6,211.6,211.6,211.6,211.6,211.6,211.6,211.6,211.6,211.6,211.6,211.6,211.6,211.6,211.6,211.6,211.6,211.6,211.6,211.6,211.6,211.6,211.6,211.6,211.6,211.6,211.6,211.6,211.6,211.6,211.6,211.6,211.6,211.6,211.6,211.6,211.6,211.6,211.6,211.6,211.6,211.6,211.6,211.6,211.6,211.6
2022-01-01,,,,,,,,,,,,,,,,,,,,,,,,,,,,,,,,,,,,,,,,,,,,,,,,,,,,,,,,,,,,,,,,,,,,,,,,,,,,,,,,,,,,,,,,,,,,,,,,,,,,,,,,,,,,,,,,,,,,,,,,,,,,,,,,,,,,,,,,,,,,,,,,226.2,223.0,223.0,223.0,223.0,223.0,223.0,223.0,223.0,223.0,223.0,223.0,223.0,223.0,223.0,223.0,223.0,223.0,223.0,223.0,223.0,223.0,223.0,223.0,223.0,223.0,223.0,223.0,223.0,223.0,223.0,223.0,223.0,223.0,223.0,223.0,223.0,223.0,223.0,223.0,223.0,223.0,223.0,223.0,223.0,223.0,223.0,223.0,223.0,223.0,223.0,223.0,223.0,223.0,223.0
2022-02-01,,,,,,,,,,,,,,,,,,,,,,,,,,,,,,,,,,,,,,,,,,,,,,,,,,,,,,,,,,,,,,,,,,,,,,,,,,,,,,,,,,,,,,,,,,,,,,,,,,,,,,,,,,,,,,,,,,,,,,,,,,,,,,,,,,,,,,,,,,,,,,,,,197.0,205.1,205.1,205.1,205.1,205.1,205.1,205.1,205.1,205.1,205.1,205.1,205.1,205.1,205.1,205.1,205.1,205.1,205.1,205.1,205.1,205.1,205.1,205.1,205.1,205.1,205.1,205.1,205.1,205.1,205.1,205.1,205.1,205.1,205.1,205.1,205.1,205.1,205.1,205.1,205.1,205.1,205.1,205.1,205.1,205.1,205.1,205.1,205.1,205.1,205.1,205.1,205.1,205.1
2022-03-01,,,,,,,,,,,,,,,,,,,,,,,,,,,,,,,,,,,,,,,,,,,,,,,,,,,,,,,,,,,,,,,,,,,,,,,,,,,,,,,,,,,,,,,,,,,,,,,,,,,,,,,,,,,,,,,,,,,,,,,,,,,,,,,,,,,,,,,,,,,,,,,,,,208.4,211.7,211.7,211.7,211.7,211.7,211.7,211.7,211.7,211.7,211.7,211.7,211.7,211.7,211.7,211.7,211.7,211.7,211.7,211.7,211.7,211.7,211.7,211.7,211.7,211.7,211.7,211.7,211.7,211.7,211.7,211.7,211.7,211.7,211.7,211.7,211.7,211.7,211.7,211.7,211.7,211.7,211.7,211.7,211.7,211.7,211.7,211.7,211.7,211.7,211.7,211.7,211.7
2022-04-01,,,,,,,,,,,,,,,,,,,,,,,,,,,,,,,,,,,,,,,,,,,,,,,,,,,,,,,,,,,,,,,,,,,,,,,,,,,,,,,,,,,,,,,,,,,,,,,,,,,,,,,,,,,,,,,,,,,,,,,,,,,,,,,,,,,,,,,,,,,,,,,,,,,221.2,222.7,222.7,222.7,222.7,222.7,222.7,222.7,222.7,222.7,222.7,222.7,222.7,222.7,222.7,222.7,222.7,222.7,222.7,222.7,222.7,222.7,222.7,222.7,222.7,222.7,222.7,222.7,222.7,222.7,222.7,222.7,222.7,222.7,222.7,222.7,222.7,222.7,222.7,222.7,222.7,222.7,222.7,222.7,222.7,222.7,222.7,222.7,222.7,222.7,222.7,222.7
2022-05-01,,,,,,,,,,,,,,,,,,,,,,,,,,,,,,,,,,,,,,,,,,,,,,,,,,,,,,,,,,,,,,,,,,,,,,,,,,,,,,,,,,,,,,,,,,,,,,,,,,,,,,,,,,,,,,,,,,,,,,,,,,,,,,,,,,,,,,,,,,,,,,,,,,,,218.7,219.8,219.8,219.8,219.8,219.8,219.8,219.8,219.8,219.8,219.8,219.8,219.8,219.8,219.8,219.8,219.8,219.8,219.8,219.8,219.8,219.8,219.8,219.8,219.8,219.8,219.8,219.8,219.8,219.8,219.8,219.8,219.8,219.8,219.8,219.8,219.8,219.8,219.8,219.8,219.8,219.8,219.8,219.8,219.8,219.8,219.8,219.8,219.8,219.8,219.8
2022-06-01,,,,,,,,,,,,,,,,,,,,,,,,,,,,,,,,,,,,,,,,,,,,,,,,,,,,,,,,,,,,,,,,,,,,,,,,,,,,,,,,,,,,,,,,,,,,,,,,,,,,,,,,,,,,,,,,,,,,,,,,,,,,,,,,,,,,,,,,,,,,,,,,,,,,,225.4,227.9,227.9,227.9,227.9,227.9,227.9,227.9,227.9,227.9,227.9,227.9,227.9,227.9,227.9,227.9,227.9,227.9,227.9,227.9,227.9,227.9,227.9,227.9,227.9,227.9,227.9,227.9,227.9,227.9,227.9,227.9,227.9,227.9,227.9,227.9,227.9,227.9,227.9,227.9,227.9,227.9,227.9,227.9,227.9,227.9,227.9,227.9,227.9,227.9
2022-07-01,,,,,,,,,,,,,,,,,,,,,,,,,,,,,,,,,,,,,,,,,,,,,,,,,,,,,,,,,,,,,,,,,,,,,,,,,,,,,,,,,,,,,,,,,,,,,,,,,,,,,,,,,,,,,,,,,,,,,,,,,,,,,,,,,,,,,,,,,,,,,,,,,,,,,,214.3,217.3,217.3,217.3,217.3,217.3,217.3,217.3,217.3,217.3,217.3,217.3,217.3,217.3,217.3,217.3,217.3,217.3,217.3,217.3,217.3,217.3,217.3,217.3,217.3,217.3,217.3,217.3,217.3,217.3,217.3,217.3,217.3,217.3,217.3,217.3,217.3,217.3,217.3,217.3,217.3,217.3,217.3,217.3,217.3,217.3,217.3,217.3,217.3
2022-08-01,,,,,,,,,,,,,,,,,,,,,,,,,,,,,,,,,,,,,,,,,,,,,,,,,,,,,,,,,,,,,,,,,,,,,,,,,,,,,,,,,,,,,,,,,,,,,,,,,,,,,,,,,,,,,,,,,,,,,,,,,,,,,,,,,,,,,,,,,,,,,,,,,,,,,,,221.3,217.1,217.1,217.1,217.1,217.1,217.1,217.1,217.1,217.1,217.1,217.1,217.1,217.1,217.1,217.1,217.1,217.1,217.1,217.1,217.1,217.1,217.1,217.1,217.1,217.1,217.1,217.1,217.1,217.1,217.1,217.1,217.1,217.1,217.1,217.1,217.1,217.1,217.1,217.1,217.1,217.1,217.1,217.1,217.1,217.1,217.1,217.1
2022-09-01,,,,,,,,,,,,,,,,,,,,,,,,,,,,,,,,,,,,,,,,,,,,,,,,,,,,,,,,,,,,,,,,,,,,,,,,,,,,,,,,,,,,,,,,,,,,,,,,,,,,,,,,,,,,,,,,,,,,,,,,,,,,,,,,,,,,,,,,,,,,,,,,,,,,,,,,209.1,230.8,230.8,230.8,230.8,230.8,230.8,230.8,230.8,230.8,230.8,230.8,230.8,230.8,230.8,230.8,230.8,230.8,230.8,230.8,230.8,230.8,230.8,230.8,230.8,230.8,230.8,230.8,230.8,230.8,230.8,230.8,230.8,230.8,230.8,230.8,230.8,230.8,230.8,230.8,230.8,230.8,230.8,230.8,230.8,230.8,230.8
2022-10-01,,,,,,,,,,,,,,,,,,,,,,,,,,,,,,,,,,,,,,,,,,,,,,,,,,,,,,,,,,,,,,,,,,,,,,,,,,,,,,,,,,,,,,,,,,,,,,,,,,,,,,,,,,,,,,,,,,,,,,,,,,,,,,,,,,,,,,,,,,,,,,,,,,,,,,,,,226.0,228.1,228.1,228.1,228.1,228.1,228.1,228.1,228.1,228.1,228.1,228.1,228.1,228.1,228.1,228.1,228.1,228.1,228.1,228.1,228.1,228.1,228.1,228.1,228.1,228.1,228.1,228.1,228.1,228.1,228.1,228.1,228.1,228.1,228.1,228.1,228.1,228.1,228.1,228.1,228.1,228.1,228.1,228.1,228.1,228.1
2022-11-01,,,,,,,,,,,,,,,,,,,,,,,,,,,,,,,,,,,,,,,,,,,,,,,,,,,,,,,,,,,,,,,,,,,,,,,,,,,,,,,,,,,,,,,,,,,,,,,,,,,,,,,,,,,,,,,,,,,,,,,,,,,,,,,,,,,,,,,,,,,,,,,,,,,,,,,,,,223.2,195.2,195.2,195.2,195.2,195.2,195.2,195.2,195.2,195.2,195.2,195.2,195.2,195.2,195.2,195.2,195.2,195.2,195.2,195.2,195.2,195.2,195.2,195.2,195.2,195.2,195.2,195.2,195.2,195.2,195.2,195.2,195.2,195.2,195.2,195.2,195.2,195.2,195.2,195.2,195.2,195.2,195.2,195.2,195.2
2022-12-01,,,,,,,,,,,,,,,,,,,,,,,,,,,,,,,,,,,,,,,,,,,,,,,,,,,,,,,,,,,,,,,,,,,,,,,,,,,,,,,,,,,,,,,,,,,,,,,,,,,,,,,,,,,,,,,,,,,,,,,,,,,,,,,,,,,,,,,,,,,,,,,,,,,,,,,,,,,200.9,203.5,203.5,203.5,203.5,203.5,203.5,203.5,203.5,203.5,203.5,203.5,203.5,203.5,203.5,203.5,203.5,203.5,203.5,203.5,203.5,203.5,203.5,203.5,203.5,203.5,203.5,203.5,203.5,203.5,203.5,203.5,203.5,203.5,203.5,203.5,203.5,203.5,203.5,203.5,203.5,203.5,203.5,203.5
2023-01-01,,,,,,,,,,,,,,,,,,,,,,,,,,,,,,,,,,,,,,,,,,,,,,,,,,,,,,,,,,,,,,,,,,,,,,,,,,,,,,,,,,,,,,,,,,,,,,,,,,,,,,,,,,,,,,,,,,,,,,,,,,,,,,,,,,,,,,,,,,,,,,,,,,,,,,,,,,,,193.9,193.8,193.8,193.8,193.8,193.8,193.8,193.8,193.8,193.8,193.8,193.8,193.8,193.8,193.8,193.8,193.8,193.8,193.8,193.8,193.8,193.8,193.8,193.8,193.8,193.8,193.8,193.8,193.8,193.8,193.8,193.8,193.8,193.8,193.8,193.8,193.8,193.8,193.8,193.8,193.8,193.8,193.8
2023-02-01,,,,,,,,,,,,,,,,,,,,,,,,,,,,,,,,,,,,,,,,,,,,,,,,,,,,,,,,,,,,,,,,,,,,,,,,,,,,,,,,,,,,,,,,,,,,,,,,,,,,,,,,,,,,,,,,,,,,,,,,,,,,,,,,,,,,,,,,,,,,,,,,,,,,,,,,,,,,,214.6,212.6,212.6,212.1,212.1,212.1,212.1,212.1,212.1,212.1,212.1,212.1,212.1,212.1,212.1,212.1,212.1,212.1,212.1,212.1,212.1,212.1,212.1,212.1,212.1,212.1,212.1,212.1,212.1,212.1,212.1,212.1,212.1,212.1,212.1,212.1,212.1,212.1,212.1,212.1,212.1,212.1
2023-03-01,,,,,,,,,,,,,,,,,,,,,,,,,,,,,,,,,,,,,,,,,,,,,,,,,,,,,,,,,,,,,,,,,,,,,,,,,,,,,,,,,,,,,,,,,,,,,,,,,,,,,,,,,,,,,,,,,,,,,,,,,,,,,,,,,,,,,,,,,,,,,,,,,,,,,,,,,,,,,,205.2,202.3,195.9,195.9,195.9,195.9,195.9,195.9,195.9,195.9,195.9,195.9,195.9,195.9,195.9,195.9,195.9,195.9,195.9,195.9,195.9,195.9,195.9,195.9,195.9,195.9,195.9,195.9,195.9,195.9,195.9,195.9,195.9,195.9,195.9,195.9,195.9,195.9,195.9,195.9,195.9
2023-04-01,,,,,,,,,,,,,,,,,,,,,,,,,,,,,,,,,,,,,,,,,,,,,,,,,,,,,,,,,,,,,,,,,,,,,,,,,,,,,,,,,,,,,,,,,,,,,,,,,,,,,,,,,,,,,,,,,,,,,,,,,,,,,,,,,,,,,,,,,,,,,,,,,,,,,,,,,,,,,,,188.4,184.5,184.1,184.1,184.1,184.1,184.1,184.1,184.1,184.1,184.1,184.1,184.1,184.1,184.1,184.1,184.1,184.1,184.1,184.1,184.1,184.1,184.1,184.1,184.1,184.1,184.1,184.1,184.1,184.1,184.1,184.1,184.1,184.1,184.1,184.1,184.1,184.1,184.1,184.1
2023-05-01,,,,,,,,,,,,,,,,,,,,,,,,,,,,,,,,,,,,,,,,,,,,,,,,,,,,,,,,,,,,,,,,,,,,,,,,,,,,,,,,,,,,,,,,,,,,,,,,,,,,,,,,,,,,,,,,,,,,,,,,,,,,,,,,,,,,,,,,,,,,,,,,,,,,,,,,,,,,,,,,176.4,175.0,175.0,175.0,175.0,175.0,175.0,175.0,175.0,175.0,175.0,175.0,175.0,175.0,175.0,175.0,175.0,175.0,175.0,175.0,175.0,175.0,175.0,175.0,175.0,175.0,175.0,175.0,175.0,175.0,175.0,175.0,175.0,175.0,175.0,175.0,175.0,175.0,175.0
2023-06-01,,,,,,,,,,,,,,,,,,,,,,,,,,,,,,,,,,,,,,,,,,,,,,,,,,,,,,,,,,,,,,,,,,,,,,,,,,,,,,,,,,,,,,,,,,,,,,,,,,,,,,,,,,,,,,,,,,,,,,,,,,,,,,,,,,,,,,,,,,,,,,,,,,,,,,,,,,,,,,,,,176.8,178.7,180.2,179.6,179.6,179.6,179.6,179.6,179.6,179.6,179.6,179.6,179.6,179.6,179.6,179.6,179.6,179.6,179.6,179.6,179.6,179.6,179.6,179.6,179.6,179.6,179.6,179.6,179.6,179.6,179.6,179.6,179.6,179.6,179.6,179.6,179.6,179.6
2023-07-01,,,,,,,,,,,,,,,,,,,,,,,,,,,,,,,,,,,,,,,,,,,,,,,,,,,,,,,,,,,,,,,,,,,,,,,,,,,,,,,,,,,,,,,,,,,,,,,,,,,,,,,,,,,,,,,,,,,,,,,,,,,,,,,,,,,,,,,,,,,,,,,,,,,,,,,,,,,,,,,,,,167.1,168.6,167.2,167.2,167.2,167.2,167.2,167.2,167.2,167.2,167.2,167.2,167.2,167.2,167.2,167.2,167.2,167.2,167.2,167.2,167.2,167.2,167.2,167.2,167.2,167.2,167.2,167.2,167.2,167.2,167.2,167.2,167.2,167.2,167.2,167.2,167.2
2023-08-01,,,,,,,,,,,,,,,,,,,,,,,,,,,,,,,,,,,,,,,,,,,,,,,,,,,,,,,,,,,,,,,,,,,,,,,,,,,,,,,,,,,,,,,,,,,,,,,,,,,,,,,,,,,,,,,,,,,,,,,,,,,,,,,,,,,,,,,,,,,,,,,,,,,,,,,,,,,,,,,,,,,173.3,168.6,167.0,167.0,167.0,167.0,167.0,167.0,167.0,167.0,167.0,167.0,167.0,167.0,167.0,167.0,167.0,167.0,167.0,167.0,167.0,167.0,167.0,167.0,167.0,167.0,167.0,167.0,167.0,167.0,167.0,167.0,167.0,167.0,167.0,167.0
2023-09-01,,,,,,,,,,,,,,,,,,,,,,,,,,,,,,,,,,,,,,,,,,,,,,,,,,,,,,,,,,,,,,,,,,,,,,,,,,,,,,,,,,,,,,,,,,,,,,,,,,,,,,,,,,,,,,,,,,,,,,,,,,,,,,,,,,,,,,,,,,,,,,,,,,,,,,,,,,,,,,,,,,,,176.1,180.3,180.3,180.3,180.3,180.3,180.3,180.3,180.3,180.3,180.3,180.3,180.3,180.3,180.3,180.3,180.3,180.3,180.3,180.3,180.3,180.3,180.3,180.3,180.3,180.3,180.3,180.3,180.3,180.3,180.3,180.3,180.3,180.3,180.3
2023-10-01,,,,,,,,,,,,,,,,,,,,,,,,,,,,,,,,,,,,,,,,,,,,,,,,,,,,,,,,,,,,,,,,,,,,,,,,,,,,,,,,,,,,,,,,,,,,,,,,,,,,,,,,,,,,,,,,,,,,,,,,,,,,,,,,,,,,,,,,,,,,,,,,,,,,,,,,,,,,,,,,,,,,,185.5,182.7,181.1,180.6,180.6,180.6,180.6,180.6,180.6,180.6,180.6,180.6,180.6,180.6,180.6,180.6,180.6,180.6,180.6,180.6,180.6,180.6,180.6,180.6,180.6,180.6,180.6,180.6,180.6,180.6,180.6,180.6,180.6,180.6
2023-11-01,,,,,,,,,,,,,,,,,,,,,,,,,,,,,,,,,,,,,,,,,,,,,,,,,,,,,,,,,,,,,,,,,,,,,,,,,,,,,,,,,,,,,,,,,,,,,,,,,,,,,,,,,,,,,,,,,,,,,,,,,,,,,,,,,,,,,,,,,,,,,,,,,,,,,,,,,,,,,,,,,,,,,,171.6,169.5,177.1,177.2,177.2,177.2,177.2,177.2,177.2,177.2,177.2,177.2,177.2,177.2,177.2,177.2,177.2,177.2,177.2,177.2,177.2,177.2,177.2,177.2,177.2,177.2,177.2,177.2,177.2,177.2,177.2,177.2,177.2
2023-12-01,,,,,,,,,,,,,,,,,,,,,,,,,,,,,,,,,,,,,,,,,,,,,,,,,,,,,,,,,,,,,,,,,,,,,,,,,,,,,,,,,,,,,,,,,,,,,,,,,,,,,,,,,,,,,,,,,,,,,,,,,,,,,,,,,,,,,,,,,,,,,,,,,,,,,,,,,,,,,,,,,,,,,,,169.8,174.1,175.2,175.2,175.2,175.2,175.2,175.2,175.2,175.2,175.2,175.2,175.2,175.2,175.2,175.2,175.2,175.2,175.2,175.2,175.2,175.2,175.2,175.2,175.2,175.2,175.2,175.2,175.2,175.2,175.2,175.2
2024-01-01,,,,,,,,,,,,,,,,,,,,,,,,,,,,,,,,,,,,,,,,,,,,,,,,,,,,,,,,,,,,,,,,,,,,,,,,,,,,,,,,,,,,,,,,,,,,,,,,,,,,,,,,,,,,,,,,,,,,,,,,,,,,,,,,,,,,,,,,,,,,,,,,,,,,,,,,,,,,,,,,,,,,,,,,174.6,178.3,178.3,167.4,167.4,167.4,167.4,167.4,167.4,167.4,167.4,167.4,167.4,167.4,167.4,167.4,167.4,167.4,167.4,167.4,167.4,167.4,167.4,167.4,167.4,167.4,167.4,167.4,167.4,167.4,167.4
2024-02-01,,,,,,,,,,,,,,,,,,,,,,,,,,,,,,,,,,,,,,,,,,,,,,,,,,,,,,,,,,,,,,,,,,,,,,,,,,,,,,,,,,,,,,,,,,,,,,,,,,,,,,,,,,,,,,,,,,,,,,,,,,,,,,,,,,,,,,,,,,,,,,,,,,,,,,,,,,,,,,,,,,,,,,,,,181.4,180.4,170.9,170.9,170.9,170.9,170.9,170.9,170.9,170.9,170.9,170.9,170.9,170.9,170.9,170.9,170.9,170.9,170.9,170.9,170.9,170.9,170.9,170.9,170.9,170.9,170.9,170.9,170.9,170.9
2024-03-01,,,,,,,,,,,,,,,,,,,,,,,,,,,,,,,,,,,,,,,,,,,,,,,,,,,,,,,,,,,,,,,,,,,,,,,,,,,,,,,,,,,,,,,,,,,,,,,,,,,,,,,,,,,,,,,,,,,,,,,,,,,,,,,,,,,,,,,,,,,,,,,,,,,,,,,,,,,,,,,,,,,,,,,,,,178.6,168.2,168.2,168.2,168.2,168.2,168.2,168.2,168.2,168.2,168.2,168.2,168.2,168.2,168.2,168.2,168.2,168.2,168.2,168.2,168.2,168.2,168.2,168.2,168.2,168.2,168.2,168.2,168.2
2024-04-01,,,,,,,,,,,,,,,,,,,,,,,,,,,,,,,,,,,,,,,,,,,,,,,,,,,,,,,,,,,,,,,,,,,,,,,,,,,,,,,,,,,,,,,,,,,,,,,,,,,,,,,,,,,,,,,,,,,,,,,,,,,,,,,,,,,,,,,,,,,,,,,,,,,,,,,,,,,,,,,,,,,,,,,,,,,168.0,166.7,166.7,166.7,166.7,166.7,166.7,166.7,166.7,166.7,166.7,166.7,166.7,166.7,166.7,166.7,166.7,166.7,166.7,166.7,166.7,166.7,166.7,166.7,166.7,166.7,166.7,166.7
2024-05-01,,,,,,,,,,,,,,,,,,,,,,,,,,,,,,,,,,,,,,,,,,,,,,,,,,,,,,,,,,,,,,,,,,,,,,,,,,,,,,,,,,,,,,,,,,,,,,,,,,,,,,,,,,,,,,,,,,,,,,,,,,,,,,,,,,,,,,,,,,,,,,,,,,,,,,,,,,,,,,,,,,,,,,,,,,,,167.2,165.5,165.5,165.5,165.5,165.5,165.5,165.5,165.5,165.5,165.5,165.5,165.5,165.5,165.5,165.5,165.5,165.5,165.5,165.5,165.5,165.5,165.5,165.5,165.5,165.5,165.5
2024-06-01,,,,,,,,,,,,,,,,,,,,,,,,,,,,,,,,,,,,,,,,,,,,,,,,,,,,,,,,,,,,,,,,,,,,,,,,,,,,,,,,,,,,,,,,,,,,,,,,,,,,,,,,,,,,,,,,,,,,,,,,,,,,,,,,,,,,,,,,,,,,,,,,,,,,,,,,,,,,,,,,,,,,,,,,,,,,,167.6,167.9,167.8,169.5,169.5,169.5,169.5,169.5,169.5,169.5,169.5,169.5,169.5,169.5,169.5,169.5,169.5,169.5,169.5,169.5,169.5,169.5,169.5,169.5,169.5,169.5
2024-07-01,,,,,,,,,,,,,,,,,,,,,,,,,,,,,,,,,,,,,,,,,,,,,,,,,,,,,,,,,,,,,,,,,,,,,,,,,,,,,,,,,,,,,,,,,,,,,,,,,,,,,,,,,,,,,,,,,,,,,,,,,,,,,,,,,,,,,,,,,,,,,,,,,,,,,,,,,,,,,,,,,,,,,,,,,,,,,,169.6,167.8,169.7,169.7,169.7,169.7,169.7,169.7,169.7,169.7,169.7,169.7,169.7,169.7,169.7,169.7,169.7,169.7,169.7,169.7,169.7,169.7,169.7,169.7,169.7
2024-08-01,,,,,,,,,,,,,,,,,,,,,,,,,,,,,,,,,,,,,,,,,,,,,,,,,,,,,,,,,,,,,,,,,,,,,,,,,,,,,,,,,,,,,,,,,,,,,,,,,,,,,,,,,,,,,,,,,,,,,,,,,,,,,,,,,,,,,,,,,,,,,,,,,,,,,,,,,,,,,,,,,,,,,,,,,,,,,,,164.5,170.1,170.1,170.1,170.1,170.1,170.1,170.1,170.1,170.1,170.1,170.1,170.1,170.1,170.1,170.1,170.1,170.1,170.1,170.1,170.1,170.1,170.1,170.1
2024-09-01,,,,,,,,,,,,,,,,,,,,,,,,,,,,,,,,,,,,,,,,,,,,,,,,,,,,,,,,,,,,,,,,,,,,,,,,,,,,,,,,,,,,,,,,,,,,,,,,,,,,,,,,,,,,,,,,,,,,,,,,,,,,,,,,,,,,,,,,,,,,,,,,,,,,,,,,,,,,,,,,,,,,,,,,,,,,,,,,167.3,166.1,167.0,167.2,167.2,167.2,167.2,167.2,167.2,167.2,167.2,167.2,167.2,167.2,167.2,167.2,167.2,167.2,167.2,167.2,167.2,167.2,167.2
2024-10-01,,,,,,,,,,,,,,,,,,,,,,,,,,,,,,,,,,,,,,,,,,,,,,,,,,,,,,,,,,,,,,,,,,,,,,,,,,,,,,,,,,,,,,,,,,,,,,,,,,,,,,,,,,,,,,,,,,,,,,,,,,,,,,,,,,,,,,,,,,,,,,,,,,,,,,,,,,,,,,,,,,,,,,,,,,,,,,,,,168.2,168.7,169.1,169.1,169.1,169.1,169.1,169.1,169.1,169.1,169.1,169.1,169.1,169.1,169.1,169.1,169.1,169.1,169.1,169.1,169.1,169.1
2024-11-01,,,,,,,,,,,,,,,,,,,,,,,,,,,,,,,,,,,,,,,,,,,,,,,,,,,,,,,,,,,,,,,,,,,,,,,,,,,,,,,,,,,,,,,,,,,,,,,,,,,,,,,,,,,,,,,,,,,,,,,,,,,,,,,,,,,,,,,,,,,,,,,,,,,,,,,,,,,,,,,,,,,,,,,,,,,,,,,,,,169.6,172.8,172.8,172.8,172.8,172.8,172.8,172.8,172.8,172.8,172.8,172.8,172.8,172.8,172.8,172.8,172.8,172.8,172.8,172.8,172.8
2024-12-01,,,,,,,,,,,,,,,,,,,,,,,,,,,,,,,,,,,,,,,,,,,,,,,,,,,,,,,,,,,,,,,,,,,,,,,,,,,,,,,,,,,,,,,,,,,,,,,,,,,,,,,,,,,,,,,,,,,,,,,,,,,,,,,,,,,,,,,,,,,,,,,,,,,,,,,,,,,,,,,,,,,,,,,,,,,,,,,,,,,165.1,163.8,163.8,165.8,165.8,165.8,165.8,165.8,165.8,165.8,165.8,165.8,165.8,165.8,165.8,165.8,165.8,165.8,165.8,165.8
2025-01-01,,,,,,,,,,,,,,,,,,,,,,,,,,,,,,,,,,,,,,,,,,,,,,,,,,,,,,,,,,,,,,,,,,,,,,,,,,,,,,,,,,,,,,,,,,,,,,,,,,,,,,,,,,,,,,,,,,,,,,,,,,,,,,,,,,,,,,,,,,,,,,,,,,,,,,,,,,,,,,,,,,,,,,,,,,,,,,,,,,,,172.5,174.2,170.4,170.5,170.5,170.5,170.5,170.5,170.5,170.5,170.5,170.5,170.5,170.5,170.5,170.5,170.5,170.5,170.5
2025-02-01,,,,,,,,,,,,,,,,,,,,,,,,,,,,,,,,,,,,,,,,,,,,,,,,,,,,,,,,,,,,,,,,,,,,,,,,,,,,,,,,,,,,,,,,,,,,,,,,,,,,,,,,,,,,,,,,,,,,,,,,,,,,,,,,,,,,,,,,,,,,,,,,,,,,,,,,,,,,,,,,,,,,,,,,,,,,,,,,,,,,,172.1,167.9,168.4,168.4,168.4,168.4,168.4,168.4,168.4,168.4,168.4,168.4,168.4,168.4,168.4,168.4,168.4,168.4
2025-03-01,,,,,,,,,,,,,,,,,,,,,,,,,,,,,,,,,,,,,,,,,,,,,,,,,,,,,,,,,,,,,,,,,,,,,,,,,,,,,,,,,,,,,,,,,,,,,,,,,,,,,,,,,,,,,,,,,,,,,,,,,,,,,,,,,,,,,,,,,,,,,,,,,,,,,,,,,,,,,,,,,,,,,,,,,,,,,,,,,,,,,,167.6,168.5,168.5,168.5,168.5,168.5,168.5,168.5,168.5,168.5,168.5,168.5,168.5,168.5,168.5,168.5,168.5
2025-04-01,,,,,,,,,,,,,,,,,,,,,,,,,,,,,,,,,,,,,,,,,,,,,,,,,,,,,,,,,,,,,,,,,,,,,,,,,,,,,,,,,,,,,,,,,,,,,,,,,,,,,,,,,,,,,,,,,,,,,,,,,,,,,,,,,,,,,,,,,,,,,,,,,,,,,,,,,,,,,,,,,,,,,,,,,,,,,,,,,,,,,,,168.1,167.0,167.3,167.3,167.3,167.3,167.3,167.3,167.3,167.3,167.3,167.3,167.3,167.3,167.3,167.3
2025-05-01,,,,,,,,,,,,,,,,,,,,,,,,,,,,,,,,,,,,,,,,,,,,,,,,,,,,,,,,,,,,,,,,,,,,,,,,,,,,,,,,,,,,,,,,,,,,,,,,,,,,,,,,,,,,,,,,,,,,,,,,,,,,,,,,,,,,,,,,,,,,,,,,,,,,,,,,,,,,,,,,,,,,,,,,,,,,,,,,,,,,,,,,167.7,163.4,163.4,163.4,163.4,163.4,163.4,163.4,163.4,163.4,163.4,163.4,163.4,163.4,163.4
2025-06-01,,,,,,,,,,,,,,,,,,,,,,,,,,,,,,,,,,,,,,,,,,,,,,,,,,,,,,,,,,,,,,,,,,,,,,,,,,,,,,,,,,,,,,,,,,,,,,,,,,,,,,,,,,,,,,,,,,,,,,,,,,,,,,,,,,,,,,,,,,,,,,,,,,,,,,,,,,,,,,,,,,,,,,,,,,,,,,,,,,,,,,,,,165.8,166.3,166.3,162.5,162.5,162.5,162.5,162.5,162.5,162.5,162.5,162.5,162.5,162.5
2025-07-01,,,,,,,,,,,,,,,,,,,,,,,,,,,,,,,,,,,,,,,,,,,,,,,,,,,,,,,,,,,,,,,,,,,,,,,,,,,,,,,,,,,,,,,,,,,,,,,,,,,,,,,,,,,,,,,,,,,,,,,,,,,,,,,,,,,,,,,,,,,,,,,,,,,,,,,,,,,,,,,,,,,,,,,,,,,,,,,,,,,,,,,,,,168.8,169.4,159.4,159.4,159.4,159.4,159.4,159.4,159.4,159.4,159.4,159.4,159.4
2025-08-01,,,,,,,,,,,,,,,,,,,,,,,,,,,,,,,,,,,,,,,,,,,,,,,,,,,,,,,,,,,,,,,,,,,,,,,,,,,,,,,,,,,,,,,,,,,,,,,,,,,,,,,,,,,,,,,,,,,,,,,,,,,,,,,,,,,,,,,,,,,,,,,,,,,,,,,,,,,,,,,,,,,,,,,,,,,,,,,,,,,,,,,,,,,165.2,159.4,159.4,159.4,159.4,159.4,159.4,159.4,159.4,159.4,159.4,159.4
2025-09-01,,,,,,,,,,,,,,,,,,,,,,,,,,,,,,,,,,,,,,,,,,,,,,,,,,,,,,,,,,,,,,,,,,,,,,,,,,,,,,,,,,,,,,,,,,,,,,,,,,,,,,,,,,,,,,,,,,,,,,,,,,,,,,,,,,,,,,,,,,,,,,,,,,,,,,,,,,,,,,,,,,,,,,,,,,,,,,,,,,,,,,,,,,,,156.8,158.3,158.3,158.3,158.3,158.3,158.3,158.3,158.3,158.3,158.3
2025-10-01,,,,,,,,,,,,,,,,,,,,,,,,,,,,,,,,,,,,,,,,,,,,,,,,,,,,,,,,,,,,,,,,,,,,,,,,,,,,,,,,,,,,,,,,,,,,,,,,,,,,,,,,,,,,,,,,,,,,,,,,,,,,,,,,,,,,,,,,,,,,,,,,,,,,,,,,,,,,,,,,,,,,,,,,,,,,,,,,,,,,,,,,,,,,,,,,,,,,,,
2025-11-01,,,,,,,,,,,,,,,,,,,,,,,,,,,,,,,,,,,,,,,,,,,,,,,,,,,,,,,,,,,,,,,,,,,,,,,,,,,,,,,,,,,,,,,,,,,,,,,,,,,,,,,,,,,,,,,,,,,,,,,,,,,,,,,,,,,,,,,,,,,,,,,,,,,,,,,,,,,,,,,,,,,,,,,,,,,,,,,,,,,,,,,,,,,,,159.7,159.7,154.8,154.8,154.8,154.8,154.8,154.8,154.8,154.8
2025-12-01,,,,,,,,,,,,,,,,,,,,,,,,,,,,,,,,,,,,,,,,,,,,,,,,,,,,,,,,,,,,,,,,,,,,,,,,,,,,,,,,,,,,,,,,,,,,,,,,,,,,,,,,,,,,,,,,,,,,,,,,,,,,,,,,,,,,,,,,,,,,,,,,,,,,,,,,,,,,,,,,,,,,,,,,,,,,,,,,,,,,,,,,,,,,,,,155.6,155.6,155.6,155.6,155.6,155.6,155.6,155.6
2026-01-01,,,,,,,,,,,,,,,,,,,,,,,,,,,,,,,,,,,,,,,,,,,,,,,,,,,,,,,,,,,,,,,,,,,,,,,,,,,,,,,,,,,,,,,,,,,,,,,,,,,,,,,,,,,,,,,,,,,,,,,,,,,,,,,,,,,,,,,,,,,,,,,,,,,,,,,,,,,,,,,,,,,,,,,,,,,,,,,,,,,,,,,,,,,,,,,158.9,157.5,159.0,159.0,159.0,159.0,159.0,159.0
2026-02-01,,,,,,,,,,,,,,,,,,,,,,,,,,,,,,,,,,,,,,,,,,,,,,,,,,,,,,,,,,,,,,,,,,,,,,,,,,,,,,,,,,,,,,,,,,,,,,,,,,,,,,,,,,,,,,,,,,,,,,,,,,,,,,,,,,,,,,,,,,,,,,,,,,,,,,,,,,,,,,,,,,,,,,,,,,,,,,,,,,,,,,,,,,,,,,,,159.9,159.8,159.9,159.9,159.9,159.9,159.9
2026-03-01,,,,,,,,,,,,,,,,,,,,,,,,,,,,,,,,,,,,,,,,,,,,,,,,,,,,,,,,,,,,,,,,,,,,,,,,,,,,,,,,,,,,,,,,,,,,,,,,,,,,,,,,,,,,,,,,,,,,,,,,,,,,,,,,,,,,,,,,,,,,,,,,,,,,,,,,,,,,,,,,,,,,,,,,,,,,,,,,,,,,,,,,,,,,,,,,,158.2,158.0,158.0,158.0,158.0,158.0
2026-04-01,,,,,,,,,,,,,,,,,,,,,,,,,,,,,,,,,,,,,,,,,,,,,,,,,,,,,,,,,,,,,,,,,,,,,,,,,,,,,,,,,,,,,,,,,,,,,,,,,,,,,,,,,,,,,,,,,,,,,,,,,,,,,,,,,,,,,,,,,,,,,,,,,,,,,,,,,,,,,,,,,,,,,,,,,,,,,,,,,,,,,,,,,,,,,,,,,,178.6,179.9,177.5,181.8,181.8
2026-05-01,,,,,,,,,,,,,,,,,,,,,,,,,,,,,,,,,,,,,,,,,,,,,,,,,,,,,,,,,,,,,,,,,,,,,,,,,,,,,,,,,,,,,,,,,,,,,,,,,,,,,,,,,,,,,,,,,,,,,,,,,,,,,,,,,,,,,,,,,,,,,,,,,,,,,,,,,,,,,,,,,,,,,,,,,,,,,,,,,,,,,,,,,,,,,,,,,,,186.2,184.5,190.3,190.3
2026-06-01,,,,,,,,,,,,,,,,,,,,,,,,,,,,,,,,,,,,,,,,,,,,,,,,,,,,,,,,,,,,,,,,,,,,,,,,,,,,,,,,,,,,,,,,,,,,,,,,,,,,,,,,,,,,,,,,,,,,,,,,,,,,,,,,,,,,,,,,,,,,,,,,,,,,,,,,,,,,,,,,,,,,,,,,,,,,,,,,,,,,,,,,,,,,,,,,,,,,178.2,185.4,185.4
2026-07-01,,,,,,,,,,,,,,,,,,,,,,,,,,,,,,,,,,,,,,,,,,,,,,,,,,,,,,,,,,,,,,,,,,,,,,,,,,,,,,,,,,,,,,,,,,,,,,,,,,,,,,,,,,,,,,,,,,,,,,,,,,,,,,,,,,,,,,,,,,,,,,,,,,,,,,,,,,,,,,,,,,,,,,,,,,,,,,,,,,,,,,,,,,,,,,,,,,,,,187.5,189.8
2026-08-01,,,,,,,,,,,,,,,,,,,,,,,,,,,,,,,,,,,,,,,,,,,,,,,,,,,,,,,,,,,,,,,,,,,,,,,,,,,,,,,,,,,,,,,,,,,,,,,,,,,,,,,,,,,,,,,,,,,,,,,,,,,,,,,,,,,,,,,,,,,,,,,,,,,,,,,,,,,,,,,,,,,,,,,,,,,,,,,,,,,,,,,,,,,,,,,,,,,,,,191.4
