observation_date,IV131_20100316,IV131_20100413,IV131_20100513,IV131_20100615,IV131_20100714,IV131_20100812,IV131_20100915,IV131_20101013,IV131_20101110,IV131_20101210,IV131_20110112,IV131_20110215,IV131_20110315,IV131_20110412,IV131_20110510,IV131_20110610,IV131_20110713,IV131_20110816,IV131_20110913,IV131_20111014,IV131_20111110,IV131_20111214,IV131_20120113,IV131_20120214,IV131_20120314,IV131_20120411,IV131_20120510,IV131_20120612,IV131_20120712,IV131_20120810,IV131_20120912,IV131_20121011,IV131_20121109,IV131_20121212,IV131_20130111,IV131_20130213,IV131_20130313,IV131_20130411,IV131_20130514,IV131_20130613,IV131_20130711,IV131_20130813,IV131_20130912,IV131_20131023,IV131_20131115,IV131_20131212,IV131_20140114,IV131_20140214,IV131_20140313,IV131_20140410,IV131_20140513,IV131_20140612,IV131_20140715,IV131_20140814,IV131_20140912,IV131_20141010,IV131_20141114,IV131_20141211,IV131_20150114,IV131_20150213,IV131_20150312,IV131_20150410,IV131_20150513,IV131_20150611,IV131_20150714,IV131_20150813,IV131_20150910,IV131_20151009,IV131_20151110,IV131_20151210,IV131_20160114,IV131_20160212,IV131_20160311,IV131_20160412,IV131_20160512,IV131_20160614,IV131_20160713,IV131_20160811,IV131_20160914,IV131_20161013,IV131_20161115,IV131_20161213,IV131_20170112,IV131_20170210,IV131_20170309,IV131_20170412,IV131_20170510,IV131_20170615,IV131_20170718,IV131_20170815,IV131_20170919,IV131_20171017,IV131_20171116,IV131_20171214,IV131_20180110,IV131_20180216,IV131_20180315,IV131_20180412,IV131_20180511,IV131_20180614,IV131_20180713,IV131_20180814,IV131_20180914,IV131_20181012,IV131_20181115,IV131_20181213,IV131_20190116,IV131_20190215,IV131_20190314,IV131_20190412,IV131_20190514,IV131_20190613,IV131_20190716,IV131_20190814,IV131_20190913,IV131_20191011,IV131_20191115,IV131_20191213,IV131_20200116,IV131_20200214,IV131_20200313,IV131_20200414,IV131_20200514,IV131_20200612,IV131_20200715,IV131_20200813,IV131_20200915,IV131_20201015,IV131_20201117,IV131_20201215,IV131_20210114,IV131_20210218,IV131_20210316,IV131_20210414,IV131_20210514,IV131_20210616,IV131_20210715,IV131_20210813,IV131_20210915,IV131_20211015,IV131_20211116,IV131_20211215,IV131_20220114,IV131_20220216,IV131_20220316,IV131_20220414,IV131_20220513,IV131_20220615,IV131_20220715,IV131_20220812,IV131_20220915,IV131_20221014,IV131_20221116,IV131_20221214,IV131_20230113,IV131_20230217,IV131_20230316,IV131_20230414,IV131_20230512,IV131_20230615,IV131_20230714,IV131_20230815,IV131_20230915,IV131_20231013,IV131_20231116,IV131_20231214,IV131_20240117,IV131_20240215,IV131_20240315,IV131_20240412,IV131_20240516,IV131_20240614,IV131_20240716,IV131_20240815,IV131_20240913,IV131_20241016,IV131_20241115,IV131_20241213,IV131_20250116,IV131_20250214,IV131_20250318,IV131_20250415,IV131_20250516,IV131_20250617,IV131_20250717,IV131_20250815,IV131_20250916,IV131_20251203,IV131_20260115,IV131_20260210,IV131_20260305,IV131_20260325,IV131_20260415,IV131_20260514,IV131_20260616,IV131_20260717,IV131_20260818,IV131_20260916
1990-09-01,96.4,96.4,96.4,96.4,96.4,96.4,96.4,96.4,96.4,96.4,96.4,96.4,96.4,96.4,96.4,96.4,96.4,96.4,96.4,96.4,96.4,96.4,96.4,96.4,96.4,96.4,96.4,96.4,96.4,96.4,96.4,96.4,96.4,96.4,96.4,96.4,96.4,96.4,96.4,96.4,96.4,96.4,96.4,96.4,96.4,96.4,96.4,96.4,96.4,96.4,96.4,96.4,96.4,96.4,96.4,96.4,96.4,96.4,96.4,96.4,96.4,96.4,96.4,96.4,96.4,96.4,96.4,96.4,96.4,96.4,96.4,96.4,96.4,96.4,96.4,96.4,96.4,96.4,96.4,96.4,96.4,96.4,96.4,96.4,96.4,96.4,96.4,96.4,96.4,96.4,96.4,96.4,96.4,96.4,96.4,96.4,96.4,96.4,96.4,96.4,96.4,96.4,96.4,96.4,96.4,96.4,96.4,96.4,96.4,96.4,96.4,96.4,96.4,96.4,96.4,96.4,96.4,96.4,96.4,96.4,96.4,96.4,96.4,96.4,96.4,96.4,96.4,96.4,96.4,96.4,96.4,96.4,96.4,96.4,96.4,96.4,96.4,96.4,96.4,96.4,96.4,96.4,96.4,96.4,96.4,96.4,96.4,96.4,96.4,96.4,96.4,96.4,96.4,96.4,96.4,96.4,96.4,96.4,96.4,96.4,96.4,96.4,96.4,96.4,96.4,96.4,96.4,96.4,96.4,96.4,96.4,96.4,96.4,96.4,96.4,96.4,96.4,96.4,96.4,96.4,96.4,96.4,96.4,96.4,96.4,96.4,96.4,96.4,96.4,96.4,96.4,96.4,96.4,96.4,96.4,96.4,96.4,96.4
1990-10-01,,,,,,,,,,,,,,,,,,,,,,,,,,,,,,,,,,,,,,,,,,,,,,,,,,,,,,,,,,,,,,,,,,,,,,,,,,,,,,,,,,,,,,,,,,,,,,,,,,,,,,,,,,,,,,,,,,,,,,,,,,,,,,,,,,,,,,,,,,,,,,,,,,,,,,,,,,,,,,,,,,,,,,,,,,,,,,,,,,,,,,,,,,,,,,,,,,,,,,
1990-11-01,,,,,,,,,,,,,,,,,,,,,,,,,,,,,,,,,,,,,,,,,,,,,,,,,,,,,,,,,,,,,,,,,,,,,,,,,,,,,,,,,,,,,,,,,,,,,,,,,,,,,,,,,,,,,,,,,,,,,,,,,,,,,,,,,,,,,,,,,,,,,,,,,,,,,,,,,,,,,,,,,,,,,,,,,,,,,,,,,,,,,,,,,,,,,,,,,,,,,,
1990-12-01,105.6,105.6,105.6,105.6,105.6,105.6,105.6,105.6,105.6,105.6,105.6,105.6,105.6,105.6,105.6,105.6,105.6,105.6,105.6,105.6,105.6,105.6,105.6,105.6,105.6,105.6,105.6,105.6,105.6,105.6,105.6,105.6,105.6,105.6,105.6,105.6,105.6,105.6,105.6,105.6,105.6,105.6,105.6,105.6,105.6,105.6,105.6,105.6,105.6,105.6,105.6,105.6,105.6,105.6,105.6,105.6,105.6,105.6,105.6,105.6,105.6,105.6,105.6,105.6,105.6,105.6,105.6,105.6,105.6,105.6,105.6,105.6,105.6,105.6,105.6,105.6,105.6,105.6,105.6,105.6,105.6,105.6,105.6,105.6,105.6,105.6,105.6,105.6,105.6,105.6,105.6,105.6,105.6,105.6,105.6,105.6,105.6,105.6,105.6,105.6,105.6,105.6,105.6,105.6,105.6,105.6,105.6,105.6,105.6,105.6,105.6,105.6,105.6,105.6,105.6,105.6,105.6,105.6,105.6,105.6,105.6,105.6,105.6,105.6,105.6,105.6,105.6,105.6,105.6,105.6,105.6,105.6,105.6,105.6,105.6,105.6,105.6,105.6,105.6,105.6,105.6,105.6,105.6,105.6,105.6,105.6,105.6,105.6,105.6,105.6,105.6,105.6,105.6,105.6,105.6,105.6,105.6,105.6,105.6,105.6,105.6,105.6,105.6,105.6,105.6,105.6,105.6,105.6,105.6,105.6,105.6,105.6,105.6,105.6,105.6,105.6,105.6,105.6,105.6,105.6,105.6,105.6,105.6,105.6,105.6,105.6,105.6,105.6,105.6,105.6,105.6,105.6,105.6,105.6,105.6,105.6,105.6,105.6
1991-01-01,,,,,,,,,,,,,,,,,,,,,,,,,,,,,,,,,,,,,,,,,,,,,,,,,,,,,,,,,,,,,,,,,,,,,,,,,,,,,,,,,,,,,,,,,,,,,,,,,,,,,,,,,,,,,,,,,,,,,,,,,,,,,,,,,,,,,,,,,,,,,,,,,,,,,,,,,,,,,,,,,,,,,,,,,,,,,,,,,,,,,,,,,,,,,,,,,,,,,,
1991-02-01,,,,,,,,,,,,,,,,,,,,,,,,,,,,,,,,,,,,,,,,,,,,,,,,,,,,,,,,,,,,,,,,,,,,,,,,,,,,,,,,,,,,,,,,,,,,,,,,,,,,,,,,,,,,,,,,,,,,,,,,,,,,,,,,,,,,,,,,,,,,,,,,,,,,,,,,,,,,,,,,,,,,,,,,,,,,,,,,,,,,,,,,,,,,,,,,,,,,,,
1991-03-01,104.5,104.5,104.5,104.5,104.5,104.5,104.5,104.5,104.5,104.5,104.5,104.5,104.5,104.5,104.5,104.5,104.5,104.5,104.5,104.5,104.5,104.5,104.5,104.5,104.5,104.5,104.5,104.5,104.5,104.5,104.5,104.5,104.5,104.5,104.5,104.5,104.5,104.5,104.5,104.5,104.5,104.5,104.5,104.5,104.5,104.5,104.5,104.5,104.5,104.5,104.5,104.5,104.5,104.5,104.5,104.5,104.5,104.5,104.5,104.5,104.5,104.5,104.5,104.5,104.5,104.5,104.5,104.5,104.5,104.5,104.5,104.5,104.5,104.5,104.5,104.5,104.5,104.5,104.5,104.5,104.5,104.5,104.5,104.5,104.5,104.5,104.5,104.5,104.5,104.5,104.5,104.5,104.5,104.5,104.5,104.5,104.5,104.5,104.5,104.5,104.5,104.5,104.5,104.5,104.5,104.5,104.5,104.5,104.5,104.5,104.5,104.5,104.5,104.5,104.5,104.5,104.5,104.5,104.5,104.5,104.5,104.5,104.5,104.5,104.5,104.5,104.5,104.5,104.5,104.5,104.5,104.5,104.5,104.5,104.5,104.5,104.5,104.5,104.5,104.5,104.5,104.5,104.5,104.5,104.5,104.5,104.5,104.5,104.5,104.5,104.5,104.5,104.5,104.5,104.5,104.5,104.5,104.5,104.5,104.5,104.5,104.5,104.5,104.5,104.5,104.5,104.5,104.5,104.5,104.5,104.5,104.5,104.5,104.5,104.5,104.5,104.5,104.5,104.5,104.5,104.5,104.5,104.5,104.5,104.5,104.5,104.5,104.5,104.5,104.5,104.5,104.5,104.5,104.5,104.5,104.5,104.5,104.5
1991-04-01,,,,,,,,,,,,,,,,,,,,,,,,,,,,,,,,,,,,,,,,,,,,,,,,,,,,,,,,,,,,,,,,,,,,,,,,,,,,,,,,,,,,,,,,,,,,,,,,,,,,,,,,,,,,,,,,,,,,,,,,,,,,,,,,,,,,,,,,,,,,,,,,,,,,,,,,,,,,,,,,,,,,,,,,,,,,,,,,,,,,,,,,,,,,,,,,,,,,,,
1991-05-01,,,,,,,,,,,,,,,,,,,,,,,,,,,,,,,,,,,,,,,,,,,,,,,,,,,,,,,,,,,,,,,,,,,,,,,,,,,,,,,,,,,,,,,,,,,,,,,,,,,,,,,,,,,,,,,,,,,,,,,,,,,,,,,,,,,,,,,,,,,,,,,,,,,,,,,,,,,,,,,,,,,,,,,,,,,,,,,,,,,,,,,,,,,,,,,,,,,,,,
1991-06-01,100.4,100.4,100.4,100.4,100.4,100.4,100.4,100.4,100.4,100.4,100.4,100.4,100.4,100.4,100.4,100.4,100.4,100.4,100.4,100.4,100.4,100.4,100.4,100.4,100.4,100.4,100.4,100.4,100.4,100.4,100.4,100.4,100.4,100.4,100.4,100.4,100.4,100.4,100.4,100.4,100.4,100.4,100.4,100.4,100.4,100.4,100.4,100.4,100.4,100.4,100.4,100.4,100.4,100.4,100.4,100.4,100.4,100.4,100.4,100.4,100.4,100.4,100.4,100.4,100.4,100.4,100.4,100.4,100.4,100.4,100.4,100.4,100.4,100.4,100.4,100.4,100.4,100.4,100.4,100.4,100.4,100.4,100.4,100.4,100.4,100.4,100.4,100.4,100.4,100.4,100.4,100.4,100.4,100.4,100.4,100.4,100.4,100.4,100.4,100.4,100.4,100.4,100.4,100.4,100.4,100.4,100.4,100.4,100.4,100.4,100.4,100.4,100.4,100.4,100.4,100.4,100.4,100.4,100.4,100.4,100.4,100.4,100.4,100.4,100.4,100.4,100.4,100.4,100.4,100.4,100.4,100.4,100.4,100.4,100.4,100.4,100.4,100.4,100.4,100.4,100.4,100.4,100.4,100.4,100.4,100.4,100.4,100.4,100.4,100.4,100.4,100.4,100.4,100.4,100.4,100.4,100.4,100.4,100.4,100.4,100.4,100.4,100.4,100.4,100.4,100.4,100.4,100.4,100.4,100.4,100.4,100.4,100.4,100.4,100.4,100.4,100.4,100.4,100.4,100.4,100.4,100.4,100.4,100.4,100.4,100.4,100.4,100.4,100.4,100.4,100.4,100.4,100.4,100.4,100.4,100.4,100.4,100.4
1991-07-01,,,,,,,,,,,,,,,,,,,,,,,,,,,,,,,,,,,,,,,,,,,,,,,,,,,,,,,,,,,,,,,,,,,,,,,,,,,,,,,,,,,,,,,,,,,,,,,,,,,,,,,,,,,,,,,,,,,,,,,,,,,,,,,,,,,,,,,,,,,,,,,,,,,,,,,,,,,,,,,,,,,,,,,,,,,,,,,,,,,,,,,,,,,,,,,,,,,,,,
1991-08-01,,,,,,,,,,,,,,,,,,,,,,,,,,,,,,,,,,,,,,,,,,,,,,,,,,,,,,,,,,,,,,,,,,,,,,,,,,,,,,,,,,,,,,,,,,,,,,,,,,,,,,,,,,,,,,,,,,,,,,,,,,,,,,,,,,,,,,,,,,,,,,,,,,,,,,,,,,,,,,,,,,,,,,,,,,,,,,,,,,,,,,,,,,,,,,,,,,,,,,
1991-09-01,99.8,99.8,99.8,99.8,99.8,99.8,99.8,99.8,99.8,99.8,99.8,99.8,99.8,99.8,99.8,99.8,99.8,99.8,99.8,99.8,99.8,99.8,99.8,99.8,99.8,99.8,99.8,99.8,99.8,99.8,99.8,99.8,99.8,99.8,99.8,99.8,99.8,99.8,99.8,99.8,99.8,99.8,99.8,99.8,99.8,99.8,99.8,99.8,99.8,99.8,99.8,99.8,99.8,99.8,99.8,99.8,99.8,99.8,99.8,99.8,99.8,99.8,99.8,99.8,99.8,99.8,99.8,99.8,99.8,99.8,99.8,99.8,99.8,99.8,99.8,99.8,99.8,99.8,99.8,99.8,99.8,99.8,99.8,99.8,99.8,99.8,99.8,99.8,99.8,99.8,99.8,99.8,99.8,99.8,99.8,99.8,99.8,99.8,99.8,99.8,99.8,99.8,99.8,99.8,99.8,99.8,99.8,99.8,99.8,99.8,99.8,99.8,99.8,99.8,99.8,99.8,99.8,99.8,99.8,99.8,99.8,99.8,99.8,99.8,99.8,99.8,99.8,99.8,99.8,99.8,99.8,99.8,99.8,99.8,99.8,99.8,99.8,99.8,99.8,99.8,99.8,99.8,99.8,99.8,99.8,99.8,99.8,99.8,99.8,99.8,99.8,99.8,99.8,99.8,99.8,99.8,99.8,99.8,99.8,99.8,99.8,99.8,99.8,99.8,99.8,99.8,99.8,99.8,99.8,99.8,99.8,99.8,99.8,99.8,99.8,99.8,99.8,99.8,99.8,99.8,99.8,99.8,99.8,99.8,99.8,99.8,99.8,99.8,99.8,99.8,99.8,99.8,99.8,99.8,99.8,99.8,99.8,99.8
1991-10-01,,,,,,,,,,,,,,,,,,,,,,,,,,,,,,,,,,,,,,,,,,,,,,,,,,,,,,,,,,,,,,,,,,,,,,,,,,,,,,,,,,,,,,,,,,,,,,,,,,,,,,,,,,,,,,,,,,,,,,,,,,,,,,,,,,,,,,,,,,,,,,,,,,,,,,,,,,,,,,,,,,,,,,,,,,,,,,,,,,,,,,,,,,,,,,,,,,,,,,
1991-11-01,,,,,,,,,,,,,,,,,,,,,,,,,,,,,,,,,,,,,,,,,,,,,,,,,,,,,,,,,,,,,,,,,,,,,,,,,,,,,,,,,,,,,,,,,,,,,,,,,,,,,,,,,,,,,,,,,,,,,,,,,,,,,,,,,,,,,,,,,,,,,,,,,,,,,,,,,,,,,,,,,,,,,,,,,,,,,,,,,,,,,,,,,,,,,,,,,,,,,,
1991-12-01,101.8,101.8,101.8,101.8,101.8,101.8,101.8,101.8,101.8,101.8,101.8,101.8,101.8,101.8,101.8,101.8,101.8,101.8,101.8,101.8,101.8,101.8,101.8,101.8,101.8,101.8,101.8,101.8,101.8,101.8,101.8,101.8,101.8,101.8,101.8,101.8,101.8,101.8,101.8,101.8,101.8,101.8,101.8,101.8,101.8,101.8,101.8,101.8,101.8,101.8,101.8,101.8,101.8,101.8,101.8,101.8,101.8,101.8,101.8,101.8,101.8,101.8,101.8,101.8,101.8,101.8,101.8,101.8,101.8,101.8,101.8,101.8,101.8,101.8,101.8,101.8,101.8,101.8,101.8,101.8,101.8,101.8,101.8,101.8,101.8,101.8,101.8,101.8,101.8,101.8,101.8,101.8,101.8,101.8,101.8,101.8,101.8,101.8,101.8,101.8,101.8,101.8,101.8,101.8,101.8,101.8,101.8,101.8,101.8,101.8,101.8,101.8,101.8,101.8,101.8,101.8,101.8,101.8,101.8,101.8,101.8,101.8,101.8,101.8,101.8,101.8,101.8,101.8,101.8,101.8,101.8,101.8,101.8,101.8,101.8,101.8,101.8,101.8,101.8,101.8,101.8,101.8,101.8,101.8,101.8,101.8,101.8,101.8,101.8,101.8,101.8,101.8,101.8,101.8,101.8,101.8,101.8,101.8,101.8,101.8,101.8,101.8,101.8,101.8,101.8,101.8,101.8,101.8,101.8,101.8,101.8,101.8,101.8,101.8,101.8,101.8,101.8,101.8,101.8,101.8,101.8,101.8,101.8,101.8,101.8,101.8,101.8,101.8,101.8,101.8,101.8,101.8,101.8,101.8,101.8,101.8,101.8,101.8
1992-01-01,,,,,,,,,,,,,,,,,,,,,,,,,,,,,,,,,,,,,,,,,,,,,,,,,,,,,,,,,,,,,,,,,,,,,,,,,,,,,,,,,,,,,,,,,,,,,,,,,,,,,,,,,,,,,,,,,,,,,,,,,,,,,,,,,,,,,,,,,,,,,,,,,,,,,,,,,,,,,,,,,,,,,,,,,,,,,,,,,,,,,,,,,,,,,,,,,,,,,,
1992-02-01,,,,,,,,,,,,,,,,,,,,,,,,,,,,,,,,,,,,,,,,,,,,,,,,,,,,,,,,,,,,,,,,,,,,,,,,,,,,,,,,,,,,,,,,,,,,,,,,,,,,,,,,,,,,,,,,,,,,,,,,,,,,,,,,,,,,,,,,,,,,,,,,,,,,,,,,,,,,,,,,,,,,,,,,,,,,,,,,,,,,,,,,,,,,,,,,,,,,,,
1992-03-01,102.8,102.8,102.8,102.8,102.8,102.8,102.8,102.8,102.8,102.8,102.8,102.8,102.8,102.8,102.8,102.8,102.8,102.8,102.8,102.8,102.8,102.8,102.8,102.8,102.8,102.8,102.8,102.8,102.8,102.8,102.8,102.8,102.8,102.8,102.8,102.8,102.8,102.8,102.8,102.8,102.8,102.8,102.8,102.8,102.8,102.8,102.8,102.8,102.8,102.8,102.8,102.8,102.8,102.8,102.8,102.8,102.8,102.8,102.8,102.8,102.8,102.8,102.8,102.8,102.8,102.8,102.8,102.8,102.8,102.8,102.8,102.8,102.8,102.8,102.8,102.8,102.8,102.8,102.8,102.8,102.8,102.8,102.8,102.8,102.8,102.8,102.8,102.8,102.8,102.8,102.8,102.8,102.8,102.8,102.8,102.8,102.8,102.8,102.8,102.8,102.8,102.8,102.8,102.8,102.8,102.8,102.8,102.8,102.8,102.8,102.8,102.8,102.8,102.8,102.8,102.8,102.8,102.8,102.8,102.8,102.8,102.8,102.8,102.8,102.8,102.8,102.8,102.8,102.8,102.8,102.8,102.8,102.8,102.8,102.8,102.8,102.8,102.8,102.8,102.8,102.8,102.8,102.8,102.8,102.8,102.8,102.8,102.8,102.8,102.8,102.8,102.8,102.8,102.8,102.8,102.8,102.8,102.8,102.8,102.8,102.8,102.8,102.8,102.8,102.8,102.8,102.8,102.8,102.8,102.8,102.8,102.8,102.8,102.8,102.8,102.8,102.8,102.8,102.8,102.8,102.8,102.8,102.8,102.8,102.8,102.8,102.8,102.8,102.8,102.8,102.8,102.8,102.8,102.8,102.8,102.8,102.8,102.8
1992-04-01,,,,,,,,,,,,,,,,,,,,,,,,,,,,,,,,,,,,,,,,,,,,,,,,,,,,,,,,,,,,,,,,,,,,,,,,,,,,,,,,,,,,,,,,,,,,,,,,,,,,,,,,,,,,,,,,,,,,,,,,,,,,,,,,,,,,,,,,,,,,,,,,,,,,,,,,,,,,,,,,,,,,,,,,,,,,,,,,,,,,,,,,,,,,,,,,,,,,,,
1992-05-01,,,,,,,,,,,,,,,,,,,,,,,,,,,,,,,,,,,,,,,,,,,,,,,,,,,,,,,,,,,,,,,,,,,,,,,,,,,,,,,,,,,,,,,,,,,,,,,,,,,,,,,,,,,,,,,,,,,,,,,,,,,,,,,,,,,,,,,,,,,,,,,,,,,,,,,,,,,,,,,,,,,,,,,,,,,,,,,,,,,,,,,,,,,,,,,,,,,,,,
1992-06-01,98.5,98.5,98.5,98.5,98.5,98.5,98.5,98.5,98.5,98.5,98.5,98.5,98.5,98.5,98.5,98.5,98.5,98.5,98.5,98.5,98.5,98.5,98.5,98.5,98.5,98.5,98.5,98.5,98.5,98.5,98.5,98.5,98.5,98.5,98.5,98.5,98.5,98.5,98.5,98.5,98.5,98.5,98.5,98.5,98.5,98.5,98.5,98.5,98.5,98.5,98.5,98.5,98.5,98.5,98.5,98.5,98.5,98.5,98.5,98.5,98.5,98.5,98.5,98.5,98.5,98.5,98.5,98.5,98.5,98.5,98.5,98.5,98.5,98.5,98.5,98.5,98.5,98.5,98.5,98.5,98.5,98.5,98.5,98.5,98.5,98.5,98.5,98.5,98.5,98.5,98.5,98.5,98.5,98.5,98.5,98.5,98.5,98.5,98.5,98.5,98.5,98.5,98.5,98.5,98.5,98.5,98.5,98.5,98.5,98.5,98.5,98.5,98.5,98.5,98.5,98.5,98.5,98.5,98.5,98.5,98.5,98.5,98.5,98.5,98.5,98.5,98.5,98.5,98.5,98.5,98.5,98.5,98.5,98.5,98.5,98.5,98.5,98.5,98.5,98.5,98.5,98.5,98.5,98.5,98.5,98.5,98.5,98.5,98.5,98.5,98.5,98.5,98.5,98.5,98.5,98.5,98.5,98.5,98.5,98.5,98.5,98.5,98.5,98.5,98.5,98.5,98.5,98.5,98.5,98.5,98.5,98.5,98.5,98.5,98.5,98.5,98.5,98.5,98.5,98.5,98.5,98.5,98.5,98.5,98.5,98.5,98.5,98.5,98.5,98.5,98.5,98.5,98.5,98.5,98.5,98.5,98.5,98.5
1992-07-01,,,,,,,,,,,,,,,,,,,,,,,,,,,,,,,,,,,,,,,,,,,,,,,,,,,,,,,,,,,,,,,,,,,,,,,,,,,,,,,,,,,,,,,,,,,,,,,,,,,,,,,,,,,,,,,,,,,,,,,,,,,,,,,,,,,,,,,,,,,,,,,,,,,,,,,,,,,,,,,,,,,,,,,,,,,,,,,,,,,,,,,,,,,,,,,,,,,,,,
1992-08-01,,,,,,,,,,,,,,,,,,,,,,,,,,,,,,,,,,,,,,,,,,,,,,,,,,,,,,,,,,,,,,,,,,,,,,,,,,,,,,,,,,,,,,,,,,,,,,,,,,,,,,,,,,,,,,,,,,,,,,,,,,,,,,,,,,,,,,,,,,,,,,,,,,,,,,,,,,,,,,,,,,,,,,,,,,,,,,,,,,,,,,,,,,,,,,,,,,,,,,
1992-09-01,101.6,101.6,101.6,101.6,101.6,101.6,101.6,101.6,101.6,101.6,101.6,101.6,101.6,101.6,101.6,101.6,101.6,101.6,101.6,101.6,101.6,101.6,101.6,101.6,101.6,101.6,101.6,101.6,101.6,101.6,101.6,101.6,101.6,101.6,101.6,101.6,101.6,101.6,101.6,101.6,101.6,101.6,101.6,101.6,101.6,101.6,101.6,101.6,101.6,101.6,101.6,101.6,101.6,101.6,101.6,101.6,101.6,101.6,101.6,101.6,101.6,101.6,101.6,101.6,101.6,101.6,101.6,101.6,101.6,101.6,101.6,101.6,101.6,101.6,101.6,101.6,101.6,101.6,101.6,101.6,101.6,101.6,101.6,101.6,101.6,101.6,101.6,101.6,101.6,101.6,101.6,101.6,101.6,101.6,101.6,101.6,101.6,101.6,101.6,101.6,101.6,101.6,101.6,101.6,101.6,101.6,101.6,101.6,101.6,101.6,101.6,101.6,101.6,101.6,101.6,101.6,101.6,101.6,101.6,101.6,101.6,101.6,101.6,101.6,101.6,101.6,101.6,101.6,101.6,101.6,101.6,101.6,101.6,101.6,101.6,101.6,101.6,101.6,101.6,101.6,101.6,101.6,101.6,101.6,101.6,101.6,101.6,101.6,101.6,101.6,101.6,101.6,101.6,101.6,101.6,101.6,101.6,101.6,101.6,101.6,101.6,101.6,101.6,101.6,101.6,101.6,101.6,101.6,101.6,101.6,101.6,101.6,101.6,101.6,101.6,101.6,101.6,101.6,101.6,101.6,101.6,101.6,101.6,101.6,101.6,101.6,101.6,101.6,101.6,101.6,101.6,101.6,101.6,101.6,101.6,101.6,101.6,101.6
1992-10-01,,,,,,,,,,,,,,,,,,,,,,,,,,,,,,,,,,,,,,,,,,,,,,,,,,,,,,,,,,,,,,,,,,,,,,,,,,,,,,,,,,,,,,,,,,,,,,,,,,,,,,,,,,,,,,,,,,,,,,,,,,,,,,,,,,,,,,,,,,,,,,,,,,,,,,,,,,,,,,,,,,,,,,,,,,,,,,,,,,,,,,,,,,,,,,,,,,,,,,
1992-11-01,,,,,,,,,,,,,,,,,,,,,,,,,,,,,,,,,,,,,,,,,,,,,,,,,,,,,,,,,,,,,,,,,,,,,,,,,,,,,,,,,,,,,,,,,,,,,,,,,,,,,,,,,,,,,,,,,,,,,,,,,,,,,,,,,,,,,,,,,,,,,,,,,,,,,,,,,,,,,,,,,,,,,,,,,,,,,,,,,,,,,,,,,,,,,,,,,,,,,,
1992-12-01,99.5,99.5,99.5,99.5,99.5,99.5,99.5,99.5,99.5,99.5,99.5,99.5,99.5,99.5,99.5,99.5,99.5,99.5,99.5,99.5,99.5,99.5,99.5,99.5,99.5,99.5,99.5,99.5,99.5,99.5,99.5,99.5,99.5,99.5,99.5,99.5,99.5,99.5,99.5,99.5,99.5,99.5,99.5,99.5,99.5,99.5,99.5,99.5,99.5,99.5,99.5,99.5,99.5,99.5,99.5,99.5,99.5,99.5,99.5,99.5,99.5,99.5,99.5,99.5,99.5,99.5,99.5,99.5,99.5,99.5,99.5,99.5,99.5,99.5,99.5,99.5,99.5,99.5,99.5,99.5,99.5,99.5,99.5,99.5,99.5,99.5,99.5,99.5,99.5,99.5,99.5,99.5,99.5,99.5,99.5,99.5,99.5,99.5,99.5,99.5,99.5,99.5,99.5,99.5,99.5,99.5,99.5,99.5,99.5,99.5,99.5,99.5,99.5,99.5,99.5,99.5,99.5,99.5,99.5,99.5,99.5,99.5,99.5,99.5,99.5,99.5,99.5,99.5,99.5,99.5,99.5,99.5,99.5,99.5,99.5,99.5,99.5,99.5,99.5,99.5,99.5,99.5,99.5,99.5,99.5,99.5,99.5,99.5,99.5,99.5,99.5,99.5,99.5,99.5,99.5,99.5,99.5,99.5,99.5,99.5,99.5,99.5,99.5,99.5,99.5,99.5,99.5,99.5,99.5,99.5,99.5,99.5,99.5,99.5,99.5,99.5,99.5,99.5,99.5,99.5,99.5,99.5,99.5,99.5,99.5,99.5,99.5,99.5,99.5,99.5,99.5,99.5,99.5,99.5,99.5,99.5,99.5,99.5
1993-01-01,,,,,,,,,,,,,,,,,,,,,,,,,,,,,,,,,,,,,,,,,,,,,,,,,,,,,,,,,,,,,,,,,,,,,,,,,,,,,,,,,,,,,,,,,,,,,,,,,,,,,,,,,,,,,,,,,,,,,,,,,,,,,,,,,,,,,,,,,,,,,,,,,,,,,,,,,,,,,,,,,,,,,,,,,,,,,,,,,,,,,,,,,,,,,,,,,,,,,,
1993-02-01,,,,,,,,,,,,,,,,,,,,,,,,,,,,,,,,,,,,,,,,,,,,,,,,,,,,,,,,,,,,,,,,,,,,,,,,,,,,,,,,,,,,,,,,,,,,,,,,,,,,,,,,,,,,,,,,,,,,,,,,,,,,,,,,,,,,,,,,,,,,,,,,,,,,,,,,,,,,,,,,,,,,,,,,,,,,,,,,,,,,,,,,,,,,,,,,,,,,,,
1993-03-01,97.5,97.5,97.5,97.5,97.5,97.5,97.5,97.5,97.5,97.5,97.5,97.5,97.5,97.5,97.5,97.5,97.5,97.5,97.5,97.5,97.5,97.5,97.5,97.5,97.5,97.5,97.5,97.5,97.5,97.5,97.5,97.5,97.5,97.5,97.5,97.5,97.5,97.5,97.5,97.5,97.5,97.5,97.5,97.5,97.5,97.5,97.5,97.5,97.5,97.5,97.5,97.5,97.5,97.5,97.5,97.5,97.5,97.5,97.5,97.5,97.5,97.5,97.5,97.5,97.5,97.5,97.5,97.5,97.5,97.5,97.5,97.5,97.5,97.5,97.5,97.5,97.5,97.5,97.5,97.5,97.5,97.5,97.5,97.5,97.5,97.5,97.5,97.5,97.5,97.5,97.5,97.5,97.5,97.5,97.5,97.5,97.5,97.5,97.5,97.5,97.5,97.5,97.5,97.5,97.5,97.5,97.5,97.5,97.5,97.5,97.5,97.5,97.5,97.5,97.5,97.5,97.5,97.5,97.5,97.5,97.5,97.5,97.5,97.5,97.5,97.5,97.5,97.5,97.5,97.5,97.5,97.5,97.5,97.5,97.5,97.5,97.5,97.5,97.5,97.5,97.5,97.5,97.5,97.5,97.5,97.5,97.5,97.5,97.5,97.5,97.5,97.5,97.5,97.5,97.5,97.5,97.5,97.5,97.5,97.5,97.5,97.5,97.5,97.5,97.5,97.5,97.5,97.5,97.5,97.5,97.5,97.5,97.5,97.5,97.5,97.5,97.5,97.5,97.5,97.5,97.5,97.5,97.5,97.5,97.5,97.5,97.5,97.5,97.5,97.5,97.5,97.5,97.5,97.5,97.5,97.5,97.5,97.5
1993-04-01,,,,,,,,,,,,,,,,,,,,,,,,,,,,,,,,,,,,,,,,,,,,,,,,,,,,,,,,,,,,,,,,,,,,,,,,,,,,,,,,,,,,,,,,,,,,,,,,,,,,,,,,,,,,,,,,,,,,,,,,,,,,,,,,,,,,,,,,,,,,,,,,,,,,,,,,,,,,,,,,,,,,,,,,,,,,,,,,,,,,,,,,,,,,,,,,,,,,,,
1993-05-01,,,,,,,,,,,,,,,,,,,,,,,,,,,,,,,,,,,,,,,,,,,,,,,,,,,,,,,,,,,,,,,,,,,,,,,,,,,,,,,,,,,,,,,,,,,,,,,,,,,,,,,,,,,,,,,,,,,,,,,,,,,,,,,,,,,,,,,,,,,,,,,,,,,,,,,,,,,,,,,,,,,,,,,,,,,,,,,,,,,,,,,,,,,,,,,,,,,,,,
1993-06-01,104.2,104.2,104.2,104.2,104.2,104.2,104.2,104.2,104.2,104.2,104.2,104.2,104.2,104.2,104.2,104.2,104.2,104.2,104.2,104.2,104.2,104.2,104.2,104.2,104.2,104.2,104.2,104.2,104.2,104.2,104.2,104.2,104.2,104.2,104.2,104.2,104.2,104.2,104.2,104.2,104.2,104.2,104.2,104.2,104.2,104.2,104.2,104.2,104.2,104.2,104.2,104.2,104.2,104.2,104.2,104.2,104.2,104.2,104.2,104.2,104.2,104.2,104.2,104.2,104.2,104.2,104.2,104.2,104.2,104.2,104.2,104.2,104.2,104.2,104.2,104.2,104.2,104.2,104.2,104.2,104.2,104.2,104.2,104.2,104.2,104.2,104.2,104.2,104.2,104.2,104.2,104.2,104.2,104.2,104.2,104.2,104.2,104.2,104.2,104.2,104.2,104.2,104.2,104.2,104.2,104.2,104.2,104.2,104.2,104.2,104.2,104.2,104.2,104.2,104.2,104.2,104.2,104.2,104.2,104.2,104.2,104.2,104.2,104.2,104.2,104.2,104.2,104.2,104.2,104.2,104.2,104.2,104.2,104.2,104.2,104.2,104.2,104.2,104.2,104.2,104.2,104.2,104.2,104.2,104.2,104.2,104.2,104.2,104.2,104.2,104.2,104.2,104.2,104.2,104.2,104.2,104.2,104.2,104.2,104.2,104.2,104.2,104.2,104.2,104.2,104.2,104.2,104.2,104.2,104.2,104.2,104.2,104.2,104.2,104.2,104.2,104.2,104.2,104.2,104.2,104.2,104.2,104.2,104.2,104.2,104.2,104.2,104.2,104.2,104.2,104.2,104.2,104.2,104.2,104.2,104.2,104.2,104.2
1993-07-01,,,,,,,,,,,,,,,,,,,,,,,,,,,,,,,,,,,,,,,,,,,,,,,,,,,,,,,,,,,,,,,,,,,,,,,,,,,,,,,,,,,,,,,,,,,,,,,,,,,,,,,,,,,,,,,,,,,,,,,,,,,,,,,,,,,,,,,,,,,,,,,,,,,,,,,,,,,,,,,,,,,,,,,,,,,,,,,,,,,,,,,,,,,,,,,,,,,,,,
1993-08-01,,,,,,,,,,,,,,,,,,,,,,,,,,,,,,,,,,,,,,,,,,,,,,,,,,,,,,,,,,,,,,,,,,,,,,,,,,,,,,,,,,,,,,,,,,,,,,,,,,,,,,,,,,,,,,,,,,,,,,,,,,,,,,,,,,,,,,,,,,,,,,,,,,,,,,,,,,,,,,,,,,,,,,,,,,,,,,,,,,,,,,,,,,,,,,,,,,,,,,
1993-09-01,104.5,104.5,104.5,104.5,104.5,104.5,104.5,104.5,104.5,104.5,104.5,104.5,104.5,104.5,104.5,104.5,104.5,104.5,104.5,104.5,104.5,104.5,104.5,104.5,104.5,104.5,104.5,104.5,104.5,104.5,104.5,104.5,104.5,104.5,104.5,104.5,104.5,104.5,104.5,104.5,104.5,104.5,104.5,104.5,104.5,104.5,104.5,104.5,104.5,104.5,104.5,104.5,104.5,104.5,104.5,104.5,104.5,104.5,104.5,104.5,104.5,104.5,104.5,104.5,104.5,104.5,104.5,104.5,104.5,104.5,104.5,104.5,104.5,104.5,104.5,104.5,104.5,104.5,104.5,104.5,104.5,104.5,104.5,104.5,104.5,104.5,104.5,104.5,104.5,104.5,104.5,104.5,104.5,104.5,104.5,104.5,104.5,104.5,104.5,104.5,104.5,104.5,104.5,104.5,104.5,104.5,104.5,104.5,104.5,104.5,104.5,104.5,104.5,104.5,104.5,104.5,104.5,104.5,104.5,104.5,104.5,104.5,104.5,104.5,104.5,104.5,104.5,104.5,104.5,104.5,104.5,104.5,104.5,104.5,104.5,104.5,104.5,104.5,104.5,104.5,104.5,104.5,104.5,104.5,104.5,104.5,104.5,104.5,104.5,104.5,104.5,104.5,104.5,104.5,104.5,104.5,104.5,104.5,104.5,104.5,104.5,104.5,104.5,104.5,104.5,104.5,104.5,104.5,104.5,104.5,104.5,104.5,104.5,104.5,104.5,104.5,104.5,104.5,104.5,104.5,104.5,104.5,104.5,104.5,104.5,104.5,104.5,104.5,104.5,104.5,104.5,104.5,104.5,104.5,104.5,104.5,104.5,104.5
1993-10-01,,,,,,,,,,,,,,,,,,,,,,,,,,,,,,,,,,,,,,,,,,,,,,,,,,,,,,,,,,,,,,,,,,,,,,,,,,,,,,,,,,,,,,,,,,,,,,,,,,,,,,,,,,,,,,,,,,,,,,,,,,,,,,,,,,,,,,,,,,,,,,,,,,,,,,,,,,,,,,,,,,,,,,,,,,,,,,,,,,,,,,,,,,,,,,,,,,,,,,
1993-11-01,,,,,,,,,,,,,,,,,,,,,,,,,,,,,,,,,,,,,,,,,,,,,,,,,,,,,,,,,,,,,,,,,,,,,,,,,,,,,,,,,,,,,,,,,,,,,,,,,,,,,,,,,,,,,,,,,,,,,,,,,,,,,,,,,,,,,,,,,,,,,,,,,,,,,,,,,,,,,,,,,,,,,,,,,,,,,,,,,,,,,,,,,,,,,,,,,,,,,,
1993-12-01,103.8,103.8,103.8,103.8,103.8,103.8,103.8,103.8,103.8,103.8,103.8,103.8,103.8,103.8,103.8,103.8,103.8,103.8,103.8,103.8,103.8,103.8,103.8,103.8,103.8,103.8,103.8,103.8,103.8,103.8,103.8,103.8,103.8,103.8,103.8,103.8,103.8,103.8,103.8,103.8,103.8,103.8,103.8,103.8,103.8,103.8,103.8,103.8,103.8,103.8,103.8,103.8,103.8,103.8,103.8,103.8,103.8,103.8,103.8,103.8,103.8,103.8,103.8,103.8,103.8,103.8,103.8,103.8,103.8,103.8,103.8,103.8,103.8,103.8,103.8,103.8,103.8,103.8,103.8,103.8,103.8,103.8,103.8,103.8,103.8,103.8,103.8,103.8,103.8,103.8,103.8,103.8,103.8,103.8,103.8,103.8,103.8,103.8,103.8,103.8,103.8,103.8,103.8,103.8,103.8,103.8,103.8,103.8,103.8,103.8,103.8,103.8,103.8,103.8,103.8,103.8,103.8,103.8,103.8,103.8,103.8,103.8,103.8,103.8,103.8,103.8,103.8,103.8,103.8,103.8,103.8,103.8,103.8,103.8,103.8,103.8,103.8,103.8,103.8,103.8,103.8,103.8,103.8,103.8,103.8,103.8,103.8,103.8,103.8,103.8,103.8,103.8,103.8,103.8,103.8,103.8,103.8,103.8,103.8,103.8,103.8,103.8,103.8,103.8,103.8,103.8,103.8,103.8,103.8,103.8,103.8,103.8,103.8,103.8,103.8,103.8,103.8,103.8,103.8,103.8,103.8,103.8,103.8,103.8,103.8,103.8,103.8,103.8,103.8,103.8,103.8,103.8,103.8,103.8,103.8,103.8,103.8,103.8
1994-01-01,,,,,,,,,,,,,,,,,,,,,,,,,,,,,,,,,,,,,,,,,,,,,,,,,,,,,,,,,,,,,,,,,,,,,,,,,,,,,,,,,,,,,,,,,,,,,,,,,,,,,,,,,,,,,,,,,,,,,,,,,,,,,,,,,,,,,,,,,,,,,,,,,,,,,,,,,,,,,,,,,,,,,,,,,,,,,,,,,,,,,,,,,,,,,,,,,,,,,,
1994-02-01,,,,,,,,,,,,,,,,,,,,,,,,,,,,,,,,,,,,,,,,,,,,,,,,,,,,,,,,,,,,,,,,,,,,,,,,,,,,,,,,,,,,,,,,,,,,,,,,,,,,,,,,,,,,,,,,,,,,,,,,,,,,,,,,,,,,,,,,,,,,,,,,,,,,,,,,,,,,,,,,,,,,,,,,,,,,,,,,,,,,,,,,,,,,,,,,,,,,,,
1994-03-01,103.5,103.5,103.5,103.5,103.5,103.5,103.5,103.5,103.5,103.5,103.5,103.5,103.5,103.5,103.5,103.5,103.5,103.5,103.5,103.5,103.5,103.5,103.5,103.5,103.5,103.5,103.5,103.5,103.5,103.5,103.5,103.5,103.5,103.5,103.5,103.5,103.5,103.5,103.5,103.5,103.5,103.5,103.5,103.5,103.5,103.5,103.5,103.5,103.5,103.5,103.5,103.5,103.5,103.5,103.5,103.5,103.5,103.5,103.5,103.5,103.5,103.5,103.5,103.5,103.5,103.5,103.5,103.5,103.5,103.5,103.5,103.5,103.5,103.5,103.5,103.5,103.5,103.5,103.5,103.5,103.5,103.5,103.5,103.5,103.5,103.5,103.5,103.5,103.5,103.5,103.5,103.5,103.5,103.5,103.5,103.5,103.5,103.5,103.5,103.5,103.5,103.5,103.5,103.5,103.5,103.5,103.5,103.5,103.5,103.5,103.5,103.5,103.5,103.5,103.5,103.5,103.5,103.5,103.5,103.5,103.5,103.5,103.5,103.5,103.5,103.5,103.5,103.5,103.5,103.5,103.5,103.5,103.5,103.5,103.5,103.5,103.5,103.5,103.5,103.5,103.5,103.5,103.5,103.5,103.5,103.5,103.5,103.5,103.5,103.5,103.5,103.5,103.5,103.5,103.5,103.5,103.5,103.5,103.5,103.5,103.5,103.5,103.5,103.5,103.5,103.5,103.5,103.5,103.5,103.5,103.5,103.5,103.5,103.5,103.5,103.5,103.5,103.5,103.5,103.5,103.5,103.5,103.5,103.5,103.5,103.5,103.5,103.5,103.5,103.5,103.5,103.5,103.5,103.5,103.5,103.5,103.5,103.5
1994-04-01,,,,,,,,,,,,,,,,,,,,,,,,,,,,,,,,,,,,,,,,,,,,,,,,,,,,,,,,,,,,,,,,,,,,,,,,,,,,,,,,,,,,,,,,,,,,,,,,,,,,,,,,,,,,,,,,,,,,,,,,,,,,,,,,,,,,,,,,,,,,,,,,,,,,,,,,,,,,,,,,,,,,,,,,,,,,,,,,,,,,,,,,,,,,,,,,,,,,,,
1994-05-01,,,,,,,,,,,,,,,,,,,,,,,,,,,,,,,,,,,,,,,,,,,,,,,,,,,,,,,,,,,,,,,,,,,,,,,,,,,,,,,,,,,,,,,,,,,,,,,,,,,,,,,,,,,,,,,,,,,,,,,,,,,,,,,,,,,,,,,,,,,,,,,,,,,,,,,,,,,,,,,,,,,,,,,,,,,,,,,,,,,,,,,,,,,,,,,,,,,,,,
1994-06-01,105.7,105.7,105.7,105.7,105.7,105.7,105.7,105.7,105.7,105.7,105.7,105.7,105.7,105.7,105.7,105.7,105.7,105.7,105.7,105.7,105.7,105.7,105.7,105.7,105.7,105.7,105.7,105.7,105.7,105.7,105.7,105.7,105.7,105.7,105.7,105.7,105.7,105.7,105.7,105.7,105.7,105.7,105.7,105.7,105.7,105.7,105.7,105.7,105.7,105.7,105.7,105.7,105.7,105.7,105.7,105.7,105.7,105.7,105.7,105.7,105.7,105.7,105.7,105.7,105.7,105.7,105.7,105.7,105.7,105.7,105.7,105.7,105.7,105.7,105.7,105.7,105.7,105.7,105.7,105.7,105.7,105.7,105.7,105.7,105.7,105.7,105.7,105.7,105.7,105.7,105.7,105.7,105.7,105.7,105.7,105.7,105.7,105.7,105.7,105.7,105.7,105.7,105.7,105.7,105.7,105.7,105.7,105.7,105.7,105.7,105.7,105.7,105.7,105.7,105.7,105.7,105.7,105.7,105.7,105.7,105.7,105.7,105.7,105.7,105.7,105.7,105.7,105.7,105.7,105.7,105.7,105.7,105.7,105.7,105.7,105.7,105.7,105.7,105.7,105.7,105.7,105.7,105.7,105.7,105.7,105.7,105.7,105.7,105.7,105.7,105.7,105.7,105.7,105.7,105.7,105.7,105.7,105.7,105.7,105.7,105.7,105.7,105.7,105.7,105.7,105.7,105.7,105.7,105.7,105.7,105.7,105.7,105.7,105.7,105.7,105.7,105.7,105.7,105.7,105.7,105.7,105.7,105.7,105.7,105.7,105.7,105.7,105.7,105.7,105.7,105.7,105.7,105.7,105.7,105.7,105.7,105.7,105.7
1994-07-01,,,,,,,,,,,,,,,,,,,,,,,,,,,,,,,,,,,,,,,,,,,,,,,,,,,,,,,,,,,,,,,,,,,,,,,,,,,,,,,,,,,,,,,,,,,,,,,,,,,,,,,,,,,,,,,,,,,,,,,,,,,,,,,,,,,,,,,,,,,,,,,,,,,,,,,,,,,,,,,,,,,,,,,,,,,,,,,,,,,,,,,,,,,,,,,,,,,,,,
1994-08-01,,,,,,,,,,,,,,,,,,,,,,,,,,,,,,,,,,,,,,,,,,,,,,,,,,,,,,,,,,,,,,,,,,,,,,,,,,,,,,,,,,,,,,,,,,,,,,,,,,,,,,,,,,,,,,,,,,,,,,,,,,,,,,,,,,,,,,,,,,,,,,,,,,,,,,,,,,,,,,,,,,,,,,,,,,,,,,,,,,,,,,,,,,,,,,,,,,,,,,
1994-09-01,108.9,108.9,108.9,108.9,108.9,108.9,108.9,108.9,108.9,108.9,108.9,108.9,108.9,108.9,108.9,108.9,108.9,108.9,108.9,108.9,108.9,108.9,108.9,108.9,108.9,108.9,108.9,108.9,108.9,108.9,108.9,108.9,108.9,108.9,108.9,108.9,108.9,108.9,108.9,108.9,108.9,108.9,108.9,108.9,108.9,108.9,108.9,108.9,108.9,108.9,108.9,108.9,108.9,108.9,108.9,108.9,108.9,108.9,108.9,108.9,108.9,108.9,108.9,108.9,108.9,108.9,108.9,108.9,108.9,108.9,108.9,108.9,108.9,108.9,108.9,108.9,108.9,108.9,108.9,108.9,108.9,108.9,108.9,108.9,108.9,108.9,108.9,108.9,108.9,108.9,108.9,108.9,108.9,108.9,108.9,108.9,108.9,108.9,108.9,108.9,108.9,108.9,108.9,108.9,108.9,108.9,108.9,108.9,108.9,108.9,108.9,108.9,108.9,108.9,108.9,108.9,108.9,108.9,108.9,108.9,108.9,108.9,108.9,108.9,108.9,108.9,108.9,108.9,108.9,108.9,108.9,108.9,108.9,108.9,108.9,108.9,108.9,108.9,108.9,108.9,108.9,108.9,108.9,108.9,108.9,108.9,108.9,108.9,108.9,108.9,108.9,108.9,108.9,108.9,108.9,108.9,108.9,108.9,108.9,108.9,108.9,108.9,108.9,108.9,108.9,108.9,108.9,108.9,108.9,108.9,108.9,108.9,108.9,108.9,108.9,108.9,108.9,108.9,108.9,108.9,108.9,108.9,108.9,108.9,108.9,108.9,108.9,108.9,108.9,108.9,108.9,108.9,108.9,108.9,108.9,108.9,108.9,108.9
1994-10-01,,,,,,,,,,,,,,,,,,,,,,,,,,,,,,,,,,,,,,,,,,,,,,,,,,,,,,,,,,,,,,,,,,,,,,,,,,,,,,,,,,,,,,,,,,,,,,,,,,,,,,,,,,,,,,,,,,,,,,,,,,,,,,,,,,,,,,,,,,,,,,,,,,,,,,,,,,,,,,,,,,,,,,,,,,,,,,,,,,,,,,,,,,,,,,,,,,,,,,
1994-11-01,,,,,,,,,,,,,,,,,,,,,,,,,,,,,,,,,,,,,,,,,,,,,,,,,,,,,,,,,,,,,,,,,,,,,,,,,,,,,,,,,,,,,,,,,,,,,,,,,,,,,,,,,,,,,,,,,,,,,,,,,,,,,,,,,,,,,,,,,,,,,,,,,,,,,,,,,,,,,,,,,,,,,,,,,,,,,,,,,,,,,,,,,,,,,,,,,,,,,,
1994-12-01,110.9,110.9,110.9,110.9,110.9,110.9,110.9,110.9,110.9,110.9,110.9,110.9,110.9,110.9,110.9,110.9,110.9,110.9,110.9,110.9,110.9,110.9,110.9,110.9,110.9,110.9,110.9,110.9,110.9,110.9,110.9,110.9,110.9,110.9,110.9,110.9,110.9,110.9,110.9,110.9,110.9,110.9,110.9,110.9,110.9,110.9,110.9,110.9,110.9,110.9,110.9,110.9,110.9,110.9,110.9,110.9,110.9,110.9,110.9,110.9,110.9,110.9,110.9,110.9,110.9,110.9,110.9,110.9,110.9,110.9,110.9,110.9,110.9,110.9,110.9,110.9,110.9,110.9,110.9,110.9,110.9,110.9,110.9,110.9,110.9,110.9,110.9,110.9,110.9,110.9,110.9,110.9,110.9,110.9,110.9,110.9,110.9,110.9,110.9,110.9,110.9,110.9,110.9,110.9,110.9,110.9,110.9,110.9,110.9,110.9,110.9,110.9,110.9,110.9,110.9,110.9,110.9,110.9,110.9,110.9,110.9,110.9,110.9,110.9,110.9,110.9,110.9,110.9,110.9,110.9,110.9,110.9,110.9,110.9,110.9,110.9,110.9,110.9,110.9,110.9,110.9,110.9,110.9,110.9,110.9,110.9,110.9,110.9,110.9,110.9,110.9,110.9,110.9,110.9,110.9,110.9,110.9,110.9,110.9,110.9,110.9,110.9,110.9,110.9,110.9,110.9,110.9,110.9,110.9,110.9,110.9,110.9,110.9,110.9,110.9,110.9,110.9,110.9,110.9,110.9,110.9,110.9,110.9,110.9,110.9,110.9,110.9,110.9,110.9,110.9,110.9,110.9,110.9,110.9,110.9,110.9,110.9,110.9
1995-01-01,,,,,,,,,,,,,,,,,,,,,,,,,,,,,,,,,,,,,,,,,,,,,,,,,,,,,,,,,,,,,,,,,,,,,,,,,,,,,,,,,,,,,,,,,,,,,,,,,,,,,,,,,,,,,,,,,,,,,,,,,,,,,,,,,,,,,,,,,,,,,,,,,,,,,,,,,,,,,,,,,,,,,,,,,,,,,,,,,,,,,,,,,,,,,,,,,,,,,,
1995-02-01,,,,,,,,,,,,,,,,,,,,,,,,,,,,,,,,,,,,,,,,,,,,,,,,,,,,,,,,,,,,,,,,,,,,,,,,,,,,,,,,,,,,,,,,,,,,,,,,,,,,,,,,,,,,,,,,,,,,,,,,,,,,,,,,,,,,,,,,,,,,,,,,,,,,,,,,,,,,,,,,,,,,,,,,,,,,,,,,,,,,,,,,,,,,,,,,,,,,,,
1995-03-01,115.8,115.8,115.8,115.8,115.8,115.8,115.8,115.8,115.8,115.8,115.8,115.8,115.8,115.8,115.8,115.8,115.8,115.8,115.8,115.8,115.8,115.8,115.8,115.8,115.8,115.8,115.8,115.8,115.8,115.8,115.8,115.8,115.8,115.8,115.8,115.8,115.8,115.8,115.8,115.8,115.8,115.8,115.8,115.8,115.8,115.8,115.8,115.8,115.8,115.8,115.8,115.8,115.8,115.8,115.8,115.8,115.8,115.8,115.8,115.8,115.8,115.8,115.8,115.8,115.8,115.8,115.8,115.8,115.8,115.8,115.8,115.8,115.8,115.8,115.8,115.8,115.8,115.8,115.8,115.8,115.8,115.8,115.8,115.8,115.8,115.8,115.8,115.8,115.8,115.8,115.8,115.8,115.8,115.8,115.8,115.8,115.8,115.8,115.8,115.8,115.8,115.8,115.8,115.8,115.8,115.8,115.8,115.8,115.8,115.8,115.8,115.8,115.8,115.8,115.8,115.8,115.8,115.8,115.8,115.8,115.8,115.8,115.8,115.8,115.8,115.8,115.8,115.8,115.8,115.8,115.8,115.8,115.8,115.8,115.8,115.8,115.8,115.8,115.8,115.8,115.8,115.8,115.8,115.8,115.8,115.8,115.8,115.8,115.8,115.8,115.8,115.8,115.8,115.8,115.8,115.8,115.8,115.8,115.8,115.8,115.8,115.8,115.8,115.8,115.8,115.8,115.8,115.8,115.8,115.8,115.8,115.8,115.8,115.8,115.8,115.8,115.8,115.8,115.8,115.8,115.8,115.8,115.8,115.8,115.8,115.8,115.8,115.8,115.8,115.8,115.8,115.8,115.8,115.8,115.8,115.8,115.8,115.8
1995-04-01,,,,,,,,,,,,,,,,,,,,,,,,,,,,,,,,,,,,,,,,,,,,,,,,,,,,,,,,,,,,,,,,,,,,,,,,,,,,,,,,,,,,,,,,,,,,,,,,,,,,,,,,,,,,,,,,,,,,,,,,,,,,,,,,,,,,,,,,,,,,,,,,,,,,,,,,,,,,,,,,,,,,,,,,,,,,,,,,,,,,,,,,,,,,,,,,,,,,,,
1995-05-01,,,,,,,,,,,,,,,,,,,,,,,,,,,,,,,,,,,,,,,,,,,,,,,,,,,,,,,,,,,,,,,,,,,,,,,,,,,,,,,,,,,,,,,,,,,,,,,,,,,,,,,,,,,,,,,,,,,,,,,,,,,,,,,,,,,,,,,,,,,,,,,,,,,,,,,,,,,,,,,,,,,,,,,,,,,,,,,,,,,,,,,,,,,,,,,,,,,,,,
1995-06-01,118.7,118.7,118.7,118.7,118.7,118.7,118.7,118.7,118.7,118.7,118.7,118.7,118.7,118.7,118.7,118.7,118.7,118.7,118.7,118.7,118.7,118.7,118.7,118.7,118.7,118.7,118.7,118.7,118.7,118.7,118.7,118.7,118.7,118.7,118.7,118.7,118.7,118.7,118.7,118.7,118.7,118.7,118.7,118.7,118.7,118.7,118.7,118.7,118.7,118.7,118.7,118.7,118.7,118.7,118.7,118.7,118.7,118.7,118.7,118.7,118.7,118.7,118.7,118.7,118.7,118.7,118.7,118.7,118.7,118.7,118.7,118.7,118.7,118.7,118.7,118.7,118.7,118.7,118.7,118.7,118.7,118.7,118.7,118.7,118.7,118.7,118.7,118.7,118.7,118.7,118.7,118.7,118.7,118.7,118.7,118.7,118.7,118.7,118.7,118.7,118.7,118.7,118.7,118.7,118.7,118.7,118.7,118.7,118.7,118.7,118.7,118.7,118.7,118.7,118.7,118.7,118.7,118.7,118.7,118.7,118.7,118.7,118.7,118.7,118.7,118.7,118.7,118.7,118.7,118.7,118.7,118.7,118.7,118.7,118.7,118.7,118.7,118.7,118.7,118.7,118.7,118.7,118.7,118.7,118.7,118.7,118.7,118.7,118.7,118.7,118.7,118.7,118.7,118.7,118.7,118.7,118.7,118.7,118.7,118.7,118.7,118.7,118.7,118.7,118.7,118.7,118.7,118.7,118.7,118.7,118.7,118.7,118.7,118.7,118.7,118.7,118.7,118.7,118.7,118.7,118.7,118.7,118.7,118.7,118.7,118.7,118.7,118.7,118.7,118.7,118.7,118.7,118.7,118.7,118.7,118.7,118.7,118.7
1995-07-01,,,,,,,,,,,,,,,,,,,,,,,,,,,,,,,,,,,,,,,,,,,,,,,,,,,,,,,,,,,,,,,,,,,,,,,,,,,,,,,,,,,,,,,,,,,,,,,,,,,,,,,,,,,,,,,,,,,,,,,,,,,,,,,,,,,,,,,,,,,,,,,,,,,,,,,,,,,,,,,,,,,,,,,,,,,,,,,,,,,,,,,,,,,,,,,,,,,,,,
1995-08-01,,,,,,,,,,,,,,,,,,,,,,,,,,,,,,,,,,,,,,,,,,,,,,,,,,,,,,,,,,,,,,,,,,,,,,,,,,,,,,,,,,,,,,,,,,,,,,,,,,,,,,,,,,,,,,,,,,,,,,,,,,,,,,,,,,,,,,,,,,,,,,,,,,,,,,,,,,,,,,,,,,,,,,,,,,,,,,,,,,,,,,,,,,,,,,,,,,,,,,
1995-09-01,112.9,112.9,112.9,112.9,112.9,112.9,112.9,112.9,112.9,112.9,112.9,112.9,112.9,112.9,112.9,112.9,112.9,112.9,112.9,112.9,112.9,112.9,112.9,112.9,112.9,112.9,112.9,112.9,112.9,112.9,112.9,112.9,112.9,112.9,112.9,112.9,112.9,112.9,112.9,112.9,112.9,112.9,112.9,112.9,112.9,112.9,112.9,112.9,112.9,112.9,112.9,112.9,112.9,112.9,112.9,112.9,112.9,112.9,112.9,112.9,112.9,112.9,112.9,112.9,112.9,112.9,112.9,112.9,112.9,112.9,112.9,112.9,112.9,112.9,112.9,112.9,112.9,112.9,112.9,112.9,112.9,112.9,112.9,112.9,112.9,112.9,112.9,112.9,112.9,112.9,112.9,112.9,112.9,112.9,112.9,112.9,112.9,112.9,112.9,112.9,112.9,112.9,112.9,112.9,112.9,112.9,112.9,112.9,112.9,112.9,112.9,112.9,112.9,112.9,112.9,112.9,112.9,112.9,112.9,112.9,112.9,112.9,112.9,112.9,112.9,112.9,112.9,112.9,112.9,112.9,112.9,112.9,112.9,112.9,112.9,112.9,112.9,112.9,112.9,112.9,112.9,112.9,112.9,112.9,112.9,112.9,112.9,112.9,112.9,112.9,112.9,112.9,112.9,112.9,112.9,112.9,112.9,112.9,112.9,112.9,112.9,112.9,112.9,112.9,112.9,112.9,112.9,112.9,112.9,112.9,112.9,112.9,112.9,112.9,112.9,112.9,112.9,112.9,112.9,112.9,112.9,112.9,112.9,112.9,112.9,112.9,112.9,112.9,112.9,112.9,112.9,112.9,112.9,112.9,112.9,112.9,112.9,112.9
1995-10-01,,,,,,,,,,,,,,,,,,,,,,,,,,,,,,,,,,,,,,,,,,,,,,,,,,,,,,,,,,,,,,,,,,,,,,,,,,,,,,,,,,,,,,,,,,,,,,,,,,,,,,,,,,,,,,,,,,,,,,,,,,,,,,,,,,,,,,,,,,,,,,,,,,,,,,,,,,,,,,,,,,,,,,,,,,,,,,,,,,,,,,,,,,,,,,,,,,,,,,
1995-11-01,,,,,,,,,,,,,,,,,,,,,,,,,,,,,,,,,,,,,,,,,,,,,,,,,,,,,,,,,,,,,,,,,,,,,,,,,,,,,,,,,,,,,,,,,,,,,,,,,,,,,,,,,,,,,,,,,,,,,,,,,,,,,,,,,,,,,,,,,,,,,,,,,,,,,,,,,,,,,,,,,,,,,,,,,,,,,,,,,,,,,,,,,,,,,,,,,,,,,,
1995-12-01,115.1,115.1,115.1,115.1,115.1,115.1,115.1,115.1,115.1,115.1,115.1,115.1,115.1,115.1,115.1,115.1,115.1,115.1,115.1,115.1,115.1,115.1,115.1,115.1,115.1,115.1,115.1,115.1,115.1,115.1,115.1,115.1,115.1,115.1,115.1,115.1,115.1,115.1,115.1,115.1,115.1,115.1,115.1,115.1,115.1,115.1,115.1,115.1,115.1,115.1,115.1,115.1,115.1,115.1,115.1,115.1,115.1,115.1,115.1,115.1,115.1,115.1,115.1,115.1,115.1,115.1,115.1,115.1,115.1,115.1,115.1,115.1,115.1,115.1,115.1,115.1,115.1,115.1,115.1,115.1,115.1,115.1,115.1,115.1,115.1,115.1,115.1,115.1,115.1,115.1,115.1,115.1,115.1,115.1,115.1,115.1,115.1,115.1,115.1,115.1,115.1,115.1,115.1,115.1,115.1,115.1,115.1,115.1,115.1,115.1,115.1,115.1,115.1,115.1,115.1,115.1,115.1,115.1,115.1,115.1,115.1,115.1,115.1,115.1,115.1,115.1,115.1,115.1,115.1,115.1,115.1,115.1,115.1,115.1,115.1,115.1,115.1,115.1,115.1,115.1,115.1,115.1,115.1,115.1,115.1,115.1,115.1,115.1,115.1,115.1,115.1,115.1,115.1,115.1,115.1,115.1,115.1,115.1,115.1,115.1,115.1,115.1,115.1,115.1,115.1,115.1,115.1,115.1,115.1,115.1,115.1,115.1,115.1,115.1,115.1,115.1,115.1,115.1,115.1,115.1,115.1,115.1,115.1,115.1,115.1,115.1,115.1,115.1,115.1,115.1,115.1,115.1,115.1,115.1,115.1,115.1,115.1,115.1
1996-01-01,,,,,,,,,,,,,,,,,,,,,,,,,,,,,,,,,,,,,,,,,,,,,,,,,,,,,,,,,,,,,,,,,,,,,,,,,,,,,,,,,,,,,,,,,,,,,,,,,,,,,,,,,,,,,,,,,,,,,,,,,,,,,,,,,,,,,,,,,,,,,,,,,,,,,,,,,,,,,,,,,,,,,,,,,,,,,,,,,,,,,,,,,,,,,,,,,,,,,,
1996-02-01,,,,,,,,,,,,,,,,,,,,,,,,,,,,,,,,,,,,,,,,,,,,,,,,,,,,,,,,,,,,,,,,,,,,,,,,,,,,,,,,,,,,,,,,,,,,,,,,,,,,,,,,,,,,,,,,,,,,,,,,,,,,,,,,,,,,,,,,,,,,,,,,,,,,,,,,,,,,,,,,,,,,,,,,,,,,,,,,,,,,,,,,,,,,,,,,,,,,,,
1996-03-01,113.7,113.7,113.7,113.7,113.7,113.7,113.7,113.7,113.7,113.7,113.7,113.7,113.7,113.7,113.7,113.7,113.7,113.7,113.7,113.7,113.7,113.7,113.7,113.7,113.7,113.7,113.7,113.7,113.7,113.7,113.7,113.7,113.7,113.7,113.7,113.7,113.7,113.7,113.7,113.7,113.7,113.7,113.7,113.7,113.7,113.7,113.7,113.7,113.7,113.7,113.7,113.7,113.7,113.7,113.7,113.7,113.7,113.7,113.7,113.7,113.7,113.7,113.7,113.7,113.7,113.7,113.7,113.7,113.7,113.7,113.7,113.7,113.7,113.7,113.7,113.7,113.7,113.7,113.7,113.7,113.7,113.7,113.7,113.7,113.7,113.7,113.7,113.7,113.7,113.7,113.7,113.7,113.7,113.7,113.7,113.7,113.7,113.7,113.7,113.7,113.7,113.7,113.7,113.7,113.7,113.7,113.7,113.7,113.7,113.7,113.7,113.7,113.7,113.7,113.7,113.7,113.7,113.7,113.7,113.7,113.7,113.7,113.7,113.7,113.7,113.7,113.7,113.7,113.7,113.7,113.7,113.7,113.7,113.7,113.7,113.7,113.7,113.7,113.7,113.7,113.7,113.7,113.7,113.7,113.7,113.7,113.7,113.7,113.7,113.7,113.7,113.7,113.7,113.7,113.7,113.7,113.7,113.7,113.7,113.7,113.7,113.7,113.7,113.7,113.7,113.7,113.7,113.7,113.7,113.7,113.7,113.7,113.7,113.7,113.7,113.7,113.7,113.7,113.7,113.7,113.7,113.7,113.7,113.7,113.7,113.7,113.7,113.7,113.7,113.7,113.7,113.7,113.7,113.7,113.7,113.7,113.7,113.7
1996-04-01,,,,,,,,,,,,,,,,,,,,,,,,,,,,,,,,,,,,,,,,,,,,,,,,,,,,,,,,,,,,,,,,,,,,,,,,,,,,,,,,,,,,,,,,,,,,,,,,,,,,,,,,,,,,,,,,,,,,,,,,,,,,,,,,,,,,,,,,,,,,,,,,,,,,,,,,,,,,,,,,,,,,,,,,,,,,,,,,,,,,,,,,,,,,,,,,,,,,,,
1996-05-01,,,,,,,,,,,,,,,,,,,,,,,,,,,,,,,,,,,,,,,,,,,,,,,,,,,,,,,,,,,,,,,,,,,,,,,,,,,,,,,,,,,,,,,,,,,,,,,,,,,,,,,,,,,,,,,,,,,,,,,,,,,,,,,,,,,,,,,,,,,,,,,,,,,,,,,,,,,,,,,,,,,,,,,,,,,,,,,,,,,,,,,,,,,,,,,,,,,,,,
1996-06-01,112.2,112.2,112.2,112.2,112.2,112.2,112.2,112.2,112.2,112.2,112.2,112.2,112.2,112.2,112.2,112.2,112.2,112.2,112.2,112.2,112.2,112.2,112.2,112.2,112.2,112.2,112.2,112.2,112.2,112.2,112.2,112.2,112.2,112.2,112.2,112.2,112.2,112.2,112.2,112.2,112.2,112.2,112.2,112.2,112.2,112.2,112.2,112.2,112.2,112.2,112.2,112.2,112.2,112.2,112.2,112.2,112.2,112.2,112.2,112.2,112.2,112.2,112.2,112.2,112.2,112.2,112.2,112.2,112.2,112.2,112.2,112.2,112.2,112.2,112.2,112.2,112.2,112.2,112.2,112.2,112.2,112.2,112.2,112.2,112.2,112.2,112.2,112.2,112.2,112.2,112.2,112.2,112.2,112.2,112.2,112.2,112.2,112.2,112.2,112.2,112.2,112.2,112.2,112.2,112.2,112.2,112.2,112.2,112.2,112.2,112.2,112.2,112.2,112.2,112.2,112.2,112.2,112.2,112.2,112.2,112.2,112.2,112.2,112.2,112.2,112.2,112.2,112.2,112.2,112.2,112.2,112.2,112.2,112.2,112.2,112.2,112.2,112.2,112.2,112.2,112.2,112.2,112.2,112.2,112.2,112.2,112.2,112.2,112.2,112.2,112.2,112.2,112.2,112.2,112.2,112.2,112.2,112.2,112.2,112.2,112.2,112.2,112.2,112.2,112.2,112.2,112.2,112.2,112.2,112.2,112.2,112.2,112.2,112.2,112.2,112.2,112.2,112.2,112.2,112.2,112.2,112.2,112.2,112.2,112.2,112.2,112.2,112.2,112.2,112.2,112.2,112.2,112.2,112.2,112.2,112.2,112.2,112.2
1996-07-01,,,,,,,,,,,,,,,,,,,,,,,,,,,,,,,,,,,,,,,,,,,,,,,,,,,,,,,,,,,,,,,,,,,,,,,,,,,,,,,,,,,,,,,,,,,,,,,,,,,,,,,,,,,,,,,,,,,,,,,,,,,,,,,,,,,,,,,,,,,,,,,,,,,,,,,,,,,,,,,,,,,,,,,,,,,,,,,,,,,,,,,,,,,,,,,,,,,,,,
1996-08-01,,,,,,,,,,,,,,,,,,,,,,,,,,,,,,,,,,,,,,,,,,,,,,,,,,,,,,,,,,,,,,,,,,,,,,,,,,,,,,,,,,,,,,,,,,,,,,,,,,,,,,,,,,,,,,,,,,,,,,,,,,,,,,,,,,,,,,,,,,,,,,,,,,,,,,,,,,,,,,,,,,,,,,,,,,,,,,,,,,,,,,,,,,,,,,,,,,,,,,
1996-09-01,112.0,112.0,112.0,112.0,112.0,112.0,112.0,112.0,112.0,112.0,112.0,112.0,112.0,112.0,112.0,112.0,112.0,112.0,112.0,112.0,112.0,112.0,112.0,112.0,112.0,112.0,112.0,112.0,112.0,112.0,112.0,112.0,112.0,112.0,112.0,112.0,112.0,112.0,112.0,112.0,112.0,112.0,112.0,112.0,112.0,112.0,112.0,112.0,112.0,112.0,112.0,112.0,112.0,112.0,112.0,112.0,112.0,112.0,112.0,112.0,112.0,112.0,112.0,112.0,112.0,112.0,112.0,112.0,112.0,112.0,112.0,112.0,112.0,112.0,112.0,112.0,112.0,112.0,112.0,112.0,112.0,112.0,112.0,112.0,112.0,112.0,112.0,112.0,112.0,112.0,112.0,112.0,112.0,112.0,112.0,112.0,112.0,112.0,112.0,112.0,112.0,112.0,112.0,112.0,112.0,112.0,112.0,112.0,112.0,112.0,112.0,112.0,112.0,112.0,112.0,112.0,112.0,112.0,112.0,112.0,112.0,112.0,112.0,112.0,112.0,112.0,112.0,112.0,112.0,112.0,112.0,112.0,112.0,112.0,112.0,112.0,112.0,112.0,112.0,112.0,112.0,112.0,112.0,112.0,112.0,112.0,112.0,112.0,112.0,112.0,112.0,112.0,112.0,112.0,112.0,112.0,112.0,112.0,112.0,112.0,112.0,112.0,112.0,112.0,112.0,112.0,112.0,112.0,112.0,112.0,112.0,112.0,112.0,112.0,112.0,112.0,112.0,112.0,112.0,112.0,112.0,112.0,112.0,112.0,112.0,112.0,112.0,112.0,112.0,112.0,112.0,112.0,112.0,112.0,112.0,112.0,112.0,112.0
1996-10-01,,,,,,,,,,,,,,,,,,,,,,,,,,,,,,,,,,,,,,,,,,,,,,,,,,,,,,,,,,,,,,,,,,,,,,,,,,,,,,,,,,,,,,,,,,,,,,,,,,,,,,,,,,,,,,,,,,,,,,,,,,,,,,,,,,,,,,,,,,,,,,,,,,,,,,,,,,,,,,,,,,,,,,,,,,,,,,,,,,,,,,,,,,,,,,,,,,,,,,
1996-11-01,,,,,,,,,,,,,,,,,,,,,,,,,,,,,,,,,,,,,,,,,,,,,,,,,,,,,,,,,,,,,,,,,,,,,,,,,,,,,,,,,,,,,,,,,,,,,,,,,,,,,,,,,,,,,,,,,,,,,,,,,,,,,,,,,,,,,,,,,,,,,,,,,,,,,,,,,,,,,,,,,,,,,,,,,,,,,,,,,,,,,,,,,,,,,,,,,,,,,,
1996-12-01,110.6,110.6,110.6,110.6,110.6,110.6,110.6,110.6,110.6,110.6,110.6,110.6,110.6,110.6,110.6,110.6,110.6,110.6,110.6,110.6,110.6,110.6,110.6,110.6,110.6,110.6,110.6,110.6,110.6,110.6,110.6,110.6,110.6,110.6,110.6,110.6,110.6,110.6,110.6,110.6,110.6,110.6,110.6,110.6,110.6,110.6,110.6,110.6,110.6,110.6,110.6,110.6,110.6,110.6,110.6,110.6,110.6,110.6,110.6,110.6,110.6,110.6,110.6,110.6,110.6,110.6,110.6,110.6,110.6,110.6,110.6,110.6,110.6,110.6,110.6,110.6,110.6,110.6,110.6,110.6,110.6,110.6,110.6,110.6,110.6,110.6,110.6,110.6,110.6,110.6,110.6,110.6,110.6,110.6,110.6,110.6,110.6,110.6,110.6,110.6,110.6,110.6,110.6,110.6,110.6,110.6,110.6,110.6,110.6,110.6,110.6,110.6,110.6,110.6,110.6,110.6,110.6,110.6,110.6,110.6,110.6,110.6,110.6,110.6,110.6,110.6,110.6,110.6,110.6,110.6,110.6,110.6,110.6,110.6,110.6,110.6,110.6,110.6,110.6,110.6,110.6,110.6,110.6,110.6,110.6,110.6,110.6,110.6,110.6,110.6,110.6,110.6,110.6,110.6,110.6,110.6,110.6,110.6,110.6,110.6,110.6,110.6,110.6,110.6,110.6,110.6,110.6,110.6,110.6,110.6,110.6,110.6,110.6,110.6,110.6,110.6,110.6,110.6,110.6,110.6,110.6,110.6,110.6,110.6,110.6,110.6,110.6,110.6,110.6,110.6,110.6,110.6,110.6,110.6,110.6,110.6,110.6,110.6
1997-01-01,,,,,,,,,,,,,,,,,,,,,,,,,,,,,,,,,,,,,,,,,,,,,,,,,,,,,,,,,,,,,,,,,,,,,,,,,,,,,,,,,,,,,,,,,,,,,,,,,,,,,,,,,,,,,,,,,,,,,,,,,,,,,,,,,,,,,,,,,,,,,,,,,,,,,,,,,,,,,,,,,,,,,,,,,,,,,,,,,,,,,,,,,,,,,,,,,,,,,,
1997-02-01,,,,,,,,,,,,,,,,,,,,,,,,,,,,,,,,,,,,,,,,,,,,,,,,,,,,,,,,,,,,,,,,,,,,,,,,,,,,,,,,,,,,,,,,,,,,,,,,,,,,,,,,,,,,,,,,,,,,,,,,,,,,,,,,,,,,,,,,,,,,,,,,,,,,,,,,,,,,,,,,,,,,,,,,,,,,,,,,,,,,,,,,,,,,,,,,,,,,,,
1997-03-01,104.1,104.1,104.1,104.1,104.1,104.1,104.1,104.1,104.1,104.1,104.1,104.1,104.1,104.1,104.1,104.1,104.1,104.1,104.1,104.1,104.1,104.1,104.1,104.1,104.1,104.1,104.1,104.1,104.1,104.1,104.1,104.1,104.1,104.1,104.1,104.1,104.1,104.1,104.1,104.1,104.1,104.1,104.1,104.1,104.1,104.1,104.1,104.1,104.1,104.1,104.1,104.1,104.1,104.1,104.1,104.1,104.1,104.1,104.1,104.1,104.1,104.1,104.1,104.1,104.1,104.1,104.1,104.1,104.1,104.1,104.1,104.1,104.1,104.1,104.1,104.1,104.1,104.1,104.1,104.1,104.1,104.1,104.1,104.1,104.1,104.1,104.1,104.1,104.1,104.1,104.1,104.1,104.1,104.1,104.1,104.1,104.1,104.1,104.1,104.1,104.1,104.1,104.1,104.1,104.1,104.1,104.1,104.1,104.1,104.1,104.1,104.1,104.1,104.1,104.1,104.1,104.1,104.1,104.1,104.1,104.1,104.1,104.1,104.1,104.1,104.1,104.1,104.1,104.1,104.1,104.1,104.1,104.1,104.1,104.1,104.1,104.1,104.1,104.1,104.1,104.1,104.1,104.1,104.1,104.1,104.1,104.1,104.1,104.1,104.1,104.1,104.1,104.1,104.1,104.1,104.1,104.1,104.1,104.1,104.1,104.1,104.1,104.1,104.1,104.1,104.1,104.1,104.1,104.1,104.1,104.1,104.1,104.1,104.1,104.1,104.1,104.1,104.1,104.1,104.1,104.1,104.1,104.1,104.1,104.1,104.1,104.1,104.1,104.1,104.1,104.1,104.1,104.1,104.1,104.1,104.1,104.1,104.1
1997-04-01,,,,,,,,,,,,,,,,,,,,,,,,,,,,,,,,,,,,,,,,,,,,,,,,,,,,,,,,,,,,,,,,,,,,,,,,,,,,,,,,,,,,,,,,,,,,,,,,,,,,,,,,,,,,,,,,,,,,,,,,,,,,,,,,,,,,,,,,,,,,,,,,,,,,,,,,,,,,,,,,,,,,,,,,,,,,,,,,,,,,,,,,,,,,,,,,,,,,,,
1997-05-01,,,,,,,,,,,,,,,,,,,,,,,,,,,,,,,,,,,,,,,,,,,,,,,,,,,,,,,,,,,,,,,,,,,,,,,,,,,,,,,,,,,,,,,,,,,,,,,,,,,,,,,,,,,,,,,,,,,,,,,,,,,,,,,,,,,,,,,,,,,,,,,,,,,,,,,,,,,,,,,,,,,,,,,,,,,,,,,,,,,,,,,,,,,,,,,,,,,,,,
1997-06-01,104.5,104.5,104.5,104.5,104.5,104.5,104.5,104.5,104.5,104.5,104.5,104.5,104.5,104.5,104.5,104.5,104.5,104.5,104.5,104.5,104.5,104.5,104.5,104.5,104.5,104.5,104.5,104.5,104.5,104.5,104.5,104.5,104.5,104.5,104.5,104.5,104.5,104.5,104.5,104.5,104.5,104.5,104.5,104.5,104.5,104.5,104.5,104.5,104.5,104.5,104.5,104.5,104.5,104.5,104.5,104.5,104.5,104.5,104.5,104.5,104.5,104.5,104.5,104.5,104.5,104.5,104.5,104.5,104.5,104.5,104.5,104.5,104.5,104.5,104.5,104.5,104.5,104.5,104.5,104.5,104.5,104.5,104.5,104.5,104.5,104.5,104.5,104.5,104.5,104.5,104.5,104.5,104.5,104.5,104.5,104.5,104.5,104.5,104.5,104.5,104.5,104.5,104.5,104.5,104.5,104.5,104.5,104.5,104.5,104.5,104.5,104.5,104.5,104.5,104.5,104.5,104.5,104.5,104.5,104.5,104.5,104.5,104.5,104.5,104.5,104.5,104.5,104.5,104.5,104.5,104.5,104.5,104.5,104.5,104.5,104.5,104.5,104.5,104.5,104.5,104.5,104.5,104.5,104.5,104.5,104.5,104.5,104.5,104.5,104.5,104.5,104.5,104.5,104.5,104.5,104.5,104.5,104.5,104.5,104.5,104.5,104.5,104.5,104.5,104.5,104.5,104.5,104.5,104.5,104.5,104.5,104.5,104.5,104.5,104.5,104.5,104.5,104.5,104.5,104.5,104.5,104.5,104.5,104.5,104.5,104.5,104.5,104.5,104.5,104.5,104.5,104.5,104.5,104.5,104.5,104.5,104.5,104.5
1997-07-01,,,,,,,,,,,,,,,,,,,,,,,,,,,,,,,,,,,,,,,,,,,,,,,,,,,,,,,,,,,,,,,,,,,,,,,,,,,,,,,,,,,,,,,,,,,,,,,,,,,,,,,,,,,,,,,,,,,,,,,,,,,,,,,,,,,,,,,,,,,,,,,,,,,,,,,,,,,,,,,,,,,,,,,,,,,,,,,,,,,,,,,,,,,,,,,,,,,,,,
1997-08-01,,,,,,,,,,,,,,,,,,,,,,,,,,,,,,,,,,,,,,,,,,,,,,,,,,,,,,,,,,,,,,,,,,,,,,,,,,,,,,,,,,,,,,,,,,,,,,,,,,,,,,,,,,,,,,,,,,,,,,,,,,,,,,,,,,,,,,,,,,,,,,,,,,,,,,,,,,,,,,,,,,,,,,,,,,,,,,,,,,,,,,,,,,,,,,,,,,,,,,
1997-09-01,102.5,102.5,102.5,102.5,102.5,102.5,102.5,102.5,102.5,102.5,102.5,102.5,102.5,102.5,102.5,102.5,102.5,102.5,102.5,102.5,102.5,102.5,102.5,102.5,102.5,102.5,102.5,102.5,102.5,102.5,102.5,102.5,102.5,102.5,102.5,102.5,102.5,102.5,102.5,102.5,102.5,102.5,102.5,102.5,102.5,102.5,102.5,102.5,102.5,102.5,102.5,102.5,102.5,102.5,102.5,102.5,102.5,102.5,102.5,102.5,102.5,102.5,102.5,102.5,102.5,102.5,102.5,102.5,102.5,102.5,102.5,102.5,102.5,102.5,102.5,102.5,102.5,102.5,102.5,102.5,102.5,102.5,102.5,102.5,102.5,102.5,102.5,102.5,102.5,102.5,102.5,102.5,102.5,102.5,102.5,102.5,102.5,102.5,102.5,102.5,102.5,102.5,102.5,102.5,102.5,102.5,102.5,102.5,102.5,102.5,102.5,102.5,102.5,102.5,102.5,102.5,102.5,102.5,102.5,102.5,102.5,102.5,102.5,102.5,102.5,102.5,102.5,102.5,102.5,102.5,102.5,102.5,102.5,102.5,102.5,102.5,102.5,102.5,102.5,102.5,102.5,102.5,102.5,102.5,102.5,102.5,102.5,102.5,102.5,102.5,102.5,102.5,102.5,102.5,102.5,102.5,102.5,102.5,102.5,102.5,102.5,102.5,102.5,102.5,102.5,102.5,102.5,102.5,102.5,102.5,102.5,102.5,102.5,102.5,102.5,102.5,102.5,102.5,102.5,102.5,102.5,102.5,102.5,102.5,102.5,102.5,102.5,102.5,102.5,102.5,102.5,102.5,102.5,102.5,102.5,102.5,102.5,102.5
1997-10-01,,,,,,,,,,,,,,,,,,,,,,,,,,,,,,,,,,,,,,,,,,,,,,,,,,,,,,,,,,,,,,,,,,,,,,,,,,,,,,,,,,,,,,,,,,,,,,,,,,,,,,,,,,,,,,,,,,,,,,,,,,,,,,,,,,,,,,,,,,,,,,,,,,,,,,,,,,,,,,,,,,,,,,,,,,,,,,,,,,,,,,,,,,,,,,,,,,,,,,
1997-11-01,,,,,,,,,,,,,,,,,,,,,,,,,,,,,,,,,,,,,,,,,,,,,,,,,,,,,,,,,,,,,,,,,,,,,,,,,,,,,,,,,,,,,,,,,,,,,,,,,,,,,,,,,,,,,,,,,,,,,,,,,,,,,,,,,,,,,,,,,,,,,,,,,,,,,,,,,,,,,,,,,,,,,,,,,,,,,,,,,,,,,,,,,,,,,,,,,,,,,,
1997-12-01,100.1,100.1,100.1,100.1,100.1,100.1,100.1,100.1,100.1,100.1,100.1,100.1,100.1,100.1,100.1,100.1,100.1,100.1,100.1,100.1,100.1,100.1,100.1,100.1,100.1,100.1,100.1,100.1,100.1,100.1,100.1,100.1,100.1,100.1,100.1,100.1,100.1,100.1,100.1,100.1,100.1,100.1,100.1,100.1,100.1,100.1,100.1,100.1,100.1,100.1,100.1,100.1,100.1,100.1,100.1,100.1,100.1,100.1,100.1,100.1,100.1,100.1,100.1,100.1,100.1,100.1,100.1,100.1,100.1,100.1,100.1,100.1,100.1,100.1,100.1,100.1,100.1,100.1,100.1,100.1,100.1,100.1,100.1,100.1,100.1,100.1,100.1,100.1,100.1,100.1,100.1,100.1,100.1,100.1,100.1,100.1,100.1,100.1,100.1,100.1,100.1,100.1,100.1,100.1,100.1,100.1,100.1,100.1,100.1,100.1,100.1,100.1,100.1,100.1,100.1,100.1,100.1,100.1,100.1,100.1,100.1,100.1,100.1,100.1,100.1,100.1,100.1,100.1,100.1,100.1,100.1,100.1,100.1,100.1,100.1,100.1,100.1,100.1,100.1,100.1,100.1,100.1,100.1,100.1,100.1,100.1,100.1,100.1,100.1,100.1,100.1,100.1,100.1,100.1,100.1,100.1,100.1,100.1,100.1,100.1,100.1,100.1,100.1,100.1,100.1,100.1,100.1,100.1,100.1,100.1,100.1,100.1,100.1,100.1,100.1,100.1,100.1,100.1,100.1,100.1,100.1,100.1,100.1,100.1,100.1,100.1,100.1,100.1,100.1,100.1,100.1,100.1,100.1,100.1,100.1,100.1,100.1,100.1
1998-01-01,,,,,,,,,,,,,,,,,,,,,,,,,,,,,,,,,,,,,,,,,,,,,,,,,,,,,,,,,,,,,,,,,,,,,,,,,,,,,,,,,,,,,,,,,,,,,,,,,,,,,,,,,,,,,,,,,,,,,,,,,,,,,,,,,,,,,,,,,,,,,,,,,,,,,,,,,,,,,,,,,,,,,,,,,,,,,,,,,,,,,,,,,,,,,,,,,,,,,,
1998-02-01,,,,,,,,,,,,,,,,,,,,,,,,,,,,,,,,,,,,,,,,,,,,,,,,,,,,,,,,,,,,,,,,,,,,,,,,,,,,,,,,,,,,,,,,,,,,,,,,,,,,,,,,,,,,,,,,,,,,,,,,,,,,,,,,,,,,,,,,,,,,,,,,,,,,,,,,,,,,,,,,,,,,,,,,,,,,,,,,,,,,,,,,,,,,,,,,,,,,,,
1998-03-01,93.0,93.0,93.0,93.0,93.0,93.0,93.0,93.0,93.0,93.0,93.0,93.0,93.0,93.0,93.0,93.0,93.0,93.0,93.0,93.0,93.0,93.0,93.0,93.0,93.0,93.0,93.0,93.0,93.0,93.0,93.0,93.0,93.0,93.0,93.0,93.0,93.0,93.0,93.0,93.0,93.0,93.0,93.0,93.0,93.0,93.0,93.0,93.0,93.0,93.0,93.0,93.0,93.0,93.0,93.0,93.0,93.0,93.0,93.0,93.0,93.0,93.0,93.0,93.0,93.0,93.0,93.0,93.0,93.0,93.0,93.0,93.0,93.0,93.0,93.0,93.0,93.0,93.0,93.0,93.0,93.0,93.0,93.0,93.0,93.0,93.0,93.0,93.0,93.0,93.0,93.0,93.0,93.0,93.0,93.0,93.0,93.0,93.0,93.0,93.0,93.0,93.0,93.0,93.0,93.0,93.0,93.0,93.0,93.0,93.0,93.0,93.0,93.0,93.0,93.0,93.0,93.0,93.0,93.0,93.0,93.0,93.0,93.0,93.0,93.0,93.0,93.0,93.0,93.0,93.0,93.0,93.0,93.0,93.0,93.0,93.0,93.0,93.0,93.0,93.0,93.0,93.0,93.0,93.0,93.0,93.0,93.0,93.0,93.0,93.0,93.0,93.0,93.0,93.0,93.0,93.0,93.0,93.0,93.0,93.0,93.0,93.0,93.0,93.0,93.0,93.0,93.0,93.0,93.0,93.0,93.0,93.0,93.0,93.0,93.0,93.0,93.0,93.0,93.0,93.0,93.0,93.0,93.0,93.0,93.0,93.0,93.0,93.0,93.0,93.0,93.0,93.0,93.0,93.0,93.0,93.0,93.0,93.0
1998-04-01,,,,,,,,,,,,,,,,,,,,,,,,,,,,,,,,,,,,,,,,,,,,,,,,,,,,,,,,,,,,,,,,,,,,,,,,,,,,,,,,,,,,,,,,,,,,,,,,,,,,,,,,,,,,,,,,,,,,,,,,,,,,,,,,,,,,,,,,,,,,,,,,,,,,,,,,,,,,,,,,,,,,,,,,,,,,,,,,,,,,,,,,,,,,,,,,,,,,,,
1998-05-01,,,,,,,,,,,,,,,,,,,,,,,,,,,,,,,,,,,,,,,,,,,,,,,,,,,,,,,,,,,,,,,,,,,,,,,,,,,,,,,,,,,,,,,,,,,,,,,,,,,,,,,,,,,,,,,,,,,,,,,,,,,,,,,,,,,,,,,,,,,,,,,,,,,,,,,,,,,,,,,,,,,,,,,,,,,,,,,,,,,,,,,,,,,,,,,,,,,,,,
1998-06-01,94.2,94.2,94.2,94.2,94.2,94.2,94.2,94.2,94.2,94.2,94.2,94.2,94.2,94.2,94.2,94.2,94.2,94.2,94.2,94.2,94.2,94.2,94.2,94.2,94.2,94.2,94.2,94.2,94.2,94.2,94.2,94.2,94.2,94.2,94.2,94.2,94.2,94.2,94.2,94.2,94.2,94.2,94.2,94.2,94.2,94.2,94.2,94.2,94.2,94.2,94.2,94.2,94.2,94.2,94.2,94.2,94.2,94.2,94.2,94.2,94.2,94.2,94.2,94.2,94.2,94.2,94.2,94.2,94.2,94.2,94.2,94.2,94.2,94.2,94.2,94.2,94.2,94.2,94.2,94.2,94.2,94.2,94.2,94.2,94.2,94.2,94.2,94.2,94.2,94.2,94.2,94.2,94.2,94.2,94.2,94.2,94.2,94.2,94.2,94.2,94.2,94.2,94.2,94.2,94.2,94.2,94.2,94.2,94.2,94.2,94.2,94.2,94.2,94.2,94.2,94.2,94.2,94.2,94.2,94.2,94.2,94.2,94.2,94.2,94.2,94.2,94.2,94.2,94.2,94.2,94.2,94.2,94.2,94.2,94.2,94.2,94.2,94.2,94.2,94.2,94.2,94.2,94.2,94.2,94.2,94.2,94.2,94.2,94.2,94.2,94.2,94.2,94.2,94.2,94.2,94.2,94.2,94.2,94.2,94.2,94.2,94.2,94.2,94.2,94.2,94.2,94.2,94.2,94.2,94.2,94.2,94.2,94.2,94.2,94.2,94.2,94.2,94.2,94.2,94.2,94.2,94.2,94.2,94.2,94.2,94.2,94.2,94.2,94.2,94.2,94.2,94.2,94.2,94.2,94.2,94.2,94.2,94.2
1998-07-01,,,,,,,,,,,,,,,,,,,,,,,,,,,,,,,,,,,,,,,,,,,,,,,,,,,,,,,,,,,,,,,,,,,,,,,,,,,,,,,,,,,,,,,,,,,,,,,,,,,,,,,,,,,,,,,,,,,,,,,,,,,,,,,,,,,,,,,,,,,,,,,,,,,,,,,,,,,,,,,,,,,,,,,,,,,,,,,,,,,,,,,,,,,,,,,,,,,,,,
1998-08-01,,,,,,,,,,,,,,,,,,,,,,,,,,,,,,,,,,,,,,,,,,,,,,,,,,,,,,,,,,,,,,,,,,,,,,,,,,,,,,,,,,,,,,,,,,,,,,,,,,,,,,,,,,,,,,,,,,,,,,,,,,,,,,,,,,,,,,,,,,,,,,,,,,,,,,,,,,,,,,,,,,,,,,,,,,,,,,,,,,,,,,,,,,,,,,,,,,,,,,
1998-09-01,92.8,92.8,92.8,92.8,92.8,92.8,92.8,92.8,92.8,92.8,92.8,92.8,92.8,92.8,92.8,92.8,92.8,92.8,92.8,92.8,92.8,92.8,92.8,92.8,92.8,92.8,92.8,92.8,92.8,92.8,92.8,92.8,92.8,92.8,92.8,92.8,92.8,92.8,92.8,92.8,92.8,92.8,92.8,92.8,92.8,92.8,92.8,92.8,92.8,92.8,92.8,92.8,92.8,92.8,92.8,92.8,92.8,92.8,92.8,92.8,92.8,92.8,92.8,92.8,92.8,92.8,92.8,92.8,92.8,92.8,92.8,92.8,92.8,92.8,92.8,92.8,92.8,92.8,92.8,92.8,92.8,92.8,92.8,92.8,92.8,92.8,92.8,92.8,92.8,92.8,92.8,92.8,92.8,92.8,92.8,92.8,92.8,92.8,92.8,92.8,92.8,92.8,92.8,92.8,92.8,92.8,92.8,92.8,92.8,92.8,92.8,92.8,92.8,92.8,92.8,92.8,92.8,92.8,92.8,92.8,92.8,92.8,92.8,92.8,92.8,92.8,92.8,92.8,92.8,92.8,92.8,92.8,92.8,92.8,92.8,92.8,92.8,92.8,92.8,92.8,92.8,92.8,92.8,92.8,92.8,92.8,92.8,92.8,92.8,92.8,92.8,92.8,92.8,92.8,92.8,92.8,92.8,92.8,92.8,92.8,92.8,92.8,92.8,92.8,92.8,92.8,92.8,92.8,92.8,92.8,92.8,92.8,92.8,92.8,92.8,92.8,92.8,92.8,92.8,92.8,92.8,92.8,92.8,92.8,92.8,92.8,92.8,92.8,92.8,92.8,92.8,92.8,92.8,92.8,92.8,92.8,92.8,92.8
1998-10-01,,,,,,,,,,,,,,,,,,,,,,,,,,,,,,,,,,,,,,,,,,,,,,,,,,,,,,,,,,,,,,,,,,,,,,,,,,,,,,,,,,,,,,,,,,,,,,,,,,,,,,,,,,,,,,,,,,,,,,,,,,,,,,,,,,,,,,,,,,,,,,,,,,,,,,,,,,,,,,,,,,,,,,,,,,,,,,,,,,,,,,,,,,,,,,,,,,,,,,
1998-11-01,,,,,,,,,,,,,,,,,,,,,,,,,,,,,,,,,,,,,,,,,,,,,,,,,,,,,,,,,,,,,,,,,,,,,,,,,,,,,,,,,,,,,,,,,,,,,,,,,,,,,,,,,,,,,,,,,,,,,,,,,,,,,,,,,,,,,,,,,,,,,,,,,,,,,,,,,,,,,,,,,,,,,,,,,,,,,,,,,,,,,,,,,,,,,,,,,,,,,,
1998-12-01,100.2,100.2,100.2,100.2,100.2,100.2,100.2,100.2,100.2,100.2,100.2,100.2,100.2,100.2,100.2,100.2,100.2,100.2,100.2,100.2,100.2,100.2,100.2,100.2,100.2,100.2,100.2,100.2,100.2,100.2,100.2,100.2,100.2,100.2,100.2,100.2,100.2,100.2,100.2,100.2,100.2,100.2,100.2,100.2,100.2,100.2,100.2,100.2,100.2,100.2,100.2,100.2,100.2,100.2,100.2,100.2,100.2,100.2,100.2,100.2,100.2,100.2,100.2,100.2,100.2,100.2,100.2,100.2,100.2,100.2,100.2,100.2,100.2,100.2,100.2,100.2,100.2,100.2,100.2,100.2,100.2,100.2,100.2,100.2,100.2,100.2,100.2,100.2,100.2,100.2,100.2,100.2,100.2,100.2,100.2,100.2,100.2,100.2,100.2,100.2,100.2,100.2,100.2,100.2,100.2,100.2,100.2,100.2,100.2,100.2,100.2,100.2,100.2,100.2,100.2,100.2,100.2,100.2,100.2,100.2,100.2,100.2,100.2,100.2,100.2,100.2,100.2,100.2,100.2,100.2,100.2,100.2,100.2,100.2,100.2,100.2,100.2,100.2,100.2,100.2,100.2,100.2,100.2,100.2,100.2,100.2,100.2,100.2,100.2,100.2,100.2,100.2,100.2,100.2,100.2,100.2,100.2,100.2,100.2,100.2,100.2,100.2,100.2,100.2,100.2,100.2,100.2,100.2,100.2,100.2,100.2,100.2,100.2,100.2,100.2,100.2,100.2,100.2,100.2,100.2,100.2,100.2,100.2,100.2,100.2,100.2,100.2,100.2,100.2,100.2,100.2,100.2,100.2,100.2,100.2,100.2,100.2,100.2
1999-01-01,,,,,,,,,,,,,,,,,,,,,,,,,,,,,,,,,,,,,,,,,,,,,,,,,,,,,,,,,,,,,,,,,,,,,,,,,,,,,,,,,,,,,,,,,,,,,,,,,,,,,,,,,,,,,,,,,,,,,,,,,,,,,,,,,,,,,,,,,,,,,,,,,,,,,,,,,,,,,,,,,,,,,,,,,,,,,,,,,,,,,,,,,,,,,,,,,,,,,,
1999-02-01,,,,,,,,,,,,,,,,,,,,,,,,,,,,,,,,,,,,,,,,,,,,,,,,,,,,,,,,,,,,,,,,,,,,,,,,,,,,,,,,,,,,,,,,,,,,,,,,,,,,,,,,,,,,,,,,,,,,,,,,,,,,,,,,,,,,,,,,,,,,,,,,,,,,,,,,,,,,,,,,,,,,,,,,,,,,,,,,,,,,,,,,,,,,,,,,,,,,,,
1999-03-01,101.5,101.5,101.5,101.5,101.5,101.5,101.5,101.5,101.5,101.5,101.5,101.5,101.5,101.5,101.5,101.5,101.5,101.5,101.5,101.5,101.5,101.5,101.5,101.5,101.5,101.5,101.5,101.5,101.5,101.5,101.5,101.5,101.5,101.5,101.5,101.5,101.5,101.5,101.5,101.5,101.5,101.5,101.5,101.5,101.5,101.5,101.5,101.5,101.5,101.5,101.5,101.5,101.5,101.5,101.5,101.5,101.5,101.5,101.5,101.5,101.5,101.5,101.5,101.5,101.5,101.5,101.5,101.5,101.5,101.5,101.5,101.5,101.5,101.5,101.5,101.5,101.5,101.5,101.5,101.5,101.5,101.5,101.5,101.5,101.5,101.5,101.5,101.5,101.5,101.5,101.5,101.5,101.5,101.5,101.5,101.5,101.5,101.5,101.5,101.5,101.5,101.5,101.5,101.5,101.5,101.5,101.5,101.5,101.5,101.5,101.5,101.5,101.5,101.5,101.5,101.5,101.5,101.5,101.5,101.5,101.5,101.5,101.5,101.5,101.5,101.5,101.5,101.5,101.5,101.5,101.5,101.5,101.5,101.5,101.5,101.5,101.5,101.5,101.5,101.5,101.5,101.5,101.5,101.5,101.5,101.5,101.5,101.5,101.5,101.5,101.5,101.5,101.5,101.5,101.5,101.5,101.5,101.5,101.5,101.5,101.5,101.5,101.5,101.5,101.5,101.5,101.5,101.5,101.5,101.5,101.5,101.5,101.5,101.5,101.5,101.5,101.5,101.5,101.5,101.5,101.5,101.5,101.5,101.5,101.5,101.5,101.5,101.5,101.5,101.5,101.5,101.5,101.5,101.5,101.5,101.5,101.5,101.5
1999-04-01,,,,,,,,,,,,,,,,,,,,,,,,,,,,,,,,,,,,,,,,,,,,,,,,,,,,,,,,,,,,,,,,,,,,,,,,,,,,,,,,,,,,,,,,,,,,,,,,,,,,,,,,,,,,,,,,,,,,,,,,,,,,,,,,,,,,,,,,,,,,,,,,,,,,,,,,,,,,,,,,,,,,,,,,,,,,,,,,,,,,,,,,,,,,,,,,,,,,,,
1999-05-01,,,,,,,,,,,,,,,,,,,,,,,,,,,,,,,,,,,,,,,,,,,,,,,,,,,,,,,,,,,,,,,,,,,,,,,,,,,,,,,,,,,,,,,,,,,,,,,,,,,,,,,,,,,,,,,,,,,,,,,,,,,,,,,,,,,,,,,,,,,,,,,,,,,,,,,,,,,,,,,,,,,,,,,,,,,,,,,,,,,,,,,,,,,,,,,,,,,,,,
1999-06-01,98.7,98.7,98.7,98.7,98.7,98.7,98.7,98.7,98.7,98.7,98.7,98.7,98.7,98.7,98.7,98.7,98.7,98.7,98.7,98.7,98.7,98.7,98.7,98.7,98.7,98.7,98.7,98.7,98.7,98.7,98.7,98.7,98.7,98.7,98.7,98.7,98.7,98.7,98.7,98.7,98.7,98.7,98.7,98.7,98.7,98.7,98.7,98.7,98.7,98.7,98.7,98.7,98.7,98.7,98.7,98.7,98.7,98.7,98.7,98.7,98.7,98.7,98.7,98.7,98.7,98.7,98.7,98.7,98.7,98.7,98.7,98.7,98.7,98.7,98.7,98.7,98.7,98.7,98.7,98.7,98.7,98.7,98.7,98.7,98.7,98.7,98.7,98.7,98.7,98.7,98.7,98.7,98.7,98.7,98.7,98.7,98.7,98.7,98.7,98.7,98.7,98.7,98.7,98.7,98.7,98.7,98.7,98.7,98.7,98.7,98.7,98.7,98.7,98.7,98.7,98.7,98.7,98.7,98.7,98.7,98.7,98.7,98.7,98.7,98.7,98.7,98.7,98.7,98.7,98.7,98.7,98.7,98.7,98.7,98.7,98.7,98.7,98.7,98.7,98.7,98.7,98.7,98.7,98.7,98.7,98.7,98.7,98.7,98.7,98.7,98.7,98.7,98.7,98.7,98.7,98.7,98.7,98.7,98.7,98.7,98.7,98.7,98.7,98.7,98.7,98.7,98.7,98.7,98.7,98.7,98.7,98.7,98.7,98.7,98.7,98.7,98.7,98.7,98.7,98.7,98.7,98.7,98.7,98.7,98.7,98.7,98.7,98.7,98.7,98.7,98.7,98.7,98.7,98.7,98.7,98.7,98.7,98.7
1999-07-01,,,,,,,,,,,,,,,,,,,,,,,,,,,,,,,,,,,,,,,,,,,,,,,,,,,,,,,,,,,,,,,,,,,,,,,,,,,,,,,,,,,,,,,,,,,,,,,,,,,,,,,,,,,,,,,,,,,,,,,,,,,,,,,,,,,,,,,,,,,,,,,,,,,,,,,,,,,,,,,,,,,,,,,,,,,,,,,,,,,,,,,,,,,,,,,,,,,,,,
1999-08-01,,,,,,,,,,,,,,,,,,,,,,,,,,,,,,,,,,,,,,,,,,,,,,,,,,,,,,,,,,,,,,,,,,,,,,,,,,,,,,,,,,,,,,,,,,,,,,,,,,,,,,,,,,,,,,,,,,,,,,,,,,,,,,,,,,,,,,,,,,,,,,,,,,,,,,,,,,,,,,,,,,,,,,,,,,,,,,,,,,,,,,,,,,,,,,,,,,,,,,
1999-09-01,100.6,100.6,100.6,100.6,100.6,100.6,100.6,100.6,100.6,100.6,100.6,100.6,100.6,100.6,100.6,100.6,100.6,100.6,100.6,100.6,100.6,100.6,100.6,100.6,100.6,100.6,100.6,100.6,100.6,100.6,100.6,100.6,100.6,100.6,100.6,100.6,100.6,100.6,100.6,100.6,100.6,100.6,100.6,100.6,100.6,100.6,100.6,100.6,100.6,100.6,100.6,100.6,100.6,100.6,100.6,100.6,100.6,100.6,100.6,100.6,100.6,100.6,100.6,100.6,100.6,100.6,100.6,100.6,100.6,100.6,100.6,100.6,100.6,100.6,100.6,100.6,100.6,100.6,100.6,100.6,100.6,100.6,100.6,100.6,100.6,100.6,100.6,100.6,100.6,100.6,100.6,100.6,100.6,100.6,100.6,100.6,100.6,100.6,100.6,100.6,100.6,100.6,100.6,100.6,100.6,100.6,100.6,100.6,100.6,100.6,100.6,100.6,100.6,100.6,100.6,100.6,100.6,100.6,100.6,100.6,100.6,100.6,100.6,100.6,100.6,100.6,100.6,100.6,100.6,100.6,100.6,100.6,100.6,100.6,100.6,100.6,100.6,100.6,100.6,100.6,100.6,100.6,100.6,100.6,100.6,100.6,100.6,100.6,100.6,100.6,100.6,100.6,100.6,100.6,100.6,100.6,100.6,100.6,100.6,100.6,100.6,100.6,100.6,100.6,100.6,100.6,100.6,100.6,100.6,100.6,100.6,100.6,100.6,100.6,100.6,100.6,100.6,100.6,100.6,100.6,100.6,100.6,100.6,100.6,100.6,100.6,100.6,100.6,100.6,100.6,100.6,100.6,100.6,100.6,100.6,100.6,100.6,100.6
1999-10-01,,,,,,,,,,,,,,,,,,,,,,,,,,,,,,,,,,,,,,,,,,,,,,,,,,,,,,,,,,,,,,,,,,,,,,,,,,,,,,,,,,,,,,,,,,,,,,,,,,,,,,,,,,,,,,,,,,,,,,,,,,,,,,,,,,,,,,,,,,,,,,,,,,,,,,,,,,,,,,,,,,,,,,,,,,,,,,,,,,,,,,,,,,,,,,,,,,,,,,
1999-11-01,,,,,,,,,,,,,,,,,,,,,,,,,,,,,,,,,,,,,,,,,,,,,,,,,,,,,,,,,,,,,,,,,,,,,,,,,,,,,,,,,,,,,,,,,,,,,,,,,,,,,,,,,,,,,,,,,,,,,,,,,,,,,,,,,,,,,,,,,,,,,,,,,,,,,,,,,,,,,,,,,,,,,,,,,,,,,,,,,,,,,,,,,,,,,,,,,,,,,,
1999-12-01,102.8,102.8,102.8,102.8,102.8,102.8,102.8,102.8,102.8,102.8,102.8,102.8,102.8,102.8,102.8,102.8,102.8,102.8,102.8,102.8,102.8,102.8,102.8,102.8,102.8,102.8,102.8,102.8,102.8,102.8,102.8,102.8,102.8,102.8,102.8,102.8,102.8,102.8,102.8,102.8,102.8,102.8,102.8,102.8,102.8,102.8,102.8,102.8,102.8,102.8,102.8,102.8,102.8,102.8,102.8,102.8,102.8,102.8,102.8,102.8,102.8,102.8,102.8,102.8,102.8,102.8,102.8,102.8,102.8,102.8,102.8,102.8,102.8,102.8,102.8,102.8,102.8,102.8,102.8,102.8,102.8,102.8,102.8,102.8,102.8,102.8,102.8,102.8,102.8,102.8,102.8,102.8,102.8,102.8,102.8,102.8,102.8,102.8,102.8,102.8,102.8,102.8,102.8,102.8,102.8,102.8,102.8,102.8,102.8,102.8,102.8,102.8,102.8,102.8,102.8,102.8,102.8,102.8,102.8,102.8,102.8,102.8,102.8,102.8,102.8,102.8,102.8,102.8,102.8,102.8,102.8,102.8,102.8,102.8,102.8,102.8,102.8,102.8,102.8,102.8,102.8,102.8,102.8,102.8,102.8,102.8,102.8,102.8,102.8,102.8,102.8,102.8,102.8,102.8,102.8,102.8,102.8,102.8,102.8,102.8,102.8,102.8,102.8,102.8,102.8,102.8,102.8,102.8,102.8,102.8,102.8,102.8,102.8,102.8,102.8,102.8,102.8,102.8,102.8,102.8,102.8,102.8,102.8,102.8,102.8,102.8,102.8,102.8,102.8,102.8,102.8,102.8,102.8,102.8,102.8,102.8,102.8,102.8
2000-01-01,,,,,,,,,,,,,,,,,,,,,,,,,,,,,,,,,,,,,,,,,,,,,,,,,,,,,,,,,,,,,,,,,,,,,,,,,,,,,,,,,,,,,,,,,,,,,,,,,,,,,,,,,,,,,,,,,,,,,,,,,,,,,,,,,,,,,,,,,,,,,,,,,,,,,,,,,,,,,,,,,,,,,,,,,,,,,,,,,,,,,,,,,,,,,,,,,,,,,,
2000-02-01,,,,,,,,,,,,,,,,,,,,,,,,,,,,,,,,,,,,,,,,,,,,,,,,,,,,,,,,,,,,,,,,,,,,,,,,,,,,,,,,,,,,,,,,,,,,,,,,,,,,,,,,,,,,,,,,,,,,,,,,,,,,,,,,,,,,,,,,,,,,,,,,,,,,,,,,,,,,,,,,,,,,,,,,,,,,,,,,,,,,,,,,,,,,,,,,,,,,,,
2000-03-01,100.7,100.7,100.7,100.7,100.7,100.7,100.7,100.7,100.7,100.7,100.7,100.7,100.7,100.7,100.7,100.7,100.7,100.7,100.7,100.7,100.7,100.7,100.7,100.7,100.7,100.7,100.7,100.7,100.7,100.7,100.7,100.7,100.7,100.7,100.7,100.7,100.7,100.7,100.7,100.7,100.7,100.7,100.7,100.7,100.7,100.7,100.7,100.7,100.7,100.7,100.7,100.7,100.7,100.7,100.7,100.7,100.7,100.7,100.7,100.7,100.7,100.7,100.7,100.7,100.7,100.7,100.7,100.7,100.7,100.7,100.7,100.7,100.7,100.7,100.7,100.7,100.7,100.7,100.7,100.7,100.7,100.7,100.7,100.7,100.7,100.7,100.7,100.7,100.7,100.7,100.7,100.7,100.7,100.7,100.7,100.7,100.7,100.7,100.7,100.7,100.7,100.7,100.7,100.7,100.7,100.7,100.7,100.7,100.7,100.7,100.7,100.7,100.7,100.7,100.7,100.7,100.7,100.7,100.7,100.7,100.7,100.7,100.7,100.7,100.7,100.7,100.7,100.7,100.7,100.7,100.7,100.7,100.7,100.7,100.7,100.7,100.7,100.7,100.7,100.7,100.7,100.7,100.7,100.7,100.7,100.7,100.7,100.7,100.7,100.7,100.7,100.7,100.7,100.7,100.7,100.7,100.7,100.7,100.7,100.7,100.7,100.7,100.7,100.7,100.7,100.7,100.7,100.7,100.7,100.7,100.7,100.7,100.7,100.7,100.7,100.7,100.7,100.7,100.7,100.7,100.7,100.7,100.7,100.7,100.7,100.7,100.7,100.7,100.7,100.7,100.7,100.7,100.7,100.7,100.7,100.7,100.7,100.7
2000-04-01,,,,,,,,,,,,,,,,,,,,,,,,,,,,,,,,,,,,,,,,,,,,,,,,,,,,,,,,,,,,,,,,,,,,,,,,,,,,,,,,,,,,,,,,,,,,,,,,,,,,,,,,,,,,,,,,,,,,,,,,,,,,,,,,,,,,,,,,,,,,,,,,,,,,,,,,,,,,,,,,,,,,,,,,,,,,,,,,,,,,,,,,,,,,,,,,,,,,,,
2000-05-01,,,,,,,,,,,,,,,,,,,,,,,,,,,,,,,,,,,,,,,,,,,,,,,,,,,,,,,,,,,,,,,,,,,,,,,,,,,,,,,,,,,,,,,,,,,,,,,,,,,,,,,,,,,,,,,,,,,,,,,,,,,,,,,,,,,,,,,,,,,,,,,,,,,,,,,,,,,,,,,,,,,,,,,,,,,,,,,,,,,,,,,,,,,,,,,,,,,,,,
2000-06-01,100.1,100.1,100.1,100.1,100.1,100.1,100.1,100.1,100.1,100.1,100.1,100.1,100.1,100.1,100.1,100.1,100.1,100.1,100.1,100.1,100.1,100.1,100.1,100.1,100.1,100.1,100.1,100.1,100.1,100.1,100.1,100.1,100.1,100.1,100.1,100.1,100.1,100.1,100.1,100.1,100.1,100.1,100.1,100.1,100.1,100.1,100.1,100.1,100.1,100.1,100.1,100.1,100.1,100.1,100.1,100.1,100.1,100.1,100.1,100.1,100.1,100.1,100.1,100.1,100.1,100.1,100.1,100.1,100.1,100.1,100.1,100.1,100.1,100.1,100.1,100.1,100.1,100.1,100.1,100.1,100.1,100.1,100.1,100.1,100.1,100.1,100.1,100.1,100.1,100.1,100.1,100.1,100.1,100.1,100.1,100.1,100.1,100.1,100.1,100.1,100.1,100.1,100.1,100.1,100.1,100.1,100.1,100.1,100.1,100.1,100.1,100.1,100.1,100.1,100.1,100.1,100.1,100.1,100.1,100.1,100.1,100.1,100.1,100.1,100.1,100.1,100.1,100.1,100.1,100.1,100.1,100.1,100.1,100.1,100.1,100.1,100.1,100.1,100.1,100.1,100.1,100.1,100.1,100.1,100.1,100.1,100.1,100.1,100.1,100.1,100.1,100.1,100.1,100.1,100.1,100.1,100.1,100.1,100.1,100.1,100.1,100.1,100.1,100.1,100.1,100.1,100.1,100.1,100.1,100.1,100.1,100.1,100.1,100.1,100.1,100.1,100.1,100.1,100.1,100.1,100.1,100.1,100.1,100.1,100.1,100.1,100.1,100.1,100.1,100.1,100.1,100.1,100.1,100.1,100.1,100.1,100.1,100.1
2000-07-01,,,,,,,,,,,,,,,,,,,,,,,,,,,,,,,,,,,,,,,,,,,,,,,,,,,,,,,,,,,,,,,,,,,,,,,,,,,,,,,,,,,,,,,,,,,,,,,,,,,,,,,,,,,,,,,,,,,,,,,,,,,,,,,,,,,,,,,,,,,,,,,,,,,,,,,,,,,,,,,,,,,,,,,,,,,,,,,,,,,,,,,,,,,,,,,,,,,,,,
2000-08-01,,,,,,,,,,,,,,,,,,,,,,,,,,,,,,,,,,,,,,,,,,,,,,,,,,,,,,,,,,,,,,,,,,,,,,,,,,,,,,,,,,,,,,,,,,,,,,,,,,,,,,,,,,,,,,,,,,,,,,,,,,,,,,,,,,,,,,,,,,,,,,,,,,,,,,,,,,,,,,,,,,,,,,,,,,,,,,,,,,,,,,,,,,,,,,,,,,,,,,
2000-09-01,100.2,100.2,100.2,100.2,100.2,100.2,100.2,100.2,100.2,100.2,100.2,100.2,100.2,100.2,100.2,100.2,100.2,100.2,100.2,100.2,100.2,100.2,100.2,100.2,100.2,100.2,100.2,100.2,100.2,100.2,100.2,100.2,100.2,100.2,100.2,100.2,100.2,100.2,100.2,100.2,100.2,100.2,100.2,100.2,100.2,100.2,100.2,100.2,100.2,100.2,100.2,100.2,100.2,100.2,100.2,100.2,100.2,100.2,100.2,100.2,100.2,100.2,100.2,100.2,100.2,100.2,100.2,100.2,100.2,100.2,100.2,100.2,100.2,100.2,100.2,100.2,100.2,100.2,100.2,100.2,100.2,100.2,100.2,100.2,100.2,100.2,100.2,100.2,100.2,100.2,100.2,100.2,100.2,100.2,100.2,100.2,100.2,100.2,100.2,100.2,100.2,100.2,100.2,100.2,100.2,100.2,100.2,100.2,100.2,100.2,100.2,100.2,100.2,100.2,100.2,100.2,100.2,100.2,100.2,100.2,100.2,100.2,100.2,100.2,100.2,100.2,100.2,100.2,100.2,100.2,100.2,100.2,100.2,100.2,100.2,100.2,100.2,100.2,100.2,100.2,100.2,100.2,100.2,100.2,100.2,100.2,100.2,100.2,100.2,100.2,100.2,100.2,100.2,100.2,100.2,100.2,100.2,100.2,100.2,100.2,100.2,100.2,100.2,100.2,100.2,100.2,100.2,100.2,100.2,100.2,100.2,100.2,100.2,100.2,100.2,100.2,100.2,100.2,100.2,100.2,100.2,100.2,100.2,100.2,100.2,100.2,100.2,100.2,100.2,100.2,100.2,100.2,100.2,100.2,100.2,100.2,100.2,100.2
2000-10-01,,,,,,,,,,,,,,,,,,,,,,,,,,,,,,,,,,,,,,,,,,,,,,,,,,,,,,,,,,,,,,,,,,,,,,,,,,,,,,,,,,,,,,,,,,,,,,,,,,,,,,,,,,,,,,,,,,,,,,,,,,,,,,,,,,,,,,,,,,,,,,,,,,,,,,,,,,,,,,,,,,,,,,,,,,,,,,,,,,,,,,,,,,,,,,,,,,,,,,
2000-11-01,,,,,,,,,,,,,,,,,,,,,,,,,,,,,,,,,,,,,,,,,,,,,,,,,,,,,,,,,,,,,,,,,,,,,,,,,,,,,,,,,,,,,,,,,,,,,,,,,,,,,,,,,,,,,,,,,,,,,,,,,,,,,,,,,,,,,,,,,,,,,,,,,,,,,,,,,,,,,,,,,,,,,,,,,,,,,,,,,,,,,,,,,,,,,,,,,,,,,,
2000-12-01,99.0,99.0,99.0,99.0,99.0,99.0,99.0,99.0,99.0,99.0,99.0,99.0,99.0,99.0,99.0,99.0,99.0,99.0,99.0,99.0,99.0,99.0,99.0,99.0,99.0,99.0,99.0,99.0,99.0,99.0,99.0,99.0,99.0,99.0,99.0,99.0,99.0,99.0,99.0,99.0,99.0,99.0,99.0,99.0,99.0,99.0,99.0,99.0,99.0,99.0,99.0,99.0,99.0,99.0,99.0,99.0,99.0,99.0,99.0,99.0,99.0,99.0,99.0,99.0,99.0,99.0,99.0,99.0,99.0,99.0,99.0,99.0,99.0,99.0,99.0,99.0,99.0,99.0,99.0,99.0,99.0,99.0,99.0,99.0,99.0,99.0,99.0,99.0,99.0,99.0,99.0,99.0,99.0,99.0,99.0,99.0,99.0,99.0,99.0,99.0,99.0,99.0,99.0,99.0,99.0,99.0,99.0,99.0,99.0,99.0,99.0,99.0,99.0,99.0,99.0,99.0,99.0,99.0,99.0,99.0,99.0,99.0,99.0,99.0,99.0,99.0,99.0,99.0,99.0,99.0,99.0,99.0,99.0,99.0,99.0,99.0,99.0,99.0,99.0,99.0,99.0,99.0,99.0,99.0,99.0,99.0,99.0,99.0,99.0,99.0,99.0,99.0,99.0,99.0,99.0,99.0,99.0,99.0,99.0,99.0,99.0,99.0,99.0,99.0,99.0,99.0,99.0,99.0,99.0,99.0,99.0,99.0,99.0,99.0,99.0,99.0,99.0,99.0,99.0,99.0,99.0,99.0,99.0,99.0,99.0,99.0,99.0,99.0,99.0,99.0,99.0,99.0,99.0,99.0,99.0,99.0,99.0,99.0
2001-01-01,,,,,,,,,,,,,,,,,,,,,,,,,,,,,,,,,,,,,,,,,,,,,,,,,,,,,,,,,,,,,,,,,,,,,,,,,,,,,,,,,,,,,,,,,,,,,,,,,,,,,,,,,,,,,,,,,,,,,,,,,,,,,,,,,,,,,,,,,,,,,,,,,,,,,,,,,,,,,,,,,,,,,,,,,,,,,,,,,,,,,,,,,,,,,,,,,,,,,,
2001-02-01,,,,,,,,,,,,,,,,,,,,,,,,,,,,,,,,,,,,,,,,,,,,,,,,,,,,,,,,,,,,,,,,,,,,,,,,,,,,,,,,,,,,,,,,,,,,,,,,,,,,,,,,,,,,,,,,,,,,,,,,,,,,,,,,,,,,,,,,,,,,,,,,,,,,,,,,,,,,,,,,,,,,,,,,,,,,,,,,,,,,,,,,,,,,,,,,,,,,,,
2001-03-01,98.9,98.9,98.9,98.9,98.9,98.9,98.9,98.9,98.9,98.9,98.9,98.9,98.9,98.9,98.9,98.9,98.9,98.9,98.9,98.9,98.9,98.9,98.9,98.9,98.9,98.9,98.9,98.9,98.9,98.9,98.9,98.9,98.9,98.9,98.9,98.9,98.9,98.9,98.9,98.9,98.9,98.9,98.9,98.9,98.9,98.9,98.9,98.9,98.9,98.9,98.9,98.9,98.9,98.9,98.9,98.9,98.9,98.9,98.9,98.9,98.9,98.9,98.9,98.9,98.9,98.9,98.9,98.9,98.9,98.9,98.9,98.9,98.9,98.9,98.9,98.9,98.9,98.9,98.9,98.9,98.9,98.9,98.9,98.9,98.9,98.9,98.9,98.9,98.9,98.9,98.9,98.9,98.9,98.9,98.9,98.9,98.9,98.9,98.9,98.9,98.9,98.9,98.9,98.9,98.9,98.9,98.9,98.9,98.9,98.9,98.9,98.9,98.9,98.9,98.9,98.9,98.9,98.9,98.9,98.9,98.9,98.9,98.9,98.9,98.9,98.9,98.9,98.9,98.9,98.9,98.9,98.9,98.9,98.9,98.9,98.9,98.9,98.9,98.9,98.9,98.9,98.9,98.9,98.9,98.9,98.9,98.9,98.9,98.9,98.9,98.9,98.9,98.9,98.9,98.9,98.9,98.9,98.9,98.9,98.9,98.9,98.9,98.9,98.9,98.9,98.9,98.9,98.9,98.9,98.9,98.9,98.9,98.9,98.9,98.9,98.9,98.9,98.9,98.9,98.9,98.9,98.9,98.9,98.9,98.9,98.9,98.9,98.9,98.9,98.9,98.9,98.9,98.9,98.9,98.9,98.9,98.9,98.9
2001-04-01,,,,,,,,,,,,,,,,,,,,,,,,,,,,,,,,,,,,,,,,,,,,,,,,,,,,,,,,,,,,,,,,,,,,,,,,,,,,,,,,,,,,,,,,,,,,,,,,,,,,,,,,,,,,,,,,,,,,,,,,,,,,,,,,,,,,,,,,,,,,,,,,,,,,,,,,,,,,,,,,,,,,,,,,,,,,,,,,,,,,,,,,,,,,,,,,,,,,,,
2001-05-01,,,,,,,,,,,,,,,,,,,,,,,,,,,,,,,,,,,,,,,,,,,,,,,,,,,,,,,,,,,,,,,,,,,,,,,,,,,,,,,,,,,,,,,,,,,,,,,,,,,,,,,,,,,,,,,,,,,,,,,,,,,,,,,,,,,,,,,,,,,,,,,,,,,,,,,,,,,,,,,,,,,,,,,,,,,,,,,,,,,,,,,,,,,,,,,,,,,,,,
2001-06-01,96.0,96.0,96.0,96.0,96.0,96.0,96.0,96.0,96.0,96.0,96.0,96.0,96.0,96.0,96.0,96.0,96.0,96.0,96.0,96.0,96.0,96.0,96.0,96.0,96.0,96.0,96.0,96.0,96.0,96.0,96.0,96.0,96.0,96.0,96.0,96.0,96.0,96.0,96.0,96.0,96.0,96.0,96.0,96.0,96.0,96.0,96.0,96.0,96.0,96.0,96.0,96.0,96.0,96.0,96.0,96.0,96.0,96.0,96.0,96.0,96.0,96.0,96.0,96.0,96.0,96.0,96.0,96.0,96.0,96.0,96.0,96.0,96.0,96.0,96.0,96.0,96.0,96.0,96.0,96.0,96.0,96.0,96.0,96.0,96.0,96.0,96.0,96.0,96.0,96.0,96.0,96.0,96.0,96.0,96.0,96.0,96.0,96.0,96.0,96.0,96.0,96.0,96.0,96.0,96.0,96.0,96.0,96.0,96.0,96.0,96.0,96.0,96.0,96.0,96.0,96.0,96.0,96.0,96.0,96.0,96.0,96.0,96.0,96.0,96.0,96.0,96.0,96.0,96.0,96.0,96.0,96.0,96.0,96.0,96.0,96.0,96.0,96.0,96.0,96.0,96.0,96.0,96.0,96.0,96.0,96.0,96.0,96.0,96.0,96.0,96.0,96.0,96.0,96.0,96.0,96.0,96.0,96.0,96.0,96.0,96.0,96.0,96.0,96.0,96.0,96.0,96.0,96.0,96.0,96.0,96.0,96.0,96.0,96.0,96.0,96.0,96.0,96.0,96.0,96.0,96.0,96.0,96.0,96.0,96.0,96.0,96.0,96.0,96.0,96.0,96.0,96.0,96.0,96.0,96.0,96.0,96.0,96.0
2001-07-01,,,,,,,,,,,,,,,,,,,,,,,,,,,,,,,,,,,,,,,,,,,,,,,,,,,,,,,,,,,,,,,,,,,,,,,,,,,,,,,,,,,,,,,,,,,,,,,,,,,,,,,,,,,,,,,,,,,,,,,,,,,,,,,,,,,,,,,,,,,,,,,,,,,,,,,,,,,,,,,,,,,,,,,,,,,,,,,,,,,,,,,,,,,,,,,,,,,,,,
2001-08-01,,,,,,,,,,,,,,,,,,,,,,,,,,,,,,,,,,,,,,,,,,,,,,,,,,,,,,,,,,,,,,,,,,,,,,,,,,,,,,,,,,,,,,,,,,,,,,,,,,,,,,,,,,,,,,,,,,,,,,,,,,,,,,,,,,,,,,,,,,,,,,,,,,,,,,,,,,,,,,,,,,,,,,,,,,,,,,,,,,,,,,,,,,,,,,,,,,,,,,
2001-09-01,95.9,95.9,95.9,95.9,95.9,95.9,95.9,95.9,95.9,95.9,95.9,95.9,95.9,95.9,95.9,95.9,95.9,95.9,95.9,95.9,95.9,95.9,95.9,95.9,95.9,95.9,95.9,95.9,95.9,95.9,95.9,95.9,95.9,95.9,95.9,95.9,95.9,95.9,95.9,95.9,95.9,95.9,95.9,95.9,95.9,95.9,95.9,95.9,95.9,95.9,95.9,95.9,95.9,95.9,95.9,95.9,95.9,95.9,95.9,95.9,95.9,95.9,95.9,95.9,95.9,95.9,95.9,95.9,95.9,95.9,95.9,95.9,95.9,95.9,95.9,95.9,95.9,95.9,95.9,95.9,95.9,95.9,95.9,95.9,95.9,95.9,95.9,95.9,95.9,95.9,95.9,95.9,95.9,95.9,95.9,95.9,95.9,95.9,95.9,95.9,95.9,95.9,95.9,95.9,95.9,95.9,95.9,95.9,95.9,95.9,95.9,95.9,95.9,95.9,95.9,95.9,95.9,95.9,95.9,95.9,95.9,95.9,95.9,95.9,95.9,95.9,95.9,95.9,95.9,95.9,95.9,95.9,95.9,95.9,95.9,95.9,95.9,95.9,95.9,95.9,95.9,95.9,95.9,95.9,95.9,95.9,95.9,95.9,95.9,95.9,95.9,95.9,95.9,95.9,95.9,95.9,95.9,95.9,95.9,95.9,95.9,95.9,95.9,95.9,95.9,95.9,95.9,95.9,95.9,95.9,95.9,95.9,95.9,95.9,95.9,95.9,95.9,95.9,95.9,95.9,95.9,95.9,95.9,95.9,95.9,95.9,95.9,95.9,95.9,95.9,95.9,95.9,95.9,95.9,95.9,95.9,95.9,95.9
2001-10-01,,,,,,,,,,,,,,,,,,,,,,,,,,,,,,,,,,,,,,,,,,,,,,,,,,,,,,,,,,,,,,,,,,,,,,,,,,,,,,,,,,,,,,,,,,,,,,,,,,,,,,,,,,,,,,,,,,,,,,,,,,,,,,,,,,,,,,,,,,,,,,,,,,,,,,,,,,,,,,,,,,,,,,,,,,,,,,,,,,,,,,,,,,,,,,,,,,,,,,
2001-11-01,,,,,,,,,,,,,,,,,,,,,,,,,,,,,,,,,,,,,,,,,,,,,,,,,,,,,,,,,,,,,,,,,,,,,,,,,,,,,,,,,,,,,,,,,,,,,,,,,,,,,,,,,,,,,,,,,,,,,,,,,,,,,,,,,,,,,,,,,,,,,,,,,,,,,,,,,,,,,,,,,,,,,,,,,,,,,,,,,,,,,,,,,,,,,,,,,,,,,,
2001-12-01,95.6,95.6,95.6,95.6,95.6,95.6,95.6,95.6,95.6,95.6,95.6,95.6,95.6,95.6,95.6,95.6,95.6,95.6,95.6,95.6,95.6,95.6,95.6,95.6,95.6,95.6,95.6,95.6,95.6,95.6,95.6,95.6,95.6,95.6,95.6,95.6,95.6,95.6,95.6,95.6,95.6,95.6,95.6,95.6,95.6,95.6,95.6,95.6,95.6,95.6,95.6,95.6,95.6,95.6,95.6,95.6,95.6,95.6,95.6,95.6,95.6,95.6,95.6,95.6,95.6,95.6,95.6,95.6,95.6,95.6,95.6,95.6,95.6,95.6,95.6,95.6,95.6,95.6,95.6,95.6,95.6,95.6,95.6,95.6,95.6,95.6,95.6,95.6,95.6,95.6,95.6,95.6,95.6,95.6,95.6,95.6,95.6,95.6,95.6,95.6,95.6,95.6,95.6,95.6,95.6,95.6,95.6,95.6,95.6,95.6,95.6,95.6,95.6,95.6,95.6,95.6,95.6,95.6,95.6,95.6,95.6,95.6,95.6,95.6,95.6,95.6,95.6,95.6,95.6,95.6,95.6,95.6,95.6,95.6,95.6,95.6,95.6,95.6,95.6,95.6,95.6,95.6,95.6,95.6,95.6,95.6,95.6,95.6,95.6,95.6,95.6,95.6,95.6,95.6,95.6,95.6,95.6,95.6,95.6,95.6,95.6,95.6,95.6,95.6,95.6,95.6,95.6,95.6,95.6,95.6,95.6,95.6,95.6,95.6,95.6,95.6,95.6,95.6,95.6,95.6,95.6,95.6,95.6,95.6,95.6,95.6,95.6,95.6,95.6,95.6,95.6,95.6,95.6,95.6,95.6,95.6,95.6,95.6
2002-01-01,,,,,,,,,,,,,,,,,,,,,,,,,,,,,,,,,,,,,,,,,,,,,,,,,,,,,,,,,,,,,,,,,,,,,,,,,,,,,,,,,,,,,,,,,,,,,,,,,,,,,,,,,,,,,,,,,,,,,,,,,,,,,,,,,,,,,,,,,,,,,,,,,,,,,,,,,,,,,,,,,,,,,,,,,,,,,,,,,,,,,,,,,,,,,,,,,,,,,,
2002-02-01,,,,,,,,,,,,,,,,,,,,,,,,,,,,,,,,,,,,,,,,,,,,,,,,,,,,,,,,,,,,,,,,,,,,,,,,,,,,,,,,,,,,,,,,,,,,,,,,,,,,,,,,,,,,,,,,,,,,,,,,,,,,,,,,,,,,,,,,,,,,,,,,,,,,,,,,,,,,,,,,,,,,,,,,,,,,,,,,,,,,,,,,,,,,,,,,,,,,,,
2002-03-01,96.7,96.7,96.7,96.7,96.7,96.7,96.7,96.7,96.7,96.7,96.7,96.7,96.7,96.7,96.7,96.7,96.7,96.7,96.7,96.7,96.7,96.7,96.7,96.7,96.7,96.7,96.7,96.7,96.7,96.7,96.7,96.7,96.7,96.7,96.7,96.7,96.7,96.7,96.7,96.7,96.7,96.7,96.7,96.7,96.7,96.7,96.7,96.7,96.7,96.7,96.7,96.7,96.7,96.7,96.7,96.7,96.7,96.7,96.7,96.7,96.7,96.7,96.7,96.7,96.7,96.7,96.7,96.7,96.7,96.7,96.7,96.7,96.7,96.7,96.7,96.7,96.7,96.7,96.7,96.7,96.7,96.7,96.7,96.7,96.7,96.7,96.7,96.7,96.7,96.7,96.7,96.7,96.7,96.7,96.7,96.7,96.7,96.7,96.7,96.7,96.7,96.7,96.7,96.7,96.7,96.7,96.7,96.7,96.7,96.7,96.7,96.7,96.7,96.7,96.7,96.7,96.7,96.7,96.7,96.7,96.7,96.7,96.7,96.7,96.7,96.7,96.7,96.7,96.7,96.7,96.7,96.7,96.7,96.7,96.7,96.7,96.7,96.7,96.7,96.7,96.7,96.7,96.7,96.7,96.7,96.7,96.7,96.7,96.7,96.7,96.7,96.7,96.7,96.7,96.7,96.7,96.7,96.7,96.7,96.7,96.7,96.7,96.7,96.7,96.7,96.7,96.7,96.7,96.7,96.7,96.7,96.7,96.7,96.7,96.7,96.7,96.7,96.7,96.7,96.7,96.7,96.7,96.7,96.7,96.7,96.7,96.7,96.7,96.7,96.7,96.7,96.7,96.7,96.7,96.7,96.7,96.7,96.7
2002-04-01,,,,,,,,,,,,,,,,,,,,,,,,,,,,,,,,,,,,,,,,,,,,,,,,,,,,,,,,,,,,,,,,,,,,,,,,,,,,,,,,,,,,,,,,,,,,,,,,,,,,,,,,,,,,,,,,,,,,,,,,,,,,,,,,,,,,,,,,,,,,,,,,,,,,,,,,,,,,,,,,,,,,,,,,,,,,,,,,,,,,,,,,,,,,,,,,,,,,,,
2002-05-01,,,,,,,,,,,,,,,,,,,,,,,,,,,,,,,,,,,,,,,,,,,,,,,,,,,,,,,,,,,,,,,,,,,,,,,,,,,,,,,,,,,,,,,,,,,,,,,,,,,,,,,,,,,,,,,,,,,,,,,,,,,,,,,,,,,,,,,,,,,,,,,,,,,,,,,,,,,,,,,,,,,,,,,,,,,,,,,,,,,,,,,,,,,,,,,,,,,,,,
2002-06-01,99.7,99.7,99.7,99.7,99.7,99.7,99.7,99.7,99.7,99.7,99.7,99.7,99.7,99.7,99.7,99.7,99.7,99.7,99.7,99.7,99.7,99.7,99.7,99.7,99.7,99.7,99.7,99.7,99.7,99.7,99.7,99.7,99.7,99.7,99.7,99.7,99.7,99.7,99.7,99.7,99.7,99.7,99.7,99.7,99.7,99.7,99.7,99.7,99.7,99.7,99.7,99.7,99.7,99.7,99.7,99.7,99.7,99.7,99.7,99.7,99.7,99.7,99.7,99.7,99.7,99.7,99.7,99.7,99.7,99.7,99.7,99.7,99.7,99.7,99.7,99.7,99.7,99.7,99.7,99.7,99.7,99.7,99.7,99.7,99.7,99.7,99.7,99.7,99.7,99.7,99.7,99.7,99.7,99.7,99.7,99.7,99.7,99.7,99.7,99.7,99.7,99.7,99.7,99.7,99.7,99.7,99.7,99.7,99.7,99.7,99.7,99.7,99.7,99.7,99.7,99.7,99.7,99.7,99.7,99.7,99.7,99.7,99.7,99.7,99.7,99.7,99.7,99.7,99.7,99.7,99.7,99.7,99.7,99.7,99.7,99.7,99.7,99.7,99.7,99.7,99.7,99.7,99.7,99.7,99.7,99.7,99.7,99.7,99.7,99.7,99.7,99.7,99.7,99.7,99.7,99.7,99.7,99.7,99.7,99.7,99.7,99.7,99.7,99.7,99.7,99.7,99.7,99.7,99.7,99.7,99.7,99.7,99.7,99.7,99.7,99.7,99.7,99.7,99.7,99.7,99.7,99.7,99.7,99.7,99.7,99.7,99.7,99.7,99.7,99.7,99.7,99.7,99.7,99.7,99.7,99.7,99.7,99.7
2002-07-01,,,,,,,,,,,,,,,,,,,,,,,,,,,,,,,,,,,,,,,,,,,,,,,,,,,,,,,,,,,,,,,,,,,,,,,,,,,,,,,,,,,,,,,,,,,,,,,,,,,,,,,,,,,,,,,,,,,,,,,,,,,,,,,,,,,,,,,,,,,,,,,,,,,,,,,,,,,,,,,,,,,,,,,,,,,,,,,,,,,,,,,,,,,,,,,,,,,,,,
2002-08-01,,,,,,,,,,,,,,,,,,,,,,,,,,,,,,,,,,,,,,,,,,,,,,,,,,,,,,,,,,,,,,,,,,,,,,,,,,,,,,,,,,,,,,,,,,,,,,,,,,,,,,,,,,,,,,,,,,,,,,,,,,,,,,,,,,,,,,,,,,,,,,,,,,,,,,,,,,,,,,,,,,,,,,,,,,,,,,,,,,,,,,,,,,,,,,,,,,,,,,
2002-09-01,101.2,101.2,101.2,101.2,101.2,101.2,101.2,101.2,101.2,101.2,101.2,101.2,101.2,101.2,101.2,101.2,101.2,101.2,101.2,101.2,101.2,101.2,101.2,101.2,101.2,101.2,101.2,101.2,101.2,101.2,101.2,101.2,101.2,101.2,101.2,101.2,101.2,101.2,101.2,101.2,101.2,101.2,101.2,101.2,101.2,101.2,101.2,101.2,101.2,101.2,101.2,101.2,101.2,101.2,101.2,101.2,101.2,101.2,101.2,101.2,101.2,101.2,101.2,101.2,101.2,101.2,101.2,101.2,101.2,101.2,101.2,101.2,101.2,101.2,101.2,101.2,101.2,101.2,101.2,101.2,101.2,101.2,101.2,101.2,101.2,101.2,101.2,101.2,101.2,101.2,101.2,101.2,101.2,101.2,101.2,101.2,101.2,101.2,101.2,101.2,101.2,101.2,101.2,101.2,101.2,101.2,101.2,101.2,101.2,101.2,101.2,101.2,101.2,101.2,101.2,101.2,101.2,101.2,101.2,101.2,101.2,101.2,101.2,101.2,101.2,101.2,101.2,101.2,101.2,101.2,101.2,101.2,101.2,101.2,101.2,101.2,101.2,101.2,101.2,101.2,101.2,101.2,101.2,101.2,101.2,101.2,101.2,101.2,101.2,101.2,101.2,101.2,101.2,101.2,101.2,101.2,101.2,101.2,101.2,101.2,101.2,101.2,101.2,101.2,101.2,101.2,101.2,101.2,101.2,101.2,101.2,101.2,101.2,101.2,101.2,101.2,101.2,101.2,101.2,101.2,101.2,101.2,101.2,101.2,101.2,101.2,101.2,101.2,101.2,101.2,101.2,101.2,101.2,101.2,101.2,101.2,101.2,101.2
2002-10-01,,,,,,,,,,,,,,,,,,,,,,,,,,,,,,,,,,,,,,,,,,,,,,,,,,,,,,,,,,,,,,,,,,,,,,,,,,,,,,,,,,,,,,,,,,,,,,,,,,,,,,,,,,,,,,,,,,,,,,,,,,,,,,,,,,,,,,,,,,,,,,,,,,,,,,,,,,,,,,,,,,,,,,,,,,,,,,,,,,,,,,,,,,,,,,,,,,,,,,
2002-11-01,,,,,,,,,,,,,,,,,,,,,,,,,,,,,,,,,,,,,,,,,,,,,,,,,,,,,,,,,,,,,,,,,,,,,,,,,,,,,,,,,,,,,,,,,,,,,,,,,,,,,,,,,,,,,,,,,,,,,,,,,,,,,,,,,,,,,,,,,,,,,,,,,,,,,,,,,,,,,,,,,,,,,,,,,,,,,,,,,,,,,,,,,,,,,,,,,,,,,,
2002-12-01,106.9,106.9,106.9,106.9,106.9,106.9,106.9,106.9,106.9,106.9,106.9,106.9,106.9,106.9,106.9,106.9,106.9,106.9,106.9,106.9,106.9,106.9,106.9,106.9,106.9,106.9,106.9,106.9,106.9,106.9,106.9,106.9,106.9,106.9,106.9,106.9,106.9,106.9,106.9,106.9,106.9,106.9,106.9,106.9,106.9,106.9,106.9,106.9,106.9,106.9,106.9,106.9,106.9,106.9,106.9,106.9,106.9,106.9,106.9,106.9,106.9,106.9,106.9,106.9,106.9,106.9,106.9,106.9,106.9,106.9,106.9,106.9,106.9,106.9,106.9,106.9,106.9,106.9,106.9,106.9,106.9,106.9,106.9,106.9,106.9,106.9,106.9,106.9,106.9,106.9,106.9,106.9,106.9,106.9,106.9,106.9,106.9,106.9,106.9,106.9,106.9,106.9,106.9,106.9,106.9,106.9,106.9,106.9,106.9,106.9,106.9,106.9,106.9,106.9,106.9,106.9,106.9,106.9,106.9,106.9,106.9,106.9,106.9,106.9,106.9,106.9,106.9,106.9,106.9,106.9,106.9,106.9,106.9,106.9,106.9,106.9,106.9,106.9,106.9,106.9,106.9,106.9,106.9,106.9,106.9,106.9,106.9,106.9,106.9,106.9,106.9,106.9,106.9,106.9,106.9,106.9,106.9,106.9,106.9,106.9,106.9,106.9,106.9,106.9,106.9,106.9,106.9,106.9,106.9,106.9,106.9,106.9,106.9,106.9,106.9,106.9,106.9,106.9,106.9,106.9,106.9,106.9,106.9,106.9,106.9,106.9,106.9,106.9,106.9,106.9,106.9,106.9,106.9,106.9,106.9,106.9,106.9,106.9
2003-01-01,,,,,,,,,,,,,,,,,,,,,,,,,,,,,,,,,,,,,,,,,,,,,,,,,,,,,,,,,,,,,,,,,,,,,,,,,,,,,,,,,,,,,,,,,,,,,,,,,,,,,,,,,,,,,,,,,,,,,,,,,,,,,,,,,,,,,,,,,,,,,,,,,,,,,,,,,,,,,,,,,,,,,,,,,,,,,,,,,,,,,,,,,,,,,,,,,,,,,,
2003-02-01,,,,,,,,,,,,,,,,,,,,,,,,,,,,,,,,,,,,,,,,,,,,,,,,,,,,,,,,,,,,,,,,,,,,,,,,,,,,,,,,,,,,,,,,,,,,,,,,,,,,,,,,,,,,,,,,,,,,,,,,,,,,,,,,,,,,,,,,,,,,,,,,,,,,,,,,,,,,,,,,,,,,,,,,,,,,,,,,,,,,,,,,,,,,,,,,,,,,,,
2003-03-01,110.2,110.2,110.2,110.2,110.2,110.2,110.2,110.2,110.2,110.2,110.2,110.2,110.2,110.2,110.2,110.2,110.2,110.2,110.2,110.2,110.2,110.2,110.2,110.2,110.2,110.2,110.2,110.2,110.2,110.2,110.2,110.2,110.2,110.2,110.2,110.2,110.2,110.2,110.2,110.2,110.2,110.2,110.2,110.2,110.2,110.2,110.2,110.2,110.2,110.2,110.2,110.2,110.2,110.2,110.2,110.2,110.2,110.2,110.2,110.2,110.2,110.2,110.2,110.2,110.2,110.2,110.2,110.2,110.2,110.2,110.2,110.2,110.2,110.2,110.2,110.2,110.2,110.2,110.2,110.2,110.2,110.2,110.2,110.2,110.2,110.2,110.2,110.2,110.2,110.2,110.2,110.2,110.2,110.2,110.2,110.2,110.2,110.2,110.2,110.2,110.2,110.2,110.2,110.2,110.2,110.2,110.2,110.2,110.2,110.2,110.2,110.2,110.2,110.2,110.2,110.2,110.2,110.2,110.2,110.2,110.2,110.2,110.2,110.2,110.2,110.2,110.2,110.2,110.2,110.2,110.2,110.2,110.2,110.2,110.2,110.2,110.2,110.2,110.2,110.2,110.2,110.2,110.2,110.2,110.2,110.2,110.2,110.2,110.2,110.2,110.2,110.2,110.2,110.2,110.2,110.2,110.2,110.2,110.2,110.2,110.2,110.2,110.2,110.2,110.2,110.2,110.2,110.2,110.2,110.2,110.2,110.2,110.2,110.2,110.2,110.2,110.2,110.2,110.2,110.2,110.2,110.2,110.2,110.2,110.2,110.2,110.2,110.2,110.2,110.2,110.2,110.2,110.2,110.2,110.2,110.2,110.2,110.2
2003-04-01,,,,,,,,,,,,,,,,,,,,,,,,,,,,,,,,,,,,,,,,,,,,,,,,,,,,,,,,,,,,,,,,,,,,,,,,,,,,,,,,,,,,,,,,,,,,,,,,,,,,,,,,,,,,,,,,,,,,,,,,,,,,,,,,,,,,,,,,,,,,,,,,,,,,,,,,,,,,,,,,,,,,,,,,,,,,,,,,,,,,,,,,,,,,,,,,,,,,,,
2003-05-01,,,,,,,,,,,,,,,,,,,,,,,,,,,,,,,,,,,,,,,,,,,,,,,,,,,,,,,,,,,,,,,,,,,,,,,,,,,,,,,,,,,,,,,,,,,,,,,,,,,,,,,,,,,,,,,,,,,,,,,,,,,,,,,,,,,,,,,,,,,,,,,,,,,,,,,,,,,,,,,,,,,,,,,,,,,,,,,,,,,,,,,,,,,,,,,,,,,,,,
2003-06-01,111.5,111.5,111.5,111.5,111.5,111.5,111.5,111.5,111.5,111.5,111.5,111.5,111.5,111.5,111.5,111.5,111.5,111.5,111.5,111.5,111.5,111.5,111.5,111.5,111.5,111.5,111.5,111.5,111.5,111.5,111.5,111.5,111.5,111.5,111.5,111.5,111.5,111.5,111.5,111.5,111.5,111.5,111.5,111.5,111.5,111.5,111.5,111.5,111.5,111.5,111.5,111.5,111.5,111.5,111.5,111.5,111.5,111.5,111.5,111.5,111.5,111.5,111.5,111.5,111.5,111.5,111.5,111.5,111.5,111.5,111.5,111.5,111.5,111.5,111.5,111.5,111.5,111.5,111.5,111.5,111.5,111.5,111.5,111.5,111.5,111.5,111.5,111.5,111.5,111.5,111.5,111.5,111.5,111.5,111.5,111.5,111.5,111.5,111.5,111.5,111.5,111.5,111.5,111.5,111.5,111.5,111.5,111.5,111.5,111.5,111.5,111.5,111.5,111.5,111.5,111.5,111.5,111.5,111.5,111.5,111.5,111.5,111.5,111.5,111.5,111.5,111.5,111.5,111.5,111.5,111.5,111.5,111.5,111.5,111.5,111.5,111.5,111.5,111.5,111.5,111.5,111.5,111.5,111.5,111.5,111.5,111.5,111.5,111.5,111.5,111.5,111.5,111.5,111.5,111.5,111.5,111.5,111.5,111.5,111.5,111.5,111.5,111.5,111.5,111.5,111.5,111.5,111.5,111.5,111.5,111.5,111.5,111.5,111.5,111.5,111.5,111.5,111.5,111.5,111.5,111.5,111.5,111.5,111.5,111.5,111.5,111.5,111.5,111.5,111.5,111.5,111.5,111.5,111.5,111.5,111.5,111.5,111.5
2003-07-01,,,,,,,,,,,,,,,,,,,,,,,,,,,,,,,,,,,,,,,,,,,,,,,,,,,,,,,,,,,,,,,,,,,,,,,,,,,,,,,,,,,,,,,,,,,,,,,,,,,,,,,,,,,,,,,,,,,,,,,,,,,,,,,,,,,,,,,,,,,,,,,,,,,,,,,,,,,,,,,,,,,,,,,,,,,,,,,,,,,,,,,,,,,,,,,,,,,,,,
2003-08-01,,,,,,,,,,,,,,,,,,,,,,,,,,,,,,,,,,,,,,,,,,,,,,,,,,,,,,,,,,,,,,,,,,,,,,,,,,,,,,,,,,,,,,,,,,,,,,,,,,,,,,,,,,,,,,,,,,,,,,,,,,,,,,,,,,,,,,,,,,,,,,,,,,,,,,,,,,,,,,,,,,,,,,,,,,,,,,,,,,,,,,,,,,,,,,,,,,,,,,
2003-09-01,116.8,116.8,116.8,116.8,116.8,116.8,116.8,116.8,116.8,116.8,116.8,116.8,116.8,116.8,116.8,116.8,116.8,116.8,116.8,116.8,116.8,116.8,116.8,116.8,116.8,116.8,116.8,116.8,116.8,116.8,116.8,116.8,116.8,116.8,116.8,116.8,116.8,116.8,116.8,116.8,116.8,116.8,116.8,116.8,116.8,116.8,116.8,116.8,116.8,116.8,116.8,116.8,116.8,116.8,116.8,116.8,116.8,116.8,116.8,116.8,116.8,116.8,116.8,116.8,116.8,116.8,116.8,116.8,116.8,116.8,116.8,116.8,116.8,116.8,116.8,116.8,116.8,116.8,116.8,116.8,116.8,116.8,116.8,116.8,116.8,116.8,116.8,116.8,116.8,116.8,116.8,116.8,116.8,116.8,116.8,116.8,116.8,116.8,116.8,116.8,116.8,116.8,116.8,116.8,116.8,116.8,116.8,116.8,116.8,116.8,116.8,116.8,116.8,116.8,116.8,116.8,116.8,116.8,116.8,116.8,116.8,116.8,116.8,116.8,116.8,116.8,116.8,116.8,116.8,116.8,116.8,116.8,116.8,116.8,116.8,116.8,116.8,116.8,116.8,116.8,116.8,116.8,116.8,116.8,116.8,116.8,116.8,116.8,116.8,116.8,116.8,116.8,116.8,116.8,116.8,116.8,116.8,116.8,116.8,116.8,116.8,116.8,116.8,116.8,116.8,116.8,116.8,116.8,116.8,116.8,116.8,116.8,116.8,116.8,116.8,116.8,116.8,116.8,116.8,116.8,116.8,116.8,116.8,116.8,116.8,116.8,116.8,116.8,116.8,116.8,116.8,116.8,116.8,116.8,116.8,116.8,116.8,116.8
2003-10-01,,,,,,,,,,,,,,,,,,,,,,,,,,,,,,,,,,,,,,,,,,,,,,,,,,,,,,,,,,,,,,,,,,,,,,,,,,,,,,,,,,,,,,,,,,,,,,,,,,,,,,,,,,,,,,,,,,,,,,,,,,,,,,,,,,,,,,,,,,,,,,,,,,,,,,,,,,,,,,,,,,,,,,,,,,,,,,,,,,,,,,,,,,,,,,,,,,,,,,
2003-11-01,,,,,,,,,,,,,,,,,,,,,,,,,,,,,,,,,,,,,,,,,,,,,,,,,,,,,,,,,,,,,,,,,,,,,,,,,,,,,,,,,,,,,,,,,,,,,,,,,,,,,,,,,,,,,,,,,,,,,,,,,,,,,,,,,,,,,,,,,,,,,,,,,,,,,,,,,,,,,,,,,,,,,,,,,,,,,,,,,,,,,,,,,,,,,,,,,,,,,,
2003-12-01,114.9,114.9,114.9,114.9,114.9,114.9,114.9,114.9,114.9,114.9,114.9,114.9,114.9,114.9,114.9,114.9,114.9,114.9,114.9,114.9,114.9,114.9,114.9,114.9,114.9,114.9,114.9,114.9,114.9,114.9,114.9,114.9,114.9,114.9,114.9,114.9,114.9,114.9,114.9,114.9,114.9,114.9,114.9,114.9,114.9,114.9,114.9,114.9,114.9,114.9,114.9,114.9,114.9,114.9,114.9,114.9,114.9,114.9,114.9,114.9,114.9,114.9,114.9,114.9,114.9,114.9,114.9,114.9,114.9,114.9,114.9,114.9,114.9,114.9,114.9,114.9,114.9,114.9,114.9,114.9,114.9,114.9,114.9,114.9,114.9,114.9,114.9,114.9,114.9,114.9,114.9,114.9,114.9,114.9,114.9,114.9,114.9,114.9,114.9,114.9,114.9,114.9,114.9,114.9,114.9,114.9,114.9,114.9,114.9,114.9,114.9,114.9,114.9,114.9,114.9,114.9,114.9,114.9,114.9,114.9,114.9,114.9,114.9,114.9,114.9,114.9,114.9,114.9,114.9,114.9,114.9,114.9,114.9,114.9,114.9,114.9,114.9,114.9,114.9,114.9,114.9,114.9,114.9,114.9,114.9,114.9,114.9,114.9,114.9,114.9,114.9,114.9,114.9,114.9,114.9,114.9,114.9,114.9,114.9,114.9,114.9,114.9,114.9,114.9,114.9,114.9,114.9,114.9,114.9,114.9,114.9,114.9,114.9,114.9,114.9,114.9,114.9,114.9,114.9,114.9,114.9,114.9,114.9,114.9,114.9,114.9,114.9,114.9,114.9,114.9,114.9,114.9,114.9,114.9,114.9,114.9,114.9,114.9
2004-01-01,,,,,,,,,,,,,,,,,,,,,,,,,,,,,,,,,,,,,,,,,,,,,,,,,,,,,,,,,,,,,,,,,,,,,,,,,,,,,,,,,,,,,,,,,,,,,,,,,,,,,,,,,,,,,,,,,,,,,,,,,,,,,,,,,,,,,,,,,,,,,,,,,,,,,,,,,,,,,,,,,,,,,,,,,,,,,,,,,,,,,,,,,,,,,,,,,,,,,,
2004-02-01,,,,,,,,,,,,,,,,,,,,,,,,,,,,,,,,,,,,,,,,,,,,,,,,,,,,,,,,,,,,,,,,,,,,,,,,,,,,,,,,,,,,,,,,,,,,,,,,,,,,,,,,,,,,,,,,,,,,,,,,,,,,,,,,,,,,,,,,,,,,,,,,,,,,,,,,,,,,,,,,,,,,,,,,,,,,,,,,,,,,,,,,,,,,,,,,,,,,,,
2004-03-01,117.1,117.1,117.1,117.1,117.1,117.1,117.1,117.1,117.1,117.1,117.1,117.1,117.1,117.1,117.1,117.1,117.1,117.1,117.1,117.1,117.1,117.1,117.1,117.1,117.1,117.1,117.1,117.1,117.1,117.1,117.1,117.1,117.1,117.1,117.1,117.1,117.1,117.1,117.1,117.1,117.1,117.1,117.1,117.1,117.1,117.1,117.1,117.1,117.1,117.1,117.1,117.1,117.1,117.1,117.1,117.1,117.1,117.1,117.1,117.1,117.1,117.1,117.1,117.1,117.1,117.1,117.1,117.1,117.1,117.1,117.1,117.1,117.1,117.1,117.1,117.1,117.1,117.1,117.1,117.1,117.1,117.1,117.1,117.1,117.1,117.1,117.1,117.1,117.1,117.1,117.1,117.1,117.1,117.1,117.1,117.1,117.1,117.1,117.1,117.1,117.1,117.1,117.1,117.1,117.1,117.1,117.1,117.1,117.1,117.1,117.1,117.1,117.1,117.1,117.1,117.1,117.1,117.1,117.1,117.1,117.1,117.1,117.1,117.1,117.1,117.1,117.1,117.1,117.1,117.1,117.1,117.1,117.1,117.1,117.1,117.1,117.1,117.1,117.1,117.1,117.1,117.1,117.1,117.1,117.1,117.1,117.1,117.1,117.1,117.1,117.1,117.1,117.1,117.1,117.1,117.1,117.1,117.1,117.1,117.1,117.1,117.1,117.1,117.1,117.1,117.1,117.1,117.1,117.1,117.1,117.1,117.1,117.1,117.1,117.1,117.1,117.1,117.1,117.1,117.1,117.1,117.1,117.1,117.1,117.1,117.1,117.1,117.1,117.1,117.1,117.1,117.1,117.1,117.1,117.1,117.1,117.1,117.1
2004-04-01,,,,,,,,,,,,,,,,,,,,,,,,,,,,,,,,,,,,,,,,,,,,,,,,,,,,,,,,,,,,,,,,,,,,,,,,,,,,,,,,,,,,,,,,,,,,,,,,,,,,,,,,,,,,,,,,,,,,,,,,,,,,,,,,,,,,,,,,,,,,,,,,,,,,,,,,,,,,,,,,,,,,,,,,,,,,,,,,,,,,,,,,,,,,,,,,,,,,,,
2004-05-01,,,,,,,,,,,,,,,,,,,,,,,,,,,,,,,,,,,,,,,,,,,,,,,,,,,,,,,,,,,,,,,,,,,,,,,,,,,,,,,,,,,,,,,,,,,,,,,,,,,,,,,,,,,,,,,,,,,,,,,,,,,,,,,,,,,,,,,,,,,,,,,,,,,,,,,,,,,,,,,,,,,,,,,,,,,,,,,,,,,,,,,,,,,,,,,,,,,,,,
2004-06-01,117.5,117.5,117.5,117.5,117.5,117.5,117.5,117.5,117.5,117.5,117.5,117.5,117.5,117.5,117.5,117.5,117.5,117.5,117.5,117.5,117.5,117.5,117.5,117.5,117.5,117.5,117.5,117.5,117.5,117.5,117.5,117.5,117.5,117.5,117.5,117.5,117.5,117.5,117.5,117.5,117.5,117.5,117.5,117.5,117.5,117.5,117.5,117.5,117.5,117.5,117.5,117.5,117.5,117.5,117.5,117.5,117.5,117.5,117.5,117.5,117.5,117.5,117.5,117.5,117.5,117.5,117.5,117.5,117.5,117.5,117.5,117.5,117.5,117.5,117.5,117.5,117.5,117.5,117.5,117.5,117.5,117.5,117.5,117.5,117.5,117.5,117.5,117.5,117.5,117.5,117.5,117.5,117.5,117.5,117.5,117.5,117.5,117.5,117.5,117.5,117.5,117.5,117.5,117.5,117.5,117.5,117.5,117.5,117.5,117.5,117.5,117.5,117.5,117.5,117.5,117.5,117.5,117.5,117.5,117.5,117.5,117.5,117.5,117.5,117.5,117.5,117.5,117.5,117.5,117.5,117.5,117.5,117.5,117.5,117.5,117.5,117.5,117.5,117.5,117.5,117.5,117.5,117.5,117.5,117.5,117.5,117.5,117.5,117.5,117.5,117.5,117.5,117.5,117.5,117.5,117.5,117.5,117.5,117.5,117.5,117.5,117.5,117.5,117.5,117.5,117.5,117.5,117.5,117.5,117.5,117.5,117.5,117.5,117.5,117.5,117.5,117.5,117.5,117.5,117.5,117.5,117.5,117.5,117.5,117.5,117.5,117.5,117.5,117.5,117.5,117.5,117.5,117.5,117.5,117.5,117.5,117.5,117.5
2004-07-01,,,,,,,,,,,,,,,,,,,,,,,,,,,,,,,,,,,,,,,,,,,,,,,,,,,,,,,,,,,,,,,,,,,,,,,,,,,,,,,,,,,,,,,,,,,,,,,,,,,,,,,,,,,,,,,,,,,,,,,,,,,,,,,,,,,,,,,,,,,,,,,,,,,,,,,,,,,,,,,,,,,,,,,,,,,,,,,,,,,,,,,,,,,,,,,,,,,,,,
2004-08-01,,,,,,,,,,,,,,,,,,,,,,,,,,,,,,,,,,,,,,,,,,,,,,,,,,,,,,,,,,,,,,,,,,,,,,,,,,,,,,,,,,,,,,,,,,,,,,,,,,,,,,,,,,,,,,,,,,,,,,,,,,,,,,,,,,,,,,,,,,,,,,,,,,,,,,,,,,,,,,,,,,,,,,,,,,,,,,,,,,,,,,,,,,,,,,,,,,,,,,
2004-09-01,120.0,120.0,120.0,120.0,120.0,120.0,120.0,120.0,120.0,120.0,120.0,120.0,120.0,120.0,120.0,120.0,120.0,120.0,120.0,120.0,120.0,120.0,120.0,120.0,120.0,120.0,120.0,120.0,120.0,120.0,120.0,120.0,120.0,120.0,120.0,120.0,120.0,120.0,120.0,120.0,120.0,120.0,120.0,120.0,120.0,120.0,120.0,120.0,120.0,120.0,120.0,120.0,120.0,120.0,120.0,120.0,120.0,120.0,120.0,120.0,120.0,120.0,120.0,120.0,120.0,120.0,120.0,120.0,120.0,120.0,120.0,120.0,120.0,120.0,120.0,120.0,120.0,120.0,120.0,120.0,120.0,120.0,120.0,120.0,120.0,120.0,120.0,120.0,120.0,120.0,120.0,120.0,120.0,120.0,120.0,120.0,120.0,120.0,120.0,120.0,120.0,120.0,120.0,120.0,120.0,120.0,120.0,120.0,120.0,120.0,120.0,120.0,120.0,120.0,120.0,120.0,120.0,120.0,120.0,120.0,120.0,120.0,120.0,120.0,120.0,120.0,120.0,120.0,120.0,120.0,120.0,120.0,120.0,120.0,120.0,120.0,120.0,120.0,120.0,120.0,120.0,120.0,120.0,120.0,120.0,120.0,120.0,120.0,120.0,120.0,120.0,120.0,120.0,120.0,120.0,120.0,120.0,120.0,120.0,120.0,120.0,120.0,120.0,120.0,120.0,120.0,120.0,120.0,120.0,120.0,120.0,120.0,120.0,120.0,120.0,120.0,120.0,120.0,120.0,120.0,120.0,120.0,120.0,120.0,120.0,120.0,120.0,120.0,120.0,120.0,120.0,120.0,120.0,120.0,120.0,120.0,120.0,120.0
2004-10-01,,,,,,,,,,,,,,,,,,,,,,,,,,,,,,,,,,,,,,,,,,,,,,,,,,,,,,,,,,,,,,,,,,,,,,,,,,,,,,,,,,,,,,,,,,,,,,,,,,,,,,,,,,,,,,,,,,,,,,,,,,,,,,,,,,,,,,,,,,,,,,,,,,,,,,,,,,,,,,,,,,,,,,,,,,,,,,,,,,,,,,,,,,,,,,,,,,,,,,
2004-11-01,,,,,,,,,,,,,,,,,,,,,,,,,,,,,,,,,,,,,,,,,,,,,,,,,,,,,,,,,,,,,,,,,,,,,,,,,,,,,,,,,,,,,,,,,,,,,,,,,,,,,,,,,,,,,,,,,,,,,,,,,,,,,,,,,,,,,,,,,,,,,,,,,,,,,,,,,,,,,,,,,,,,,,,,,,,,,,,,,,,,,,,,,,,,,,,,,,,,,,
2004-12-01,126.8,126.8,126.8,126.8,126.8,126.8,126.8,126.8,126.8,126.8,126.8,126.8,126.8,126.8,126.8,126.8,126.8,126.8,126.8,126.8,126.8,126.8,126.8,126.8,126.8,126.8,126.8,126.8,126.8,126.8,126.8,126.8,126.8,126.8,126.8,126.8,126.8,126.8,126.8,126.8,126.8,126.8,126.8,126.8,126.8,126.8,126.8,126.8,126.8,126.8,126.8,126.8,126.8,126.8,126.8,126.8,126.8,126.8,126.8,126.8,126.8,126.8,126.8,126.8,126.8,126.8,126.8,126.8,126.8,126.8,126.8,126.8,126.8,126.8,126.8,126.8,126.8,126.8,126.8,126.8,126.8,126.8,126.8,126.8,126.8,126.8,126.8,126.8,126.8,126.8,126.8,126.8,126.8,126.8,126.8,126.8,126.8,126.8,126.8,126.8,126.8,126.8,126.8,126.8,126.8,126.8,126.8,126.8,126.8,126.8,126.8,126.8,126.8,126.8,126.8,126.8,126.8,126.8,126.8,126.8,126.8,126.8,126.8,126.8,126.8,126.8,126.8,126.8,126.8,126.8,126.8,126.8,126.8,126.8,126.8,126.8,126.8,126.8,126.8,126.8,126.8,126.8,126.8,126.8,126.8,126.8,126.8,126.8,126.8,126.8,126.8,126.8,126.8,126.8,126.8,126.8,126.8,126.8,126.8,126.8,126.8,126.8,126.8,126.8,126.8,126.8,126.8,126.8,126.8,126.8,126.8,126.8,126.8,126.8,126.8,126.8,126.8,126.8,126.8,126.8,126.8,126.8,126.8,126.8,126.8,126.8,126.8,126.8,126.8,126.8,126.8,126.8,126.8,126.8,126.8,126.8,126.8,126.8
2005-01-01,,,,,,,,,,,,,,,,,,,,,,,,,,,,,,,,,,,,,,,,,,,,,,,,,,,,,,,,,,,,,,,,,,,,,,,,,,,,,,,,,,,,,,,,,,,,,,,,,,,,,,,,,,,,,,,,,,,,,,,,,,,,,,,,,,,,,,,,,,,,,,,,,,,,,,,,,,,,,,,,,,,,,,,,,,,,,,,,,,,,,,,,,,,,,,,,,,,,,,
2005-02-01,,,,,,,,,,,,,,,,,,,,,,,,,,,,,,,,,,,,,,,,,,,,,,,,,,,,,,,,,,,,,,,,,,,,,,,,,,,,,,,,,,,,,,,,,,,,,,,,,,,,,,,,,,,,,,,,,,,,,,,,,,,,,,,,,,,,,,,,,,,,,,,,,,,,,,,,,,,,,,,,,,,,,,,,,,,,,,,,,,,,,,,,,,,,,,,,,,,,,,
2005-03-01,128.6,128.6,128.6,128.6,128.6,128.6,128.6,128.6,128.6,128.6,128.6,128.6,128.6,128.6,128.6,128.6,128.6,128.6,128.6,128.6,128.6,128.6,128.6,128.6,128.6,128.6,128.6,128.6,128.6,128.6,128.6,128.6,128.6,128.6,128.6,128.6,128.6,128.6,128.6,128.6,128.6,128.6,128.6,128.6,128.6,128.6,128.6,128.6,128.6,128.6,128.6,128.6,128.6,128.6,128.6,128.6,128.6,128.6,128.6,128.6,128.6,128.6,128.6,128.6,128.6,128.6,128.6,128.6,128.6,128.6,128.6,128.6,128.6,128.6,128.6,128.6,128.6,128.6,128.6,128.6,128.6,128.6,128.6,128.6,128.6,128.6,128.6,128.6,128.6,128.6,128.6,128.6,128.6,128.6,128.6,128.6,128.6,128.6,128.6,128.6,128.6,128.6,128.6,128.6,128.6,128.6,128.6,128.6,128.6,128.6,128.6,128.6,128.6,128.6,128.6,128.6,128.6,128.6,128.6,128.6,128.6,128.6,128.6,128.6,128.6,128.6,128.6,128.6,128.6,128.6,128.6,128.6,128.6,128.6,128.6,128.6,128.6,128.6,128.6,128.6,128.6,128.6,128.6,128.6,128.6,128.6,128.6,128.6,128.6,128.6,128.6,128.6,128.6,128.6,128.6,128.6,128.6,128.6,128.6,128.6,128.6,128.6,128.6,128.6,128.6,128.6,128.6,128.6,128.6,128.6,128.6,128.6,128.6,128.6,128.6,128.6,128.6,128.6,128.6,128.6,128.6,128.6,128.6,128.6,128.6,128.6,128.6,128.6,128.6,128.6,128.6,128.6,128.6,128.6,128.6,128.6,128.6,128.6
2005-04-01,,,,,,,,,,,,,,,,,,,,,,,,,,,,,,,,,,,,,,,,,,,,,,,,,,,,,,,,,,,,,,,,,,,,,,,,,,,,,,,,,,,,,,,,,,,,,,,,,,,,,,,,,,,,,,,,,,,,,,,,,,,,,,,,,,,,,,,,,,,,,,,,,,,,,,,,,,,,,,,,,,,,,,,,,,,,,,,,,,,,,,,,,,,,,,,,,,,,,,
2005-05-01,,,,,,,,,,,,,,,,,,,,,,,,,,,,,,,,,,,,,,,,,,,,,,,,,,,,,,,,,,,,,,,,,,,,,,,,,,,,,,,,,,,,,,,,,,,,,,,,,,,,,,,,,,,,,,,,,,,,,,,,,,,,,,,,,,,,,,,,,,,,,,,,,,,,,,,,,,,,,,,,,,,,,,,,,,,,,,,,,,,,,,,,,,,,,,,,,,,,,,
2005-06-01,128.4,128.4,128.4,128.4,128.4,128.4,128.4,128.4,128.4,128.4,128.4,128.4,128.4,128.4,128.4,128.4,128.4,128.4,128.4,128.4,128.4,128.4,128.4,128.4,128.4,128.4,128.4,128.4,128.4,128.4,128.4,128.4,128.4,128.4,128.4,128.4,128.4,128.4,128.4,128.4,128.4,128.4,128.4,128.4,128.4,128.4,128.4,128.4,128.4,128.4,128.4,128.4,128.4,128.4,128.4,128.4,128.4,128.4,128.4,128.4,128.4,128.4,128.4,128.4,128.4,128.4,128.4,128.4,128.4,128.4,128.4,128.4,128.4,128.4,128.4,128.4,128.4,128.4,128.4,128.4,128.4,128.4,128.4,128.4,128.4,128.4,128.4,128.4,128.4,128.4,128.4,128.4,128.4,128.4,128.4,128.4,128.4,128.4,128.4,128.4,128.4,128.4,128.4,128.4,128.4,128.4,128.4,128.4,128.4,128.4,128.4,128.4,128.4,128.4,128.4,128.4,128.4,128.4,128.4,128.4,128.4,128.4,128.4,128.4,128.4,128.4,128.4,128.4,128.4,128.4,128.4,128.4,128.4,128.4,128.4,128.4,128.4,128.4,128.4,128.4,128.4,128.4,128.4,128.4,128.4,128.4,128.4,128.4,128.4,128.4,128.4,128.4,128.4,128.4,128.4,128.4,128.4,128.4,128.4,128.4,128.4,128.4,128.4,128.4,128.4,128.4,128.4,128.4,128.4,128.4,128.4,128.4,128.4,128.4,128.4,128.4,128.4,128.4,128.4,128.4,128.4,128.4,128.4,128.4,128.4,128.4,128.4,128.4,128.4,128.4,128.4,128.4,128.4,128.4,128.4,128.4,128.4,128.4
2005-07-01,,,,,,,,,,,,,,,,,,,,,,,,,,,,,,,,,,,,,,,,,,,,,,,,,,,,,,,,,,,,,,,,,,,,,,,,,,,,,,,,,,,,,,,,,,,,,,,,,,,,,,,,,,,,,,,,,,,,,,,,,,,,,,,,,,,,,,,,,,,,,,,,,,,,,,,,,,,,,,,,,,,,,,,,,,,,,,,,,,,,,,,,,,,,,,,,,,,,,,
2005-08-01,,,,,,,,,,,,,,,,,,,,,,,,,,,,,,,,,,,,,,,,,,,,,,,,,,,,,,,,,,,,,,,,,,,,,,,,,,,,,,,,,,,,,,,,,,,,,,,,,,,,,,,,,,,,,,,,,,,,,,,,,,,,,,,,,,,,,,,,,,,,,,,,,,,,,,,,,,,,,,,,,,,,,,,,,,,,,,,,,,,,,,,,,,,,,,,,,,,,,,
2005-09-01,129.7,129.7,129.7,129.7,129.7,129.7,129.7,129.7,129.7,129.7,129.7,129.7,129.7,129.7,129.7,129.7,129.7,129.7,129.7,129.7,129.7,129.7,129.7,129.7,129.7,129.7,129.7,129.7,129.7,129.7,129.7,129.7,129.7,129.7,129.7,129.7,129.7,129.7,129.7,129.7,129.7,129.7,129.7,129.7,129.7,129.7,129.7,129.7,129.7,129.7,129.7,129.7,129.7,129.7,129.7,129.7,129.7,129.7,129.7,129.7,129.7,129.7,129.7,129.7,129.7,129.7,129.7,129.7,129.7,129.7,129.7,129.7,129.7,129.7,129.7,129.7,129.7,129.7,129.7,129.7,129.7,129.7,129.7,129.7,129.7,129.7,129.7,129.7,129.7,129.7,129.7,129.7,129.7,129.7,129.7,129.7,129.7,129.7,129.7,129.7,129.7,129.7,129.7,129.7,129.7,129.7,129.7,129.7,129.7,129.7,129.7,129.7,129.7,129.7,129.7,129.7,129.7,129.7,129.7,129.7,129.7,129.7,129.7,129.7,129.7,129.7,129.7,129.7,129.7,129.7,129.7,129.7,129.7,129.7,129.7,129.7,129.7,129.7,129.7,129.7,129.7,129.7,129.7,129.7,129.7,129.7,129.7,129.7,129.7,129.7,129.7,129.7,129.7,129.7,129.7,129.7,129.7,129.7,129.7,129.7,129.7,129.7,129.7,129.7,129.7,129.7,129.7,129.7,129.7,129.7,129.7,129.7,129.7,129.7,129.7,129.7,129.7,129.7,129.7,129.7,129.7,129.7,129.7,129.7,129.7,129.7,129.7,129.7,129.7,129.7,129.7,129.7,129.7,129.7,129.7,129.7,129.7,129.7
2005-10-01,,,,,,,,,,,,,,,,,,,,,,,,,,,,,,,,,,,,,,,,,,,,,,,,,,,,,,,,,,,,,,,,,,,,,,,,,,,,,,,,,,,,,,,,,,,,,,,,,,,,,,,,,,,,,,,,,,,,,,,,,,,,,,,,,,,,,,,,,,,,,,,,,,,,,,,,,,,,,,,,,,,,,,,,,,,,,,,,,,,,,,,,,,,,,,,,,,,,,,
2005-11-01,,,,,,,,,,,,,,,,,,,,,,,,,,,,,,,,,,,,,,,,,,,,,,,,,,,,,,,,,,,,,,,,,,,,,,,,,,,,,,,,,,,,,,,,,,,,,,,,,,,,,,,,,,,,,,,,,,,,,,,,,,,,,,,,,,,,,,,,,,,,,,,,,,,,,,,,,,,,,,,,,,,,,,,,,,,,,,,,,,,,,,,,,,,,,,,,,,,,,,
2005-12-01,128.9,128.9,128.9,128.9,128.9,128.9,128.9,128.9,128.9,128.9,128.9,128.9,128.9,128.9,128.9,128.9,128.9,128.9,128.9,128.9,128.9,128.9,128.9,128.9,128.9,128.9,128.9,128.9,128.9,128.9,128.9,128.9,128.9,128.9,128.9,128.9,128.9,128.9,128.9,128.9,128.9,128.9,128.9,128.9,128.9,128.9,128.9,128.9,128.9,128.9,128.9,128.9,128.9,128.9,128.9,128.9,128.9,128.9,128.9,128.9,128.9,128.9,128.9,128.9,128.9,128.9,128.9,128.9,128.9,128.9,128.9,128.9,128.9,128.9,128.9,128.9,128.9,128.9,128.9,128.9,128.9,128.9,128.9,128.9,128.9,128.9,128.9,128.9,128.9,128.9,128.9,128.9,128.9,128.9,128.9,128.9,128.9,128.9,128.9,128.9,128.9,128.9,128.9,128.9,128.9,128.9,128.9,128.9,128.9,128.9,128.9,128.9,128.9,128.9,128.9,128.9,128.9,128.9,128.9,128.9,128.9,128.9,128.9,128.9,128.9,128.9,128.9,128.9,128.9,128.9,128.9,128.9,128.9,128.9,128.9,128.9,128.9,128.9,128.9,128.9,128.9,128.9,128.9,128.9,128.9,128.9,128.9,128.9,128.9,128.9,128.9,128.9,128.9,128.9,128.9,128.9,128.9,128.9,128.9,128.9,128.9,128.9,128.9,128.9,128.9,128.9,128.9,128.9,128.9,128.9,128.9,128.9,128.9,128.9,128.9,128.9,128.9,128.9,128.9,128.9,128.9,128.9,128.9,128.9,128.9,128.9,128.9,128.9,128.9,128.9,128.9,128.9,128.9,128.9,128.9,128.9,128.9,128.9
2006-01-01,126.8,126.8,126.8,126.8,126.8,126.8,126.8,126.8,126.8,126.8,126.8,126.8,126.8,126.8,126.8,126.8,126.8,126.8,126.8,126.8,126.8,126.8,126.8,126.8,126.8,126.8,126.8,126.8,126.8,126.8,126.8,126.8,126.8,126.8,126.8,126.8,126.8,126.8,126.8,126.8,126.8,126.8,126.8,126.8,126.8,126.8,126.8,126.8,126.8,126.8,126.8,126.8,126.8,126.8,126.8,126.8,126.8,126.8,126.8,126.8,126.8,126.8,126.8,126.8,126.8,126.8,126.8,126.8,126.8,126.8,126.8,126.8,126.8,126.8,126.8,126.8,126.8,126.8,126.8,126.8,126.8,126.8,126.8,126.8,126.8,126.8,126.8,126.8,126.8,126.8,126.8,126.8,126.8,126.8,126.8,126.8,126.8,126.8,126.8,126.8,126.8,126.8,126.8,126.8,126.8,126.8,126.8,126.8,126.8,126.8,126.8,126.8,126.8,126.8,126.8,126.8,126.8,126.8,126.8,126.8,126.8,126.8,126.8,126.8,126.8,126.8,126.8,126.8,126.8,126.8,126.8,126.8,126.8,126.8,126.8,126.8,126.8,126.8,126.8,126.8,126.8,126.8,126.8,126.8,126.8,126.8,126.8,126.8,126.8,126.8,126.8,126.8,126.8,126.8,126.8,126.8,126.8,126.8,126.8,126.8,126.8,126.8,126.8,126.8,126.8,126.8,126.8,126.8,126.8,126.8,126.8,126.8,126.8,126.8,126.8,126.8,126.8,126.8,126.8,126.8,126.8,126.8,126.8,126.8,126.8,126.8,126.8,126.8,126.8,126.8,126.8,126.8,126.8,126.8,126.8,126.8,126.8,126.8
2006-02-01,129.7,129.7,129.7,129.7,129.7,129.7,129.7,129.7,129.7,129.7,129.7,129.7,129.7,129.7,129.7,129.7,129.7,129.7,129.7,129.7,129.7,129.7,129.7,129.7,129.7,129.7,129.7,129.7,129.7,129.7,129.7,129.7,129.7,129.7,129.7,129.7,129.7,129.7,129.7,129.7,129.7,129.7,129.7,129.7,129.7,129.7,129.7,129.7,129.7,129.7,129.7,129.7,129.7,129.7,129.7,129.7,129.7,129.7,129.7,129.7,129.7,129.7,129.7,129.7,129.7,129.7,129.7,129.7,129.7,129.7,129.7,129.7,129.7,129.7,129.7,129.7,129.7,129.7,129.7,129.7,129.7,129.7,129.7,129.7,129.7,129.7,129.7,129.7,129.7,129.7,129.7,129.7,129.7,129.7,129.7,129.7,129.7,129.7,129.7,129.7,129.7,129.7,129.7,129.7,129.7,129.7,129.7,129.7,129.7,129.7,129.7,129.7,129.7,129.7,129.7,129.7,129.7,129.7,129.7,129.7,129.7,129.7,129.7,129.7,129.7,129.7,129.7,129.7,129.7,129.7,129.7,129.7,129.7,129.7,129.7,129.7,129.7,129.7,129.7,129.7,129.7,129.7,129.7,129.7,129.7,129.7,129.7,129.7,129.7,129.7,129.7,129.7,129.7,129.7,129.7,129.7,129.7,129.7,129.7,129.7,129.7,129.7,129.7,129.7,129.7,129.7,129.7,129.7,129.7,129.7,129.7,129.7,129.7,129.7,129.7,129.7,129.7,129.7,129.7,129.7,129.7,129.7,129.7,129.7,129.7,129.7,129.7,129.7,129.7,129.7,129.7,129.7,129.7,129.7,129.7,129.7,129.7,129.7
2006-03-01,129.7,129.7,129.7,129.7,129.7,129.7,129.7,129.7,129.7,129.7,129.7,129.7,129.7,129.7,129.7,129.7,129.7,129.7,129.7,129.7,129.7,129.7,129.7,129.7,129.7,129.7,129.7,129.7,129.7,129.7,129.7,129.7,129.7,129.7,129.7,129.7,129.7,129.7,129.7,129.7,129.7,129.7,129.7,129.7,129.7,129.7,129.7,129.7,129.7,129.7,129.7,129.7,129.7,129.7,129.7,129.7,129.7,129.7,129.7,129.7,129.7,129.7,129.7,129.7,129.7,129.7,129.7,129.7,129.7,129.7,129.7,129.7,129.7,129.7,129.7,129.7,129.7,129.7,129.7,129.7,129.7,129.7,129.7,129.7,129.7,129.7,129.7,129.7,129.7,129.7,129.7,129.7,129.7,129.7,129.7,129.7,129.7,129.7,129.7,129.7,129.7,129.7,129.7,129.7,129.7,129.7,129.7,129.7,129.7,129.7,129.7,129.7,129.7,129.7,129.7,129.7,129.7,129.7,129.7,129.7,129.7,129.7,129.7,129.7,129.7,129.7,129.7,129.7,129.7,129.7,129.7,129.7,129.7,129.7,129.7,129.7,129.7,129.7,129.7,129.7,129.7,129.7,129.7,129.7,129.7,129.7,129.7,129.7,129.7,129.7,129.7,129.7,129.7,129.7,129.7,129.7,129.7,129.7,129.7,129.7,129.7,129.7,129.7,129.7,129.7,129.7,129.7,129.7,129.7,129.7,129.7,129.7,129.7,129.7,129.7,129.7,129.7,129.7,129.7,129.7,129.7,129.7,129.7,129.7,129.7,129.7,129.7,129.7,129.7,129.7,129.7,129.7,129.7,129.7,129.7,129.7,129.7,129.7
2006-04-01,129.8,129.8,129.8,129.8,129.8,129.8,129.8,129.8,129.8,129.8,129.8,129.8,129.8,129.8,129.8,129.8,129.8,129.8,129.8,129.8,129.8,129.8,129.8,129.8,129.8,129.8,129.8,129.8,129.8,129.8,129.8,129.8,129.8,129.8,129.8,129.8,129.8,129.8,129.8,129.8,129.8,129.8,129.8,129.8,129.8,129.8,129.8,129.8,129.8,129.8,129.8,129.8,129.8,129.8,129.8,129.8,129.8,129.8,129.8,129.8,129.8,129.8,129.8,129.8,129.8,129.8,129.8,129.8,129.8,129.8,129.8,129.8,129.8,129.8,129.8,129.8,129.8,129.8,129.8,129.8,129.8,129.8,129.8,129.8,129.8,129.8,129.8,129.8,129.8,129.8,129.8,129.8,129.8,129.8,129.8,129.8,129.8,129.8,129.8,129.8,129.8,129.8,129.8,129.8,129.8,129.8,129.8,129.8,129.8,129.8,129.8,129.8,129.8,129.8,129.8,129.8,129.8,129.8,129.8,129.8,129.8,129.8,129.8,129.8,129.8,129.8,129.8,129.8,129.8,129.8,129.8,129.8,129.8,129.8,129.8,129.8,129.8,129.8,129.8,129.8,129.8,129.8,129.8,129.8,129.8,129.8,129.8,129.8,129.8,129.8,129.8,129.8,129.8,129.8,129.8,129.8,129.8,129.8,129.8,129.8,129.8,129.8,129.8,129.8,129.8,129.8,129.8,129.8,129.8,129.8,129.8,129.8,129.8,129.8,129.8,129.8,129.8,129.8,129.8,129.8,129.8,129.8,129.8,129.8,129.8,129.8,129.8,129.8,129.8,129.8,129.8,129.8,129.8,129.8,129.8,129.8,129.8,129.8
2006-05-01,131.2,131.2,131.2,131.2,131.2,131.2,131.2,131.2,131.2,131.2,131.2,131.2,131.2,131.2,131.2,131.2,131.2,131.2,131.2,131.2,131.2,131.2,131.2,131.2,131.2,131.2,131.2,131.2,131.2,131.2,131.2,131.2,131.2,131.2,131.2,131.2,131.2,131.2,131.2,131.2,131.2,131.2,131.2,131.2,131.2,131.2,131.2,131.2,131.2,131.2,131.2,131.2,131.2,131.2,131.2,131.2,131.2,131.2,131.2,131.2,131.2,131.2,131.2,131.2,131.2,131.2,131.2,131.2,131.2,131.2,131.2,131.2,131.2,131.2,131.2,131.2,131.2,131.2,131.2,131.2,131.2,131.2,131.2,131.2,131.2,131.2,131.2,131.2,131.2,131.2,131.2,131.2,131.2,131.2,131.2,131.2,131.2,131.2,131.2,131.2,131.2,131.2,131.2,131.2,131.2,131.2,131.2,131.2,131.2,131.2,131.2,131.2,131.2,131.2,131.2,131.2,131.2,131.2,131.2,131.2,131.2,131.2,131.2,131.2,131.2,131.2,131.2,131.2,131.2,131.2,131.2,131.2,131.2,131.2,131.2,131.2,131.2,131.2,131.2,131.2,131.2,131.2,131.2,131.2,131.2,131.2,131.2,131.2,131.2,131.2,131.2,131.2,131.2,131.2,131.2,131.2,131.2,131.2,131.2,131.2,131.2,131.2,131.2,131.2,131.2,131.2,131.2,131.2,131.2,131.2,131.2,131.2,131.2,131.2,131.2,131.2,131.2,131.2,131.2,131.2,131.2,131.2,131.2,131.2,131.2,131.2,131.2,131.2,131.2,131.2,131.2,131.2,131.2,131.2,131.2,131.2,131.2,131.2
2006-06-01,135.2,135.2,135.2,135.2,135.2,135.2,135.2,135.2,135.2,135.2,135.2,135.2,135.2,135.2,135.2,135.2,135.2,135.2,135.2,135.2,135.2,135.2,135.2,135.2,135.2,135.2,135.2,135.2,135.2,135.2,135.2,135.2,135.2,135.2,135.2,135.2,135.2,135.2,135.2,135.2,135.2,135.2,135.2,135.2,135.2,135.2,135.2,135.2,135.2,135.2,135.2,135.2,135.2,135.2,135.2,135.2,135.2,135.2,135.2,135.2,135.2,135.2,135.2,135.2,135.2,135.2,135.2,135.2,135.2,135.2,135.2,135.2,135.2,135.2,135.2,135.2,135.2,135.2,135.2,135.2,135.2,135.2,135.2,135.2,135.2,135.2,135.2,135.2,135.2,135.2,135.2,135.2,135.2,135.2,135.2,135.2,135.2,135.2,135.2,135.2,135.2,135.2,135.2,135.2,135.2,135.2,135.2,135.2,135.2,135.2,135.2,135.2,135.2,135.2,135.2,135.2,135.2,135.2,135.2,135.2,135.2,135.2,135.2,135.2,135.2,135.2,135.2,135.2,135.2,135.2,135.2,135.2,135.2,135.2,135.2,135.2,135.2,135.2,135.2,135.2,135.2,135.2,135.2,135.2,135.2,135.2,135.2,135.2,135.2,135.2,135.2,135.2,135.2,135.2,135.2,135.2,135.2,135.2,135.2,135.2,135.2,135.2,135.2,135.2,135.2,135.2,135.2,135.2,135.2,135.2,135.2,135.2,135.2,135.2,135.2,135.2,135.2,135.2,135.2,135.2,135.2,135.2,135.2,135.2,135.2,135.2,135.2,135.2,135.2,135.2,135.2,135.2,135.2,135.2,135.2,135.2,135.2,135.2
2006-07-01,133.4,133.4,133.4,133.4,133.4,133.4,133.4,133.4,133.4,133.4,133.4,133.4,133.4,133.4,133.4,133.4,133.4,133.4,133.4,133.4,133.4,133.4,133.4,133.4,133.4,133.4,133.4,133.4,133.4,133.4,133.4,133.4,133.4,133.4,133.4,133.4,133.4,133.4,133.4,133.4,133.4,133.4,133.4,133.4,133.4,133.4,133.4,133.4,133.4,133.4,133.4,133.4,133.4,133.4,133.4,133.4,133.4,133.4,133.4,133.4,133.4,133.4,133.4,133.4,133.4,133.4,133.4,133.4,133.4,133.4,133.4,133.4,133.4,133.4,133.4,133.4,133.4,133.4,133.4,133.4,133.4,133.4,133.4,133.4,133.4,133.4,133.4,133.4,133.4,133.4,133.4,133.4,133.4,133.4,133.4,133.4,133.4,133.4,133.4,133.4,133.4,133.4,133.4,133.4,133.4,133.4,133.4,133.4,133.4,133.4,133.4,133.4,133.4,133.4,133.4,133.4,133.4,133.4,133.4,133.4,133.4,133.4,133.4,133.4,133.4,133.4,133.4,133.4,133.4,133.4,133.4,133.4,133.4,133.4,133.4,133.4,133.4,133.4,133.4,133.4,133.4,133.4,133.4,133.4,133.4,133.4,133.4,133.4,133.4,133.4,133.4,133.4,133.4,133.4,133.4,133.4,133.4,133.4,133.4,133.4,133.4,133.4,133.4,133.4,133.4,133.4,133.4,133.4,133.4,133.4,133.4,133.4,133.4,133.4,133.4,133.4,133.4,133.4,133.4,133.4,133.4,133.4,133.4,133.4,133.4,133.4,133.4,133.4,133.4,133.4,133.4,133.4,133.4,133.4,133.4,133.4,133.4,133.4
2006-08-01,132.4,132.4,132.4,132.4,132.4,132.4,132.4,132.4,132.4,132.4,132.4,132.4,132.4,132.4,132.4,132.4,132.4,132.4,132.4,132.4,132.4,132.4,132.4,132.4,132.4,132.4,132.4,132.4,132.4,132.4,132.4,132.4,132.4,132.4,132.4,132.4,132.4,132.4,132.4,132.4,132.4,132.4,132.4,132.4,132.4,132.4,132.4,132.4,132.4,132.4,132.4,132.4,132.4,132.4,132.4,132.4,132.4,132.4,132.4,132.4,132.4,132.4,132.4,132.4,132.4,132.4,132.4,132.4,132.4,132.4,132.4,132.4,132.4,132.4,132.4,132.4,132.4,132.4,132.4,132.4,132.4,132.4,132.4,132.4,132.4,132.4,132.4,132.4,132.4,132.4,132.4,132.4,132.4,132.4,132.4,132.4,132.4,132.4,132.4,132.4,132.4,132.4,132.4,132.4,132.4,132.4,132.4,132.4,132.4,132.4,132.4,132.4,132.4,132.4,132.4,132.4,132.4,132.4,132.4,132.4,132.4,132.4,132.4,132.4,132.4,132.4,132.4,132.4,132.4,132.4,132.4,132.4,132.4,132.4,132.4,132.4,132.4,132.4,132.4,132.4,132.4,132.4,132.4,132.4,132.4,132.4,132.4,132.4,132.4,132.4,132.4,132.4,132.4,132.4,132.4,132.4,132.4,132.4,132.4,132.4,132.4,132.4,132.4,132.4,132.4,132.4,132.4,132.4,132.4,132.4,132.4,132.4,132.4,132.4,132.4,132.4,132.4,132.4,132.4,132.4,132.4,132.4,132.4,132.4,132.4,132.4,132.4,132.4,132.4,132.4,132.4,132.4,132.4,132.4,132.4,132.4,132.4,132.4
2006-09-01,133.1,133.1,133.1,133.1,133.1,133.1,133.1,133.1,133.1,133.1,133.1,133.1,133.1,133.1,133.1,133.1,133.1,133.1,133.1,133.1,133.1,133.1,133.1,133.1,133.1,133.1,133.1,133.1,133.1,133.1,133.1,133.1,133.1,133.1,133.1,133.1,133.1,133.1,133.1,133.1,133.1,133.1,133.1,133.1,133.1,133.1,133.1,133.1,133.1,133.1,133.1,133.1,133.1,133.1,133.1,133.1,133.1,133.1,133.1,133.1,133.1,133.1,133.1,133.1,133.1,133.1,133.1,133.1,133.1,133.1,133.1,133.1,133.1,133.1,133.1,133.1,133.1,133.1,133.1,133.1,133.1,133.1,133.1,133.1,133.1,133.1,133.1,133.1,133.1,133.1,133.1,133.1,133.1,133.1,133.1,133.1,133.1,133.1,133.1,133.1,133.1,133.1,133.1,133.1,133.1,133.1,133.1,133.1,133.1,133.1,133.1,133.1,133.1,133.1,133.1,133.1,133.1,133.1,133.1,133.1,133.1,133.1,133.1,133.1,133.1,133.1,133.1,133.1,133.1,133.1,133.1,133.1,133.1,133.1,133.1,133.1,133.1,133.1,133.1,133.1,133.1,133.1,133.1,133.1,133.1,133.1,133.1,133.1,133.1,133.1,133.1,133.1,133.1,133.1,133.1,133.1,133.1,133.1,133.1,133.1,133.1,133.1,133.1,133.1,133.1,133.1,133.1,133.1,133.1,133.1,133.1,133.1,133.1,133.1,133.1,133.1,133.1,133.1,133.1,133.1,133.1,133.1,133.1,133.1,133.1,133.1,133.1,133.1,133.1,133.1,133.1,133.1,133.1,133.1,133.1,133.1,133.1,133.1
2006-10-01,133.0,133.0,133.0,133.0,133.0,133.0,133.0,133.0,133.0,133.0,133.0,133.0,133.0,133.0,133.0,133.0,133.0,133.0,133.0,133.0,133.0,133.0,133.0,133.0,133.0,133.0,133.0,133.0,133.0,133.0,133.0,133.0,133.0,133.0,133.0,133.0,133.0,133.0,133.0,133.0,133.0,133.0,133.0,133.0,133.0,133.0,133.0,133.0,133.0,133.0,133.0,133.0,133.0,133.0,133.0,133.0,133.0,133.0,133.0,133.0,133.0,133.0,133.0,133.0,133.0,133.0,133.0,133.0,133.0,133.0,133.0,133.0,133.0,133.0,133.0,133.0,133.0,133.0,133.0,133.0,133.0,133.0,133.0,133.0,133.0,133.0,133.0,133.0,133.0,133.0,133.0,133.0,133.0,133.0,133.0,133.0,133.0,133.0,133.0,133.0,133.0,133.0,133.0,133.0,133.0,133.0,133.0,133.0,133.0,133.0,133.0,133.0,133.0,133.0,133.0,133.0,133.0,133.0,133.0,133.0,133.0,133.0,133.0,133.0,133.0,133.0,133.0,133.0,133.0,133.0,133.0,133.0,133.0,133.0,133.0,133.0,133.0,133.0,133.0,133.0,133.0,133.0,133.0,133.0,133.0,133.0,133.0,133.0,133.0,133.0,133.0,133.0,133.0,133.0,133.0,133.0,133.0,133.0,133.0,133.0,133.0,133.0,133.0,133.0,133.0,133.0,133.0,133.0,133.0,133.0,133.0,133.0,133.0,133.0,133.0,133.0,133.0,133.0,133.0,133.0,133.0,133.0,133.0,133.0,133.0,133.0,133.0,133.0,133.0,133.0,133.0,133.0,133.0,133.0,133.0,133.0,133.0,133.0
2006-11-01,129.9,129.9,129.9,129.9,129.9,129.9,129.9,129.9,129.9,129.9,129.9,129.9,129.9,129.9,129.9,129.9,129.9,129.9,129.9,129.9,129.9,129.9,129.9,129.9,129.9,129.9,129.9,129.9,129.9,129.9,129.9,129.9,129.9,129.9,129.9,129.9,129.9,129.9,129.9,129.9,129.9,129.9,129.9,129.9,129.9,129.9,129.9,129.9,129.9,129.9,129.9,129.9,129.9,129.9,129.9,129.9,129.9,129.9,129.9,129.9,129.9,129.9,129.9,129.9,129.9,129.9,129.9,129.9,129.9,129.9,129.9,129.9,129.9,129.9,129.9,129.9,129.9,129.9,129.9,129.9,129.9,129.9,129.9,129.9,129.9,129.9,129.9,129.9,129.9,129.9,129.9,129.9,129.9,129.9,129.9,129.9,129.9,129.9,129.9,129.9,129.9,129.9,129.9,129.9,129.9,129.9,129.9,129.9,129.9,129.9,129.9,129.9,129.9,129.9,129.9,129.9,129.9,129.9,129.9,129.9,129.9,129.9,129.9,129.9,129.9,129.9,129.9,129.9,129.9,129.9,129.9,129.9,129.9,129.9,129.9,129.9,129.9,129.9,129.9,129.9,129.9,129.9,129.9,129.9,129.9,129.9,129.9,129.9,129.9,129.9,129.9,129.9,129.9,129.9,129.9,129.9,129.9,129.9,129.9,129.9,129.9,129.9,129.9,129.9,129.9,129.9,129.9,129.9,129.9,129.9,129.9,129.9,129.9,129.9,129.9,129.9,129.9,129.9,129.9,129.9,129.9,129.9,129.9,129.9,129.9,129.9,129.9,129.9,129.9,129.9,129.9,129.9,129.9,129.9,129.9,129.9,129.9,129.9
2006-12-01,131.2,131.2,131.2,131.2,131.2,131.2,131.2,131.2,131.2,131.2,131.2,131.2,131.2,131.2,131.2,131.2,131.2,131.2,131.2,131.2,131.2,131.2,131.2,131.2,131.2,131.2,131.2,131.2,131.2,131.2,131.2,131.2,131.2,131.2,131.2,131.2,131.2,131.2,131.2,131.2,131.2,131.2,131.2,131.2,131.2,131.2,131.2,131.2,131.2,131.2,131.2,131.2,131.2,131.2,131.2,131.2,131.2,131.2,131.2,131.2,131.2,131.2,131.2,131.2,131.2,131.2,131.2,131.2,131.2,131.2,131.2,131.2,131.2,131.2,131.2,131.2,131.2,131.2,131.2,131.2,131.2,131.2,131.2,131.2,131.2,131.2,131.2,131.2,131.2,131.2,131.2,131.2,131.2,131.2,131.2,131.2,131.2,131.2,131.2,131.2,131.2,131.2,131.2,131.2,131.2,131.2,131.2,131.2,131.2,131.2,131.2,131.2,131.2,131.2,131.2,131.2,131.2,131.2,131.2,131.2,131.2,131.2,131.2,131.2,131.2,131.2,131.2,131.2,131.2,131.2,131.2,131.2,131.2,131.2,131.2,131.2,131.2,131.2,131.2,131.2,131.2,131.2,131.2,131.2,131.2,131.2,131.2,131.2,131.2,131.2,131.2,131.2,131.2,131.2,131.2,131.2,131.2,131.2,131.2,131.2,131.2,131.2,131.2,131.2,131.2,131.2,131.2,131.2,131.2,131.2,131.2,131.2,131.2,131.2,131.2,131.2,131.2,131.2,131.2,131.2,131.2,131.2,131.2,131.2,131.2,131.2,131.2,131.2,131.2,131.2,131.2,131.2,131.2,131.2,131.2,131.2,131.2,131.2
2007-01-01,132.3,132.3,132.3,132.3,132.3,132.3,132.3,132.3,132.3,132.3,132.3,132.3,132.3,132.3,132.3,132.3,132.3,132.3,132.3,132.3,132.3,132.3,132.3,132.3,132.3,132.3,132.3,132.3,132.3,132.3,132.3,132.3,132.3,132.3,132.3,132.3,132.3,132.3,132.3,132.3,132.3,132.3,132.3,132.3,132.3,132.3,132.3,132.3,132.3,132.3,132.3,132.3,132.3,132.3,132.3,132.3,132.3,132.3,132.3,132.3,132.3,132.3,132.3,132.3,132.3,132.3,132.3,132.3,132.3,132.3,132.3,132.3,132.3,132.3,132.3,132.3,132.3,132.3,132.3,132.3,132.3,132.3,132.3,132.3,132.3,132.3,132.3,132.3,132.3,132.3,132.3,132.3,132.3,132.3,132.3,132.3,132.3,132.3,132.3,132.3,132.3,132.3,132.3,132.3,132.3,132.3,132.3,132.3,132.3,132.3,132.3,132.3,132.3,132.3,132.3,132.3,132.3,132.3,132.3,132.3,132.3,132.3,132.3,132.3,132.3,132.3,132.3,132.3,132.3,132.3,132.3,132.3,132.3,132.3,132.3,132.3,132.3,132.3,132.3,132.3,132.3,132.3,132.3,132.3,132.3,132.3,132.3,132.3,132.3,132.3,132.3,132.3,132.3,132.3,132.3,132.3,132.3,132.3,132.3,132.3,132.3,132.3,132.3,132.3,132.3,132.3,132.3,132.3,132.3,132.3,132.3,132.3,132.3,132.3,132.3,132.3,132.3,132.3,132.3,132.3,132.3,132.3,132.3,132.3,132.3,132.3,132.3,132.3,132.3,132.3,132.3,132.3,132.3,132.3,132.3,132.3,132.3,132.3
2007-02-01,130.8,130.8,130.8,130.8,130.8,130.8,130.8,130.8,130.8,130.8,130.8,130.8,130.8,130.8,130.8,130.8,130.8,130.8,130.8,130.8,130.8,130.8,130.8,130.8,130.8,130.8,130.8,130.8,130.8,130.8,130.8,130.8,130.8,130.8,130.8,130.8,130.8,130.8,130.8,130.8,130.8,130.8,130.8,130.8,130.8,130.8,130.8,130.8,130.8,130.8,130.8,130.8,130.8,130.8,130.8,130.8,130.8,130.8,130.8,130.8,130.8,130.8,130.8,130.8,130.8,130.8,130.8,130.8,130.8,130.8,130.8,130.8,130.8,130.8,130.8,130.8,130.8,130.8,130.8,130.8,130.8,130.8,130.8,130.8,130.8,130.8,130.8,130.8,130.8,130.8,130.8,130.8,130.8,130.8,130.8,130.8,130.8,130.8,130.8,130.8,130.8,130.8,130.8,130.8,130.8,130.8,130.8,130.8,130.8,130.8,130.8,130.8,130.8,130.8,130.8,130.8,130.8,130.8,130.8,130.8,130.8,130.8,130.8,130.8,130.8,130.8,130.8,130.8,130.8,130.8,130.8,130.8,130.8,130.8,130.8,130.8,130.8,130.8,130.8,130.8,130.8,130.8,130.8,130.8,130.8,130.8,130.8,130.8,130.8,130.8,130.8,130.8,130.8,130.8,130.8,130.8,130.8,130.8,130.8,130.8,130.8,130.8,130.8,130.8,130.8,130.8,130.8,130.8,130.8,130.8,130.8,130.8,130.8,130.8,130.8,130.8,130.8,130.8,130.8,130.8,130.8,130.8,130.8,130.8,130.8,130.8,130.8,130.8,130.8,130.8,130.8,130.8,130.8,130.8,130.8,130.8,130.8,130.8
2007-03-01,130.7,130.7,130.7,130.7,130.7,130.7,130.7,130.7,130.7,130.7,130.7,130.7,130.7,130.7,130.7,130.7,130.7,130.7,130.7,130.7,130.7,130.7,130.7,130.7,130.7,130.7,130.7,130.7,130.7,130.7,130.7,130.7,130.7,130.7,130.7,130.7,130.7,130.7,130.7,130.7,130.7,130.7,130.7,130.7,130.7,130.7,130.7,130.7,130.7,130.7,130.7,130.7,130.7,130.7,130.7,130.7,130.7,130.7,130.7,130.7,130.7,130.7,130.7,130.7,130.7,130.7,130.7,130.7,130.7,130.7,130.7,130.7,130.7,130.7,130.7,130.7,130.7,130.7,130.7,130.7,130.7,130.7,130.7,130.7,130.7,130.7,130.7,130.7,130.7,130.7,130.7,130.7,130.7,130.7,130.7,130.7,130.7,130.7,130.7,130.7,130.7,130.7,130.7,130.7,130.7,130.7,130.7,130.7,130.7,130.7,130.7,130.7,130.7,130.7,130.7,130.7,130.7,130.7,130.7,130.7,130.7,130.7,130.7,130.7,130.7,130.7,130.7,130.7,130.7,130.7,130.7,130.7,130.7,130.7,130.7,130.7,130.7,130.7,130.7,130.7,130.7,130.7,130.7,130.7,130.7,130.7,130.7,130.7,130.7,130.7,130.7,130.7,130.7,130.7,130.7,130.7,130.7,130.7,130.7,130.7,130.7,130.7,130.7,130.7,130.7,130.7,130.7,130.7,130.7,130.7,130.7,130.7,130.7,130.7,130.7,130.7,130.7,130.7,130.7,130.7,130.7,130.7,130.7,130.7,130.7,130.7,130.7,130.7,130.7,130.7,130.7,130.7,130.7,130.7,130.7,130.7,130.7,130.7
2007-04-01,131.1,131.1,131.1,131.1,131.1,131.1,131.1,131.1,131.1,131.1,131.1,131.1,131.1,131.1,131.1,131.1,131.1,131.1,131.1,131.1,131.1,131.1,131.1,131.1,131.1,131.1,131.1,131.1,131.1,131.1,131.1,131.1,131.1,131.1,131.1,131.1,131.1,131.1,131.1,131.1,131.1,131.1,131.1,131.1,131.1,131.1,131.1,131.1,131.1,131.1,131.1,131.1,131.1,131.1,131.1,131.1,131.1,131.1,131.1,131.1,131.1,131.1,131.1,131.1,131.1,131.1,131.1,131.1,131.1,131.1,131.1,131.1,131.1,131.1,131.1,131.1,131.1,131.1,131.1,131.1,131.1,131.1,131.1,131.1,131.1,131.1,131.1,131.1,131.1,131.1,131.1,131.1,131.1,131.1,131.1,131.1,131.1,131.1,131.1,131.1,131.1,131.1,131.1,131.1,131.1,131.1,131.1,131.1,131.1,131.1,131.1,131.1,131.1,131.1,131.1,131.1,131.1,131.1,131.1,131.1,131.1,131.1,131.1,131.1,131.1,131.1,131.1,131.1,131.1,131.1,131.1,131.1,131.1,131.1,131.1,131.1,131.1,131.1,131.1,131.1,131.1,131.1,131.1,131.1,131.1,131.1,131.1,131.1,131.1,131.1,131.1,131.1,131.1,131.1,131.1,131.1,131.1,131.1,131.1,131.1,131.1,131.1,131.1,131.1,131.1,131.1,131.1,131.1,131.1,131.1,131.1,131.1,131.1,131.1,131.1,131.1,131.1,131.1,131.1,131.1,131.1,131.1,131.1,131.1,131.1,131.1,131.1,131.1,131.1,131.1,131.1,131.1,131.1,131.1,131.1,131.1,131.1,131.1
2007-05-01,132.5,132.5,132.5,132.5,132.5,132.5,132.5,132.5,132.5,132.5,132.5,132.5,132.5,132.5,132.5,132.5,132.5,132.5,132.5,132.5,132.5,132.5,132.5,132.5,132.5,132.5,132.5,132.5,132.5,132.5,132.5,132.5,132.5,132.5,132.5,132.5,132.5,132.5,132.5,132.5,132.5,132.5,132.5,132.5,132.5,132.5,132.5,132.5,132.5,132.5,132.5,132.5,132.5,132.5,132.5,132.5,132.5,132.5,132.5,132.5,132.5,132.5,132.5,132.5,132.5,132.5,132.5,132.5,132.5,132.5,132.5,132.5,132.5,132.5,132.5,132.5,132.5,132.5,132.5,132.5,132.5,132.5,132.5,132.5,132.5,132.5,132.5,132.5,132.5,132.5,132.5,132.5,132.5,132.5,132.5,132.5,132.5,132.5,132.5,132.5,132.5,132.5,132.5,132.5,132.5,132.5,132.5,132.5,132.5,132.5,132.5,132.5,132.5,132.5,132.5,132.5,132.5,132.5,132.5,132.5,132.5,132.5,132.5,132.5,132.5,132.5,132.5,132.5,132.5,132.5,132.5,132.5,132.5,132.5,132.5,132.5,132.5,132.5,132.5,132.5,132.5,132.5,132.5,132.5,132.5,132.5,132.5,132.5,132.5,132.5,132.5,132.5,132.5,132.5,132.5,132.5,132.5,132.5,132.5,132.5,132.5,132.5,132.5,132.5,132.5,132.5,132.5,132.5,132.5,132.5,132.5,132.5,132.5,132.5,132.5,132.5,132.5,132.5,132.5,132.5,132.5,132.5,132.5,132.5,132.5,132.5,132.5,132.5,132.5,132.5,132.5,132.5,132.5,132.5,132.5,132.5,132.5,132.5
2007-06-01,132.3,132.3,132.3,132.3,132.3,132.3,132.3,132.3,132.3,132.3,132.3,132.3,132.3,132.3,132.3,132.3,132.3,132.3,132.3,132.3,132.3,132.3,132.3,132.3,132.3,132.3,132.3,132.3,132.3,132.3,132.3,132.3,132.3,132.3,132.3,132.3,132.3,132.3,132.3,132.3,132.3,132.3,132.3,132.3,132.3,132.3,132.3,132.3,132.3,132.3,132.3,132.3,132.3,132.3,132.3,132.3,132.3,132.3,132.3,132.3,132.3,132.3,132.3,132.3,132.3,132.3,132.3,132.3,132.3,132.3,132.3,132.3,132.3,132.3,132.3,132.3,132.3,132.3,132.3,132.3,132.3,132.3,132.3,132.3,132.3,132.3,132.3,132.3,132.3,132.3,132.3,132.3,132.3,132.3,132.3,132.3,132.3,132.3,132.3,132.3,132.3,132.3,132.3,132.3,132.3,132.3,132.3,132.3,132.3,132.3,132.3,132.3,132.3,132.3,132.3,132.3,132.3,132.3,132.3,132.3,132.3,132.3,132.3,132.3,132.3,132.3,132.3,132.3,132.3,132.3,132.3,132.3,132.3,132.3,132.3,132.3,132.3,132.3,132.3,132.3,132.3,132.3,132.3,132.3,132.3,132.3,132.3,132.3,132.3,132.3,132.3,132.3,132.3,132.3,132.3,132.3,132.3,132.3,132.3,132.3,132.3,132.3,132.3,132.3,132.3,132.3,132.3,132.3,132.3,132.3,132.3,132.3,132.3,132.3,132.3,132.3,132.3,132.3,132.3,132.3,132.3,132.3,132.3,132.3,132.3,132.3,132.3,132.3,132.3,132.3,132.3,132.3,132.3,132.3,132.3,132.3,132.3,132.3
2007-07-01,132.3,132.3,132.3,132.3,132.3,132.3,132.3,132.3,132.3,132.3,132.3,132.3,132.3,132.3,132.3,132.3,132.3,132.3,132.3,132.3,132.3,132.3,132.3,132.3,132.3,132.3,132.3,132.3,132.3,132.3,132.3,132.3,132.3,132.3,132.3,132.3,132.3,132.3,132.3,132.3,132.3,132.3,132.3,132.3,132.3,132.3,132.3,132.3,132.3,132.3,132.3,132.3,132.3,132.3,132.3,132.3,132.3,132.3,132.3,132.3,132.3,132.3,132.3,132.3,132.3,132.3,132.3,132.3,132.3,132.3,132.3,132.3,132.3,132.3,132.3,132.3,132.3,132.3,132.3,132.3,132.3,132.3,132.3,132.3,132.3,132.3,132.3,132.3,132.3,132.3,132.3,132.3,132.3,132.3,132.3,132.3,132.3,132.3,132.3,132.3,132.3,132.3,132.3,132.3,132.3,132.3,132.3,132.3,132.3,132.3,132.3,132.3,132.3,132.3,132.3,132.3,132.3,132.3,132.3,132.3,132.3,132.3,132.3,132.3,132.3,132.3,132.3,132.3,132.3,132.3,132.3,132.3,132.3,132.3,132.3,132.3,132.3,132.3,132.3,132.3,132.3,132.3,132.3,132.3,132.3,132.3,132.3,132.3,132.3,132.3,132.3,132.3,132.3,132.3,132.3,132.3,132.3,132.3,132.3,132.3,132.3,132.3,132.3,132.3,132.3,132.3,132.3,132.3,132.3,132.3,132.3,132.3,132.3,132.3,132.3,132.3,132.3,132.3,132.3,132.3,132.3,132.3,132.3,132.3,132.3,132.3,132.3,132.3,132.3,132.3,132.3,132.3,132.3,132.3,132.3,132.3,132.3,132.3
2007-08-01,134.0,134.0,134.0,134.0,134.0,134.0,134.0,134.0,134.0,134.0,134.0,134.0,134.0,134.0,134.0,134.0,134.0,134.0,134.0,134.0,134.0,134.0,134.0,134.0,134.0,134.0,134.0,134.0,134.0,134.0,134.0,134.0,134.0,134.0,134.0,134.0,134.0,134.0,134.0,134.0,134.0,134.0,134.0,134.0,134.0,134.0,134.0,134.0,134.0,134.0,134.0,134.0,134.0,134.0,134.0,134.0,134.0,134.0,134.0,134.0,134.0,134.0,134.0,134.0,134.0,134.0,134.0,134.0,134.0,134.0,134.0,134.0,134.0,134.0,134.0,134.0,134.0,134.0,134.0,134.0,134.0,134.0,134.0,134.0,134.0,134.0,134.0,134.0,134.0,134.0,134.0,134.0,134.0,134.0,134.0,134.0,134.0,134.0,134.0,134.0,134.0,134.0,134.0,134.0,134.0,134.0,134.0,134.0,134.0,134.0,134.0,134.0,134.0,134.0,134.0,134.0,134.0,134.0,134.0,134.0,134.0,134.0,134.0,134.0,134.0,134.0,134.0,134.0,134.0,134.0,134.0,134.0,134.0,134.0,134.0,134.0,134.0,134.0,134.0,134.0,134.0,134.0,134.0,134.0,134.0,134.0,134.0,134.0,134.0,134.0,134.0,134.0,134.0,134.0,134.0,134.0,134.0,134.0,134.0,134.0,134.0,134.0,134.0,134.0,134.0,134.0,134.0,134.0,134.0,134.0,134.0,134.0,134.0,134.0,134.0,134.0,134.0,134.0,134.0,134.0,134.0,134.0,134.0,134.0,134.0,134.0,134.0,134.0,134.0,134.0,134.0,134.0,134.0,134.0,134.0,134.0,134.0,134.0
2007-09-01,134.2,134.2,134.2,134.2,134.2,134.2,134.2,134.2,134.2,134.2,134.2,134.2,134.2,134.2,134.2,134.2,134.2,134.2,134.2,134.2,134.2,134.2,134.2,134.2,134.2,134.2,134.2,134.2,134.2,134.2,134.2,134.2,134.2,134.2,134.2,134.2,134.2,134.2,134.2,134.2,134.2,134.2,134.2,134.2,134.2,134.2,134.2,134.2,134.2,134.2,134.2,134.2,134.2,134.2,134.2,134.2,134.2,134.2,134.2,134.2,134.2,134.2,134.2,134.2,134.2,134.2,134.2,134.2,134.2,134.2,134.2,134.2,134.2,134.2,134.2,134.2,134.2,134.2,134.2,134.2,134.2,134.2,134.2,134.2,134.2,134.2,134.2,134.2,134.2,134.2,134.2,134.2,134.2,134.2,134.2,134.2,134.2,134.2,134.2,134.2,134.2,134.2,134.2,134.2,134.2,134.2,134.2,134.2,134.2,134.2,134.2,134.2,134.2,134.2,134.2,134.2,134.2,134.2,134.2,134.2,134.2,134.2,134.2,134.2,134.2,134.2,134.2,134.2,134.2,134.2,134.2,134.2,134.2,134.2,134.2,134.2,134.2,134.2,134.2,134.2,134.2,134.2,134.2,134.2,134.2,134.2,134.2,134.2,134.2,134.2,134.2,134.2,134.2,134.2,134.2,134.2,134.2,134.2,134.2,134.2,134.2,134.2,134.2,134.2,134.2,134.2,134.2,134.2,134.2,134.2,134.2,134.2,134.2,134.2,134.2,134.2,134.2,134.2,134.2,134.2,134.2,134.2,134.2,134.2,134.2,134.2,134.2,134.2,134.2,134.2,134.2,134.2,134.2,134.2,134.2,134.2,134.2,134.2
2007-10-01,135.3,135.3,135.3,135.3,135.3,135.3,135.3,135.3,135.3,135.3,135.3,135.3,135.3,135.3,135.3,135.3,135.3,135.3,135.3,135.3,135.3,135.3,135.3,135.3,135.3,135.3,135.3,135.3,135.3,135.3,135.3,135.3,135.3,135.3,135.3,135.3,135.3,135.3,135.3,135.3,135.3,135.3,135.3,135.3,135.3,135.3,135.3,135.3,135.3,135.3,135.3,135.3,135.3,135.3,135.3,135.3,135.3,135.3,135.3,135.3,135.3,135.3,135.3,135.3,135.3,135.3,135.3,135.3,135.3,135.3,135.3,135.3,135.3,135.3,135.3,135.3,135.3,135.3,135.3,135.3,135.3,135.3,135.3,135.3,135.3,135.3,135.3,135.3,135.3,135.3,135.3,135.3,135.3,135.3,135.3,135.3,135.3,135.3,135.3,135.3,135.3,135.3,135.3,135.3,135.3,135.3,135.3,135.3,135.3,135.3,135.3,135.3,135.3,135.3,135.3,135.3,135.3,135.3,135.3,135.3,135.3,135.3,135.3,135.3,135.3,135.3,135.3,135.3,135.3,135.3,135.3,135.3,135.3,135.3,135.3,135.3,135.3,135.3,135.3,135.3,135.3,135.3,135.3,135.3,135.3,135.3,135.3,135.3,135.3,135.3,135.3,135.3,135.3,135.3,135.3,135.3,135.3,135.3,135.3,135.3,135.3,135.3,135.3,135.3,135.3,135.3,135.3,135.3,135.3,135.3,135.3,135.3,135.3,135.3,135.3,135.3,135.3,135.3,135.3,135.3,135.3,135.3,135.3,135.3,135.3,135.3,135.3,135.3,135.3,135.3,135.3,135.3,135.3,135.3,135.3,135.3,135.3,135.3
2007-11-01,138.2,138.2,138.2,138.2,138.2,138.2,138.2,138.2,138.2,138.2,138.2,138.2,138.2,138.2,138.2,138.2,138.2,138.2,138.2,138.2,138.2,138.2,138.2,138.2,138.2,138.2,138.2,138.2,138.2,138.2,138.2,138.2,138.2,138.2,138.2,138.2,138.2,138.2,138.2,138.2,138.2,138.2,138.2,138.2,138.2,138.2,138.2,138.2,138.2,138.2,138.2,138.2,138.2,138.2,138.2,138.2,138.2,138.2,138.2,138.2,138.2,138.2,138.2,138.2,138.2,138.2,138.2,138.2,138.2,138.2,138.2,138.2,138.2,138.2,138.2,138.2,138.2,138.2,138.2,138.2,138.2,138.2,138.2,138.2,138.2,138.2,138.2,138.2,138.2,138.2,138.2,138.2,138.2,138.2,138.2,138.2,138.2,138.2,138.2,138.2,138.2,138.2,138.2,138.2,138.2,138.2,138.2,138.2,138.2,138.2,138.2,138.2,138.2,138.2,138.2,138.2,138.2,138.2,138.2,138.2,138.2,138.2,138.2,138.2,138.2,138.2,138.2,138.2,138.2,138.2,138.2,138.2,138.2,138.2,138.2,138.2,138.2,138.2,138.2,138.2,138.2,138.2,138.2,138.2,138.2,138.2,138.2,138.2,138.2,138.2,138.2,138.2,138.2,138.2,138.2,138.2,138.2,138.2,138.2,138.2,138.2,138.2,138.2,138.2,138.2,138.2,138.2,138.2,138.2,138.2,138.2,138.2,138.2,138.2,138.2,138.2,138.2,138.2,138.2,138.2,138.2,138.2,138.2,138.2,138.2,138.2,138.2,138.2,138.2,138.2,138.2,138.2,138.2,138.2,138.2,138.2,138.2,138.2
2007-12-01,141.8,141.8,141.8,141.8,141.8,141.8,141.8,141.8,141.8,141.8,141.8,141.8,141.8,141.8,141.8,141.8,141.8,141.8,141.8,141.8,141.8,141.8,141.8,141.8,141.8,141.8,141.8,141.8,141.8,141.8,141.8,141.8,141.8,141.8,141.8,141.8,141.8,141.8,141.8,141.8,141.8,141.8,141.8,141.8,141.8,141.8,141.8,141.8,141.8,141.8,141.8,141.8,141.8,141.8,141.8,141.8,141.8,141.8,141.8,141.8,141.8,141.8,141.8,141.8,141.8,141.8,141.8,141.8,141.8,141.8,141.8,141.8,141.8,141.8,141.8,141.8,141.8,141.8,141.8,141.8,141.8,141.8,141.8,141.8,141.8,141.8,141.8,141.8,141.8,141.8,141.8,141.8,141.8,141.8,141.8,141.8,141.8,141.8,141.8,141.8,141.8,141.8,141.8,141.8,141.8,141.8,141.8,141.8,141.8,141.8,141.8,141.8,141.8,141.8,141.8,141.8,141.8,141.8,141.8,141.8,141.8,141.8,141.8,141.8,141.8,141.8,141.8,141.8,141.8,141.8,141.8,141.8,141.8,141.8,141.8,141.8,141.8,141.8,141.8,141.8,141.8,141.8,141.8,141.8,141.8,141.8,141.8,141.8,141.8,141.8,141.8,141.8,141.8,141.8,141.8,141.8,141.8,141.8,141.8,141.8,141.8,141.8,141.8,141.8,141.8,141.8,141.8,141.8,141.8,141.8,141.8,141.8,141.8,141.8,141.8,141.8,141.8,141.8,141.8,141.8,141.8,141.8,141.8,141.8,141.8,141.8,141.8,141.8,141.8,141.8,141.8,141.8,141.8,141.8,141.8,141.8,141.8,141.8
2008-01-01,141.9,141.9,141.9,141.9,141.9,141.9,141.9,141.9,141.9,141.9,141.9,141.9,141.9,141.9,141.9,141.9,141.9,141.9,141.9,141.9,141.9,141.9,141.9,141.9,141.9,141.9,141.9,141.9,141.9,141.9,141.9,141.9,141.9,141.9,141.9,141.9,141.9,141.9,141.9,141.9,141.9,141.9,141.9,141.9,141.9,141.9,141.9,141.9,141.9,141.9,141.9,141.9,141.9,141.9,141.9,141.9,141.9,141.9,141.9,141.9,141.9,141.9,141.9,141.9,141.9,141.9,141.9,141.9,141.9,141.9,141.9,141.9,141.9,141.9,141.9,141.9,141.9,141.9,141.9,141.9,141.9,141.9,141.9,141.9,141.9,141.9,141.9,141.9,141.9,141.9,141.9,141.9,141.9,141.9,141.9,141.9,141.9,141.9,141.9,141.9,141.9,141.9,141.9,141.9,141.9,141.9,141.9,141.9,141.9,141.9,141.9,141.9,141.9,141.9,141.9,141.9,141.9,141.9,141.9,141.9,141.9,141.9,141.9,141.9,141.9,141.9,141.9,141.9,141.9,141.9,141.9,141.9,141.9,141.9,141.9,141.9,141.9,141.9,141.9,141.9,141.9,141.9,141.9,141.9,141.9,141.9,141.9,141.9,141.9,141.9,141.9,141.9,141.9,141.9,141.9,141.9,141.9,141.9,141.9,141.9,141.9,141.9,141.9,141.9,141.9,141.9,141.9,141.9,141.9,141.9,141.9,141.9,141.9,141.9,141.9,141.9,141.9,141.9,141.9,141.9,141.9,141.9,141.9,141.9,141.9,141.9,141.9,141.9,141.9,141.9,141.9,141.9,141.9,141.9,141.9,141.9,141.9,141.9
2008-02-01,142.8,142.8,142.8,142.8,142.8,142.8,142.8,142.8,142.8,142.8,142.8,142.8,142.8,142.8,142.8,142.8,142.8,142.8,142.8,142.8,142.8,142.8,142.8,142.8,142.8,142.8,142.8,142.8,142.8,142.8,142.8,142.8,142.8,142.8,142.8,142.8,142.8,142.8,142.8,142.8,142.8,142.8,142.8,142.8,142.8,142.8,142.8,142.8,142.8,142.8,142.8,142.8,142.8,142.8,142.8,142.8,142.8,142.8,142.8,142.8,142.8,142.8,142.8,142.8,142.8,142.8,142.8,142.8,142.8,142.8,142.8,142.8,142.8,142.8,142.8,142.8,142.8,142.8,142.8,142.8,142.8,142.8,142.8,142.8,142.8,142.8,142.8,142.8,142.8,142.8,142.8,142.8,142.8,142.8,142.8,142.8,142.8,142.8,142.8,142.8,142.8,142.8,142.8,142.8,142.8,142.8,142.8,142.8,142.8,142.8,142.8,142.8,142.8,142.8,142.8,142.8,142.8,142.8,142.8,142.8,142.8,142.8,142.8,142.8,142.8,142.8,142.8,142.8,142.8,142.8,142.8,142.8,142.8,142.8,142.8,142.8,142.8,142.8,142.8,142.8,142.8,142.8,142.8,142.8,142.8,142.8,142.8,142.8,142.8,142.8,142.8,142.8,142.8,142.8,142.8,142.8,142.8,142.8,142.8,142.8,142.8,142.8,142.8,142.8,142.8,142.8,142.8,142.8,142.8,142.8,142.8,142.8,142.8,142.8,142.8,142.8,142.8,142.8,142.8,142.8,142.8,142.8,142.8,142.8,142.8,142.8,142.8,142.8,142.8,142.8,142.8,142.8,142.8,142.8,142.8,142.8,142.8,142.8
2008-03-01,144.4,144.4,144.4,144.4,144.4,144.4,144.4,144.4,144.4,144.4,144.4,144.4,144.4,144.4,144.4,144.4,144.4,144.4,144.4,144.4,144.4,144.4,144.4,144.4,144.4,144.4,144.4,144.4,144.4,144.4,144.4,144.4,144.4,144.4,144.4,144.4,144.4,144.4,144.4,144.4,144.4,144.4,144.4,144.4,144.4,144.4,144.4,144.4,144.4,144.4,144.4,144.4,144.4,144.4,144.4,144.4,144.4,144.4,144.4,144.4,144.4,144.4,144.4,144.4,144.4,144.4,144.4,144.4,144.4,144.4,144.4,144.4,144.4,144.4,144.4,144.4,144.4,144.4,144.4,144.4,144.4,144.4,144.4,144.4,144.4,144.4,144.4,144.4,144.4,144.4,144.4,144.4,144.4,144.4,144.4,144.4,144.4,144.4,144.4,144.4,144.4,144.4,144.4,144.4,144.4,144.4,144.4,144.4,144.4,144.4,144.4,144.4,144.4,144.4,144.4,144.4,144.4,144.4,144.4,144.4,144.4,144.4,144.4,144.4,144.4,144.4,144.4,144.4,144.4,144.4,144.4,144.4,144.4,144.4,144.4,144.4,144.4,144.4,144.4,144.4,144.4,144.4,144.4,144.4,144.4,144.4,144.4,144.4,144.4,144.4,144.4,144.4,144.4,144.4,144.4,144.4,144.4,144.4,144.4,144.4,144.4,144.4,144.4,144.4,144.4,144.4,144.4,144.4,144.4,144.4,144.4,144.4,144.4,144.4,144.4,144.4,144.4,144.4,144.4,144.4,144.4,144.4,144.4,144.4,144.4,144.4,144.4,144.4,144.4,144.4,144.4,144.4,144.4,144.4,144.4,144.4,144.4,144.4
2008-04-01,150.7,150.7,150.7,150.7,150.7,150.7,150.7,150.7,150.7,150.7,150.7,150.7,150.7,150.7,150.7,150.7,150.7,150.7,150.7,150.7,150.7,150.7,150.7,150.7,150.7,150.7,150.7,150.7,150.7,150.7,150.7,150.7,150.7,150.7,150.7,150.7,150.7,150.7,150.7,150.7,150.7,150.7,150.7,150.7,150.7,150.7,150.7,150.7,150.7,150.7,150.7,150.7,150.7,150.7,150.7,150.7,150.7,150.7,150.7,150.7,150.7,150.7,150.7,150.7,150.7,150.7,150.7,150.7,150.7,150.7,150.7,150.7,150.7,150.7,150.7,150.7,150.7,150.7,150.7,150.7,150.7,150.7,150.7,150.7,150.7,150.7,150.7,150.7,150.7,150.7,150.7,150.7,150.7,150.7,150.7,150.7,150.7,150.7,150.7,150.7,150.7,150.7,150.7,150.7,150.7,150.7,150.7,150.7,150.7,150.7,150.7,150.7,150.7,150.7,150.7,150.7,150.7,150.7,150.7,150.7,150.7,150.7,150.7,150.7,150.7,150.7,150.7,150.7,150.7,150.7,150.7,150.7,150.7,150.7,150.7,150.7,150.7,150.7,150.7,150.7,150.7,150.7,150.7,150.7,150.7,150.7,150.7,150.7,150.7,150.7,150.7,150.7,150.7,150.7,150.7,150.7,150.7,150.7,150.7,150.7,150.7,150.7,150.7,150.7,150.7,150.7,150.7,150.7,150.7,150.7,150.7,150.7,150.7,150.7,150.7,150.7,150.7,150.7,150.7,150.7,150.7,150.7,150.7,150.7,150.7,150.7,150.7,150.7,150.7,150.7,150.7,150.7,150.7,150.7,150.7,150.7,150.7,150.7
2008-05-01,157.3,157.3,157.3,157.3,157.3,157.3,157.3,157.3,157.3,157.3,157.3,157.3,157.3,157.3,157.3,157.3,157.3,157.3,157.3,157.3,157.3,157.3,157.3,157.3,157.3,157.3,157.3,157.3,157.3,157.3,157.3,157.3,157.3,157.3,157.3,157.3,157.3,157.3,157.3,157.3,157.3,157.3,157.3,157.3,157.3,157.3,157.3,157.3,157.3,157.3,157.3,157.3,157.3,157.3,157.3,157.3,157.3,157.3,157.3,157.3,157.3,157.3,157.3,157.3,157.3,157.3,157.3,157.3,157.3,157.3,157.3,157.3,157.3,157.3,157.3,157.3,157.3,157.3,157.3,157.3,157.3,157.3,157.3,157.3,157.3,157.3,157.3,157.3,157.3,157.3,157.3,157.3,157.3,157.3,157.3,157.3,157.3,157.3,157.3,157.3,157.3,157.3,157.3,157.3,157.3,157.3,157.3,157.3,157.3,157.3,157.3,157.3,157.3,157.3,157.3,157.3,157.3,157.3,157.3,157.3,157.3,157.3,157.3,157.3,157.3,157.3,157.3,157.3,157.3,157.3,157.3,157.3,157.3,157.3,157.3,157.3,157.3,157.3,157.3,157.3,157.3,157.3,157.3,157.3,157.3,157.3,157.3,157.3,157.3,157.3,157.3,157.3,157.3,157.3,157.3,157.3,157.3,157.3,157.3,157.3,157.3,157.3,157.3,157.3,157.3,157.3,157.3,157.3,157.3,157.3,157.3,157.3,157.3,157.3,157.3,157.3,157.3,157.3,157.3,157.3,157.3,157.3,157.3,157.3,157.3,157.3,157.3,157.3,157.3,157.3,157.3,157.3,157.3,157.3,157.3,157.3,157.3,157.3
2008-06-01,158.7,158.7,158.7,158.7,158.7,158.7,158.7,158.7,158.7,158.7,158.7,158.7,158.7,158.7,158.7,158.7,158.7,158.7,158.7,158.7,158.7,158.7,158.7,158.7,158.7,158.7,158.7,158.7,158.7,158.7,158.7,158.7,158.7,158.7,158.7,158.7,158.7,158.7,158.7,158.7,158.7,158.7,158.7,158.7,158.7,158.7,158.7,158.7,158.7,158.7,158.7,158.7,158.7,158.7,158.7,158.7,158.7,158.7,158.7,158.7,158.7,158.7,158.7,158.7,158.7,158.7,158.7,158.7,158.7,158.7,158.7,158.7,158.7,158.7,158.7,158.7,158.7,158.7,158.7,158.7,158.7,158.7,158.7,158.7,158.7,158.7,158.7,158.7,158.7,158.7,158.7,158.7,158.7,158.7,158.7,158.7,158.7,158.7,158.7,158.7,158.7,158.7,158.7,158.7,158.7,158.7,158.7,158.7,158.7,158.7,158.7,158.7,158.7,158.7,158.7,158.7,158.7,158.7,158.7,158.7,158.7,158.7,158.7,158.7,158.7,158.7,158.7,158.7,158.7,158.7,158.7,158.7,158.7,158.7,158.7,158.7,158.7,158.7,158.7,158.7,158.7,158.7,158.7,158.7,158.7,158.7,158.7,158.7,158.7,158.7,158.7,158.7,158.7,158.7,158.7,158.7,158.7,158.7,158.7,158.7,158.7,158.7,158.7,158.7,158.7,158.7,158.7,158.7,158.7,158.7,158.7,158.7,158.7,158.7,158.7,158.7,158.7,158.7,158.7,158.7,158.7,158.7,158.7,158.7,158.7,158.7,158.7,158.7,158.7,158.7,158.7,158.7,158.7,158.7,158.7,158.7,158.7,158.7
2008-07-01,162.6,162.6,162.6,162.6,162.6,162.6,162.6,162.6,162.6,162.6,162.6,162.6,162.6,162.6,162.6,162.6,162.6,162.6,162.6,162.6,162.6,162.6,162.6,162.6,162.6,162.6,162.6,162.6,162.6,162.6,162.6,162.6,162.6,162.6,162.6,162.6,162.6,162.6,162.6,162.6,162.6,162.6,162.6,162.6,162.6,162.6,162.6,162.6,162.6,162.6,162.6,162.6,162.6,162.6,162.6,162.6,162.6,162.6,162.6,162.6,162.6,162.6,162.6,162.6,162.6,162.6,162.6,162.6,162.6,162.6,162.6,162.6,162.6,162.6,162.6,162.6,162.6,162.6,162.6,162.6,162.6,162.6,162.6,162.6,162.6,162.6,162.6,162.6,162.6,162.6,162.6,162.6,162.6,162.6,162.6,162.6,162.6,162.6,162.6,162.6,162.6,162.6,162.6,162.6,162.6,162.6,162.6,162.6,162.6,162.6,162.6,162.6,162.6,162.6,162.6,162.6,162.6,162.6,162.6,162.6,162.6,162.6,162.6,162.6,162.6,162.6,162.6,162.6,162.6,162.6,162.6,162.6,162.6,162.6,162.6,162.6,162.6,162.6,162.6,162.6,162.6,162.6,162.6,162.6,162.6,162.6,162.6,162.6,162.6,162.6,162.6,162.6,162.6,162.6,162.6,162.6,162.6,162.6,162.6,162.6,162.6,162.6,162.6,162.6,162.6,162.6,162.6,162.6,162.6,162.6,162.6,162.6,162.6,162.6,162.6,162.6,162.6,162.6,162.6,162.6,162.6,162.6,162.6,162.6,162.6,162.6,162.6,162.6,162.6,162.6,162.6,162.6,162.6,162.6,162.6,162.6,162.6,162.6
2008-08-01,162.3,162.3,162.3,162.3,162.3,162.3,162.3,162.3,162.3,162.3,162.3,162.3,162.3,162.3,162.3,162.3,162.3,162.3,162.3,162.3,162.3,162.3,162.3,162.3,162.3,162.3,162.3,162.3,162.3,162.3,162.3,162.3,162.3,162.3,162.3,162.3,162.3,162.3,162.3,162.3,162.3,162.3,162.3,162.3,162.3,162.3,162.3,162.3,162.3,162.3,162.3,162.3,162.3,162.3,162.3,162.3,162.3,162.3,162.3,162.3,162.3,162.3,162.3,162.3,162.3,162.3,162.3,162.3,162.3,162.3,162.3,162.3,162.3,162.3,162.3,162.3,162.3,162.3,162.3,162.3,162.3,162.3,162.3,162.3,162.3,162.3,162.3,162.3,162.3,162.3,162.3,162.3,162.3,162.3,162.3,162.3,162.3,162.3,162.3,162.3,162.3,162.3,162.3,162.3,162.3,162.3,162.3,162.3,162.3,162.3,162.3,162.3,162.3,162.3,162.3,162.3,162.3,162.3,162.3,162.3,162.3,162.3,162.3,162.3,162.3,162.3,162.3,162.3,162.3,162.3,162.3,162.3,162.3,162.3,162.3,162.3,162.3,162.3,162.3,162.3,162.3,162.3,162.3,162.3,162.3,162.3,162.3,162.3,162.3,162.3,162.3,162.3,162.3,162.3,162.3,162.3,162.3,162.3,162.3,162.3,162.3,162.3,162.3,162.3,162.3,162.3,162.3,162.3,162.3,162.3,162.3,162.3,162.3,162.3,162.3,162.3,162.3,162.3,162.3,162.3,162.3,162.3,162.3,162.3,162.3,162.3,162.3,162.3,162.3,162.3,162.3,162.3,162.3,162.3,162.3,162.3,162.3,162.3
2008-09-01,157.1,157.1,157.1,157.1,157.1,157.1,157.1,157.1,157.1,157.1,157.1,157.1,157.1,157.1,157.1,157.1,157.1,157.1,157.1,157.1,157.1,157.1,157.1,157.1,157.1,157.1,157.1,157.1,157.1,157.1,157.1,157.1,157.1,157.1,157.1,157.1,157.1,157.1,157.1,157.1,157.1,157.1,157.1,157.1,157.1,157.1,157.1,157.1,157.1,157.1,157.1,157.1,157.1,157.1,157.1,157.1,157.1,157.1,157.1,157.1,157.1,157.1,157.1,157.1,157.1,157.1,157.1,157.1,157.1,157.1,157.1,157.1,157.1,157.1,157.1,157.1,157.1,157.1,157.1,157.1,157.1,157.1,157.1,157.1,157.1,157.1,157.1,157.1,157.1,157.1,157.1,157.1,157.1,157.1,157.1,157.1,157.1,157.1,157.1,157.1,157.1,157.1,157.1,157.1,157.1,157.1,157.1,157.1,157.1,157.1,157.1,157.1,157.1,157.1,157.1,157.1,157.1,157.1,157.1,157.1,157.1,157.1,157.1,157.1,157.1,157.1,157.1,157.1,157.1,157.1,157.1,157.1,157.1,157.1,157.1,157.1,157.1,157.1,157.1,157.1,157.1,157.1,157.1,157.1,157.1,157.1,157.1,157.1,157.1,157.1,157.1,157.1,157.1,157.1,157.1,157.1,157.1,157.1,157.1,157.1,157.1,157.1,157.1,157.1,157.1,157.1,157.1,157.1,157.1,157.1,157.1,157.1,157.1,157.1,157.1,157.1,157.1,157.1,157.1,157.1,157.1,157.1,157.1,157.1,157.1,157.1,157.1,157.1,157.1,157.1,157.1,157.1,157.1,157.1,157.1,157.1,157.1,157.1
2008-10-01,151.9,151.9,151.9,151.9,151.9,151.9,151.9,151.9,151.9,151.9,151.9,151.9,151.9,151.9,151.9,151.9,151.9,151.9,151.9,151.9,151.9,151.9,151.9,151.9,151.9,151.9,151.9,151.9,151.9,151.9,151.9,151.9,151.9,151.9,151.9,151.9,151.9,151.9,151.9,151.9,151.9,151.9,151.9,151.9,151.9,151.9,151.9,151.9,151.9,151.9,151.9,151.9,151.9,151.9,151.9,151.9,151.9,151.9,151.9,151.9,151.9,151.9,151.9,151.9,151.9,151.9,151.9,151.9,151.9,151.9,151.9,151.9,151.9,151.9,151.9,151.9,151.9,151.9,151.9,151.9,151.9,151.9,151.9,151.9,151.9,151.9,151.9,151.9,151.9,151.9,151.9,151.9,151.9,151.9,151.9,151.9,151.9,151.9,151.9,151.9,151.9,151.9,151.9,151.9,151.9,151.9,151.9,151.9,151.9,151.9,151.9,151.9,151.9,151.9,151.9,151.9,151.9,151.9,151.9,151.9,151.9,151.9,151.9,151.9,151.9,151.9,151.9,151.9,151.9,151.9,151.9,151.9,151.9,151.9,151.9,151.9,151.9,151.9,151.9,151.9,151.9,151.9,151.9,151.9,151.9,151.9,151.9,151.9,151.9,151.9,151.9,151.9,151.9,151.9,151.9,151.9,151.9,151.9,151.9,151.9,151.9,151.9,151.9,151.9,151.9,151.9,151.9,151.9,151.9,151.9,151.9,151.9,151.9,151.9,151.9,151.9,151.9,151.9,151.9,151.9,151.9,151.9,151.9,151.9,151.9,151.9,151.9,151.9,151.9,151.9,151.9,151.9,151.9,151.9,151.9,151.9,151.9,151.9
2008-11-01,145.6,145.6,145.6,145.6,145.6,145.6,145.6,145.6,145.6,145.6,145.6,145.6,145.6,145.6,145.6,145.6,145.6,145.6,145.6,145.6,145.6,145.6,145.6,145.6,145.6,145.6,145.6,145.6,145.6,145.6,145.6,145.6,145.6,145.6,145.6,145.6,145.6,145.6,145.6,145.6,145.6,145.6,145.6,145.6,145.6,145.6,145.6,145.6,145.6,145.6,145.6,145.6,145.6,145.6,145.6,145.6,145.6,145.6,145.6,145.6,145.6,145.6,145.6,145.6,145.6,145.6,145.6,145.6,145.6,145.6,145.6,145.6,145.6,145.6,145.6,145.6,145.6,145.6,145.6,145.6,145.6,145.6,145.6,145.6,145.6,145.6,145.6,145.6,145.6,145.6,145.6,145.6,145.6,145.6,145.6,145.6,145.6,145.6,145.6,145.6,145.6,145.6,145.6,145.6,145.6,145.6,145.6,145.6,145.6,145.6,145.6,145.6,145.6,145.6,145.6,145.6,145.6,145.6,145.6,145.6,145.6,145.6,145.6,145.6,145.6,145.6,145.6,145.6,145.6,145.6,145.6,145.6,145.6,145.6,145.6,145.6,145.6,145.6,145.6,145.6,145.6,145.6,145.6,145.6,145.6,145.6,145.6,145.6,145.6,145.6,145.6,145.6,145.6,145.6,145.6,145.6,145.6,145.6,145.6,145.6,145.6,145.6,145.6,145.6,145.6,145.6,145.6,145.6,145.6,145.6,145.6,145.6,145.6,145.6,145.6,145.6,145.6,145.6,145.6,145.6,145.6,145.6,145.6,145.6,145.6,145.6,145.6,145.6,145.6,145.6,145.6,145.6,145.6,145.6,145.6,145.6,145.6,145.6
2008-12-01,138.5,138.5,138.5,138.5,138.5,138.5,138.5,138.5,138.5,138.5,138.5,138.5,138.5,138.5,138.5,138.5,138.5,138.5,138.5,138.5,138.5,138.5,138.5,138.5,138.5,138.5,138.5,138.5,138.5,138.5,138.5,138.5,138.5,138.5,138.5,138.5,138.5,138.5,138.5,138.5,138.5,138.5,138.5,138.5,138.5,138.5,138.5,138.5,138.5,138.5,138.5,138.5,138.5,138.5,138.5,138.5,138.5,138.5,138.5,138.5,138.5,138.5,138.5,138.5,138.5,138.5,138.5,138.5,138.5,138.5,138.5,138.5,138.5,138.5,138.5,138.5,138.5,138.5,138.5,138.5,138.5,138.5,138.5,138.5,138.5,138.5,138.5,138.5,138.5,138.5,138.5,138.5,138.5,138.5,138.5,138.5,138.5,138.5,138.5,138.5,138.5,138.5,138.5,138.5,138.5,138.5,138.5,138.5,138.5,138.5,138.5,138.5,138.5,138.5,138.5,138.5,138.5,138.5,138.5,138.5,138.5,138.5,138.5,138.5,138.5,138.5,138.5,138.5,138.5,138.5,138.5,138.5,138.5,138.5,138.5,138.5,138.5,138.5,138.5,138.5,138.5,138.5,138.5,138.5,138.5,138.5,138.5,138.5,138.5,138.5,138.5,138.5,138.5,138.5,138.5,138.5,138.5,138.5,138.5,138.5,138.5,138.5,138.5,138.5,138.5,138.5,138.5,138.5,138.5,138.5,138.5,138.5,138.5,138.5,138.5,138.5,138.5,138.5,138.5,138.5,138.5,138.5,138.5,138.5,138.5,138.5,138.5,138.5,138.5,138.5,138.5,138.5,138.5,138.5,138.5,138.5,138.5,138.5
2009-01-01,137.3,137.3,137.3,137.3,137.3,137.3,137.3,137.3,137.3,137.3,137.3,137.3,137.3,137.3,137.3,137.3,137.3,137.3,137.3,137.3,137.3,137.3,137.3,137.3,137.3,137.3,137.3,137.3,137.3,137.3,137.3,137.3,137.3,137.3,137.3,137.3,137.3,137.3,137.3,137.3,137.3,137.3,137.3,137.3,137.3,137.3,137.3,137.3,137.3,137.3,137.3,137.3,137.3,137.3,137.3,137.3,137.3,137.3,137.3,137.3,137.3,137.3,137.3,137.3,137.3,137.3,137.3,137.3,137.3,137.3,137.3,137.3,137.3,137.3,137.3,137.3,137.3,137.3,137.3,137.3,137.3,137.3,137.3,137.3,137.3,137.3,137.3,137.3,137.3,137.3,137.3,137.3,137.3,137.3,137.3,137.3,137.3,137.3,137.3,137.3,137.3,137.3,137.3,137.3,137.3,137.3,137.3,137.3,137.3,137.3,137.3,137.3,137.3,137.3,137.3,137.3,137.3,137.3,137.3,137.3,137.3,137.3,137.3,137.3,137.3,137.3,137.3,137.3,137.3,137.3,137.3,137.3,137.3,137.3,137.3,137.3,137.3,137.3,137.3,137.3,137.3,137.3,137.3,137.3,137.3,137.3,137.3,137.3,137.3,137.3,137.3,137.3,137.3,137.3,137.3,137.3,137.3,137.3,137.3,137.3,137.3,137.3,137.3,137.3,137.3,137.3,137.3,137.3,137.3,137.3,137.3,137.3,137.3,137.3,137.3,137.3,137.3,137.3,137.3,137.3,137.3,137.3,137.3,137.3,137.3,137.3,137.3,137.3,137.3,137.3,137.3,137.3,137.3,137.3,137.3,137.3,137.3,137.3
2009-02-01,135.8,135.8,135.8,135.8,135.8,135.8,135.8,135.8,135.8,135.8,135.8,135.8,135.8,135.8,135.8,135.8,135.8,135.8,135.8,135.8,135.8,135.8,135.8,135.8,135.8,135.8,135.8,135.8,135.8,135.8,135.8,135.8,135.8,135.8,135.8,135.8,135.8,135.8,135.8,135.8,135.8,135.8,135.8,135.8,135.8,135.8,135.8,135.8,135.8,135.8,135.8,135.8,135.8,135.8,135.8,135.8,135.8,135.8,135.8,135.8,135.8,135.8,135.8,135.8,135.8,135.8,135.8,135.8,135.8,135.8,135.8,135.8,135.8,135.8,135.8,135.8,135.8,135.8,135.8,135.8,135.8,135.8,135.8,135.8,135.8,135.8,135.8,135.8,135.8,135.8,135.8,135.8,135.8,135.8,135.8,135.8,135.8,135.8,135.8,135.8,135.8,135.8,135.8,135.8,135.8,135.8,135.8,135.8,135.8,135.8,135.8,135.8,135.8,135.8,135.8,135.8,135.8,135.8,135.8,135.8,135.8,135.8,135.8,135.8,135.8,135.8,135.8,135.8,135.8,135.8,135.8,135.8,135.8,135.8,135.8,135.8,135.8,135.8,135.8,135.8,135.8,135.8,135.8,135.8,135.8,135.8,135.8,135.8,135.8,135.8,135.8,135.8,135.8,135.8,135.8,135.8,135.8,135.8,135.8,135.8,135.8,135.8,135.8,135.8,135.8,135.8,135.8,135.8,135.8,135.8,135.8,135.8,135.8,135.8,135.8,135.8,135.8,135.8,135.8,135.8,135.8,135.8,135.8,135.8,135.8,135.8,135.8,135.8,135.8,135.8,135.8,135.8,135.8,135.8,135.8,135.8,135.8,135.8
2009-03-01,132.9,132.9,132.9,132.9,132.9,132.9,132.9,132.9,132.9,132.9,132.9,132.9,132.9,132.9,132.9,132.9,132.9,132.9,132.9,132.9,132.9,132.9,132.9,132.9,132.9,132.9,132.9,132.9,132.9,132.9,132.9,132.9,132.9,132.9,132.9,132.9,132.9,132.9,132.9,132.9,132.9,132.9,132.9,132.9,132.9,132.9,132.9,132.9,132.9,132.9,132.9,132.9,132.9,132.9,132.9,132.9,132.9,132.9,132.9,132.9,132.9,132.9,132.9,132.9,132.9,132.9,132.9,132.9,132.9,132.9,132.9,132.9,132.9,132.9,132.9,132.9,132.9,132.9,132.9,132.9,132.9,132.9,132.9,132.9,132.9,132.9,132.9,132.9,132.9,132.9,132.9,132.9,132.9,132.9,132.9,132.9,132.9,132.9,132.9,132.9,132.9,132.9,132.9,132.9,132.9,132.9,132.9,132.9,132.9,132.9,132.9,132.9,132.9,132.9,132.9,132.9,132.9,132.9,132.9,132.9,132.9,132.9,132.9,132.9,132.9,132.9,132.9,132.9,132.9,132.9,132.9,132.9,132.9,132.9,132.9,132.9,132.9,132.9,132.9,132.9,132.9,132.9,132.9,132.9,132.9,132.9,132.9,132.9,132.9,132.9,132.9,132.9,132.9,132.9,132.9,132.9,132.9,132.9,132.9,132.9,132.9,132.9,132.9,132.9,132.9,132.9,132.9,132.9,132.9,132.9,132.9,132.9,132.9,132.9,132.9,132.9,132.9,132.9,132.9,132.9,132.9,132.9,132.9,132.9,132.9,132.9,132.9,132.9,132.9,132.9,132.9,132.9,132.9,132.9,132.9,132.9,132.9,132.9
2009-04-01,131.1,131.1,131.1,131.1,131.1,131.1,131.1,131.1,131.1,131.1,131.1,131.1,131.1,131.1,131.1,131.1,131.1,131.1,131.1,131.1,131.1,131.1,131.1,131.1,131.1,131.1,131.1,131.1,131.1,131.1,131.1,131.1,131.1,131.1,131.1,131.1,131.1,131.1,131.1,131.1,131.1,131.1,131.1,131.1,131.1,131.1,131.1,131.1,131.1,131.1,131.1,131.1,131.1,131.1,131.1,131.1,131.1,131.1,131.1,131.1,131.1,131.1,131.1,131.1,131.1,131.1,131.1,131.1,131.1,131.1,131.1,131.1,131.1,131.1,131.1,131.1,131.1,131.1,131.1,131.1,131.1,131.1,131.1,131.1,131.1,131.1,131.1,131.1,131.1,131.1,131.1,131.1,131.1,131.1,131.1,131.1,131.1,131.1,131.1,131.1,131.1,131.1,131.1,131.1,131.1,131.1,131.1,131.1,131.1,131.1,131.1,131.1,131.1,131.1,131.1,131.1,131.1,131.1,131.1,131.1,131.1,131.1,131.1,131.1,131.1,131.1,131.1,131.1,131.1,131.1,131.1,131.1,131.1,131.1,131.1,131.1,131.1,131.1,131.1,131.1,131.1,131.1,131.1,131.1,131.1,131.1,131.1,131.1,131.1,131.1,131.1,131.1,131.1,131.1,131.1,131.1,131.1,131.1,131.1,131.1,131.1,131.1,131.1,131.1,131.1,131.1,131.1,131.1,131.1,131.1,131.1,131.1,131.1,131.1,131.1,131.1,131.1,131.1,131.1,131.1,131.1,131.1,131.1,131.1,131.1,131.1,131.1,131.1,131.1,131.1,131.1,131.1,131.1,131.1,131.1,131.1,131.1,131.1
2009-05-01,129.9,129.9,129.9,129.9,129.9,129.9,129.9,129.9,129.9,129.9,129.9,129.9,129.9,129.9,129.9,129.9,129.9,129.9,129.9,129.9,129.9,129.9,129.9,129.9,129.9,129.9,129.9,129.9,129.9,129.9,129.9,129.9,129.9,129.9,129.9,129.9,129.9,129.9,129.9,129.9,129.9,129.9,129.9,129.9,129.9,129.9,129.9,129.9,129.9,129.9,129.9,129.9,129.9,129.9,129.9,129.9,129.9,129.9,129.9,129.9,129.9,129.9,129.9,129.9,129.9,129.9,129.9,129.9,129.9,129.9,129.9,129.9,129.9,129.9,129.9,129.9,129.9,129.9,129.9,129.9,129.9,129.9,129.9,129.9,129.9,129.9,129.9,129.9,129.9,129.9,129.9,129.9,129.9,129.9,129.9,129.9,129.9,129.9,129.9,129.9,129.9,129.9,129.9,129.9,129.9,129.9,129.9,129.9,129.9,129.9,129.9,129.9,129.9,129.9,129.9,129.9,129.9,129.9,129.9,129.9,129.9,129.9,129.9,129.9,129.9,129.9,129.9,129.9,129.9,129.9,129.9,129.9,129.9,129.9,129.9,129.9,129.9,129.9,129.9,129.9,129.9,129.9,129.9,129.9,129.9,129.9,129.9,129.9,129.9,129.9,129.9,129.9,129.9,129.9,129.9,129.9,129.9,129.9,129.9,129.9,129.9,129.9,129.9,129.9,129.9,129.9,129.9,129.9,129.9,129.9,129.9,129.9,129.9,129.9,129.9,129.9,129.9,129.9,129.9,129.9,129.9,129.9,129.9,129.9,129.9,129.9,129.9,129.9,129.9,129.9,129.9,129.9,129.9,129.9,129.9,129.9,129.9,129.9
2009-06-01,132.8,132.8,132.8,132.8,132.8,132.8,132.8,132.8,132.8,132.8,132.8,132.8,132.8,132.8,132.8,132.8,132.8,132.8,132.8,132.8,132.8,132.8,132.8,132.8,132.8,132.8,132.8,132.8,132.8,132.8,132.8,132.8,132.8,132.8,132.8,132.8,132.8,132.8,132.8,132.8,132.8,132.8,132.8,132.8,132.8,132.8,132.8,132.8,132.8,132.8,132.8,132.8,132.8,132.8,132.8,132.8,132.8,132.8,132.8,132.8,132.8,132.8,132.8,132.8,132.8,132.8,132.8,132.8,132.8,132.8,132.8,132.8,132.8,132.8,132.8,132.8,132.8,132.8,132.8,132.8,132.8,132.8,132.8,132.8,132.8,132.8,132.8,132.8,132.8,132.8,132.8,132.8,132.8,132.8,132.8,132.8,132.8,132.8,132.8,132.8,132.8,132.8,132.8,132.8,132.8,132.8,132.8,132.8,132.8,132.8,132.8,132.8,132.8,132.8,132.8,132.8,132.8,132.8,132.8,132.8,132.8,132.8,132.8,132.8,132.8,132.8,132.8,132.8,132.8,132.8,132.8,132.8,132.8,132.8,132.8,132.8,132.8,132.8,132.8,132.8,132.8,132.8,132.8,132.8,132.8,132.8,132.8,132.8,132.8,132.8,132.8,132.8,132.8,132.8,132.8,132.8,132.8,132.8,132.8,132.8,132.8,132.8,132.8,132.8,132.8,132.8,132.8,132.8,132.8,132.8,132.8,132.8,132.8,132.8,132.8,132.8,132.8,132.8,132.8,132.8,132.8,132.8,132.8,132.8,132.8,132.8,132.8,132.8,132.8,132.8,132.8,132.8,132.8,132.8,132.8,132.8,132.8,132.8
2009-07-01,133.4,133.4,133.4,133.4,133.4,133.4,133.4,133.4,133.4,133.4,133.4,133.4,133.4,133.4,133.4,133.4,133.4,133.4,133.4,133.4,133.4,133.4,133.4,133.4,133.4,133.4,133.4,133.4,133.4,133.4,133.4,133.4,133.4,133.4,133.4,133.4,133.4,133.4,133.4,133.4,133.4,133.4,133.4,133.4,133.4,133.4,133.4,133.4,133.4,133.4,133.4,133.4,133.4,133.4,133.4,133.4,133.4,133.4,133.4,133.4,133.4,133.4,133.4,133.4,133.4,133.4,133.4,133.4,133.4,133.4,133.4,133.4,133.4,133.4,133.4,133.4,133.4,133.4,133.4,133.4,133.4,133.4,133.4,133.4,133.4,133.4,133.4,133.4,133.4,133.4,133.4,133.4,133.4,133.4,133.4,133.4,133.4,133.4,133.4,133.4,133.4,133.4,133.4,133.4,133.4,133.4,133.4,133.4,133.4,133.4,133.4,133.4,133.4,133.4,133.4,133.4,133.4,133.4,133.4,133.4,133.4,133.4,133.4,133.4,133.4,133.4,133.4,133.4,133.4,133.4,133.4,133.4,133.4,133.4,133.4,133.4,133.4,133.4,133.4,133.4,133.4,133.4,133.4,133.4,133.4,133.4,133.4,133.4,133.4,133.4,133.4,133.4,133.4,133.4,133.4,133.4,133.4,133.4,133.4,133.4,133.4,133.4,133.4,133.4,133.4,133.4,133.4,133.4,133.4,133.4,133.4,133.4,133.4,133.4,133.4,133.4,133.4,133.4,133.4,133.4,133.4,133.4,133.4,133.4,133.4,133.4,133.4,133.4,133.4,133.4,133.4,133.4,133.4,133.4,133.4,133.4,133.4,133.4
2009-08-01,133.5,133.5,133.5,133.5,133.5,133.5,133.5,133.5,133.5,133.5,133.5,133.5,133.5,133.5,133.5,133.5,133.5,133.5,133.5,133.5,133.5,133.5,133.5,133.5,133.5,133.5,133.5,133.5,133.5,133.5,133.5,133.5,133.5,133.5,133.5,133.5,133.5,133.5,133.5,133.5,133.5,133.5,133.5,133.5,133.5,133.5,133.5,133.5,133.5,133.5,133.5,133.5,133.5,133.5,133.5,133.5,133.5,133.5,133.5,133.5,133.5,133.5,133.5,133.5,133.5,133.5,133.5,133.5,133.5,133.5,133.5,133.5,133.5,133.5,133.5,133.5,133.5,133.5,133.5,133.5,133.5,133.5,133.5,133.5,133.5,133.5,133.5,133.5,133.5,133.5,133.5,133.5,133.5,133.5,133.5,133.5,133.5,133.5,133.5,133.5,133.5,133.5,133.5,133.5,133.5,133.5,133.5,133.5,133.5,133.5,133.5,133.5,133.5,133.5,133.5,133.5,133.5,133.5,133.5,133.5,133.5,133.5,133.5,133.5,133.5,133.5,133.5,133.5,133.5,133.5,133.5,133.5,133.5,133.5,133.5,133.5,133.5,133.5,133.5,133.5,133.5,133.5,133.5,133.5,133.5,133.5,133.5,133.5,133.5,133.5,133.5,133.5,133.5,133.5,133.5,133.5,133.5,133.5,133.5,133.5,133.5,133.5,133.5,133.5,133.5,133.5,133.5,133.5,133.5,133.5,133.5,133.5,133.5,133.5,133.5,133.5,133.5,133.5,133.5,133.5,133.5,133.5,133.5,133.5,133.5,133.5,133.5,133.5,133.5,133.5,133.5,133.5,133.5,133.5,133.5,133.5,133.5,133.5
2009-09-01,134.8,134.8,134.8,134.8,134.8,134.8,134.8,134.8,134.8,134.8,134.8,134.8,134.8,134.8,134.8,134.8,134.8,134.8,134.8,134.8,134.8,134.8,134.8,134.8,134.8,134.8,134.8,134.8,134.8,134.8,134.8,134.8,134.8,134.8,134.8,134.8,134.8,134.8,134.8,134.8,134.8,134.8,134.8,134.8,134.8,134.8,134.8,134.8,134.8,134.8,134.8,134.8,134.8,134.8,134.8,134.8,134.8,134.8,134.8,134.8,134.8,134.8,134.8,134.8,134.8,134.8,134.8,134.8,134.8,134.8,134.8,134.8,134.8,134.8,134.8,134.8,134.8,134.8,134.8,134.8,134.8,134.8,134.8,134.8,134.8,134.8,134.8,134.8,134.8,134.8,134.8,134.8,134.8,134.8,134.8,134.8,134.8,134.8,134.8,134.8,134.8,134.8,134.8,134.8,134.8,134.8,134.8,134.8,134.8,134.8,134.8,134.8,134.8,134.8,134.8,134.8,134.8,134.8,134.8,134.8,134.8,134.8,134.8,134.8,134.8,134.8,134.8,134.8,134.8,134.8,134.8,134.8,134.8,134.8,134.8,134.8,134.8,134.8,134.8,134.8,134.8,134.8,134.8,134.8,134.8,134.8,134.8,134.8,134.8,134.8,134.8,134.8,134.8,134.8,134.8,134.8,134.8,134.8,134.8,134.8,134.8,134.8,134.8,134.8,134.8,134.8,134.8,134.8,134.8,134.8,134.8,134.8,134.8,134.8,134.8,134.8,134.8,134.8,134.8,134.8,134.8,134.8,134.8,134.8,134.8,134.8,134.8,134.8,134.8,134.8,134.8,134.8,134.8,134.8,134.8,134.8,134.8,134.8
2009-10-01,146.1,146.1,146.1,146.1,146.1,146.1,146.1,146.1,146.1,146.1,146.1,146.1,146.1,146.1,146.1,146.1,146.1,146.1,146.1,146.1,146.1,146.1,146.1,146.1,146.1,146.1,146.1,146.1,146.1,146.1,146.1,146.1,146.1,146.1,146.1,146.1,146.1,146.1,146.1,146.1,146.1,146.1,146.1,146.1,146.1,146.1,146.1,146.1,146.1,146.1,146.1,146.1,146.1,146.1,146.1,146.1,146.1,146.1,146.1,146.1,146.1,146.1,146.1,146.1,146.1,146.1,146.1,146.1,146.1,146.1,146.1,146.1,146.1,146.1,146.1,146.1,146.1,146.1,146.1,146.1,146.1,146.1,146.1,146.1,146.1,146.1,146.1,146.1,146.1,146.1,146.1,146.1,146.1,146.1,146.1,146.1,146.1,146.1,146.1,146.1,146.1,146.1,146.1,146.1,146.1,146.1,146.1,146.1,146.1,146.1,146.1,146.1,146.1,146.1,146.1,146.1,146.1,146.1,146.1,146.1,146.1,146.1,146.1,146.1,146.1,146.1,146.1,146.1,146.1,146.1,146.1,146.1,146.1,146.1,146.1,146.1,146.1,146.1,146.1,146.1,146.1,146.1,146.1,146.1,146.1,146.1,146.1,146.1,146.1,146.1,146.1,146.1,146.1,146.1,146.1,146.1,146.1,146.1,146.1,146.1,146.1,146.1,146.1,146.1,146.1,146.1,146.1,146.1,146.1,146.1,146.1,146.1,146.1,146.1,146.1,146.1,146.1,146.1,146.1,146.1,146.1,146.1,146.1,146.1,146.1,146.1,146.1,146.1,146.1,146.1,146.1,146.1,146.1,146.1,146.1,146.1,146.1,146.1
2009-11-01,152.5,152.5,152.5,152.5,152.5,152.5,152.5,152.5,152.5,152.5,152.5,152.5,152.5,152.5,152.5,152.5,152.5,152.5,152.5,152.5,152.5,152.5,152.5,152.5,152.5,152.5,152.5,152.5,152.5,152.5,152.5,152.5,152.5,152.5,152.5,152.5,152.5,152.5,152.5,152.5,152.5,152.5,152.5,152.5,152.5,152.5,152.5,152.5,152.5,152.5,152.5,152.5,152.5,152.5,152.5,152.5,152.5,152.5,152.5,152.5,152.5,152.5,152.5,152.5,152.5,152.5,152.5,152.5,152.5,152.5,152.5,152.5,152.5,152.5,152.5,152.5,152.5,152.5,152.5,152.5,152.5,152.5,152.5,152.5,152.5,152.5,152.5,152.5,152.5,152.5,152.5,152.5,152.5,152.5,152.5,152.5,152.5,152.5,152.5,152.5,152.5,152.5,152.5,152.5,152.5,152.5,152.5,152.5,152.5,152.5,152.5,152.5,152.5,152.5,152.5,152.5,152.5,152.5,152.5,152.5,152.5,152.5,152.5,152.5,152.5,152.5,152.5,152.5,152.5,152.5,152.5,152.5,152.5,152.5,152.5,152.5,152.5,152.5,152.5,152.5,152.5,152.5,152.5,152.5,152.5,152.5,152.5,152.5,152.5,152.5,152.5,152.5,152.5,152.5,152.5,152.5,152.5,152.5,152.5,152.5,152.5,152.5,152.5,152.5,152.5,152.5,152.5,152.5,152.5,152.5,152.5,152.5,152.5,152.5,152.5,152.5,152.5,152.5,152.5,152.5,152.5,152.5,152.5,152.5,152.5,152.5,152.5,152.5,152.5,152.5,152.5,152.5,152.5,152.5,152.5,152.5,152.5,152.5
2009-12-01,163.9,163.9,163.9,163.9,163.9,163.9,163.9,163.9,163.9,163.9,163.9,163.9,163.9,163.9,163.9,163.9,163.9,163.9,163.9,163.9,163.9,163.9,163.9,163.9,163.9,163.9,163.9,163.9,163.9,163.9,163.9,163.9,163.9,163.9,163.9,163.9,163.9,163.9,163.9,163.9,163.9,163.9,163.9,163.9,163.9,163.9,163.9,163.9,163.9,163.9,163.9,163.9,163.9,163.9,163.9,163.9,163.9,163.9,163.9,163.9,163.9,163.9,163.9,163.9,163.9,163.9,163.9,163.9,163.9,163.9,163.9,163.9,163.9,163.9,163.9,163.9,163.9,163.9,163.9,163.9,163.9,163.9,163.9,163.9,163.9,163.9,163.9,163.9,163.9,163.9,163.9,163.9,163.9,163.9,163.9,163.9,163.9,163.9,163.9,163.9,163.9,163.9,163.9,163.9,163.9,163.9,163.9,163.9,163.9,163.9,163.9,163.9,163.9,163.9,163.9,163.9,163.9,163.9,163.9,163.9,163.9,163.9,163.9,163.9,163.9,163.9,163.9,163.9,163.9,163.9,163.9,163.9,163.9,163.9,163.9,163.9,163.9,163.9,163.9,163.9,163.9,163.9,163.9,163.9,163.9,163.9,163.9,163.9,163.9,163.9,163.9,163.9,163.9,163.9,163.9,163.9,163.9,163.9,163.9,163.9,163.9,163.9,163.9,163.9,163.9,163.9,163.9,163.9,163.9,163.9,163.9,163.9,163.9,163.9,163.9,163.9,163.9,163.9,163.9,163.9,163.9,163.9,163.9,163.9,163.9,163.9,163.9,163.9,163.9,163.9,163.9,163.9,163.9,163.9,163.9,163.9,163.9,163.9
2010-01-01,151.4,156.7,156.7,156.7,156.7,156.7,156.7,156.7,156.7,156.7,156.7,156.7,156.7,156.7,156.7,156.7,156.7,156.7,156.7,156.7,156.7,156.7,156.7,156.7,156.7,156.7,156.7,156.7,156.7,156.7,156.7,156.7,156.7,156.7,156.7,156.7,156.7,156.7,156.7,156.7,156.7,156.7,156.7,156.7,156.7,156.7,156.7,156.7,156.7,156.7,156.7,156.7,156.7,156.7,156.7,156.7,156.7,156.7,156.7,156.7,156.7,156.7,156.7,156.7,156.7,156.7,156.7,156.7,156.7,156.7,156.7,156.7,156.7,156.7,156.7,156.7,156.7,156.7,156.7,156.7,156.7,156.7,156.7,156.7,156.7,156.7,156.7,156.7,156.7,156.7,156.7,156.7,156.7,156.7,156.7,156.7,156.7,156.7,156.7,156.7,156.7,156.7,156.7,156.7,156.7,156.7,156.7,156.7,156.7,156.7,156.7,156.7,156.7,156.7,156.7,156.7,156.7,156.7,156.7,156.7,156.7,156.7,156.7,156.7,156.7,156.7,156.7,156.7,156.7,156.7,156.7,156.7,156.7,156.7,156.7,156.7,156.7,156.7,156.7,156.7,156.7,156.7,156.7,156.7,156.7,156.7,156.7,156.7,156.7,156.7,156.7,156.7,156.7,156.7,156.7,156.7,156.7,156.7,156.7,156.7,156.7,156.7,156.7,156.7,156.7,156.7,156.7,156.7,156.7,156.7,156.7,156.7,156.7,156.7,156.7,156.7,156.7,156.7,156.7,156.7,156.7,156.7,156.7,156.7,156.7,156.7,156.7,156.7,156.7,156.7,156.7,156.7,156.7,156.7,156.7,156.7,156.7,156.7
2010-02-01,151.0,156.2,156.2,156.2,156.2,156.2,156.2,156.2,156.2,156.2,156.2,156.2,156.2,156.2,156.2,156.2,156.2,156.2,156.2,156.2,156.2,156.2,156.2,156.2,156.2,156.2,156.2,156.2,156.2,156.2,156.2,156.2,156.2,156.2,156.2,156.2,156.2,156.2,156.2,156.2,156.2,156.2,156.2,156.2,156.2,156.2,156.2,156.2,156.2,156.2,156.2,156.2,156.2,156.2,156.2,156.2,156.2,156.2,156.2,156.2,156.2,156.2,156.2,156.2,156.2,156.2,156.2,156.2,156.2,156.2,156.2,156.2,156.2,156.2,156.2,156.2,156.2,156.2,156.2,156.2,156.2,156.2,156.2,156.2,156.2,156.2,156.2,156.2,156.2,156.2,156.2,156.2,156.2,156.2,156.2,156.2,156.2,156.2,156.2,156.2,156.2,156.2,156.2,156.2,156.2,156.2,156.2,156.2,156.2,156.2,156.2,156.2,156.2,156.2,156.2,156.2,156.2,156.2,156.2,156.2,156.2,156.2,156.2,156.2,156.2,156.2,156.2,156.2,156.2,156.2,156.2,156.2,156.2,156.2,156.2,156.2,156.2,156.2,156.2,156.2,156.2,156.2,156.2,156.2,156.2,156.2,156.2,156.2,156.2,156.2,156.2,156.2,156.2,156.2,156.2,156.2,156.2,156.2,156.2,156.2,156.2,156.2,156.2,156.2,156.2,156.2,156.2,156.2,156.2,156.2,156.2,156.2,156.2,156.2,156.2,156.2,156.2,156.2,156.2,156.2,156.2,156.2,156.2,156.2,156.2,156.2,156.2,156.2,156.2,156.2,156.2,156.2,156.2,156.2,156.2,156.2,156.2,156.2
2010-03-01,,156.0,156.6,158.2,158.3,158.3,158.3,158.3,158.3,158.3,158.3,158.3,158.3,158.3,158.3,158.3,158.3,158.3,158.3,158.3,158.3,158.3,158.3,158.3,158.3,158.3,158.3,158.3,158.3,158.3,158.3,158.3,158.3,158.3,158.3,158.3,158.3,158.3,158.3,158.3,158.3,158.3,158.3,158.3,158.3,158.3,158.3,158.3,158.3,158.3,158.3,158.3,158.3,158.3,158.3,158.3,158.3,158.3,158.3,158.3,158.3,158.3,158.3,158.3,158.3,158.3,158.3,158.3,158.3,158.3,158.3,158.3,158.3,158.3,158.3,158.3,158.3,158.3,158.3,158.3,158.3,158.3,158.3,158.3,158.3,158.3,158.3,158.3,158.3,158.3,158.3,158.3,158.3,158.3,158.3,158.3,158.3,158.3,158.3,158.3,158.3,158.3,158.3,158.3,158.3,158.3,158.3,158.3,158.3,158.3,158.3,158.3,158.3,158.3,158.3,158.3,158.3,158.3,158.3,158.3,158.3,158.3,158.3,158.3,158.3,158.3,158.3,158.3,158.3,158.3,158.3,158.3,158.3,158.3,158.3,158.3,158.3,158.3,158.3,158.3,158.3,158.3,158.3,158.3,158.3,158.3,158.3,158.3,158.3,158.3,158.3,158.3,158.3,158.3,158.3,158.3,158.3,158.3,158.3,158.3,158.3,158.3,158.3,158.3,158.3,158.3,158.3,158.3,158.3,158.3,158.3,158.3,158.3,158.3,158.3,158.3,158.3,158.3,158.3,158.3,158.3,158.3,158.3,158.3,158.3,158.3,158.3,158.3,158.3,158.3,158.3,158.3,158.3,158.3,158.3,158.3,158.3,158.3
2010-04-01,,,156.8,160.1,160.3,160.4,160.4,160.4,160.4,160.4,160.4,160.4,160.4,160.4,160.4,160.4,160.4,160.4,160.4,160.4,160.4,160.4,160.4,160.4,160.4,160.4,160.4,160.4,160.4,160.4,160.4,160.4,160.4,160.4,160.4,160.4,160.4,160.4,160.4,160.4,160.4,160.4,160.4,160.4,160.4,160.4,160.4,160.4,160.4,160.4,160.4,160.4,160.4,160.4,160.4,160.4,160.4,160.4,160.4,160.4,160.4,160.4,160.4,160.4,160.4,160.4,160.4,160.4,160.4,160.4,160.4,160.4,160.4,160.4,160.4,160.4,160.4,160.4,160.4,160.4,160.4,160.4,160.4,160.4,160.4,160.4,160.4,160.4,160.4,160.4,160.4,160.4,160.4,160.4,160.4,160.4,160.4,160.4,160.4,160.4,160.4,160.4,160.4,160.4,160.4,160.4,160.4,160.4,160.4,160.4,160.4,160.4,160.4,160.4,160.4,160.4,160.4,160.4,160.4,160.4,160.4,160.4,160.4,160.4,160.4,160.4,160.4,160.4,160.4,160.4,160.4,160.4,160.4,160.4,160.4,160.4,160.4,160.4,160.4,160.4,160.4,160.4,160.4,160.4,160.4,160.4,160.4,160.4,160.4,160.4,160.4,160.4,160.4,160.4,160.4,160.4,160.4,160.4,160.4,160.4,160.4,160.4,160.4,160.4,160.4,160.4,160.4,160.4,160.4,160.4,160.4,160.4,160.4,160.4,160.4,160.4,160.4,160.4,160.4,160.4,160.4,160.4,160.4,160.4,160.4,160.4,160.4,160.4,160.4,160.4,160.4,160.4,160.4,160.4,160.4,160.4,160.4,160.4
2010-05-01,,,,163.4,163.6,164.0,163.9,163.9,163.9,163.9,163.9,163.9,163.9,163.9,163.9,163.9,163.9,163.9,163.9,163.9,163.9,163.9,163.9,163.9,163.9,163.9,163.9,163.9,163.9,163.9,163.9,163.9,163.9,163.9,163.9,163.9,163.9,163.9,163.9,163.9,163.9,163.9,163.9,163.9,163.9,163.9,163.9,163.9,163.9,163.9,163.9,163.9,163.9,163.9,163.9,163.9,163.9,163.9,163.9,163.9,163.9,163.9,163.9,163.9,163.9,163.9,163.9,163.9,163.9,163.9,163.9,163.9,163.9,163.9,163.9,163.9,163.9,163.9,163.9,163.9,163.9,163.9,163.9,163.9,163.9,163.9,163.9,163.9,163.9,163.9,163.9,163.9,163.9,163.9,163.9,163.9,163.9,163.9,163.9,163.9,163.9,163.9,163.9,163.9,163.9,163.9,163.9,163.9,163.9,163.9,163.9,163.9,163.9,163.9,163.9,163.9,163.9,163.9,163.9,163.9,163.9,163.9,163.9,163.9,163.9,163.9,163.9,163.9,163.9,163.9,163.9,163.9,163.9,163.9,163.9,163.9,163.9,163.9,163.9,163.9,163.9,163.9,163.9,163.9,163.9,163.9,163.9,163.9,163.9,163.9,163.9,163.9,163.9,163.9,163.9,163.9,163.9,163.9,163.9,163.9,163.9,163.9,163.9,163.9,163.9,163.9,163.9,163.9,163.9,163.9,163.9,163.9,163.9,163.9,163.9,163.9,163.9,163.9,163.9,163.9,163.9,163.9,163.9,163.9,163.9,163.9,163.9,163.9,163.9,163.9,163.9,163.9,163.9,163.9,163.9,163.9,163.9,163.9
2010-06-01,,,,,162.1,162.5,162.5,162.5,162.5,162.5,162.5,162.5,162.5,162.5,162.5,162.5,162.5,162.5,162.5,162.5,162.5,162.5,162.5,162.5,162.5,162.5,162.5,162.5,162.5,162.5,162.5,162.5,162.5,162.5,162.5,162.5,162.5,162.5,162.5,162.5,162.5,162.5,162.5,162.5,162.5,162.5,162.5,162.5,162.5,162.5,162.5,162.5,162.5,162.5,162.5,162.5,162.5,162.5,162.5,162.5,162.5,162.5,162.5,162.5,162.5,162.5,162.5,162.5,162.5,162.5,162.5,162.5,162.5,162.5,162.5,162.5,162.5,162.5,162.5,162.5,162.5,162.5,162.5,162.5,162.5,162.5,162.5,162.5,162.5,162.5,162.5,162.5,162.5,162.5,162.5,162.5,162.5,162.5,162.5,162.5,162.5,162.5,162.5,162.5,162.5,162.5,162.5,162.5,162.5,162.5,162.5,162.5,162.5,162.5,162.5,162.5,162.5,162.5,162.5,162.5,162.5,162.5,162.5,162.5,162.5,162.5,162.5,162.5,162.5,162.5,162.5,162.5,162.5,162.5,162.5,162.5,162.5,162.5,162.5,162.5,162.5,162.5,162.5,162.5,162.5,162.5,162.5,162.5,162.5,162.5,162.5,162.5,162.5,162.5,162.5,162.5,162.5,162.5,162.5,162.5,162.5,162.5,162.5,162.5,162.5,162.5,162.5,162.5,162.5,162.5,162.5,162.5,162.5,162.5,162.5,162.5,162.5,162.5,162.5,162.5,162.5,162.5,162.5,162.5,162.5,162.5,162.5,162.5,162.5,162.5,162.5,162.5,162.5,162.5,162.5,162.5,162.5,162.5
2010-07-01,,,,,,160.7,160.7,160.7,160.7,160.7,160.7,160.7,160.7,160.7,160.7,160.7,160.7,160.7,160.7,160.7,160.7,160.7,160.7,160.7,160.7,160.7,160.7,160.7,160.7,160.7,160.7,160.7,160.7,160.7,160.7,160.7,160.7,160.7,160.7,160.7,160.7,160.7,160.7,160.7,160.7,160.7,160.7,160.7,160.7,160.7,160.7,160.7,160.7,160.7,160.7,160.7,160.7,160.7,160.7,160.7,160.7,160.7,160.7,160.7,160.7,160.7,160.7,160.7,160.7,160.7,160.7,160.7,160.7,160.7,160.7,160.7,160.7,160.7,160.7,160.7,160.7,160.7,160.7,160.7,160.7,160.7,160.7,160.7,160.7,160.7,160.7,160.7,160.7,160.7,160.7,160.7,160.7,160.7,160.7,160.7,160.7,160.7,160.7,160.7,160.7,160.7,160.7,160.7,160.7,160.7,160.7,160.7,160.7,160.7,160.7,160.7,160.7,160.7,160.7,160.7,160.7,160.7,160.7,160.7,160.7,160.7,160.7,160.7,160.7,160.7,160.7,160.7,160.7,160.7,160.7,160.7,160.7,160.7,160.7,160.7,160.7,160.7,160.7,160.7,160.7,160.7,160.7,160.7,160.7,160.7,160.7,160.7,160.7,160.7,160.7,160.7,160.7,160.7,160.7,160.7,160.7,160.7,160.7,160.7,160.7,160.7,160.7,160.7,160.7,160.7,160.7,160.7,160.7,160.7,160.7,160.7,160.7,160.7,160.7,160.7,160.7,160.7,160.7,160.7,160.7,160.7,160.7,160.7,160.7,160.7,160.7,160.7,160.7,160.7,160.7,160.7,160.7,160.7
2010-08-01,,,,,,,162.8,162.8,162.8,162.8,162.8,162.8,162.8,162.8,162.8,162.8,162.8,162.8,162.8,162.8,162.8,162.8,162.8,162.8,162.8,162.8,162.8,162.8,162.8,162.8,162.8,162.8,162.8,162.8,162.8,162.8,162.8,162.8,162.8,162.8,162.8,162.8,162.8,162.8,162.8,162.8,162.8,162.8,162.8,162.8,162.8,162.8,162.8,162.8,162.8,162.8,162.8,162.8,162.8,162.8,162.8,162.8,162.8,162.8,162.8,162.8,162.8,162.8,162.8,162.8,162.8,162.8,162.8,162.8,162.8,162.8,162.8,162.8,162.8,162.8,162.8,162.8,162.8,162.8,162.8,162.8,162.8,162.8,162.8,162.8,162.8,162.8,162.8,162.8,162.8,162.8,162.8,162.8,162.8,162.8,162.8,162.8,162.8,162.8,162.8,162.8,162.8,162.8,162.8,162.8,162.8,162.8,162.8,162.8,162.8,162.8,162.8,162.8,162.8,162.8,162.8,162.8,162.8,162.8,162.8,162.8,162.8,162.8,162.8,162.8,162.8,162.8,162.8,162.8,162.8,162.8,162.8,162.8,162.8,162.8,162.8,162.8,162.8,162.8,162.8,162.8,162.8,162.8,162.8,162.8,162.8,162.8,162.8,162.8,162.8,162.8,162.8,162.8,162.8,162.8,162.8,162.8,162.8,162.8,162.8,162.8,162.8,162.8,162.8,162.8,162.8,162.8,162.8,162.8,162.8,162.8,162.8,162.8,162.8,162.8,162.8,162.8,162.8,162.8,162.8,162.8,162.8,162.8,162.8,162.8,162.8,162.8,162.8,162.8,162.8,162.8,162.8,162.8
2010-09-01,,,,,,,,163.2,163.2,163.2,163.2,163.2,163.2,163.2,163.2,163.2,163.2,163.2,163.2,163.2,163.2,163.2,163.2,163.2,163.2,163.2,163.2,163.2,163.2,163.2,163.2,163.2,163.2,163.2,163.2,163.2,163.2,163.2,163.2,163.2,163.2,163.2,163.2,163.2,163.2,163.2,163.2,163.2,163.2,163.2,163.2,163.2,163.2,163.2,163.2,163.2,163.2,163.2,163.2,163.2,163.2,163.2,163.2,163.2,163.2,163.2,163.2,163.2,163.2,163.2,163.2,163.2,163.2,163.2,163.2,163.2,163.2,163.2,163.2,163.2,163.2,163.2,163.2,163.2,163.2,163.2,163.2,163.2,163.2,163.2,163.2,163.2,163.2,163.2,163.2,163.2,163.2,163.2,163.2,163.2,163.2,163.2,163.2,163.2,163.2,163.2,163.2,163.2,163.2,163.2,163.2,163.2,163.2,163.2,163.2,163.2,163.2,163.2,163.2,163.2,163.2,163.2,163.2,163.2,163.2,163.2,163.2,163.2,163.2,163.2,163.2,163.2,163.2,163.2,163.2,163.2,163.2,163.2,163.2,163.2,163.2,163.2,163.2,163.2,163.2,163.2,163.2,163.2,163.2,163.2,163.2,163.2,163.2,163.2,163.2,163.2,163.2,163.2,163.2,163.2,163.2,163.2,163.2,163.2,163.2,163.2,163.2,163.2,163.2,163.2,163.2,163.2,163.2,163.2,163.2,163.2,163.2,163.2,163.2,163.2,163.2,163.2,163.2,163.2,163.2,163.2,163.2,163.2,163.2,163.2,163.2,163.2,163.2,163.2,163.2,163.2,163.2,163.2
2010-10-01,,,,,,,,,164.7,164.8,164.8,164.8,164.8,164.8,164.8,164.8,164.8,164.8,164.8,164.8,164.8,164.8,164.8,164.8,164.8,164.8,164.8,164.8,164.8,164.8,164.8,164.8,164.8,164.8,164.8,164.8,164.8,164.8,164.8,164.8,164.8,164.8,164.8,164.8,164.8,164.8,164.8,164.8,164.8,164.8,164.8,164.8,164.8,164.8,164.8,164.8,164.8,164.8,164.8,164.8,164.8,164.8,164.8,164.8,164.8,164.8,164.8,164.8,164.8,164.8,164.8,164.8,164.8,164.8,164.8,164.8,164.8,164.8,164.8,164.8,164.8,164.8,164.8,164.8,164.8,164.8,164.8,164.8,164.8,164.8,164.8,164.8,164.8,164.8,164.8,164.8,164.8,164.8,164.8,164.8,164.8,164.8,164.8,164.8,164.8,164.8,164.8,164.8,164.8,164.8,164.8,164.8,164.8,164.8,164.8,164.8,164.8,164.8,164.8,164.8,164.8,164.8,164.8,164.8,164.8,164.8,164.8,164.8,164.8,164.8,164.8,164.8,164.8,164.8,164.8,164.8,164.8,164.8,164.8,164.8,164.8,164.8,164.8,164.8,164.8,164.8,164.8,164.8,164.8,164.8,164.8,164.8,164.8,164.8,164.8,164.8,164.8,164.8,164.8,164.8,164.8,164.8,164.8,164.8,164.8,164.8,164.8,164.8,164.8,164.8,164.8,164.8,164.8,164.8,164.8,164.8,164.8,164.8,164.8,164.8,164.8,164.8,164.8,164.8,164.8,164.8,164.8,164.8,164.8,164.8,164.8,164.8,164.8,164.8,164.8,164.8,164.8,164.8
2010-11-01,,,,,,,,,,170.5,169.7,169.6,169.7,169.7,169.7,169.7,169.7,169.7,169.7,169.7,169.7,169.7,169.7,169.7,169.7,169.7,169.7,169.7,169.7,169.7,169.7,169.7,169.7,169.7,169.7,169.7,169.7,169.7,169.7,169.7,169.7,169.7,169.7,169.7,169.7,169.7,169.7,169.7,169.7,169.7,169.7,169.7,169.7,169.7,169.7,169.7,169.7,169.7,169.7,169.7,169.7,169.7,169.7,169.7,169.7,169.7,169.7,169.7,169.7,169.7,169.7,169.7,169.7,169.7,169.7,169.7,169.7,169.7,169.7,169.7,169.7,169.7,169.7,169.7,169.7,169.7,169.7,169.7,169.7,169.7,169.7,169.7,169.7,169.7,169.7,169.7,169.7,169.7,169.7,169.7,169.7,169.7,169.7,169.7,169.7,169.7,169.7,169.7,169.7,169.7,169.7,169.7,169.7,169.7,169.7,169.7,169.7,169.7,169.7,169.7,169.7,169.7,169.7,169.7,169.7,169.7,169.7,169.7,169.7,169.7,169.7,169.7,169.7,169.7,169.7,169.7,169.7,169.7,169.7,169.7,169.7,169.7,169.7,169.7,169.7,169.7,169.7,169.7,169.7,169.7,169.7,169.7,169.7,169.7,169.7,169.7,169.7,169.7,169.7,169.7,169.7,169.7,169.7,169.7,169.7,169.7,169.7,169.7,169.7,169.7,169.7,169.7,169.7,169.7,169.7,169.7,169.7,169.7,169.7,169.7,169.7,169.7,169.7,169.7,169.7,169.7,169.7,169.7,169.7,169.7,169.7,169.7,169.7,169.7,169.7,169.7,169.7,169.7
2010-12-01,,,,,,,,,,,169.2,170.0,170.0,170.1,170.1,170.1,170.1,170.1,170.1,170.1,170.1,170.1,170.1,170.1,170.1,170.1,170.1,170.1,170.1,170.1,170.1,170.1,170.1,170.1,170.1,170.1,170.1,170.1,170.1,170.1,170.1,170.1,170.1,170.1,170.1,170.1,170.1,170.1,170.1,170.1,170.1,170.1,170.1,170.1,170.1,170.1,170.1,170.1,170.1,170.1,170.1,170.1,170.1,170.1,170.1,170.1,170.1,170.1,170.1,170.1,170.1,170.1,170.1,170.1,170.1,170.1,170.1,170.1,170.1,170.1,170.1,170.1,170.1,170.1,170.1,170.1,170.1,170.1,170.1,170.1,170.1,170.1,170.1,170.1,170.1,170.1,170.1,170.1,170.1,170.1,170.1,170.1,170.1,170.1,170.1,170.1,170.1,170.1,170.1,170.1,170.1,170.1,170.1,170.1,170.1,170.1,170.1,170.1,170.1,170.1,170.1,170.1,170.1,170.1,170.1,170.1,170.1,170.1,170.1,170.1,170.1,170.1,170.1,170.1,170.1,170.1,170.1,170.1,170.1,170.1,170.1,170.1,170.1,170.1,170.1,170.1,170.1,170.1,170.1,170.1,170.1,170.1,170.1,170.1,170.1,170.1,170.1,170.1,170.1,170.1,170.1,170.1,170.1,170.1,170.1,170.1,170.1,170.1,170.1,170.1,170.1,170.1,170.1,170.1,170.1,170.1,170.1,170.1,170.1,170.1,170.1,170.1,170.1,170.1,170.1,170.1,170.1,170.1,170.1,170.1,170.1,170.1,170.1,170.1,170.1,170.1,170.1,170.1
2011-01-01,,,,,,,,,,,,167.2,167.3,167.2,167.2,167.2,167.2,167.2,167.2,167.2,167.2,167.2,167.2,167.2,167.2,167.2,167.2,167.2,167.2,167.2,167.2,167.2,167.2,167.2,167.2,167.2,167.2,167.2,167.2,167.2,167.2,167.2,167.2,167.2,167.2,167.2,167.2,167.2,167.2,167.2,167.2,167.2,167.2,167.2,167.2,167.2,167.2,167.2,167.2,167.2,167.2,167.2,167.2,167.2,167.2,167.2,167.2,167.2,167.2,167.2,167.2,167.2,167.2,167.2,167.2,167.2,167.2,167.2,167.2,167.2,167.2,167.2,167.2,167.2,167.2,167.2,167.2,167.2,167.2,167.2,167.2,167.2,167.2,167.2,167.2,167.2,167.2,167.2,167.2,167.2,167.2,167.2,167.2,167.2,167.2,167.2,167.2,167.2,167.2,167.2,167.2,167.2,167.2,167.2,167.2,167.2,167.2,167.2,167.2,167.2,167.2,167.2,167.2,167.2,167.2,167.2,167.2,167.2,167.2,167.2,167.2,167.2,167.2,167.2,167.2,167.2,167.2,167.2,167.2,167.2,167.2,167.2,167.2,167.2,167.2,167.2,167.2,167.2,167.2,167.2,167.2,167.2,167.2,167.2,167.2,167.2,167.2,167.2,167.2,167.2,167.2,167.2,167.2,167.2,167.2,167.2,167.2,167.2,167.2,167.2,167.2,167.2,167.2,167.2,167.2,167.2,167.2,167.2,167.2,167.2,167.2,167.2,167.2,167.2,167.2,167.2,167.2,167.2,167.2,167.2,167.2,167.2,167.2,167.2,167.2,167.2,167.2,167.2
2011-02-01,,,,,,,,,,,,,170.1,170.2,171.4,171.4,171.4,171.4,171.4,171.4,171.4,171.4,171.4,171.4,171.4,171.4,171.4,171.4,171.4,171.4,171.4,171.4,171.4,171.4,171.4,171.4,171.4,171.4,171.4,171.4,171.4,171.4,171.4,171.4,171.4,171.4,171.4,171.4,171.4,171.4,171.4,171.4,171.4,171.4,171.4,171.4,171.4,171.4,171.4,171.4,171.4,171.4,171.4,171.4,171.4,171.4,171.4,171.4,171.4,171.4,171.4,171.4,171.4,171.4,171.4,171.4,171.4,171.4,171.4,171.4,171.4,171.4,171.4,171.4,171.4,171.4,171.4,171.4,171.4,171.4,171.4,171.4,171.4,171.4,171.4,171.4,171.4,171.4,171.4,171.4,171.4,171.4,171.4,171.4,171.4,171.4,171.4,171.4,171.4,171.4,171.4,171.4,171.4,171.4,171.4,171.4,171.4,171.4,171.4,171.4,171.4,171.4,171.4,171.4,171.4,171.4,171.4,171.4,171.4,171.4,171.4,171.4,171.4,171.4,171.4,171.4,171.4,171.4,171.4,171.4,171.4,171.4,171.4,171.4,171.4,171.4,171.4,171.4,171.4,171.4,171.4,171.4,171.4,171.4,171.4,171.4,171.4,171.4,171.4,171.4,171.4,171.4,171.4,171.4,171.4,171.4,171.4,171.4,171.4,171.4,171.4,171.4,171.4,171.4,171.4,171.4,171.4,171.4,171.4,171.4,171.4,171.4,171.4,171.4,171.4,171.4,171.4,171.4,171.4,171.4,171.4,171.4,171.4,171.4,171.4,171.4,171.4,171.4
2011-03-01,,,,,,,,,,,,,,170.5,172.8,172.8,172.8,172.8,172.8,172.8,172.8,172.8,172.8,172.8,172.8,172.8,172.8,172.8,172.8,172.8,172.8,172.8,172.8,172.8,172.8,172.8,172.8,172.8,172.8,172.8,172.8,172.8,172.8,172.8,172.8,172.8,172.8,172.8,172.8,172.8,172.8,172.8,172.8,172.8,172.8,172.8,172.8,172.8,172.8,172.8,172.8,172.8,172.8,172.8,172.8,172.8,172.8,172.8,172.8,172.8,172.8,172.8,172.8,172.8,172.8,172.8,172.8,172.8,172.8,172.8,172.8,172.8,172.8,172.8,172.8,172.8,172.8,172.8,172.8,172.8,172.8,172.8,172.8,172.8,172.8,172.8,172.8,172.8,172.8,172.8,172.8,172.8,172.8,172.8,172.8,172.8,172.8,172.8,172.8,172.8,172.8,172.8,172.8,172.8,172.8,172.8,172.8,172.8,172.8,172.8,172.8,172.8,172.8,172.8,172.8,172.8,172.8,172.8,172.8,172.8,172.8,172.8,172.8,172.8,172.8,172.8,172.8,172.8,172.8,172.8,172.8,172.8,172.8,172.8,172.8,172.8,172.8,172.8,172.8,172.8,172.8,172.8,172.8,172.8,172.8,172.8,172.8,172.8,172.8,172.8,172.8,172.8,172.8,172.8,172.8,172.8,172.8,172.8,172.8,172.8,172.8,172.8,172.8,172.8,172.8,172.8,172.8,172.8,172.8,172.8,172.8,172.8,172.8,172.8,172.8,172.8,172.8,172.8,172.8,172.8,172.8,172.8,172.8,172.8,172.8,172.8,172.8,172.8
2011-04-01,,,,,,,,,,,,,,,174.8,175.0,174.9,174.8,174.8,174.8,174.8,174.8,174.8,174.8,174.8,174.8,174.8,174.8,174.8,174.8,174.8,174.8,174.8,174.8,174.8,174.8,174.8,174.8,174.8,174.8,174.8,174.8,174.8,174.8,174.8,174.8,174.8,174.8,174.8,174.8,174.8,174.8,174.8,174.8,174.8,174.8,174.8,174.8,174.8,174.8,174.8,174.8,174.8,174.8,174.8,174.8,174.8,174.8,174.8,174.8,174.8,174.8,174.8,174.8,174.8,174.8,174.8,174.8,174.8,174.8,174.8,174.8,174.8,174.8,174.8,174.8,174.8,174.8,174.8,174.8,174.8,174.8,174.8,174.8,174.8,174.8,174.8,174.8,174.8,174.8,174.8,174.8,174.8,174.8,174.8,174.8,174.8,174.8,174.8,174.8,174.8,174.8,174.8,174.8,174.8,174.8,174.8,174.8,174.8,174.8,174.8,174.8,174.8,174.8,174.8,174.8,174.8,174.8,174.8,174.8,174.8,174.8,174.8,174.8,174.8,174.8,174.8,174.8,174.8,174.8,174.8,174.8,174.8,174.8,174.8,174.8,174.8,174.8,174.8,174.8,174.8,174.8,174.8,174.8,174.8,174.8,174.8,174.8,174.8,174.8,174.8,174.8,174.8,174.8,174.8,174.8,174.8,174.8,174.8,174.8,174.8,174.8,174.8,174.8,174.8,174.8,174.8,174.8,174.8,174.8,174.8,174.8,174.8,174.8,174.8,174.8,174.8,174.8,174.8,174.8,174.8,174.8,174.8,174.8,174.8,174.8,174.8,174.8
2011-05-01,,,,,,,,,,,,,,,,180.0,184.9,185.0,185.0,185.0,185.0,185.0,185.0,185.0,185.0,185.0,185.0,185.0,185.0,185.0,185.0,185.0,185.0,185.0,185.0,185.0,185.0,185.0,185.0,185.0,185.0,185.0,185.0,185.0,185.0,185.0,185.0,185.0,185.0,185.0,185.0,185.0,185.0,185.0,185.0,185.0,185.0,185.0,185.0,185.0,185.0,185.0,185.0,185.0,185.0,185.0,185.0,185.0,185.0,185.0,185.0,185.0,185.0,185.0,185.0,185.0,185.0,185.0,185.0,185.0,185.0,185.0,185.0,185.0,185.0,185.0,185.0,185.0,185.0,185.0,185.0,185.0,185.0,185.0,185.0,185.0,185.0,185.0,185.0,185.0,185.0,185.0,185.0,185.0,185.0,185.0,185.0,185.0,185.0,185.0,185.0,185.0,185.0,185.0,185.0,185.0,185.0,185.0,185.0,185.0,185.0,185.0,185.0,185.0,185.0,185.0,185.0,185.0,185.0,185.0,185.0,185.0,185.0,185.0,185.0,185.0,185.0,185.0,185.0,185.0,185.0,185.0,185.0,185.0,185.0,185.0,185.0,185.0,185.0,185.0,185.0,185.0,185.0,185.0,185.0,185.0,185.0,185.0,185.0,185.0,185.0,185.0,185.0,185.0,185.0,185.0,185.0,185.0,185.0,185.0,185.0,185.0,185.0,185.0,185.0,185.0,185.0,185.0,185.0,185.0,185.0,185.0,185.0,185.0,185.0,185.0,185.0,185.0,185.0,185.0,185.0,185.0,185.0,185.0,185.0,185.0,185.0,185.0
2011-06-01,,,,,,,,,,,,,,,,,184.7,184.9,184.8,184.3,184.3,184.3,184.3,184.3,184.3,184.3,184.3,184.3,184.3,184.3,184.3,184.3,184.3,184.3,184.3,184.3,184.3,184.3,184.3,184.3,184.3,184.3,184.3,184.3,184.3,184.3,184.3,184.3,184.3,184.3,184.3,184.3,184.3,184.3,184.3,184.3,184.3,184.3,184.3,184.3,184.3,184.3,184.3,184.3,184.3,184.3,184.3,184.3,184.3,184.3,184.3,184.3,184.3,184.3,184.3,184.3,184.3,184.3,184.3,184.3,184.3,184.3,184.3,184.3,184.3,184.3,184.3,184.3,184.3,184.3,184.3,184.3,184.3,184.3,184.3,184.3,184.3,184.3,184.3,184.3,184.3,184.3,184.3,184.3,184.3,184.3,184.3,184.3,184.3,184.3,184.3,184.3,184.3,184.3,184.3,184.3,184.3,184.3,184.3,184.3,184.3,184.3,184.3,184.3,184.3,184.3,184.3,184.3,184.3,184.3,184.3,184.3,184.3,184.3,184.3,184.3,184.3,184.3,184.3,184.3,184.3,184.3,184.3,184.3,184.3,184.3,184.3,184.3,184.3,184.3,184.3,184.3,184.3,184.3,184.3,184.3,184.3,184.3,184.3,184.3,184.3,184.3,184.3,184.3,184.3,184.3,184.3,184.3,184.3,184.3,184.3,184.3,184.3,184.3,184.3,184.3,184.3,184.3,184.3,184.3,184.3,184.3,184.3,184.3,184.3,184.3,184.3,184.3,184.3,184.3,184.3,184.3,184.3,184.3,184.3,184.3,184.3,184.3
2011-07-01,,,,,,,,,,,,,,,,,,184.6,184.4,183.9,183.9,183.9,183.9,183.9,183.9,183.9,183.9,183.9,183.9,183.9,183.9,183.9,183.9,183.9,183.9,183.9,183.9,183.9,183.9,183.9,183.9,183.9,183.9,183.9,183.9,183.9,183.9,183.9,183.9,183.9,183.9,183.9,183.9,183.9,183.9,183.9,183.9,183.9,183.9,183.9,183.9,183.9,183.9,183.9,183.9,183.9,183.9,183.9,183.9,183.9,183.9,183.9,183.9,183.9,183.9,183.9,183.9,183.9,183.9,183.9,183.9,183.9,183.9,183.9,183.9,183.9,183.9,183.9,183.9,183.9,183.9,183.9,183.9,183.9,183.9,183.9,183.9,183.9,183.9,183.9,183.9,183.9,183.9,183.9,183.9,183.9,183.9,183.9,183.9,183.9,183.9,183.9,183.9,183.9,183.9,183.9,183.9,183.9,183.9,183.9,183.9,183.9,183.9,183.9,183.9,183.9,183.9,183.9,183.9,183.9,183.9,183.9,183.9,183.9,183.9,183.9,183.9,183.9,183.9,183.9,183.9,183.9,183.9,183.9,183.9,183.9,183.9,183.9,183.9,183.9,183.9,183.9,183.9,183.9,183.9,183.9,183.9,183.9,183.9,183.9,183.9,183.9,183.9,183.9,183.9,183.9,183.9,183.9,183.9,183.9,183.9,183.9,183.9,183.9,183.9,183.9,183.9,183.9,183.9,183.9,183.9,183.9,183.9,183.9,183.9,183.9,183.9,183.9,183.9,183.9,183.9,183.9,183.9,183.9,183.9,183.9,183.9,183.9
2011-08-01,,,,,,,,,,,,,,,,,,,185.5,183.6,186.1,186.0,186.0,186.0,186.0,186.0,186.0,186.0,186.0,186.0,186.0,186.0,186.0,186.0,186.0,186.0,186.0,186.0,186.0,186.0,186.0,186.0,186.0,186.0,186.0,186.0,186.0,186.0,186.0,186.0,186.0,186.0,186.0,186.0,186.0,186.0,186.0,186.0,186.0,186.0,186.0,186.0,186.0,186.0,186.0,186.0,186.0,186.0,186.0,186.0,186.0,186.0,186.0,186.0,186.0,186.0,186.0,186.0,186.0,186.0,186.0,186.0,186.0,186.0,186.0,186.0,186.0,186.0,186.0,186.0,186.0,186.0,186.0,186.0,186.0,186.0,186.0,186.0,186.0,186.0,186.0,186.0,186.0,186.0,186.0,186.0,186.0,186.0,186.0,186.0,186.0,186.0,186.0,186.0,186.0,186.0,186.0,186.0,186.0,186.0,186.0,186.0,186.0,186.0,186.0,186.0,186.0,186.0,186.0,186.0,186.0,186.0,186.0,186.0,186.0,186.0,186.0,186.0,186.0,186.0,186.0,186.0,186.0,186.0,186.0,186.0,186.0,186.0,186.0,186.0,186.0,186.0,186.0,186.0,186.0,186.0,186.0,186.0,186.0,186.0,186.0,186.0,186.0,186.0,186.0,186.0,186.0,186.0,186.0,186.0,186.0,186.0,186.0,186.0,186.0,186.0,186.0,186.0,186.0,186.0,186.0,186.0,186.0,186.0,186.0,186.0,186.0,186.0,186.0,186.0,186.0,186.0,186.0,186.0,186.0,186.0,186.0,186.0
2011-09-01,,,,,,,,,,,,,,,,,,,,183.5,185.5,185.5,185.5,185.5,185.5,185.5,185.5,185.5,185.5,185.5,185.5,185.5,185.5,185.5,185.5,185.5,185.5,185.5,185.5,185.5,185.5,185.5,185.5,185.5,185.5,185.5,185.5,185.5,185.5,185.5,185.5,185.5,185.5,185.5,185.5,185.5,185.5,185.5,185.5,185.5,185.5,185.5,185.5,185.5,185.5,185.5,185.5,185.5,185.5,185.5,185.5,185.5,185.5,185.5,185.5,185.5,185.5,185.5,185.5,185.5,185.5,185.5,185.5,185.5,185.5,185.5,185.5,185.5,185.5,185.5,185.5,185.5,185.5,185.5,185.5,185.5,185.5,185.5,185.5,185.5,185.5,185.5,185.5,185.5,185.5,185.5,185.5,185.5,185.5,185.5,185.5,185.5,185.5,185.5,185.5,185.5,185.5,185.5,185.5,185.5,185.5,185.5,185.5,185.5,185.5,185.5,185.5,185.5,185.5,185.5,185.5,185.5,185.5,185.5,185.5,185.5,185.5,185.5,185.5,185.5,185.5,185.5,185.5,185.5,185.5,185.5,185.5,185.5,185.5,185.5,185.5,185.5,185.5,185.5,185.5,185.5,185.5,185.5,185.5,185.5,185.5,185.5,185.5,185.5,185.5,185.5,185.5,185.5,185.5,185.5,185.5,185.5,185.5,185.5,185.5,185.5,185.5,185.5,185.5,185.5,185.5,185.5,185.5,185.5,185.5,185.5,185.5,185.5,185.5,185.5,185.5,185.5,185.5,185.5,185.5,185.5,185.5,185.5
2011-10-01,,,,,,,,,,,,,,,,,,,,,181.2,181.3,181.1,181.1,181.1,181.1,181.1,181.1,181.1,181.1,181.1,181.1,181.1,181.1,181.1,181.1,181.1,181.1,181.1,181.1,181.1,181.1,181.1,181.1,181.1,181.1,181.1,181.1,181.1,181.1,181.1,181.1,181.1,181.1,181.1,181.1,181.1,181.1,181.1,181.1,181.1,181.1,181.1,181.1,181.1,181.1,181.1,181.1,181.1,181.1,181.1,181.1,181.1,181.1,181.1,181.1,181.1,181.1,181.1,181.1,181.1,181.1,181.1,181.1,181.1,181.1,181.1,181.1,181.1,181.1,181.1,181.1,181.1,181.1,181.1,181.1,181.1,181.1,181.1,181.1,181.1,181.1,181.1,181.1,181.1,181.1,181.1,181.1,181.1,181.1,181.1,181.1,181.1,181.1,181.1,181.1,181.1,181.1,181.1,181.1,181.1,181.1,181.1,181.1,181.1,181.1,181.1,181.1,181.1,181.1,181.1,181.1,181.1,181.1,181.1,181.1,181.1,181.1,181.1,181.1,181.1,181.1,181.1,181.1,181.1,181.1,181.1,181.1,181.1,181.1,181.1,181.1,181.1,181.1,181.1,181.1,181.1,181.1,181.1,181.1,181.1,181.1,181.1,181.1,181.1,181.1,181.1,181.1,181.1,181.1,181.1,181.1,181.1,181.1,181.1,181.1,181.1,181.1,181.1,181.1,181.1,181.1,181.1,181.1,181.1,181.1,181.1,181.1,181.1,181.1,181.1,181.1,181.1,181.1,181.1,181.1,181.1,181.1
2011-11-01,,,,,,,,,,,,,,,,,,,,,,178.3,177.9,177.9,177.9,177.9,177.9,177.9,177.9,177.9,177.9,177.9,177.9,177.9,177.9,177.9,177.9,177.9,177.9,177.9,177.9,177.9,177.9,177.9,177.9,177.9,177.9,177.9,177.9,177.9,177.9,177.9,177.9,177.9,177.9,177.9,177.9,177.9,177.9,177.9,177.9,177.9,177.9,177.9,177.9,177.9,177.9,177.9,177.9,177.9,177.9,177.9,177.9,177.9,177.9,177.9,177.9,177.9,177.9,177.9,177.9,177.9,177.9,177.9,177.9,177.9,177.9,177.9,177.9,177.9,177.9,177.9,177.9,177.9,177.9,177.9,177.9,177.9,177.9,177.9,177.9,177.9,177.9,177.9,177.9,177.9,177.9,177.9,177.9,177.9,177.9,177.9,177.9,177.9,177.9,177.9,177.9,177.9,177.9,177.9,177.9,177.9,177.9,177.9,177.9,177.9,177.9,177.9,177.9,177.9,177.9,177.9,177.9,177.9,177.9,177.9,177.9,177.9,177.9,177.9,177.9,177.9,177.9,177.9,177.9,177.9,177.9,177.9,177.9,177.9,177.9,177.9,177.9,177.9,177.9,177.9,177.9,177.9,177.9,177.9,177.9,177.9,177.9,177.9,177.9,177.9,177.9,177.9,177.9,177.9,177.9,177.9,177.9,177.9,177.9,177.9,177.9,177.9,177.9,177.9,177.9,177.9,177.9,177.9,177.9,177.9,177.9,177.9,177.9,177.9,177.9,177.9,177.9,177.9,177.9,177.9,177.9,177.9
2011-12-01,,,,,,,,,,,,,,,,,,,,,,,176.9,176.9,177.0,177.1,177.1,177.1,177.1,177.1,177.1,177.1,177.1,177.1,177.1,177.1,177.1,177.1,177.1,177.1,177.1,177.1,177.1,177.1,177.1,177.1,177.1,177.1,177.1,177.1,177.1,177.1,177.1,177.1,177.1,177.1,177.1,177.1,177.1,177.1,177.1,177.1,177.1,177.1,177.1,177.1,177.1,177.1,177.1,177.1,177.1,177.1,177.1,177.1,177.1,177.1,177.1,177.1,177.1,177.1,177.1,177.1,177.1,177.1,177.1,177.1,177.1,177.1,177.1,177.1,177.1,177.1,177.1,177.1,177.1,177.1,177.1,177.1,177.1,177.1,177.1,177.1,177.1,177.1,177.1,177.1,177.1,177.1,177.1,177.1,177.1,177.1,177.1,177.1,177.1,177.1,177.1,177.1,177.1,177.1,177.1,177.1,177.1,177.1,177.1,177.1,177.1,177.1,177.1,177.1,177.1,177.1,177.1,177.1,177.1,177.1,177.1,177.1,177.1,177.1,177.1,177.1,177.1,177.1,177.1,177.1,177.1,177.1,177.1,177.1,177.1,177.1,177.1,177.1,177.1,177.1,177.1,177.1,177.1,177.1,177.1,177.1,177.1,177.1,177.1,177.1,177.1,177.1,177.1,177.1,177.1,177.1,177.1,177.1,177.1,177.1,177.1,177.1,177.1,177.1,177.1,177.1,177.1,177.1,177.1,177.1,177.1,177.1,177.1,177.1,177.1,177.1,177.1,177.1,177.1,177.1,177.1,177.1
2012-01-01,,,,,,,,,,,,,,,,,,,,,,,,171.1,171.2,171.2,171.2,171.2,171.2,171.2,171.2,171.2,171.2,171.2,171.2,171.2,171.2,171.2,171.2,171.2,171.2,171.2,171.2,171.2,171.2,171.2,171.2,171.2,171.2,171.2,171.2,171.2,171.2,171.2,171.2,171.2,171.2,171.2,171.2,171.2,171.2,171.2,171.2,171.2,171.2,171.2,171.2,171.2,171.2,171.2,171.2,171.2,171.2,171.2,171.2,171.2,171.2,171.2,171.2,171.2,171.2,171.2,171.2,171.2,171.2,171.2,171.2,171.2,171.2,171.2,171.2,171.2,171.2,171.2,171.2,171.2,171.2,171.2,171.2,171.2,171.2,171.2,171.2,171.2,171.2,171.2,171.2,171.2,171.2,171.2,171.2,171.2,171.2,171.2,171.2,171.2,171.2,171.2,171.2,171.2,171.2,171.2,171.2,171.2,171.2,171.2,171.2,171.2,171.2,171.2,171.2,171.2,171.2,171.2,171.2,171.2,171.2,171.2,171.2,171.2,171.2,171.2,171.2,171.2,171.2,171.2,171.2,171.2,171.2,171.2,171.2,171.2,171.2,171.2,171.2,171.2,171.2,171.2,171.2,171.2,171.2,171.2,171.2,171.2,171.2,171.2,171.2,171.2,171.2,171.2,171.2,171.2,171.2,171.2,171.2,171.2,171.2,171.2,171.2,171.2,171.2,171.2,171.2,171.2,171.2,171.2,171.2,171.2,171.2,171.2,171.2,171.2,171.2,171.2,171.2,171.2,171.2,171.2
2012-02-01,,,,,,,,,,,,,,,,,,,,,,,,,169.2,168.5,169.2,169.3,169.3,169.3,169.3,169.3,169.3,169.3,169.3,169.3,169.3,169.3,169.3,169.3,169.3,169.3,169.3,169.3,169.3,169.3,169.3,169.3,169.3,169.3,169.3,169.3,169.3,169.3,169.3,169.3,169.3,169.3,169.3,169.3,169.3,169.3,169.3,169.3,169.3,169.3,169.3,169.3,169.3,169.3,169.3,169.3,169.3,169.3,169.3,169.3,169.3,169.3,169.3,169.3,169.3,169.3,169.3,169.3,169.3,169.3,169.3,169.3,169.3,169.3,169.3,169.3,169.3,169.3,169.3,169.3,169.3,169.3,169.3,169.3,169.3,169.3,169.3,169.3,169.3,169.3,169.3,169.3,169.3,169.3,169.3,169.3,169.3,169.3,169.3,169.3,169.3,169.3,169.3,169.3,169.3,169.3,169.3,169.3,169.3,169.3,169.3,169.3,169.3,169.3,169.3,169.3,169.3,169.3,169.3,169.3,169.3,169.3,169.3,169.3,169.3,169.3,169.3,169.3,169.3,169.3,169.3,169.3,169.3,169.3,169.3,169.3,169.3,169.3,169.3,169.3,169.3,169.3,169.3,169.3,169.3,169.3,169.3,169.3,169.3,169.3,169.3,169.3,169.3,169.3,169.3,169.3,169.3,169.3,169.3,169.3,169.3,169.3,169.3,169.3,169.3,169.3,169.3,169.3,169.3,169.3,169.3,169.3,169.3,169.3,169.3,169.3,169.3,169.3,169.3,169.3,169.3,169.3
2012-03-01,,,,,,,,,,,,,,,,,,,,,,,,,,172.9,173.4,173.7,173.7,173.7,173.7,173.7,173.7,173.7,173.7,173.7,173.7,173.7,173.7,173.7,173.7,173.7,173.7,173.7,173.7,173.7,173.7,173.7,173.7,173.7,173.7,173.7,173.7,173.7,173.7,173.7,173.7,173.7,173.7,173.7,173.7,173.7,173.7,173.7,173.7,173.7,173.7,173.7,173.7,173.7,173.7,173.7,173.7,173.7,173.7,173.7,173.7,173.7,173.7,173.7,173.7,173.7,173.7,173.7,173.7,173.7,173.7,173.7,173.7,173.7,173.7,173.7,173.7,173.7,173.7,173.7,173.7,173.7,173.7,173.7,173.7,173.7,173.7,173.7,173.7,173.7,173.7,173.7,173.7,173.7,173.7,173.7,173.7,173.7,173.7,173.7,173.7,173.7,173.7,173.7,173.7,173.7,173.7,173.7,173.7,173.7,173.7,173.7,173.7,173.7,173.7,173.7,173.7,173.7,173.7,173.7,173.7,173.7,173.7,173.7,173.7,173.7,173.7,173.7,173.7,173.7,173.7,173.7,173.7,173.7,173.7,173.7,173.7,173.7,173.7,173.7,173.7,173.7,173.7,173.7,173.7,173.7,173.7,173.7,173.7,173.7,173.7,173.7,173.7,173.7,173.7,173.7,173.7,173.7,173.7,173.7,173.7,173.7,173.7,173.7,173.7,173.7,173.7,173.7,173.7,173.7,173.7,173.7,173.7,173.7,173.7,173.7,173.7,173.7,173.7,173.7,173.7,173.7
2012-04-01,,,,,,,,,,,,,,,,,,,,,,,,,,,177.4,177.0,177.0,177.0,177.0,177.0,177.0,177.0,177.0,177.0,177.0,177.0,177.0,177.0,177.0,177.0,177.0,177.0,177.0,177.0,177.0,177.0,177.0,177.0,177.0,177.0,177.0,177.0,177.0,177.0,177.0,177.0,177.0,177.0,177.0,177.0,177.0,177.0,177.0,177.0,177.0,177.0,177.0,177.0,177.0,177.0,177.0,177.0,177.0,177.0,177.0,177.0,177.0,177.0,177.0,177.0,177.0,177.0,177.0,177.0,177.0,177.0,177.0,177.0,177.0,177.0,177.0,177.0,177.0,177.0,177.0,177.0,177.0,177.0,177.0,177.0,177.0,177.0,177.0,177.0,177.0,177.0,177.0,177.0,177.0,177.0,177.0,177.0,177.0,177.0,177.0,177.0,177.0,177.0,177.0,177.0,177.0,177.0,177.0,177.0,177.0,177.0,177.0,177.0,177.0,177.0,177.0,177.0,177.0,177.0,177.0,177.0,177.0,177.0,177.0,177.0,177.0,177.0,177.0,177.0,177.0,177.0,177.0,177.0,177.0,177.0,177.0,177.0,177.0,177.0,177.0,177.0,177.0,177.0,177.0,177.0,177.0,177.0,177.0,177.0,177.0,177.0,177.0,177.0,177.0,177.0,177.0,177.0,177.0,177.0,177.0,177.0,177.0,177.0,177.0,177.0,177.0,177.0,177.0,177.0,177.0,177.0,177.0,177.0,177.0,177.0,177.0,177.0,177.0,177.0,177.0,177.0
2012-05-01,,,,,,,,,,,,,,,,,,,,,,,,,,,,177.5,177.5,177.5,177.6,177.6,177.6,177.6,177.6,177.6,177.6,177.6,177.6,177.6,177.6,177.6,177.6,177.6,177.6,177.6,177.6,177.6,177.6,177.6,177.6,177.6,177.6,177.6,177.6,177.6,177.6,177.6,177.6,177.6,177.6,177.6,177.6,177.6,177.6,177.6,177.6,177.6,177.6,177.6,177.6,177.6,177.6,177.6,177.6,177.6,177.6,177.6,177.6,177.6,177.6,177.6,177.6,177.6,177.6,177.6,177.6,177.6,177.6,177.6,177.6,177.6,177.6,177.6,177.6,177.6,177.6,177.6,177.6,177.6,177.6,177.6,177.6,177.6,177.6,177.6,177.6,177.6,177.6,177.6,177.6,177.6,177.6,177.6,177.6,177.6,177.6,177.6,177.6,177.6,177.6,177.6,177.6,177.6,177.6,177.6,177.6,177.6,177.6,177.6,177.6,177.6,177.6,177.6,177.6,177.6,177.6,177.6,177.6,177.6,177.6,177.6,177.6,177.6,177.6,177.6,177.6,177.6,177.6,177.6,177.6,177.6,177.6,177.6,177.6,177.6,177.6,177.6,177.6,177.6,177.6,177.6,177.6,177.6,177.6,177.6,177.6,177.6,177.6,177.6,177.6,177.6,177.6,177.6,177.6,177.6,177.6,177.6,177.6,177.6,177.6,177.6,177.6,177.6,177.6,177.6,177.6,177.6,177.6,177.6,177.6,177.6,177.6,177.6,177.6,177.6,177.6,177.6
2012-06-01,,,,,,,,,,,,,,,,,,,,,,,,,,,,,178.1,178.6,178.6,178.6,178.6,178.6,178.6,178.6,178.6,178.6,178.6,178.6,178.6,178.6,178.6,178.6,178.6,178.6,178.6,178.6,178.6,178.6,178.6,178.6,178.6,178.6,178.6,178.6,178.6,178.6,178.6,178.6,178.6,178.6,178.6,178.6,178.6,178.6,178.6,178.6,178.6,178.6,178.6,178.6,178.6,178.6,178.6,178.6,178.6,178.6,178.6,178.6,178.6,178.6,178.6,178.6,178.6,178.6,178.6,178.6,178.6,178.6,178.6,178.6,178.6,178.6,178.6,178.6,178.6,178.6,178.6,178.6,178.6,178.6,178.6,178.6,178.6,178.6,178.6,178.6,178.6,178.6,178.6,178.6,178.6,178.6,178.6,178.6,178.6,178.6,178.6,178.6,178.6,178.6,178.6,178.6,178.6,178.6,178.6,178.6,178.6,178.6,178.6,178.6,178.6,178.6,178.6,178.6,178.6,178.6,178.6,178.6,178.6,178.6,178.6,178.6,178.6,178.6,178.6,178.6,178.6,178.6,178.6,178.6,178.6,178.6,178.6,178.6,178.6,178.6,178.6,178.6,178.6,178.6,178.6,178.6,178.6,178.6,178.6,178.6,178.6,178.6,178.6,178.6,178.6,178.6,178.6,178.6,178.6,178.6,178.6,178.6,178.6,178.6,178.6,178.6,178.6,178.6,178.6,178.6,178.6,178.6,178.6,178.6,178.6,178.6,178.6,178.6,178.6,178.6
2012-07-01,,,,,,,,,,,,,,,,,,,,,,,,,,,,,,176.1,176.1,176.1,176.1,176.1,176.1,176.1,176.1,176.1,176.1,176.1,176.1,176.1,176.1,176.1,176.1,176.1,176.1,176.1,176.1,176.1,176.1,176.1,176.1,176.1,176.1,176.1,176.1,176.1,176.1,176.1,176.1,176.1,176.1,176.1,176.1,176.1,176.1,176.1,176.1,176.1,176.1,176.1,176.1,176.1,176.1,176.1,176.1,176.1,176.1,176.1,176.1,176.1,176.1,176.1,176.1,176.1,176.1,176.1,176.1,176.1,176.1,176.1,176.1,176.1,176.1,176.1,176.1,176.1,176.1,176.1,176.1,176.1,176.1,176.1,176.1,176.1,176.1,176.1,176.1,176.1,176.1,176.1,176.1,176.1,176.1,176.1,176.1,176.1,176.1,176.1,176.1,176.1,176.1,176.1,176.1,176.1,176.1,176.1,176.1,176.1,176.1,176.1,176.1,176.1,176.1,176.1,176.1,176.1,176.1,176.1,176.1,176.1,176.1,176.1,176.1,176.1,176.1,176.1,176.1,176.1,176.1,176.1,176.1,176.1,176.1,176.1,176.1,176.1,176.1,176.1,176.1,176.1,176.1,176.1,176.1,176.1,176.1,176.1,176.1,176.1,176.1,176.1,176.1,176.1,176.1,176.1,176.1,176.1,176.1,176.1,176.1,176.1,176.1,176.1,176.1,176.1,176.1,176.1,176.1,176.1,176.1,176.1,176.1,176.1,176.1,176.1,176.1,176.1
2012-08-01,,,,,,,,,,,,,,,,,,,,,,,,,,,,,,,173.3,173.3,173.3,173.3,173.3,173.3,173.3,173.3,173.3,173.3,173.3,173.3,173.3,173.3,173.3,173.3,173.3,173.3,173.3,173.3,173.3,173.3,173.3,173.3,173.3,173.3,173.3,173.3,173.3,173.3,173.3,173.3,173.3,173.3,173.3,173.3,173.3,173.3,173.3,173.3,173.3,173.3,173.3,173.3,173.3,173.3,173.3,173.3,173.3,173.3,173.3,173.3,173.3,173.3,173.3,173.3,173.3,173.3,173.3,173.3,173.3,173.3,173.3,173.3,173.3,173.3,173.3,173.3,173.3,173.3,173.3,173.3,173.3,173.3,173.3,173.3,173.3,173.3,173.3,173.3,173.3,173.3,173.3,173.3,173.3,173.3,173.3,173.3,173.3,173.3,173.3,173.3,173.3,173.3,173.3,173.3,173.3,173.3,173.3,173.3,173.3,173.3,173.3,173.3,173.3,173.3,173.3,173.3,173.3,173.3,173.3,173.3,173.3,173.3,173.3,173.3,173.3,173.3,173.3,173.3,173.3,173.3,173.3,173.3,173.3,173.3,173.3,173.3,173.3,173.3,173.3,173.3,173.3,173.3,173.3,173.3,173.3,173.3,173.3,173.3,173.3,173.3,173.3,173.3,173.3,173.3,173.3,173.3,173.3,173.3,173.3,173.3,173.3,173.3,173.3,173.3,173.3,173.3,173.3,173.3,173.3,173.3,173.3,173.3,173.3,173.3,173.3,173.3
2012-09-01,,,,,,,,,,,,,,,,,,,,,,,,,,,,,,,,173.9,173.9,173.9,173.9,173.9,173.9,173.9,173.9,173.9,173.9,173.9,173.9,173.9,173.9,173.9,173.9,173.9,173.9,173.9,173.9,173.9,173.9,173.9,173.9,173.9,173.9,173.9,173.9,173.9,173.9,173.9,173.9,173.9,173.9,173.9,173.9,173.9,173.9,173.9,173.9,173.9,173.9,173.9,173.9,173.9,173.9,173.9,173.9,173.9,173.9,173.9,173.9,173.9,173.9,173.9,173.9,173.9,173.9,173.9,173.9,173.9,173.9,173.9,173.9,173.9,173.9,173.9,173.9,173.9,173.9,173.9,173.9,173.9,173.9,173.9,173.9,173.9,173.9,173.9,173.9,173.9,173.9,173.9,173.9,173.9,173.9,173.9,173.9,173.9,173.9,173.9,173.9,173.9,173.9,173.9,173.9,173.9,173.9,173.9,173.9,173.9,173.9,173.9,173.9,173.9,173.9,173.9,173.9,173.9,173.9,173.9,173.9,173.9,173.9,173.9,173.9,173.9,173.9,173.9,173.9,173.9,173.9,173.9,173.9,173.9,173.9,173.9,173.9,173.9,173.9,173.9,173.9,173.9,173.9,173.9,173.9,173.9,173.9,173.9,173.9,173.9,173.9,173.9,173.9,173.9,173.9,173.9,173.9,173.9,173.9,173.9,173.9,173.9,173.9,173.9,173.9,173.9,173.9,173.9,173.9,173.9,173.9,173.9,173.9,173.9,173.9,173.9
2012-10-01,,,,,,,,,,,,,,,,,,,,,,,,,,,,,,,,,176.2,176.2,176.1,176.1,176.1,176.1,176.1,176.1,176.1,176.1,176.1,176.1,176.1,176.1,176.1,176.1,176.1,176.1,176.1,176.1,176.1,176.1,176.1,176.1,176.1,176.1,176.1,176.1,176.1,176.1,176.1,176.1,176.1,176.1,176.1,176.1,176.1,176.1,176.1,176.1,176.1,176.1,176.1,176.1,176.1,176.1,176.1,176.1,176.1,176.1,176.1,176.1,176.1,176.1,176.1,176.1,176.1,176.1,176.1,176.1,176.1,176.1,176.1,176.1,176.1,176.1,176.1,176.1,176.1,176.1,176.1,176.1,176.1,176.1,176.1,176.1,176.1,176.1,176.1,176.1,176.1,176.1,176.1,176.1,176.1,176.1,176.1,176.1,176.1,176.1,176.1,176.1,176.1,176.1,176.1,176.1,176.1,176.1,176.1,176.1,176.1,176.1,176.1,176.1,176.1,176.1,176.1,176.1,176.1,176.1,176.1,176.1,176.1,176.1,176.1,176.1,176.1,176.1,176.1,176.1,176.1,176.1,176.1,176.1,176.1,176.1,176.1,176.1,176.1,176.1,176.1,176.1,176.1,176.1,176.1,176.1,176.1,176.1,176.1,176.1,176.1,176.1,176.1,176.1,176.1,176.1,176.1,176.1,176.1,176.1,176.1,176.1,176.1,176.1,176.1,176.1,176.1,176.1,176.1,176.1,176.1,176.1,176.1,176.1,176.1,176.1
2012-11-01,,,,,,,,,,,,,,,,,,,,,,,,,,,,,,,,,,177.0,177.1,177.1,177.1,177.1,177.1,177.1,177.1,177.1,177.1,177.1,177.1,177.1,177.1,177.1,177.1,177.1,177.1,177.1,177.1,177.1,177.1,177.1,177.1,177.1,177.1,177.1,177.1,177.1,177.1,177.1,177.1,177.1,177.1,177.1,177.1,177.1,177.1,177.1,177.1,177.1,177.1,177.1,177.1,177.1,177.1,177.1,177.1,177.1,177.1,177.1,177.1,177.1,177.1,177.1,177.1,177.1,177.1,177.1,177.1,177.1,177.1,177.1,177.1,177.1,177.1,177.1,177.1,177.1,177.1,177.1,177.1,177.1,177.1,177.1,177.1,177.1,177.1,177.1,177.1,177.1,177.1,177.1,177.1,177.1,177.1,177.1,177.1,177.1,177.1,177.1,177.1,177.1,177.1,177.1,177.1,177.1,177.1,177.1,177.1,177.1,177.1,177.1,177.1,177.1,177.1,177.1,177.1,177.1,177.1,177.1,177.1,177.1,177.1,177.1,177.1,177.1,177.1,177.1,177.1,177.1,177.1,177.1,177.1,177.1,177.1,177.1,177.1,177.1,177.1,177.1,177.1,177.1,177.1,177.1,177.1,177.1,177.1,177.1,177.1,177.1,177.1,177.1,177.1,177.1,177.1,177.1,177.1,177.1,177.1,177.1,177.1,177.1,177.1,177.1,177.1,177.1,177.1,177.1,177.1,177.1,177.1,177.1,177.1,177.1
2012-12-01,,,,,,,,,,,,,,,,,,,,,,,,,,,,,,,,,,,175.8,175.8,175.8,175.8,175.8,175.8,175.8,175.8,175.8,175.8,175.8,175.8,175.8,175.8,175.8,175.8,175.8,175.8,175.8,175.8,175.8,175.8,175.8,175.8,175.8,175.8,175.8,175.8,175.8,175.8,175.8,175.8,175.8,175.8,175.8,175.8,175.8,175.8,175.8,175.8,175.8,175.8,175.8,175.8,175.8,175.8,175.8,175.8,175.8,175.8,175.8,175.8,175.8,175.8,175.8,175.8,175.8,175.8,175.8,175.8,175.8,175.8,175.8,175.8,175.8,175.8,175.8,175.8,175.8,175.8,175.8,175.8,175.8,175.8,175.8,175.8,175.8,175.8,175.8,175.8,175.8,175.8,175.8,175.8,175.8,175.8,175.8,175.8,175.8,175.8,175.8,175.8,175.8,175.8,175.8,175.8,175.8,175.8,175.8,175.8,175.8,175.8,175.8,175.8,175.8,175.8,175.8,175.8,175.8,175.8,175.8,175.8,175.8,175.8,175.8,175.8,175.8,175.8,175.8,175.8,175.8,175.8,175.8,175.8,175.8,175.8,175.8,175.8,175.8,175.8,175.8,175.8,175.8,175.8,175.8,175.8,175.8,175.8,175.8,175.8,175.8,175.8,175.8,175.8,175.8,175.8,175.8,175.8,175.8,175.8,175.8,175.8,175.8,175.8,175.8,175.8,175.8,175.8,175.8,175.8,175.8,175.8,175.8,175.8
2013-01-01,,,,,,,,,,,,,,,,,,,,,,,,,,,,,,,,,,,,176.2,176.2,176.2,176.2,176.2,176.2,176.2,176.2,176.2,176.2,176.2,176.2,176.2,176.2,176.2,176.2,176.2,176.2,176.2,176.2,176.2,176.2,176.2,176.2,176.2,176.2,176.2,176.2,176.2,176.2,176.2,176.2,176.2,176.2,176.2,176.2,176.2,176.2,176.2,176.2,176.2,176.2,176.2,176.2,176.2,176.2,176.2,176.2,176.2,176.2,176.2,176.2,176.2,176.2,176.2,176.2,176.2,176.2,176.2,176.2,176.2,176.2,176.2,176.2,176.2,176.2,176.2,176.2,176.2,176.2,176.2,176.2,176.2,176.2,176.2,176.2,176.2,176.2,176.2,176.2,176.2,176.2,176.2,176.2,176.2,176.2,176.2,176.2,176.2,176.2,176.2,176.2,176.2,176.2,176.2,176.2,176.2,176.2,176.2,176.2,176.2,176.2,176.2,176.2,176.2,176.2,176.2,176.2,176.2,176.2,176.2,176.2,176.2,176.2,176.2,176.2,176.2,176.2,176.2,176.2,176.2,176.2,176.2,176.2,176.2,176.2,176.2,176.2,176.2,176.2,176.2,176.2,176.2,176.2,176.2,176.2,176.2,176.2,176.2,176.2,176.2,176.2,176.2,176.2,176.2,176.2,176.2,176.2,176.2,176.2,176.2,176.2,176.2,176.2,176.2,176.2,176.2,176.2,176.2,176.2,176.2,176.2,176.2
2013-02-01,,,,,,,,,,,,,,,,,,,,,,,,,,,,,,,,,,,,,175.5,175.5,175.5,175.5,175.5,175.5,175.5,175.5,175.5,175.5,175.5,175.5,175.5,175.5,175.5,175.5,175.5,175.5,175.5,175.5,175.5,175.5,175.5,175.5,175.5,175.5,175.5,175.5,175.5,175.5,175.5,175.5,175.5,175.5,175.5,175.5,175.5,175.5,175.5,175.5,175.5,175.5,175.5,175.5,175.5,175.5,175.5,175.5,175.5,175.5,175.5,175.5,175.5,175.5,175.5,175.5,175.5,175.5,175.5,175.5,175.5,175.5,175.5,175.5,175.5,175.5,175.5,175.5,175.5,175.5,175.5,175.5,175.5,175.5,175.5,175.5,175.5,175.5,175.5,175.5,175.5,175.5,175.5,175.5,175.5,175.5,175.5,175.5,175.5,175.5,175.5,175.5,175.5,175.5,175.5,175.5,175.5,175.5,175.5,175.5,175.5,175.5,175.5,175.5,175.5,175.5,175.5,175.5,175.5,175.5,175.5,175.5,175.5,175.5,175.5,175.5,175.5,175.5,175.5,175.5,175.5,175.5,175.5,175.5,175.5,175.5,175.5,175.5,175.5,175.5,175.5,175.5,175.5,175.5,175.5,175.5,175.5,175.5,175.5,175.5,175.5,175.5,175.5,175.5,175.5,175.5,175.5,175.5,175.5,175.5,175.5,175.5,175.5,175.5,175.5,175.5,175.5,175.5,175.5,175.5,175.5,175.5
2013-03-01,,,,,,,,,,,,,,,,,,,,,,,,,,,,,,,,,,,,,,174.4,174.4,174.4,174.7,174.7,174.7,174.7,174.7,174.7,174.7,174.7,174.7,174.7,174.7,174.7,174.7,174.7,174.7,174.7,174.7,174.7,174.7,174.7,174.7,174.7,174.7,174.7,174.7,174.7,174.7,174.7,174.7,174.7,174.7,174.7,174.7,174.7,174.7,174.7,174.7,174.7,174.7,174.7,174.7,174.7,174.7,174.7,174.7,174.7,174.7,174.7,174.7,174.7,174.7,174.7,174.7,174.7,174.7,174.7,174.7,174.7,174.7,174.7,174.7,174.7,174.7,174.7,174.7,174.7,174.7,174.7,174.7,174.7,174.7,174.7,174.7,174.7,174.7,174.7,174.7,174.7,174.7,174.7,174.7,174.7,174.7,174.7,174.7,174.7,174.7,174.7,174.7,174.7,174.7,174.7,174.7,174.7,174.7,174.7,174.7,174.7,174.7,174.7,174.7,174.7,174.7,174.7,174.7,174.7,174.7,174.7,174.7,174.7,174.7,174.7,174.7,174.7,174.7,174.7,174.7,174.7,174.7,174.7,174.7,174.7,174.7,174.7,174.7,174.7,174.7,174.7,174.7,174.7,174.7,174.7,174.7,174.7,174.7,174.7,174.7,174.7,174.7,174.7,174.7,174.7,174.7,174.7,174.7,174.7,174.7,174.7,174.7,174.7,174.7,174.7,174.7,174.7,174.7,174.7,174.7,174.7
2013-04-01,,,,,,,,,,,,,,,,,,,,,,,,,,,,,,,,,,,,,,,172.8,173.0,172.7,172.7,172.7,172.7,172.7,172.7,172.7,172.7,172.7,172.7,172.7,172.7,172.7,172.7,172.7,172.7,172.7,172.7,172.7,172.7,172.7,172.7,172.7,172.7,172.7,172.7,172.7,172.7,172.7,172.7,172.7,172.7,172.7,172.7,172.7,172.7,172.7,172.7,172.7,172.7,172.7,172.7,172.7,172.7,172.7,172.7,172.7,172.7,172.7,172.7,172.7,172.7,172.7,172.7,172.7,172.7,172.7,172.7,172.7,172.7,172.7,172.7,172.7,172.7,172.7,172.7,172.7,172.7,172.7,172.7,172.7,172.7,172.7,172.7,172.7,172.7,172.7,172.7,172.7,172.7,172.7,172.7,172.7,172.7,172.7,172.7,172.7,172.7,172.7,172.7,172.7,172.7,172.7,172.7,172.7,172.7,172.7,172.7,172.7,172.7,172.7,172.7,172.7,172.7,172.7,172.7,172.7,172.7,172.7,172.7,172.7,172.7,172.7,172.7,172.7,172.7,172.7,172.7,172.7,172.7,172.7,172.7,172.7,172.7,172.7,172.7,172.7,172.7,172.7,172.7,172.7,172.7,172.7,172.7,172.7,172.7,172.7,172.7,172.7,172.7,172.7,172.7,172.7,172.7,172.7,172.7,172.7,172.7,172.7,172.7,172.7,172.7,172.7,172.7,172.7,172.7,172.7,172.7
2013-05-01,,,,,,,,,,,,,,,,,,,,,,,,,,,,,,,,,,,,,,,,172.4,172.3,172.3,172.3,172.3,172.3,172.3,172.3,172.3,172.3,172.3,172.3,172.3,172.3,172.3,172.3,172.3,172.3,172.3,172.3,172.3,172.3,172.3,172.3,172.3,172.3,172.3,172.3,172.3,172.3,172.3,172.3,172.3,172.3,172.3,172.3,172.3,172.3,172.3,172.3,172.3,172.3,172.3,172.3,172.3,172.3,172.3,172.3,172.3,172.3,172.3,172.3,172.3,172.3,172.3,172.3,172.3,172.3,172.3,172.3,172.3,172.3,172.3,172.3,172.3,172.3,172.3,172.3,172.3,172.3,172.3,172.3,172.3,172.3,172.3,172.3,172.3,172.3,172.3,172.3,172.3,172.3,172.3,172.3,172.3,172.3,172.3,172.3,172.3,172.3,172.3,172.3,172.3,172.3,172.3,172.3,172.3,172.3,172.3,172.3,172.3,172.3,172.3,172.3,172.3,172.3,172.3,172.3,172.3,172.3,172.3,172.3,172.3,172.3,172.3,172.3,172.3,172.3,172.3,172.3,172.3,172.3,172.3,172.3,172.3,172.3,172.3,172.3,172.3,172.3,172.3,172.3,172.3,172.3,172.3,172.3,172.3,172.3,172.3,172.3,172.3,172.3,172.3,172.3,172.3,172.3,172.3,172.3,172.3,172.3,172.3,172.3,172.3,172.3,172.3,172.3,172.3,172.3,172.3
2013-06-01,,,,,,,,,,,,,,,,,,,,,,,,,,,,,,,,,,,,,,,,,171.8,171.8,171.8,171.8,171.8,171.8,171.8,171.8,171.8,171.8,171.8,171.8,171.8,171.8,171.8,171.8,171.8,171.8,171.8,171.8,171.8,171.8,171.8,171.8,171.8,171.8,171.8,171.8,171.8,171.8,171.8,171.8,171.8,171.8,171.8,171.8,171.8,171.8,171.8,171.8,171.8,171.8,171.8,171.8,171.8,171.8,171.8,171.8,171.8,171.8,171.8,171.8,171.8,171.8,171.8,171.8,171.8,171.8,171.8,171.8,171.8,171.8,171.8,171.8,171.8,171.8,171.8,171.8,171.8,171.8,171.8,171.8,171.8,171.8,171.8,171.8,171.8,171.8,171.8,171.8,171.8,171.8,171.8,171.8,171.8,171.8,171.8,171.8,171.8,171.8,171.8,171.8,171.8,171.8,171.8,171.8,171.8,171.8,171.8,171.8,171.8,171.8,171.8,171.8,171.8,171.8,171.8,171.8,171.8,171.8,171.8,171.8,171.8,171.8,171.8,171.8,171.8,171.8,171.8,171.8,171.8,171.8,171.8,171.8,171.8,171.8,171.8,171.8,171.8,171.8,171.8,171.8,171.8,171.8,171.8,171.8,171.8,171.8,171.8,171.8,171.8,171.8,171.8,171.8,171.8,171.8,171.8,171.8,171.8,171.8,171.8,171.8,171.8,171.8,171.8,171.8,171.8,171.8
2013-07-01,,,,,,,,,,,,,,,,,,,,,,,,,,,,,,,,,,,,,,,,,,172.4,172.4,172.1,172.1,172.1,172.1,172.1,172.1,172.1,172.1,172.1,172.1,172.1,172.1,172.1,172.1,172.1,172.1,172.1,172.1,172.1,172.1,172.1,172.1,172.1,172.1,172.1,172.1,172.1,172.1,172.1,172.1,172.1,172.1,172.1,172.1,172.1,172.1,172.1,172.1,172.1,172.1,172.1,172.1,172.1,172.1,172.1,172.1,172.1,172.1,172.1,172.1,172.1,172.1,172.1,172.1,172.1,172.1,172.1,172.1,172.1,172.1,172.1,172.1,172.1,172.1,172.1,172.1,172.1,172.1,172.1,172.1,172.1,172.1,172.1,172.1,172.1,172.1,172.1,172.1,172.1,172.1,172.1,172.1,172.1,172.1,172.1,172.1,172.1,172.1,172.1,172.1,172.1,172.1,172.1,172.1,172.1,172.1,172.1,172.1,172.1,172.1,172.1,172.1,172.1,172.1,172.1,172.1,172.1,172.1,172.1,172.1,172.1,172.1,172.1,172.1,172.1,172.1,172.1,172.1,172.1,172.1,172.1,172.1,172.1,172.1,172.1,172.1,172.1,172.1,172.1,172.1,172.1,172.1,172.1,172.1,172.1,172.1,172.1,172.1,172.1,172.1,172.1,172.1,172.1,172.1,172.1,172.1,172.1,172.1,172.1,172.1,172.1,172.1,172.1,172.1,172.1
2013-08-01,,,,,,,,,,,,,,,,,,,,,,,,,,,,,,,,,,,,,,,,,,,171.9,171.8,171.8,171.8,171.8,171.8,171.8,171.8,171.8,171.8,171.8,171.8,171.8,171.8,171.8,171.8,171.8,171.8,171.8,171.8,171.8,171.8,171.8,171.8,171.8,171.8,171.8,171.8,171.8,171.8,171.8,171.8,171.8,171.8,171.8,171.8,171.8,171.8,171.8,171.8,171.8,171.8,171.8,171.8,171.8,171.8,171.8,171.8,171.8,171.8,171.8,171.8,171.8,171.8,171.8,171.8,171.8,171.8,171.8,171.8,171.8,171.8,171.8,171.8,171.8,171.8,171.8,171.8,171.8,171.8,171.8,171.8,171.8,171.8,171.8,171.8,171.8,171.8,171.8,171.8,171.8,171.8,171.8,171.8,171.8,171.8,171.8,171.8,171.8,171.8,171.8,171.8,171.8,171.8,171.8,171.8,171.8,171.8,171.8,171.8,171.8,171.8,171.8,171.8,171.8,171.8,171.8,171.8,171.8,171.8,171.8,171.8,171.8,171.8,171.8,171.8,171.8,171.8,171.8,171.8,171.8,171.8,171.8,171.8,171.8,171.8,171.8,171.8,171.8,171.8,171.8,171.8,171.8,171.8,171.8,171.8,171.8,171.8,171.8,171.8,171.8,171.8,171.8,171.8,171.8,171.8,171.8,171.8,171.8,171.8,171.8,171.8,171.8,171.8,171.8,171.8
2013-09-01,,,,,,,,,,,,,,,,,,,,,,,,,,,,,,,,,,,,,,,,,,,,172.8,172.8,172.8,172.8,172.8,172.8,172.8,172.8,172.8,172.8,172.8,172.8,172.8,172.8,172.8,172.8,172.8,172.8,172.8,172.8,172.8,172.8,172.8,172.8,172.8,172.8,172.8,172.8,172.8,172.8,172.8,172.8,172.8,172.8,172.8,172.8,172.8,172.8,172.8,172.8,172.8,172.8,172.8,172.8,172.8,172.8,172.8,172.8,172.8,172.8,172.8,172.8,172.8,172.8,172.8,172.8,172.8,172.8,172.8,172.8,172.8,172.8,172.8,172.8,172.8,172.8,172.8,172.8,172.8,172.8,172.8,172.8,172.8,172.8,172.8,172.8,172.8,172.8,172.8,172.8,172.8,172.8,172.8,172.8,172.8,172.8,172.8,172.8,172.8,172.8,172.8,172.8,172.8,172.8,172.8,172.8,172.8,172.8,172.8,172.8,172.8,172.8,172.8,172.8,172.8,172.8,172.8,172.8,172.8,172.8,172.8,172.8,172.8,172.8,172.8,172.8,172.8,172.8,172.8,172.8,172.8,172.8,172.8,172.8,172.8,172.8,172.8,172.8,172.8,172.8,172.8,172.8,172.8,172.8,172.8,172.8,172.8,172.8,172.8,172.8,172.8,172.8,172.8,172.8,172.8,172.8,172.8,172.8,172.8,172.8,172.8,172.8,172.8,172.8,172.8
2013-10-01,,,,,,,,,,,,,,,,,,,,,,,,,,,,,,,,,,,,,,,,,,,,,174.3,174.3,174.3,174.3,174.3,174.3,174.3,174.3,174.3,174.3,174.3,174.3,174.3,174.3,174.3,174.3,174.3,174.3,174.3,174.3,174.3,174.3,174.3,174.3,174.3,174.3,174.3,174.3,174.3,174.3,174.3,174.3,174.3,174.3,174.3,174.3,174.3,174.3,174.3,174.3,174.3,174.3,174.3,174.3,174.3,174.3,174.3,174.3,174.3,174.3,174.3,174.3,174.3,174.3,174.3,174.3,174.3,174.3,174.3,174.3,174.3,174.3,174.3,174.3,174.3,174.3,174.3,174.3,174.3,174.3,174.3,174.3,174.3,174.3,174.3,174.3,174.3,174.3,174.3,174.3,174.3,174.3,174.3,174.3,174.3,174.3,174.3,174.3,174.3,174.3,174.3,174.3,174.3,174.3,174.3,174.3,174.3,174.3,174.3,174.3,174.3,174.3,174.3,174.3,174.3,174.3,174.3,174.3,174.3,174.3,174.3,174.3,174.3,174.3,174.3,174.3,174.3,174.3,174.3,174.3,174.3,174.3,174.3,174.3,174.3,174.3,174.3,174.3,174.3,174.3,174.3,174.3,174.3,174.3,174.3,174.3,174.3,174.3,174.3,174.3,174.3,174.3,174.3,174.3,174.3,174.3,174.3,174.3,174.3,174.3,174.3,174.3,174.3,174.3
2013-11-01,,,,,,,,,,,,,,,,,,,,,,,,,,,,,,,,,,,,,,,,,,,,,,177.0,178.1,178.1,178.1,178.1,178.1,178.1,178.1,178.1,178.1,178.1,178.1,178.1,178.1,178.1,178.1,178.1,178.1,178.1,178.1,178.1,178.1,178.1,178.1,178.1,178.1,178.1,178.1,178.1,178.1,178.1,178.1,178.1,178.1,178.1,178.1,178.1,178.1,178.1,178.1,178.1,178.1,178.1,178.1,178.1,178.1,178.1,178.1,178.1,178.1,178.1,178.1,178.1,178.1,178.1,178.1,178.1,178.1,178.1,178.1,178.1,178.1,178.1,178.1,178.1,178.1,178.1,178.1,178.1,178.1,178.1,178.1,178.1,178.1,178.1,178.1,178.1,178.1,178.1,178.1,178.1,178.1,178.1,178.1,178.1,178.1,178.1,178.1,178.1,178.1,178.1,178.1,178.1,178.1,178.1,178.1,178.1,178.1,178.1,178.1,178.1,178.1,178.1,178.1,178.1,178.1,178.1,178.1,178.1,178.1,178.1,178.1,178.1,178.1,178.1,178.1,178.1,178.1,178.1,178.1,178.1,178.1,178.1,178.1,178.1,178.1,178.1,178.1,178.1,178.1,178.1,178.1,178.1,178.1,178.1,178.1,178.1,178.1,178.1,178.1,178.1,178.1,178.1,178.1,178.1,178.1,178.1,178.1,178.1,178.1,178.1,178.1,178.1
2013-12-01,,,,,,,,,,,,,,,,,,,,,,,,,,,,,,,,,,,,,,,,,,,,,,,177.3,177.3,177.3,177.1,177.1,177.1,177.1,177.1,177.1,177.1,177.1,177.1,177.1,177.1,177.1,177.1,177.1,177.1,177.1,177.1,177.1,177.1,177.1,177.1,177.1,177.1,177.1,177.1,177.1,177.1,177.1,177.1,177.1,177.1,177.1,177.1,177.1,177.1,177.1,177.1,177.1,177.1,177.1,177.1,177.1,177.1,177.1,177.1,177.1,177.1,177.1,177.1,177.1,177.1,177.1,177.1,177.1,177.1,177.1,177.1,177.1,177.1,177.1,177.1,177.1,177.1,177.1,177.1,177.1,177.1,177.1,177.1,177.1,177.1,177.1,177.1,177.1,177.1,177.1,177.1,177.1,177.1,177.1,177.1,177.1,177.1,177.1,177.1,177.1,177.1,177.1,177.1,177.1,177.1,177.1,177.1,177.1,177.1,177.1,177.1,177.1,177.1,177.1,177.1,177.1,177.1,177.1,177.1,177.1,177.1,177.1,177.1,177.1,177.1,177.1,177.1,177.1,177.1,177.1,177.1,177.1,177.1,177.1,177.1,177.1,177.1,177.1,177.1,177.1,177.1,177.1,177.1,177.1,177.1,177.1,177.1,177.1,177.1,177.1,177.1,177.1,177.1,177.1,177.1,177.1,177.1,177.1,177.1,177.1,177.1,177.1,177.1
2014-01-01,,,,,,,,,,,,,,,,,,,,,,,,,,,,,,,,,,,,,,,,,,,,,,,,177.3,177.3,177.1,177.2,177.2,177.2,177.2,177.2,177.2,177.2,177.2,177.2,177.2,177.2,177.2,177.2,177.2,177.2,177.2,177.2,177.2,177.2,177.2,177.2,177.2,177.2,177.2,177.2,177.2,177.2,177.2,177.2,177.2,177.2,177.2,177.2,177.2,177.2,177.2,177.2,177.2,177.2,177.2,177.2,177.2,177.2,177.2,177.2,177.2,177.2,177.2,177.2,177.2,177.2,177.2,177.2,177.2,177.2,177.2,177.2,177.2,177.2,177.2,177.2,177.2,177.2,177.2,177.2,177.2,177.2,177.2,177.2,177.2,177.2,177.2,177.2,177.2,177.2,177.2,177.2,177.2,177.2,177.2,177.2,177.2,177.2,177.2,177.2,177.2,177.2,177.2,177.2,177.2,177.2,177.2,177.2,177.2,177.2,177.2,177.2,177.2,177.2,177.2,177.2,177.2,177.2,177.2,177.2,177.2,177.2,177.2,177.2,177.2,177.2,177.2,177.2,177.2,177.2,177.2,177.2,177.2,177.2,177.2,177.2,177.2,177.2,177.2,177.2,177.2,177.2,177.2,177.2,177.2,177.2,177.2,177.2,177.2,177.2,177.2,177.2,177.2,177.2,177.2,177.2,177.2,177.2,177.2,177.2,177.2,177.2,177.2
2014-02-01,,,,,,,,,,,,,,,,,,,,,,,,,,,,,,,,,,,,,,,,,,,,,,,,,176.3,176.1,176.2,176.2,176.2,176.2,176.2,176.2,176.2,176.2,176.2,176.2,176.2,176.2,176.2,176.2,176.2,176.2,176.2,176.2,176.2,176.2,176.2,176.2,176.2,176.2,176.2,176.2,176.2,176.2,176.2,176.2,176.2,176.2,176.2,176.2,176.2,176.2,176.2,176.2,176.2,176.2,176.2,176.2,176.2,176.2,176.2,176.2,176.2,176.2,176.2,176.2,176.2,176.2,176.2,176.2,176.2,176.2,176.2,176.2,176.2,176.2,176.2,176.2,176.2,176.2,176.2,176.2,176.2,176.2,176.2,176.2,176.2,176.2,176.2,176.2,176.2,176.2,176.2,176.2,176.2,176.2,176.2,176.2,176.2,176.2,176.2,176.2,176.2,176.2,176.2,176.2,176.2,176.2,176.2,176.2,176.2,176.2,176.2,176.2,176.2,176.2,176.2,176.2,176.2,176.2,176.2,176.2,176.2,176.2,176.2,176.2,176.2,176.2,176.2,176.2,176.2,176.2,176.2,176.2,176.2,176.2,176.2,176.2,176.2,176.2,176.2,176.2,176.2,176.2,176.2,176.2,176.2,176.2,176.2,176.2,176.2,176.2,176.2,176.2,176.2,176.2,176.2,176.2,176.2,176.2,176.2,176.2,176.2,176.2
2014-03-01,,,,,,,,,,,,,,,,,,,,,,,,,,,,,,,,,,,,,,,,,,,,,,,,,,176.8,176.6,176.6,176.6,176.6,176.6,176.6,176.6,176.6,176.6,176.6,176.6,176.6,176.6,176.6,176.6,176.6,176.6,176.6,176.6,176.6,176.6,176.6,176.6,176.6,176.6,176.6,176.6,176.6,176.6,176.6,176.6,176.6,176.6,176.6,176.6,176.6,176.6,176.6,176.6,176.6,176.6,176.6,176.6,176.6,176.6,176.6,176.6,176.6,176.6,176.6,176.6,176.6,176.6,176.6,176.6,176.6,176.6,176.6,176.6,176.6,176.6,176.6,176.6,176.6,176.6,176.6,176.6,176.6,176.6,176.6,176.6,176.6,176.6,176.6,176.6,176.6,176.6,176.6,176.6,176.6,176.6,176.6,176.6,176.6,176.6,176.6,176.6,176.6,176.6,176.6,176.6,176.6,176.6,176.6,176.6,176.6,176.6,176.6,176.6,176.6,176.6,176.6,176.6,176.6,176.6,176.6,176.6,176.6,176.6,176.6,176.6,176.6,176.6,176.6,176.6,176.6,176.6,176.6,176.6,176.6,176.6,176.6,176.6,176.6,176.6,176.6,176.6,176.6,176.6,176.6,176.6,176.6,176.6,176.6,176.6,176.6,176.6,176.6,176.6,176.6,176.6,176.6,176.6,176.6,176.6,176.6,176.6,176.6
2014-04-01,,,,,,,,,,,,,,,,,,,,,,,,,,,,,,,,,,,,,,,,,,,,,,,,,,,175.8,175.8,175.8,175.8,175.8,175.8,175.8,175.8,175.8,175.8,175.8,175.8,175.8,175.8,175.8,175.8,175.8,175.8,175.8,175.8,175.8,175.8,175.8,175.8,175.8,175.8,175.8,175.8,175.8,175.8,175.8,175.8,175.8,175.8,175.8,175.8,175.8,175.8,175.8,175.8,175.8,175.8,175.8,175.8,175.8,175.8,175.8,175.8,175.8,175.8,175.8,175.8,175.8,175.8,175.8,175.8,175.8,175.8,175.8,175.8,175.8,175.8,175.8,175.8,175.8,175.8,175.8,175.8,175.8,175.8,175.8,175.8,175.8,175.8,175.8,175.8,175.8,175.8,175.8,175.8,175.8,175.8,175.8,175.8,175.8,175.8,175.8,175.8,175.8,175.8,175.8,175.8,175.8,175.8,175.8,175.8,175.8,175.8,175.8,175.8,175.8,175.8,175.8,175.8,175.8,175.8,175.8,175.8,175.8,175.8,175.8,175.8,175.8,175.8,175.8,175.8,175.8,175.8,175.8,175.8,175.8,175.8,175.8,175.8,175.8,175.8,175.8,175.8,175.8,175.8,175.8,175.8,175.8,175.8,175.8,175.8,175.8,175.8,175.8,175.8,175.8,175.8,175.8,175.8,175.8,175.8,175.8,175.8
2014-05-01,,,,,,,,,,,,,,,,,,,,,,,,,,,,,,,,,,,,,,,,,,,,,,,,,,,,175.3,175.7,175.7,175.7,175.7,175.7,175.7,175.7,175.7,175.7,175.7,175.7,175.7,175.7,175.7,175.7,175.7,175.7,175.7,175.7,175.7,175.7,175.7,175.7,175.7,175.7,175.7,175.7,175.7,175.7,175.7,175.7,175.7,175.7,175.7,175.7,175.7,175.7,175.7,175.7,175.7,175.7,175.7,175.7,175.7,175.7,175.7,175.7,175.7,175.7,175.7,175.7,175.7,175.7,175.7,175.7,175.7,175.7,175.7,175.7,175.7,175.7,175.7,175.7,175.7,175.7,175.7,175.7,175.7,175.7,175.7,175.7,175.7,175.7,175.7,175.7,175.7,175.7,175.7,175.7,175.7,175.7,175.7,175.7,175.7,175.7,175.7,175.7,175.7,175.7,175.7,175.7,175.7,175.7,175.7,175.7,175.7,175.7,175.7,175.7,175.7,175.7,175.7,175.7,175.7,175.7,175.7,175.7,175.7,175.7,175.7,175.7,175.7,175.7,175.7,175.7,175.7,175.7,175.7,175.7,175.7,175.7,175.7,175.7,175.7,175.7,175.7,175.7,175.7,175.7,175.7,175.7,175.7,175.7,175.7,175.7,175.7,175.7,175.7,175.7,175.7,175.7,175.7,175.7,175.7,175.7,175.7
2014-06-01,,,,,,,,,,,,,,,,,,,,,,,,,,,,,,,,,,,,,,,,,,,,,,,,,,,,,175.7,175.7,175.7,175.8,175.8,175.8,175.8,175.8,175.8,175.8,175.8,175.8,175.8,175.8,175.8,175.8,175.8,175.8,175.8,175.8,175.8,175.8,175.8,175.8,175.8,175.8,175.8,175.8,175.8,175.8,175.8,175.8,175.8,175.8,175.8,175.8,175.8,175.8,175.8,175.8,175.8,175.8,175.8,175.8,175.8,175.8,175.8,175.8,175.8,175.8,175.8,175.8,175.8,175.8,175.8,175.8,175.8,175.8,175.8,175.8,175.8,175.8,175.8,175.8,175.8,175.8,175.8,175.8,175.8,175.8,175.8,175.8,175.8,175.8,175.8,175.8,175.8,175.8,175.8,175.8,175.8,175.8,175.8,175.8,175.8,175.8,175.8,175.8,175.8,175.8,175.8,175.8,175.8,175.8,175.8,175.8,175.8,175.8,175.8,175.8,175.8,175.8,175.8,175.8,175.8,175.8,175.8,175.8,175.8,175.8,175.8,175.8,175.8,175.8,175.8,175.8,175.8,175.8,175.8,175.8,175.8,175.8,175.8,175.8,175.8,175.8,175.8,175.8,175.8,175.8,175.8,175.8,175.8,175.8,175.8,175.8,175.8,175.8,175.8,175.8,175.8,175.8,175.8,175.8,175.8,175.8
2014-07-01,,,,,,,,,,,,,,,,,,,,,,,,,,,,,,,,,,,,,,,,,,,,,,,,,,,,,,175.2,175.2,175.2,175.4,175.4,175.4,175.4,175.4,175.4,175.4,175.4,175.4,175.4,175.4,175.4,175.4,175.4,175.4,175.4,175.4,175.4,175.4,175.4,175.4,175.4,175.4,175.4,175.4,175.4,175.4,175.4,175.4,175.4,175.4,175.4,175.4,175.4,175.4,175.4,175.4,175.4,175.4,175.4,175.4,175.4,175.4,175.4,175.4,175.4,175.4,175.4,175.4,175.4,175.4,175.4,175.4,175.4,175.4,175.4,175.4,175.4,175.4,175.4,175.4,175.4,175.4,175.4,175.4,175.4,175.4,175.4,175.4,175.4,175.4,175.4,175.4,175.4,175.4,175.4,175.4,175.4,175.4,175.4,175.4,175.4,175.4,175.4,175.4,175.4,175.4,175.4,175.4,175.4,175.4,175.4,175.4,175.4,175.4,175.4,175.4,175.4,175.4,175.4,175.4,175.4,175.4,175.4,175.4,175.4,175.4,175.4,175.4,175.4,175.4,175.4,175.4,175.4,175.4,175.4,175.4,175.4,175.4,175.4,175.4,175.4,175.4,175.4,175.4,175.4,175.4,175.4,175.4,175.4,175.4,175.4,175.4,175.4,175.4,175.4,175.4,175.4,175.4,175.4,175.4,175.4
2014-08-01,,,,,,,,,,,,,,,,,,,,,,,,,,,,,,,,,,,,,,,,,,,,,,,,,,,,,,,175.8,175.9,175.9,175.9,175.9,175.9,175.9,175.9,175.9,175.9,175.9,175.9,175.9,175.9,175.9,175.9,175.9,175.9,175.9,175.9,175.9,175.9,175.9,175.9,175.9,175.9,175.9,175.9,175.9,175.9,175.9,175.9,175.9,175.9,175.9,175.9,175.9,175.9,175.9,175.9,175.9,175.9,175.9,175.9,175.9,175.9,175.9,175.9,175.9,175.9,175.9,175.9,175.9,175.9,175.9,175.9,175.9,175.9,175.9,175.9,175.9,175.9,175.9,175.9,175.9,175.9,175.9,175.9,175.9,175.9,175.9,175.9,175.9,175.9,175.9,175.9,175.9,175.9,175.9,175.9,175.9,175.9,175.9,175.9,175.9,175.9,175.9,175.9,175.9,175.9,175.9,175.9,175.9,175.9,175.9,175.9,175.9,175.9,175.9,175.9,175.9,175.9,175.9,175.9,175.9,175.9,175.9,175.9,175.9,175.9,175.9,175.9,175.9,175.9,175.9,175.9,175.9,175.9,175.9,175.9,175.9,175.9,175.9,175.9,175.9,175.9,175.9,175.9,175.9,175.9,175.9,175.9,175.9,175.9,175.9,175.9,175.9,175.9,175.9,175.9,175.9,175.9,175.9,175.9
2014-09-01,,,,,,,,,,,,,,,,,,,,,,,,,,,,,,,,,,,,,,,,,,,,,,,,,,,,,,,,175.1,174.6,174.6,174.8,174.8,174.8,174.8,174.8,174.8,174.8,174.8,174.8,174.8,174.8,174.8,174.8,174.8,174.8,174.8,174.8,174.8,174.8,174.8,174.8,174.8,174.8,174.8,174.8,174.8,174.8,174.8,174.8,174.8,174.8,174.8,174.8,174.8,174.8,174.8,174.8,174.8,174.8,174.8,174.8,174.8,174.8,174.8,174.8,174.8,174.8,174.8,174.8,174.8,174.8,174.8,174.8,174.8,174.8,174.8,174.8,174.8,174.8,174.8,174.8,174.8,174.8,174.8,174.8,174.8,174.8,174.8,174.8,174.8,174.8,174.8,174.8,174.8,174.8,174.8,174.8,174.8,174.8,174.8,174.8,174.8,174.8,174.8,174.8,174.8,174.8,174.8,174.8,174.8,174.8,174.8,174.8,174.8,174.8,174.8,174.8,174.8,174.8,174.8,174.8,174.8,174.8,174.8,174.8,174.8,174.8,174.8,174.8,174.8,174.8,174.8,174.8,174.8,174.8,174.8,174.8,174.8,174.8,174.8,174.8,174.8,174.8,174.8,174.8,174.8,174.8,174.8,174.8,174.8,174.8,174.8,174.8,174.8,174.8,174.8,174.8,174.8,174.8,174.8
2014-10-01,,,,,,,,,,,,,,,,,,,,,,,,,,,,,,,,,,,,,,,,,,,,,,,,,,,,,,,,,172.5,172.5,172.5,172.3,172.3,172.3,172.3,172.3,172.3,172.3,172.3,172.3,172.3,172.3,172.3,172.3,172.3,172.3,172.3,172.3,172.3,172.3,172.3,172.3,172.3,172.3,172.3,172.3,172.3,172.3,172.3,172.3,172.3,172.3,172.3,172.3,172.3,172.3,172.3,172.3,172.3,172.3,172.3,172.3,172.3,172.3,172.3,172.3,172.3,172.3,172.3,172.3,172.3,172.3,172.3,172.3,172.3,172.3,172.3,172.3,172.3,172.3,172.3,172.3,172.3,172.3,172.3,172.3,172.3,172.3,172.3,172.3,172.3,172.3,172.3,172.3,172.3,172.3,172.3,172.3,172.3,172.3,172.3,172.3,172.3,172.3,172.3,172.3,172.3,172.3,172.3,172.3,172.3,172.3,172.3,172.3,172.3,172.3,172.3,172.3,172.3,172.3,172.3,172.3,172.3,172.3,172.3,172.3,172.3,172.3,172.3,172.3,172.3,172.3,172.3,172.3,172.3,172.3,172.3,172.3,172.3,172.3,172.3,172.3,172.3,172.3,172.3,172.3,172.3,172.3,172.3,172.3,172.3,172.3,172.3,172.3,172.3,172.3,172.3,172.3,172.3,172.3
2014-11-01,,,,,,,,,,,,,,,,,,,,,,,,,,,,,,,,,,,,,,,,,,,,,,,,,,,,,,,,,,171.6,170.2,170.0,170.0,170.0,170.0,170.0,170.0,170.0,170.0,170.0,170.0,170.0,170.0,170.0,170.0,170.0,170.0,170.0,170.0,170.0,170.0,170.0,170.0,170.0,170.0,170.0,170.0,170.0,170.0,170.0,170.0,170.0,170.0,170.0,170.0,170.0,170.0,170.0,170.0,170.0,170.0,170.0,170.0,170.0,170.0,170.0,170.0,170.0,170.0,170.0,170.0,170.0,170.0,170.0,170.0,170.0,170.0,170.0,170.0,170.0,170.0,170.0,170.0,170.0,170.0,170.0,170.0,170.0,170.0,170.0,170.0,170.0,170.0,170.0,170.0,170.0,170.0,170.0,170.0,170.0,170.0,170.0,170.0,170.0,170.0,170.0,170.0,170.0,170.0,170.0,170.0,170.0,170.0,170.0,170.0,170.0,170.0,170.0,170.0,170.0,170.0,170.0,170.0,170.0,170.0,170.0,170.0,170.0,170.0,170.0,170.0,170.0,170.0,170.0,170.0,170.0,170.0,170.0,170.0,170.0,170.0,170.0,170.0,170.0,170.0,170.0,170.0,170.0,170.0,170.0,170.0,170.0,170.0,170.0,170.0,170.0,170.0,170.0,170.0,170.0
2014-12-01,,,,,,,,,,,,,,,,,,,,,,,,,,,,,,,,,,,,,,,,,,,,,,,,,,,,,,,,,,,167.2,167.1,167.1,167.1,167.1,167.1,167.1,167.1,167.1,167.1,167.1,167.1,167.1,167.1,167.1,167.1,167.1,167.1,167.1,167.1,167.1,167.1,167.1,167.1,167.1,167.1,167.1,167.1,167.1,167.1,167.1,167.1,167.1,167.1,167.1,167.1,167.1,167.1,167.1,167.1,167.1,167.1,167.1,167.1,167.1,167.1,167.1,167.1,167.1,167.1,167.1,167.1,167.1,167.1,167.1,167.1,167.1,167.1,167.1,167.1,167.1,167.1,167.1,167.1,167.1,167.1,167.1,167.1,167.1,167.1,167.1,167.1,167.1,167.1,167.1,167.1,167.1,167.1,167.1,167.1,167.1,167.1,167.1,167.1,167.1,167.1,167.1,167.1,167.1,167.1,167.1,167.1,167.1,167.1,167.1,167.1,167.1,167.1,167.1,167.1,167.1,167.1,167.1,167.1,167.1,167.1,167.1,167.1,167.1,167.1,167.1,167.1,167.1,167.1,167.1,167.1,167.1,167.1,167.1,167.1,167.1,167.1,167.1,167.1,167.1,167.1,167.1,167.1,167.1,167.1,167.1,167.1,167.1,167.1,167.1,167.1,167.1,167.1,167.1,167.1
2015-01-01,,,,,,,,,,,,,,,,,,,,,,,,,,,,,,,,,,,,,,,,,,,,,,,,,,,,,,,,,,,,167.3,168.1,167.5,167.2,167.2,167.2,167.2,167.2,167.2,167.2,167.2,167.2,167.2,167.2,167.2,167.2,167.2,167.2,167.2,167.2,167.2,167.2,167.2,167.2,167.2,167.2,167.2,167.2,167.2,167.2,167.2,167.2,167.2,167.2,167.2,167.2,167.2,167.2,167.2,167.2,167.2,167.2,167.2,167.2,167.2,167.2,167.2,167.2,167.2,167.2,167.2,167.2,167.2,167.2,167.2,167.2,167.2,167.2,167.2,167.2,167.2,167.2,167.2,167.2,167.2,167.2,167.2,167.2,167.2,167.2,167.2,167.2,167.2,167.2,167.2,167.2,167.2,167.2,167.2,167.2,167.2,167.2,167.2,167.2,167.2,167.2,167.2,167.2,167.2,167.2,167.2,167.2,167.2,167.2,167.2,167.2,167.2,167.2,167.2,167.2,167.2,167.2,167.2,167.2,167.2,167.2,167.2,167.2,167.2,167.2,167.2,167.2,167.2,167.2,167.2,167.2,167.2,167.2,167.2,167.2,167.2,167.2,167.2,167.2,167.2,167.2,167.2,167.2,167.2,167.2,167.2,167.2,167.2,167.2,167.2,167.2,167.2,167.2,167.2
2015-02-01,,,,,,,,,,,,,,,,,,,,,,,,,,,,,,,,,,,,,,,,,,,,,,,,,,,,,,,,,,,,,164.4,168.0,167.7,167.7,167.7,167.7,167.7,167.7,167.7,167.7,167.7,167.7,167.7,167.7,167.7,167.7,167.7,167.7,167.7,167.7,167.7,167.7,167.7,167.7,167.7,167.7,167.7,167.7,167.7,167.7,167.7,167.7,167.7,167.7,167.7,167.7,167.7,167.7,167.7,167.7,167.7,167.7,167.7,167.7,167.7,167.7,167.7,167.7,167.7,167.7,167.7,167.7,167.7,167.7,167.7,167.7,167.7,167.7,167.7,167.7,167.7,167.7,167.7,167.7,167.7,167.7,167.7,167.7,167.7,167.7,167.7,167.7,167.7,167.7,167.7,167.7,167.7,167.7,167.7,167.7,167.7,167.7,167.7,167.7,167.7,167.7,167.7,167.7,167.7,167.7,167.7,167.7,167.7,167.7,167.7,167.7,167.7,167.7,167.7,167.7,167.7,167.7,167.7,167.7,167.7,167.7,167.7,167.7,167.7,167.7,167.7,167.7,167.7,167.7,167.7,167.7,167.7,167.7,167.7,167.7,167.7,167.7,167.7,167.7,167.7,167.7,167.7,167.7,167.7,167.7,167.7,167.7,167.7,167.7,167.7,167.7,167.7,167.7
2015-03-01,,,,,,,,,,,,,,,,,,,,,,,,,,,,,,,,,,,,,,,,,,,,,,,,,,,,,,,,,,,,,,173.8,172.9,172.7,172.8,172.8,172.8,172.8,172.8,172.8,172.8,172.8,172.8,172.8,172.8,172.8,172.8,172.8,172.8,172.8,172.8,172.8,172.8,172.8,172.8,172.8,172.8,172.8,172.8,172.8,172.8,172.8,172.8,172.8,172.8,172.8,172.8,172.8,172.8,172.8,172.8,172.8,172.8,172.8,172.8,172.8,172.8,172.8,172.8,172.8,172.8,172.8,172.8,172.8,172.8,172.8,172.8,172.8,172.8,172.8,172.8,172.8,172.8,172.8,172.8,172.8,172.8,172.8,172.8,172.8,172.8,172.8,172.8,172.8,172.8,172.8,172.8,172.8,172.8,172.8,172.8,172.8,172.8,172.8,172.8,172.8,172.8,172.8,172.8,172.8,172.8,172.8,172.8,172.8,172.8,172.8,172.8,172.8,172.8,172.8,172.8,172.8,172.8,172.8,172.8,172.8,172.8,172.8,172.8,172.8,172.8,172.8,172.8,172.8,172.8,172.8,172.8,172.8,172.8,172.8,172.8,172.8,172.8,172.8,172.8,172.8,172.8,172.8,172.8,172.8,172.8,172.8,172.8,172.8,172.8,172.8,172.8,172.8
2015-04-01,,,,,,,,,,,,,,,,,,,,,,,,,,,,,,,,,,,,,,,,,,,,,,,,,,,,,,,,,,,,,,,173.8,176.0,176.0,172.3,172.3,172.3,172.3,172.3,172.3,172.3,172.3,172.3,172.3,172.3,172.3,172.3,172.3,172.3,172.3,172.3,172.3,172.3,172.3,172.3,172.3,172.3,172.3,172.3,172.3,172.3,172.3,172.3,172.3,172.3,172.3,172.3,172.3,172.3,172.3,172.3,172.3,172.3,172.3,172.3,172.3,172.3,172.3,172.3,172.3,172.3,172.3,172.3,172.3,172.3,172.3,172.3,172.3,172.3,172.3,172.3,172.3,172.3,172.3,172.3,172.3,172.3,172.3,172.3,172.3,172.3,172.3,172.3,172.3,172.3,172.3,172.3,172.3,172.3,172.3,172.3,172.3,172.3,172.3,172.3,172.3,172.3,172.3,172.3,172.3,172.3,172.3,172.3,172.3,172.3,172.3,172.3,172.3,172.3,172.3,172.3,172.3,172.3,172.3,172.3,172.3,172.3,172.3,172.3,172.3,172.3,172.3,172.3,172.3,172.3,172.3,172.3,172.3,172.3,172.3,172.3,172.3,172.3,172.3,172.3,172.3,172.3,172.3,172.3,172.3,172.3,172.3,172.3,172.3,172.3,172.3,172.3
2015-05-01,,,,,,,,,,,,,,,,,,,,,,,,,,,,,,,,,,,,,,,,,,,,,,,,,,,,,,,,,,,,,,,,175.3,175.4,171.6,171.6,171.6,171.6,171.6,171.6,171.6,171.6,171.6,171.6,171.6,171.6,171.6,171.6,171.6,171.6,171.6,171.6,171.6,171.6,171.6,171.6,171.6,171.6,171.6,171.6,171.6,171.6,171.6,171.6,171.6,171.6,171.6,171.6,171.6,171.6,171.6,171.6,171.6,171.6,171.6,171.6,171.6,171.6,171.6,171.6,171.6,171.6,171.6,171.6,171.6,171.6,171.6,171.6,171.6,171.6,171.6,171.6,171.6,171.6,171.6,171.6,171.6,171.6,171.6,171.6,171.6,171.6,171.6,171.6,171.6,171.6,171.6,171.6,171.6,171.6,171.6,171.6,171.6,171.6,171.6,171.6,171.6,171.6,171.6,171.6,171.6,171.6,171.6,171.6,171.6,171.6,171.6,171.6,171.6,171.6,171.6,171.6,171.6,171.6,171.6,171.6,171.6,171.6,171.6,171.6,171.6,171.6,171.6,171.6,171.6,171.6,171.6,171.6,171.6,171.6,171.6,171.6,171.6,171.6,171.6,171.6,171.6,171.6,171.6,171.6,171.6,171.6,171.6,171.6,171.6,171.6,171.6
2015-06-01,,,,,,,,,,,,,,,,,,,,,,,,,,,,,,,,,,,,,,,,,,,,,,,,,,,,,,,,,,,,,,,,,173.8,170.2,170.2,170.2,170.2,170.2,170.2,170.2,170.2,170.2,170.2,170.2,170.2,170.2,170.2,170.2,170.2,170.2,170.2,170.2,170.2,170.2,170.2,170.2,170.2,170.2,170.2,170.2,170.2,170.2,170.2,170.2,170.2,170.2,170.2,170.2,170.2,170.2,170.2,170.2,170.2,170.2,170.2,170.2,170.2,170.2,170.2,170.2,170.2,170.2,170.2,170.2,170.2,170.2,170.2,170.2,170.2,170.2,170.2,170.2,170.2,170.2,170.2,170.2,170.2,170.2,170.2,170.2,170.2,170.2,170.2,170.2,170.2,170.2,170.2,170.2,170.2,170.2,170.2,170.2,170.2,170.2,170.2,170.2,170.2,170.2,170.2,170.2,170.2,170.2,170.2,170.2,170.2,170.2,170.2,170.2,170.2,170.2,170.2,170.2,170.2,170.2,170.2,170.2,170.2,170.2,170.2,170.2,170.2,170.2,170.2,170.2,170.2,170.2,170.2,170.2,170.2,170.2,170.2,170.2,170.2,170.2,170.2,170.2,170.2,170.2,170.2,170.2,170.2,170.2,170.2,170.2,170.2,170.2
2015-07-01,,,,,,,,,,,,,,,,,,,,,,,,,,,,,,,,,,,,,,,,,,,,,,,,,,,,,,,,,,,,,,,,,,165.0,164.8,163.1,164.4,164.4,164.4,164.4,164.4,164.4,164.4,164.4,164.4,164.4,164.4,164.4,164.4,164.4,164.4,164.4,164.4,164.4,164.4,164.4,164.4,164.4,164.4,164.4,164.4,164.4,164.4,164.4,164.4,164.4,164.4,164.4,164.4,164.4,164.4,164.4,164.4,164.4,164.4,164.4,164.4,164.4,164.4,164.4,164.4,164.4,164.4,164.4,164.4,164.4,164.4,164.4,164.4,164.4,164.4,164.4,164.4,164.4,164.4,164.4,164.4,164.4,164.4,164.4,164.4,164.4,164.4,164.4,164.4,164.4,164.4,164.4,164.4,164.4,164.4,164.4,164.4,164.4,164.4,164.4,164.4,164.4,164.4,164.4,164.4,164.4,164.4,164.4,164.4,164.4,164.4,164.4,164.4,164.4,164.4,164.4,164.4,164.4,164.4,164.4,164.4,164.4,164.4,164.4,164.4,164.4,164.4,164.4,164.4,164.4,164.4,164.4,164.4,164.4,164.4,164.4,164.4,164.4,164.4,164.4,164.4,164.4,164.4,164.4,164.4,164.4,164.4,164.4,164.4,164.4
2015-08-01,,,,,,,,,,,,,,,,,,,,,,,,,,,,,,,,,,,,,,,,,,,,,,,,,,,,,,,,,,,,,,,,,,,161.5,159.8,161.1,161.6,161.6,161.6,161.6,161.6,161.6,161.6,161.6,161.6,161.6,161.6,161.6,161.6,161.6,161.6,161.6,161.6,161.6,161.6,161.6,161.6,161.6,161.6,161.6,161.6,161.6,161.6,161.6,161.6,161.6,161.6,161.6,161.6,161.6,161.6,161.6,161.6,161.6,161.6,161.6,161.6,161.6,161.6,161.6,161.6,161.6,161.6,161.6,161.6,161.6,161.6,161.6,161.6,161.6,161.6,161.6,161.6,161.6,161.6,161.6,161.6,161.6,161.6,161.6,161.6,161.6,161.6,161.6,161.6,161.6,161.6,161.6,161.6,161.6,161.6,161.6,161.6,161.6,161.6,161.6,161.6,161.6,161.6,161.6,161.6,161.6,161.6,161.6,161.6,161.6,161.6,161.6,161.6,161.6,161.6,161.6,161.6,161.6,161.6,161.6,161.6,161.6,161.6,161.6,161.6,161.6,161.6,161.6,161.6,161.6,161.6,161.6,161.6,161.6,161.6,161.6,161.6,161.6,161.6,161.6,161.6,161.6,161.6,161.6,161.6,161.6,161.6,161.6,161.6
2015-09-01,,,,,,,,,,,,,,,,,,,,,,,,,,,,,,,,,,,,,,,,,,,,,,,,,,,,,,,,,,,,,,,,,,,,156.6,157.5,158.0,158.1,158.1,158.1,158.1,158.1,158.1,158.1,158.1,158.1,158.1,158.1,158.1,158.1,158.1,158.1,158.1,158.1,158.1,158.1,158.1,158.1,158.1,158.1,158.1,158.1,158.1,158.1,158.1,158.1,158.1,158.1,158.1,158.1,158.1,158.1,158.1,158.1,158.1,158.1,158.1,158.1,158.1,158.1,158.1,158.1,158.1,158.1,158.1,158.1,158.1,158.1,158.1,158.1,158.1,158.1,158.1,158.1,158.1,158.1,158.1,158.1,158.1,158.1,158.1,158.1,158.1,158.1,158.1,158.1,158.1,158.1,158.1,158.1,158.1,158.1,158.1,158.1,158.1,158.1,158.1,158.1,158.1,158.1,158.1,158.1,158.1,158.1,158.1,158.1,158.1,158.1,158.1,158.1,158.1,158.1,158.1,158.1,158.1,158.1,158.1,158.1,158.1,158.1,158.1,158.1,158.1,158.1,158.1,158.1,158.1,158.1,158.1,158.1,158.1,158.1,158.1,158.1,158.1,158.1,158.1,158.1,158.1,158.1,158.1,158.1,158.1,158.1,158.1
2015-10-01,,,,,,,,,,,,,,,,,,,,,,,,,,,,,,,,,,,,,,,,,,,,,,,,,,,,,,,,,,,,,,,,,,,,,167.8,166.1,166.0,166.0,166.0,166.0,166.0,166.0,166.0,166.0,166.0,166.0,166.0,166.0,166.0,166.0,166.0,166.0,166.0,166.0,166.0,166.0,166.0,166.0,166.0,166.0,166.0,166.0,166.0,166.0,166.0,166.0,166.0,166.0,166.0,166.0,166.0,166.0,166.0,166.0,166.0,166.0,166.0,166.0,166.0,166.0,166.0,166.0,166.0,166.0,166.0,166.0,166.0,166.0,166.0,166.0,166.0,166.0,166.0,166.0,166.0,166.0,166.0,166.0,166.0,166.0,166.0,166.0,166.0,166.0,166.0,166.0,166.0,166.0,166.0,166.0,166.0,166.0,166.0,166.0,166.0,166.0,166.0,166.0,166.0,166.0,166.0,166.0,166.0,166.0,166.0,166.0,166.0,166.0,166.0,166.0,166.0,166.0,166.0,166.0,166.0,166.0,166.0,166.0,166.0,166.0,166.0,166.0,166.0,166.0,166.0,166.0,166.0,166.0,166.0,166.0,166.0,166.0,166.0,166.0,166.0,166.0,166.0,166.0,166.0,166.0,166.0,166.0,166.0,166.0
2015-11-01,,,,,,,,,,,,,,,,,,,,,,,,,,,,,,,,,,,,,,,,,,,,,,,,,,,,,,,,,,,,,,,,,,,,,,167.4,167.3,166.7,166.7,166.7,166.7,166.7,166.7,166.7,166.7,166.7,166.7,166.7,166.7,166.7,166.7,166.7,166.7,166.7,166.7,166.7,166.7,166.7,166.7,166.7,166.7,166.7,166.7,166.7,166.7,166.7,166.7,166.7,166.7,166.7,166.7,166.7,166.7,166.7,166.7,166.7,166.7,166.7,166.7,166.7,166.7,166.7,166.7,166.7,166.7,166.7,166.7,166.7,166.7,166.7,166.7,166.7,166.7,166.7,166.7,166.7,166.7,166.7,166.7,166.7,166.7,166.7,166.7,166.7,166.7,166.7,166.7,166.7,166.7,166.7,166.7,166.7,166.7,166.7,166.7,166.7,166.7,166.7,166.7,166.7,166.7,166.7,166.7,166.7,166.7,166.7,166.7,166.7,166.7,166.7,166.7,166.7,166.7,166.7,166.7,166.7,166.7,166.7,166.7,166.7,166.7,166.7,166.7,166.7,166.7,166.7,166.7,166.7,166.7,166.7,166.7,166.7,166.7,166.7,166.7,166.7,166.7,166.7,166.7,166.7,166.7,166.7,166.7,166.7
2015-12-01,,,,,,,,,,,,,,,,,,,,,,,,,,,,,,,,,,,,,,,,,,,,,,,,,,,,,,,,,,,,,,,,,,,,,,,162.8,162.0,162.0,162.0,162.0,162.0,162.0,162.0,162.0,162.0,162.0,162.0,162.0,162.0,162.0,162.0,162.0,162.0,162.0,162.0,162.0,162.0,162.0,162.0,162.0,162.0,162.0,162.0,162.0,162.0,162.0,162.0,162.0,162.0,162.0,162.0,162.0,162.0,162.0,162.0,162.0,162.0,162.0,162.0,162.0,162.0,162.0,162.0,162.0,162.0,162.0,162.0,162.0,162.0,162.0,162.0,162.0,162.0,162.0,162.0,162.0,162.0,162.0,162.0,162.0,162.0,162.0,162.0,162.0,162.0,162.0,162.0,162.0,162.0,162.0,162.0,162.0,162.0,162.0,162.0,162.0,162.0,162.0,162.0,162.0,162.0,162.0,162.0,162.0,162.0,162.0,162.0,162.0,162.0,162.0,162.0,162.0,162.0,162.0,162.0,162.0,162.0,162.0,162.0,162.0,162.0,162.0,162.0,162.0,162.0,162.0,162.0,162.0,162.0,162.0,162.0,162.0,162.0,162.0,162.0,162.0,162.0,162.0,162.0,162.0,162.0,162.0,162.0
2016-01-01,,,,,,,,,,,,,,,,,,,,,,,,,,,,,,,,,,,,,,,,,,,,,,,,,,,,,,,,,,,,,,,,,,,,,,,,154.6,154.5,154.5,154.5,154.5,154.5,154.5,154.5,154.5,154.5,154.5,154.5,154.5,154.5,154.5,154.5,154.5,154.5,154.5,154.5,154.5,154.5,154.5,154.5,154.5,154.5,154.5,154.5,154.5,154.5,154.5,154.5,154.5,154.5,154.5,154.5,154.5,154.5,154.5,154.5,154.5,154.5,154.5,154.5,154.5,154.5,154.5,154.5,154.5,154.5,154.5,154.5,154.5,154.5,154.5,154.5,154.5,154.5,154.5,154.5,154.5,154.5,154.5,154.5,154.5,154.5,154.5,154.5,154.5,154.5,154.5,154.5,154.5,154.5,154.5,154.5,154.5,154.5,154.5,154.5,154.5,154.5,154.5,154.5,154.5,154.5,154.5,154.5,154.5,154.5,154.5,154.5,154.5,154.5,154.5,154.5,154.5,154.5,154.5,154.5,154.5,154.5,154.5,154.5,154.5,154.5,154.5,154.5,154.5,154.5,154.5,154.5,154.5,154.5,154.5,154.5,154.5,154.5,154.5,154.5,154.5,154.5,154.5,154.5,154.5,154.5,154.5
2016-02-01,,,,,,,,,,,,,,,,,,,,,,,,,,,,,,,,,,,,,,,,,,,,,,,,,,,,,,,,,,,,,,,,,,,,,,,,,151.7,151.2,151.2,151.2,151.2,151.2,151.2,151.2,151.2,151.2,151.2,151.2,151.2,151.2,151.2,151.2,151.2,151.2,151.2,151.2,151.2,151.2,151.2,151.2,151.2,151.2,151.2,151.2,151.2,151.2,151.2,151.2,151.2,151.2,151.2,151.2,151.2,151.2,151.2,151.2,151.2,151.2,151.2,151.2,151.2,151.2,151.2,151.2,151.2,151.2,151.2,151.2,151.2,151.2,151.2,151.2,151.2,151.2,151.2,151.2,151.2,151.2,151.2,151.2,151.2,151.2,151.2,151.2,151.2,151.2,151.2,151.2,151.2,151.2,151.2,151.2,151.2,151.2,151.2,151.2,151.2,151.2,151.2,151.2,151.2,151.2,151.2,151.2,151.2,151.2,151.2,151.2,151.2,151.2,151.2,151.2,151.2,151.2,151.2,151.2,151.2,151.2,151.2,151.2,151.2,151.2,151.2,151.2,151.2,151.2,151.2,151.2,151.2,151.2,151.2,151.2,151.2,151.2,151.2,151.2,151.2,151.2,151.2,151.2,151.2,151.2
2016-03-01,,,,,,,,,,,,,,,,,,,,,,,,,,,,,,,,,,,,,,,,,,,,,,,,,,,,,,,,,,,,,,,,,,,,,,,,,,151.1,151.1,151.1,151.1,151.1,151.1,151.1,151.1,151.1,151.1,151.1,151.1,151.1,151.1,151.1,151.1,151.1,151.1,151.1,151.1,151.1,151.1,151.1,151.1,151.1,151.1,151.1,151.1,151.1,151.1,151.1,151.1,151.1,151.1,151.1,151.1,151.1,151.1,151.1,151.1,151.1,151.1,151.1,151.1,151.1,151.1,151.1,151.1,151.1,151.1,151.1,151.1,151.1,151.1,151.1,151.1,151.1,151.1,151.1,151.1,151.1,151.1,151.1,151.1,151.1,151.1,151.1,151.1,151.1,151.1,151.1,151.1,151.1,151.1,151.1,151.1,151.1,151.1,151.1,151.1,151.1,151.1,151.1,151.1,151.1,151.1,151.1,151.1,151.1,151.1,151.1,151.1,151.1,151.1,151.1,151.1,151.1,151.1,151.1,151.1,151.1,151.1,151.1,151.1,151.1,151.1,151.1,151.1,151.1,151.1,151.1,151.1,151.1,151.1,151.1,151.1,151.1,151.1,151.1,151.1,151.1,151.1,151.1,151.1,151.1
2016-04-01,,,,,,,,,,,,,,,,,,,,,,,,,,,,,,,,,,,,,,,,,,,,,,,,,,,,,,,,,,,,,,,,,,,,,,,,,,,154.1,152.4,152.4,152.4,152.4,152.4,152.4,152.4,152.4,152.4,152.4,152.4,152.4,152.4,152.4,152.4,152.4,152.4,152.4,152.4,152.4,152.4,152.4,152.4,152.4,152.4,152.4,152.4,152.4,152.4,152.4,152.4,152.4,152.4,152.4,152.4,152.4,152.4,152.4,152.4,152.4,152.4,152.4,152.4,152.4,152.4,152.4,152.4,152.4,152.4,152.4,152.4,152.4,152.4,152.4,152.4,152.4,152.4,152.4,152.4,152.4,152.4,152.4,152.4,152.4,152.4,152.4,152.4,152.4,152.4,152.4,152.4,152.4,152.4,152.4,152.4,152.4,152.4,152.4,152.4,152.4,152.4,152.4,152.4,152.4,152.4,152.4,152.4,152.4,152.4,152.4,152.4,152.4,152.4,152.4,152.4,152.4,152.4,152.4,152.4,152.4,152.4,152.4,152.4,152.4,152.4,152.4,152.4,152.4,152.4,152.4,152.4,152.4,152.4,152.4,152.4,152.4,152.4,152.4,152.4,152.4,152.4,152.4,152.4
2016-05-01,,,,,,,,,,,,,,,,,,,,,,,,,,,,,,,,,,,,,,,,,,,,,,,,,,,,,,,,,,,,,,,,,,,,,,,,,,,,151.1,151.1,151.1,150.4,150.4,150.4,150.4,150.4,150.4,150.4,150.4,150.4,150.4,150.4,150.4,150.4,150.4,150.4,150.4,150.4,150.4,150.4,150.4,150.4,150.4,150.4,150.4,150.4,150.4,150.4,150.4,150.4,150.4,150.4,150.4,150.4,150.4,150.4,150.4,150.4,150.4,150.4,150.4,150.4,150.4,150.4,150.4,150.4,150.4,150.4,150.4,150.4,150.4,150.4,150.4,150.4,150.4,150.4,150.4,150.4,150.4,150.4,150.4,150.4,150.4,150.4,150.4,150.4,150.4,150.4,150.4,150.4,150.4,150.4,150.4,150.4,150.4,150.4,150.4,150.4,150.4,150.4,150.4,150.4,150.4,150.4,150.4,150.4,150.4,150.4,150.4,150.4,150.4,150.4,150.4,150.4,150.4,150.4,150.4,150.4,150.4,150.4,150.4,150.4,150.4,150.4,150.4,150.4,150.4,150.4,150.4,150.4,150.4,150.4,150.4,150.4,150.4,150.4,150.4,150.4,150.4,150.4,150.4
2016-06-01,,,,,,,,,,,,,,,,,,,,,,,,,,,,,,,,,,,,,,,,,,,,,,,,,,,,,,,,,,,,,,,,,,,,,,,,,,,,,148.1,148.0,147.4,147.4,147.4,147.4,147.4,147.4,147.4,147.4,147.4,147.4,147.4,147.4,147.4,147.4,147.4,147.4,147.4,147.4,147.4,147.4,147.4,147.4,147.4,147.4,147.4,147.4,147.4,147.4,147.4,147.4,147.4,147.4,147.4,147.4,147.4,147.4,147.4,147.4,147.4,147.4,147.4,147.4,147.4,147.4,147.4,147.4,147.4,147.4,147.4,147.4,147.4,147.4,147.4,147.4,147.4,147.4,147.4,147.4,147.4,147.4,147.4,147.4,147.4,147.4,147.4,147.4,147.4,147.4,147.4,147.4,147.4,147.4,147.4,147.4,147.4,147.4,147.4,147.4,147.4,147.4,147.4,147.4,147.4,147.4,147.4,147.4,147.4,147.4,147.4,147.4,147.4,147.4,147.4,147.4,147.4,147.4,147.4,147.4,147.4,147.4,147.4,147.4,147.4,147.4,147.4,147.4,147.4,147.4,147.4,147.4,147.4,147.4,147.4,147.4,147.4,147.4,147.4,147.4,147.4,147.4
2016-07-01,,,,,,,,,,,,,,,,,,,,,,,,,,,,,,,,,,,,,,,,,,,,,,,,,,,,,,,,,,,,,,,,,,,,,,,,,,,,,,151.7,151.0,148.8,148.8,148.8,148.8,148.8,148.8,148.8,148.8,148.8,148.8,148.8,148.8,148.8,148.8,148.8,148.8,148.8,148.8,148.8,148.8,148.8,148.8,148.8,148.8,148.8,148.8,148.8,148.8,148.8,148.8,148.8,148.8,148.8,148.8,148.8,148.8,148.8,148.8,148.8,148.8,148.8,148.8,148.8,148.8,148.8,148.8,148.8,148.8,148.8,148.8,148.8,148.8,148.8,148.8,148.8,148.8,148.8,148.8,148.8,148.8,148.8,148.8,148.8,148.8,148.8,148.8,148.8,148.8,148.8,148.8,148.8,148.8,148.8,148.8,148.8,148.8,148.8,148.8,148.8,148.8,148.8,148.8,148.8,148.8,148.8,148.8,148.8,148.8,148.8,148.8,148.8,148.8,148.8,148.8,148.8,148.8,148.8,148.8,148.8,148.8,148.8,148.8,148.8,148.8,148.8,148.8,148.8,148.8,148.8,148.8,148.8,148.8,148.8,148.8,148.8,148.8,148.8,148.8,148.8
2016-08-01,,,,,,,,,,,,,,,,,,,,,,,,,,,,,,,,,,,,,,,,,,,,,,,,,,,,,,,,,,,,,,,,,,,,,,,,,,,,,,,152.7,151.2,151.2,151.2,151.2,151.2,151.2,151.2,151.2,151.2,151.2,151.2,151.2,151.2,151.2,151.2,151.2,151.2,151.2,151.2,151.2,151.2,151.2,151.2,151.2,151.2,151.2,151.2,151.2,151.2,151.2,151.2,151.2,151.2,151.2,151.2,151.2,151.2,151.2,151.2,151.2,151.2,151.2,151.2,151.2,151.2,151.2,151.2,151.2,151.2,151.2,151.2,151.2,151.2,151.2,151.2,151.2,151.2,151.2,151.2,151.2,151.2,151.2,151.2,151.2,151.2,151.2,151.2,151.2,151.2,151.2,151.2,151.2,151.2,151.2,151.2,151.2,151.2,151.2,151.2,151.2,151.2,151.2,151.2,151.2,151.2,151.2,151.2,151.2,151.2,151.2,151.2,151.2,151.2,151.2,151.2,151.2,151.2,151.2,151.2,151.2,151.2,151.2,151.2,151.2,151.2,151.2,151.2,151.2,151.2,151.2,151.2,151.2,151.2,151.2,151.2,151.2,151.2,151.2,151.2
2016-09-01,,,,,,,,,,,,,,,,,,,,,,,,,,,,,,,,,,,,,,,,,,,,,,,,,,,,,,,,,,,,,,,,,,,,,,,,,,,,,,,,153.0,153.0,153.9,152.8,152.8,152.8,152.8,152.8,152.8,152.8,152.8,152.8,152.8,152.8,152.8,152.8,152.8,152.8,152.8,152.8,152.8,152.8,152.8,152.8,152.8,152.8,152.8,152.8,152.8,152.8,152.8,152.8,152.8,152.8,152.8,152.8,152.8,152.8,152.8,152.8,152.8,152.8,152.8,152.8,152.8,152.8,152.8,152.8,152.8,152.8,152.8,152.8,152.8,152.8,152.8,152.8,152.8,152.8,152.8,152.8,152.8,152.8,152.8,152.8,152.8,152.8,152.8,152.8,152.8,152.8,152.8,152.8,152.8,152.8,152.8,152.8,152.8,152.8,152.8,152.8,152.8,152.8,152.8,152.8,152.8,152.8,152.8,152.8,152.8,152.8,152.8,152.8,152.8,152.8,152.8,152.8,152.8,152.8,152.8,152.8,152.8,152.8,152.8,152.8,152.8,152.8,152.8,152.8,152.8,152.8,152.8,152.8,152.8,152.8,152.8,152.8,152.8,152.8,152.8
2016-10-01,,,,,,,,,,,,,,,,,,,,,,,,,,,,,,,,,,,,,,,,,,,,,,,,,,,,,,,,,,,,,,,,,,,,,,,,,,,,,,,,,159.1,165.1,162.3,166.5,166.5,166.5,166.5,166.5,166.5,166.5,166.5,166.5,166.5,166.5,166.5,166.5,166.5,166.5,166.5,166.5,166.5,166.5,166.5,166.5,166.5,166.5,166.5,166.5,166.5,166.5,166.5,166.5,166.5,166.5,166.5,166.5,166.5,166.5,166.5,166.5,166.5,166.5,166.5,166.5,166.5,166.5,166.5,166.5,166.5,166.5,166.5,166.5,166.5,166.5,166.5,166.5,166.5,166.5,166.5,166.5,166.5,166.5,166.5,166.5,166.5,166.5,166.5,166.5,166.5,166.5,166.5,166.5,166.5,166.5,166.5,166.5,166.5,166.5,166.5,166.5,166.5,166.5,166.5,166.5,166.5,166.5,166.5,166.5,166.5,166.5,166.5,166.5,166.5,166.5,166.5,166.5,166.5,166.5,166.5,166.5,166.5,166.5,166.5,166.5,166.5,166.5,166.5,166.5,166.5,166.5,166.5,166.5,166.5,166.5,166.5,166.5,166.5,166.5
2016-11-01,,,,,,,,,,,,,,,,,,,,,,,,,,,,,,,,,,,,,,,,,,,,,,,,,,,,,,,,,,,,,,,,,,,,,,,,,,,,,,,,,,164.5,161.8,166.0,166.0,166.0,166.0,166.0,166.0,166.0,166.0,166.0,166.0,166.0,166.0,166.0,166.0,166.0,166.0,166.0,166.0,166.0,166.0,166.0,166.0,166.0,166.0,166.0,166.0,166.0,166.0,166.0,166.0,166.0,166.0,166.0,166.0,166.0,166.0,166.0,166.0,166.0,166.0,166.0,166.0,166.0,166.0,166.0,166.0,166.0,166.0,166.0,166.0,166.0,166.0,166.0,166.0,166.0,166.0,166.0,166.0,166.0,166.0,166.0,166.0,166.0,166.0,166.0,166.0,166.0,166.0,166.0,166.0,166.0,166.0,166.0,166.0,166.0,166.0,166.0,166.0,166.0,166.0,166.0,166.0,166.0,166.0,166.0,166.0,166.0,166.0,166.0,166.0,166.0,166.0,166.0,166.0,166.0,166.0,166.0,166.0,166.0,166.0,166.0,166.0,166.0,166.0,166.0,166.0,166.0,166.0,166.0,166.0,166.0,166.0,166.0,166.0,166.0
2016-12-01,,,,,,,,,,,,,,,,,,,,,,,,,,,,,,,,,,,,,,,,,,,,,,,,,,,,,,,,,,,,,,,,,,,,,,,,,,,,,,,,,,,160.6,165.2,165.2,165.1,165.1,165.1,165.1,165.1,165.1,165.1,165.1,165.1,165.1,165.1,165.1,165.1,165.1,165.1,165.1,165.1,165.1,165.1,165.1,165.1,165.1,165.1,165.1,165.1,165.1,165.1,165.1,165.1,165.1,165.1,165.1,165.1,165.1,165.1,165.1,165.1,165.1,165.1,165.1,165.1,165.1,165.1,165.1,165.1,165.1,165.1,165.1,165.1,165.1,165.1,165.1,165.1,165.1,165.1,165.1,165.1,165.1,165.1,165.1,165.1,165.1,165.1,165.1,165.1,165.1,165.1,165.1,165.1,165.1,165.1,165.1,165.1,165.1,165.1,165.1,165.1,165.1,165.1,165.1,165.1,165.1,165.1,165.1,165.1,165.1,165.1,165.1,165.1,165.1,165.1,165.1,165.1,165.1,165.1,165.1,165.1,165.1,165.1,165.1,165.1,165.1,165.1,165.1,165.1,165.1,165.1,165.1,165.1,165.1,165.1,165.1,165.1
2017-01-01,,,,,,,,,,,,,,,,,,,,,,,,,,,,,,,,,,,,,,,,,,,,,,,,,,,,,,,,,,,,,,,,,,,,,,,,,,,,,,,,,,,,162.2,162.0,162.0,162.0,162.0,162.0,162.0,162.0,162.0,162.0,162.0,162.0,162.0,162.0,162.0,162.0,162.0,162.0,162.0,162.0,162.0,162.0,162.0,162.0,162.0,162.0,162.0,162.0,162.0,162.0,162.0,162.0,162.0,162.0,162.0,162.0,162.0,162.0,162.0,162.0,162.0,162.0,162.0,162.0,162.0,162.0,162.0,162.0,162.0,162.0,162.0,162.0,162.0,162.0,162.0,162.0,162.0,162.0,162.0,162.0,162.0,162.0,162.0,162.0,162.0,162.0,162.0,162.0,162.0,162.0,162.0,162.0,162.0,162.0,162.0,162.0,162.0,162.0,162.0,162.0,162.0,162.0,162.0,162.0,162.0,162.0,162.0,162.0,162.0,162.0,162.0,162.0,162.0,162.0,162.0,162.0,162.0,162.0,162.0,162.0,162.0,162.0,162.0,162.0,162.0,162.0,162.0,162.0,162.0,162.0,162.0,162.0,162.0,162.0,162.0
2017-02-01,,,,,,,,,,,,,,,,,,,,,,,,,,,,,,,,,,,,,,,,,,,,,,,,,,,,,,,,,,,,,,,,,,,,,,,,,,,,,,,,,,,,,161.8,161.7,161.7,161.7,161.7,161.7,161.7,161.7,161.7,161.7,161.7,161.7,161.7,161.7,161.7,161.7,161.7,161.7,161.7,161.7,161.7,161.7,161.7,161.7,161.7,161.7,161.7,161.7,161.7,161.7,161.7,161.7,161.7,161.7,161.7,161.7,161.7,161.7,161.7,161.7,161.7,161.7,161.7,161.7,161.7,161.7,161.7,161.7,161.7,161.7,161.7,161.7,161.7,161.7,161.7,161.7,161.7,161.7,161.7,161.7,161.7,161.7,161.7,161.7,161.7,161.7,161.7,161.7,161.7,161.7,161.7,161.7,161.7,161.7,161.7,161.7,161.7,161.7,161.7,161.7,161.7,161.7,161.7,161.7,161.7,161.7,161.7,161.7,161.7,161.7,161.7,161.7,161.7,161.7,161.7,161.7,161.7,161.7,161.7,161.7,161.7,161.7,161.7,161.7,161.7,161.7,161.7,161.7,161.7,161.7,161.7,161.7,161.7,161.7
2017-03-01,,,,,,,,,,,,,,,,,,,,,,,,,,,,,,,,,,,,,,,,,,,,,,,,,,,,,,,,,,,,,,,,,,,,,,,,,,,,,,,,,,,,,,162.6,162.6,162.6,162.6,162.6,162.6,162.6,162.6,162.6,162.6,162.6,162.6,162.6,162.6,162.6,162.6,162.6,162.6,162.6,162.6,162.6,162.6,162.6,162.6,162.6,162.6,162.6,162.6,162.6,162.6,162.6,162.6,162.6,162.6,162.6,162.6,162.6,162.6,162.6,162.6,162.6,162.6,162.6,162.6,162.6,162.6,162.6,162.6,162.6,162.6,162.6,162.6,162.6,162.6,162.6,162.6,162.6,162.6,162.6,162.6,162.6,162.6,162.6,162.6,162.6,162.6,162.6,162.6,162.6,162.6,162.6,162.6,162.6,162.6,162.6,162.6,162.6,162.6,162.6,162.6,162.6,162.6,162.6,162.6,162.6,162.6,162.6,162.6,162.6,162.6,162.6,162.6,162.6,162.6,162.6,162.6,162.6,162.6,162.6,162.6,162.6,162.6,162.6,162.6,162.6,162.6,162.6,162.6,162.6,162.6,162.6,162.6,162.6
2017-04-01,,,,,,,,,,,,,,,,,,,,,,,,,,,,,,,,,,,,,,,,,,,,,,,,,,,,,,,,,,,,,,,,,,,,,,,,,,,,,,,,,,,,,,,163.8,163.8,165.0,165.0,165.0,165.0,165.0,165.0,165.0,165.0,165.0,165.0,165.0,165.0,165.0,165.0,165.0,165.0,165.0,165.0,165.0,165.0,165.0,165.0,165.0,165.0,165.0,165.0,165.0,165.0,165.0,165.0,165.0,165.0,165.0,165.0,165.0,165.0,165.0,165.0,165.0,165.0,165.0,165.0,165.0,165.0,165.0,165.0,165.0,165.0,165.0,165.0,165.0,165.0,165.0,165.0,165.0,165.0,165.0,165.0,165.0,165.0,165.0,165.0,165.0,165.0,165.0,165.0,165.0,165.0,165.0,165.0,165.0,165.0,165.0,165.0,165.0,165.0,165.0,165.0,165.0,165.0,165.0,165.0,165.0,165.0,165.0,165.0,165.0,165.0,165.0,165.0,165.0,165.0,165.0,165.0,165.0,165.0,165.0,165.0,165.0,165.0,165.0,165.0,165.0,165.0,165.0,165.0,165.0,165.0,165.0,165.0
2017-05-01,,,,,,,,,,,,,,,,,,,,,,,,,,,,,,,,,,,,,,,,,,,,,,,,,,,,,,,,,,,,,,,,,,,,,,,,,,,,,,,,,,,,,,,,165.0,166.2,166.2,166.2,166.2,166.2,166.2,166.2,166.2,166.2,166.2,166.2,166.2,166.2,166.2,166.2,166.2,166.2,166.2,166.2,166.2,166.2,166.2,166.2,166.2,166.2,166.2,166.2,166.2,166.2,166.2,166.2,166.2,166.2,166.2,166.2,166.2,166.2,166.2,166.2,166.2,166.2,166.2,166.2,166.2,166.2,166.2,166.2,166.2,166.2,166.2,166.2,166.2,166.2,166.2,166.2,166.2,166.2,166.2,166.2,166.2,166.2,166.2,166.2,166.2,166.2,166.2,166.2,166.2,166.2,166.2,166.2,166.2,166.2,166.2,166.2,166.2,166.2,166.2,166.2,166.2,166.2,166.2,166.2,166.2,166.2,166.2,166.2,166.2,166.2,166.2,166.2,166.2,166.2,166.2,166.2,166.2,166.2,166.2,166.2,166.2,166.2,166.2,166.2,166.2,166.2,166.2,166.2,166.2,166.2,166.2
2017-06-01,,,,,,,,,,,,,,,,,,,,,,,,,,,,,,,,,,,,,,,,,,,,,,,,,,,,,,,,,,,,,,,,,,,,,,,,,,,,,,,,,,,,,,,,,164.8,164.8,164.8,164.8,164.8,164.8,164.8,164.8,164.8,164.8,164.8,164.8,164.8,164.8,164.8,164.8,164.8,164.8,164.8,164.8,164.8,164.8,164.8,164.8,164.8,164.8,164.8,164.8,164.8,164.8,164.8,164.8,164.8,164.8,164.8,164.8,164.8,164.8,164.8,164.8,164.8,164.8,164.8,164.8,164.8,164.8,164.8,164.8,164.8,164.8,164.8,164.8,164.8,164.8,164.8,164.8,164.8,164.8,164.8,164.8,164.8,164.8,164.8,164.8,164.8,164.8,164.8,164.8,164.8,164.8,164.8,164.8,164.8,164.8,164.8,164.8,164.8,164.8,164.8,164.8,164.8,164.8,164.8,164.8,164.8,164.8,164.8,164.8,164.8,164.8,164.8,164.8,164.8,164.8,164.8,164.8,164.8,164.8,164.8,164.8,164.8,164.8,164.8,164.8,164.8,164.8,164.8,164.8,164.8,164.8
2017-07-01,,,,,,,,,,,,,,,,,,,,,,,,,,,,,,,,,,,,,,,,,,,,,,,,,,,,,,,,,,,,,,,,,,,,,,,,,,,,,,,,,,,,,,,,,,181.7,181.7,181.7,181.7,181.7,181.7,181.7,181.7,181.7,181.7,181.7,181.7,181.7,181.7,181.7,181.7,181.7,181.7,181.7,181.7,181.7,181.7,181.7,181.7,181.7,181.7,181.7,181.7,181.7,181.7,181.7,181.7,181.7,181.7,181.7,181.7,181.7,181.7,181.7,181.7,181.7,181.7,181.7,181.7,181.7,181.7,181.7,181.7,181.7,181.7,181.7,181.7,181.7,181.7,181.7,181.7,181.7,181.7,181.7,181.7,181.7,181.7,181.7,181.7,181.7,181.7,181.7,181.7,181.7,181.7,181.7,181.7,181.7,181.7,181.7,181.7,181.7,181.7,181.7,181.7,181.7,181.7,181.7,181.7,181.7,181.7,181.7,181.7,181.7,181.7,181.7,181.7,181.7,181.7,181.7,181.7,181.7,181.7,181.7,181.7,181.7,181.7,181.7,181.7,181.7,181.7,181.7,181.7,181.7
2017-08-01,,,,,,,,,,,,,,,,,,,,,,,,,,,,,,,,,,,,,,,,,,,,,,,,,,,,,,,,,,,,,,,,,,,,,,,,,,,,,,,,,,,,,,,,,,,182.0,182.0,182.0,182.0,182.0,182.0,182.0,182.0,182.0,182.0,182.0,182.0,182.0,182.0,182.0,182.0,182.0,182.0,182.0,182.0,182.0,182.0,182.0,182.0,182.0,182.0,182.0,182.0,182.0,182.0,182.0,182.0,182.0,182.0,182.0,182.0,182.0,182.0,182.0,182.0,182.0,182.0,182.0,182.0,182.0,182.0,182.0,182.0,182.0,182.0,182.0,182.0,182.0,182.0,182.0,182.0,182.0,182.0,182.0,182.0,182.0,182.0,182.0,182.0,182.0,182.0,182.0,182.0,182.0,182.0,182.0,182.0,182.0,182.0,182.0,182.0,182.0,182.0,182.0,182.0,182.0,182.0,182.0,182.0,182.0,182.0,182.0,182.0,182.0,182.0,182.0,182.0,182.0,182.0,182.0,182.0,182.0,182.0,182.0,182.0,182.0,182.0,182.0,182.0,182.0,182.0,182.0,182.0
2017-09-01,,,,,,,,,,,,,,,,,,,,,,,,,,,,,,,,,,,,,,,,,,,,,,,,,,,,,,,,,,,,,,,,,,,,,,,,,,,,,,,,,,,,,,,,,,,,182.8,182.8,182.8,182.8,182.8,182.8,182.8,182.8,182.8,182.8,182.8,182.8,182.8,182.8,182.8,182.8,182.8,182.8,182.8,182.8,182.8,182.8,182.8,182.8,182.8,182.8,182.8,182.8,182.8,182.8,182.8,182.8,182.8,182.8,182.8,182.8,182.8,182.8,182.8,182.8,182.8,182.8,182.8,182.8,182.8,182.8,182.8,182.8,182.8,182.8,182.8,182.8,182.8,182.8,182.8,182.8,182.8,182.8,182.8,182.8,182.8,182.8,182.8,182.8,182.8,182.8,182.8,182.8,182.8,182.8,182.8,182.8,182.8,182.8,182.8,182.8,182.8,182.8,182.8,182.8,182.8,182.8,182.8,182.8,182.8,182.8,182.8,182.8,182.8,182.8,182.8,182.8,182.8,182.8,182.8,182.8,182.8,182.8,182.8,182.8,182.8,182.8,182.8,182.8,182.8,182.8,182.8
2017-10-01,,,,,,,,,,,,,,,,,,,,,,,,,,,,,,,,,,,,,,,,,,,,,,,,,,,,,,,,,,,,,,,,,,,,,,,,,,,,,,,,,,,,,,,,,,,,,175.5,175.5,174.9,175.0,175.0,175.0,175.0,175.0,175.0,175.0,175.0,175.0,175.0,175.0,175.0,175.0,175.0,175.0,175.0,175.0,175.0,175.0,175.0,175.0,175.0,175.0,175.0,175.0,175.0,175.0,175.0,175.0,175.0,175.0,175.0,175.0,175.0,175.0,175.0,175.0,175.0,175.0,175.0,175.0,175.0,175.0,175.0,175.0,175.0,175.0,175.0,175.0,175.0,175.0,175.0,175.0,175.0,175.0,175.0,175.0,175.0,175.0,175.0,175.0,175.0,175.0,175.0,175.0,175.0,175.0,175.0,175.0,175.0,175.0,175.0,175.0,175.0,175.0,175.0,175.0,175.0,175.0,175.0,175.0,175.0,175.0,175.0,175.0,175.0,175.0,175.0,175.0,175.0,175.0,175.0,175.0,175.0,175.0,175.0,175.0,175.0,175.0,175.0,175.0,175.0,175.0
2017-11-01,,,,,,,,,,,,,,,,,,,,,,,,,,,,,,,,,,,,,,,,,,,,,,,,,,,,,,,,,,,,,,,,,,,,,,,,,,,,,,,,,,,,,,,,,,,,,,187.6,187.0,187.0,187.0,187.0,187.0,187.0,187.0,187.0,187.0,187.0,187.0,187.0,187.0,187.0,187.0,187.0,187.0,187.0,187.0,187.0,187.0,187.0,187.0,187.0,187.0,187.0,187.0,187.0,187.0,187.0,187.0,187.0,187.0,187.0,187.0,187.0,187.0,187.0,187.0,187.0,187.0,187.0,187.0,187.0,187.0,187.0,187.0,187.0,187.0,187.0,187.0,187.0,187.0,187.0,187.0,187.0,187.0,187.0,187.0,187.0,187.0,187.0,187.0,187.0,187.0,187.0,187.0,187.0,187.0,187.0,187.0,187.0,187.0,187.0,187.0,187.0,187.0,187.0,187.0,187.0,187.0,187.0,187.0,187.0,187.0,187.0,187.0,187.0,187.0,187.0,187.0,187.0,187.0,187.0,187.0,187.0,187.0,187.0,187.0,187.0,187.0,187.0,187.0,187.0
2017-12-01,,,,,,,,,,,,,,,,,,,,,,,,,,,,,,,,,,,,,,,,,,,,,,,,,,,,,,,,,,,,,,,,,,,,,,,,,,,,,,,,,,,,,,,,,,,,,,,193.4,181.6,181.6,182.0,182.0,182.0,182.0,182.0,182.0,182.0,182.0,182.0,182.0,182.0,182.0,182.0,182.0,182.0,182.0,182.0,182.0,182.0,182.0,182.0,182.0,182.0,182.0,182.0,182.0,182.0,182.0,182.0,182.0,182.0,182.0,182.0,182.0,182.0,182.0,182.0,182.0,182.0,182.0,182.0,182.0,182.0,182.0,182.0,182.0,182.0,182.0,182.0,182.0,182.0,182.0,182.0,182.0,182.0,182.0,182.0,182.0,182.0,182.0,182.0,182.0,182.0,182.0,182.0,182.0,182.0,182.0,182.0,182.0,182.0,182.0,182.0,182.0,182.0,182.0,182.0,182.0,182.0,182.0,182.0,182.0,182.0,182.0,182.0,182.0,182.0,182.0,182.0,182.0,182.0,182.0,182.0,182.0,182.0,182.0,182.0,182.0,182.0,182.0,182.0
2018-01-01,,,,,,,,,,,,,,,,,,,,,,,,,,,,,,,,,,,,,,,,,,,,,,,,,,,,,,,,,,,,,,,,,,,,,,,,,,,,,,,,,,,,,,,,,,,,,,,,176.1,177.2,177.8,178.0,178.0,178.0,178.0,178.0,178.0,178.0,178.0,178.0,178.0,178.0,178.0,178.0,178.0,178.0,178.0,178.0,178.0,178.0,178.0,178.0,178.0,178.0,178.0,178.0,178.0,178.0,178.0,178.0,178.0,178.0,178.0,178.0,178.0,178.0,178.0,178.0,178.0,178.0,178.0,178.0,178.0,178.0,178.0,178.0,178.0,178.0,178.0,178.0,178.0,178.0,178.0,178.0,178.0,178.0,178.0,178.0,178.0,178.0,178.0,178.0,178.0,178.0,178.0,178.0,178.0,178.0,178.0,178.0,178.0,178.0,178.0,178.0,178.0,178.0,178.0,178.0,178.0,178.0,178.0,178.0,178.0,178.0,178.0,178.0,178.0,178.0,178.0,178.0,178.0,178.0,178.0,178.0,178.0,178.0,178.0,178.0,178.0,178.0,178.0
2018-02-01,,,,,,,,,,,,,,,,,,,,,,,,,,,,,,,,,,,,,,,,,,,,,,,,,,,,,,,,,,,,,,,,,,,,,,,,,,,,,,,,,,,,,,,,,,,,,,,,,180.1,181.2,181.3,172.1,172.1,172.1,172.1,172.1,172.1,172.1,172.1,172.1,172.1,172.1,172.1,172.1,172.1,172.1,172.1,172.1,172.1,172.1,172.1,172.1,172.1,172.1,172.1,172.1,172.1,172.1,172.1,172.1,172.1,172.1,172.1,172.1,172.1,172.1,172.1,172.1,172.1,172.1,172.1,172.1,172.1,172.1,172.1,172.1,172.1,172.1,172.1,172.1,172.1,172.1,172.1,172.1,172.1,172.1,172.1,172.1,172.1,172.1,172.1,172.1,172.1,172.1,172.1,172.1,172.1,172.1,172.1,172.1,172.1,172.1,172.1,172.1,172.1,172.1,172.1,172.1,172.1,172.1,172.1,172.1,172.1,172.1,172.1,172.1,172.1,172.1,172.1,172.1,172.1,172.1,172.1,172.1,172.1,172.1,172.1,172.1,172.1,172.1
2018-03-01,,,,,,,,,,,,,,,,,,,,,,,,,,,,,,,,,,,,,,,,,,,,,,,,,,,,,,,,,,,,,,,,,,,,,,,,,,,,,,,,,,,,,,,,,,,,,,,,,,181.2,180.7,180.9,179.2,179.2,179.2,179.2,179.2,179.2,179.2,179.2,179.2,179.2,179.2,179.2,179.2,179.2,179.2,179.2,179.2,179.2,179.2,179.2,179.2,179.2,179.2,179.2,179.2,179.2,179.2,179.2,179.2,179.2,179.2,179.2,179.2,179.2,179.2,179.2,179.2,179.2,179.2,179.2,179.2,179.2,179.2,179.2,179.2,179.2,179.2,179.2,179.2,179.2,179.2,179.2,179.2,179.2,179.2,179.2,179.2,179.2,179.2,179.2,179.2,179.2,179.2,179.2,179.2,179.2,179.2,179.2,179.2,179.2,179.2,179.2,179.2,179.2,179.2,179.2,179.2,179.2,179.2,179.2,179.2,179.2,179.2,179.2,179.2,179.2,179.2,179.2,179.2,179.2,179.2,179.2,179.2,179.2,179.2,179.2,179.2,179.2
2018-04-01,,,,,,,,,,,,,,,,,,,,,,,,,,,,,,,,,,,,,,,,,,,,,,,,,,,,,,,,,,,,,,,,,,,,,,,,,,,,,,,,,,,,,,,,,,,,,,,,,,,181.9,193.5,191.6,191.5,191.5,191.5,191.5,191.5,191.5,191.5,191.5,191.5,191.5,191.5,191.5,191.5,191.5,191.5,191.5,191.5,191.5,191.5,191.5,191.5,191.5,191.5,191.5,191.5,191.5,191.5,191.5,191.5,191.5,191.5,191.5,191.5,191.5,191.5,191.5,191.5,191.5,191.5,191.5,191.5,191.5,191.5,191.5,191.5,191.5,191.5,191.5,191.5,191.5,191.5,191.5,191.5,191.5,191.5,191.5,191.5,191.5,191.5,191.5,191.5,191.5,191.5,191.5,191.5,191.5,191.5,191.5,191.5,191.5,191.5,191.5,191.5,191.5,191.5,191.5,191.5,191.5,191.5,191.5,191.5,191.5,191.5,191.5,191.5,191.5,191.5,191.5,191.5,191.5,191.5,191.5,191.5,191.5,191.5,191.5,191.5
2018-05-01,,,,,,,,,,,,,,,,,,,,,,,,,,,,,,,,,,,,,,,,,,,,,,,,,,,,,,,,,,,,,,,,,,,,,,,,,,,,,,,,,,,,,,,,,,,,,,,,,,,,196.5,194.8,194.8,194.8,194.8,194.8,194.8,194.8,194.8,194.8,194.8,194.8,194.8,194.8,194.8,194.8,194.8,194.8,194.8,194.8,194.8,194.8,194.8,194.8,194.8,194.8,194.8,194.8,194.8,194.8,194.8,194.8,194.8,194.8,194.8,194.8,194.8,194.8,194.8,194.8,194.8,194.8,194.8,194.8,194.8,194.8,194.8,194.8,194.8,194.8,194.8,194.8,194.8,194.8,194.8,194.8,194.8,194.8,194.8,194.8,194.8,194.8,194.8,194.8,194.8,194.8,194.8,194.8,194.8,194.8,194.8,194.8,194.8,194.8,194.8,194.8,194.8,194.8,194.8,194.8,194.8,194.8,194.8,194.8,194.8,194.8,194.8,194.8,194.8,194.8,194.8,194.8,194.8,194.8,194.8,194.8,194.8,194.8,194.8
2018-06-01,,,,,,,,,,,,,,,,,,,,,,,,,,,,,,,,,,,,,,,,,,,,,,,,,,,,,,,,,,,,,,,,,,,,,,,,,,,,,,,,,,,,,,,,,,,,,,,,,,,,,192.9,192.9,192.9,192.7,192.7,192.7,192.7,192.7,192.7,192.7,192.7,192.7,192.7,192.7,192.7,192.7,192.7,192.7,192.7,192.7,192.7,192.7,192.7,192.7,192.7,192.7,192.7,192.7,192.7,192.7,192.7,192.7,192.7,192.7,192.7,192.7,192.7,192.7,192.7,192.7,192.7,192.7,192.7,192.7,192.7,192.7,192.7,192.7,192.7,192.7,192.7,192.7,192.7,192.7,192.7,192.7,192.7,192.7,192.7,192.7,192.7,192.7,192.7,192.7,192.7,192.7,192.7,192.7,192.7,192.7,192.7,192.7,192.7,192.7,192.7,192.7,192.7,192.7,192.7,192.7,192.7,192.7,192.7,192.7,192.7,192.7,192.7,192.7,192.7,192.7,192.7,192.7,192.7,192.7,192.7,192.7,192.7,192.7
2018-07-01,,,,,,,,,,,,,,,,,,,,,,,,,,,,,,,,,,,,,,,,,,,,,,,,,,,,,,,,,,,,,,,,,,,,,,,,,,,,,,,,,,,,,,,,,,,,,,,,,,,,,,188.5,188.5,188.1,188.1,188.1,188.1,188.1,188.1,188.1,188.1,188.1,188.1,188.1,188.1,188.1,188.1,188.1,188.1,188.1,188.1,188.1,188.1,188.1,188.1,188.1,188.1,188.1,188.1,188.1,188.1,188.1,188.1,188.1,188.1,188.1,188.1,188.1,188.1,188.1,188.1,188.1,188.1,188.1,188.1,188.1,188.1,188.1,188.1,188.1,188.1,188.1,188.1,188.1,188.1,188.1,188.1,188.1,188.1,188.1,188.1,188.1,188.1,188.1,188.1,188.1,188.1,188.1,188.1,188.1,188.1,188.1,188.1,188.1,188.1,188.1,188.1,188.1,188.1,188.1,188.1,188.1,188.1,188.1,188.1,188.1,188.1,188.1,188.1,188.1,188.1,188.1,188.1,188.1,188.1,188.1,188.1,188.1
2018-08-01,,,,,,,,,,,,,,,,,,,,,,,,,,,,,,,,,,,,,,,,,,,,,,,,,,,,,,,,,,,,,,,,,,,,,,,,,,,,,,,,,,,,,,,,,,,,,,,,,,,,,,,187.4,187.4,187.4,187.4,187.4,187.4,187.4,187.4,187.4,187.4,187.4,187.4,187.4,187.4,187.4,187.4,187.4,187.4,187.4,187.4,187.4,187.4,187.4,187.4,187.4,187.4,187.4,187.4,187.4,187.4,187.4,187.4,187.4,187.4,187.4,187.4,187.4,187.4,187.4,187.4,187.4,187.4,187.4,187.4,187.4,187.4,187.4,187.4,187.4,187.4,187.4,187.4,187.4,187.4,187.4,187.4,187.4,187.4,187.4,187.4,187.4,187.4,187.4,187.4,187.4,187.4,187.4,187.4,187.4,187.4,187.4,187.4,187.4,187.4,187.4,187.4,187.4,187.4,187.4,187.4,187.4,187.4,187.4,187.4,187.4,187.4,187.4,187.4,187.4,187.4,187.4,187.4,187.4,187.4,187.4,187.4
2018-09-01,,,,,,,,,,,,,,,,,,,,,,,,,,,,,,,,,,,,,,,,,,,,,,,,,,,,,,,,,,,,,,,,,,,,,,,,,,,,,,,,,,,,,,,,,,,,,,,,,,,,,,,,188.9,188.9,188.9,188.9,188.9,188.9,188.9,188.9,188.9,188.9,188.9,188.9,188.9,188.9,188.9,188.9,188.9,188.9,188.9,188.9,188.9,188.9,188.9,188.9,188.9,188.9,188.9,188.9,188.9,188.9,188.9,188.9,188.9,188.9,188.9,188.9,188.9,188.9,188.9,188.9,188.9,188.9,188.9,188.9,188.9,188.9,188.9,188.9,188.9,188.9,188.9,188.9,188.9,188.9,188.9,188.9,188.9,188.9,188.9,188.9,188.9,188.9,188.9,188.9,188.9,188.9,188.9,188.9,188.9,188.9,188.9,188.9,188.9,188.9,188.9,188.9,188.9,188.9,188.9,188.9,188.9,188.9,188.9,188.9,188.9,188.9,188.9,188.9,188.9,188.9,188.9,188.9,188.9,188.9,188.9
2018-10-01,,,,,,,,,,,,,,,,,,,,,,,,,,,,,,,,,,,,,,,,,,,,,,,,,,,,,,,,,,,,,,,,,,,,,,,,,,,,,,,,,,,,,,,,,,,,,,,,,,,,,,,,,193.4,193.4,193.4,193.4,193.4,193.4,193.4,193.4,193.4,193.4,193.4,193.4,193.4,193.4,193.4,193.4,193.4,193.4,193.4,193.4,193.4,193.4,193.4,193.4,193.4,193.4,193.4,193.4,193.4,193.4,193.4,193.4,193.4,193.4,193.4,193.4,193.4,193.4,193.4,193.4,193.4,193.4,193.4,193.4,193.4,193.4,193.4,193.4,193.4,193.4,193.4,193.4,193.4,193.4,193.4,193.4,193.4,193.4,193.4,193.4,193.4,193.4,193.4,193.4,193.4,193.4,193.4,193.4,193.4,193.4,193.4,193.4,193.4,193.4,193.4,193.4,193.4,193.4,193.4,193.4,193.4,193.4,193.4,193.4,193.4,193.4,193.4,193.4,193.4,193.4,193.4,193.4,193.4,193.4
2018-11-01,,,,,,,,,,,,,,,,,,,,,,,,,,,,,,,,,,,,,,,,,,,,,,,,,,,,,,,,,,,,,,,,,,,,,,,,,,,,,,,,,,,,,,,,,,,,,,,,,,,,,,,,,,195.7,194.7,194.7,194.7,194.7,194.7,194.7,194.7,194.7,194.7,194.7,194.7,194.7,194.7,194.7,194.7,194.7,194.7,194.7,194.7,194.7,194.7,194.7,194.7,194.7,194.7,194.7,194.7,194.7,194.7,194.7,194.7,194.7,194.7,194.7,194.7,194.7,194.7,194.7,194.7,194.7,194.7,194.7,194.7,194.7,194.7,194.7,194.7,194.7,194.7,194.7,194.7,194.7,194.7,194.7,194.7,194.7,194.7,194.7,194.7,194.7,194.7,194.7,194.7,194.7,194.7,194.7,194.7,194.7,194.7,194.7,194.7,194.7,194.7,194.7,194.7,194.7,194.7,194.7,194.7,194.7,194.7,194.7,194.7,194.7,194.7,194.7,194.7,194.7,194.7,194.7,194.7,194.7
2018-12-01,,,,,,,,,,,,,,,,,,,,,,,,,,,,,,,,,,,,,,,,,,,,,,,,,,,,,,,,,,,,,,,,,,,,,,,,,,,,,,,,,,,,,,,,,,,,,,,,,,,,,,,,,,,189.4,188.4,188.4,188.4,188.4,188.4,188.4,188.4,188.4,188.4,188.4,188.4,188.4,188.4,188.4,188.4,188.4,188.4,188.4,188.4,188.4,188.4,188.4,188.4,188.4,188.4,188.4,188.4,188.4,188.4,188.4,188.4,188.4,188.4,188.4,188.4,188.4,188.4,188.4,188.4,188.4,188.4,188.4,188.4,188.4,188.4,188.4,188.4,188.4,188.4,188.4,188.4,188.4,188.4,188.4,188.4,188.4,188.4,188.4,188.4,188.4,188.4,188.4,188.4,188.4,188.4,188.4,188.4,188.4,188.4,188.4,188.4,188.4,188.4,188.4,188.4,188.4,188.4,188.4,188.4,188.4,188.4,188.4,188.4,188.4,188.4,188.4,188.4,188.4,188.4,188.4,188.4
2019-01-01,,,,,,,,,,,,,,,,,,,,,,,,,,,,,,,,,,,,,,,,,,,,,,,,,,,,,,,,,,,,,,,,,,,,,,,,,,,,,,,,,,,,,,,,,,,,,,,,,,,,,,,,,,,,186.4,185.8,185.8,186.5,186.5,186.5,186.5,186.5,186.5,186.5,186.5,186.5,186.5,186.5,186.5,186.5,186.5,186.5,186.5,186.5,186.5,186.5,186.5,186.5,186.5,186.5,186.5,186.5,186.5,186.5,186.5,186.5,186.5,186.5,186.5,186.5,186.5,186.5,186.5,186.5,186.5,186.5,186.5,186.5,186.5,186.5,186.5,186.5,186.5,186.5,186.5,186.5,186.5,186.5,186.5,186.5,186.5,186.5,186.5,186.5,186.5,186.5,186.5,186.5,186.5,186.5,186.5,186.5,186.5,186.5,186.5,186.5,186.5,186.5,186.5,186.5,186.5,186.5,186.5,186.5,186.5,186.5,186.5,186.5,186.5,186.5,186.5,186.5,186.5,186.5,186.5
2019-02-01,,,,,,,,,,,,,,,,,,,,,,,,,,,,,,,,,,,,,,,,,,,,,,,,,,,,,,,,,,,,,,,,,,,,,,,,,,,,,,,,,,,,,,,,,,,,,,,,,,,,,,,,,,,,,174.1,174.4,175.1,175.1,175.1,175.1,175.1,175.1,175.1,175.1,175.1,175.1,175.1,175.1,175.1,175.1,175.1,175.1,175.1,175.1,175.1,175.1,175.1,175.1,175.1,175.1,175.1,175.1,175.1,175.1,175.1,175.1,175.1,175.1,175.1,175.1,175.1,175.1,175.1,175.1,175.1,175.1,175.1,175.1,175.1,175.1,175.1,175.1,175.1,175.1,175.1,175.1,175.1,175.1,175.1,175.1,175.1,175.1,175.1,175.1,175.1,175.1,175.1,175.1,175.1,175.1,175.1,175.1,175.1,175.1,175.1,175.1,175.1,175.1,175.1,175.1,175.1,175.1,175.1,175.1,175.1,175.1,175.1,175.1,175.1,175.1,175.1,175.1,175.1,175.1
2019-03-01,,,,,,,,,,,,,,,,,,,,,,,,,,,,,,,,,,,,,,,,,,,,,,,,,,,,,,,,,,,,,,,,,,,,,,,,,,,,,,,,,,,,,,,,,,,,,,,,,,,,,,,,,,,,,,175.5,175.3,175.0,175.0,175.0,175.0,175.0,175.0,175.0,175.0,175.0,175.0,175.0,175.0,175.0,175.0,175.0,175.0,175.0,175.0,175.0,175.0,175.0,175.0,175.0,175.0,175.0,175.0,175.0,175.0,175.0,175.0,175.0,175.0,175.0,175.0,175.0,175.0,175.0,175.0,175.0,175.0,175.0,175.0,175.0,175.0,175.0,175.0,175.0,175.0,175.0,175.0,175.0,175.0,175.0,175.0,175.0,175.0,175.0,175.0,175.0,175.0,175.0,175.0,175.0,175.0,175.0,175.0,175.0,175.0,175.0,175.0,175.0,175.0,175.0,175.0,175.0,175.0,175.0,175.0,175.0,175.0,175.0,175.0,175.0,175.0,175.0,175.0,175.0
2019-04-01,,,,,,,,,,,,,,,,,,,,,,,,,,,,,,,,,,,,,,,,,,,,,,,,,,,,,,,,,,,,,,,,,,,,,,,,,,,,,,,,,,,,,,,,,,,,,,,,,,,,,,,,,,,,,,,176.6,178.0,178.2,178.2,178.2,178.2,178.2,178.2,178.2,178.2,178.2,178.2,178.2,178.2,178.2,178.2,178.2,178.2,178.2,178.2,178.2,178.2,178.2,178.2,178.2,178.2,178.2,178.2,178.2,178.2,178.2,178.2,178.2,178.2,178.2,178.2,178.2,178.2,178.2,178.2,178.2,178.2,178.2,178.2,178.2,178.2,178.2,178.2,178.2,178.2,178.2,178.2,178.2,178.2,178.2,178.2,178.2,178.2,178.2,178.2,178.2,178.2,178.2,178.2,178.2,178.2,178.2,178.2,178.2,178.2,178.2,178.2,178.2,178.2,178.2,178.2,178.2,178.2,178.2,178.2,178.2,178.2,178.2,178.2,178.2,178.2,178.2,178.2
2019-05-01,,,,,,,,,,,,,,,,,,,,,,,,,,,,,,,,,,,,,,,,,,,,,,,,,,,,,,,,,,,,,,,,,,,,,,,,,,,,,,,,,,,,,,,,,,,,,,,,,,,,,,,,,,,,,,,,179.4,179.0,179.0,179.0,179.0,179.0,179.0,179.0,179.0,179.0,179.0,179.0,179.0,179.0,179.0,179.0,179.0,179.0,179.0,179.0,179.0,179.0,179.0,179.0,179.0,179.0,179.0,179.0,179.0,179.0,179.0,179.0,179.0,179.0,179.0,179.0,179.0,179.0,179.0,179.0,179.0,179.0,179.0,179.0,179.0,179.0,179.0,179.0,179.0,179.0,179.0,179.0,179.0,179.0,179.0,179.0,179.0,179.0,179.0,179.0,179.0,179.0,179.0,179.0,179.0,179.0,179.0,179.0,179.0,179.0,179.0,179.0,179.0,179.0,179.0,179.0,179.0,179.0,179.0,179.0,179.0,179.0,179.0,179.0,179.0,179.0,179.0
2019-06-01,,,,,,,,,,,,,,,,,,,,,,,,,,,,,,,,,,,,,,,,,,,,,,,,,,,,,,,,,,,,,,,,,,,,,,,,,,,,,,,,,,,,,,,,,,,,,,,,,,,,,,,,,,,,,,,,,178.7,178.9,178.9,178.9,178.9,178.9,178.9,178.9,178.9,178.9,178.9,178.9,178.9,178.9,178.9,178.9,178.9,178.9,178.9,178.9,178.9,178.9,178.9,178.9,178.9,178.9,178.9,178.9,178.9,178.9,178.9,178.9,178.9,178.9,178.9,178.9,178.9,178.9,178.9,178.9,178.9,178.9,178.9,178.9,178.9,178.9,178.9,178.9,178.9,178.9,178.9,178.9,178.9,178.9,178.9,178.9,178.9,178.9,178.9,178.9,178.9,178.9,178.9,178.9,178.9,178.9,178.9,178.9,178.9,178.9,178.9,178.9,178.9,178.9,178.9,178.9,178.9,178.9,178.9,178.9,178.9,178.9,178.9,178.9,178.9,178.9
2019-07-01,,,,,,,,,,,,,,,,,,,,,,,,,,,,,,,,,,,,,,,,,,,,,,,,,,,,,,,,,,,,,,,,,,,,,,,,,,,,,,,,,,,,,,,,,,,,,,,,,,,,,,,,,,,,,,,,,,175.6,174.5,174.4,174.4,174.4,174.4,174.4,174.4,174.4,174.4,174.4,174.4,174.4,174.4,174.4,174.4,174.4,174.4,174.4,174.4,174.4,174.4,174.4,174.4,174.4,174.4,174.4,174.4,174.4,174.4,174.4,174.4,174.4,174.4,174.4,174.4,174.4,174.4,174.4,174.4,174.4,174.4,174.4,174.4,174.4,174.4,174.4,174.4,174.4,174.4,174.4,174.4,174.4,174.4,174.4,174.4,174.4,174.4,174.4,174.4,174.4,174.4,174.4,174.4,174.4,174.4,174.4,174.4,174.4,174.4,174.4,174.4,174.4,174.4,174.4,174.4,174.4,174.4,174.4,174.4,174.4,174.4,174.4,174.4,174.4
2019-08-01,,,,,,,,,,,,,,,,,,,,,,,,,,,,,,,,,,,,,,,,,,,,,,,,,,,,,,,,,,,,,,,,,,,,,,,,,,,,,,,,,,,,,,,,,,,,,,,,,,,,,,,,,,,,,,,,,,,173.2,173.7,173.7,173.7,173.7,173.7,173.7,173.7,173.7,173.7,173.7,173.7,173.7,173.7,173.7,173.7,173.7,173.7,173.7,173.7,173.7,173.7,173.7,173.7,173.7,173.7,173.7,173.7,173.7,173.7,173.7,173.7,173.7,173.7,173.7,173.7,173.7,173.7,173.7,173.7,173.7,173.7,173.7,173.7,173.7,173.7,173.7,173.7,173.7,173.7,173.7,173.7,173.7,173.7,173.7,173.7,173.7,173.7,173.7,173.7,173.7,173.7,173.7,173.7,173.7,173.7,173.7,173.7,173.7,173.7,173.7,173.7,173.7,173.7,173.7,173.7,173.7,173.7,173.7,173.7,173.7,173.7,173.7,173.7
2019-09-01,,,,,,,,,,,,,,,,,,,,,,,,,,,,,,,,,,,,,,,,,,,,,,,,,,,,,,,,,,,,,,,,,,,,,,,,,,,,,,,,,,,,,,,,,,,,,,,,,,,,,,,,,,,,,,,,,,,,173.1,173.1,173.1,173.1,173.1,173.1,173.1,173.1,173.1,173.1,173.1,173.1,173.1,173.1,173.1,173.1,173.1,173.1,173.1,173.1,173.1,173.1,173.1,173.1,173.1,173.1,173.1,173.1,173.1,173.1,173.1,173.1,173.1,173.1,173.1,173.1,173.1,173.1,173.1,173.1,173.1,173.1,173.1,173.1,173.1,173.1,173.1,173.1,173.1,173.1,173.1,173.1,173.1,173.1,173.1,173.1,173.1,173.1,173.1,173.1,173.1,173.1,173.1,173.1,173.1,173.1,173.1,173.1,173.1,173.1,173.1,173.1,173.1,173.1,173.1,173.1,173.1,173.1,173.1,173.1,173.1,173.1,173.1
2019-10-01,,,,,,,,,,,,,,,,,,,,,,,,,,,,,,,,,,,,,,,,,,,,,,,,,,,,,,,,,,,,,,,,,,,,,,,,,,,,,,,,,,,,,,,,,,,,,,,,,,,,,,,,,,,,,,,,,,,,,175.6,175.1,175.1,175.1,175.1,175.1,175.1,175.1,175.1,175.1,175.1,175.1,175.1,175.1,175.1,175.1,175.1,175.1,175.1,175.1,175.1,175.1,175.1,175.1,175.1,175.1,175.1,175.1,175.1,175.1,175.1,175.1,175.1,175.1,175.1,175.1,175.1,175.1,175.1,175.1,175.1,175.1,175.1,175.1,175.1,175.1,175.1,175.1,175.1,175.1,175.1,175.1,175.1,175.1,175.1,175.1,175.1,175.1,175.1,175.1,175.1,175.1,175.1,175.1,175.1,175.1,175.1,175.1,175.1,175.1,175.1,175.1,175.1,175.1,175.1,175.1,175.1,175.1,175.1,175.1,175.1,175.1
2019-11-01,,,,,,,,,,,,,,,,,,,,,,,,,,,,,,,,,,,,,,,,,,,,,,,,,,,,,,,,,,,,,,,,,,,,,,,,,,,,,,,,,,,,,,,,,,,,,,,,,,,,,,,,,,,,,,,,,,,,,,178.8,179.0,179.0,179.0,179.0,179.0,179.0,179.0,179.0,179.0,179.0,179.0,179.0,179.0,179.0,179.0,179.0,179.0,179.0,179.0,179.0,179.0,179.0,179.0,179.0,179.0,179.0,179.0,179.0,179.0,179.0,179.0,179.0,179.0,179.0,179.0,179.0,179.0,179.0,179.0,179.0,179.0,179.0,179.0,179.0,179.0,179.0,179.0,179.0,179.0,179.0,179.0,179.0,179.0,179.0,179.0,179.0,179.0,179.0,179.0,179.0,179.0,179.0,179.0,179.0,179.0,179.0,179.0,179.0,179.0,179.0,179.0,179.0,179.0,179.0,179.0,179.0,179.0,179.0,179.0,179.0
2019-12-01,,,,,,,,,,,,,,,,,,,,,,,,,,,,,,,,,,,,,,,,,,,,,,,,,,,,,,,,,,,,,,,,,,,,,,,,,,,,,,,,,,,,,,,,,,,,,,,,,,,,,,,,,,,,,,,,,,,,,,,181.4,182.2,182.2,182.2,182.2,182.2,182.2,182.2,182.2,182.2,182.2,182.2,182.2,182.2,182.2,182.2,182.2,182.2,182.2,182.2,182.2,182.2,182.2,182.2,182.2,182.2,182.2,182.2,182.2,182.2,182.2,182.2,182.2,182.2,182.2,182.2,182.2,182.2,182.2,182.2,182.2,182.2,182.2,182.2,182.2,182.2,182.2,182.2,182.2,182.2,182.2,182.2,182.2,182.2,182.2,182.2,182.2,182.2,182.2,182.2,182.2,182.2,182.2,182.2,182.2,182.2,182.2,182.2,182.2,182.2,182.2,182.2,182.2,182.2,182.2,182.2,182.2,182.2,182.2,182.2
2020-01-01,,,,,,,,,,,,,,,,,,,,,,,,,,,,,,,,,,,,,,,,,,,,,,,,,,,,,,,,,,,,,,,,,,,,,,,,,,,,,,,,,,,,,,,,,,,,,,,,,,,,,,,,,,,,,,,,,,,,,,,,177.9,178.1,178.1,178.1,178.1,178.1,178.1,178.1,178.1,178.1,178.1,178.1,178.1,178.1,178.1,178.1,178.1,178.1,178.1,178.1,178.1,178.1,178.1,178.1,178.1,178.1,178.1,178.1,178.1,178.1,178.1,178.1,178.1,178.1,178.1,178.1,178.1,178.1,178.1,178.1,178.1,178.1,178.1,178.1,178.1,178.1,178.1,178.1,178.1,178.1,178.1,178.1,178.1,178.1,178.1,178.1,178.1,178.1,178.1,178.1,178.1,178.1,178.1,178.1,178.1,178.1,178.1,178.1,178.1,178.1,178.1,178.1,178.1,178.1,178.1,178.1,178.1,178.1,178.1
2020-02-01,,,,,,,,,,,,,,,,,,,,,,,,,,,,,,,,,,,,,,,,,,,,,,,,,,,,,,,,,,,,,,,,,,,,,,,,,,,,,,,,,,,,,,,,,,,,,,,,,,,,,,,,,,,,,,,,,,,,,,,,,175.7,176.3,176.3,176.3,176.3,176.3,176.3,176.3,176.3,176.3,176.3,176.3,176.3,176.3,176.3,176.3,176.3,176.3,176.3,176.3,176.3,176.3,176.3,176.3,176.3,176.3,176.3,176.3,176.3,176.3,176.3,176.3,176.3,176.3,176.3,176.3,176.3,176.3,176.3,176.3,176.3,176.3,176.3,176.3,176.3,176.3,176.3,176.3,176.3,176.3,176.3,176.3,176.3,176.3,176.3,176.3,176.3,176.3,176.3,176.3,176.3,176.3,176.3,176.3,176.3,176.3,176.3,176.3,176.3,176.3,176.3,176.3,176.3,176.3,176.3,176.3,176.3,176.3
2020-03-01,,,,,,,,,,,,,,,,,,,,,,,,,,,,,,,,,,,,,,,,,,,,,,,,,,,,,,,,,,,,,,,,,,,,,,,,,,,,,,,,,,,,,,,,,,,,,,,,,,,,,,,,,,,,,,,,,,,,,,,,,,180.8,180.7,180.7,180.7,180.7,180.7,180.7,180.7,180.7,180.7,180.7,180.7,180.7,180.7,180.7,180.7,180.7,180.7,180.7,180.7,180.7,180.7,180.7,180.7,180.7,180.7,180.7,180.7,180.7,180.7,180.7,180.7,180.7,180.7,180.7,180.7,180.7,180.7,180.7,180.7,180.7,180.7,180.7,180.7,180.7,180.7,180.7,180.7,180.7,180.7,180.7,180.7,180.7,180.7,180.7,180.7,180.7,180.7,180.7,180.7,180.7,180.7,180.7,180.7,180.7,180.7,180.7,180.7,180.7,180.7,180.7,180.7,180.7,180.7,180.7,180.7,180.7
2020-04-01,,,,,,,,,,,,,,,,,,,,,,,,,,,,,,,,,,,,,,,,,,,,,,,,,,,,,,,,,,,,,,,,,,,,,,,,,,,,,,,,,,,,,,,,,,,,,,,,,,,,,,,,,,,,,,,,,,,,,,,,,,,250.2,252.8,252.8,252.8,252.8,252.8,252.8,252.8,252.8,252.8,252.8,252.8,252.8,252.8,252.8,252.8,252.8,252.8,252.8,252.8,252.8,252.8,252.8,252.8,252.8,252.8,252.8,252.8,252.8,252.8,252.8,252.8,252.8,252.8,252.8,252.8,252.8,252.8,252.8,252.8,252.8,252.8,252.8,252.8,252.8,252.8,252.8,252.8,252.8,252.8,252.8,252.8,252.8,252.8,252.8,252.8,252.8,252.8,252.8,252.8,252.8,252.8,252.8,252.8,252.8,252.8,252.8,252.8,252.8,252.8,252.8,252.8,252.8,252.8,252.8,252.8
2020-05-01,,,,,,,,,,,,,,,,,,,,,,,,,,,,,,,,,,,,,,,,,,,,,,,,,,,,,,,,,,,,,,,,,,,,,,,,,,,,,,,,,,,,,,,,,,,,,,,,,,,,,,,,,,,,,,,,,,,,,,,,,,,,322.4,319.0,319.0,319.0,319.0,319.0,319.0,319.0,319.0,319.0,319.0,319.0,319.0,319.0,319.0,319.0,319.0,319.0,319.0,319.0,319.0,319.0,319.0,319.0,319.0,319.0,319.0,319.0,319.0,319.0,319.0,319.0,319.0,319.0,319.0,319.0,319.0,319.0,319.0,319.0,319.0,319.0,319.0,319.0,319.0,319.0,319.0,319.0,319.0,319.0,319.0,319.0,319.0,319.0,319.0,319.0,319.0,319.0,319.0,319.0,319.0,319.0,319.0,319.0,319.0,319.0,319.0,319.0,319.0,319.0,319.0,319.0,319.0,319.0,319.0
2020-06-01,,,,,,,,,,,,,,,,,,,,,,,,,,,,,,,,,,,,,,,,,,,,,,,,,,,,,,,,,,,,,,,,,,,,,,,,,,,,,,,,,,,,,,,,,,,,,,,,,,,,,,,,,,,,,,,,,,,,,,,,,,,,,310.0,309.0,309.0,309.0,309.0,309.0,309.0,309.0,309.0,309.0,309.0,309.0,309.0,309.0,309.0,309.0,309.0,309.0,309.0,309.0,309.0,309.0,309.0,309.0,309.0,309.0,309.0,309.0,309.0,309.0,309.0,309.0,309.0,309.0,309.0,309.0,309.0,309.0,309.0,309.0,309.0,309.0,309.0,309.0,309.0,309.0,309.0,309.0,309.0,309.0,309.0,309.0,309.0,309.0,309.0,309.0,309.0,309.0,309.0,309.0,309.0,309.0,309.0,309.0,309.0,309.0,309.0,309.0,309.0,309.0,309.0,309.0,309.0,309.0
2020-07-01,,,,,,,,,,,,,,,,,,,,,,,,,,,,,,,,,,,,,,,,,,,,,,,,,,,,,,,,,,,,,,,,,,,,,,,,,,,,,,,,,,,,,,,,,,,,,,,,,,,,,,,,,,,,,,,,,,,,,,,,,,,,,,264.7,265.8,265.8,265.8,265.8,265.8,265.8,265.8,265.8,265.8,265.8,265.8,265.8,265.8,265.8,265.8,265.8,265.8,265.8,265.8,265.8,265.8,265.8,265.8,265.8,265.8,265.8,265.8,265.8,265.8,265.8,265.8,265.8,265.8,265.8,265.8,265.8,265.8,265.8,265.8,265.8,265.8,265.8,265.8,265.8,265.8,265.8,265.8,265.8,265.8,265.8,265.8,265.8,265.8,265.8,265.8,265.8,265.8,265.8,265.8,265.8,265.8,265.8,265.8,265.8,265.8,265.8,265.8,265.8,265.8,265.8,265.8,265.8
2020-08-01,,,,,,,,,,,,,,,,,,,,,,,,,,,,,,,,,,,,,,,,,,,,,,,,,,,,,,,,,,,,,,,,,,,,,,,,,,,,,,,,,,,,,,,,,,,,,,,,,,,,,,,,,,,,,,,,,,,,,,,,,,,,,,,270.7,271.7,271.7,271.7,271.7,271.7,271.7,271.7,271.7,271.7,271.7,271.7,271.7,271.7,271.7,271.7,271.7,271.7,271.7,271.7,271.7,271.7,271.7,271.7,271.7,271.7,271.7,271.7,271.7,271.7,271.7,271.7,271.7,271.7,271.7,271.7,271.7,271.7,271.7,271.7,271.7,271.7,271.7,271.7,271.7,271.7,271.7,271.7,271.7,271.7,271.7,271.7,271.7,271.7,271.7,271.7,271.7,271.7,271.7,271.7,271.7,271.7,271.7,271.7,271.7,271.7,271.7,271.7,271.7,271.7,271.7,271.7
2020-09-01,,,,,,,,,,,,,,,,,,,,,,,,,,,,,,,,,,,,,,,,,,,,,,,,,,,,,,,,,,,,,,,,,,,,,,,,,,,,,,,,,,,,,,,,,,,,,,,,,,,,,,,,,,,,,,,,,,,,,,,,,,,,,,,,269.3,263.8,263.8,263.8,263.8,263.8,263.8,263.8,263.8,263.8,263.8,263.8,263.8,263.8,263.8,263.8,263.8,263.8,263.8,263.8,263.8,263.8,263.8,263.8,263.8,263.8,263.8,263.8,263.8,263.8,263.8,263.8,263.8,263.8,263.8,263.8,263.8,263.8,263.8,263.8,263.8,263.8,263.8,263.8,263.8,263.8,263.8,263.8,263.8,263.8,263.8,263.8,263.8,263.8,263.8,263.8,263.8,263.8,263.8,263.8,263.8,263.8,263.8,263.8,263.8,263.8,263.8,263.8,263.8,263.8,263.8
2020-10-01,,,,,,,,,,,,,,,,,,,,,,,,,,,,,,,,,,,,,,,,,,,,,,,,,,,,,,,,,,,,,,,,,,,,,,,,,,,,,,,,,,,,,,,,,,,,,,,,,,,,,,,,,,,,,,,,,,,,,,,,,,,,,,,,,276.7,274.7,274.7,274.7,274.7,274.7,274.7,274.7,274.7,274.7,274.7,274.7,274.7,274.7,274.7,274.7,274.7,274.7,274.7,274.7,274.7,274.7,274.7,274.7,274.7,274.7,274.7,274.7,274.7,274.7,274.7,274.7,274.7,274.7,274.7,274.7,274.7,274.7,274.7,274.7,274.7,274.7,274.7,274.7,274.7,274.7,274.7,274.7,274.7,274.7,274.7,274.7,274.7,274.7,274.7,274.7,274.7,274.7,274.7,274.7,274.7,274.7,274.7,274.7,274.7,274.7,274.7,274.7,274.7,274.7
2020-11-01,,,,,,,,,,,,,,,,,,,,,,,,,,,,,,,,,,,,,,,,,,,,,,,,,,,,,,,,,,,,,,,,,,,,,,,,,,,,,,,,,,,,,,,,,,,,,,,,,,,,,,,,,,,,,,,,,,,,,,,,,,,,,,,,,,303.7,301.6,301.6,301.6,301.6,301.6,301.6,301.6,301.6,301.6,301.6,301.6,301.6,301.6,301.6,301.6,301.6,301.6,301.6,301.6,301.6,301.6,301.6,301.6,301.6,301.6,301.6,301.6,301.6,301.6,301.6,301.6,301.6,301.6,301.6,301.6,301.6,301.6,301.6,301.6,301.6,301.6,301.6,301.6,301.6,301.6,301.6,301.6,301.6,301.6,301.6,301.6,301.6,301.6,301.6,301.6,301.6,301.6,301.6,301.6,301.6,301.6,301.6,301.6,301.6,301.6,301.6,301.6,301.6
2020-12-01,,,,,,,,,,,,,,,,,,,,,,,,,,,,,,,,,,,,,,,,,,,,,,,,,,,,,,,,,,,,,,,,,,,,,,,,,,,,,,,,,,,,,,,,,,,,,,,,,,,,,,,,,,,,,,,,,,,,,,,,,,,,,,,,,,,320.3,320.2,320.9,320.9,320.9,320.9,320.9,320.9,320.9,320.9,320.9,320.9,320.9,320.9,320.9,320.9,320.9,320.9,320.9,320.9,320.9,320.9,320.9,320.9,320.9,320.9,320.9,320.9,320.9,320.9,320.9,320.9,320.9,320.9,320.9,320.9,320.9,320.9,320.9,320.9,320.9,320.9,320.9,320.9,320.9,320.9,320.9,320.9,320.9,320.9,320.9,320.9,320.9,320.9,320.9,320.9,320.9,320.9,320.9,320.9,320.9,320.9,320.9,320.9,320.9,320.9,320.9,320.9
2021-01-01,,,,,,,,,,,,,,,,,,,,,,,,,,,,,,,,,,,,,,,,,,,,,,,,,,,,,,,,,,,,,,,,,,,,,,,,,,,,,,,,,,,,,,,,,,,,,,,,,,,,,,,,,,,,,,,,,,,,,,,,,,,,,,,,,,,,301.6,302.3,302.3,302.3,302.3,302.3,302.3,302.3,302.3,302.3,302.3,302.3,302.3,302.3,302.3,302.3,302.3,302.3,302.3,302.3,302.3,302.3,302.3,302.3,302.3,302.3,302.3,302.3,302.3,302.3,302.3,302.3,302.3,302.3,302.3,302.3,302.3,302.3,302.3,302.3,302.3,302.3,302.3,302.3,302.3,302.3,302.3,302.3,302.3,302.3,302.3,302.3,302.3,302.3,302.3,302.3,302.3,302.3,302.3,302.3,302.3,302.3,302.3,302.3,302.3,302.3,302.3
2021-02-01,,,,,,,,,,,,,,,,,,,,,,,,,,,,,,,,,,,,,,,,,,,,,,,,,,,,,,,,,,,,,,,,,,,,,,,,,,,,,,,,,,,,,,,,,,,,,,,,,,,,,,,,,,,,,,,,,,,,,,,,,,,,,,,,,,,,,296.9,304.5,304.5,312.5,312.5,312.5,312.5,312.5,312.5,312.5,312.5,312.5,312.5,312.5,312.5,312.5,312.5,312.5,312.5,312.5,312.5,312.5,312.5,312.5,312.5,312.5,312.5,312.5,312.5,312.5,312.5,312.5,312.5,312.5,312.5,312.5,312.5,312.5,312.5,312.5,312.5,312.5,312.5,312.5,312.5,312.5,312.5,312.5,312.5,312.5,312.5,312.5,312.5,312.5,312.5,312.5,312.5,312.5,312.5,312.5,312.5,312.5,312.5,312.5,312.5,312.5
2021-03-01,,,,,,,,,,,,,,,,,,,,,,,,,,,,,,,,,,,,,,,,,,,,,,,,,,,,,,,,,,,,,,,,,,,,,,,,,,,,,,,,,,,,,,,,,,,,,,,,,,,,,,,,,,,,,,,,,,,,,,,,,,,,,,,,,,,,,,310.1,298.7,299.7,299.5,299.5,299.5,299.5,299.5,299.5,299.5,299.5,299.5,299.5,299.5,299.5,299.5,299.5,299.5,299.5,299.5,299.5,299.5,299.5,299.5,299.5,299.5,299.5,299.5,299.5,299.5,299.5,299.5,299.5,299.5,299.5,299.5,299.5,299.5,299.5,299.5,299.5,299.5,299.5,299.5,299.5,299.5,299.5,299.5,299.5,299.5,299.5,299.5,299.5,299.5,299.5,299.5,299.5,299.5,299.5,299.5,299.5,299.5,299.5,299.5,299.5
2021-04-01,,,,,,,,,,,,,,,,,,,,,,,,,,,,,,,,,,,,,,,,,,,,,,,,,,,,,,,,,,,,,,,,,,,,,,,,,,,,,,,,,,,,,,,,,,,,,,,,,,,,,,,,,,,,,,,,,,,,,,,,,,,,,,,,,,,,,,,323.6,322.4,321.9,322.0,322.0,322.0,322.0,322.0,322.0,322.0,322.0,322.0,322.0,322.0,322.0,322.0,322.0,322.0,322.0,322.0,322.0,322.0,322.0,322.0,322.0,322.0,322.0,322.0,322.0,322.0,322.0,322.0,322.0,322.0,322.0,322.0,322.0,322.0,322.0,322.0,322.0,322.0,322.0,322.0,322.0,322.0,322.0,322.0,322.0,322.0,322.0,322.0,322.0,322.0,322.0,322.0,322.0,322.0,322.0,322.0,322.0,322.0,322.0,322.0
2021-05-01,,,,,,,,,,,,,,,,,,,,,,,,,,,,,,,,,,,,,,,,,,,,,,,,,,,,,,,,,,,,,,,,,,,,,,,,,,,,,,,,,,,,,,,,,,,,,,,,,,,,,,,,,,,,,,,,,,,,,,,,,,,,,,,,,,,,,,,,339.0,339.3,339.3,339.3,339.3,339.3,339.3,339.3,339.3,339.3,339.3,339.3,339.3,339.3,339.3,339.3,339.3,339.3,339.3,339.3,339.3,339.3,339.3,339.3,339.3,339.3,339.3,339.3,339.3,339.3,339.3,339.3,339.3,339.3,339.3,339.3,339.3,339.3,339.3,339.3,339.3,339.3,339.3,339.3,339.3,339.3,339.3,339.3,339.3,339.3,339.3,339.3,339.3,339.3,339.3,339.3,339.3,339.3,339.3,339.3,339.3,339.3,339.3
2021-06-01,,,,,,,,,,,,,,,,,,,,,,,,,,,,,,,,,,,,,,,,,,,,,,,,,,,,,,,,,,,,,,,,,,,,,,,,,,,,,,,,,,,,,,,,,,,,,,,,,,,,,,,,,,,,,,,,,,,,,,,,,,,,,,,,,,,,,,,,,348.7,347.1,347.1,347.1,347.1,347.1,347.1,347.1,347.1,347.1,347.1,347.1,347.1,347.1,347.1,347.1,347.1,347.1,347.1,347.1,347.1,347.1,347.1,347.1,347.1,347.1,347.1,347.1,347.1,347.1,347.1,347.1,347.1,347.1,347.1,347.1,347.1,347.1,347.1,347.1,347.1,347.1,347.1,347.1,347.1,347.1,347.1,347.1,347.1,347.1,347.1,347.1,347.1,347.1,347.1,347.1,347.1,347.1,347.1,347.1,347.1,347.1
2021-07-01,,,,,,,,,,,,,,,,,,,,,,,,,,,,,,,,,,,,,,,,,,,,,,,,,,,,,,,,,,,,,,,,,,,,,,,,,,,,,,,,,,,,,,,,,,,,,,,,,,,,,,,,,,,,,,,,,,,,,,,,,,,,,,,,,,,,,,,,,,332.2,327.8,327.6,327.7,327.7,327.7,327.7,327.7,327.7,327.7,327.7,327.7,327.7,327.7,327.7,327.7,327.7,327.7,327.7,327.7,327.7,327.7,327.7,327.7,327.7,327.7,327.7,327.7,327.7,327.7,327.7,327.7,327.7,327.7,327.7,327.7,327.7,327.7,327.7,327.7,327.7,327.7,327.7,327.7,327.7,327.7,327.7,327.7,327.7,327.7,327.7,327.7,327.7,327.7,327.7,327.7,327.7,327.7,327.7,327.7,327.7
2021-08-01,,,,,,,,,,,,,,,,,,,,,,,,,,,,,,,,,,,,,,,,,,,,,,,,,,,,,,,,,,,,,,,,,,,,,,,,,,,,,,,,,,,,,,,,,,,,,,,,,,,,,,,,,,,,,,,,,,,,,,,,,,,,,,,,,,,,,,,,,,,324.2,324.0,328.0,328.0,328.0,328.0,328.0,328.0,328.0,328.0,328.0,328.0,328.0,328.0,328.0,328.0,328.0,328.0,328.0,328.0,328.0,328.0,328.0,328.0,328.0,328.0,328.0,328.0,328.0,328.0,328.0,328.0,328.0,328.0,328.0,328.0,328.0,328.0,328.0,328.0,328.0,328.0,328.0,328.0,328.0,328.0,328.0,328.0,328.0,328.0,328.0,328.0,328.0,328.0,328.0,328.0,328.0,328.0,328.0,328.0
2021-09-01,,,,,,,,,,,,,,,,,,,,,,,,,,,,,,,,,,,,,,,,,,,,,,,,,,,,,,,,,,,,,,,,,,,,,,,,,,,,,,,,,,,,,,,,,,,,,,,,,,,,,,,,,,,,,,,,,,,,,,,,,,,,,,,,,,,,,,,,,,,,339.2,343.7,343.2,342.5,342.5,342.5,342.5,342.5,342.5,342.5,342.5,342.5,342.5,342.5,342.5,342.5,342.5,342.5,342.5,342.5,342.5,342.5,342.5,342.5,342.5,342.5,342.5,342.5,342.5,342.5,342.5,342.5,342.5,342.5,342.5,342.5,342.5,342.5,342.5,342.5,342.5,342.5,342.5,342.5,342.5,342.5,342.5,342.5,342.5,342.5,342.5,342.5,342.5,342.5,342.5,342.5,342.5,342.5,342.5
2021-10-01,,,,,,,,,,,,,,,,,,,,,,,,,,,,,,,,,,,,,,,,,,,,,,,,,,,,,,,,,,,,,,,,,,,,,,,,,,,,,,,,,,,,,,,,,,,,,,,,,,,,,,,,,,,,,,,,,,,,,,,,,,,,,,,,,,,,,,,,,,,,,350.4,350.9,358.1,358.1,358.1,358.1,358.1,358.1,358.1,358.1,358.1,358.1,358.1,358.1,358.1,358.1,358.1,358.1,358.1,358.1,358.1,358.1,358.1,358.1,358.1,358.1,358.1,358.1,358.1,358.1,358.1,358.1,358.1,358.1,358.1,358.1,358.1,358.1,358.1,358.1,358.1,358.1,358.1,358.1,358.1,358.1,358.1,358.1,358.1,358.1,358.1,358.1,358.1,358.1,358.1,358.1,358.1,358.1
2021-11-01,,,,,,,,,,,,,,,,,,,,,,,,,,,,,,,,,,,,,,,,,,,,,,,,,,,,,,,,,,,,,,,,,,,,,,,,,,,,,,,,,,,,,,,,,,,,,,,,,,,,,,,,,,,,,,,,,,,,,,,,,,,,,,,,,,,,,,,,,,,,,,410.1,408.5,407.8,407.9,407.9,407.9,407.9,407.9,407.9,407.9,407.9,407.9,407.9,407.9,407.9,407.9,407.9,407.9,407.9,407.9,407.9,407.9,407.9,407.9,407.9,407.9,407.9,407.9,407.9,407.9,407.9,407.9,407.9,407.9,407.9,407.9,407.9,407.9,407.9,407.9,407.9,407.9,407.9,407.9,407.9,407.9,407.9,407.9,407.9,407.9,407.9,407.9,407.9,407.9,407.9,407.9,407.9
2021-12-01,,,,,,,,,,,,,,,,,,,,,,,,,,,,,,,,,,,,,,,,,,,,,,,,,,,,,,,,,,,,,,,,,,,,,,,,,,,,,,,,,,,,,,,,,,,,,,,,,,,,,,,,,,,,,,,,,,,,,,,,,,,,,,,,,,,,,,,,,,,,,,,354.8,355.6,361.1,361.1,361.1,361.1,361.1,361.1,361.1,361.1,361.1,361.1,361.1,361.1,361.1,361.1,361.1,361.1,361.1,361.1,361.1,361.1,361.1,361.1,361.1,361.1,361.1,361.1,361.1,361.1,361.1,361.1,361.1,361.1,361.1,361.1,361.1,361.1,361.1,361.1,361.1,361.1,361.1,361.1,361.1,361.1,361.1,361.1,361.1,361.1,361.1,361.1,361.1,361.1,361.1,361.1
2022-01-01,,,,,,,,,,,,,,,,,,,,,,,,,,,,,,,,,,,,,,,,,,,,,,,,,,,,,,,,,,,,,,,,,,,,,,,,,,,,,,,,,,,,,,,,,,,,,,,,,,,,,,,,,,,,,,,,,,,,,,,,,,,,,,,,,,,,,,,,,,,,,,,,383.2,384.0,384.0,383.9,383.9,383.9,383.9,383.9,383.9,383.9,383.9,383.9,383.9,383.9,383.9,383.9,383.9,383.9,383.9,383.9,383.9,383.9,383.9,383.9,383.9,383.9,383.9,383.9,383.9,383.9,383.9,383.9,383.9,383.9,383.9,383.9,383.9,383.9,383.9,383.9,383.9,383.9,383.9,383.9,383.9,383.9,383.9,383.9,383.9,383.9,383.9,383.9,383.9,383.9,383.9
2022-02-01,,,,,,,,,,,,,,,,,,,,,,,,,,,,,,,,,,,,,,,,,,,,,,,,,,,,,,,,,,,,,,,,,,,,,,,,,,,,,,,,,,,,,,,,,,,,,,,,,,,,,,,,,,,,,,,,,,,,,,,,,,,,,,,,,,,,,,,,,,,,,,,,,353.9,348.5,350.1,350.0,350.0,350.0,350.0,350.0,350.0,350.0,350.0,350.0,350.0,350.0,350.0,350.0,350.0,350.0,350.0,350.0,350.0,350.0,350.0,350.0,350.0,350.0,350.0,350.0,350.0,350.0,350.0,350.0,350.0,350.0,350.0,350.0,350.0,350.0,350.0,350.0,350.0,350.0,350.0,350.0,350.0,350.0,350.0,350.0,350.0,350.0,350.0,350.0,350.0,350.0
2022-03-01,,,,,,,,,,,,,,,,,,,,,,,,,,,,,,,,,,,,,,,,,,,,,,,,,,,,,,,,,,,,,,,,,,,,,,,,,,,,,,,,,,,,,,,,,,,,,,,,,,,,,,,,,,,,,,,,,,,,,,,,,,,,,,,,,,,,,,,,,,,,,,,,,,354.3,359.5,359.5,359.5,359.5,359.5,359.5,359.5,359.5,359.5,359.5,359.5,359.5,359.5,359.5,359.5,359.5,359.5,359.5,359.5,359.5,359.5,359.5,359.5,359.5,359.5,359.5,359.5,359.5,359.5,359.5,359.5,359.5,359.5,359.5,359.5,359.5,359.5,359.5,359.5,359.5,359.5,359.5,359.5,359.5,359.5,359.5,359.5,359.5,359.5,359.5,359.5,359.5
2022-04-01,,,,,,,,,,,,,,,,,,,,,,,,,,,,,,,,,,,,,,,,,,,,,,,,,,,,,,,,,,,,,,,,,,,,,,,,,,,,,,,,,,,,,,,,,,,,,,,,,,,,,,,,,,,,,,,,,,,,,,,,,,,,,,,,,,,,,,,,,,,,,,,,,,,342.8,342.8,342.8,350.3,350.3,350.3,350.3,350.3,350.3,350.3,350.3,350.3,350.3,350.3,350.3,350.3,350.3,350.3,350.3,350.3,350.3,350.3,350.3,350.3,350.3,350.3,350.3,350.3,350.3,350.3,350.3,350.3,350.3,350.3,350.3,350.3,350.3,350.3,350.3,350.3,350.3,350.3,350.3,350.3,350.3,350.3,350.3,350.3,350.3,350.3,350.3,350.3
2022-05-01,,,,,,,,,,,,,,,,,,,,,,,,,,,,,,,,,,,,,,,,,,,,,,,,,,,,,,,,,,,,,,,,,,,,,,,,,,,,,,,,,,,,,,,,,,,,,,,,,,,,,,,,,,,,,,,,,,,,,,,,,,,,,,,,,,,,,,,,,,,,,,,,,,,,356.4,356.6,364.8,364.8,364.8,364.8,364.8,364.8,364.8,364.8,364.8,364.8,364.8,364.8,364.8,364.8,364.8,364.8,364.8,364.8,364.8,364.8,364.8,364.8,364.8,364.8,364.8,364.8,364.8,364.8,364.8,364.8,364.8,364.8,364.8,364.8,364.8,364.8,364.8,364.8,364.8,364.8,364.8,364.8,364.8,364.8,364.8,364.8,364.8,364.8,364.8
2022-06-01,,,,,,,,,,,,,,,,,,,,,,,,,,,,,,,,,,,,,,,,,,,,,,,,,,,,,,,,,,,,,,,,,,,,,,,,,,,,,,,,,,,,,,,,,,,,,,,,,,,,,,,,,,,,,,,,,,,,,,,,,,,,,,,,,,,,,,,,,,,,,,,,,,,,,379.6,383.5,361.1,361.1,361.1,361.1,361.1,361.1,361.1,361.1,361.1,361.1,361.1,361.1,361.1,361.1,361.1,361.1,361.1,361.1,361.1,361.1,361.1,361.1,361.1,361.1,361.1,361.1,361.1,361.1,361.1,361.1,361.1,361.1,361.1,361.1,361.1,361.1,361.1,361.1,361.1,361.1,361.1,361.1,361.1,361.1,361.1,361.1,361.1,361.1
2022-07-01,,,,,,,,,,,,,,,,,,,,,,,,,,,,,,,,,,,,,,,,,,,,,,,,,,,,,,,,,,,,,,,,,,,,,,,,,,,,,,,,,,,,,,,,,,,,,,,,,,,,,,,,,,,,,,,,,,,,,,,,,,,,,,,,,,,,,,,,,,,,,,,,,,,,,,332.7,314.4,314.4,314.4,314.4,314.4,314.4,314.4,314.4,314.4,314.4,314.4,314.4,314.4,314.4,314.4,314.4,314.4,314.4,314.4,314.4,314.4,314.4,314.4,314.4,314.4,314.4,314.4,314.4,314.4,314.4,314.4,314.4,314.4,314.4,314.4,314.4,314.4,314.4,314.4,314.4,314.4,314.4,314.4,314.4,314.4,314.4,314.4,314.4
2022-08-01,,,,,,,,,,,,,,,,,,,,,,,,,,,,,,,,,,,,,,,,,,,,,,,,,,,,,,,,,,,,,,,,,,,,,,,,,,,,,,,,,,,,,,,,,,,,,,,,,,,,,,,,,,,,,,,,,,,,,,,,,,,,,,,,,,,,,,,,,,,,,,,,,,,,,,,327.1,325.1,325.4,325.3,325.3,325.3,325.3,325.3,325.3,325.3,325.3,325.3,325.3,325.3,325.3,325.3,325.3,325.3,325.3,325.3,325.3,325.3,325.3,325.3,325.3,325.3,325.3,325.3,325.3,325.3,325.3,325.3,325.3,325.3,325.3,325.3,325.3,325.3,325.3,325.3,325.3,325.3,325.3,325.3,325.3,325.3,325.3,325.3
2022-09-01,,,,,,,,,,,,,,,,,,,,,,,,,,,,,,,,,,,,,,,,,,,,,,,,,,,,,,,,,,,,,,,,,,,,,,,,,,,,,,,,,,,,,,,,,,,,,,,,,,,,,,,,,,,,,,,,,,,,,,,,,,,,,,,,,,,,,,,,,,,,,,,,,,,,,,,,323.4,321.5,321.5,321.5,321.5,321.5,321.5,321.5,321.5,321.5,321.5,321.5,321.5,321.5,321.5,321.5,321.5,321.5,321.5,321.5,321.5,321.5,321.5,321.5,321.5,321.5,321.5,321.5,321.5,321.5,321.5,321.5,321.5,321.5,321.5,321.5,321.5,321.5,321.5,321.5,321.5,321.5,321.5,321.5,321.5,321.5,321.5
2022-10-01,,,,,,,,,,,,,,,,,,,,,,,,,,,,,,,,,,,,,,,,,,,,,,,,,,,,,,,,,,,,,,,,,,,,,,,,,,,,,,,,,,,,,,,,,,,,,,,,,,,,,,,,,,,,,,,,,,,,,,,,,,,,,,,,,,,,,,,,,,,,,,,,,,,,,,,,,284.2,283.3,283.3,283.3,283.3,283.3,283.3,283.3,283.3,283.3,283.3,283.3,283.3,283.3,283.3,283.3,283.3,283.3,283.3,283.3,283.3,283.3,283.3,283.3,283.3,283.3,283.3,283.3,283.3,283.3,283.3,283.3,283.3,283.3,283.3,283.3,283.3,283.3,283.3,283.3,283.3,283.3,283.3,283.3,283.3,283.3
2022-11-01,,,,,,,,,,,,,,,,,,,,,,,,,,,,,,,,,,,,,,,,,,,,,,,,,,,,,,,,,,,,,,,,,,,,,,,,,,,,,,,,,,,,,,,,,,,,,,,,,,,,,,,,,,,,,,,,,,,,,,,,,,,,,,,,,,,,,,,,,,,,,,,,,,,,,,,,,,253.6,254.6,254.6,258.7,258.7,258.7,258.7,258.7,258.7,258.7,258.7,258.7,258.7,258.7,258.7,258.7,258.7,258.7,258.7,258.7,258.7,258.7,258.7,258.7,258.7,258.7,258.7,258.7,258.7,258.7,258.7,258.7,258.7,258.7,258.7,258.7,258.7,258.7,258.7,258.7,258.7,258.7,258.7,258.7,258.7
2022-12-01,,,,,,,,,,,,,,,,,,,,,,,,,,,,,,,,,,,,,,,,,,,,,,,,,,,,,,,,,,,,,,,,,,,,,,,,,,,,,,,,,,,,,,,,,,,,,,,,,,,,,,,,,,,,,,,,,,,,,,,,,,,,,,,,,,,,,,,,,,,,,,,,,,,,,,,,,,,282.8,282.3,284.9,284.9,284.9,284.9,284.9,284.9,284.9,284.9,284.9,284.9,284.9,284.9,284.9,284.9,284.9,284.9,284.9,284.9,284.9,284.9,284.9,284.9,284.9,284.9,284.9,284.9,284.9,284.9,284.9,284.9,284.9,284.9,284.9,284.9,284.9,284.9,284.9,284.9,284.9,284.9,284.9,284.9
2023-01-01,,,,,,,,,,,,,,,,,,,,,,,,,,,,,,,,,,,,,,,,,,,,,,,,,,,,,,,,,,,,,,,,,,,,,,,,,,,,,,,,,,,,,,,,,,,,,,,,,,,,,,,,,,,,,,,,,,,,,,,,,,,,,,,,,,,,,,,,,,,,,,,,,,,,,,,,,,,,250.6,251.3,251.3,251.2,251.2,251.2,251.2,251.2,251.2,251.2,251.2,251.2,251.2,251.2,251.2,251.2,251.2,251.2,251.2,251.2,251.2,251.2,251.2,251.2,251.2,251.2,251.2,251.2,251.2,251.2,251.2,251.2,251.2,251.2,251.2,251.2,251.2,251.2,251.2,251.2,251.2,251.2,251.2
2023-02-01,,,,,,,,,,,,,,,,,,,,,,,,,,,,,,,,,,,,,,,,,,,,,,,,,,,,,,,,,,,,,,,,,,,,,,,,,,,,,,,,,,,,,,,,,,,,,,,,,,,,,,,,,,,,,,,,,,,,,,,,,,,,,,,,,,,,,,,,,,,,,,,,,,,,,,,,,,,,,239.4,237.9,239.3,239.6,239.6,239.6,239.6,239.6,239.6,239.6,239.6,239.6,239.6,239.6,239.6,239.6,239.6,239.6,239.6,239.6,239.6,239.6,239.6,239.6,239.6,239.6,239.6,239.6,239.6,239.6,239.6,239.6,239.6,239.6,239.6,239.6,239.6,239.6,239.6,239.6,239.6,239.6
2023-03-01,,,,,,,,,,,,,,,,,,,,,,,,,,,,,,,,,,,,,,,,,,,,,,,,,,,,,,,,,,,,,,,,,,,,,,,,,,,,,,,,,,,,,,,,,,,,,,,,,,,,,,,,,,,,,,,,,,,,,,,,,,,,,,,,,,,,,,,,,,,,,,,,,,,,,,,,,,,,,,230.9,232.8,232.8,232.8,232.8,232.8,232.8,232.8,232.8,232.8,232.8,232.8,232.8,232.8,232.8,232.8,232.8,232.8,232.8,232.8,232.8,232.8,232.8,232.8,232.8,232.8,232.8,232.8,232.8,232.8,232.8,232.8,232.8,232.8,232.8,232.8,232.8,232.8,232.8,232.8,232.8
2023-04-01,,,,,,,,,,,,,,,,,,,,,,,,,,,,,,,,,,,,,,,,,,,,,,,,,,,,,,,,,,,,,,,,,,,,,,,,,,,,,,,,,,,,,,,,,,,,,,,,,,,,,,,,,,,,,,,,,,,,,,,,,,,,,,,,,,,,,,,,,,,,,,,,,,,,,,,,,,,,,,,240.1,238.1,239.4,239.4,239.4,239.4,239.4,239.4,239.4,239.4,239.4,239.4,239.4,239.4,239.4,239.4,239.4,239.4,239.4,239.4,239.4,239.4,239.4,239.4,239.4,239.4,239.4,239.4,239.4,239.4,239.4,239.4,239.4,239.4,239.4,239.4,239.4,239.4,239.4,239.4
2023-05-01,,,,,,,,,,,,,,,,,,,,,,,,,,,,,,,,,,,,,,,,,,,,,,,,,,,,,,,,,,,,,,,,,,,,,,,,,,,,,,,,,,,,,,,,,,,,,,,,,,,,,,,,,,,,,,,,,,,,,,,,,,,,,,,,,,,,,,,,,,,,,,,,,,,,,,,,,,,,,,,,227.4,229.9,227.0,227.0,227.0,227.0,227.0,227.0,227.0,227.0,227.0,227.0,227.0,227.0,227.0,227.0,227.0,227.0,227.0,227.0,227.0,227.0,227.0,227.0,227.0,227.0,227.0,227.0,227.0,227.0,227.0,227.0,227.0,227.0,227.0,227.0,227.0,227.0,227.0
2023-06-01,,,,,,,,,,,,,,,,,,,,,,,,,,,,,,,,,,,,,,,,,,,,,,,,,,,,,,,,,,,,,,,,,,,,,,,,,,,,,,,,,,,,,,,,,,,,,,,,,,,,,,,,,,,,,,,,,,,,,,,,,,,,,,,,,,,,,,,,,,,,,,,,,,,,,,,,,,,,,,,,,239.0,240.9,241.1,240.1,240.1,240.1,240.1,240.1,240.1,240.1,240.1,240.1,240.1,240.1,240.1,240.1,240.1,240.1,240.1,240.1,240.1,240.1,240.1,240.1,240.1,240.1,240.1,240.1,240.1,240.1,240.1,240.1,240.1,240.1,240.1,240.1,240.1,240.1
2023-07-01,,,,,,,,,,,,,,,,,,,,,,,,,,,,,,,,,,,,,,,,,,,,,,,,,,,,,,,,,,,,,,,,,,,,,,,,,,,,,,,,,,,,,,,,,,,,,,,,,,,,,,,,,,,,,,,,,,,,,,,,,,,,,,,,,,,,,,,,,,,,,,,,,,,,,,,,,,,,,,,,,,244.1,239.2,240.3,242.1,242.1,242.1,242.1,242.1,242.1,242.1,242.1,242.1,242.1,242.1,242.1,242.1,242.1,242.1,242.1,242.1,242.1,242.1,242.1,242.1,242.1,242.1,242.1,242.1,242.1,242.1,242.1,242.1,242.1,242.1,242.1,242.1,242.1
2023-08-01,,,,,,,,,,,,,,,,,,,,,,,,,,,,,,,,,,,,,,,,,,,,,,,,,,,,,,,,,,,,,,,,,,,,,,,,,,,,,,,,,,,,,,,,,,,,,,,,,,,,,,,,,,,,,,,,,,,,,,,,,,,,,,,,,,,,,,,,,,,,,,,,,,,,,,,,,,,,,,,,,,,210.9,206.9,222.0,222.0,222.0,222.0,222.0,222.0,222.0,222.0,222.0,222.0,222.0,222.0,222.0,222.0,222.0,222.0,222.0,222.0,222.0,222.0,222.0,222.0,222.0,222.0,222.0,222.0,222.0,222.0,222.0,222.0,222.0,222.0,222.0,222.0
2023-09-01,,,,,,,,,,,,,,,,,,,,,,,,,,,,,,,,,,,,,,,,,,,,,,,,,,,,,,,,,,,,,,,,,,,,,,,,,,,,,,,,,,,,,,,,,,,,,,,,,,,,,,,,,,,,,,,,,,,,,,,,,,,,,,,,,,,,,,,,,,,,,,,,,,,,,,,,,,,,,,,,,,,,215.9,231.1,231.1,231.1,231.1,231.1,231.1,231.1,231.1,231.1,231.1,231.1,231.1,231.1,231.1,231.1,231.1,231.1,231.1,231.1,231.1,231.1,231.1,231.1,231.1,231.1,231.1,231.1,231.1,231.1,231.1,231.1,231.1,231.1,231.1
2023-10-01,,,,,,,,,,,,,,,,,,,,,,,,,,,,,,,,,,,,,,,,,,,,,,,,,,,,,,,,,,,,,,,,,,,,,,,,,,,,,,,,,,,,,,,,,,,,,,,,,,,,,,,,,,,,,,,,,,,,,,,,,,,,,,,,,,,,,,,,,,,,,,,,,,,,,,,,,,,,,,,,,,,,,231.3,229.6,229.6,229.6,229.6,229.6,229.6,229.6,229.6,229.6,229.6,229.6,229.6,229.6,229.6,229.6,229.6,229.6,229.6,229.6,229.6,229.6,229.6,229.6,229.6,229.6,229.6,229.6,229.6,229.6,229.6,229.6,229.6,229.6
2023-11-01,,,,,,,,,,,,,,,,,,,,,,,,,,,,,,,,,,,,,,,,,,,,,,,,,,,,,,,,,,,,,,,,,,,,,,,,,,,,,,,,,,,,,,,,,,,,,,,,,,,,,,,,,,,,,,,,,,,,,,,,,,,,,,,,,,,,,,,,,,,,,,,,,,,,,,,,,,,,,,,,,,,,,,236.3,239.9,238.5,239.3,239.3,239.3,239.3,239.3,239.3,239.3,239.3,239.3,239.3,239.3,239.3,239.3,239.3,239.3,239.3,239.3,239.3,239.3,239.3,239.3,239.3,239.3,239.3,239.3,239.3,239.3,239.3,239.3,239.3
2023-12-01,,,,,,,,,,,,,,,,,,,,,,,,,,,,,,,,,,,,,,,,,,,,,,,,,,,,,,,,,,,,,,,,,,,,,,,,,,,,,,,,,,,,,,,,,,,,,,,,,,,,,,,,,,,,,,,,,,,,,,,,,,,,,,,,,,,,,,,,,,,,,,,,,,,,,,,,,,,,,,,,,,,,,,,271.7,270.2,268.0,268.0,268.0,268.0,268.0,268.0,268.0,268.0,268.0,268.0,268.0,268.0,268.0,268.0,268.0,268.0,268.0,268.0,268.0,268.0,268.0,268.0,268.0,268.0,268.0,268.0,268.0,268.0,268.0,268.0
2024-01-01,,,,,,,,,,,,,,,,,,,,,,,,,,,,,,,,,,,,,,,,,,,,,,,,,,,,,,,,,,,,,,,,,,,,,,,,,,,,,,,,,,,,,,,,,,,,,,,,,,,,,,,,,,,,,,,,,,,,,,,,,,,,,,,,,,,,,,,,,,,,,,,,,,,,,,,,,,,,,,,,,,,,,,,,237.5,228.4,227.3,226.8,226.8,226.8,226.8,226.8,226.8,226.8,226.8,226.8,226.8,226.8,226.8,226.8,226.8,226.8,226.8,226.8,226.8,226.8,226.8,226.8,226.8,226.8,226.8,226.8,226.8,226.8,226.8
2024-02-01,,,,,,,,,,,,,,,,,,,,,,,,,,,,,,,,,,,,,,,,,,,,,,,,,,,,,,,,,,,,,,,,,,,,,,,,,,,,,,,,,,,,,,,,,,,,,,,,,,,,,,,,,,,,,,,,,,,,,,,,,,,,,,,,,,,,,,,,,,,,,,,,,,,,,,,,,,,,,,,,,,,,,,,,,225.5,216.6,218.8,219.0,219.0,219.0,219.0,219.0,219.0,219.0,219.0,219.0,219.0,219.0,219.0,219.0,219.0,219.0,219.0,219.0,219.0,219.0,219.0,219.0,219.0,219.0,219.0,219.0,219.0,219.0
2024-03-01,,,,,,,,,,,,,,,,,,,,,,,,,,,,,,,,,,,,,,,,,,,,,,,,,,,,,,,,,,,,,,,,,,,,,,,,,,,,,,,,,,,,,,,,,,,,,,,,,,,,,,,,,,,,,,,,,,,,,,,,,,,,,,,,,,,,,,,,,,,,,,,,,,,,,,,,,,,,,,,,,,,,,,,,,,213.1,222.1,222.4,220.2,220.2,220.2,220.2,220.2,220.2,220.2,220.2,220.2,220.2,220.2,220.2,220.2,220.2,220.2,220.2,220.2,220.2,220.2,220.2,220.2,220.2,220.2,220.2,220.2,220.2
2024-04-01,,,,,,,,,,,,,,,,,,,,,,,,,,,,,,,,,,,,,,,,,,,,,,,,,,,,,,,,,,,,,,,,,,,,,,,,,,,,,,,,,,,,,,,,,,,,,,,,,,,,,,,,,,,,,,,,,,,,,,,,,,,,,,,,,,,,,,,,,,,,,,,,,,,,,,,,,,,,,,,,,,,,,,,,,,,232.8,234.4,232.6,232.6,232.6,232.6,232.6,232.6,232.6,232.6,232.6,232.6,232.6,232.6,232.6,232.6,232.6,232.6,232.6,232.6,232.6,232.6,232.6,232.6,232.6,232.6,232.6,232.6
2024-05-01,,,,,,,,,,,,,,,,,,,,,,,,,,,,,,,,,,,,,,,,,,,,,,,,,,,,,,,,,,,,,,,,,,,,,,,,,,,,,,,,,,,,,,,,,,,,,,,,,,,,,,,,,,,,,,,,,,,,,,,,,,,,,,,,,,,,,,,,,,,,,,,,,,,,,,,,,,,,,,,,,,,,,,,,,,,,230.3,231.0,231.0,231.0,231.0,231.0,231.0,231.0,231.0,231.0,231.0,231.0,231.0,231.0,231.0,231.0,231.0,231.0,231.0,231.0,231.0,231.0,231.0,231.0,231.0,231.0,231.0
2024-06-01,,,,,,,,,,,,,,,,,,,,,,,,,,,,,,,,,,,,,,,,,,,,,,,,,,,,,,,,,,,,,,,,,,,,,,,,,,,,,,,,,,,,,,,,,,,,,,,,,,,,,,,,,,,,,,,,,,,,,,,,,,,,,,,,,,,,,,,,,,,,,,,,,,,,,,,,,,,,,,,,,,,,,,,,,,,,,235.7,232.6,232.6,232.6,232.6,232.6,232.6,232.6,232.6,232.6,232.6,232.6,232.6,232.6,232.6,232.6,232.6,232.6,232.6,232.6,232.6,232.6,232.6,232.6,232.6,232.6
2024-07-01,,,,,,,,,,,,,,,,,,,,,,,,,,,,,,,,,,,,,,,,,,,,,,,,,,,,,,,,,,,,,,,,,,,,,,,,,,,,,,,,,,,,,,,,,,,,,,,,,,,,,,,,,,,,,,,,,,,,,,,,,,,,,,,,,,,,,,,,,,,,,,,,,,,,,,,,,,,,,,,,,,,,,,,,,,,,,,260.4,264.3,260.9,260.9,260.9,260.9,260.9,260.9,260.9,260.9,260.9,260.9,260.9,260.9,260.9,260.9,260.9,260.9,260.9,260.9,260.9,260.9,260.9,260.9,260.9
2024-08-01,,,,,,,,,,,,,,,,,,,,,,,,,,,,,,,,,,,,,,,,,,,,,,,,,,,,,,,,,,,,,,,,,,,,,,,,,,,,,,,,,,,,,,,,,,,,,,,,,,,,,,,,,,,,,,,,,,,,,,,,,,,,,,,,,,,,,,,,,,,,,,,,,,,,,,,,,,,,,,,,,,,,,,,,,,,,,,,271.0,266.9,266.9,266.8,266.8,266.8,266.8,266.8,266.8,266.8,266.8,266.8,266.8,266.8,266.8,266.8,266.8,266.8,266.8,266.8,266.8,266.8,266.8,266.8
2024-09-01,,,,,,,,,,,,,,,,,,,,,,,,,,,,,,,,,,,,,,,,,,,,,,,,,,,,,,,,,,,,,,,,,,,,,,,,,,,,,,,,,,,,,,,,,,,,,,,,,,,,,,,,,,,,,,,,,,,,,,,,,,,,,,,,,,,,,,,,,,,,,,,,,,,,,,,,,,,,,,,,,,,,,,,,,,,,,,,,279.7,284.4,284.4,283.5,283.5,283.5,283.5,283.5,283.5,283.5,283.5,283.5,283.5,283.5,283.5,283.5,283.5,283.5,283.5,283.5,283.5,283.5,283.5
2024-10-01,,,,,,,,,,,,,,,,,,,,,,,,,,,,,,,,,,,,,,,,,,,,,,,,,,,,,,,,,,,,,,,,,,,,,,,,,,,,,,,,,,,,,,,,,,,,,,,,,,,,,,,,,,,,,,,,,,,,,,,,,,,,,,,,,,,,,,,,,,,,,,,,,,,,,,,,,,,,,,,,,,,,,,,,,,,,,,,,,270.8,270.6,271.8,271.8,271.8,271.8,271.8,271.8,271.8,271.8,271.8,271.8,271.8,271.8,271.8,271.8,271.8,271.8,271.8,271.8,271.8,271.8
2024-11-01,,,,,,,,,,,,,,,,,,,,,,,,,,,,,,,,,,,,,,,,,,,,,,,,,,,,,,,,,,,,,,,,,,,,,,,,,,,,,,,,,,,,,,,,,,,,,,,,,,,,,,,,,,,,,,,,,,,,,,,,,,,,,,,,,,,,,,,,,,,,,,,,,,,,,,,,,,,,,,,,,,,,,,,,,,,,,,,,,,283.9,275.5,275.9,275.8,275.8,275.8,275.8,275.8,275.8,275.8,275.8,275.8,275.8,275.8,275.8,275.8,275.8,275.8,275.8,275.8,275.8
2024-12-01,,,,,,,,,,,,,,,,,,,,,,,,,,,,,,,,,,,,,,,,,,,,,,,,,,,,,,,,,,,,,,,,,,,,,,,,,,,,,,,,,,,,,,,,,,,,,,,,,,,,,,,,,,,,,,,,,,,,,,,,,,,,,,,,,,,,,,,,,,,,,,,,,,,,,,,,,,,,,,,,,,,,,,,,,,,,,,,,,,,273.4,273.4,273.4,273.3,273.3,273.3,273.3,273.3,273.3,273.3,273.3,273.3,273.3,273.3,273.3,273.3,273.3,273.3,273.3,273.3
2025-01-01,,,,,,,,,,,,,,,,,,,,,,,,,,,,,,,,,,,,,,,,,,,,,,,,,,,,,,,,,,,,,,,,,,,,,,,,,,,,,,,,,,,,,,,,,,,,,,,,,,,,,,,,,,,,,,,,,,,,,,,,,,,,,,,,,,,,,,,,,,,,,,,,,,,,,,,,,,,,,,,,,,,,,,,,,,,,,,,,,,,,266.4,263.3,264.7,266.1,266.1,266.1,266.1,266.1,266.1,266.1,266.1,266.1,266.1,266.1,266.1,266.1,266.1,266.1,266.1
2025-02-01,,,,,,,,,,,,,,,,,,,,,,,,,,,,,,,,,,,,,,,,,,,,,,,,,,,,,,,,,,,,,,,,,,,,,,,,,,,,,,,,,,,,,,,,,,,,,,,,,,,,,,,,,,,,,,,,,,,,,,,,,,,,,,,,,,,,,,,,,,,,,,,,,,,,,,,,,,,,,,,,,,,,,,,,,,,,,,,,,,,,,233.5,228.9,230.7,230.7,230.7,230.7,230.7,230.7,230.7,230.7,230.7,230.7,230.7,230.7,230.7,230.7,230.7,230.7
2025-03-01,,,,,,,,,,,,,,,,,,,,,,,,,,,,,,,,,,,,,,,,,,,,,,,,,,,,,,,,,,,,,,,,,,,,,,,,,,,,,,,,,,,,,,,,,,,,,,,,,,,,,,,,,,,,,,,,,,,,,,,,,,,,,,,,,,,,,,,,,,,,,,,,,,,,,,,,,,,,,,,,,,,,,,,,,,,,,,,,,,,,,,232.4,230.7,230.7,230.7,230.7,230.7,230.7,230.7,230.7,230.7,230.7,230.7,230.7,230.7,230.7,230.7,230.7
2025-04-01,,,,,,,,,,,,,,,,,,,,,,,,,,,,,,,,,,,,,,,,,,,,,,,,,,,,,,,,,,,,,,,,,,,,,,,,,,,,,,,,,,,,,,,,,,,,,,,,,,,,,,,,,,,,,,,,,,,,,,,,,,,,,,,,,,,,,,,,,,,,,,,,,,,,,,,,,,,,,,,,,,,,,,,,,,,,,,,,,,,,,,,236.4,242.1,242.1,246.0,246.0,246.0,246.0,246.0,246.0,246.0,246.0,246.0,246.0,246.0,246.0,246.0
2025-05-01,,,,,,,,,,,,,,,,,,,,,,,,,,,,,,,,,,,,,,,,,,,,,,,,,,,,,,,,,,,,,,,,,,,,,,,,,,,,,,,,,,,,,,,,,,,,,,,,,,,,,,,,,,,,,,,,,,,,,,,,,,,,,,,,,,,,,,,,,,,,,,,,,,,,,,,,,,,,,,,,,,,,,,,,,,,,,,,,,,,,,,,,234.9,232.2,236.2,236.2,236.2,236.2,236.2,236.2,236.2,236.2,236.2,236.2,236.2,236.2,236.2
2025-06-01,,,,,,,,,,,,,,,,,,,,,,,,,,,,,,,,,,,,,,,,,,,,,,,,,,,,,,,,,,,,,,,,,,,,,,,,,,,,,,,,,,,,,,,,,,,,,,,,,,,,,,,,,,,,,,,,,,,,,,,,,,,,,,,,,,,,,,,,,,,,,,,,,,,,,,,,,,,,,,,,,,,,,,,,,,,,,,,,,,,,,,,,,241.1,239.6,239.6,230.1,230.1,230.1,230.1,230.1,230.1,230.1,230.1,230.1,230.1,230.1
2025-07-01,,,,,,,,,,,,,,,,,,,,,,,,,,,,,,,,,,,,,,,,,,,,,,,,,,,,,,,,,,,,,,,,,,,,,,,,,,,,,,,,,,,,,,,,,,,,,,,,,,,,,,,,,,,,,,,,,,,,,,,,,,,,,,,,,,,,,,,,,,,,,,,,,,,,,,,,,,,,,,,,,,,,,,,,,,,,,,,,,,,,,,,,,,247.1,250.8,245.4,245.4,245.4,245.4,245.4,245.4,245.4,245.4,245.4,245.4,245.4
2025-08-01,,,,,,,,,,,,,,,,,,,,,,,,,,,,,,,,,,,,,,,,,,,,,,,,,,,,,,,,,,,,,,,,,,,,,,,,,,,,,,,,,,,,,,,,,,,,,,,,,,,,,,,,,,,,,,,,,,,,,,,,,,,,,,,,,,,,,,,,,,,,,,,,,,,,,,,,,,,,,,,,,,,,,,,,,,,,,,,,,,,,,,,,,,,249.5,242.8,244.2,244.2,244.2,244.2,244.2,244.2,244.2,244.2,244.2,244.2
2025-09-01,,,,,,,,,,,,,,,,,,,,,,,,,,,,,,,,,,,,,,,,,,,,,,,,,,,,,,,,,,,,,,,,,,,,,,,,,,,,,,,,,,,,,,,,,,,,,,,,,,,,,,,,,,,,,,,,,,,,,,,,,,,,,,,,,,,,,,,,,,,,,,,,,,,,,,,,,,,,,,,,,,,,,,,,,,,,,,,,,,,,,,,,,,,,247.0,247.9,247.9,247.9,247.9,247.9,247.9,247.9,247.9,247.9,247.9
2025-10-01,,,,,,,,,,,,,,,,,,,,,,,,,,,,,,,,,,,,,,,,,,,,,,,,,,,,,,,,,,,,,,,,,,,,,,,,,,,,,,,,,,,,,,,,,,,,,,,,,,,,,,,,,,,,,,,,,,,,,,,,,,,,,,,,,,,,,,,,,,,,,,,,,,,,,,,,,,,,,,,,,,,,,,,,,,,,,,,,,,,,,,,,,,,,,,,,,,,,,,
2025-11-01,,,,,,,,,,,,,,,,,,,,,,,,,,,,,,,,,,,,,,,,,,,,,,,,,,,,,,,,,,,,,,,,,,,,,,,,,,,,,,,,,,,,,,,,,,,,,,,,,,,,,,,,,,,,,,,,,,,,,,,,,,,,,,,,,,,,,,,,,,,,,,,,,,,,,,,,,,,,,,,,,,,,,,,,,,,,,,,,,,,,,,,,,,,,,265.0,265.0,261.7,261.7,261.7,261.7,261.7,261.7,261.7,261.7
2025-12-01,,,,,,,,,,,,,,,,,,,,,,,,,,,,,,,,,,,,,,,,,,,,,,,,,,,,,,,,,,,,,,,,,,,,,,,,,,,,,,,,,,,,,,,,,,,,,,,,,,,,,,,,,,,,,,,,,,,,,,,,,,,,,,,,,,,,,,,,,,,,,,,,,,,,,,,,,,,,,,,,,,,,,,,,,,,,,,,,,,,,,,,,,,,,,,,271.4,271.4,271.4,271.4,271.4,271.4,271.4,271.4
2026-01-01,,,,,,,,,,,,,,,,,,,,,,,,,,,,,,,,,,,,,,,,,,,,,,,,,,,,,,,,,,,,,,,,,,,,,,,,,,,,,,,,,,,,,,,,,,,,,,,,,,,,,,,,,,,,,,,,,,,,,,,,,,,,,,,,,,,,,,,,,,,,,,,,,,,,,,,,,,,,,,,,,,,,,,,,,,,,,,,,,,,,,,,,,,,,,,,260.4,262.6,262.6,259.1,259.1,259.1,259.1,259.1
2026-02-01,,,,,,,,,,,,,,,,,,,,,,,,,,,,,,,,,,,,,,,,,,,,,,,,,,,,,,,,,,,,,,,,,,,,,,,,,,,,,,,,,,,,,,,,,,,,,,,,,,,,,,,,,,,,,,,,,,,,,,,,,,,,,,,,,,,,,,,,,,,,,,,,,,,,,,,,,,,,,,,,,,,,,,,,,,,,,,,,,,,,,,,,,,,,,,,,260.7,255.0,256.0,255.9,255.9,255.9,255.9
2026-03-01,,,,,,,,,,,,,,,,,,,,,,,,,,,,,,,,,,,,,,,,,,,,,,,,,,,,,,,,,,,,,,,,,,,,,,,,,,,,,,,,,,,,,,,,,,,,,,,,,,,,,,,,,,,,,,,,,,,,,,,,,,,,,,,,,,,,,,,,,,,,,,,,,,,,,,,,,,,,,,,,,,,,,,,,,,,,,,,,,,,,,,,,,,,,,,,,,249.9,251.6,251.6,251.6,251.6,251.6
2026-04-01,,,,,,,,,,,,,,,,,,,,,,,,,,,,,,,,,,,,,,,,,,,,,,,,,,,,,,,,,,,,,,,,,,,,,,,,,,,,,,,,,,,,,,,,,,,,,,,,,,,,,,,,,,,,,,,,,,,,,,,,,,,,,,,,,,,,,,,,,,,,,,,,,,,,,,,,,,,,,,,,,,,,,,,,,,,,,,,,,,,,,,,,,,,,,,,,,,253.8,253.8,253.8,257.0,257.0
2026-05-01,,,,,,,,,,,,,,,,,,,,,,,,,,,,,,,,,,,,,,,,,,,,,,,,,,,,,,,,,,,,,,,,,,,,,,,,,,,,,,,,,,,,,,,,,,,,,,,,,,,,,,,,,,,,,,,,,,,,,,,,,,,,,,,,,,,,,,,,,,,,,,,,,,,,,,,,,,,,,,,,,,,,,,,,,,,,,,,,,,,,,,,,,,,,,,,,,,,301.4,302.2,305.5,305.5
2026-06-01,,,,,,,,,,,,,,,,,,,,,,,,,,,,,,,,,,,,,,,,,,,,,,,,,,,,,,,,,,,,,,,,,,,,,,,,,,,,,,,,,,,,,,,,,,,,,,,,,,,,,,,,,,,,,,,,,,,,,,,,,,,,,,,,,,,,,,,,,,,,,,,,,,,,,,,,,,,,,,,,,,,,,,,,,,,,,,,,,,,,,,,,,,,,,,,,,,,,307.8,309.8,309.8
2026-07-01,,,,,,,,,,,,,,,,,,,,,,,,,,,,,,,,,,,,,,,,,,,,,,,,,,,,,,,,,,,,,,,,,,,,,,,,,,,,,,,,,,,,,,,,,,,,,,,,,,,,,,,,,,,,,,,,,,,,,,,,,,,,,,,,,,,,,,,,,,,,,,,,,,,,,,,,,,,,,,,,,,,,,,,,,,,,,,,,,,,,,,,,,,,,,,,,,,,,,302.9,304.6
2026-08-01,,,,,,,,,,,,,,,,,,,,,,,,,,,,,,,,,,,,,,,,,,,,,,,,,,,,,,,,,,,,,,,,,,,,,,,,,,,,,,,,,,,,,,,,,,,,,,,,,,,,,,,,,,,,,,,,,,,,,,,,,,,,,,,,,,,,,,,,,,,,,,,,,,,,,,,,,,,,,,,,,,,,,,,,,,,,,,,,,,,,,,,,,,,,,,,,,,,,,,310.2
