observation_date,IC1312_20100316,IC1312_20100413,IC1312_20100513,IC1312_20100615,IC1312_20100714,IC1312_20100812,IC1312_20100915,IC1312_20101013,IC1312_20101110,IC1312_20101210,IC1312_20110112,IC1312_20110215,IC1312_20110315,IC1312_20110412,IC1312_20110510,IC1312_20110610,IC1312_20110713,IC1312_20110816,IC1312_20110913,IC1312_20111014,IC1312_20111110,IC1312_20111214,IC1312_20120113,IC1312_20120214,IC1312_20120314,IC1312_20120411,IC1312_20120510,IC1312_20120612,IC1312_20120712,IC1312_20120810,IC1312_20120912,IC1312_20121011,IC1312_20121109,IC1312_20121212,IC1312_20130111,IC1312_20130213,IC1312_20130313,IC1312_20130411,IC1312_20130514,IC1312_20130613,IC1312_20130711,IC1312_20130813,IC1312_20130912,IC1312_20131023,IC1312_20131115,IC1312_20131212,IC1312_20140114,IC1312_20140214,IC1312_20140313,IC1312_20140410,IC1312_20140513,IC1312_20140612,IC1312_20140715,IC1312_20140814,IC1312_20140912,IC1312_20141010,IC1312_20141114,IC1312_20141211,IC1312_20150114,IC1312_20150213,IC1312_20150312,IC1312_20150410,IC1312_20150513,IC1312_20150611,IC1312_20150714,IC1312_20150813,IC1312_20150910,IC1312_20151009,IC1312_20151110,IC1312_20151210,IC1312_20160114,IC1312_20160212,IC1312_20160311,IC1312_20160412,IC1312_20160512,IC1312_20160614,IC1312_20160713,IC1312_20160811,IC1312_20160914,IC1312_20161013,IC1312_20161115,IC1312_20161213,IC1312_20170112,IC1312_20170210,IC1312_20170309,IC1312_20170412,IC1312_20170510,IC1312_20170615,IC1312_20170718,IC1312_20170815,IC1312_20170919,IC1312_20171017,IC1312_20171116,IC1312_20171214,IC1312_20180110,IC1312_20180216,IC1312_20180315,IC1312_20180412,IC1312_20180511,IC1312_20180614,IC1312_20180713,IC1312_20180814,IC1312_20180914,IC1312_20181012,IC1312_20181115,IC1312_20181213,IC1312_20190116,IC1312_20190215,IC1312_20190314,IC1312_20190412,IC1312_20190514,IC1312_20190613,IC1312_20190716,IC1312_20190814,IC1312_20190913,IC1312_20191011,IC1312_20191115,IC1312_20191213,IC1312_20200116,IC1312_20200214,IC1312_20200313,IC1312_20200414,IC1312_20200514,IC1312_20200612,IC1312_20200715,IC1312_20200813,IC1312_20200915,IC1312_20201015,IC1312_20201117,IC1312_20201215,IC1312_20210114,IC1312_20210218,IC1312_20210316,IC1312_20210414,IC1312_20210514,IC1312_20210616,IC1312_20210715,IC1312_20210813,IC1312_20210915,IC1312_20211015,IC1312_20211116,IC1312_20211215,IC1312_20220114,IC1312_20220216,IC1312_20220316,IC1312_20220414,IC1312_20220513,IC1312_20220615,IC1312_20220715,IC1312_20220812,IC1312_20220915,IC1312_20221014,IC1312_20221116,IC1312_20221214,IC1312_20230113,IC1312_20230217,IC1312_20230316,IC1312_20230414,IC1312_20230512,IC1312_20230615,IC1312_20230714,IC1312_20230815,IC1312_20230915,IC1312_20231013,IC1312_20231116,IC1312_20231214,IC1312_20240117,IC1312_20240215,IC1312_20240315,IC1312_20240412,IC1312_20240516,IC1312_20240614,IC1312_20240716,IC1312_20240815,IC1312_20240913,IC1312_20241016,IC1312_20241115,IC1312_20241213,IC1312_20250116,IC1312_20250214,IC1312_20250318,IC1312_20250415,IC1312_20250516,IC1312_20250617,IC1312_20250717,IC1312_20250815,IC1312_20250916,IC1312_20251203,IC1312_20260115,IC1312_20260210,IC1312_20260305,IC1312_20260325,IC1312_20260415,IC1312_20260514,IC1312_20260616,IC1312_20260717,IC1312_20260818,IC1312_20260916
1990-09-01,87.9,87.9,87.9,87.9,87.9,87.9,87.9,87.9,87.9,87.9,87.9,87.9,87.9,87.9,87.9,87.9,87.9,87.9,87.9,87.9,87.9,87.9,87.9,87.9,87.9,87.9,87.9,87.9,87.9,87.9,87.9,87.9,87.9,87.9,87.9,87.9,87.9,87.9,87.9,87.9,87.9,87.9,87.9,87.9,87.9,87.9,87.9,87.9,87.9,87.9,87.9,87.9,87.9,87.9,87.9,87.9,87.9,87.9,87.9,87.9,87.9,87.9,87.9,87.9,87.9,87.9,87.9,87.9,87.9,87.9,87.9,87.9,87.9,87.9,87.9,87.9,87.9,87.9,87.9,87.9,87.9,87.9,87.9,87.9,87.9,87.9,87.9,87.9,87.9,87.9,87.9,87.9,87.9,87.9,87.9,87.9,87.9,87.9,87.9,87.9,87.9,87.9,87.9,87.9,87.9,87.9,87.9,87.9,87.9,87.9,87.9,87.9,87.9,87.9,87.9,87.9,87.9,87.9,87.9,87.9,87.9,87.9,87.9,87.9,87.9,87.9,87.9,87.9,87.9,87.9,87.9,87.9,87.9,87.9,87.9,87.9,87.9,87.9,87.9,87.9,87.9,87.9,87.9,87.9,87.9,87.9,87.9,87.9,87.9,87.9,87.9,87.9,87.9,87.9,87.9,87.9,87.9,87.9,87.9,87.9,87.9,87.9,87.9,87.9,87.9,87.9,87.9,87.9,87.9,87.9,87.9,87.9,87.9,87.9,87.9,87.9,87.9,87.9,87.9,87.9,87.9,87.9,87.9,87.9,87.9,87.9,87.9,87.9,87.9,87.9,87.9,87.9,87.9,87.9,87.9,87.9,87.9,87.9
1990-10-01,,,,,,,,,,,,,,,,,,,,,,,,,,,,,,,,,,,,,,,,,,,,,,,,,,,,,,,,,,,,,,,,,,,,,,,,,,,,,,,,,,,,,,,,,,,,,,,,,,,,,,,,,,,,,,,,,,,,,,,,,,,,,,,,,,,,,,,,,,,,,,,,,,,,,,,,,,,,,,,,,,,,,,,,,,,,,,,,,,,,,,,,,,,,,,,,,,,,,,
1990-11-01,,,,,,,,,,,,,,,,,,,,,,,,,,,,,,,,,,,,,,,,,,,,,,,,,,,,,,,,,,,,,,,,,,,,,,,,,,,,,,,,,,,,,,,,,,,,,,,,,,,,,,,,,,,,,,,,,,,,,,,,,,,,,,,,,,,,,,,,,,,,,,,,,,,,,,,,,,,,,,,,,,,,,,,,,,,,,,,,,,,,,,,,,,,,,,,,,,,,,,
1990-12-01,93.1,93.1,93.1,93.1,93.1,93.1,93.1,93.1,93.1,93.1,93.1,93.1,93.1,93.1,93.1,93.1,93.1,93.1,93.1,93.1,93.1,93.1,93.1,93.1,93.1,93.1,93.1,93.1,93.1,93.1,93.1,93.1,93.1,93.1,93.1,93.1,93.1,93.1,93.1,93.1,93.1,93.1,93.1,93.1,93.1,93.1,93.1,93.1,93.1,93.1,93.1,93.1,93.1,93.1,93.1,93.1,93.1,93.1,93.1,93.1,93.1,93.1,93.1,93.1,93.1,93.1,93.1,93.1,93.1,93.1,93.1,93.1,93.1,93.1,93.1,93.1,93.1,93.1,93.1,93.1,93.1,93.1,93.1,93.1,93.1,93.1,93.1,93.1,93.1,93.1,93.1,93.1,93.1,93.1,93.1,93.1,93.1,93.1,93.1,93.1,93.1,93.1,93.1,93.1,93.1,93.1,93.1,93.1,93.1,93.1,93.1,93.1,93.1,93.1,93.1,93.1,93.1,93.1,93.1,93.1,93.1,93.1,93.1,93.1,93.1,93.1,93.1,93.1,93.1,93.1,93.1,93.1,93.1,93.1,93.1,93.1,93.1,93.1,93.1,93.1,93.1,93.1,93.1,93.1,93.1,93.1,93.1,93.1,93.1,93.1,93.1,93.1,93.1,93.1,93.1,93.1,93.1,93.1,93.1,93.1,93.1,93.1,93.1,93.1,93.1,93.1,93.1,93.1,93.1,93.1,93.1,93.1,93.1,93.1,93.1,93.1,93.1,93.1,93.1,93.1,93.1,93.1,93.1,93.1,93.1,93.1,93.1,93.1,93.1,93.1,93.1,93.1,93.1,93.1,93.1,93.1,93.1,93.1
1991-01-01,,,,,,,,,,,,,,,,,,,,,,,,,,,,,,,,,,,,,,,,,,,,,,,,,,,,,,,,,,,,,,,,,,,,,,,,,,,,,,,,,,,,,,,,,,,,,,,,,,,,,,,,,,,,,,,,,,,,,,,,,,,,,,,,,,,,,,,,,,,,,,,,,,,,,,,,,,,,,,,,,,,,,,,,,,,,,,,,,,,,,,,,,,,,,,,,,,,,,,
1991-02-01,,,,,,,,,,,,,,,,,,,,,,,,,,,,,,,,,,,,,,,,,,,,,,,,,,,,,,,,,,,,,,,,,,,,,,,,,,,,,,,,,,,,,,,,,,,,,,,,,,,,,,,,,,,,,,,,,,,,,,,,,,,,,,,,,,,,,,,,,,,,,,,,,,,,,,,,,,,,,,,,,,,,,,,,,,,,,,,,,,,,,,,,,,,,,,,,,,,,,,
1991-03-01,91.7,91.7,91.7,91.7,91.7,91.7,91.7,91.7,91.7,91.7,91.7,91.7,91.7,91.7,91.7,91.7,91.7,91.7,91.7,91.7,91.7,91.7,91.7,91.7,91.7,91.7,91.7,91.7,91.7,91.7,91.7,91.7,91.7,91.7,91.7,91.7,91.7,91.7,91.7,91.7,91.7,91.7,91.7,91.7,91.7,91.7,91.7,91.7,91.7,91.7,91.7,91.7,91.7,91.7,91.7,91.7,91.7,91.7,91.7,91.7,91.7,91.7,91.7,91.7,91.7,91.7,91.7,91.7,91.7,91.7,91.7,91.7,91.7,91.7,91.7,91.7,91.7,91.7,91.7,91.7,91.7,91.7,91.7,91.7,91.7,91.7,91.7,91.7,91.7,91.7,91.7,91.7,91.7,91.7,91.7,91.7,91.7,91.7,91.7,91.7,91.7,91.7,91.7,91.7,91.7,91.7,91.7,91.7,91.7,91.7,91.7,91.7,91.7,91.7,91.7,91.7,91.7,91.7,91.7,91.7,91.7,91.7,91.7,91.7,91.7,91.7,91.7,91.7,91.7,91.7,91.7,91.7,91.7,91.7,91.7,91.7,91.7,91.7,91.7,91.7,91.7,91.7,91.7,91.7,91.7,91.7,91.7,91.7,91.7,91.7,91.7,91.7,91.7,91.7,91.7,91.7,91.7,91.7,91.7,91.7,91.7,91.7,91.7,91.7,91.7,91.7,91.7,91.7,91.7,91.7,91.7,91.7,91.7,91.7,91.7,91.7,91.7,91.7,91.7,91.7,91.7,91.7,91.7,91.7,91.7,91.7,91.7,91.7,91.7,91.7,91.7,91.7,91.7,91.7,91.7,91.7,91.7,91.7
1991-04-01,,,,,,,,,,,,,,,,,,,,,,,,,,,,,,,,,,,,,,,,,,,,,,,,,,,,,,,,,,,,,,,,,,,,,,,,,,,,,,,,,,,,,,,,,,,,,,,,,,,,,,,,,,,,,,,,,,,,,,,,,,,,,,,,,,,,,,,,,,,,,,,,,,,,,,,,,,,,,,,,,,,,,,,,,,,,,,,,,,,,,,,,,,,,,,,,,,,,,,
1991-05-01,,,,,,,,,,,,,,,,,,,,,,,,,,,,,,,,,,,,,,,,,,,,,,,,,,,,,,,,,,,,,,,,,,,,,,,,,,,,,,,,,,,,,,,,,,,,,,,,,,,,,,,,,,,,,,,,,,,,,,,,,,,,,,,,,,,,,,,,,,,,,,,,,,,,,,,,,,,,,,,,,,,,,,,,,,,,,,,,,,,,,,,,,,,,,,,,,,,,,,
1991-06-01,93.3,93.3,93.3,93.3,93.3,93.3,93.3,93.3,93.3,93.3,93.3,93.3,93.3,93.3,93.3,93.3,93.3,93.3,93.3,93.3,93.3,93.3,93.3,93.3,93.3,93.3,93.3,93.3,93.3,93.3,93.3,93.3,93.3,93.3,93.3,93.3,93.3,93.3,93.3,93.3,93.3,93.3,93.3,93.3,93.3,93.3,93.3,93.3,93.3,93.3,93.3,93.3,93.3,93.3,93.3,93.3,93.3,93.3,93.3,93.3,93.3,93.3,93.3,93.3,93.3,93.3,93.3,93.3,93.3,93.3,93.3,93.3,93.3,93.3,93.3,93.3,93.3,93.3,93.3,93.3,93.3,93.3,93.3,93.3,93.3,93.3,93.3,93.3,93.3,93.3,93.3,93.3,93.3,93.3,93.3,93.3,93.3,93.3,93.3,93.3,93.3,93.3,93.3,93.3,93.3,93.3,93.3,93.3,93.3,93.3,93.3,93.3,93.3,93.3,93.3,93.3,93.3,93.3,93.3,93.3,93.3,93.3,93.3,93.3,93.3,93.3,93.3,93.3,93.3,93.3,93.3,93.3,93.3,93.3,93.3,93.3,93.3,93.3,93.3,93.3,93.3,93.3,93.3,93.3,93.3,93.3,93.3,93.3,93.3,93.3,93.3,93.3,93.3,93.3,93.3,93.3,93.3,93.3,93.3,93.3,93.3,93.3,93.3,93.3,93.3,93.3,93.3,93.3,93.3,93.3,93.3,93.3,93.3,93.3,93.3,93.3,93.3,93.3,93.3,93.3,93.3,93.3,93.3,93.3,93.3,93.3,93.3,93.3,93.3,93.3,93.3,93.3,93.3,93.3,93.3,93.3,93.3,93.3
1991-07-01,,,,,,,,,,,,,,,,,,,,,,,,,,,,,,,,,,,,,,,,,,,,,,,,,,,,,,,,,,,,,,,,,,,,,,,,,,,,,,,,,,,,,,,,,,,,,,,,,,,,,,,,,,,,,,,,,,,,,,,,,,,,,,,,,,,,,,,,,,,,,,,,,,,,,,,,,,,,,,,,,,,,,,,,,,,,,,,,,,,,,,,,,,,,,,,,,,,,,,
1991-08-01,,,,,,,,,,,,,,,,,,,,,,,,,,,,,,,,,,,,,,,,,,,,,,,,,,,,,,,,,,,,,,,,,,,,,,,,,,,,,,,,,,,,,,,,,,,,,,,,,,,,,,,,,,,,,,,,,,,,,,,,,,,,,,,,,,,,,,,,,,,,,,,,,,,,,,,,,,,,,,,,,,,,,,,,,,,,,,,,,,,,,,,,,,,,,,,,,,,,,,
1991-09-01,93.4,93.4,93.4,93.4,93.4,93.4,93.4,93.4,93.4,93.4,93.4,93.4,93.4,93.4,93.4,93.4,93.4,93.4,93.4,93.4,93.4,93.4,93.4,93.4,93.4,93.4,93.4,93.4,93.4,93.4,93.4,93.4,93.4,93.4,93.4,93.4,93.4,93.4,93.4,93.4,93.4,93.4,93.4,93.4,93.4,93.4,93.4,93.4,93.4,93.4,93.4,93.4,93.4,93.4,93.4,93.4,93.4,93.4,93.4,93.4,93.4,93.4,93.4,93.4,93.4,93.4,93.4,93.4,93.4,93.4,93.4,93.4,93.4,93.4,93.4,93.4,93.4,93.4,93.4,93.4,93.4,93.4,93.4,93.4,93.4,93.4,93.4,93.4,93.4,93.4,93.4,93.4,93.4,93.4,93.4,93.4,93.4,93.4,93.4,93.4,93.4,93.4,93.4,93.4,93.4,93.4,93.4,93.4,93.4,93.4,93.4,93.4,93.4,93.4,93.4,93.4,93.4,93.4,93.4,93.4,93.4,93.4,93.4,93.4,93.4,93.4,93.4,93.4,93.4,93.4,93.4,93.4,93.4,93.4,93.4,93.4,93.4,93.4,93.4,93.4,93.4,93.4,93.4,93.4,93.4,93.4,93.4,93.4,93.4,93.4,93.4,93.4,93.4,93.4,93.4,93.4,93.4,93.4,93.4,93.4,93.4,93.4,93.4,93.4,93.4,93.4,93.4,93.4,93.4,93.4,93.4,93.4,93.4,93.4,93.4,93.4,93.4,93.4,93.4,93.4,93.4,93.4,93.4,93.4,93.4,93.4,93.4,93.4,93.4,93.4,93.4,93.4,93.4,93.4,93.4,93.4,93.4,93.4
1991-10-01,,,,,,,,,,,,,,,,,,,,,,,,,,,,,,,,,,,,,,,,,,,,,,,,,,,,,,,,,,,,,,,,,,,,,,,,,,,,,,,,,,,,,,,,,,,,,,,,,,,,,,,,,,,,,,,,,,,,,,,,,,,,,,,,,,,,,,,,,,,,,,,,,,,,,,,,,,,,,,,,,,,,,,,,,,,,,,,,,,,,,,,,,,,,,,,,,,,,,,
1991-11-01,,,,,,,,,,,,,,,,,,,,,,,,,,,,,,,,,,,,,,,,,,,,,,,,,,,,,,,,,,,,,,,,,,,,,,,,,,,,,,,,,,,,,,,,,,,,,,,,,,,,,,,,,,,,,,,,,,,,,,,,,,,,,,,,,,,,,,,,,,,,,,,,,,,,,,,,,,,,,,,,,,,,,,,,,,,,,,,,,,,,,,,,,,,,,,,,,,,,,,
1991-12-01,95.9,95.9,95.9,95.9,95.9,95.9,95.9,95.9,95.9,95.9,95.9,95.9,95.9,95.9,95.9,95.9,95.9,95.9,95.9,95.9,95.9,95.9,95.9,95.9,95.9,95.9,95.9,95.9,95.9,95.9,95.9,95.9,95.9,95.9,95.9,95.9,95.9,95.9,95.9,95.9,95.9,95.9,95.9,95.9,95.9,95.9,95.9,95.9,95.9,95.9,95.9,95.9,95.9,95.9,95.9,95.9,95.9,95.9,95.9,95.9,95.9,95.9,95.9,95.9,95.9,95.9,95.9,95.9,95.9,95.9,95.9,95.9,95.9,95.9,95.9,95.9,95.9,95.9,95.9,95.9,95.9,95.9,95.9,95.9,95.9,95.9,95.9,95.9,95.9,95.9,95.9,95.9,95.9,95.9,95.9,95.9,95.9,95.9,95.9,95.9,95.9,95.9,95.9,95.9,95.9,95.9,95.9,95.9,95.9,95.9,95.9,95.9,95.9,95.9,95.9,95.9,95.9,95.9,95.9,95.9,95.9,95.9,95.9,95.9,95.9,95.9,95.9,95.9,95.9,95.9,95.9,95.9,95.9,95.9,95.9,95.9,95.9,95.9,95.9,95.9,95.9,95.9,95.9,95.9,95.9,95.9,95.9,95.9,95.9,95.9,95.9,95.9,95.9,95.9,95.9,95.9,95.9,95.9,95.9,95.9,95.9,95.9,95.9,95.9,95.9,95.9,95.9,95.9,95.9,95.9,95.9,95.9,95.9,95.9,95.9,95.9,95.9,95.9,95.9,95.9,95.9,95.9,95.9,95.9,95.9,95.9,95.9,95.9,95.9,95.9,95.9,95.9,95.9,95.9,95.9,95.9,95.9,95.9
1992-01-01,,,,,,,,,,,,,,,,,,,,,,,,,,,,,,,,,,,,,,,,,,,,,,,,,,,,,,,,,,,,,,,,,,,,,,,,,,,,,,,,,,,,,,,,,,,,,,,,,,,,,,,,,,,,,,,,,,,,,,,,,,,,,,,,,,,,,,,,,,,,,,,,,,,,,,,,,,,,,,,,,,,,,,,,,,,,,,,,,,,,,,,,,,,,,,,,,,,,,,
1992-02-01,,,,,,,,,,,,,,,,,,,,,,,,,,,,,,,,,,,,,,,,,,,,,,,,,,,,,,,,,,,,,,,,,,,,,,,,,,,,,,,,,,,,,,,,,,,,,,,,,,,,,,,,,,,,,,,,,,,,,,,,,,,,,,,,,,,,,,,,,,,,,,,,,,,,,,,,,,,,,,,,,,,,,,,,,,,,,,,,,,,,,,,,,,,,,,,,,,,,,,
1992-03-01,97.1,97.1,97.1,97.1,97.1,97.1,97.1,97.1,97.1,97.1,97.1,97.1,97.1,97.1,97.1,97.1,97.1,97.1,97.1,97.1,97.1,97.1,97.1,97.1,97.1,97.1,97.1,97.1,97.1,97.1,97.1,97.1,97.1,97.1,97.1,97.1,97.1,97.1,97.1,97.1,97.1,97.1,97.1,97.1,97.1,97.1,97.1,97.1,97.1,97.1,97.1,97.1,97.1,97.1,97.1,97.1,97.1,97.1,97.1,97.1,97.1,97.1,97.1,97.1,97.1,97.1,97.1,97.1,97.1,97.1,97.1,97.1,97.1,97.1,97.1,97.1,97.1,97.1,97.1,97.1,97.1,97.1,97.1,97.1,97.1,97.1,97.1,97.1,97.1,97.1,97.1,97.1,97.1,97.1,97.1,97.1,97.1,97.1,97.1,97.1,97.1,97.1,97.1,97.1,97.1,97.1,97.1,97.1,97.1,97.1,97.1,97.1,97.1,97.1,97.1,97.1,97.1,97.1,97.1,97.1,97.1,97.1,97.1,97.1,97.1,97.1,97.1,97.1,97.1,97.1,97.1,97.1,97.1,97.1,97.1,97.1,97.1,97.1,97.1,97.1,97.1,97.1,97.1,97.1,97.1,97.1,97.1,97.1,97.1,97.1,97.1,97.1,97.1,97.1,97.1,97.1,97.1,97.1,97.1,97.1,97.1,97.1,97.1,97.1,97.1,97.1,97.1,97.1,97.1,97.1,97.1,97.1,97.1,97.1,97.1,97.1,97.1,97.1,97.1,97.1,97.1,97.1,97.1,97.1,97.1,97.1,97.1,97.1,97.1,97.1,97.1,97.1,97.1,97.1,97.1,97.1,97.1,97.1
1992-04-01,,,,,,,,,,,,,,,,,,,,,,,,,,,,,,,,,,,,,,,,,,,,,,,,,,,,,,,,,,,,,,,,,,,,,,,,,,,,,,,,,,,,,,,,,,,,,,,,,,,,,,,,,,,,,,,,,,,,,,,,,,,,,,,,,,,,,,,,,,,,,,,,,,,,,,,,,,,,,,,,,,,,,,,,,,,,,,,,,,,,,,,,,,,,,,,,,,,,,,
1992-05-01,,,,,,,,,,,,,,,,,,,,,,,,,,,,,,,,,,,,,,,,,,,,,,,,,,,,,,,,,,,,,,,,,,,,,,,,,,,,,,,,,,,,,,,,,,,,,,,,,,,,,,,,,,,,,,,,,,,,,,,,,,,,,,,,,,,,,,,,,,,,,,,,,,,,,,,,,,,,,,,,,,,,,,,,,,,,,,,,,,,,,,,,,,,,,,,,,,,,,,
1992-06-01,92.3,92.3,92.3,92.3,92.3,92.3,92.3,92.3,92.3,92.3,92.3,92.3,92.3,92.3,92.3,92.3,92.3,92.3,92.3,92.3,92.3,92.3,92.3,92.3,92.3,92.3,92.3,92.3,92.3,92.3,92.3,92.3,92.3,92.3,92.3,92.3,92.3,92.3,92.3,92.3,92.3,92.3,92.3,92.3,92.3,92.3,92.3,92.3,92.3,92.3,92.3,92.3,92.3,92.3,92.3,92.3,92.3,92.3,92.3,92.3,92.3,92.3,92.3,92.3,92.3,92.3,92.3,92.3,92.3,92.3,92.3,92.3,92.3,92.3,92.3,92.3,92.3,92.3,92.3,92.3,92.3,92.3,92.3,92.3,92.3,92.3,92.3,92.3,92.3,92.3,92.3,92.3,92.3,92.3,92.3,92.3,92.3,92.3,92.3,92.3,92.3,92.3,92.3,92.3,92.3,92.3,92.3,92.3,92.3,92.3,92.3,92.3,92.3,92.3,92.3,92.3,92.3,92.3,92.3,92.3,92.3,92.3,92.3,92.3,92.3,92.3,92.3,92.3,92.3,92.3,92.3,92.3,92.3,92.3,92.3,92.3,92.3,92.3,92.3,92.3,92.3,92.3,92.3,92.3,92.3,92.3,92.3,92.3,92.3,92.3,92.3,92.3,92.3,92.3,92.3,92.3,92.3,92.3,92.3,92.3,92.3,92.3,92.3,92.3,92.3,92.3,92.3,92.3,92.3,92.3,92.3,92.3,92.3,92.3,92.3,92.3,92.3,92.3,92.3,92.3,92.3,92.3,92.3,92.3,92.3,92.3,92.3,92.3,92.3,92.3,92.3,92.3,92.3,92.3,92.3,92.3,92.3,92.3
1992-07-01,,,,,,,,,,,,,,,,,,,,,,,,,,,,,,,,,,,,,,,,,,,,,,,,,,,,,,,,,,,,,,,,,,,,,,,,,,,,,,,,,,,,,,,,,,,,,,,,,,,,,,,,,,,,,,,,,,,,,,,,,,,,,,,,,,,,,,,,,,,,,,,,,,,,,,,,,,,,,,,,,,,,,,,,,,,,,,,,,,,,,,,,,,,,,,,,,,,,,,
1992-08-01,,,,,,,,,,,,,,,,,,,,,,,,,,,,,,,,,,,,,,,,,,,,,,,,,,,,,,,,,,,,,,,,,,,,,,,,,,,,,,,,,,,,,,,,,,,,,,,,,,,,,,,,,,,,,,,,,,,,,,,,,,,,,,,,,,,,,,,,,,,,,,,,,,,,,,,,,,,,,,,,,,,,,,,,,,,,,,,,,,,,,,,,,,,,,,,,,,,,,,
1992-09-01,93.7,93.7,93.7,93.7,93.7,93.7,93.7,93.7,93.7,93.7,93.7,93.7,93.7,93.7,93.7,93.7,93.7,93.7,93.7,93.7,93.7,93.7,93.7,93.7,93.7,93.7,93.7,93.7,93.7,93.7,93.7,93.7,93.7,93.7,93.7,93.7,93.7,93.7,93.7,93.7,93.7,93.7,93.7,93.7,93.7,93.7,93.7,93.7,93.7,93.7,93.7,93.7,93.7,93.7,93.7,93.7,93.7,93.7,93.7,93.7,93.7,93.7,93.7,93.7,93.7,93.7,93.7,93.7,93.7,93.7,93.7,93.7,93.7,93.7,93.7,93.7,93.7,93.7,93.7,93.7,93.7,93.7,93.7,93.7,93.7,93.7,93.7,93.7,93.7,93.7,93.7,93.7,93.7,93.7,93.7,93.7,93.7,93.7,93.7,93.7,93.7,93.7,93.7,93.7,93.7,93.7,93.7,93.7,93.7,93.7,93.7,93.7,93.7,93.7,93.7,93.7,93.7,93.7,93.7,93.7,93.7,93.7,93.7,93.7,93.7,93.7,93.7,93.7,93.7,93.7,93.7,93.7,93.7,93.7,93.7,93.7,93.7,93.7,93.7,93.7,93.7,93.7,93.7,93.7,93.7,93.7,93.7,93.7,93.7,93.7,93.7,93.7,93.7,93.7,93.7,93.7,93.7,93.7,93.7,93.7,93.7,93.7,93.7,93.7,93.7,93.7,93.7,93.7,93.7,93.7,93.7,93.7,93.7,93.7,93.7,93.7,93.7,93.7,93.7,93.7,93.7,93.7,93.7,93.7,93.7,93.7,93.7,93.7,93.7,93.7,93.7,93.7,93.7,93.7,93.7,93.7,93.7,93.7
1992-10-01,,,,,,,,,,,,,,,,,,,,,,,,,,,,,,,,,,,,,,,,,,,,,,,,,,,,,,,,,,,,,,,,,,,,,,,,,,,,,,,,,,,,,,,,,,,,,,,,,,,,,,,,,,,,,,,,,,,,,,,,,,,,,,,,,,,,,,,,,,,,,,,,,,,,,,,,,,,,,,,,,,,,,,,,,,,,,,,,,,,,,,,,,,,,,,,,,,,,,,
1992-11-01,,,,,,,,,,,,,,,,,,,,,,,,,,,,,,,,,,,,,,,,,,,,,,,,,,,,,,,,,,,,,,,,,,,,,,,,,,,,,,,,,,,,,,,,,,,,,,,,,,,,,,,,,,,,,,,,,,,,,,,,,,,,,,,,,,,,,,,,,,,,,,,,,,,,,,,,,,,,,,,,,,,,,,,,,,,,,,,,,,,,,,,,,,,,,,,,,,,,,,
1992-12-01,92.4,92.4,92.4,92.4,92.4,92.4,92.4,92.4,92.4,92.4,92.4,92.4,92.4,92.4,92.4,92.4,92.4,92.4,92.4,92.4,92.4,92.4,92.4,92.4,92.4,92.4,92.4,92.4,92.4,92.4,92.4,92.4,92.4,92.4,92.4,92.4,92.4,92.4,92.4,92.4,92.4,92.4,92.4,92.4,92.4,92.4,92.4,92.4,92.4,92.4,92.4,92.4,92.4,92.4,92.4,92.4,92.4,92.4,92.4,92.4,92.4,92.4,92.4,92.4,92.4,92.4,92.4,92.4,92.4,92.4,92.4,92.4,92.4,92.4,92.4,92.4,92.4,92.4,92.4,92.4,92.4,92.4,92.4,92.4,92.4,92.4,92.4,92.4,92.4,92.4,92.4,92.4,92.4,92.4,92.4,92.4,92.4,92.4,92.4,92.4,92.4,92.4,92.4,92.4,92.4,92.4,92.4,92.4,92.4,92.4,92.4,92.4,92.4,92.4,92.4,92.4,92.4,92.4,92.4,92.4,92.4,92.4,92.4,92.4,92.4,92.4,92.4,92.4,92.4,92.4,92.4,92.4,92.4,92.4,92.4,92.4,92.4,92.4,92.4,92.4,92.4,92.4,92.4,92.4,92.4,92.4,92.4,92.4,92.4,92.4,92.4,92.4,92.4,92.4,92.4,92.4,92.4,92.4,92.4,92.4,92.4,92.4,92.4,92.4,92.4,92.4,92.4,92.4,92.4,92.4,92.4,92.4,92.4,92.4,92.4,92.4,92.4,92.4,92.4,92.4,92.4,92.4,92.4,92.4,92.4,92.4,92.4,92.4,92.4,92.4,92.4,92.4,92.4,92.4,92.4,92.4,92.4,92.4
1993-01-01,,,,,,,,,,,,,,,,,,,,,,,,,,,,,,,,,,,,,,,,,,,,,,,,,,,,,,,,,,,,,,,,,,,,,,,,,,,,,,,,,,,,,,,,,,,,,,,,,,,,,,,,,,,,,,,,,,,,,,,,,,,,,,,,,,,,,,,,,,,,,,,,,,,,,,,,,,,,,,,,,,,,,,,,,,,,,,,,,,,,,,,,,,,,,,,,,,,,,,
1993-02-01,,,,,,,,,,,,,,,,,,,,,,,,,,,,,,,,,,,,,,,,,,,,,,,,,,,,,,,,,,,,,,,,,,,,,,,,,,,,,,,,,,,,,,,,,,,,,,,,,,,,,,,,,,,,,,,,,,,,,,,,,,,,,,,,,,,,,,,,,,,,,,,,,,,,,,,,,,,,,,,,,,,,,,,,,,,,,,,,,,,,,,,,,,,,,,,,,,,,,,
1993-03-01,92.4,92.4,92.4,92.4,92.4,92.4,92.4,92.4,92.4,92.4,92.4,92.4,92.4,92.4,92.4,92.4,92.4,92.4,92.4,92.4,92.4,92.4,92.4,92.4,92.4,92.4,92.4,92.4,92.4,92.4,92.4,92.4,92.4,92.4,92.4,92.4,92.4,92.4,92.4,92.4,92.4,92.4,92.4,92.4,92.4,92.4,92.4,92.4,92.4,92.4,92.4,92.4,92.4,92.4,92.4,92.4,92.4,92.4,92.4,92.4,92.4,92.4,92.4,92.4,92.4,92.4,92.4,92.4,92.4,92.4,92.4,92.4,92.4,92.4,92.4,92.4,92.4,92.4,92.4,92.4,92.4,92.4,92.4,92.4,92.4,92.4,92.4,92.4,92.4,92.4,92.4,92.4,92.4,92.4,92.4,92.4,92.4,92.4,92.4,92.4,92.4,92.4,92.4,92.4,92.4,92.4,92.4,92.4,92.4,92.4,92.4,92.4,92.4,92.4,92.4,92.4,92.4,92.4,92.4,92.4,92.4,92.4,92.4,92.4,92.4,92.4,92.4,92.4,92.4,92.4,92.4,92.4,92.4,92.4,92.4,92.4,92.4,92.4,92.4,92.4,92.4,92.4,92.4,92.4,92.4,92.4,92.4,92.4,92.4,92.4,92.4,92.4,92.4,92.4,92.4,92.4,92.4,92.4,92.4,92.4,92.4,92.4,92.4,92.4,92.4,92.4,92.4,92.4,92.4,92.4,92.4,92.4,92.4,92.4,92.4,92.4,92.4,92.4,92.4,92.4,92.4,92.4,92.4,92.4,92.4,92.4,92.4,92.4,92.4,92.4,92.4,92.4,92.4,92.4,92.4,92.4,92.4,92.4
1993-04-01,,,,,,,,,,,,,,,,,,,,,,,,,,,,,,,,,,,,,,,,,,,,,,,,,,,,,,,,,,,,,,,,,,,,,,,,,,,,,,,,,,,,,,,,,,,,,,,,,,,,,,,,,,,,,,,,,,,,,,,,,,,,,,,,,,,,,,,,,,,,,,,,,,,,,,,,,,,,,,,,,,,,,,,,,,,,,,,,,,,,,,,,,,,,,,,,,,,,,,
1993-05-01,,,,,,,,,,,,,,,,,,,,,,,,,,,,,,,,,,,,,,,,,,,,,,,,,,,,,,,,,,,,,,,,,,,,,,,,,,,,,,,,,,,,,,,,,,,,,,,,,,,,,,,,,,,,,,,,,,,,,,,,,,,,,,,,,,,,,,,,,,,,,,,,,,,,,,,,,,,,,,,,,,,,,,,,,,,,,,,,,,,,,,,,,,,,,,,,,,,,,,
1993-06-01,100.5,100.5,100.5,100.5,100.5,100.5,100.5,100.5,100.5,100.5,100.5,100.5,100.5,100.5,100.5,100.5,100.5,100.5,100.5,100.5,100.5,100.5,100.5,100.5,100.5,100.5,100.5,100.5,100.5,100.5,100.5,100.5,100.5,100.5,100.5,100.5,100.5,100.5,100.5,100.5,100.5,100.5,100.5,100.5,100.5,100.5,100.5,100.5,100.5,100.5,100.5,100.5,100.5,100.5,100.5,100.5,100.5,100.5,100.5,100.5,100.5,100.5,100.5,100.5,100.5,100.5,100.5,100.5,100.5,100.5,100.5,100.5,100.5,100.5,100.5,100.5,100.5,100.5,100.5,100.5,100.5,100.5,100.5,100.5,100.5,100.5,100.5,100.5,100.5,100.5,100.5,100.5,100.5,100.5,100.5,100.5,100.5,100.5,100.5,100.5,100.5,100.5,100.5,100.5,100.5,100.5,100.5,100.5,100.5,100.5,100.5,100.5,100.5,100.5,100.5,100.5,100.5,100.5,100.5,100.5,100.5,100.5,100.5,100.5,100.5,100.5,100.5,100.5,100.5,100.5,100.5,100.5,100.5,100.5,100.5,100.5,100.5,100.5,100.5,100.5,100.5,100.5,100.5,100.5,100.5,100.5,100.5,100.5,100.5,100.5,100.5,100.5,100.5,100.5,100.5,100.5,100.5,100.5,100.5,100.5,100.5,100.5,100.5,100.5,100.5,100.5,100.5,100.5,100.5,100.5,100.5,100.5,100.5,100.5,100.5,100.5,100.5,100.5,100.5,100.5,100.5,100.5,100.5,100.5,100.5,100.5,100.5,100.5,100.5,100.5,100.5,100.5,100.5,100.5,100.5,100.5,100.5,100.5
1993-07-01,,,,,,,,,,,,,,,,,,,,,,,,,,,,,,,,,,,,,,,,,,,,,,,,,,,,,,,,,,,,,,,,,,,,,,,,,,,,,,,,,,,,,,,,,,,,,,,,,,,,,,,,,,,,,,,,,,,,,,,,,,,,,,,,,,,,,,,,,,,,,,,,,,,,,,,,,,,,,,,,,,,,,,,,,,,,,,,,,,,,,,,,,,,,,,,,,,,,,,
1993-08-01,,,,,,,,,,,,,,,,,,,,,,,,,,,,,,,,,,,,,,,,,,,,,,,,,,,,,,,,,,,,,,,,,,,,,,,,,,,,,,,,,,,,,,,,,,,,,,,,,,,,,,,,,,,,,,,,,,,,,,,,,,,,,,,,,,,,,,,,,,,,,,,,,,,,,,,,,,,,,,,,,,,,,,,,,,,,,,,,,,,,,,,,,,,,,,,,,,,,,,
1993-09-01,102.3,102.3,102.3,102.3,102.3,102.3,102.3,102.3,102.3,102.3,102.3,102.3,102.3,102.3,102.3,102.3,102.3,102.3,102.3,102.3,102.3,102.3,102.3,102.3,102.3,102.3,102.3,102.3,102.3,102.3,102.3,102.3,102.3,102.3,102.3,102.3,102.3,102.3,102.3,102.3,102.3,102.3,102.3,102.3,102.3,102.3,102.3,102.3,102.3,102.3,102.3,102.3,102.3,102.3,102.3,102.3,102.3,102.3,102.3,102.3,102.3,102.3,102.3,102.3,102.3,102.3,102.3,102.3,102.3,102.3,102.3,102.3,102.3,102.3,102.3,102.3,102.3,102.3,102.3,102.3,102.3,102.3,102.3,102.3,102.3,102.3,102.3,102.3,102.3,102.3,102.3,102.3,102.3,102.3,102.3,102.3,102.3,102.3,102.3,102.3,102.3,102.3,102.3,102.3,102.3,102.3,102.3,102.3,102.3,102.3,102.3,102.3,102.3,102.3,102.3,102.3,102.3,102.3,102.3,102.3,102.3,102.3,102.3,102.3,102.3,102.3,102.3,102.3,102.3,102.3,102.3,102.3,102.3,102.3,102.3,102.3,102.3,102.3,102.3,102.3,102.3,102.3,102.3,102.3,102.3,102.3,102.3,102.3,102.3,102.3,102.3,102.3,102.3,102.3,102.3,102.3,102.3,102.3,102.3,102.3,102.3,102.3,102.3,102.3,102.3,102.3,102.3,102.3,102.3,102.3,102.3,102.3,102.3,102.3,102.3,102.3,102.3,102.3,102.3,102.3,102.3,102.3,102.3,102.3,102.3,102.3,102.3,102.3,102.3,102.3,102.3,102.3,102.3,102.3,102.3,102.3,102.3,102.3
1993-10-01,,,,,,,,,,,,,,,,,,,,,,,,,,,,,,,,,,,,,,,,,,,,,,,,,,,,,,,,,,,,,,,,,,,,,,,,,,,,,,,,,,,,,,,,,,,,,,,,,,,,,,,,,,,,,,,,,,,,,,,,,,,,,,,,,,,,,,,,,,,,,,,,,,,,,,,,,,,,,,,,,,,,,,,,,,,,,,,,,,,,,,,,,,,,,,,,,,,,,,
1993-11-01,,,,,,,,,,,,,,,,,,,,,,,,,,,,,,,,,,,,,,,,,,,,,,,,,,,,,,,,,,,,,,,,,,,,,,,,,,,,,,,,,,,,,,,,,,,,,,,,,,,,,,,,,,,,,,,,,,,,,,,,,,,,,,,,,,,,,,,,,,,,,,,,,,,,,,,,,,,,,,,,,,,,,,,,,,,,,,,,,,,,,,,,,,,,,,,,,,,,,,
1993-12-01,101.3,101.3,101.3,101.3,101.3,101.3,101.3,101.3,101.3,101.3,101.3,101.3,101.3,101.3,101.3,101.3,101.3,101.3,101.3,101.3,101.3,101.3,101.3,101.3,101.3,101.3,101.3,101.3,101.3,101.3,101.3,101.3,101.3,101.3,101.3,101.3,101.3,101.3,101.3,101.3,101.3,101.3,101.3,101.3,101.3,101.3,101.3,101.3,101.3,101.3,101.3,101.3,101.3,101.3,101.3,101.3,101.3,101.3,101.3,101.3,101.3,101.3,101.3,101.3,101.3,101.3,101.3,101.3,101.3,101.3,101.3,101.3,101.3,101.3,101.3,101.3,101.3,101.3,101.3,101.3,101.3,101.3,101.3,101.3,101.3,101.3,101.3,101.3,101.3,101.3,101.3,101.3,101.3,101.3,101.3,101.3,101.3,101.3,101.3,101.3,101.3,101.3,101.3,101.3,101.3,101.3,101.3,101.3,101.3,101.3,101.3,101.3,101.3,101.3,101.3,101.3,101.3,101.3,101.3,101.3,101.3,101.3,101.3,101.3,101.3,101.3,101.3,101.3,101.3,101.3,101.3,101.3,101.3,101.3,101.3,101.3,101.3,101.3,101.3,101.3,101.3,101.3,101.3,101.3,101.3,101.3,101.3,101.3,101.3,101.3,101.3,101.3,101.3,101.3,101.3,101.3,101.3,101.3,101.3,101.3,101.3,101.3,101.3,101.3,101.3,101.3,101.3,101.3,101.3,101.3,101.3,101.3,101.3,101.3,101.3,101.3,101.3,101.3,101.3,101.3,101.3,101.3,101.3,101.3,101.3,101.3,101.3,101.3,101.3,101.3,101.3,101.3,101.3,101.3,101.3,101.3,101.3,101.3
1994-01-01,,,,,,,,,,,,,,,,,,,,,,,,,,,,,,,,,,,,,,,,,,,,,,,,,,,,,,,,,,,,,,,,,,,,,,,,,,,,,,,,,,,,,,,,,,,,,,,,,,,,,,,,,,,,,,,,,,,,,,,,,,,,,,,,,,,,,,,,,,,,,,,,,,,,,,,,,,,,,,,,,,,,,,,,,,,,,,,,,,,,,,,,,,,,,,,,,,,,,,
1994-02-01,,,,,,,,,,,,,,,,,,,,,,,,,,,,,,,,,,,,,,,,,,,,,,,,,,,,,,,,,,,,,,,,,,,,,,,,,,,,,,,,,,,,,,,,,,,,,,,,,,,,,,,,,,,,,,,,,,,,,,,,,,,,,,,,,,,,,,,,,,,,,,,,,,,,,,,,,,,,,,,,,,,,,,,,,,,,,,,,,,,,,,,,,,,,,,,,,,,,,,
1994-03-01,100.9,100.9,100.9,100.9,100.9,100.9,100.9,100.9,100.9,100.9,100.9,100.9,100.9,100.9,100.9,100.9,100.9,100.9,100.9,100.9,100.9,100.9,100.9,100.9,100.9,100.9,100.9,100.9,100.9,100.9,100.9,100.9,100.9,100.9,100.9,100.9,100.9,100.9,100.9,100.9,100.9,100.9,100.9,100.9,100.9,100.9,100.9,100.9,100.9,100.9,100.9,100.9,100.9,100.9,100.9,100.9,100.9,100.9,100.9,100.9,100.9,100.9,100.9,100.9,100.9,100.9,100.9,100.9,100.9,100.9,100.9,100.9,100.9,100.9,100.9,100.9,100.9,100.9,100.9,100.9,100.9,100.9,100.9,100.9,100.9,100.9,100.9,100.9,100.9,100.9,100.9,100.9,100.9,100.9,100.9,100.9,100.9,100.9,100.9,100.9,100.9,100.9,100.9,100.9,100.9,100.9,100.9,100.9,100.9,100.9,100.9,100.9,100.9,100.9,100.9,100.9,100.9,100.9,100.9,100.9,100.9,100.9,100.9,100.9,100.9,100.9,100.9,100.9,100.9,100.9,100.9,100.9,100.9,100.9,100.9,100.9,100.9,100.9,100.9,100.9,100.9,100.9,100.9,100.9,100.9,100.9,100.9,100.9,100.9,100.9,100.9,100.9,100.9,100.9,100.9,100.9,100.9,100.9,100.9,100.9,100.9,100.9,100.9,100.9,100.9,100.9,100.9,100.9,100.9,100.9,100.9,100.9,100.9,100.9,100.9,100.9,100.9,100.9,100.9,100.9,100.9,100.9,100.9,100.9,100.9,100.9,100.9,100.9,100.9,100.9,100.9,100.9,100.9,100.9,100.9,100.9,100.9,100.9
1994-04-01,,,,,,,,,,,,,,,,,,,,,,,,,,,,,,,,,,,,,,,,,,,,,,,,,,,,,,,,,,,,,,,,,,,,,,,,,,,,,,,,,,,,,,,,,,,,,,,,,,,,,,,,,,,,,,,,,,,,,,,,,,,,,,,,,,,,,,,,,,,,,,,,,,,,,,,,,,,,,,,,,,,,,,,,,,,,,,,,,,,,,,,,,,,,,,,,,,,,,,
1994-05-01,,,,,,,,,,,,,,,,,,,,,,,,,,,,,,,,,,,,,,,,,,,,,,,,,,,,,,,,,,,,,,,,,,,,,,,,,,,,,,,,,,,,,,,,,,,,,,,,,,,,,,,,,,,,,,,,,,,,,,,,,,,,,,,,,,,,,,,,,,,,,,,,,,,,,,,,,,,,,,,,,,,,,,,,,,,,,,,,,,,,,,,,,,,,,,,,,,,,,,
1994-06-01,103.0,103.0,103.0,103.0,103.0,103.0,103.0,103.0,103.0,103.0,103.0,103.0,103.0,103.0,103.0,103.0,103.0,103.0,103.0,103.0,103.0,103.0,103.0,103.0,103.0,103.0,103.0,103.0,103.0,103.0,103.0,103.0,103.0,103.0,103.0,103.0,103.0,103.0,103.0,103.0,103.0,103.0,103.0,103.0,103.0,103.0,103.0,103.0,103.0,103.0,103.0,103.0,103.0,103.0,103.0,103.0,103.0,103.0,103.0,103.0,103.0,103.0,103.0,103.0,103.0,103.0,103.0,103.0,103.0,103.0,103.0,103.0,103.0,103.0,103.0,103.0,103.0,103.0,103.0,103.0,103.0,103.0,103.0,103.0,103.0,103.0,103.0,103.0,103.0,103.0,103.0,103.0,103.0,103.0,103.0,103.0,103.0,103.0,103.0,103.0,103.0,103.0,103.0,103.0,103.0,103.0,103.0,103.0,103.0,103.0,103.0,103.0,103.0,103.0,103.0,103.0,103.0,103.0,103.0,103.0,103.0,103.0,103.0,103.0,103.0,103.0,103.0,103.0,103.0,103.0,103.0,103.0,103.0,103.0,103.0,103.0,103.0,103.0,103.0,103.0,103.0,103.0,103.0,103.0,103.0,103.0,103.0,103.0,103.0,103.0,103.0,103.0,103.0,103.0,103.0,103.0,103.0,103.0,103.0,103.0,103.0,103.0,103.0,103.0,103.0,103.0,103.0,103.0,103.0,103.0,103.0,103.0,103.0,103.0,103.0,103.0,103.0,103.0,103.0,103.0,103.0,103.0,103.0,103.0,103.0,103.0,103.0,103.0,103.0,103.0,103.0,103.0,103.0,103.0,103.0,103.0,103.0,103.0
1994-07-01,,,,,,,,,,,,,,,,,,,,,,,,,,,,,,,,,,,,,,,,,,,,,,,,,,,,,,,,,,,,,,,,,,,,,,,,,,,,,,,,,,,,,,,,,,,,,,,,,,,,,,,,,,,,,,,,,,,,,,,,,,,,,,,,,,,,,,,,,,,,,,,,,,,,,,,,,,,,,,,,,,,,,,,,,,,,,,,,,,,,,,,,,,,,,,,,,,,,,,
1994-08-01,,,,,,,,,,,,,,,,,,,,,,,,,,,,,,,,,,,,,,,,,,,,,,,,,,,,,,,,,,,,,,,,,,,,,,,,,,,,,,,,,,,,,,,,,,,,,,,,,,,,,,,,,,,,,,,,,,,,,,,,,,,,,,,,,,,,,,,,,,,,,,,,,,,,,,,,,,,,,,,,,,,,,,,,,,,,,,,,,,,,,,,,,,,,,,,,,,,,,,
1994-09-01,102.0,102.0,102.0,102.0,102.0,102.0,102.0,102.0,102.0,102.0,102.0,102.0,102.0,102.0,102.0,102.0,102.0,102.0,102.0,102.0,102.0,102.0,102.0,102.0,102.0,102.0,102.0,102.0,102.0,102.0,102.0,102.0,102.0,102.0,102.0,102.0,102.0,102.0,102.0,102.0,102.0,102.0,102.0,102.0,102.0,102.0,102.0,102.0,102.0,102.0,102.0,102.0,102.0,102.0,102.0,102.0,102.0,102.0,102.0,102.0,102.0,102.0,102.0,102.0,102.0,102.0,102.0,102.0,102.0,102.0,102.0,102.0,102.0,102.0,102.0,102.0,102.0,102.0,102.0,102.0,102.0,102.0,102.0,102.0,102.0,102.0,102.0,102.0,102.0,102.0,102.0,102.0,102.0,102.0,102.0,102.0,102.0,102.0,102.0,102.0,102.0,102.0,102.0,102.0,102.0,102.0,102.0,102.0,102.0,102.0,102.0,102.0,102.0,102.0,102.0,102.0,102.0,102.0,102.0,102.0,102.0,102.0,102.0,102.0,102.0,102.0,102.0,102.0,102.0,102.0,102.0,102.0,102.0,102.0,102.0,102.0,102.0,102.0,102.0,102.0,102.0,102.0,102.0,102.0,102.0,102.0,102.0,102.0,102.0,102.0,102.0,102.0,102.0,102.0,102.0,102.0,102.0,102.0,102.0,102.0,102.0,102.0,102.0,102.0,102.0,102.0,102.0,102.0,102.0,102.0,102.0,102.0,102.0,102.0,102.0,102.0,102.0,102.0,102.0,102.0,102.0,102.0,102.0,102.0,102.0,102.0,102.0,102.0,102.0,102.0,102.0,102.0,102.0,102.0,102.0,102.0,102.0,102.0
1994-10-01,,,,,,,,,,,,,,,,,,,,,,,,,,,,,,,,,,,,,,,,,,,,,,,,,,,,,,,,,,,,,,,,,,,,,,,,,,,,,,,,,,,,,,,,,,,,,,,,,,,,,,,,,,,,,,,,,,,,,,,,,,,,,,,,,,,,,,,,,,,,,,,,,,,,,,,,,,,,,,,,,,,,,,,,,,,,,,,,,,,,,,,,,,,,,,,,,,,,,,
1994-11-01,,,,,,,,,,,,,,,,,,,,,,,,,,,,,,,,,,,,,,,,,,,,,,,,,,,,,,,,,,,,,,,,,,,,,,,,,,,,,,,,,,,,,,,,,,,,,,,,,,,,,,,,,,,,,,,,,,,,,,,,,,,,,,,,,,,,,,,,,,,,,,,,,,,,,,,,,,,,,,,,,,,,,,,,,,,,,,,,,,,,,,,,,,,,,,,,,,,,,,
1994-12-01,103.0,103.0,103.0,103.0,103.0,103.0,103.0,103.0,103.0,103.0,103.0,103.0,103.0,103.0,103.0,103.0,103.0,103.0,103.0,103.0,103.0,103.0,103.0,103.0,103.0,103.0,103.0,103.0,103.0,103.0,103.0,103.0,103.0,103.0,103.0,103.0,103.0,103.0,103.0,103.0,103.0,103.0,103.0,103.0,103.0,103.0,103.0,103.0,103.0,103.0,103.0,103.0,103.0,103.0,103.0,103.0,103.0,103.0,103.0,103.0,103.0,103.0,103.0,103.0,103.0,103.0,103.0,103.0,103.0,103.0,103.0,103.0,103.0,103.0,103.0,103.0,103.0,103.0,103.0,103.0,103.0,103.0,103.0,103.0,103.0,103.0,103.0,103.0,103.0,103.0,103.0,103.0,103.0,103.0,103.0,103.0,103.0,103.0,103.0,103.0,103.0,103.0,103.0,103.0,103.0,103.0,103.0,103.0,103.0,103.0,103.0,103.0,103.0,103.0,103.0,103.0,103.0,103.0,103.0,103.0,103.0,103.0,103.0,103.0,103.0,103.0,103.0,103.0,103.0,103.0,103.0,103.0,103.0,103.0,103.0,103.0,103.0,103.0,103.0,103.0,103.0,103.0,103.0,103.0,103.0,103.0,103.0,103.0,103.0,103.0,103.0,103.0,103.0,103.0,103.0,103.0,103.0,103.0,103.0,103.0,103.0,103.0,103.0,103.0,103.0,103.0,103.0,103.0,103.0,103.0,103.0,103.0,103.0,103.0,103.0,103.0,103.0,103.0,103.0,103.0,103.0,103.0,103.0,103.0,103.0,103.0,103.0,103.0,103.0,103.0,103.0,103.0,103.0,103.0,103.0,103.0,103.0,103.0
1995-01-01,,,,,,,,,,,,,,,,,,,,,,,,,,,,,,,,,,,,,,,,,,,,,,,,,,,,,,,,,,,,,,,,,,,,,,,,,,,,,,,,,,,,,,,,,,,,,,,,,,,,,,,,,,,,,,,,,,,,,,,,,,,,,,,,,,,,,,,,,,,,,,,,,,,,,,,,,,,,,,,,,,,,,,,,,,,,,,,,,,,,,,,,,,,,,,,,,,,,,,
1995-02-01,,,,,,,,,,,,,,,,,,,,,,,,,,,,,,,,,,,,,,,,,,,,,,,,,,,,,,,,,,,,,,,,,,,,,,,,,,,,,,,,,,,,,,,,,,,,,,,,,,,,,,,,,,,,,,,,,,,,,,,,,,,,,,,,,,,,,,,,,,,,,,,,,,,,,,,,,,,,,,,,,,,,,,,,,,,,,,,,,,,,,,,,,,,,,,,,,,,,,,
1995-03-01,108.4,108.4,108.4,108.4,108.4,108.4,108.4,108.4,108.4,108.4,108.4,108.4,108.4,108.4,108.4,108.4,108.4,108.4,108.4,108.4,108.4,108.4,108.4,108.4,108.4,108.4,108.4,108.4,108.4,108.4,108.4,108.4,108.4,108.4,108.4,108.4,108.4,108.4,108.4,108.4,108.4,108.4,108.4,108.4,108.4,108.4,108.4,108.4,108.4,108.4,108.4,108.4,108.4,108.4,108.4,108.4,108.4,108.4,108.4,108.4,108.4,108.4,108.4,108.4,108.4,108.4,108.4,108.4,108.4,108.4,108.4,108.4,108.4,108.4,108.4,108.4,108.4,108.4,108.4,108.4,108.4,108.4,108.4,108.4,108.4,108.4,108.4,108.4,108.4,108.4,108.4,108.4,108.4,108.4,108.4,108.4,108.4,108.4,108.4,108.4,108.4,108.4,108.4,108.4,108.4,108.4,108.4,108.4,108.4,108.4,108.4,108.4,108.4,108.4,108.4,108.4,108.4,108.4,108.4,108.4,108.4,108.4,108.4,108.4,108.4,108.4,108.4,108.4,108.4,108.4,108.4,108.4,108.4,108.4,108.4,108.4,108.4,108.4,108.4,108.4,108.4,108.4,108.4,108.4,108.4,108.4,108.4,108.4,108.4,108.4,108.4,108.4,108.4,108.4,108.4,108.4,108.4,108.4,108.4,108.4,108.4,108.4,108.4,108.4,108.4,108.4,108.4,108.4,108.4,108.4,108.4,108.4,108.4,108.4,108.4,108.4,108.4,108.4,108.4,108.4,108.4,108.4,108.4,108.4,108.4,108.4,108.4,108.4,108.4,108.4,108.4,108.4,108.4,108.4,108.4,108.4,108.4,108.4
1995-04-01,,,,,,,,,,,,,,,,,,,,,,,,,,,,,,,,,,,,,,,,,,,,,,,,,,,,,,,,,,,,,,,,,,,,,,,,,,,,,,,,,,,,,,,,,,,,,,,,,,,,,,,,,,,,,,,,,,,,,,,,,,,,,,,,,,,,,,,,,,,,,,,,,,,,,,,,,,,,,,,,,,,,,,,,,,,,,,,,,,,,,,,,,,,,,,,,,,,,,,
1995-05-01,,,,,,,,,,,,,,,,,,,,,,,,,,,,,,,,,,,,,,,,,,,,,,,,,,,,,,,,,,,,,,,,,,,,,,,,,,,,,,,,,,,,,,,,,,,,,,,,,,,,,,,,,,,,,,,,,,,,,,,,,,,,,,,,,,,,,,,,,,,,,,,,,,,,,,,,,,,,,,,,,,,,,,,,,,,,,,,,,,,,,,,,,,,,,,,,,,,,,,
1995-06-01,112.8,112.8,112.8,112.8,112.8,112.8,112.8,112.8,112.8,112.8,112.8,112.8,112.8,112.8,112.8,112.8,112.8,112.8,112.8,112.8,112.8,112.8,112.8,112.8,112.8,112.8,112.8,112.8,112.8,112.8,112.8,112.8,112.8,112.8,112.8,112.8,112.8,112.8,112.8,112.8,112.8,112.8,112.8,112.8,112.8,112.8,112.8,112.8,112.8,112.8,112.8,112.8,112.8,112.8,112.8,112.8,112.8,112.8,112.8,112.8,112.8,112.8,112.8,112.8,112.8,112.8,112.8,112.8,112.8,112.8,112.8,112.8,112.8,112.8,112.8,112.8,112.8,112.8,112.8,112.8,112.8,112.8,112.8,112.8,112.8,112.8,112.8,112.8,112.8,112.8,112.8,112.8,112.8,112.8,112.8,112.8,112.8,112.8,112.8,112.8,112.8,112.8,112.8,112.8,112.8,112.8,112.8,112.8,112.8,112.8,112.8,112.8,112.8,112.8,112.8,112.8,112.8,112.8,112.8,112.8,112.8,112.8,112.8,112.8,112.8,112.8,112.8,112.8,112.8,112.8,112.8,112.8,112.8,112.8,112.8,112.8,112.8,112.8,112.8,112.8,112.8,112.8,112.8,112.8,112.8,112.8,112.8,112.8,112.8,112.8,112.8,112.8,112.8,112.8,112.8,112.8,112.8,112.8,112.8,112.8,112.8,112.8,112.8,112.8,112.8,112.8,112.8,112.8,112.8,112.8,112.8,112.8,112.8,112.8,112.8,112.8,112.8,112.8,112.8,112.8,112.8,112.8,112.8,112.8,112.8,112.8,112.8,112.8,112.8,112.8,112.8,112.8,112.8,112.8,112.8,112.8,112.8,112.8
1995-07-01,,,,,,,,,,,,,,,,,,,,,,,,,,,,,,,,,,,,,,,,,,,,,,,,,,,,,,,,,,,,,,,,,,,,,,,,,,,,,,,,,,,,,,,,,,,,,,,,,,,,,,,,,,,,,,,,,,,,,,,,,,,,,,,,,,,,,,,,,,,,,,,,,,,,,,,,,,,,,,,,,,,,,,,,,,,,,,,,,,,,,,,,,,,,,,,,,,,,,,
1995-08-01,,,,,,,,,,,,,,,,,,,,,,,,,,,,,,,,,,,,,,,,,,,,,,,,,,,,,,,,,,,,,,,,,,,,,,,,,,,,,,,,,,,,,,,,,,,,,,,,,,,,,,,,,,,,,,,,,,,,,,,,,,,,,,,,,,,,,,,,,,,,,,,,,,,,,,,,,,,,,,,,,,,,,,,,,,,,,,,,,,,,,,,,,,,,,,,,,,,,,,
1995-09-01,105.0,105.0,105.0,105.0,105.0,105.0,105.0,105.0,105.0,105.0,105.0,105.0,105.0,105.0,105.0,105.0,105.0,105.0,105.0,105.0,105.0,105.0,105.0,105.0,105.0,105.0,105.0,105.0,105.0,105.0,105.0,105.0,105.0,105.0,105.0,105.0,105.0,105.0,105.0,105.0,105.0,105.0,105.0,105.0,105.0,105.0,105.0,105.0,105.0,105.0,105.0,105.0,105.0,105.0,105.0,105.0,105.0,105.0,105.0,105.0,105.0,105.0,105.0,105.0,105.0,105.0,105.0,105.0,105.0,105.0,105.0,105.0,105.0,105.0,105.0,105.0,105.0,105.0,105.0,105.0,105.0,105.0,105.0,105.0,105.0,105.0,105.0,105.0,105.0,105.0,105.0,105.0,105.0,105.0,105.0,105.0,105.0,105.0,105.0,105.0,105.0,105.0,105.0,105.0,105.0,105.0,105.0,105.0,105.0,105.0,105.0,105.0,105.0,105.0,105.0,105.0,105.0,105.0,105.0,105.0,105.0,105.0,105.0,105.0,105.0,105.0,105.0,105.0,105.0,105.0,105.0,105.0,105.0,105.0,105.0,105.0,105.0,105.0,105.0,105.0,105.0,105.0,105.0,105.0,105.0,105.0,105.0,105.0,105.0,105.0,105.0,105.0,105.0,105.0,105.0,105.0,105.0,105.0,105.0,105.0,105.0,105.0,105.0,105.0,105.0,105.0,105.0,105.0,105.0,105.0,105.0,105.0,105.0,105.0,105.0,105.0,105.0,105.0,105.0,105.0,105.0,105.0,105.0,105.0,105.0,105.0,105.0,105.0,105.0,105.0,105.0,105.0,105.0,105.0,105.0,105.0,105.0,105.0
1995-10-01,,,,,,,,,,,,,,,,,,,,,,,,,,,,,,,,,,,,,,,,,,,,,,,,,,,,,,,,,,,,,,,,,,,,,,,,,,,,,,,,,,,,,,,,,,,,,,,,,,,,,,,,,,,,,,,,,,,,,,,,,,,,,,,,,,,,,,,,,,,,,,,,,,,,,,,,,,,,,,,,,,,,,,,,,,,,,,,,,,,,,,,,,,,,,,,,,,,,,,
1995-11-01,,,,,,,,,,,,,,,,,,,,,,,,,,,,,,,,,,,,,,,,,,,,,,,,,,,,,,,,,,,,,,,,,,,,,,,,,,,,,,,,,,,,,,,,,,,,,,,,,,,,,,,,,,,,,,,,,,,,,,,,,,,,,,,,,,,,,,,,,,,,,,,,,,,,,,,,,,,,,,,,,,,,,,,,,,,,,,,,,,,,,,,,,,,,,,,,,,,,,,
1995-12-01,106.4,106.4,106.4,106.4,106.4,106.4,106.4,106.4,106.4,106.4,106.4,106.4,106.4,106.4,106.4,106.4,106.4,106.4,106.4,106.4,106.4,106.4,106.4,106.4,106.4,106.4,106.4,106.4,106.4,106.4,106.4,106.4,106.4,106.4,106.4,106.4,106.4,106.4,106.4,106.4,106.4,106.4,106.4,106.4,106.4,106.4,106.4,106.4,106.4,106.4,106.4,106.4,106.4,106.4,106.4,106.4,106.4,106.4,106.4,106.4,106.4,106.4,106.4,106.4,106.4,106.4,106.4,106.4,106.4,106.4,106.4,106.4,106.4,106.4,106.4,106.4,106.4,106.4,106.4,106.4,106.4,106.4,106.4,106.4,106.4,106.4,106.4,106.4,106.4,106.4,106.4,106.4,106.4,106.4,106.4,106.4,106.4,106.4,106.4,106.4,106.4,106.4,106.4,106.4,106.4,106.4,106.4,106.4,106.4,106.4,106.4,106.4,106.4,106.4,106.4,106.4,106.4,106.4,106.4,106.4,106.4,106.4,106.4,106.4,106.4,106.4,106.4,106.4,106.4,106.4,106.4,106.4,106.4,106.4,106.4,106.4,106.4,106.4,106.4,106.4,106.4,106.4,106.4,106.4,106.4,106.4,106.4,106.4,106.4,106.4,106.4,106.4,106.4,106.4,106.4,106.4,106.4,106.4,106.4,106.4,106.4,106.4,106.4,106.4,106.4,106.4,106.4,106.4,106.4,106.4,106.4,106.4,106.4,106.4,106.4,106.4,106.4,106.4,106.4,106.4,106.4,106.4,106.4,106.4,106.4,106.4,106.4,106.4,106.4,106.4,106.4,106.4,106.4,106.4,106.4,106.4,106.4,106.4
1996-01-01,,,,,,,,,,,,,,,,,,,,,,,,,,,,,,,,,,,,,,,,,,,,,,,,,,,,,,,,,,,,,,,,,,,,,,,,,,,,,,,,,,,,,,,,,,,,,,,,,,,,,,,,,,,,,,,,,,,,,,,,,,,,,,,,,,,,,,,,,,,,,,,,,,,,,,,,,,,,,,,,,,,,,,,,,,,,,,,,,,,,,,,,,,,,,,,,,,,,,,
1996-02-01,,,,,,,,,,,,,,,,,,,,,,,,,,,,,,,,,,,,,,,,,,,,,,,,,,,,,,,,,,,,,,,,,,,,,,,,,,,,,,,,,,,,,,,,,,,,,,,,,,,,,,,,,,,,,,,,,,,,,,,,,,,,,,,,,,,,,,,,,,,,,,,,,,,,,,,,,,,,,,,,,,,,,,,,,,,,,,,,,,,,,,,,,,,,,,,,,,,,,,
1996-03-01,104.5,104.5,104.5,104.5,104.5,104.5,104.5,104.5,104.5,104.5,104.5,104.5,104.5,104.5,104.5,104.5,104.5,104.5,104.5,104.5,104.5,104.5,104.5,104.5,104.5,104.5,104.5,104.5,104.5,104.5,104.5,104.5,104.5,104.5,104.5,104.5,104.5,104.5,104.5,104.5,104.5,104.5,104.5,104.5,104.5,104.5,104.5,104.5,104.5,104.5,104.5,104.5,104.5,104.5,104.5,104.5,104.5,104.5,104.5,104.5,104.5,104.5,104.5,104.5,104.5,104.5,104.5,104.5,104.5,104.5,104.5,104.5,104.5,104.5,104.5,104.5,104.5,104.5,104.5,104.5,104.5,104.5,104.5,104.5,104.5,104.5,104.5,104.5,104.5,104.5,104.5,104.5,104.5,104.5,104.5,104.5,104.5,104.5,104.5,104.5,104.5,104.5,104.5,104.5,104.5,104.5,104.5,104.5,104.5,104.5,104.5,104.5,104.5,104.5,104.5,104.5,104.5,104.5,104.5,104.5,104.5,104.5,104.5,104.5,104.5,104.5,104.5,104.5,104.5,104.5,104.5,104.5,104.5,104.5,104.5,104.5,104.5,104.5,104.5,104.5,104.5,104.5,104.5,104.5,104.5,104.5,104.5,104.5,104.5,104.5,104.5,104.5,104.5,104.5,104.5,104.5,104.5,104.5,104.5,104.5,104.5,104.5,104.5,104.5,104.5,104.5,104.5,104.5,104.5,104.5,104.5,104.5,104.5,104.5,104.5,104.5,104.5,104.5,104.5,104.5,104.5,104.5,104.5,104.5,104.5,104.5,104.5,104.5,104.5,104.5,104.5,104.5,104.5,104.5,104.5,104.5,104.5,104.5
1996-04-01,,,,,,,,,,,,,,,,,,,,,,,,,,,,,,,,,,,,,,,,,,,,,,,,,,,,,,,,,,,,,,,,,,,,,,,,,,,,,,,,,,,,,,,,,,,,,,,,,,,,,,,,,,,,,,,,,,,,,,,,,,,,,,,,,,,,,,,,,,,,,,,,,,,,,,,,,,,,,,,,,,,,,,,,,,,,,,,,,,,,,,,,,,,,,,,,,,,,,,
1996-05-01,,,,,,,,,,,,,,,,,,,,,,,,,,,,,,,,,,,,,,,,,,,,,,,,,,,,,,,,,,,,,,,,,,,,,,,,,,,,,,,,,,,,,,,,,,,,,,,,,,,,,,,,,,,,,,,,,,,,,,,,,,,,,,,,,,,,,,,,,,,,,,,,,,,,,,,,,,,,,,,,,,,,,,,,,,,,,,,,,,,,,,,,,,,,,,,,,,,,,,
1996-06-01,104.1,104.1,104.1,104.1,104.1,104.1,104.1,104.1,104.1,104.1,104.1,104.1,104.1,104.1,104.1,104.1,104.1,104.1,104.1,104.1,104.1,104.1,104.1,104.1,104.1,104.1,104.1,104.1,104.1,104.1,104.1,104.1,104.1,104.1,104.1,104.1,104.1,104.1,104.1,104.1,104.1,104.1,104.1,104.1,104.1,104.1,104.1,104.1,104.1,104.1,104.1,104.1,104.1,104.1,104.1,104.1,104.1,104.1,104.1,104.1,104.1,104.1,104.1,104.1,104.1,104.1,104.1,104.1,104.1,104.1,104.1,104.1,104.1,104.1,104.1,104.1,104.1,104.1,104.1,104.1,104.1,104.1,104.1,104.1,104.1,104.1,104.1,104.1,104.1,104.1,104.1,104.1,104.1,104.1,104.1,104.1,104.1,104.1,104.1,104.1,104.1,104.1,104.1,104.1,104.1,104.1,104.1,104.1,104.1,104.1,104.1,104.1,104.1,104.1,104.1,104.1,104.1,104.1,104.1,104.1,104.1,104.1,104.1,104.1,104.1,104.1,104.1,104.1,104.1,104.1,104.1,104.1,104.1,104.1,104.1,104.1,104.1,104.1,104.1,104.1,104.1,104.1,104.1,104.1,104.1,104.1,104.1,104.1,104.1,104.1,104.1,104.1,104.1,104.1,104.1,104.1,104.1,104.1,104.1,104.1,104.1,104.1,104.1,104.1,104.1,104.1,104.1,104.1,104.1,104.1,104.1,104.1,104.1,104.1,104.1,104.1,104.1,104.1,104.1,104.1,104.1,104.1,104.1,104.1,104.1,104.1,104.1,104.1,104.1,104.1,104.1,104.1,104.1,104.1,104.1,104.1,104.1,104.1
1996-07-01,,,,,,,,,,,,,,,,,,,,,,,,,,,,,,,,,,,,,,,,,,,,,,,,,,,,,,,,,,,,,,,,,,,,,,,,,,,,,,,,,,,,,,,,,,,,,,,,,,,,,,,,,,,,,,,,,,,,,,,,,,,,,,,,,,,,,,,,,,,,,,,,,,,,,,,,,,,,,,,,,,,,,,,,,,,,,,,,,,,,,,,,,,,,,,,,,,,,,,
1996-08-01,,,,,,,,,,,,,,,,,,,,,,,,,,,,,,,,,,,,,,,,,,,,,,,,,,,,,,,,,,,,,,,,,,,,,,,,,,,,,,,,,,,,,,,,,,,,,,,,,,,,,,,,,,,,,,,,,,,,,,,,,,,,,,,,,,,,,,,,,,,,,,,,,,,,,,,,,,,,,,,,,,,,,,,,,,,,,,,,,,,,,,,,,,,,,,,,,,,,,,
1996-09-01,103.4,103.4,103.4,103.4,103.4,103.4,103.4,103.4,103.4,103.4,103.4,103.4,103.4,103.4,103.4,103.4,103.4,103.4,103.4,103.4,103.4,103.4,103.4,103.4,103.4,103.4,103.4,103.4,103.4,103.4,103.4,103.4,103.4,103.4,103.4,103.4,103.4,103.4,103.4,103.4,103.4,103.4,103.4,103.4,103.4,103.4,103.4,103.4,103.4,103.4,103.4,103.4,103.4,103.4,103.4,103.4,103.4,103.4,103.4,103.4,103.4,103.4,103.4,103.4,103.4,103.4,103.4,103.4,103.4,103.4,103.4,103.4,103.4,103.4,103.4,103.4,103.4,103.4,103.4,103.4,103.4,103.4,103.4,103.4,103.4,103.4,103.4,103.4,103.4,103.4,103.4,103.4,103.4,103.4,103.4,103.4,103.4,103.4,103.4,103.4,103.4,103.4,103.4,103.4,103.4,103.4,103.4,103.4,103.4,103.4,103.4,103.4,103.4,103.4,103.4,103.4,103.4,103.4,103.4,103.4,103.4,103.4,103.4,103.4,103.4,103.4,103.4,103.4,103.4,103.4,103.4,103.4,103.4,103.4,103.4,103.4,103.4,103.4,103.4,103.4,103.4,103.4,103.4,103.4,103.4,103.4,103.4,103.4,103.4,103.4,103.4,103.4,103.4,103.4,103.4,103.4,103.4,103.4,103.4,103.4,103.4,103.4,103.4,103.4,103.4,103.4,103.4,103.4,103.4,103.4,103.4,103.4,103.4,103.4,103.4,103.4,103.4,103.4,103.4,103.4,103.4,103.4,103.4,103.4,103.4,103.4,103.4,103.4,103.4,103.4,103.4,103.4,103.4,103.4,103.4,103.4,103.4,103.4
1996-10-01,,,,,,,,,,,,,,,,,,,,,,,,,,,,,,,,,,,,,,,,,,,,,,,,,,,,,,,,,,,,,,,,,,,,,,,,,,,,,,,,,,,,,,,,,,,,,,,,,,,,,,,,,,,,,,,,,,,,,,,,,,,,,,,,,,,,,,,,,,,,,,,,,,,,,,,,,,,,,,,,,,,,,,,,,,,,,,,,,,,,,,,,,,,,,,,,,,,,,,
1996-11-01,,,,,,,,,,,,,,,,,,,,,,,,,,,,,,,,,,,,,,,,,,,,,,,,,,,,,,,,,,,,,,,,,,,,,,,,,,,,,,,,,,,,,,,,,,,,,,,,,,,,,,,,,,,,,,,,,,,,,,,,,,,,,,,,,,,,,,,,,,,,,,,,,,,,,,,,,,,,,,,,,,,,,,,,,,,,,,,,,,,,,,,,,,,,,,,,,,,,,,
1996-12-01,101.7,101.7,101.7,101.7,101.7,101.7,101.7,101.7,101.7,101.7,101.7,101.7,101.7,101.7,101.7,101.7,101.7,101.7,101.7,101.7,101.7,101.7,101.7,101.7,101.7,101.7,101.7,101.7,101.7,101.7,101.7,101.7,101.7,101.7,101.7,101.7,101.7,101.7,101.7,101.7,101.7,101.7,101.7,101.7,101.7,101.7,101.7,101.7,101.7,101.7,101.7,101.7,101.7,101.7,101.7,101.7,101.7,101.7,101.7,101.7,101.7,101.7,101.7,101.7,101.7,101.7,101.7,101.7,101.7,101.7,101.7,101.7,101.7,101.7,101.7,101.7,101.7,101.7,101.7,101.7,101.7,101.7,101.7,101.7,101.7,101.7,101.7,101.7,101.7,101.7,101.7,101.7,101.7,101.7,101.7,101.7,101.7,101.7,101.7,101.7,101.7,101.7,101.7,101.7,101.7,101.7,101.7,101.7,101.7,101.7,101.7,101.7,101.7,101.7,101.7,101.7,101.7,101.7,101.7,101.7,101.7,101.7,101.7,101.7,101.7,101.7,101.7,101.7,101.7,101.7,101.7,101.7,101.7,101.7,101.7,101.7,101.7,101.7,101.7,101.7,101.7,101.7,101.7,101.7,101.7,101.7,101.7,101.7,101.7,101.7,101.7,101.7,101.7,101.7,101.7,101.7,101.7,101.7,101.7,101.7,101.7,101.7,101.7,101.7,101.7,101.7,101.7,101.7,101.7,101.7,101.7,101.7,101.7,101.7,101.7,101.7,101.7,101.7,101.7,101.7,101.7,101.7,101.7,101.7,101.7,101.7,101.7,101.7,101.7,101.7,101.7,101.7,101.7,101.7,101.7,101.7,101.7,101.7
1997-01-01,,,,,,,,,,,,,,,,,,,,,,,,,,,,,,,,,,,,,,,,,,,,,,,,,,,,,,,,,,,,,,,,,,,,,,,,,,,,,,,,,,,,,,,,,,,,,,,,,,,,,,,,,,,,,,,,,,,,,,,,,,,,,,,,,,,,,,,,,,,,,,,,,,,,,,,,,,,,,,,,,,,,,,,,,,,,,,,,,,,,,,,,,,,,,,,,,,,,,,
1997-02-01,,,,,,,,,,,,,,,,,,,,,,,,,,,,,,,,,,,,,,,,,,,,,,,,,,,,,,,,,,,,,,,,,,,,,,,,,,,,,,,,,,,,,,,,,,,,,,,,,,,,,,,,,,,,,,,,,,,,,,,,,,,,,,,,,,,,,,,,,,,,,,,,,,,,,,,,,,,,,,,,,,,,,,,,,,,,,,,,,,,,,,,,,,,,,,,,,,,,,,
1997-03-01,97.1,97.1,97.1,97.1,97.1,97.1,97.1,97.1,97.1,97.1,97.1,97.1,97.1,97.1,97.1,97.1,97.1,97.1,97.1,97.1,97.1,97.1,97.1,97.1,97.1,97.1,97.1,97.1,97.1,97.1,97.1,97.1,97.1,97.1,97.1,97.1,97.1,97.1,97.1,97.1,97.1,97.1,97.1,97.1,97.1,97.1,97.1,97.1,97.1,97.1,97.1,97.1,97.1,97.1,97.1,97.1,97.1,97.1,97.1,97.1,97.1,97.1,97.1,97.1,97.1,97.1,97.1,97.1,97.1,97.1,97.1,97.1,97.1,97.1,97.1,97.1,97.1,97.1,97.1,97.1,97.1,97.1,97.1,97.1,97.1,97.1,97.1,97.1,97.1,97.1,97.1,97.1,97.1,97.1,97.1,97.1,97.1,97.1,97.1,97.1,97.1,97.1,97.1,97.1,97.1,97.1,97.1,97.1,97.1,97.1,97.1,97.1,97.1,97.1,97.1,97.1,97.1,97.1,97.1,97.1,97.1,97.1,97.1,97.1,97.1,97.1,97.1,97.1,97.1,97.1,97.1,97.1,97.1,97.1,97.1,97.1,97.1,97.1,97.1,97.1,97.1,97.1,97.1,97.1,97.1,97.1,97.1,97.1,97.1,97.1,97.1,97.1,97.1,97.1,97.1,97.1,97.1,97.1,97.1,97.1,97.1,97.1,97.1,97.1,97.1,97.1,97.1,97.1,97.1,97.1,97.1,97.1,97.1,97.1,97.1,97.1,97.1,97.1,97.1,97.1,97.1,97.1,97.1,97.1,97.1,97.1,97.1,97.1,97.1,97.1,97.1,97.1,97.1,97.1,97.1,97.1,97.1,97.1
1997-04-01,,,,,,,,,,,,,,,,,,,,,,,,,,,,,,,,,,,,,,,,,,,,,,,,,,,,,,,,,,,,,,,,,,,,,,,,,,,,,,,,,,,,,,,,,,,,,,,,,,,,,,,,,,,,,,,,,,,,,,,,,,,,,,,,,,,,,,,,,,,,,,,,,,,,,,,,,,,,,,,,,,,,,,,,,,,,,,,,,,,,,,,,,,,,,,,,,,,,,,
1997-05-01,,,,,,,,,,,,,,,,,,,,,,,,,,,,,,,,,,,,,,,,,,,,,,,,,,,,,,,,,,,,,,,,,,,,,,,,,,,,,,,,,,,,,,,,,,,,,,,,,,,,,,,,,,,,,,,,,,,,,,,,,,,,,,,,,,,,,,,,,,,,,,,,,,,,,,,,,,,,,,,,,,,,,,,,,,,,,,,,,,,,,,,,,,,,,,,,,,,,,,
1997-06-01,98.5,98.5,98.5,98.5,98.5,98.5,98.5,98.5,98.5,98.5,98.5,98.5,98.5,98.5,98.5,98.5,98.5,98.5,98.5,98.5,98.5,98.5,98.5,98.5,98.5,98.5,98.5,98.5,98.5,98.5,98.5,98.5,98.5,98.5,98.5,98.5,98.5,98.5,98.5,98.5,98.5,98.5,98.5,98.5,98.5,98.5,98.5,98.5,98.5,98.5,98.5,98.5,98.5,98.5,98.5,98.5,98.5,98.5,98.5,98.5,98.5,98.5,98.5,98.5,98.5,98.5,98.5,98.5,98.5,98.5,98.5,98.5,98.5,98.5,98.5,98.5,98.5,98.5,98.5,98.5,98.5,98.5,98.5,98.5,98.5,98.5,98.5,98.5,98.5,98.5,98.5,98.5,98.5,98.5,98.5,98.5,98.5,98.5,98.5,98.5,98.5,98.5,98.5,98.5,98.5,98.5,98.5,98.5,98.5,98.5,98.5,98.5,98.5,98.5,98.5,98.5,98.5,98.5,98.5,98.5,98.5,98.5,98.5,98.5,98.5,98.5,98.5,98.5,98.5,98.5,98.5,98.5,98.5,98.5,98.5,98.5,98.5,98.5,98.5,98.5,98.5,98.5,98.5,98.5,98.5,98.5,98.5,98.5,98.5,98.5,98.5,98.5,98.5,98.5,98.5,98.5,98.5,98.5,98.5,98.5,98.5,98.5,98.5,98.5,98.5,98.5,98.5,98.5,98.5,98.5,98.5,98.5,98.5,98.5,98.5,98.5,98.5,98.5,98.5,98.5,98.5,98.5,98.5,98.5,98.5,98.5,98.5,98.5,98.5,98.5,98.5,98.5,98.5,98.5,98.5,98.5,98.5,98.5
1997-07-01,,,,,,,,,,,,,,,,,,,,,,,,,,,,,,,,,,,,,,,,,,,,,,,,,,,,,,,,,,,,,,,,,,,,,,,,,,,,,,,,,,,,,,,,,,,,,,,,,,,,,,,,,,,,,,,,,,,,,,,,,,,,,,,,,,,,,,,,,,,,,,,,,,,,,,,,,,,,,,,,,,,,,,,,,,,,,,,,,,,,,,,,,,,,,,,,,,,,,,
1997-08-01,,,,,,,,,,,,,,,,,,,,,,,,,,,,,,,,,,,,,,,,,,,,,,,,,,,,,,,,,,,,,,,,,,,,,,,,,,,,,,,,,,,,,,,,,,,,,,,,,,,,,,,,,,,,,,,,,,,,,,,,,,,,,,,,,,,,,,,,,,,,,,,,,,,,,,,,,,,,,,,,,,,,,,,,,,,,,,,,,,,,,,,,,,,,,,,,,,,,,,
1997-09-01,98.4,98.4,98.4,98.4,98.4,98.4,98.4,98.4,98.4,98.4,98.4,98.4,98.4,98.4,98.4,98.4,98.4,98.4,98.4,98.4,98.4,98.4,98.4,98.4,98.4,98.4,98.4,98.4,98.4,98.4,98.4,98.4,98.4,98.4,98.4,98.4,98.4,98.4,98.4,98.4,98.4,98.4,98.4,98.4,98.4,98.4,98.4,98.4,98.4,98.4,98.4,98.4,98.4,98.4,98.4,98.4,98.4,98.4,98.4,98.4,98.4,98.4,98.4,98.4,98.4,98.4,98.4,98.4,98.4,98.4,98.4,98.4,98.4,98.4,98.4,98.4,98.4,98.4,98.4,98.4,98.4,98.4,98.4,98.4,98.4,98.4,98.4,98.4,98.4,98.4,98.4,98.4,98.4,98.4,98.4,98.4,98.4,98.4,98.4,98.4,98.4,98.4,98.4,98.4,98.4,98.4,98.4,98.4,98.4,98.4,98.4,98.4,98.4,98.4,98.4,98.4,98.4,98.4,98.4,98.4,98.4,98.4,98.4,98.4,98.4,98.4,98.4,98.4,98.4,98.4,98.4,98.4,98.4,98.4,98.4,98.4,98.4,98.4,98.4,98.4,98.4,98.4,98.4,98.4,98.4,98.4,98.4,98.4,98.4,98.4,98.4,98.4,98.4,98.4,98.4,98.4,98.4,98.4,98.4,98.4,98.4,98.4,98.4,98.4,98.4,98.4,98.4,98.4,98.4,98.4,98.4,98.4,98.4,98.4,98.4,98.4,98.4,98.4,98.4,98.4,98.4,98.4,98.4,98.4,98.4,98.4,98.4,98.4,98.4,98.4,98.4,98.4,98.4,98.4,98.4,98.4,98.4,98.4
1997-10-01,,,,,,,,,,,,,,,,,,,,,,,,,,,,,,,,,,,,,,,,,,,,,,,,,,,,,,,,,,,,,,,,,,,,,,,,,,,,,,,,,,,,,,,,,,,,,,,,,,,,,,,,,,,,,,,,,,,,,,,,,,,,,,,,,,,,,,,,,,,,,,,,,,,,,,,,,,,,,,,,,,,,,,,,,,,,,,,,,,,,,,,,,,,,,,,,,,,,,,
1997-11-01,,,,,,,,,,,,,,,,,,,,,,,,,,,,,,,,,,,,,,,,,,,,,,,,,,,,,,,,,,,,,,,,,,,,,,,,,,,,,,,,,,,,,,,,,,,,,,,,,,,,,,,,,,,,,,,,,,,,,,,,,,,,,,,,,,,,,,,,,,,,,,,,,,,,,,,,,,,,,,,,,,,,,,,,,,,,,,,,,,,,,,,,,,,,,,,,,,,,,,
1997-12-01,91.9,91.9,91.9,91.9,91.9,91.9,91.9,91.9,91.9,91.9,91.9,91.9,91.9,91.9,91.9,91.9,91.9,91.9,91.9,91.9,91.9,91.9,91.9,91.9,91.9,91.9,91.9,91.9,91.9,91.9,91.9,91.9,91.9,91.9,91.9,91.9,91.9,91.9,91.9,91.9,91.9,91.9,91.9,91.9,91.9,91.9,91.9,91.9,91.9,91.9,91.9,91.9,91.9,91.9,91.9,91.9,91.9,91.9,91.9,91.9,91.9,91.9,91.9,91.9,91.9,91.9,91.9,91.9,91.9,91.9,91.9,91.9,91.9,91.9,91.9,91.9,91.9,91.9,91.9,91.9,91.9,91.9,91.9,91.9,91.9,91.9,91.9,91.9,91.9,91.9,91.9,91.9,91.9,91.9,91.9,91.9,91.9,91.9,91.9,91.9,91.9,91.9,91.9,91.9,91.9,91.9,91.9,91.9,91.9,91.9,91.9,91.9,91.9,91.9,91.9,91.9,91.9,91.9,91.9,91.9,91.9,91.9,91.9,91.9,91.9,91.9,91.9,91.9,91.9,91.9,91.9,91.9,91.9,91.9,91.9,91.9,91.9,91.9,91.9,91.9,91.9,91.9,91.9,91.9,91.9,91.9,91.9,91.9,91.9,91.9,91.9,91.9,91.9,91.9,91.9,91.9,91.9,91.9,91.9,91.9,91.9,91.9,91.9,91.9,91.9,91.9,91.9,91.9,91.9,91.9,91.9,91.9,91.9,91.9,91.9,91.9,91.9,91.9,91.9,91.9,91.9,91.9,91.9,91.9,91.9,91.9,91.9,91.9,91.9,91.9,91.9,91.9,91.9,91.9,91.9,91.9,91.9,91.9
1998-01-01,,,,,,,,,,,,,,,,,,,,,,,,,,,,,,,,,,,,,,,,,,,,,,,,,,,,,,,,,,,,,,,,,,,,,,,,,,,,,,,,,,,,,,,,,,,,,,,,,,,,,,,,,,,,,,,,,,,,,,,,,,,,,,,,,,,,,,,,,,,,,,,,,,,,,,,,,,,,,,,,,,,,,,,,,,,,,,,,,,,,,,,,,,,,,,,,,,,,,,
1998-02-01,,,,,,,,,,,,,,,,,,,,,,,,,,,,,,,,,,,,,,,,,,,,,,,,,,,,,,,,,,,,,,,,,,,,,,,,,,,,,,,,,,,,,,,,,,,,,,,,,,,,,,,,,,,,,,,,,,,,,,,,,,,,,,,,,,,,,,,,,,,,,,,,,,,,,,,,,,,,,,,,,,,,,,,,,,,,,,,,,,,,,,,,,,,,,,,,,,,,,,
1998-03-01,88.0,88.0,88.0,88.0,88.0,88.0,88.0,88.0,88.0,88.0,88.0,88.0,88.0,88.0,88.0,88.0,88.0,88.0,88.0,88.0,88.0,88.0,88.0,88.0,88.0,88.0,88.0,88.0,88.0,88.0,88.0,88.0,88.0,88.0,88.0,88.0,88.0,88.0,88.0,88.0,88.0,88.0,88.0,88.0,88.0,88.0,88.0,88.0,88.0,88.0,88.0,88.0,88.0,88.0,88.0,88.0,88.0,88.0,88.0,88.0,88.0,88.0,88.0,88.0,88.0,88.0,88.0,88.0,88.0,88.0,88.0,88.0,88.0,88.0,88.0,88.0,88.0,88.0,88.0,88.0,88.0,88.0,88.0,88.0,88.0,88.0,88.0,88.0,88.0,88.0,88.0,88.0,88.0,88.0,88.0,88.0,88.0,88.0,88.0,88.0,88.0,88.0,88.0,88.0,88.0,88.0,88.0,88.0,88.0,88.0,88.0,88.0,88.0,88.0,88.0,88.0,88.0,88.0,88.0,88.0,88.0,88.0,88.0,88.0,88.0,88.0,88.0,88.0,88.0,88.0,88.0,88.0,88.0,88.0,88.0,88.0,88.0,88.0,88.0,88.0,88.0,88.0,88.0,88.0,88.0,88.0,88.0,88.0,88.0,88.0,88.0,88.0,88.0,88.0,88.0,88.0,88.0,88.0,88.0,88.0,88.0,88.0,88.0,88.0,88.0,88.0,88.0,88.0,88.0,88.0,88.0,88.0,88.0,88.0,88.0,88.0,88.0,88.0,88.0,88.0,88.0,88.0,88.0,88.0,88.0,88.0,88.0,88.0,88.0,88.0,88.0,88.0,88.0,88.0,88.0,88.0,88.0,88.0
1998-04-01,,,,,,,,,,,,,,,,,,,,,,,,,,,,,,,,,,,,,,,,,,,,,,,,,,,,,,,,,,,,,,,,,,,,,,,,,,,,,,,,,,,,,,,,,,,,,,,,,,,,,,,,,,,,,,,,,,,,,,,,,,,,,,,,,,,,,,,,,,,,,,,,,,,,,,,,,,,,,,,,,,,,,,,,,,,,,,,,,,,,,,,,,,,,,,,,,,,,,,
1998-05-01,,,,,,,,,,,,,,,,,,,,,,,,,,,,,,,,,,,,,,,,,,,,,,,,,,,,,,,,,,,,,,,,,,,,,,,,,,,,,,,,,,,,,,,,,,,,,,,,,,,,,,,,,,,,,,,,,,,,,,,,,,,,,,,,,,,,,,,,,,,,,,,,,,,,,,,,,,,,,,,,,,,,,,,,,,,,,,,,,,,,,,,,,,,,,,,,,,,,,,
1998-06-01,86.8,86.8,86.8,86.8,86.8,86.8,86.8,86.8,86.8,86.8,86.8,86.8,86.8,86.8,86.8,86.8,86.8,86.8,86.8,86.8,86.8,86.8,86.8,86.8,86.8,86.8,86.8,86.8,86.8,86.8,86.8,86.8,86.8,86.8,86.8,86.8,86.8,86.8,86.8,86.8,86.8,86.8,86.8,86.8,86.8,86.8,86.8,86.8,86.8,86.8,86.8,86.8,86.8,86.8,86.8,86.8,86.8,86.8,86.8,86.8,86.8,86.8,86.8,86.8,86.8,86.8,86.8,86.8,86.8,86.8,86.8,86.8,86.8,86.8,86.8,86.8,86.8,86.8,86.8,86.8,86.8,86.8,86.8,86.8,86.8,86.8,86.8,86.8,86.8,86.8,86.8,86.8,86.8,86.8,86.8,86.8,86.8,86.8,86.8,86.8,86.8,86.8,86.8,86.8,86.8,86.8,86.8,86.8,86.8,86.8,86.8,86.8,86.8,86.8,86.8,86.8,86.8,86.8,86.8,86.8,86.8,86.8,86.8,86.8,86.8,86.8,86.8,86.8,86.8,86.8,86.8,86.8,86.8,86.8,86.8,86.8,86.8,86.8,86.8,86.8,86.8,86.8,86.8,86.8,86.8,86.8,86.8,86.8,86.8,86.8,86.8,86.8,86.8,86.8,86.8,86.8,86.8,86.8,86.8,86.8,86.8,86.8,86.8,86.8,86.8,86.8,86.8,86.8,86.8,86.8,86.8,86.8,86.8,86.8,86.8,86.8,86.8,86.8,86.8,86.8,86.8,86.8,86.8,86.8,86.8,86.8,86.8,86.8,86.8,86.8,86.8,86.8,86.8,86.8,86.8,86.8,86.8,86.8
1998-07-01,,,,,,,,,,,,,,,,,,,,,,,,,,,,,,,,,,,,,,,,,,,,,,,,,,,,,,,,,,,,,,,,,,,,,,,,,,,,,,,,,,,,,,,,,,,,,,,,,,,,,,,,,,,,,,,,,,,,,,,,,,,,,,,,,,,,,,,,,,,,,,,,,,,,,,,,,,,,,,,,,,,,,,,,,,,,,,,,,,,,,,,,,,,,,,,,,,,,,,
1998-08-01,,,,,,,,,,,,,,,,,,,,,,,,,,,,,,,,,,,,,,,,,,,,,,,,,,,,,,,,,,,,,,,,,,,,,,,,,,,,,,,,,,,,,,,,,,,,,,,,,,,,,,,,,,,,,,,,,,,,,,,,,,,,,,,,,,,,,,,,,,,,,,,,,,,,,,,,,,,,,,,,,,,,,,,,,,,,,,,,,,,,,,,,,,,,,,,,,,,,,,
1998-09-01,84.2,84.2,84.2,84.2,84.2,84.2,84.2,84.2,84.2,84.2,84.2,84.2,84.2,84.2,84.2,84.2,84.2,84.2,84.2,84.2,84.2,84.2,84.2,84.2,84.2,84.2,84.2,84.2,84.2,84.2,84.2,84.2,84.2,84.2,84.2,84.2,84.2,84.2,84.2,84.2,84.2,84.2,84.2,84.2,84.2,84.2,84.2,84.2,84.2,84.2,84.2,84.2,84.2,84.2,84.2,84.2,84.2,84.2,84.2,84.2,84.2,84.2,84.2,84.2,84.2,84.2,84.2,84.2,84.2,84.2,84.2,84.2,84.2,84.2,84.2,84.2,84.2,84.2,84.2,84.2,84.2,84.2,84.2,84.2,84.2,84.2,84.2,84.2,84.2,84.2,84.2,84.2,84.2,84.2,84.2,84.2,84.2,84.2,84.2,84.2,84.2,84.2,84.2,84.2,84.2,84.2,84.2,84.2,84.2,84.2,84.2,84.2,84.2,84.2,84.2,84.2,84.2,84.2,84.2,84.2,84.2,84.2,84.2,84.2,84.2,84.2,84.2,84.2,84.2,84.2,84.2,84.2,84.2,84.2,84.2,84.2,84.2,84.2,84.2,84.2,84.2,84.2,84.2,84.2,84.2,84.2,84.2,84.2,84.2,84.2,84.2,84.2,84.2,84.2,84.2,84.2,84.2,84.2,84.2,84.2,84.2,84.2,84.2,84.2,84.2,84.2,84.2,84.2,84.2,84.2,84.2,84.2,84.2,84.2,84.2,84.2,84.2,84.2,84.2,84.2,84.2,84.2,84.2,84.2,84.2,84.2,84.2,84.2,84.2,84.2,84.2,84.2,84.2,84.2,84.2,84.2,84.2,84.2
1998-10-01,,,,,,,,,,,,,,,,,,,,,,,,,,,,,,,,,,,,,,,,,,,,,,,,,,,,,,,,,,,,,,,,,,,,,,,,,,,,,,,,,,,,,,,,,,,,,,,,,,,,,,,,,,,,,,,,,,,,,,,,,,,,,,,,,,,,,,,,,,,,,,,,,,,,,,,,,,,,,,,,,,,,,,,,,,,,,,,,,,,,,,,,,,,,,,,,,,,,,,
1998-11-01,,,,,,,,,,,,,,,,,,,,,,,,,,,,,,,,,,,,,,,,,,,,,,,,,,,,,,,,,,,,,,,,,,,,,,,,,,,,,,,,,,,,,,,,,,,,,,,,,,,,,,,,,,,,,,,,,,,,,,,,,,,,,,,,,,,,,,,,,,,,,,,,,,,,,,,,,,,,,,,,,,,,,,,,,,,,,,,,,,,,,,,,,,,,,,,,,,,,,,
1998-12-01,92.5,92.5,92.5,92.5,92.5,92.5,92.5,92.5,92.5,92.5,92.5,92.5,92.5,92.5,92.5,92.5,92.5,92.5,92.5,92.5,92.5,92.5,92.5,92.5,92.5,92.5,92.5,92.5,92.5,92.5,92.5,92.5,92.5,92.5,92.5,92.5,92.5,92.5,92.5,92.5,92.5,92.5,92.5,92.5,92.5,92.5,92.5,92.5,92.5,92.5,92.5,92.5,92.5,92.5,92.5,92.5,92.5,92.5,92.5,92.5,92.5,92.5,92.5,92.5,92.5,92.5,92.5,92.5,92.5,92.5,92.5,92.5,92.5,92.5,92.5,92.5,92.5,92.5,92.5,92.5,92.5,92.5,92.5,92.5,92.5,92.5,92.5,92.5,92.5,92.5,92.5,92.5,92.5,92.5,92.5,92.5,92.5,92.5,92.5,92.5,92.5,92.5,92.5,92.5,92.5,92.5,92.5,92.5,92.5,92.5,92.5,92.5,92.5,92.5,92.5,92.5,92.5,92.5,92.5,92.5,92.5,92.5,92.5,92.5,92.5,92.5,92.5,92.5,92.5,92.5,92.5,92.5,92.5,92.5,92.5,92.5,92.5,92.5,92.5,92.5,92.5,92.5,92.5,92.5,92.5,92.5,92.5,92.5,92.5,92.5,92.5,92.5,92.5,92.5,92.5,92.5,92.5,92.5,92.5,92.5,92.5,92.5,92.5,92.5,92.5,92.5,92.5,92.5,92.5,92.5,92.5,92.5,92.5,92.5,92.5,92.5,92.5,92.5,92.5,92.5,92.5,92.5,92.5,92.5,92.5,92.5,92.5,92.5,92.5,92.5,92.5,92.5,92.5,92.5,92.5,92.5,92.5,92.5
1999-01-01,,,,,,,,,,,,,,,,,,,,,,,,,,,,,,,,,,,,,,,,,,,,,,,,,,,,,,,,,,,,,,,,,,,,,,,,,,,,,,,,,,,,,,,,,,,,,,,,,,,,,,,,,,,,,,,,,,,,,,,,,,,,,,,,,,,,,,,,,,,,,,,,,,,,,,,,,,,,,,,,,,,,,,,,,,,,,,,,,,,,,,,,,,,,,,,,,,,,,,
1999-02-01,,,,,,,,,,,,,,,,,,,,,,,,,,,,,,,,,,,,,,,,,,,,,,,,,,,,,,,,,,,,,,,,,,,,,,,,,,,,,,,,,,,,,,,,,,,,,,,,,,,,,,,,,,,,,,,,,,,,,,,,,,,,,,,,,,,,,,,,,,,,,,,,,,,,,,,,,,,,,,,,,,,,,,,,,,,,,,,,,,,,,,,,,,,,,,,,,,,,,,
1999-03-01,95.2,95.2,95.2,95.2,95.2,95.2,95.2,95.2,95.2,95.2,95.2,95.2,95.2,95.2,95.2,95.2,95.2,95.2,95.2,95.2,95.2,95.2,95.2,95.2,95.2,95.2,95.2,95.2,95.2,95.2,95.2,95.2,95.2,95.2,95.2,95.2,95.2,95.2,95.2,95.2,95.2,95.2,95.2,95.2,95.2,95.2,95.2,95.2,95.2,95.2,95.2,95.2,95.2,95.2,95.2,95.2,95.2,95.2,95.2,95.2,95.2,95.2,95.2,95.2,95.2,95.2,95.2,95.2,95.2,95.2,95.2,95.2,95.2,95.2,95.2,95.2,95.2,95.2,95.2,95.2,95.2,95.2,95.2,95.2,95.2,95.2,95.2,95.2,95.2,95.2,95.2,95.2,95.2,95.2,95.2,95.2,95.2,95.2,95.2,95.2,95.2,95.2,95.2,95.2,95.2,95.2,95.2,95.2,95.2,95.2,95.2,95.2,95.2,95.2,95.2,95.2,95.2,95.2,95.2,95.2,95.2,95.2,95.2,95.2,95.2,95.2,95.2,95.2,95.2,95.2,95.2,95.2,95.2,95.2,95.2,95.2,95.2,95.2,95.2,95.2,95.2,95.2,95.2,95.2,95.2,95.2,95.2,95.2,95.2,95.2,95.2,95.2,95.2,95.2,95.2,95.2,95.2,95.2,95.2,95.2,95.2,95.2,95.2,95.2,95.2,95.2,95.2,95.2,95.2,95.2,95.2,95.2,95.2,95.2,95.2,95.2,95.2,95.2,95.2,95.2,95.2,95.2,95.2,95.2,95.2,95.2,95.2,95.2,95.2,95.2,95.2,95.2,95.2,95.2,95.2,95.2,95.2,95.2
1999-04-01,,,,,,,,,,,,,,,,,,,,,,,,,,,,,,,,,,,,,,,,,,,,,,,,,,,,,,,,,,,,,,,,,,,,,,,,,,,,,,,,,,,,,,,,,,,,,,,,,,,,,,,,,,,,,,,,,,,,,,,,,,,,,,,,,,,,,,,,,,,,,,,,,,,,,,,,,,,,,,,,,,,,,,,,,,,,,,,,,,,,,,,,,,,,,,,,,,,,,,
1999-05-01,,,,,,,,,,,,,,,,,,,,,,,,,,,,,,,,,,,,,,,,,,,,,,,,,,,,,,,,,,,,,,,,,,,,,,,,,,,,,,,,,,,,,,,,,,,,,,,,,,,,,,,,,,,,,,,,,,,,,,,,,,,,,,,,,,,,,,,,,,,,,,,,,,,,,,,,,,,,,,,,,,,,,,,,,,,,,,,,,,,,,,,,,,,,,,,,,,,,,,
1999-06-01,93.4,93.4,93.4,93.4,93.4,93.4,93.4,93.4,93.4,93.4,93.4,93.4,93.4,93.4,93.4,93.4,93.4,93.4,93.4,93.4,93.4,93.4,93.4,93.4,93.4,93.4,93.4,93.4,93.4,93.4,93.4,93.4,93.4,93.4,93.4,93.4,93.4,93.4,93.4,93.4,93.4,93.4,93.4,93.4,93.4,93.4,93.4,93.4,93.4,93.4,93.4,93.4,93.4,93.4,93.4,93.4,93.4,93.4,93.4,93.4,93.4,93.4,93.4,93.4,93.4,93.4,93.4,93.4,93.4,93.4,93.4,93.4,93.4,93.4,93.4,93.4,93.4,93.4,93.4,93.4,93.4,93.4,93.4,93.4,93.4,93.4,93.4,93.4,93.4,93.4,93.4,93.4,93.4,93.4,93.4,93.4,93.4,93.4,93.4,93.4,93.4,93.4,93.4,93.4,93.4,93.4,93.4,93.4,93.4,93.4,93.4,93.4,93.4,93.4,93.4,93.4,93.4,93.4,93.4,93.4,93.4,93.4,93.4,93.4,93.4,93.4,93.4,93.4,93.4,93.4,93.4,93.4,93.4,93.4,93.4,93.4,93.4,93.4,93.4,93.4,93.4,93.4,93.4,93.4,93.4,93.4,93.4,93.4,93.4,93.4,93.4,93.4,93.4,93.4,93.4,93.4,93.4,93.4,93.4,93.4,93.4,93.4,93.4,93.4,93.4,93.4,93.4,93.4,93.4,93.4,93.4,93.4,93.4,93.4,93.4,93.4,93.4,93.4,93.4,93.4,93.4,93.4,93.4,93.4,93.4,93.4,93.4,93.4,93.4,93.4,93.4,93.4,93.4,93.4,93.4,93.4,93.4,93.4
1999-07-01,,,,,,,,,,,,,,,,,,,,,,,,,,,,,,,,,,,,,,,,,,,,,,,,,,,,,,,,,,,,,,,,,,,,,,,,,,,,,,,,,,,,,,,,,,,,,,,,,,,,,,,,,,,,,,,,,,,,,,,,,,,,,,,,,,,,,,,,,,,,,,,,,,,,,,,,,,,,,,,,,,,,,,,,,,,,,,,,,,,,,,,,,,,,,,,,,,,,,,
1999-08-01,,,,,,,,,,,,,,,,,,,,,,,,,,,,,,,,,,,,,,,,,,,,,,,,,,,,,,,,,,,,,,,,,,,,,,,,,,,,,,,,,,,,,,,,,,,,,,,,,,,,,,,,,,,,,,,,,,,,,,,,,,,,,,,,,,,,,,,,,,,,,,,,,,,,,,,,,,,,,,,,,,,,,,,,,,,,,,,,,,,,,,,,,,,,,,,,,,,,,,
1999-09-01,96.6,96.6,96.6,96.6,96.6,96.6,96.6,96.6,96.6,96.6,96.6,96.6,96.6,96.6,96.6,96.6,96.6,96.6,96.6,96.6,96.6,96.6,96.6,96.6,96.6,96.6,96.6,96.6,96.6,96.6,96.6,96.6,96.6,96.6,96.6,96.6,96.6,96.6,96.6,96.6,96.6,96.6,96.6,96.6,96.6,96.6,96.6,96.6,96.6,96.6,96.6,96.6,96.6,96.6,96.6,96.6,96.6,96.6,96.6,96.6,96.6,96.6,96.6,96.6,96.6,96.6,96.6,96.6,96.6,96.6,96.6,96.6,96.6,96.6,96.6,96.6,96.6,96.6,96.6,96.6,96.6,96.6,96.6,96.6,96.6,96.6,96.6,96.6,96.6,96.6,96.6,96.6,96.6,96.6,96.6,96.6,96.6,96.6,96.6,96.6,96.6,96.6,96.6,96.6,96.6,96.6,96.6,96.6,96.6,96.6,96.6,96.6,96.6,96.6,96.6,96.6,96.6,96.6,96.6,96.6,96.6,96.6,96.6,96.6,96.6,96.6,96.6,96.6,96.6,96.6,96.6,96.6,96.6,96.6,96.6,96.6,96.6,96.6,96.6,96.6,96.6,96.6,96.6,96.6,96.6,96.6,96.6,96.6,96.6,96.6,96.6,96.6,96.6,96.6,96.6,96.6,96.6,96.6,96.6,96.6,96.6,96.6,96.6,96.6,96.6,96.6,96.6,96.6,96.6,96.6,96.6,96.6,96.6,96.6,96.6,96.6,96.6,96.6,96.6,96.6,96.6,96.6,96.6,96.6,96.6,96.6,96.6,96.6,96.6,96.6,96.6,96.6,96.6,96.6,96.6,96.6,96.6,96.6
1999-10-01,,,,,,,,,,,,,,,,,,,,,,,,,,,,,,,,,,,,,,,,,,,,,,,,,,,,,,,,,,,,,,,,,,,,,,,,,,,,,,,,,,,,,,,,,,,,,,,,,,,,,,,,,,,,,,,,,,,,,,,,,,,,,,,,,,,,,,,,,,,,,,,,,,,,,,,,,,,,,,,,,,,,,,,,,,,,,,,,,,,,,,,,,,,,,,,,,,,,,,
1999-11-01,,,,,,,,,,,,,,,,,,,,,,,,,,,,,,,,,,,,,,,,,,,,,,,,,,,,,,,,,,,,,,,,,,,,,,,,,,,,,,,,,,,,,,,,,,,,,,,,,,,,,,,,,,,,,,,,,,,,,,,,,,,,,,,,,,,,,,,,,,,,,,,,,,,,,,,,,,,,,,,,,,,,,,,,,,,,,,,,,,,,,,,,,,,,,,,,,,,,,,
1999-12-01,101.1,101.1,101.1,101.1,101.1,101.1,101.1,101.1,101.1,101.1,101.1,101.1,101.1,101.1,101.1,101.1,101.1,101.1,101.1,101.1,101.1,101.1,101.1,101.1,101.1,101.1,101.1,101.1,101.1,101.1,101.1,101.1,101.1,101.1,101.1,101.1,101.1,101.1,101.1,101.1,101.1,101.1,101.1,101.1,101.1,101.1,101.1,101.1,101.1,101.1,101.1,101.1,101.1,101.1,101.1,101.1,101.1,101.1,101.1,101.1,101.1,101.1,101.1,101.1,101.1,101.1,101.1,101.1,101.1,101.1,101.1,101.1,101.1,101.1,101.1,101.1,101.1,101.1,101.1,101.1,101.1,101.1,101.1,101.1,101.1,101.1,101.1,101.1,101.1,101.1,101.1,101.1,101.1,101.1,101.1,101.1,101.1,101.1,101.1,101.1,101.1,101.1,101.1,101.1,101.1,101.1,101.1,101.1,101.1,101.1,101.1,101.1,101.1,101.1,101.1,101.1,101.1,101.1,101.1,101.1,101.1,101.1,101.1,101.1,101.1,101.1,101.1,101.1,101.1,101.1,101.1,101.1,101.1,101.1,101.1,101.1,101.1,101.1,101.1,101.1,101.1,101.1,101.1,101.1,101.1,101.1,101.1,101.1,101.1,101.1,101.1,101.1,101.1,101.1,101.1,101.1,101.1,101.1,101.1,101.1,101.1,101.1,101.1,101.1,101.1,101.1,101.1,101.1,101.1,101.1,101.1,101.1,101.1,101.1,101.1,101.1,101.1,101.1,101.1,101.1,101.1,101.1,101.1,101.1,101.1,101.1,101.1,101.1,101.1,101.1,101.1,101.1,101.1,101.1,101.1,101.1,101.1,101.1
2000-01-01,,,,,,,,,,,,,,,,,,,,,,,,,,,,,,,,,,,,,,,,,,,,,,,,,,,,,,,,,,,,,,,,,,,,,,,,,,,,,,,,,,,,,,,,,,,,,,,,,,,,,,,,,,,,,,,,,,,,,,,,,,,,,,,,,,,,,,,,,,,,,,,,,,,,,,,,,,,,,,,,,,,,,,,,,,,,,,,,,,,,,,,,,,,,,,,,,,,,,,
2000-02-01,,,,,,,,,,,,,,,,,,,,,,,,,,,,,,,,,,,,,,,,,,,,,,,,,,,,,,,,,,,,,,,,,,,,,,,,,,,,,,,,,,,,,,,,,,,,,,,,,,,,,,,,,,,,,,,,,,,,,,,,,,,,,,,,,,,,,,,,,,,,,,,,,,,,,,,,,,,,,,,,,,,,,,,,,,,,,,,,,,,,,,,,,,,,,,,,,,,,,,
2000-03-01,99.8,99.8,99.8,99.8,99.8,99.8,99.8,99.8,99.8,99.8,99.8,99.8,99.8,99.8,99.8,99.8,99.8,99.8,99.8,99.8,99.8,99.8,99.8,99.8,99.8,99.8,99.8,99.8,99.8,99.8,99.8,99.8,99.8,99.8,99.8,99.8,99.8,99.8,99.8,99.8,99.8,99.8,99.8,99.8,99.8,99.8,99.8,99.8,99.8,99.8,99.8,99.8,99.8,99.8,99.8,99.8,99.8,99.8,99.8,99.8,99.8,99.8,99.8,99.8,99.8,99.8,99.8,99.8,99.8,99.8,99.8,99.8,99.8,99.8,99.8,99.8,99.8,99.8,99.8,99.8,99.8,99.8,99.8,99.8,99.8,99.8,99.8,99.8,99.8,99.8,99.8,99.8,99.8,99.8,99.8,99.8,99.8,99.8,99.8,99.8,99.8,99.8,99.8,99.8,99.8,99.8,99.8,99.8,99.8,99.8,99.8,99.8,99.8,99.8,99.8,99.8,99.8,99.8,99.8,99.8,99.8,99.8,99.8,99.8,99.8,99.8,99.8,99.8,99.8,99.8,99.8,99.8,99.8,99.8,99.8,99.8,99.8,99.8,99.8,99.8,99.8,99.8,99.8,99.8,99.8,99.8,99.8,99.8,99.8,99.8,99.8,99.8,99.8,99.8,99.8,99.8,99.8,99.8,99.8,99.8,99.8,99.8,99.8,99.8,99.8,99.8,99.8,99.8,99.8,99.8,99.8,99.8,99.8,99.8,99.8,99.8,99.8,99.8,99.8,99.8,99.8,99.8,99.8,99.8,99.8,99.8,99.8,99.8,99.8,99.8,99.8,99.8,99.8,99.8,99.8,99.8,99.8,99.8
2000-04-01,,,,,,,,,,,,,,,,,,,,,,,,,,,,,,,,,,,,,,,,,,,,,,,,,,,,,,,,,,,,,,,,,,,,,,,,,,,,,,,,,,,,,,,,,,,,,,,,,,,,,,,,,,,,,,,,,,,,,,,,,,,,,,,,,,,,,,,,,,,,,,,,,,,,,,,,,,,,,,,,,,,,,,,,,,,,,,,,,,,,,,,,,,,,,,,,,,,,,,
2000-05-01,,,,,,,,,,,,,,,,,,,,,,,,,,,,,,,,,,,,,,,,,,,,,,,,,,,,,,,,,,,,,,,,,,,,,,,,,,,,,,,,,,,,,,,,,,,,,,,,,,,,,,,,,,,,,,,,,,,,,,,,,,,,,,,,,,,,,,,,,,,,,,,,,,,,,,,,,,,,,,,,,,,,,,,,,,,,,,,,,,,,,,,,,,,,,,,,,,,,,,
2000-06-01,100.6,100.6,100.6,100.6,100.6,100.6,100.6,100.6,100.6,100.6,100.6,100.6,100.6,100.6,100.6,100.6,100.6,100.6,100.6,100.6,100.6,100.6,100.6,100.6,100.6,100.6,100.6,100.6,100.6,100.6,100.6,100.6,100.6,100.6,100.6,100.6,100.6,100.6,100.6,100.6,100.6,100.6,100.6,100.6,100.6,100.6,100.6,100.6,100.6,100.6,100.6,100.6,100.6,100.6,100.6,100.6,100.6,100.6,100.6,100.6,100.6,100.6,100.6,100.6,100.6,100.6,100.6,100.6,100.6,100.6,100.6,100.6,100.6,100.6,100.6,100.6,100.6,100.6,100.6,100.6,100.6,100.6,100.6,100.6,100.6,100.6,100.6,100.6,100.6,100.6,100.6,100.6,100.6,100.6,100.6,100.6,100.6,100.6,100.6,100.6,100.6,100.6,100.6,100.6,100.6,100.6,100.6,100.6,100.6,100.6,100.6,100.6,100.6,100.6,100.6,100.6,100.6,100.6,100.6,100.6,100.6,100.6,100.6,100.6,100.6,100.6,100.6,100.6,100.6,100.6,100.6,100.6,100.6,100.6,100.6,100.6,100.6,100.6,100.6,100.6,100.6,100.6,100.6,100.6,100.6,100.6,100.6,100.6,100.6,100.6,100.6,100.6,100.6,100.6,100.6,100.6,100.6,100.6,100.6,100.6,100.6,100.6,100.6,100.6,100.6,100.6,100.6,100.6,100.6,100.6,100.6,100.6,100.6,100.6,100.6,100.6,100.6,100.6,100.6,100.6,100.6,100.6,100.6,100.6,100.6,100.6,100.6,100.6,100.6,100.6,100.6,100.6,100.6,100.6,100.6,100.6,100.6,100.6
2000-07-01,,,,,,,,,,,,,,,,,,,,,,,,,,,,,,,,,,,,,,,,,,,,,,,,,,,,,,,,,,,,,,,,,,,,,,,,,,,,,,,,,,,,,,,,,,,,,,,,,,,,,,,,,,,,,,,,,,,,,,,,,,,,,,,,,,,,,,,,,,,,,,,,,,,,,,,,,,,,,,,,,,,,,,,,,,,,,,,,,,,,,,,,,,,,,,,,,,,,,,
2000-08-01,,,,,,,,,,,,,,,,,,,,,,,,,,,,,,,,,,,,,,,,,,,,,,,,,,,,,,,,,,,,,,,,,,,,,,,,,,,,,,,,,,,,,,,,,,,,,,,,,,,,,,,,,,,,,,,,,,,,,,,,,,,,,,,,,,,,,,,,,,,,,,,,,,,,,,,,,,,,,,,,,,,,,,,,,,,,,,,,,,,,,,,,,,,,,,,,,,,,,,
2000-09-01,100.6,100.6,100.6,100.6,100.6,100.6,100.6,100.6,100.6,100.6,100.6,100.6,100.6,100.6,100.6,100.6,100.6,100.6,100.6,100.6,100.6,100.6,100.6,100.6,100.6,100.6,100.6,100.6,100.6,100.6,100.6,100.6,100.6,100.6,100.6,100.6,100.6,100.6,100.6,100.6,100.6,100.6,100.6,100.6,100.6,100.6,100.6,100.6,100.6,100.6,100.6,100.6,100.6,100.6,100.6,100.6,100.6,100.6,100.6,100.6,100.6,100.6,100.6,100.6,100.6,100.6,100.6,100.6,100.6,100.6,100.6,100.6,100.6,100.6,100.6,100.6,100.6,100.6,100.6,100.6,100.6,100.6,100.6,100.6,100.6,100.6,100.6,100.6,100.6,100.6,100.6,100.6,100.6,100.6,100.6,100.6,100.6,100.6,100.6,100.6,100.6,100.6,100.6,100.6,100.6,100.6,100.6,100.6,100.6,100.6,100.6,100.6,100.6,100.6,100.6,100.6,100.6,100.6,100.6,100.6,100.6,100.6,100.6,100.6,100.6,100.6,100.6,100.6,100.6,100.6,100.6,100.6,100.6,100.6,100.6,100.6,100.6,100.6,100.6,100.6,100.6,100.6,100.6,100.6,100.6,100.6,100.6,100.6,100.6,100.6,100.6,100.6,100.6,100.6,100.6,100.6,100.6,100.6,100.6,100.6,100.6,100.6,100.6,100.6,100.6,100.6,100.6,100.6,100.6,100.6,100.6,100.6,100.6,100.6,100.6,100.6,100.6,100.6,100.6,100.6,100.6,100.6,100.6,100.6,100.6,100.6,100.6,100.6,100.6,100.6,100.6,100.6,100.6,100.6,100.6,100.6,100.6,100.6
2000-10-01,,,,,,,,,,,,,,,,,,,,,,,,,,,,,,,,,,,,,,,,,,,,,,,,,,,,,,,,,,,,,,,,,,,,,,,,,,,,,,,,,,,,,,,,,,,,,,,,,,,,,,,,,,,,,,,,,,,,,,,,,,,,,,,,,,,,,,,,,,,,,,,,,,,,,,,,,,,,,,,,,,,,,,,,,,,,,,,,,,,,,,,,,,,,,,,,,,,,,,
2000-11-01,,,,,,,,,,,,,,,,,,,,,,,,,,,,,,,,,,,,,,,,,,,,,,,,,,,,,,,,,,,,,,,,,,,,,,,,,,,,,,,,,,,,,,,,,,,,,,,,,,,,,,,,,,,,,,,,,,,,,,,,,,,,,,,,,,,,,,,,,,,,,,,,,,,,,,,,,,,,,,,,,,,,,,,,,,,,,,,,,,,,,,,,,,,,,,,,,,,,,,
2000-12-01,99.0,99.0,99.0,99.0,99.0,99.0,99.0,99.0,99.0,99.0,99.0,99.0,99.0,99.0,99.0,99.0,99.0,99.0,99.0,99.0,99.0,99.0,99.0,99.0,99.0,99.0,99.0,99.0,99.0,99.0,99.0,99.0,99.0,99.0,99.0,99.0,99.0,99.0,99.0,99.0,99.0,99.0,99.0,99.0,99.0,99.0,99.0,99.0,99.0,99.0,99.0,99.0,99.0,99.0,99.0,99.0,99.0,99.0,99.0,99.0,99.0,99.0,99.0,99.0,99.0,99.0,99.0,99.0,99.0,99.0,99.0,99.0,99.0,99.0,99.0,99.0,99.0,99.0,99.0,99.0,99.0,99.0,99.0,99.0,99.0,99.0,99.0,99.0,99.0,99.0,99.0,99.0,99.0,99.0,99.0,99.0,99.0,99.0,99.0,99.0,99.0,99.0,99.0,99.0,99.0,99.0,99.0,99.0,99.0,99.0,99.0,99.0,99.0,99.0,99.0,99.0,99.0,99.0,99.0,99.0,99.0,99.0,99.0,99.0,99.0,99.0,99.0,99.0,99.0,99.0,99.0,99.0,99.0,99.0,99.0,99.0,99.0,99.0,99.0,99.0,99.0,99.0,99.0,99.0,99.0,99.0,99.0,99.0,99.0,99.0,99.0,99.0,99.0,99.0,99.0,99.0,99.0,99.0,99.0,99.0,99.0,99.0,99.0,99.0,99.0,99.0,99.0,99.0,99.0,99.0,99.0,99.0,99.0,99.0,99.0,99.0,99.0,99.0,99.0,99.0,99.0,99.0,99.0,99.0,99.0,99.0,99.0,99.0,99.0,99.0,99.0,99.0,99.0,99.0,99.0,99.0,99.0,99.0
2001-01-01,,,,,,,,,,,,,,,,,,,,,,,,,,,,,,,,,,,,,,,,,,,,,,,,,,,,,,,,,,,,,,,,,,,,,,,,,,,,,,,,,,,,,,,,,,,,,,,,,,,,,,,,,,,,,,,,,,,,,,,,,,,,,,,,,,,,,,,,,,,,,,,,,,,,,,,,,,,,,,,,,,,,,,,,,,,,,,,,,,,,,,,,,,,,,,,,,,,,,,
2001-02-01,,,,,,,,,,,,,,,,,,,,,,,,,,,,,,,,,,,,,,,,,,,,,,,,,,,,,,,,,,,,,,,,,,,,,,,,,,,,,,,,,,,,,,,,,,,,,,,,,,,,,,,,,,,,,,,,,,,,,,,,,,,,,,,,,,,,,,,,,,,,,,,,,,,,,,,,,,,,,,,,,,,,,,,,,,,,,,,,,,,,,,,,,,,,,,,,,,,,,,
2001-03-01,95.4,95.4,95.4,95.4,95.4,95.4,95.4,95.4,95.4,95.4,95.4,95.4,95.4,95.4,95.4,95.4,95.4,95.4,95.4,95.4,95.4,95.4,95.4,95.4,95.4,95.4,95.4,95.4,95.4,95.4,95.4,95.4,95.4,95.4,95.4,95.4,95.4,95.4,95.4,95.4,95.4,95.4,95.4,95.4,95.4,95.4,95.4,95.4,95.4,95.4,95.4,95.4,95.4,95.4,95.4,95.4,95.4,95.4,95.4,95.4,95.4,95.4,95.4,95.4,95.4,95.4,95.4,95.4,95.4,95.4,95.4,95.4,95.4,95.4,95.4,95.4,95.4,95.4,95.4,95.4,95.4,95.4,95.4,95.4,95.4,95.4,95.4,95.4,95.4,95.4,95.4,95.4,95.4,95.4,95.4,95.4,95.4,95.4,95.4,95.4,95.4,95.4,95.4,95.4,95.4,95.4,95.4,95.4,95.4,95.4,95.4,95.4,95.4,95.4,95.4,95.4,95.4,95.4,95.4,95.4,95.4,95.4,95.4,95.4,95.4,95.4,95.4,95.4,95.4,95.4,95.4,95.4,95.4,95.4,95.4,95.4,95.4,95.4,95.4,95.4,95.4,95.4,95.4,95.4,95.4,95.4,95.4,95.4,95.4,95.4,95.4,95.4,95.4,95.4,95.4,95.4,95.4,95.4,95.4,95.4,95.4,95.4,95.4,95.4,95.4,95.4,95.4,95.4,95.4,95.4,95.4,95.4,95.4,95.4,95.4,95.4,95.4,95.4,95.4,95.4,95.4,95.4,95.4,95.4,95.4,95.4,95.4,95.4,95.4,95.4,95.4,95.4,95.4,95.4,95.4,95.4,95.4,95.4
2001-04-01,,,,,,,,,,,,,,,,,,,,,,,,,,,,,,,,,,,,,,,,,,,,,,,,,,,,,,,,,,,,,,,,,,,,,,,,,,,,,,,,,,,,,,,,,,,,,,,,,,,,,,,,,,,,,,,,,,,,,,,,,,,,,,,,,,,,,,,,,,,,,,,,,,,,,,,,,,,,,,,,,,,,,,,,,,,,,,,,,,,,,,,,,,,,,,,,,,,,,,
2001-05-01,,,,,,,,,,,,,,,,,,,,,,,,,,,,,,,,,,,,,,,,,,,,,,,,,,,,,,,,,,,,,,,,,,,,,,,,,,,,,,,,,,,,,,,,,,,,,,,,,,,,,,,,,,,,,,,,,,,,,,,,,,,,,,,,,,,,,,,,,,,,,,,,,,,,,,,,,,,,,,,,,,,,,,,,,,,,,,,,,,,,,,,,,,,,,,,,,,,,,,
2001-06-01,92.8,92.8,92.8,92.8,92.8,92.8,92.8,92.8,92.8,92.8,92.8,92.8,92.8,92.8,92.8,92.8,92.8,92.8,92.8,92.8,92.8,92.8,92.8,92.8,92.8,92.8,92.8,92.8,92.8,92.8,92.8,92.8,92.8,92.8,92.8,92.8,92.8,92.8,92.8,92.8,92.8,92.8,92.8,92.8,92.8,92.8,92.8,92.8,92.8,92.8,92.8,92.8,92.8,92.8,92.8,92.8,92.8,92.8,92.8,92.8,92.8,92.8,92.8,92.8,92.8,92.8,92.8,92.8,92.8,92.8,92.8,92.8,92.8,92.8,92.8,92.8,92.8,92.8,92.8,92.8,92.8,92.8,92.8,92.8,92.8,92.8,92.8,92.8,92.8,92.8,92.8,92.8,92.8,92.8,92.8,92.8,92.8,92.8,92.8,92.8,92.8,92.8,92.8,92.8,92.8,92.8,92.8,92.8,92.8,92.8,92.8,92.8,92.8,92.8,92.8,92.8,92.8,92.8,92.8,92.8,92.8,92.8,92.8,92.8,92.8,92.8,92.8,92.8,92.8,92.8,92.8,92.8,92.8,92.8,92.8,92.8,92.8,92.8,92.8,92.8,92.8,92.8,92.8,92.8,92.8,92.8,92.8,92.8,92.8,92.8,92.8,92.8,92.8,92.8,92.8,92.8,92.8,92.8,92.8,92.8,92.8,92.8,92.8,92.8,92.8,92.8,92.8,92.8,92.8,92.8,92.8,92.8,92.8,92.8,92.8,92.8,92.8,92.8,92.8,92.8,92.8,92.8,92.8,92.8,92.8,92.8,92.8,92.8,92.8,92.8,92.8,92.8,92.8,92.8,92.8,92.8,92.8,92.8
2001-07-01,,,,,,,,,,,,,,,,,,,,,,,,,,,,,,,,,,,,,,,,,,,,,,,,,,,,,,,,,,,,,,,,,,,,,,,,,,,,,,,,,,,,,,,,,,,,,,,,,,,,,,,,,,,,,,,,,,,,,,,,,,,,,,,,,,,,,,,,,,,,,,,,,,,,,,,,,,,,,,,,,,,,,,,,,,,,,,,,,,,,,,,,,,,,,,,,,,,,,,
2001-08-01,,,,,,,,,,,,,,,,,,,,,,,,,,,,,,,,,,,,,,,,,,,,,,,,,,,,,,,,,,,,,,,,,,,,,,,,,,,,,,,,,,,,,,,,,,,,,,,,,,,,,,,,,,,,,,,,,,,,,,,,,,,,,,,,,,,,,,,,,,,,,,,,,,,,,,,,,,,,,,,,,,,,,,,,,,,,,,,,,,,,,,,,,,,,,,,,,,,,,,
2001-09-01,92.2,92.2,92.2,92.2,92.2,92.2,92.2,92.2,92.2,92.2,92.2,92.2,92.2,92.2,92.2,92.2,92.2,92.2,92.2,92.2,92.2,92.2,92.2,92.2,92.2,92.2,92.2,92.2,92.2,92.2,92.2,92.2,92.2,92.2,92.2,92.2,92.2,92.2,92.2,92.2,92.2,92.2,92.2,92.2,92.2,92.2,92.2,92.2,92.2,92.2,92.2,92.2,92.2,92.2,92.2,92.2,92.2,92.2,92.2,92.2,92.2,92.2,92.2,92.2,92.2,92.2,92.2,92.2,92.2,92.2,92.2,92.2,92.2,92.2,92.2,92.2,92.2,92.2,92.2,92.2,92.2,92.2,92.2,92.2,92.2,92.2,92.2,92.2,92.2,92.2,92.2,92.2,92.2,92.2,92.2,92.2,92.2,92.2,92.2,92.2,92.2,92.2,92.2,92.2,92.2,92.2,92.2,92.2,92.2,92.2,92.2,92.2,92.2,92.2,92.2,92.2,92.2,92.2,92.2,92.2,92.2,92.2,92.2,92.2,92.2,92.2,92.2,92.2,92.2,92.2,92.2,92.2,92.2,92.2,92.2,92.2,92.2,92.2,92.2,92.2,92.2,92.2,92.2,92.2,92.2,92.2,92.2,92.2,92.2,92.2,92.2,92.2,92.2,92.2,92.2,92.2,92.2,92.2,92.2,92.2,92.2,92.2,92.2,92.2,92.2,92.2,92.2,92.2,92.2,92.2,92.2,92.2,92.2,92.2,92.2,92.2,92.2,92.2,92.2,92.2,92.2,92.2,92.2,92.2,92.2,92.2,92.2,92.2,92.2,92.2,92.2,92.2,92.2,92.2,92.2,92.2,92.2,92.2
2001-10-01,,,,,,,,,,,,,,,,,,,,,,,,,,,,,,,,,,,,,,,,,,,,,,,,,,,,,,,,,,,,,,,,,,,,,,,,,,,,,,,,,,,,,,,,,,,,,,,,,,,,,,,,,,,,,,,,,,,,,,,,,,,,,,,,,,,,,,,,,,,,,,,,,,,,,,,,,,,,,,,,,,,,,,,,,,,,,,,,,,,,,,,,,,,,,,,,,,,,,,
2001-11-01,,,,,,,,,,,,,,,,,,,,,,,,,,,,,,,,,,,,,,,,,,,,,,,,,,,,,,,,,,,,,,,,,,,,,,,,,,,,,,,,,,,,,,,,,,,,,,,,,,,,,,,,,,,,,,,,,,,,,,,,,,,,,,,,,,,,,,,,,,,,,,,,,,,,,,,,,,,,,,,,,,,,,,,,,,,,,,,,,,,,,,,,,,,,,,,,,,,,,,
2001-12-01,91.8,91.8,91.8,91.8,91.8,91.8,91.8,91.8,91.8,91.8,91.8,91.8,91.8,91.8,91.8,91.8,91.8,91.8,91.8,91.8,91.8,91.8,91.8,91.8,91.8,91.8,91.8,91.8,91.8,91.8,91.8,91.8,91.8,91.8,91.8,91.8,91.8,91.8,91.8,91.8,91.8,91.8,91.8,91.8,91.8,91.8,91.8,91.8,91.8,91.8,91.8,91.8,91.8,91.8,91.8,91.8,91.8,91.8,91.8,91.8,91.8,91.8,91.8,91.8,91.8,91.8,91.8,91.8,91.8,91.8,91.8,91.8,91.8,91.8,91.8,91.8,91.8,91.8,91.8,91.8,91.8,91.8,91.8,91.8,91.8,91.8,91.8,91.8,91.8,91.8,91.8,91.8,91.8,91.8,91.8,91.8,91.8,91.8,91.8,91.8,91.8,91.8,91.8,91.8,91.8,91.8,91.8,91.8,91.8,91.8,91.8,91.8,91.8,91.8,91.8,91.8,91.8,91.8,91.8,91.8,91.8,91.8,91.8,91.8,91.8,91.8,91.8,91.8,91.8,91.8,91.8,91.8,91.8,91.8,91.8,91.8,91.8,91.8,91.8,91.8,91.8,91.8,91.8,91.8,91.8,91.8,91.8,91.8,91.8,91.8,91.8,91.8,91.8,91.8,91.8,91.8,91.8,91.8,91.8,91.8,91.8,91.8,91.8,91.8,91.8,91.8,91.8,91.8,91.8,91.8,91.8,91.8,91.8,91.8,91.8,91.8,91.8,91.8,91.8,91.8,91.8,91.8,91.8,91.8,91.8,91.8,91.8,91.8,91.8,91.8,91.8,91.8,91.8,91.8,91.8,91.8,91.8,91.8
2002-01-01,,,,,,,,,,,,,,,,,,,,,,,,,,,,,,,,,,,,,,,,,,,,,,,,,,,,,,,,,,,,,,,,,,,,,,,,,,,,,,,,,,,,,,,,,,,,,,,,,,,,,,,,,,,,,,,,,,,,,,,,,,,,,,,,,,,,,,,,,,,,,,,,,,,,,,,,,,,,,,,,,,,,,,,,,,,,,,,,,,,,,,,,,,,,,,,,,,,,,,
2002-02-01,,,,,,,,,,,,,,,,,,,,,,,,,,,,,,,,,,,,,,,,,,,,,,,,,,,,,,,,,,,,,,,,,,,,,,,,,,,,,,,,,,,,,,,,,,,,,,,,,,,,,,,,,,,,,,,,,,,,,,,,,,,,,,,,,,,,,,,,,,,,,,,,,,,,,,,,,,,,,,,,,,,,,,,,,,,,,,,,,,,,,,,,,,,,,,,,,,,,,,
2002-03-01,89.1,89.1,89.1,89.1,89.1,89.1,89.1,89.1,89.1,89.1,89.1,89.1,89.1,89.1,89.1,89.1,89.1,89.1,89.1,89.1,89.1,89.1,89.1,89.1,89.1,89.1,89.1,89.1,89.1,89.1,89.1,89.1,89.1,89.1,89.1,89.1,89.1,89.1,89.1,89.1,89.1,89.1,89.1,89.1,89.1,89.1,89.1,89.1,89.1,89.1,89.1,89.1,89.1,89.1,89.1,89.1,89.1,89.1,89.1,89.1,89.1,89.1,89.1,89.1,89.1,89.1,89.1,89.1,89.1,89.1,89.1,89.1,89.1,89.1,89.1,89.1,89.1,89.1,89.1,89.1,89.1,89.1,89.1,89.1,89.1,89.1,89.1,89.1,89.1,89.1,89.1,89.1,89.1,89.1,89.1,89.1,89.1,89.1,89.1,89.1,89.1,89.1,89.1,89.1,89.1,89.1,89.1,89.1,89.1,89.1,89.1,89.1,89.1,89.1,89.1,89.1,89.1,89.1,89.1,89.1,89.1,89.1,89.1,89.1,89.1,89.1,89.1,89.1,89.1,89.1,89.1,89.1,89.1,89.1,89.1,89.1,89.1,89.1,89.1,89.1,89.1,89.1,89.1,89.1,89.1,89.1,89.1,89.1,89.1,89.1,89.1,89.1,89.1,89.1,89.1,89.1,89.1,89.1,89.1,89.1,89.1,89.1,89.1,89.1,89.1,89.1,89.1,89.1,89.1,89.1,89.1,89.1,89.1,89.1,89.1,89.1,89.1,89.1,89.1,89.1,89.1,89.1,89.1,89.1,89.1,89.1,89.1,89.1,89.1,89.1,89.1,89.1,89.1,89.1,89.1,89.1,89.1,89.1
2002-04-01,,,,,,,,,,,,,,,,,,,,,,,,,,,,,,,,,,,,,,,,,,,,,,,,,,,,,,,,,,,,,,,,,,,,,,,,,,,,,,,,,,,,,,,,,,,,,,,,,,,,,,,,,,,,,,,,,,,,,,,,,,,,,,,,,,,,,,,,,,,,,,,,,,,,,,,,,,,,,,,,,,,,,,,,,,,,,,,,,,,,,,,,,,,,,,,,,,,,,,
2002-05-01,,,,,,,,,,,,,,,,,,,,,,,,,,,,,,,,,,,,,,,,,,,,,,,,,,,,,,,,,,,,,,,,,,,,,,,,,,,,,,,,,,,,,,,,,,,,,,,,,,,,,,,,,,,,,,,,,,,,,,,,,,,,,,,,,,,,,,,,,,,,,,,,,,,,,,,,,,,,,,,,,,,,,,,,,,,,,,,,,,,,,,,,,,,,,,,,,,,,,,
2002-06-01,92.2,92.2,92.2,92.2,92.2,92.2,92.2,92.2,92.2,92.2,92.2,92.2,92.2,92.2,92.2,92.2,92.2,92.2,92.2,92.2,92.2,92.2,92.2,92.2,92.2,92.2,92.2,92.2,92.2,92.2,92.2,92.2,92.2,92.2,92.2,92.2,92.2,92.2,92.2,92.2,92.2,92.2,92.2,92.2,92.2,92.2,92.2,92.2,92.2,92.2,92.2,92.2,92.2,92.2,92.2,92.2,92.2,92.2,92.2,92.2,92.2,92.2,92.2,92.2,92.2,92.2,92.2,92.2,92.2,92.2,92.2,92.2,92.2,92.2,92.2,92.2,92.2,92.2,92.2,92.2,92.2,92.2,92.2,92.2,92.2,92.2,92.2,92.2,92.2,92.2,92.2,92.2,92.2,92.2,92.2,92.2,92.2,92.2,92.2,92.2,92.2,92.2,92.2,92.2,92.2,92.2,92.2,92.2,92.2,92.2,92.2,92.2,92.2,92.2,92.2,92.2,92.2,92.2,92.2,92.2,92.2,92.2,92.2,92.2,92.2,92.2,92.2,92.2,92.2,92.2,92.2,92.2,92.2,92.2,92.2,92.2,92.2,92.2,92.2,92.2,92.2,92.2,92.2,92.2,92.2,92.2,92.2,92.2,92.2,92.2,92.2,92.2,92.2,92.2,92.2,92.2,92.2,92.2,92.2,92.2,92.2,92.2,92.2,92.2,92.2,92.2,92.2,92.2,92.2,92.2,92.2,92.2,92.2,92.2,92.2,92.2,92.2,92.2,92.2,92.2,92.2,92.2,92.2,92.2,92.2,92.2,92.2,92.2,92.2,92.2,92.2,92.2,92.2,92.2,92.2,92.2,92.2,92.2
2002-07-01,,,,,,,,,,,,,,,,,,,,,,,,,,,,,,,,,,,,,,,,,,,,,,,,,,,,,,,,,,,,,,,,,,,,,,,,,,,,,,,,,,,,,,,,,,,,,,,,,,,,,,,,,,,,,,,,,,,,,,,,,,,,,,,,,,,,,,,,,,,,,,,,,,,,,,,,,,,,,,,,,,,,,,,,,,,,,,,,,,,,,,,,,,,,,,,,,,,,,,
2002-08-01,,,,,,,,,,,,,,,,,,,,,,,,,,,,,,,,,,,,,,,,,,,,,,,,,,,,,,,,,,,,,,,,,,,,,,,,,,,,,,,,,,,,,,,,,,,,,,,,,,,,,,,,,,,,,,,,,,,,,,,,,,,,,,,,,,,,,,,,,,,,,,,,,,,,,,,,,,,,,,,,,,,,,,,,,,,,,,,,,,,,,,,,,,,,,,,,,,,,,,
2002-09-01,95.7,95.7,95.7,95.7,95.7,95.7,95.7,95.7,95.7,95.7,95.7,95.7,95.7,95.7,95.7,95.7,95.7,95.7,95.7,95.7,95.7,95.7,95.7,95.7,95.7,95.7,95.7,95.7,95.7,95.7,95.7,95.7,95.7,95.7,95.7,95.7,95.7,95.7,95.7,95.7,95.7,95.7,95.7,95.7,95.7,95.7,95.7,95.7,95.7,95.7,95.7,95.7,95.7,95.7,95.7,95.7,95.7,95.7,95.7,95.7,95.7,95.7,95.7,95.7,95.7,95.7,95.7,95.7,95.7,95.7,95.7,95.7,95.7,95.7,95.7,95.7,95.7,95.7,95.7,95.7,95.7,95.7,95.7,95.7,95.7,95.7,95.7,95.7,95.7,95.7,95.7,95.7,95.7,95.7,95.7,95.7,95.7,95.7,95.7,95.7,95.7,95.7,95.7,95.7,95.7,95.7,95.7,95.7,95.7,95.7,95.7,95.7,95.7,95.7,95.7,95.7,95.7,95.7,95.7,95.7,95.7,95.7,95.7,95.7,95.7,95.7,95.7,95.7,95.7,95.7,95.7,95.7,95.7,95.7,95.7,95.7,95.7,95.7,95.7,95.7,95.7,95.7,95.7,95.7,95.7,95.7,95.7,95.7,95.7,95.7,95.7,95.7,95.7,95.7,95.7,95.7,95.7,95.7,95.7,95.7,95.7,95.7,95.7,95.7,95.7,95.7,95.7,95.7,95.7,95.7,95.7,95.7,95.7,95.7,95.7,95.7,95.7,95.7,95.7,95.7,95.7,95.7,95.7,95.7,95.7,95.7,95.7,95.7,95.7,95.7,95.7,95.7,95.7,95.7,95.7,95.7,95.7,95.7
2002-10-01,,,,,,,,,,,,,,,,,,,,,,,,,,,,,,,,,,,,,,,,,,,,,,,,,,,,,,,,,,,,,,,,,,,,,,,,,,,,,,,,,,,,,,,,,,,,,,,,,,,,,,,,,,,,,,,,,,,,,,,,,,,,,,,,,,,,,,,,,,,,,,,,,,,,,,,,,,,,,,,,,,,,,,,,,,,,,,,,,,,,,,,,,,,,,,,,,,,,,,
2002-11-01,,,,,,,,,,,,,,,,,,,,,,,,,,,,,,,,,,,,,,,,,,,,,,,,,,,,,,,,,,,,,,,,,,,,,,,,,,,,,,,,,,,,,,,,,,,,,,,,,,,,,,,,,,,,,,,,,,,,,,,,,,,,,,,,,,,,,,,,,,,,,,,,,,,,,,,,,,,,,,,,,,,,,,,,,,,,,,,,,,,,,,,,,,,,,,,,,,,,,,
2002-12-01,102.2,102.2,102.2,102.2,102.2,102.2,102.2,102.2,102.2,102.2,102.2,102.2,102.2,102.2,102.2,102.2,102.2,102.2,102.2,102.2,102.2,102.2,102.2,102.2,102.2,102.2,102.2,102.2,102.2,102.2,102.2,102.2,102.2,102.2,102.2,102.2,102.2,102.2,102.2,102.2,102.2,102.2,102.2,102.2,102.2,102.2,102.2,102.2,102.2,102.2,102.2,102.2,102.2,102.2,102.2,102.2,102.2,102.2,102.2,102.2,102.2,102.2,102.2,102.2,102.2,102.2,102.2,102.2,102.2,102.2,102.2,102.2,102.2,102.2,102.2,102.2,102.2,102.2,102.2,102.2,102.2,102.2,102.2,102.2,102.2,102.2,102.2,102.2,102.2,102.2,102.2,102.2,102.2,102.2,102.2,102.2,102.2,102.2,102.2,102.2,102.2,102.2,102.2,102.2,102.2,102.2,102.2,102.2,102.2,102.2,102.2,102.2,102.2,102.2,102.2,102.2,102.2,102.2,102.2,102.2,102.2,102.2,102.2,102.2,102.2,102.2,102.2,102.2,102.2,102.2,102.2,102.2,102.2,102.2,102.2,102.2,102.2,102.2,102.2,102.2,102.2,102.2,102.2,102.2,102.2,102.2,102.2,102.2,102.2,102.2,102.2,102.2,102.2,102.2,102.2,102.2,102.2,102.2,102.2,102.2,102.2,102.2,102.2,102.2,102.2,102.2,102.2,102.2,102.2,102.2,102.2,102.2,102.2,102.2,102.2,102.2,102.2,102.2,102.2,102.2,102.2,102.2,102.2,102.2,102.2,102.2,102.2,102.2,102.2,102.2,102.2,102.2,102.2,102.2,102.2,102.2,102.2,102.2
2003-01-01,,,,,,,,,,,,,,,,,,,,,,,,,,,,,,,,,,,,,,,,,,,,,,,,,,,,,,,,,,,,,,,,,,,,,,,,,,,,,,,,,,,,,,,,,,,,,,,,,,,,,,,,,,,,,,,,,,,,,,,,,,,,,,,,,,,,,,,,,,,,,,,,,,,,,,,,,,,,,,,,,,,,,,,,,,,,,,,,,,,,,,,,,,,,,,,,,,,,,,
2003-02-01,,,,,,,,,,,,,,,,,,,,,,,,,,,,,,,,,,,,,,,,,,,,,,,,,,,,,,,,,,,,,,,,,,,,,,,,,,,,,,,,,,,,,,,,,,,,,,,,,,,,,,,,,,,,,,,,,,,,,,,,,,,,,,,,,,,,,,,,,,,,,,,,,,,,,,,,,,,,,,,,,,,,,,,,,,,,,,,,,,,,,,,,,,,,,,,,,,,,,,
2003-03-01,103.6,103.6,103.6,103.6,103.6,103.6,103.6,103.6,103.6,103.6,103.6,103.6,103.6,103.6,103.6,103.6,103.6,103.6,103.6,103.6,103.6,103.6,103.6,103.6,103.6,103.6,103.6,103.6,103.6,103.6,103.6,103.6,103.6,103.6,103.6,103.6,103.6,103.6,103.6,103.6,103.6,103.6,103.6,103.6,103.6,103.6,103.6,103.6,103.6,103.6,103.6,103.6,103.6,103.6,103.6,103.6,103.6,103.6,103.6,103.6,103.6,103.6,103.6,103.6,103.6,103.6,103.6,103.6,103.6,103.6,103.6,103.6,103.6,103.6,103.6,103.6,103.6,103.6,103.6,103.6,103.6,103.6,103.6,103.6,103.6,103.6,103.6,103.6,103.6,103.6,103.6,103.6,103.6,103.6,103.6,103.6,103.6,103.6,103.6,103.6,103.6,103.6,103.6,103.6,103.6,103.6,103.6,103.6,103.6,103.6,103.6,103.6,103.6,103.6,103.6,103.6,103.6,103.6,103.6,103.6,103.6,103.6,103.6,103.6,103.6,103.6,103.6,103.6,103.6,103.6,103.6,103.6,103.6,103.6,103.6,103.6,103.6,103.6,103.6,103.6,103.6,103.6,103.6,103.6,103.6,103.6,103.6,103.6,103.6,103.6,103.6,103.6,103.6,103.6,103.6,103.6,103.6,103.6,103.6,103.6,103.6,103.6,103.6,103.6,103.6,103.6,103.6,103.6,103.6,103.6,103.6,103.6,103.6,103.6,103.6,103.6,103.6,103.6,103.6,103.6,103.6,103.6,103.6,103.6,103.6,103.6,103.6,103.6,103.6,103.6,103.6,103.6,103.6,103.6,103.6,103.6,103.6,103.6
2003-04-01,,,,,,,,,,,,,,,,,,,,,,,,,,,,,,,,,,,,,,,,,,,,,,,,,,,,,,,,,,,,,,,,,,,,,,,,,,,,,,,,,,,,,,,,,,,,,,,,,,,,,,,,,,,,,,,,,,,,,,,,,,,,,,,,,,,,,,,,,,,,,,,,,,,,,,,,,,,,,,,,,,,,,,,,,,,,,,,,,,,,,,,,,,,,,,,,,,,,,,
2003-05-01,,,,,,,,,,,,,,,,,,,,,,,,,,,,,,,,,,,,,,,,,,,,,,,,,,,,,,,,,,,,,,,,,,,,,,,,,,,,,,,,,,,,,,,,,,,,,,,,,,,,,,,,,,,,,,,,,,,,,,,,,,,,,,,,,,,,,,,,,,,,,,,,,,,,,,,,,,,,,,,,,,,,,,,,,,,,,,,,,,,,,,,,,,,,,,,,,,,,,,
2003-06-01,101.0,101.0,101.0,101.0,101.0,101.0,101.0,101.0,101.0,101.0,101.0,101.0,101.0,101.0,101.0,101.0,101.0,101.0,101.0,101.0,101.0,101.0,101.0,101.0,101.0,101.0,101.0,101.0,101.0,101.0,101.0,101.0,101.0,101.0,101.0,101.0,101.0,101.0,101.0,101.0,101.0,101.0,101.0,101.0,101.0,101.0,101.0,101.0,101.0,101.0,101.0,101.0,101.0,101.0,101.0,101.0,101.0,101.0,101.0,101.0,101.0,101.0,101.0,101.0,101.0,101.0,101.0,101.0,101.0,101.0,101.0,101.0,101.0,101.0,101.0,101.0,101.0,101.0,101.0,101.0,101.0,101.0,101.0,101.0,101.0,101.0,101.0,101.0,101.0,101.0,101.0,101.0,101.0,101.0,101.0,101.0,101.0,101.0,101.0,101.0,101.0,101.0,101.0,101.0,101.0,101.0,101.0,101.0,101.0,101.0,101.0,101.0,101.0,101.0,101.0,101.0,101.0,101.0,101.0,101.0,101.0,101.0,101.0,101.0,101.0,101.0,101.0,101.0,101.0,101.0,101.0,101.0,101.0,101.0,101.0,101.0,101.0,101.0,101.0,101.0,101.0,101.0,101.0,101.0,101.0,101.0,101.0,101.0,101.0,101.0,101.0,101.0,101.0,101.0,101.0,101.0,101.0,101.0,101.0,101.0,101.0,101.0,101.0,101.0,101.0,101.0,101.0,101.0,101.0,101.0,101.0,101.0,101.0,101.0,101.0,101.0,101.0,101.0,101.0,101.0,101.0,101.0,101.0,101.0,101.0,101.0,101.0,101.0,101.0,101.0,101.0,101.0,101.0,101.0,101.0,101.0,101.0,101.0
2003-07-01,,,,,,,,,,,,,,,,,,,,,,,,,,,,,,,,,,,,,,,,,,,,,,,,,,,,,,,,,,,,,,,,,,,,,,,,,,,,,,,,,,,,,,,,,,,,,,,,,,,,,,,,,,,,,,,,,,,,,,,,,,,,,,,,,,,,,,,,,,,,,,,,,,,,,,,,,,,,,,,,,,,,,,,,,,,,,,,,,,,,,,,,,,,,,,,,,,,,,,
2003-08-01,,,,,,,,,,,,,,,,,,,,,,,,,,,,,,,,,,,,,,,,,,,,,,,,,,,,,,,,,,,,,,,,,,,,,,,,,,,,,,,,,,,,,,,,,,,,,,,,,,,,,,,,,,,,,,,,,,,,,,,,,,,,,,,,,,,,,,,,,,,,,,,,,,,,,,,,,,,,,,,,,,,,,,,,,,,,,,,,,,,,,,,,,,,,,,,,,,,,,,
2003-09-01,108.2,108.2,108.2,108.2,108.2,108.2,108.2,108.2,108.2,108.2,108.2,108.2,108.2,108.2,108.2,108.2,108.2,108.2,108.2,108.2,108.2,108.2,108.2,108.2,108.2,108.2,108.2,108.2,108.2,108.2,108.2,108.2,108.2,108.2,108.2,108.2,108.2,108.2,108.2,108.2,108.2,108.2,108.2,108.2,108.2,108.2,108.2,108.2,108.2,108.2,108.2,108.2,108.2,108.2,108.2,108.2,108.2,108.2,108.2,108.2,108.2,108.2,108.2,108.2,108.2,108.2,108.2,108.2,108.2,108.2,108.2,108.2,108.2,108.2,108.2,108.2,108.2,108.2,108.2,108.2,108.2,108.2,108.2,108.2,108.2,108.2,108.2,108.2,108.2,108.2,108.2,108.2,108.2,108.2,108.2,108.2,108.2,108.2,108.2,108.2,108.2,108.2,108.2,108.2,108.2,108.2,108.2,108.2,108.2,108.2,108.2,108.2,108.2,108.2,108.2,108.2,108.2,108.2,108.2,108.2,108.2,108.2,108.2,108.2,108.2,108.2,108.2,108.2,108.2,108.2,108.2,108.2,108.2,108.2,108.2,108.2,108.2,108.2,108.2,108.2,108.2,108.2,108.2,108.2,108.2,108.2,108.2,108.2,108.2,108.2,108.2,108.2,108.2,108.2,108.2,108.2,108.2,108.2,108.2,108.2,108.2,108.2,108.2,108.2,108.2,108.2,108.2,108.2,108.2,108.2,108.2,108.2,108.2,108.2,108.2,108.2,108.2,108.2,108.2,108.2,108.2,108.2,108.2,108.2,108.2,108.2,108.2,108.2,108.2,108.2,108.2,108.2,108.2,108.2,108.2,108.2,108.2,108.2
2003-10-01,,,,,,,,,,,,,,,,,,,,,,,,,,,,,,,,,,,,,,,,,,,,,,,,,,,,,,,,,,,,,,,,,,,,,,,,,,,,,,,,,,,,,,,,,,,,,,,,,,,,,,,,,,,,,,,,,,,,,,,,,,,,,,,,,,,,,,,,,,,,,,,,,,,,,,,,,,,,,,,,,,,,,,,,,,,,,,,,,,,,,,,,,,,,,,,,,,,,,,
2003-11-01,,,,,,,,,,,,,,,,,,,,,,,,,,,,,,,,,,,,,,,,,,,,,,,,,,,,,,,,,,,,,,,,,,,,,,,,,,,,,,,,,,,,,,,,,,,,,,,,,,,,,,,,,,,,,,,,,,,,,,,,,,,,,,,,,,,,,,,,,,,,,,,,,,,,,,,,,,,,,,,,,,,,,,,,,,,,,,,,,,,,,,,,,,,,,,,,,,,,,,
2003-12-01,107.1,107.1,107.1,107.1,107.1,107.1,107.1,107.1,107.1,107.1,107.1,107.1,107.1,107.1,107.1,107.1,107.1,107.1,107.1,107.1,107.1,107.1,107.1,107.1,107.1,107.1,107.1,107.1,107.1,107.1,107.1,107.1,107.1,107.1,107.1,107.1,107.1,107.1,107.1,107.1,107.1,107.1,107.1,107.1,107.1,107.1,107.1,107.1,107.1,107.1,107.1,107.1,107.1,107.1,107.1,107.1,107.1,107.1,107.1,107.1,107.1,107.1,107.1,107.1,107.1,107.1,107.1,107.1,107.1,107.1,107.1,107.1,107.1,107.1,107.1,107.1,107.1,107.1,107.1,107.1,107.1,107.1,107.1,107.1,107.1,107.1,107.1,107.1,107.1,107.1,107.1,107.1,107.1,107.1,107.1,107.1,107.1,107.1,107.1,107.1,107.1,107.1,107.1,107.1,107.1,107.1,107.1,107.1,107.1,107.1,107.1,107.1,107.1,107.1,107.1,107.1,107.1,107.1,107.1,107.1,107.1,107.1,107.1,107.1,107.1,107.1,107.1,107.1,107.1,107.1,107.1,107.1,107.1,107.1,107.1,107.1,107.1,107.1,107.1,107.1,107.1,107.1,107.1,107.1,107.1,107.1,107.1,107.1,107.1,107.1,107.1,107.1,107.1,107.1,107.1,107.1,107.1,107.1,107.1,107.1,107.1,107.1,107.1,107.1,107.1,107.1,107.1,107.1,107.1,107.1,107.1,107.1,107.1,107.1,107.1,107.1,107.1,107.1,107.1,107.1,107.1,107.1,107.1,107.1,107.1,107.1,107.1,107.1,107.1,107.1,107.1,107.1,107.1,107.1,107.1,107.1,107.1,107.1
2004-01-01,,,,,,,,,,,,,,,,,,,,,,,,,,,,,,,,,,,,,,,,,,,,,,,,,,,,,,,,,,,,,,,,,,,,,,,,,,,,,,,,,,,,,,,,,,,,,,,,,,,,,,,,,,,,,,,,,,,,,,,,,,,,,,,,,,,,,,,,,,,,,,,,,,,,,,,,,,,,,,,,,,,,,,,,,,,,,,,,,,,,,,,,,,,,,,,,,,,,,,
2004-02-01,,,,,,,,,,,,,,,,,,,,,,,,,,,,,,,,,,,,,,,,,,,,,,,,,,,,,,,,,,,,,,,,,,,,,,,,,,,,,,,,,,,,,,,,,,,,,,,,,,,,,,,,,,,,,,,,,,,,,,,,,,,,,,,,,,,,,,,,,,,,,,,,,,,,,,,,,,,,,,,,,,,,,,,,,,,,,,,,,,,,,,,,,,,,,,,,,,,,,,
2004-03-01,107.3,107.3,107.3,107.3,107.3,107.3,107.3,107.3,107.3,107.3,107.3,107.3,107.3,107.3,107.3,107.3,107.3,107.3,107.3,107.3,107.3,107.3,107.3,107.3,107.3,107.3,107.3,107.3,107.3,107.3,107.3,107.3,107.3,107.3,107.3,107.3,107.3,107.3,107.3,107.3,107.3,107.3,107.3,107.3,107.3,107.3,107.3,107.3,107.3,107.3,107.3,107.3,107.3,107.3,107.3,107.3,107.3,107.3,107.3,107.3,107.3,107.3,107.3,107.3,107.3,107.3,107.3,107.3,107.3,107.3,107.3,107.3,107.3,107.3,107.3,107.3,107.3,107.3,107.3,107.3,107.3,107.3,107.3,107.3,107.3,107.3,107.3,107.3,107.3,107.3,107.3,107.3,107.3,107.3,107.3,107.3,107.3,107.3,107.3,107.3,107.3,107.3,107.3,107.3,107.3,107.3,107.3,107.3,107.3,107.3,107.3,107.3,107.3,107.3,107.3,107.3,107.3,107.3,107.3,107.3,107.3,107.3,107.3,107.3,107.3,107.3,107.3,107.3,107.3,107.3,107.3,107.3,107.3,107.3,107.3,107.3,107.3,107.3,107.3,107.3,107.3,107.3,107.3,107.3,107.3,107.3,107.3,107.3,107.3,107.3,107.3,107.3,107.3,107.3,107.3,107.3,107.3,107.3,107.3,107.3,107.3,107.3,107.3,107.3,107.3,107.3,107.3,107.3,107.3,107.3,107.3,107.3,107.3,107.3,107.3,107.3,107.3,107.3,107.3,107.3,107.3,107.3,107.3,107.3,107.3,107.3,107.3,107.3,107.3,107.3,107.3,107.3,107.3,107.3,107.3,107.3,107.3,107.3
2004-04-01,,,,,,,,,,,,,,,,,,,,,,,,,,,,,,,,,,,,,,,,,,,,,,,,,,,,,,,,,,,,,,,,,,,,,,,,,,,,,,,,,,,,,,,,,,,,,,,,,,,,,,,,,,,,,,,,,,,,,,,,,,,,,,,,,,,,,,,,,,,,,,,,,,,,,,,,,,,,,,,,,,,,,,,,,,,,,,,,,,,,,,,,,,,,,,,,,,,,,,
2004-05-01,,,,,,,,,,,,,,,,,,,,,,,,,,,,,,,,,,,,,,,,,,,,,,,,,,,,,,,,,,,,,,,,,,,,,,,,,,,,,,,,,,,,,,,,,,,,,,,,,,,,,,,,,,,,,,,,,,,,,,,,,,,,,,,,,,,,,,,,,,,,,,,,,,,,,,,,,,,,,,,,,,,,,,,,,,,,,,,,,,,,,,,,,,,,,,,,,,,,,,
2004-06-01,106.8,106.8,106.8,106.8,106.8,106.8,106.8,106.8,106.8,106.8,106.8,106.8,106.8,106.8,106.8,106.8,106.8,106.8,106.8,106.8,106.8,106.8,106.8,106.8,106.8,106.8,106.8,106.8,106.8,106.8,106.8,106.8,106.8,106.8,106.8,106.8,106.8,106.8,106.8,106.8,106.8,106.8,106.8,106.8,106.8,106.8,106.8,106.8,106.8,106.8,106.8,106.8,106.8,106.8,106.8,106.8,106.8,106.8,106.8,106.8,106.8,106.8,106.8,106.8,106.8,106.8,106.8,106.8,106.8,106.8,106.8,106.8,106.8,106.8,106.8,106.8,106.8,106.8,106.8,106.8,106.8,106.8,106.8,106.8,106.8,106.8,106.8,106.8,106.8,106.8,106.8,106.8,106.8,106.8,106.8,106.8,106.8,106.8,106.8,106.8,106.8,106.8,106.8,106.8,106.8,106.8,106.8,106.8,106.8,106.8,106.8,106.8,106.8,106.8,106.8,106.8,106.8,106.8,106.8,106.8,106.8,106.8,106.8,106.8,106.8,106.8,106.8,106.8,106.8,106.8,106.8,106.8,106.8,106.8,106.8,106.8,106.8,106.8,106.8,106.8,106.8,106.8,106.8,106.8,106.8,106.8,106.8,106.8,106.8,106.8,106.8,106.8,106.8,106.8,106.8,106.8,106.8,106.8,106.8,106.8,106.8,106.8,106.8,106.8,106.8,106.8,106.8,106.8,106.8,106.8,106.8,106.8,106.8,106.8,106.8,106.8,106.8,106.8,106.8,106.8,106.8,106.8,106.8,106.8,106.8,106.8,106.8,106.8,106.8,106.8,106.8,106.8,106.8,106.8,106.8,106.8,106.8,106.8
2004-07-01,,,,,,,,,,,,,,,,,,,,,,,,,,,,,,,,,,,,,,,,,,,,,,,,,,,,,,,,,,,,,,,,,,,,,,,,,,,,,,,,,,,,,,,,,,,,,,,,,,,,,,,,,,,,,,,,,,,,,,,,,,,,,,,,,,,,,,,,,,,,,,,,,,,,,,,,,,,,,,,,,,,,,,,,,,,,,,,,,,,,,,,,,,,,,,,,,,,,,,
2004-08-01,,,,,,,,,,,,,,,,,,,,,,,,,,,,,,,,,,,,,,,,,,,,,,,,,,,,,,,,,,,,,,,,,,,,,,,,,,,,,,,,,,,,,,,,,,,,,,,,,,,,,,,,,,,,,,,,,,,,,,,,,,,,,,,,,,,,,,,,,,,,,,,,,,,,,,,,,,,,,,,,,,,,,,,,,,,,,,,,,,,,,,,,,,,,,,,,,,,,,,
2004-09-01,107.8,107.8,107.8,107.8,107.8,107.8,107.8,107.8,107.8,107.8,107.8,107.8,107.8,107.8,107.8,107.8,107.8,107.8,107.8,107.8,107.8,107.8,107.8,107.8,107.8,107.8,107.8,107.8,107.8,107.8,107.8,107.8,107.8,107.8,107.8,107.8,107.8,107.8,107.8,107.8,107.8,107.8,107.8,107.8,107.8,107.8,107.8,107.8,107.8,107.8,107.8,107.8,107.8,107.8,107.8,107.8,107.8,107.8,107.8,107.8,107.8,107.8,107.8,107.8,107.8,107.8,107.8,107.8,107.8,107.8,107.8,107.8,107.8,107.8,107.8,107.8,107.8,107.8,107.8,107.8,107.8,107.8,107.8,107.8,107.8,107.8,107.8,107.8,107.8,107.8,107.8,107.8,107.8,107.8,107.8,107.8,107.8,107.8,107.8,107.8,107.8,107.8,107.8,107.8,107.8,107.8,107.8,107.8,107.8,107.8,107.8,107.8,107.8,107.8,107.8,107.8,107.8,107.8,107.8,107.8,107.8,107.8,107.8,107.8,107.8,107.8,107.8,107.8,107.8,107.8,107.8,107.8,107.8,107.8,107.8,107.8,107.8,107.8,107.8,107.8,107.8,107.8,107.8,107.8,107.8,107.8,107.8,107.8,107.8,107.8,107.8,107.8,107.8,107.8,107.8,107.8,107.8,107.8,107.8,107.8,107.8,107.8,107.8,107.8,107.8,107.8,107.8,107.8,107.8,107.8,107.8,107.8,107.8,107.8,107.8,107.8,107.8,107.8,107.8,107.8,107.8,107.8,107.8,107.8,107.8,107.8,107.8,107.8,107.8,107.8,107.8,107.8,107.8,107.8,107.8,107.8,107.8,107.8
2004-10-01,,,,,,,,,,,,,,,,,,,,,,,,,,,,,,,,,,,,,,,,,,,,,,,,,,,,,,,,,,,,,,,,,,,,,,,,,,,,,,,,,,,,,,,,,,,,,,,,,,,,,,,,,,,,,,,,,,,,,,,,,,,,,,,,,,,,,,,,,,,,,,,,,,,,,,,,,,,,,,,,,,,,,,,,,,,,,,,,,,,,,,,,,,,,,,,,,,,,,,
2004-11-01,,,,,,,,,,,,,,,,,,,,,,,,,,,,,,,,,,,,,,,,,,,,,,,,,,,,,,,,,,,,,,,,,,,,,,,,,,,,,,,,,,,,,,,,,,,,,,,,,,,,,,,,,,,,,,,,,,,,,,,,,,,,,,,,,,,,,,,,,,,,,,,,,,,,,,,,,,,,,,,,,,,,,,,,,,,,,,,,,,,,,,,,,,,,,,,,,,,,,,
2004-12-01,112.0,112.0,112.0,112.0,112.0,112.0,112.0,112.0,112.0,112.0,112.0,112.0,112.0,112.0,112.0,112.0,112.0,112.0,112.0,112.0,112.0,112.0,112.0,112.0,112.0,112.0,112.0,112.0,112.0,112.0,112.0,112.0,112.0,112.0,112.0,112.0,112.0,112.0,112.0,112.0,112.0,112.0,112.0,112.0,112.0,112.0,112.0,112.0,112.0,112.0,112.0,112.0,112.0,112.0,112.0,112.0,112.0,112.0,112.0,112.0,112.0,112.0,112.0,112.0,112.0,112.0,112.0,112.0,112.0,112.0,112.0,112.0,112.0,112.0,112.0,112.0,112.0,112.0,112.0,112.0,112.0,112.0,112.0,112.0,112.0,112.0,112.0,112.0,112.0,112.0,112.0,112.0,112.0,112.0,112.0,112.0,112.0,112.0,112.0,112.0,112.0,112.0,112.0,112.0,112.0,112.0,112.0,112.0,112.0,112.0,112.0,112.0,112.0,112.0,112.0,112.0,112.0,112.0,112.0,112.0,112.0,112.0,112.0,112.0,112.0,112.0,112.0,112.0,112.0,112.0,112.0,112.0,112.0,112.0,112.0,112.0,112.0,112.0,112.0,112.0,112.0,112.0,112.0,112.0,112.0,112.0,112.0,112.0,112.0,112.0,112.0,112.0,112.0,112.0,112.0,112.0,112.0,112.0,112.0,112.0,112.0,112.0,112.0,112.0,112.0,112.0,112.0,112.0,112.0,112.0,112.0,112.0,112.0,112.0,112.0,112.0,112.0,112.0,112.0,112.0,112.0,112.0,112.0,112.0,112.0,112.0,112.0,112.0,112.0,112.0,112.0,112.0,112.0,112.0,112.0,112.0,112.0,112.0
2005-01-01,,,,,,,,,,,,,,,,,,,,,,,,,,,,,,,,,,,,,,,,,,,,,,,,,,,,,,,,,,,,,,,,,,,,,,,,,,,,,,,,,,,,,,,,,,,,,,,,,,,,,,,,,,,,,,,,,,,,,,,,,,,,,,,,,,,,,,,,,,,,,,,,,,,,,,,,,,,,,,,,,,,,,,,,,,,,,,,,,,,,,,,,,,,,,,,,,,,,,,
2005-02-01,,,,,,,,,,,,,,,,,,,,,,,,,,,,,,,,,,,,,,,,,,,,,,,,,,,,,,,,,,,,,,,,,,,,,,,,,,,,,,,,,,,,,,,,,,,,,,,,,,,,,,,,,,,,,,,,,,,,,,,,,,,,,,,,,,,,,,,,,,,,,,,,,,,,,,,,,,,,,,,,,,,,,,,,,,,,,,,,,,,,,,,,,,,,,,,,,,,,,,
2005-03-01,113.9,113.9,113.9,113.9,113.9,113.9,113.9,113.9,113.9,113.9,113.9,113.9,113.9,113.9,113.9,113.9,113.9,113.9,113.9,113.9,113.9,113.9,113.9,113.9,113.9,113.9,113.9,113.9,113.9,113.9,113.9,113.9,113.9,113.9,113.9,113.9,113.9,113.9,113.9,113.9,113.9,113.9,113.9,113.9,113.9,113.9,113.9,113.9,113.9,113.9,113.9,113.9,113.9,113.9,113.9,113.9,113.9,113.9,113.9,113.9,113.9,113.9,113.9,113.9,113.9,113.9,113.9,113.9,113.9,113.9,113.9,113.9,113.9,113.9,113.9,113.9,113.9,113.9,113.9,113.9,113.9,113.9,113.9,113.9,113.9,113.9,113.9,113.9,113.9,113.9,113.9,113.9,113.9,113.9,113.9,113.9,113.9,113.9,113.9,113.9,113.9,113.9,113.9,113.9,113.9,113.9,113.9,113.9,113.9,113.9,113.9,113.9,113.9,113.9,113.9,113.9,113.9,113.9,113.9,113.9,113.9,113.9,113.9,113.9,113.9,113.9,113.9,113.9,113.9,113.9,113.9,113.9,113.9,113.9,113.9,113.9,113.9,113.9,113.9,113.9,113.9,113.9,113.9,113.9,113.9,113.9,113.9,113.9,113.9,113.9,113.9,113.9,113.9,113.9,113.9,113.9,113.9,113.9,113.9,113.9,113.9,113.9,113.9,113.9,113.9,113.9,113.9,113.9,113.9,113.9,113.9,113.9,113.9,113.9,113.9,113.9,113.9,113.9,113.9,113.9,113.9,113.9,113.9,113.9,113.9,113.9,113.9,113.9,113.9,113.9,113.9,113.9,113.9,113.9,113.9,113.9,113.9,113.9
2005-04-01,,,,,,,,,,,,,,,,,,,,,,,,,,,,,,,,,,,,,,,,,,,,,,,,,,,,,,,,,,,,,,,,,,,,,,,,,,,,,,,,,,,,,,,,,,,,,,,,,,,,,,,,,,,,,,,,,,,,,,,,,,,,,,,,,,,,,,,,,,,,,,,,,,,,,,,,,,,,,,,,,,,,,,,,,,,,,,,,,,,,,,,,,,,,,,,,,,,,,,
2005-05-01,,,,,,,,,,,,,,,,,,,,,,,,,,,,,,,,,,,,,,,,,,,,,,,,,,,,,,,,,,,,,,,,,,,,,,,,,,,,,,,,,,,,,,,,,,,,,,,,,,,,,,,,,,,,,,,,,,,,,,,,,,,,,,,,,,,,,,,,,,,,,,,,,,,,,,,,,,,,,,,,,,,,,,,,,,,,,,,,,,,,,,,,,,,,,,,,,,,,,,
2005-06-01,112.7,112.7,112.7,112.7,112.7,112.7,112.7,112.7,112.7,112.7,112.7,112.7,112.7,112.7,112.7,112.7,112.7,112.7,112.7,112.7,112.7,112.7,112.7,112.7,112.7,112.7,112.7,112.7,112.7,112.7,112.7,112.7,112.7,112.7,112.7,112.7,112.7,112.7,112.7,112.7,112.7,112.7,112.7,112.7,112.7,112.7,112.7,112.7,112.7,112.7,112.7,112.7,112.7,112.7,112.7,112.7,112.7,112.7,112.7,112.7,112.7,112.7,112.7,112.7,112.7,112.7,112.7,112.7,112.7,112.7,112.7,112.7,112.7,112.7,112.7,112.7,112.7,112.7,112.7,112.7,112.7,112.7,112.7,112.7,112.7,112.7,112.7,112.7,112.7,112.7,112.7,112.7,112.7,112.7,112.7,112.7,112.7,112.7,112.7,112.7,112.7,112.7,112.7,112.7,112.7,112.7,112.7,112.7,112.7,112.7,112.7,112.7,112.7,112.7,112.7,112.7,112.7,112.7,112.7,112.7,112.7,112.7,112.7,112.7,112.7,112.7,112.7,112.7,112.7,112.7,112.7,112.7,112.7,112.7,112.7,112.7,112.7,112.7,112.7,112.7,112.7,112.7,112.7,112.7,112.7,112.7,112.7,112.7,112.7,112.7,112.7,112.7,112.7,112.7,112.7,112.7,112.7,112.7,112.7,112.7,112.7,112.7,112.7,112.7,112.7,112.7,112.7,112.7,112.7,112.7,112.7,112.7,112.7,112.7,112.7,112.7,112.7,112.7,112.7,112.7,112.7,112.7,112.7,112.7,112.7,112.7,112.7,112.7,112.7,112.7,112.7,112.7,112.7,112.7,112.7,112.7,112.7,112.7
2005-07-01,,,,,,,,,,,,,,,,,,,,,,,,,,,,,,,,,,,,,,,,,,,,,,,,,,,,,,,,,,,,,,,,,,,,,,,,,,,,,,,,,,,,,,,,,,,,,,,,,,,,,,,,,,,,,,,,,,,,,,,,,,,,,,,,,,,,,,,,,,,,,,,,,,,,,,,,,,,,,,,,,,,,,,,,,,,,,,,,,,,,,,,,,,,,,,,,,,,,,,
2005-08-01,,,,,,,,,,,,,,,,,,,,,,,,,,,,,,,,,,,,,,,,,,,,,,,,,,,,,,,,,,,,,,,,,,,,,,,,,,,,,,,,,,,,,,,,,,,,,,,,,,,,,,,,,,,,,,,,,,,,,,,,,,,,,,,,,,,,,,,,,,,,,,,,,,,,,,,,,,,,,,,,,,,,,,,,,,,,,,,,,,,,,,,,,,,,,,,,,,,,,,
2005-09-01,114.0,114.0,114.0,114.0,114.0,114.0,114.0,114.0,114.0,114.0,114.0,114.0,114.0,114.0,114.0,114.0,114.0,114.0,114.0,114.0,114.0,114.0,114.0,114.0,114.0,114.0,114.0,114.0,114.0,114.0,114.0,114.0,114.0,114.0,114.0,114.0,114.0,114.0,114.0,114.0,114.0,114.0,114.0,114.0,114.0,114.0,114.0,114.0,114.0,114.0,114.0,114.0,114.0,114.0,114.0,114.0,114.0,114.0,114.0,114.0,114.0,114.0,114.0,114.0,114.0,114.0,114.0,114.0,114.0,114.0,114.0,114.0,114.0,114.0,114.0,114.0,114.0,114.0,114.0,114.0,114.0,114.0,114.0,114.0,114.0,114.0,114.0,114.0,114.0,114.0,114.0,114.0,114.0,114.0,114.0,114.0,114.0,114.0,114.0,114.0,114.0,114.0,114.0,114.0,114.0,114.0,114.0,114.0,114.0,114.0,114.0,114.0,114.0,114.0,114.0,114.0,114.0,114.0,114.0,114.0,114.0,114.0,114.0,114.0,114.0,114.0,114.0,114.0,114.0,114.0,114.0,114.0,114.0,114.0,114.0,114.0,114.0,114.0,114.0,114.0,114.0,114.0,114.0,114.0,114.0,114.0,114.0,114.0,114.0,114.0,114.0,114.0,114.0,114.0,114.0,114.0,114.0,114.0,114.0,114.0,114.0,114.0,114.0,114.0,114.0,114.0,114.0,114.0,114.0,114.0,114.0,114.0,114.0,114.0,114.0,114.0,114.0,114.0,114.0,114.0,114.0,114.0,114.0,114.0,114.0,114.0,114.0,114.0,114.0,114.0,114.0,114.0,114.0,114.0,114.0,114.0,114.0,114.0
2005-10-01,,,,,,,,,,,,,,,,,,,,,,,,,,,,,,,,,,,,,,,,,,,,,,,,,,,,,,,,,,,,,,,,,,,,,,,,,,,,,,,,,,,,,,,,,,,,,,,,,,,,,,,,,,,,,,,,,,,,,,,,,,,,,,,,,,,,,,,,,,,,,,,,,,,,,,,,,,,,,,,,,,,,,,,,,,,,,,,,,,,,,,,,,,,,,,,,,,,,,,
2005-11-01,,,,,,,,,,,,,,,,,,,,,,,,,,,,,,,,,,,,,,,,,,,,,,,,,,,,,,,,,,,,,,,,,,,,,,,,,,,,,,,,,,,,,,,,,,,,,,,,,,,,,,,,,,,,,,,,,,,,,,,,,,,,,,,,,,,,,,,,,,,,,,,,,,,,,,,,,,,,,,,,,,,,,,,,,,,,,,,,,,,,,,,,,,,,,,,,,,,,,,
2005-12-01,112.2,112.2,112.2,112.2,112.2,112.2,112.2,112.2,112.2,112.2,112.2,112.2,112.2,112.2,112.2,112.2,112.2,112.2,112.2,112.2,112.2,112.2,112.2,112.2,112.2,112.2,112.2,112.2,112.2,112.2,112.2,112.2,112.2,112.2,112.2,112.2,112.2,112.2,112.2,112.2,112.2,112.2,112.2,112.2,112.2,112.2,112.2,112.2,112.2,112.2,112.2,112.2,112.2,112.2,112.2,112.2,112.2,112.2,112.2,112.2,112.2,112.2,112.2,112.2,112.2,112.2,112.2,112.2,112.2,112.2,112.2,112.2,112.2,112.2,112.2,112.2,112.2,112.2,112.2,112.2,112.2,112.2,112.2,112.2,112.2,112.2,112.2,112.2,112.2,112.2,112.2,112.2,112.2,112.2,112.2,112.2,112.2,112.2,112.2,112.2,112.2,112.2,112.2,112.2,112.2,112.2,112.2,112.2,112.2,112.2,112.2,112.2,112.2,112.2,112.2,112.2,112.2,112.2,112.2,112.2,112.2,112.2,112.2,112.2,112.2,112.2,112.2,112.2,112.2,112.2,112.2,112.2,112.2,112.2,112.2,112.2,112.2,112.2,112.2,112.2,112.2,112.2,112.2,112.2,112.2,112.2,112.2,112.2,112.2,112.2,112.2,112.2,112.2,112.2,112.2,112.2,112.2,112.2,112.2,112.2,112.2,112.2,112.2,112.2,112.2,112.2,112.2,112.2,112.2,112.2,112.2,112.2,112.2,112.2,112.2,112.2,112.2,112.2,112.2,112.2,112.2,112.2,112.2,112.2,112.2,112.2,112.2,112.2,112.2,112.2,112.2,112.2,112.2,112.2,112.2,112.2,112.2,112.2
2006-01-01,110.6,110.6,110.6,110.6,110.6,110.6,110.6,110.6,110.6,110.6,110.6,110.6,110.6,110.6,110.6,110.6,110.6,110.6,110.6,110.6,110.6,110.6,110.6,110.6,110.6,110.6,110.6,110.6,110.6,110.6,110.6,110.6,110.6,110.6,110.6,110.6,110.6,110.6,110.6,110.6,110.6,110.6,110.6,110.6,110.6,110.6,110.6,110.6,110.6,110.6,110.6,110.6,110.6,110.6,110.6,110.6,110.6,110.6,110.6,110.6,110.6,110.6,110.6,110.6,110.6,110.6,110.6,110.6,110.6,110.6,110.6,110.6,110.6,110.6,110.6,110.6,110.6,110.6,110.6,110.6,110.6,110.6,110.6,110.6,110.6,110.6,110.6,110.6,110.6,110.6,110.6,110.6,110.6,110.6,110.6,110.6,110.6,110.6,110.6,110.6,110.6,110.6,110.6,110.6,110.6,110.6,110.6,110.6,110.6,110.6,110.6,110.6,110.6,110.6,110.6,110.6,110.6,110.6,110.6,110.6,110.6,110.6,110.6,110.6,110.6,110.6,110.6,110.6,110.6,110.6,110.6,110.6,110.6,110.6,110.6,110.6,110.6,110.6,110.6,110.6,110.6,110.6,110.6,110.6,110.6,110.6,110.6,110.6,110.6,110.6,110.6,110.6,110.6,110.6,110.6,110.6,110.6,110.6,110.6,110.6,110.6,110.6,110.6,110.6,110.6,110.6,110.6,110.6,110.6,110.6,110.6,110.6,110.6,110.6,110.6,110.6,110.6,110.6,110.6,110.6,110.6,110.6,110.6,110.6,110.6,110.6,110.6,110.6,110.6,110.6,110.6,110.6,110.6,110.6,110.6,110.6,110.6,110.6
2006-02-01,111.0,111.0,111.0,111.0,111.0,111.0,111.0,111.0,111.0,111.0,111.0,111.0,111.0,111.0,111.0,111.0,111.0,111.0,111.0,111.0,111.0,111.0,111.0,111.0,111.0,111.0,111.0,111.0,111.0,111.0,111.0,111.0,111.0,111.0,111.0,111.0,111.0,111.0,111.0,111.0,111.0,111.0,111.0,111.0,111.0,111.0,111.0,111.0,111.0,111.0,111.0,111.0,111.0,111.0,111.0,111.0,111.0,111.0,111.0,111.0,111.0,111.0,111.0,111.0,111.0,111.0,111.0,111.0,111.0,111.0,111.0,111.0,111.0,111.0,111.0,111.0,111.0,111.0,111.0,111.0,111.0,111.0,111.0,111.0,111.0,111.0,111.0,111.0,111.0,111.0,111.0,111.0,111.0,111.0,111.0,111.0,111.0,111.0,111.0,111.0,111.0,111.0,111.0,111.0,111.0,111.0,111.0,111.0,111.0,111.0,111.0,111.0,111.0,111.0,111.0,111.0,111.0,111.0,111.0,111.0,111.0,111.0,111.0,111.0,111.0,111.0,111.0,111.0,111.0,111.0,111.0,111.0,111.0,111.0,111.0,111.0,111.0,111.0,111.0,111.0,111.0,111.0,111.0,111.0,111.0,111.0,111.0,111.0,111.0,111.0,111.0,111.0,111.0,111.0,111.0,111.0,111.0,111.0,111.0,111.0,111.0,111.0,111.0,111.0,111.0,111.0,111.0,111.0,111.0,111.0,111.0,111.0,111.0,111.0,111.0,111.0,111.0,111.0,111.0,111.0,111.0,111.0,111.0,111.0,111.0,111.0,111.0,111.0,111.0,111.0,111.0,111.0,111.0,111.0,111.0,111.0,111.0,111.0
2006-03-01,111.0,111.0,111.0,111.0,111.0,111.0,111.0,111.0,111.0,111.0,111.0,111.0,111.0,111.0,111.0,111.0,111.0,111.0,111.0,111.0,111.0,111.0,111.0,111.0,111.0,111.0,111.0,111.0,111.0,111.0,111.0,111.0,111.0,111.0,111.0,111.0,111.0,111.0,111.0,111.0,111.0,111.0,111.0,111.0,111.0,111.0,111.0,111.0,111.0,111.0,111.0,111.0,111.0,111.0,111.0,111.0,111.0,111.0,111.0,111.0,111.0,111.0,111.0,111.0,111.0,111.0,111.0,111.0,111.0,111.0,111.0,111.0,111.0,111.0,111.0,111.0,111.0,111.0,111.0,111.0,111.0,111.0,111.0,111.0,111.0,111.0,111.0,111.0,111.0,111.0,111.0,111.0,111.0,111.0,111.0,111.0,111.0,111.0,111.0,111.0,111.0,111.0,111.0,111.0,111.0,111.0,111.0,111.0,111.0,111.0,111.0,111.0,111.0,111.0,111.0,111.0,111.0,111.0,111.0,111.0,111.0,111.0,111.0,111.0,111.0,111.0,111.0,111.0,111.0,111.0,111.0,111.0,111.0,111.0,111.0,111.0,111.0,111.0,111.0,111.0,111.0,111.0,111.0,111.0,111.0,111.0,111.0,111.0,111.0,111.0,111.0,111.0,111.0,111.0,111.0,111.0,111.0,111.0,111.0,111.0,111.0,111.0,111.0,111.0,111.0,111.0,111.0,111.0,111.0,111.0,111.0,111.0,111.0,111.0,111.0,111.0,111.0,111.0,111.0,111.0,111.0,111.0,111.0,111.0,111.0,111.0,111.0,111.0,111.0,111.0,111.0,111.0,111.0,111.0,111.0,111.0,111.0,111.0
2006-04-01,110.8,110.8,110.8,110.8,110.8,110.8,110.8,110.8,110.8,110.8,110.8,110.8,110.8,110.8,110.8,110.8,110.8,110.8,110.8,110.8,110.8,110.8,110.8,110.8,110.8,110.8,110.8,110.8,110.8,110.8,110.8,110.8,110.8,110.8,110.8,110.8,110.8,110.8,110.8,110.8,110.8,110.8,110.8,110.8,110.8,110.8,110.8,110.8,110.8,110.8,110.8,110.8,110.8,110.8,110.8,110.8,110.8,110.8,110.8,110.8,110.8,110.8,110.8,110.8,110.8,110.8,110.8,110.8,110.8,110.8,110.8,110.8,110.8,110.8,110.8,110.8,110.8,110.8,110.8,110.8,110.8,110.8,110.8,110.8,110.8,110.8,110.8,110.8,110.8,110.8,110.8,110.8,110.8,110.8,110.8,110.8,110.8,110.8,110.8,110.8,110.8,110.8,110.8,110.8,110.8,110.8,110.8,110.8,110.8,110.8,110.8,110.8,110.8,110.8,110.8,110.8,110.8,110.8,110.8,110.8,110.8,110.8,110.8,110.8,110.8,110.8,110.8,110.8,110.8,110.8,110.8,110.8,110.8,110.8,110.8,110.8,110.8,110.8,110.8,110.8,110.8,110.8,110.8,110.8,110.8,110.8,110.8,110.8,110.8,110.8,110.8,110.8,110.8,110.8,110.8,110.8,110.8,110.8,110.8,110.8,110.8,110.8,110.8,110.8,110.8,110.8,110.8,110.8,110.8,110.8,110.8,110.8,110.8,110.8,110.8,110.8,110.8,110.8,110.8,110.8,110.8,110.8,110.8,110.8,110.8,110.8,110.8,110.8,110.8,110.8,110.8,110.8,110.8,110.8,110.8,110.8,110.8,110.8
2006-05-01,111.9,111.9,111.9,111.9,111.9,111.9,111.9,111.9,111.9,111.9,111.9,111.9,111.9,111.9,111.9,111.9,111.9,111.9,111.9,111.9,111.9,111.9,111.9,111.9,111.9,111.9,111.9,111.9,111.9,111.9,111.9,111.9,111.9,111.9,111.9,111.9,111.9,111.9,111.9,111.9,111.9,111.9,111.9,111.9,111.9,111.9,111.9,111.9,111.9,111.9,111.9,111.9,111.9,111.9,111.9,111.9,111.9,111.9,111.9,111.9,111.9,111.9,111.9,111.9,111.9,111.9,111.9,111.9,111.9,111.9,111.9,111.9,111.9,111.9,111.9,111.9,111.9,111.9,111.9,111.9,111.9,111.9,111.9,111.9,111.9,111.9,111.9,111.9,111.9,111.9,111.9,111.9,111.9,111.9,111.9,111.9,111.9,111.9,111.9,111.9,111.9,111.9,111.9,111.9,111.9,111.9,111.9,111.9,111.9,111.9,111.9,111.9,111.9,111.9,111.9,111.9,111.9,111.9,111.9,111.9,111.9,111.9,111.9,111.9,111.9,111.9,111.9,111.9,111.9,111.9,111.9,111.9,111.9,111.9,111.9,111.9,111.9,111.9,111.9,111.9,111.9,111.9,111.9,111.9,111.9,111.9,111.9,111.9,111.9,111.9,111.9,111.9,111.9,111.9,111.9,111.9,111.9,111.9,111.9,111.9,111.9,111.9,111.9,111.9,111.9,111.9,111.9,111.9,111.9,111.9,111.9,111.9,111.9,111.9,111.9,111.9,111.9,111.9,111.9,111.9,111.9,111.9,111.9,111.9,111.9,111.9,111.9,111.9,111.9,111.9,111.9,111.9,111.9,111.9,111.9,111.9,111.9,111.9
2006-06-01,112.7,112.7,112.7,112.7,112.7,112.7,112.7,112.7,112.7,112.7,112.7,112.7,112.7,112.7,112.7,112.7,112.7,112.7,112.7,112.7,112.7,112.7,112.7,112.7,112.7,112.7,112.7,112.7,112.7,112.7,112.7,112.7,112.7,112.7,112.7,112.7,112.7,112.7,112.7,112.7,112.7,112.7,112.7,112.7,112.7,112.7,112.7,112.7,112.7,112.7,112.7,112.7,112.7,112.7,112.7,112.7,112.7,112.7,112.7,112.7,112.7,112.7,112.7,112.7,112.7,112.7,112.7,112.7,112.7,112.7,112.7,112.7,112.7,112.7,112.7,112.7,112.7,112.7,112.7,112.7,112.7,112.7,112.7,112.7,112.7,112.7,112.7,112.7,112.7,112.7,112.7,112.7,112.7,112.7,112.7,112.7,112.7,112.7,112.7,112.7,112.7,112.7,112.7,112.7,112.7,112.7,112.7,112.7,112.7,112.7,112.7,112.7,112.7,112.7,112.7,112.7,112.7,112.7,112.7,112.7,112.7,112.7,112.7,112.7,112.7,112.7,112.7,112.7,112.7,112.7,112.7,112.7,112.7,112.7,112.7,112.7,112.7,112.7,112.7,112.7,112.7,112.7,112.7,112.7,112.7,112.7,112.7,112.7,112.7,112.7,112.7,112.7,112.7,112.7,112.7,112.7,112.7,112.7,112.7,112.7,112.7,112.7,112.7,112.7,112.7,112.7,112.7,112.7,112.7,112.7,112.7,112.7,112.7,112.7,112.7,112.7,112.7,112.7,112.7,112.7,112.7,112.7,112.7,112.7,112.7,112.7,112.7,112.7,112.7,112.7,112.7,112.7,112.7,112.7,112.7,112.7,112.7,112.7
2006-07-01,111.5,111.5,111.5,111.5,111.5,111.5,111.5,111.5,111.5,111.5,111.5,111.5,111.5,111.5,111.5,111.5,111.5,111.5,111.5,111.5,111.5,111.5,111.5,111.5,111.5,111.5,111.5,111.5,111.5,111.5,111.5,111.5,111.5,111.5,111.5,111.5,111.5,111.5,111.5,111.5,111.5,111.5,111.5,111.5,111.5,111.5,111.5,111.5,111.5,111.5,111.5,111.5,111.5,111.5,111.5,111.5,111.5,111.5,111.5,111.5,111.5,111.5,111.5,111.5,111.5,111.5,111.5,111.5,111.5,111.5,111.5,111.5,111.5,111.5,111.5,111.5,111.5,111.5,111.5,111.5,111.5,111.5,111.5,111.5,111.5,111.5,111.5,111.5,111.5,111.5,111.5,111.5,111.5,111.5,111.5,111.5,111.5,111.5,111.5,111.5,111.5,111.5,111.5,111.5,111.5,111.5,111.5,111.5,111.5,111.5,111.5,111.5,111.5,111.5,111.5,111.5,111.5,111.5,111.5,111.5,111.5,111.5,111.5,111.5,111.5,111.5,111.5,111.5,111.5,111.5,111.5,111.5,111.5,111.5,111.5,111.5,111.5,111.5,111.5,111.5,111.5,111.5,111.5,111.5,111.5,111.5,111.5,111.5,111.5,111.5,111.5,111.5,111.5,111.5,111.5,111.5,111.5,111.5,111.5,111.5,111.5,111.5,111.5,111.5,111.5,111.5,111.5,111.5,111.5,111.5,111.5,111.5,111.5,111.5,111.5,111.5,111.5,111.5,111.5,111.5,111.5,111.5,111.5,111.5,111.5,111.5,111.5,111.5,111.5,111.5,111.5,111.5,111.5,111.5,111.5,111.5,111.5,111.5
2006-08-01,110.8,110.8,110.8,110.8,110.8,110.8,110.8,110.8,110.8,110.8,110.8,110.8,110.8,110.8,110.8,110.8,110.8,110.8,110.8,110.8,110.8,110.8,110.8,110.8,110.8,110.8,110.8,110.8,110.8,110.8,110.8,110.8,110.8,110.8,110.8,110.8,110.8,110.8,110.8,110.8,110.8,110.8,110.8,110.8,110.8,110.8,110.8,110.8,110.8,110.8,110.8,110.8,110.8,110.8,110.8,110.8,110.8,110.8,110.8,110.8,110.8,110.8,110.8,110.8,110.8,110.8,110.8,110.8,110.8,110.8,110.8,110.8,110.8,110.8,110.8,110.8,110.8,110.8,110.8,110.8,110.8,110.8,110.8,110.8,110.8,110.8,110.8,110.8,110.8,110.8,110.8,110.8,110.8,110.8,110.8,110.8,110.8,110.8,110.8,110.8,110.8,110.8,110.8,110.8,110.8,110.8,110.8,110.8,110.8,110.8,110.8,110.8,110.8,110.8,110.8,110.8,110.8,110.8,110.8,110.8,110.8,110.8,110.8,110.8,110.8,110.8,110.8,110.8,110.8,110.8,110.8,110.8,110.8,110.8,110.8,110.8,110.8,110.8,110.8,110.8,110.8,110.8,110.8,110.8,110.8,110.8,110.8,110.8,110.8,110.8,110.8,110.8,110.8,110.8,110.8,110.8,110.8,110.8,110.8,110.8,110.8,110.8,110.8,110.8,110.8,110.8,110.8,110.8,110.8,110.8,110.8,110.8,110.8,110.8,110.8,110.8,110.8,110.8,110.8,110.8,110.8,110.8,110.8,110.8,110.8,110.8,110.8,110.8,110.8,110.8,110.8,110.8,110.8,110.8,110.8,110.8,110.8,110.8
2006-09-01,110.9,110.9,110.9,110.9,110.9,110.9,110.9,110.9,110.9,110.9,110.9,110.9,110.9,110.9,110.9,110.9,110.9,110.9,110.9,110.9,110.9,110.9,110.9,110.9,110.9,110.9,110.9,110.9,110.9,110.9,110.9,110.9,110.9,110.9,110.9,110.9,110.9,110.9,110.9,110.9,110.9,110.9,110.9,110.9,110.9,110.9,110.9,110.9,110.9,110.9,110.9,110.9,110.9,110.9,110.9,110.9,110.9,110.9,110.9,110.9,110.9,110.9,110.9,110.9,110.9,110.9,110.9,110.9,110.9,110.9,110.9,110.9,110.9,110.9,110.9,110.9,110.9,110.9,110.9,110.9,110.9,110.9,110.9,110.9,110.9,110.9,110.9,110.9,110.9,110.9,110.9,110.9,110.9,110.9,110.9,110.9,110.9,110.9,110.9,110.9,110.9,110.9,110.9,110.9,110.9,110.9,110.9,110.9,110.9,110.9,110.9,110.9,110.9,110.9,110.9,110.9,110.9,110.9,110.9,110.9,110.9,110.9,110.9,110.9,110.9,110.9,110.9,110.9,110.9,110.9,110.9,110.9,110.9,110.9,110.9,110.9,110.9,110.9,110.9,110.9,110.9,110.9,110.9,110.9,110.9,110.9,110.9,110.9,110.9,110.9,110.9,110.9,110.9,110.9,110.9,110.9,110.9,110.9,110.9,110.9,110.9,110.9,110.9,110.9,110.9,110.9,110.9,110.9,110.9,110.9,110.9,110.9,110.9,110.9,110.9,110.9,110.9,110.9,110.9,110.9,110.9,110.9,110.9,110.9,110.9,110.9,110.9,110.9,110.9,110.9,110.9,110.9,110.9,110.9,110.9,110.9,110.9,110.9
2006-10-01,110.8,110.8,110.8,110.8,110.8,110.8,110.8,110.8,110.8,110.8,110.8,110.8,110.8,110.8,110.8,110.8,110.8,110.8,110.8,110.8,110.8,110.8,110.8,110.8,110.8,110.8,110.8,110.8,110.8,110.8,110.8,110.8,110.8,110.8,110.8,110.8,110.8,110.8,110.8,110.8,110.8,110.8,110.8,110.8,110.8,110.8,110.8,110.8,110.8,110.8,110.8,110.8,110.8,110.8,110.8,110.8,110.8,110.8,110.8,110.8,110.8,110.8,110.8,110.8,110.8,110.8,110.8,110.8,110.8,110.8,110.8,110.8,110.8,110.8,110.8,110.8,110.8,110.8,110.8,110.8,110.8,110.8,110.8,110.8,110.8,110.8,110.8,110.8,110.8,110.8,110.8,110.8,110.8,110.8,110.8,110.8,110.8,110.8,110.8,110.8,110.8,110.8,110.8,110.8,110.8,110.8,110.8,110.8,110.8,110.8,110.8,110.8,110.8,110.8,110.8,110.8,110.8,110.8,110.8,110.8,110.8,110.8,110.8,110.8,110.8,110.8,110.8,110.8,110.8,110.8,110.8,110.8,110.8,110.8,110.8,110.8,110.8,110.8,110.8,110.8,110.8,110.8,110.8,110.8,110.8,110.8,110.8,110.8,110.8,110.8,110.8,110.8,110.8,110.8,110.8,110.8,110.8,110.8,110.8,110.8,110.8,110.8,110.8,110.8,110.8,110.8,110.8,110.8,110.8,110.8,110.8,110.8,110.8,110.8,110.8,110.8,110.8,110.8,110.8,110.8,110.8,110.8,110.8,110.8,110.8,110.8,110.8,110.8,110.8,110.8,110.8,110.8,110.8,110.8,110.8,110.8,110.8,110.8
2006-11-01,110.3,110.3,110.3,110.3,110.3,110.3,110.3,110.3,110.3,110.3,110.3,110.3,110.3,110.3,110.3,110.3,110.3,110.3,110.3,110.3,110.3,110.3,110.3,110.3,110.3,110.3,110.3,110.3,110.3,110.3,110.3,110.3,110.3,110.3,110.3,110.3,110.3,110.3,110.3,110.3,110.3,110.3,110.3,110.3,110.3,110.3,110.3,110.3,110.3,110.3,110.3,110.3,110.3,110.3,110.3,110.3,110.3,110.3,110.3,110.3,110.3,110.3,110.3,110.3,110.3,110.3,110.3,110.3,110.3,110.3,110.3,110.3,110.3,110.3,110.3,110.3,110.3,110.3,110.3,110.3,110.3,110.3,110.3,110.3,110.3,110.3,110.3,110.3,110.3,110.3,110.3,110.3,110.3,110.3,110.3,110.3,110.3,110.3,110.3,110.3,110.3,110.3,110.3,110.3,110.3,110.3,110.3,110.3,110.3,110.3,110.3,110.3,110.3,110.3,110.3,110.3,110.3,110.3,110.3,110.3,110.3,110.3,110.3,110.3,110.3,110.3,110.3,110.3,110.3,110.3,110.3,110.3,110.3,110.3,110.3,110.3,110.3,110.3,110.3,110.3,110.3,110.3,110.3,110.3,110.3,110.3,110.3,110.3,110.3,110.3,110.3,110.3,110.3,110.3,110.3,110.3,110.3,110.3,110.3,110.3,110.3,110.3,110.3,110.3,110.3,110.3,110.3,110.3,110.3,110.3,110.3,110.3,110.3,110.3,110.3,110.3,110.3,110.3,110.3,110.3,110.3,110.3,110.3,110.3,110.3,110.3,110.3,110.3,110.3,110.3,110.3,110.3,110.3,110.3,110.3,110.3,110.3,110.3
2006-12-01,110.6,110.6,110.6,110.6,110.6,110.6,110.6,110.6,110.6,110.6,110.6,110.6,110.6,110.6,110.6,110.6,110.6,110.6,110.6,110.6,110.6,110.6,110.6,110.6,110.6,110.6,110.6,110.6,110.6,110.6,110.6,110.6,110.6,110.6,110.6,110.6,110.6,110.6,110.6,110.6,110.6,110.6,110.6,110.6,110.6,110.6,110.6,110.6,110.6,110.6,110.6,110.6,110.6,110.6,110.6,110.6,110.6,110.6,110.6,110.6,110.6,110.6,110.6,110.6,110.6,110.6,110.6,110.6,110.6,110.6,110.6,110.6,110.6,110.6,110.6,110.6,110.6,110.6,110.6,110.6,110.6,110.6,110.6,110.6,110.6,110.6,110.6,110.6,110.6,110.6,110.6,110.6,110.6,110.6,110.6,110.6,110.6,110.6,110.6,110.6,110.6,110.6,110.6,110.6,110.6,110.6,110.6,110.6,110.6,110.6,110.6,110.6,110.6,110.6,110.6,110.6,110.6,110.6,110.6,110.6,110.6,110.6,110.6,110.6,110.6,110.6,110.6,110.6,110.6,110.6,110.6,110.6,110.6,110.6,110.6,110.6,110.6,110.6,110.6,110.6,110.6,110.6,110.6,110.6,110.6,110.6,110.6,110.6,110.6,110.6,110.6,110.6,110.6,110.6,110.6,110.6,110.6,110.6,110.6,110.6,110.6,110.6,110.6,110.6,110.6,110.6,110.6,110.6,110.6,110.6,110.6,110.6,110.6,110.6,110.6,110.6,110.6,110.6,110.6,110.6,110.6,110.6,110.6,110.6,110.6,110.6,110.6,110.6,110.6,110.6,110.6,110.6,110.6,110.6,110.6,110.6,110.6,110.6
2007-01-01,110.4,110.4,110.4,110.4,110.4,110.4,110.4,110.4,110.4,110.4,110.4,110.4,110.4,110.4,110.4,110.4,110.4,110.4,110.4,110.4,110.4,110.4,110.4,110.4,110.4,110.4,110.4,110.4,110.4,110.4,110.4,110.4,110.4,110.4,110.4,110.4,110.4,110.4,110.4,110.4,110.4,110.4,110.4,110.4,110.4,110.4,110.4,110.4,110.4,110.4,110.4,110.4,110.4,110.4,110.4,110.4,110.4,110.4,110.4,110.4,110.4,110.4,110.4,110.4,110.4,110.4,110.4,110.4,110.4,110.4,110.4,110.4,110.4,110.4,110.4,110.4,110.4,110.4,110.4,110.4,110.4,110.4,110.4,110.4,110.4,110.4,110.4,110.4,110.4,110.4,110.4,110.4,110.4,110.4,110.4,110.4,110.4,110.4,110.4,110.4,110.4,110.4,110.4,110.4,110.4,110.4,110.4,110.4,110.4,110.4,110.4,110.4,110.4,110.4,110.4,110.4,110.4,110.4,110.4,110.4,110.4,110.4,110.4,110.4,110.4,110.4,110.4,110.4,110.4,110.4,110.4,110.4,110.4,110.4,110.4,110.4,110.4,110.4,110.4,110.4,110.4,110.4,110.4,110.4,110.4,110.4,110.4,110.4,110.4,110.4,110.4,110.4,110.4,110.4,110.4,110.4,110.4,110.4,110.4,110.4,110.4,110.4,110.4,110.4,110.4,110.4,110.4,110.4,110.4,110.4,110.4,110.4,110.4,110.4,110.4,110.4,110.4,110.4,110.4,110.4,110.4,110.4,110.4,110.4,110.4,110.4,110.4,110.4,110.4,110.4,110.4,110.4,110.4,110.4,110.4,110.4,110.4,110.4
2007-02-01,109.1,109.1,109.1,109.1,109.1,109.1,109.1,109.1,109.1,109.1,109.1,109.1,109.1,109.1,109.1,109.1,109.1,109.1,109.1,109.1,109.1,109.1,109.1,109.1,109.1,109.1,109.1,109.1,109.1,109.1,109.1,109.1,109.1,109.1,109.1,109.1,109.1,109.1,109.1,109.1,109.1,109.1,109.1,109.1,109.1,109.1,109.1,109.1,109.1,109.1,109.1,109.1,109.1,109.1,109.1,109.1,109.1,109.1,109.1,109.1,109.1,109.1,109.1,109.1,109.1,109.1,109.1,109.1,109.1,109.1,109.1,109.1,109.1,109.1,109.1,109.1,109.1,109.1,109.1,109.1,109.1,109.1,109.1,109.1,109.1,109.1,109.1,109.1,109.1,109.1,109.1,109.1,109.1,109.1,109.1,109.1,109.1,109.1,109.1,109.1,109.1,109.1,109.1,109.1,109.1,109.1,109.1,109.1,109.1,109.1,109.1,109.1,109.1,109.1,109.1,109.1,109.1,109.1,109.1,109.1,109.1,109.1,109.1,109.1,109.1,109.1,109.1,109.1,109.1,109.1,109.1,109.1,109.1,109.1,109.1,109.1,109.1,109.1,109.1,109.1,109.1,109.1,109.1,109.1,109.1,109.1,109.1,109.1,109.1,109.1,109.1,109.1,109.1,109.1,109.1,109.1,109.1,109.1,109.1,109.1,109.1,109.1,109.1,109.1,109.1,109.1,109.1,109.1,109.1,109.1,109.1,109.1,109.1,109.1,109.1,109.1,109.1,109.1,109.1,109.1,109.1,109.1,109.1,109.1,109.1,109.1,109.1,109.1,109.1,109.1,109.1,109.1,109.1,109.1,109.1,109.1,109.1,109.1
2007-03-01,109.0,109.0,109.0,109.0,109.0,109.0,109.0,109.0,109.0,109.0,109.0,109.0,109.0,109.0,109.0,109.0,109.0,109.0,109.0,109.0,109.0,109.0,109.0,109.0,109.0,109.0,109.0,109.0,109.0,109.0,109.0,109.0,109.0,109.0,109.0,109.0,109.0,109.0,109.0,109.0,109.0,109.0,109.0,109.0,109.0,109.0,109.0,109.0,109.0,109.0,109.0,109.0,109.0,109.0,109.0,109.0,109.0,109.0,109.0,109.0,109.0,109.0,109.0,109.0,109.0,109.0,109.0,109.0,109.0,109.0,109.0,109.0,109.0,109.0,109.0,109.0,109.0,109.0,109.0,109.0,109.0,109.0,109.0,109.0,109.0,109.0,109.0,109.0,109.0,109.0,109.0,109.0,109.0,109.0,109.0,109.0,109.0,109.0,109.0,109.0,109.0,109.0,109.0,109.0,109.0,109.0,109.0,109.0,109.0,109.0,109.0,109.0,109.0,109.0,109.0,109.0,109.0,109.0,109.0,109.0,109.0,109.0,109.0,109.0,109.0,109.0,109.0,109.0,109.0,109.0,109.0,109.0,109.0,109.0,109.0,109.0,109.0,109.0,109.0,109.0,109.0,109.0,109.0,109.0,109.0,109.0,109.0,109.0,109.0,109.0,109.0,109.0,109.0,109.0,109.0,109.0,109.0,109.0,109.0,109.0,109.0,109.0,109.0,109.0,109.0,109.0,109.0,109.0,109.0,109.0,109.0,109.0,109.0,109.0,109.0,109.0,109.0,109.0,109.0,109.0,109.0,109.0,109.0,109.0,109.0,109.0,109.0,109.0,109.0,109.0,109.0,109.0,109.0,109.0,109.0,109.0,109.0,109.0
2007-04-01,109.8,109.8,109.8,109.8,109.8,109.8,109.8,109.8,109.8,109.8,109.8,109.8,109.8,109.8,109.8,109.8,109.8,109.8,109.8,109.8,109.8,109.8,109.8,109.8,109.8,109.8,109.8,109.8,109.8,109.8,109.8,109.8,109.8,109.8,109.8,109.8,109.8,109.8,109.8,109.8,109.8,109.8,109.8,109.8,109.8,109.8,109.8,109.8,109.8,109.8,109.8,109.8,109.8,109.8,109.8,109.8,109.8,109.8,109.8,109.8,109.8,109.8,109.8,109.8,109.8,109.8,109.8,109.8,109.8,109.8,109.8,109.8,109.8,109.8,109.8,109.8,109.8,109.8,109.8,109.8,109.8,109.8,109.8,109.8,109.8,109.8,109.8,109.8,109.8,109.8,109.8,109.8,109.8,109.8,109.8,109.8,109.8,109.8,109.8,109.8,109.8,109.8,109.8,109.8,109.8,109.8,109.8,109.8,109.8,109.8,109.8,109.8,109.8,109.8,109.8,109.8,109.8,109.8,109.8,109.8,109.8,109.8,109.8,109.8,109.8,109.8,109.8,109.8,109.8,109.8,109.8,109.8,109.8,109.8,109.8,109.8,109.8,109.8,109.8,109.8,109.8,109.8,109.8,109.8,109.8,109.8,109.8,109.8,109.8,109.8,109.8,109.8,109.8,109.8,109.8,109.8,109.8,109.8,109.8,109.8,109.8,109.8,109.8,109.8,109.8,109.8,109.8,109.8,109.8,109.8,109.8,109.8,109.8,109.8,109.8,109.8,109.8,109.8,109.8,109.8,109.8,109.8,109.8,109.8,109.8,109.8,109.8,109.8,109.8,109.8,109.8,109.8,109.8,109.8,109.8,109.8,109.8,109.8
2007-05-01,109.3,109.3,109.3,109.3,109.3,109.3,109.3,109.3,109.3,109.3,109.3,109.3,109.3,109.3,109.3,109.3,109.3,109.3,109.3,109.3,109.3,109.3,109.3,109.3,109.3,109.3,109.3,109.3,109.3,109.3,109.3,109.3,109.3,109.3,109.3,109.3,109.3,109.3,109.3,109.3,109.3,109.3,109.3,109.3,109.3,109.3,109.3,109.3,109.3,109.3,109.3,109.3,109.3,109.3,109.3,109.3,109.3,109.3,109.3,109.3,109.3,109.3,109.3,109.3,109.3,109.3,109.3,109.3,109.3,109.3,109.3,109.3,109.3,109.3,109.3,109.3,109.3,109.3,109.3,109.3,109.3,109.3,109.3,109.3,109.3,109.3,109.3,109.3,109.3,109.3,109.3,109.3,109.3,109.3,109.3,109.3,109.3,109.3,109.3,109.3,109.3,109.3,109.3,109.3,109.3,109.3,109.3,109.3,109.3,109.3,109.3,109.3,109.3,109.3,109.3,109.3,109.3,109.3,109.3,109.3,109.3,109.3,109.3,109.3,109.3,109.3,109.3,109.3,109.3,109.3,109.3,109.3,109.3,109.3,109.3,109.3,109.3,109.3,109.3,109.3,109.3,109.3,109.3,109.3,109.3,109.3,109.3,109.3,109.3,109.3,109.3,109.3,109.3,109.3,109.3,109.3,109.3,109.3,109.3,109.3,109.3,109.3,109.3,109.3,109.3,109.3,109.3,109.3,109.3,109.3,109.3,109.3,109.3,109.3,109.3,109.3,109.3,109.3,109.3,109.3,109.3,109.3,109.3,109.3,109.3,109.3,109.3,109.3,109.3,109.3,109.3,109.3,109.3,109.3,109.3,109.3,109.3,109.3
2007-06-01,108.9,108.9,108.9,108.9,108.9,108.9,108.9,108.9,108.9,108.9,108.9,108.9,108.9,108.9,108.9,108.9,108.9,108.9,108.9,108.9,108.9,108.9,108.9,108.9,108.9,108.9,108.9,108.9,108.9,108.9,108.9,108.9,108.9,108.9,108.9,108.9,108.9,108.9,108.9,108.9,108.9,108.9,108.9,108.9,108.9,108.9,108.9,108.9,108.9,108.9,108.9,108.9,108.9,108.9,108.9,108.9,108.9,108.9,108.9,108.9,108.9,108.9,108.9,108.9,108.9,108.9,108.9,108.9,108.9,108.9,108.9,108.9,108.9,108.9,108.9,108.9,108.9,108.9,108.9,108.9,108.9,108.9,108.9,108.9,108.9,108.9,108.9,108.9,108.9,108.9,108.9,108.9,108.9,108.9,108.9,108.9,108.9,108.9,108.9,108.9,108.9,108.9,108.9,108.9,108.9,108.9,108.9,108.9,108.9,108.9,108.9,108.9,108.9,108.9,108.9,108.9,108.9,108.9,108.9,108.9,108.9,108.9,108.9,108.9,108.9,108.9,108.9,108.9,108.9,108.9,108.9,108.9,108.9,108.9,108.9,108.9,108.9,108.9,108.9,108.9,108.9,108.9,108.9,108.9,108.9,108.9,108.9,108.9,108.9,108.9,108.9,108.9,108.9,108.9,108.9,108.9,108.9,108.9,108.9,108.9,108.9,108.9,108.9,108.9,108.9,108.9,108.9,108.9,108.9,108.9,108.9,108.9,108.9,108.9,108.9,108.9,108.9,108.9,108.9,108.9,108.9,108.9,108.9,108.9,108.9,108.9,108.9,108.9,108.9,108.9,108.9,108.9,108.9,108.9,108.9,108.9,108.9,108.9
2007-07-01,108.9,108.9,108.9,108.9,108.9,108.9,108.9,108.9,108.9,108.9,108.9,108.9,108.9,108.9,108.9,108.9,108.9,108.9,108.9,108.9,108.9,108.9,108.9,108.9,108.9,108.9,108.9,108.9,108.9,108.9,108.9,108.9,108.9,108.9,108.9,108.9,108.9,108.9,108.9,108.9,108.9,108.9,108.9,108.9,108.9,108.9,108.9,108.9,108.9,108.9,108.9,108.9,108.9,108.9,108.9,108.9,108.9,108.9,108.9,108.9,108.9,108.9,108.9,108.9,108.9,108.9,108.9,108.9,108.9,108.9,108.9,108.9,108.9,108.9,108.9,108.9,108.9,108.9,108.9,108.9,108.9,108.9,108.9,108.9,108.9,108.9,108.9,108.9,108.9,108.9,108.9,108.9,108.9,108.9,108.9,108.9,108.9,108.9,108.9,108.9,108.9,108.9,108.9,108.9,108.9,108.9,108.9,108.9,108.9,108.9,108.9,108.9,108.9,108.9,108.9,108.9,108.9,108.9,108.9,108.9,108.9,108.9,108.9,108.9,108.9,108.9,108.9,108.9,108.9,108.9,108.9,108.9,108.9,108.9,108.9,108.9,108.9,108.9,108.9,108.9,108.9,108.9,108.9,108.9,108.9,108.9,108.9,108.9,108.9,108.9,108.9,108.9,108.9,108.9,108.9,108.9,108.9,108.9,108.9,108.9,108.9,108.9,108.9,108.9,108.9,108.9,108.9,108.9,108.9,108.9,108.9,108.9,108.9,108.9,108.9,108.9,108.9,108.9,108.9,108.9,108.9,108.9,108.9,108.9,108.9,108.9,108.9,108.9,108.9,108.9,108.9,108.9,108.9,108.9,108.9,108.9,108.9,108.9
2007-08-01,110.2,110.2,110.2,110.2,110.2,110.2,110.2,110.2,110.2,110.2,110.2,110.2,110.2,110.2,110.2,110.2,110.2,110.2,110.2,110.2,110.2,110.2,110.2,110.2,110.2,110.2,110.2,110.2,110.2,110.2,110.2,110.2,110.2,110.2,110.2,110.2,110.2,110.2,110.2,110.2,110.2,110.2,110.2,110.2,110.2,110.2,110.2,110.2,110.2,110.2,110.2,110.2,110.2,110.2,110.2,110.2,110.2,110.2,110.2,110.2,110.2,110.2,110.2,110.2,110.2,110.2,110.2,110.2,110.2,110.2,110.2,110.2,110.2,110.2,110.2,110.2,110.2,110.2,110.2,110.2,110.2,110.2,110.2,110.2,110.2,110.2,110.2,110.2,110.2,110.2,110.2,110.2,110.2,110.2,110.2,110.2,110.2,110.2,110.2,110.2,110.2,110.2,110.2,110.2,110.2,110.2,110.2,110.2,110.2,110.2,110.2,110.2,110.2,110.2,110.2,110.2,110.2,110.2,110.2,110.2,110.2,110.2,110.2,110.2,110.2,110.2,110.2,110.2,110.2,110.2,110.2,110.2,110.2,110.2,110.2,110.2,110.2,110.2,110.2,110.2,110.2,110.2,110.2,110.2,110.2,110.2,110.2,110.2,110.2,110.2,110.2,110.2,110.2,110.2,110.2,110.2,110.2,110.2,110.2,110.2,110.2,110.2,110.2,110.2,110.2,110.2,110.2,110.2,110.2,110.2,110.2,110.2,110.2,110.2,110.2,110.2,110.2,110.2,110.2,110.2,110.2,110.2,110.2,110.2,110.2,110.2,110.2,110.2,110.2,110.2,110.2,110.2,110.2,110.2,110.2,110.2,110.2,110.2
2007-09-01,110.9,110.9,110.9,110.9,110.9,110.9,110.9,110.9,110.9,110.9,110.9,110.9,110.9,110.9,110.9,110.9,110.9,110.9,110.9,110.9,110.9,110.9,110.9,110.9,110.9,110.9,110.9,110.9,110.9,110.9,110.9,110.9,110.9,110.9,110.9,110.9,110.9,110.9,110.9,110.9,110.9,110.9,110.9,110.9,110.9,110.9,110.9,110.9,110.9,110.9,110.9,110.9,110.9,110.9,110.9,110.9,110.9,110.9,110.9,110.9,110.9,110.9,110.9,110.9,110.9,110.9,110.9,110.9,110.9,110.9,110.9,110.9,110.9,110.9,110.9,110.9,110.9,110.9,110.9,110.9,110.9,110.9,110.9,110.9,110.9,110.9,110.9,110.9,110.9,110.9,110.9,110.9,110.9,110.9,110.9,110.9,110.9,110.9,110.9,110.9,110.9,110.9,110.9,110.9,110.9,110.9,110.9,110.9,110.9,110.9,110.9,110.9,110.9,110.9,110.9,110.9,110.9,110.9,110.9,110.9,110.9,110.9,110.9,110.9,110.9,110.9,110.9,110.9,110.9,110.9,110.9,110.9,110.9,110.9,110.9,110.9,110.9,110.9,110.9,110.9,110.9,110.9,110.9,110.9,110.9,110.9,110.9,110.9,110.9,110.9,110.9,110.9,110.9,110.9,110.9,110.9,110.9,110.9,110.9,110.9,110.9,110.9,110.9,110.9,110.9,110.9,110.9,110.9,110.9,110.9,110.9,110.9,110.9,110.9,110.9,110.9,110.9,110.9,110.9,110.9,110.9,110.9,110.9,110.9,110.9,110.9,110.9,110.9,110.9,110.9,110.9,110.9,110.9,110.9,110.9,110.9,110.9,110.9
2007-10-01,111.4,111.4,111.4,111.4,111.4,111.4,111.4,111.4,111.4,111.4,111.4,111.4,111.4,111.4,111.4,111.4,111.4,111.4,111.4,111.4,111.4,111.4,111.4,111.4,111.4,111.4,111.4,111.4,111.4,111.4,111.4,111.4,111.4,111.4,111.4,111.4,111.4,111.4,111.4,111.4,111.4,111.4,111.4,111.4,111.4,111.4,111.4,111.4,111.4,111.4,111.4,111.4,111.4,111.4,111.4,111.4,111.4,111.4,111.4,111.4,111.4,111.4,111.4,111.4,111.4,111.4,111.4,111.4,111.4,111.4,111.4,111.4,111.4,111.4,111.4,111.4,111.4,111.4,111.4,111.4,111.4,111.4,111.4,111.4,111.4,111.4,111.4,111.4,111.4,111.4,111.4,111.4,111.4,111.4,111.4,111.4,111.4,111.4,111.4,111.4,111.4,111.4,111.4,111.4,111.4,111.4,111.4,111.4,111.4,111.4,111.4,111.4,111.4,111.4,111.4,111.4,111.4,111.4,111.4,111.4,111.4,111.4,111.4,111.4,111.4,111.4,111.4,111.4,111.4,111.4,111.4,111.4,111.4,111.4,111.4,111.4,111.4,111.4,111.4,111.4,111.4,111.4,111.4,111.4,111.4,111.4,111.4,111.4,111.4,111.4,111.4,111.4,111.4,111.4,111.4,111.4,111.4,111.4,111.4,111.4,111.4,111.4,111.4,111.4,111.4,111.4,111.4,111.4,111.4,111.4,111.4,111.4,111.4,111.4,111.4,111.4,111.4,111.4,111.4,111.4,111.4,111.4,111.4,111.4,111.4,111.4,111.4,111.4,111.4,111.4,111.4,111.4,111.4,111.4,111.4,111.4,111.4,111.4
2007-11-01,112.8,112.8,112.8,112.8,112.8,112.8,112.8,112.8,112.8,112.8,112.8,112.8,112.8,112.8,112.8,112.8,112.8,112.8,112.8,112.8,112.8,112.8,112.8,112.8,112.8,112.8,112.8,112.8,112.8,112.8,112.8,112.8,112.8,112.8,112.8,112.8,112.8,112.8,112.8,112.8,112.8,112.8,112.8,112.8,112.8,112.8,112.8,112.8,112.8,112.8,112.8,112.8,112.8,112.8,112.8,112.8,112.8,112.8,112.8,112.8,112.8,112.8,112.8,112.8,112.8,112.8,112.8,112.8,112.8,112.8,112.8,112.8,112.8,112.8,112.8,112.8,112.8,112.8,112.8,112.8,112.8,112.8,112.8,112.8,112.8,112.8,112.8,112.8,112.8,112.8,112.8,112.8,112.8,112.8,112.8,112.8,112.8,112.8,112.8,112.8,112.8,112.8,112.8,112.8,112.8,112.8,112.8,112.8,112.8,112.8,112.8,112.8,112.8,112.8,112.8,112.8,112.8,112.8,112.8,112.8,112.8,112.8,112.8,112.8,112.8,112.8,112.8,112.8,112.8,112.8,112.8,112.8,112.8,112.8,112.8,112.8,112.8,112.8,112.8,112.8,112.8,112.8,112.8,112.8,112.8,112.8,112.8,112.8,112.8,112.8,112.8,112.8,112.8,112.8,112.8,112.8,112.8,112.8,112.8,112.8,112.8,112.8,112.8,112.8,112.8,112.8,112.8,112.8,112.8,112.8,112.8,112.8,112.8,112.8,112.8,112.8,112.8,112.8,112.8,112.8,112.8,112.8,112.8,112.8,112.8,112.8,112.8,112.8,112.8,112.8,112.8,112.8,112.8,112.8,112.8,112.8,112.8,112.8
2007-12-01,116.0,116.0,116.0,116.0,116.0,116.0,116.0,116.0,116.0,116.0,116.0,116.0,116.0,116.0,116.0,116.0,116.0,116.0,116.0,116.0,116.0,116.0,116.0,116.0,116.0,116.0,116.0,116.0,116.0,116.0,116.0,116.0,116.0,116.0,116.0,116.0,116.0,116.0,116.0,116.0,116.0,116.0,116.0,116.0,116.0,116.0,116.0,116.0,116.0,116.0,116.0,116.0,116.0,116.0,116.0,116.0,116.0,116.0,116.0,116.0,116.0,116.0,116.0,116.0,116.0,116.0,116.0,116.0,116.0,116.0,116.0,116.0,116.0,116.0,116.0,116.0,116.0,116.0,116.0,116.0,116.0,116.0,116.0,116.0,116.0,116.0,116.0,116.0,116.0,116.0,116.0,116.0,116.0,116.0,116.0,116.0,116.0,116.0,116.0,116.0,116.0,116.0,116.0,116.0,116.0,116.0,116.0,116.0,116.0,116.0,116.0,116.0,116.0,116.0,116.0,116.0,116.0,116.0,116.0,116.0,116.0,116.0,116.0,116.0,116.0,116.0,116.0,116.0,116.0,116.0,116.0,116.0,116.0,116.0,116.0,116.0,116.0,116.0,116.0,116.0,116.0,116.0,116.0,116.0,116.0,116.0,116.0,116.0,116.0,116.0,116.0,116.0,116.0,116.0,116.0,116.0,116.0,116.0,116.0,116.0,116.0,116.0,116.0,116.0,116.0,116.0,116.0,116.0,116.0,116.0,116.0,116.0,116.0,116.0,116.0,116.0,116.0,116.0,116.0,116.0,116.0,116.0,116.0,116.0,116.0,116.0,116.0,116.0,116.0,116.0,116.0,116.0,116.0,116.0,116.0,116.0,116.0,116.0
2008-01-01,116.2,116.2,116.2,116.2,116.2,116.2,116.2,116.2,116.2,116.2,116.2,116.2,116.2,116.2,116.2,116.2,116.2,116.2,116.2,116.2,116.2,116.2,116.2,116.2,116.2,116.2,116.2,116.2,116.2,116.2,116.2,116.2,116.2,116.2,116.2,116.2,116.2,116.2,116.2,116.2,116.2,116.2,116.2,116.2,116.2,116.2,116.2,116.2,116.2,116.2,116.2,116.2,116.2,116.2,116.2,116.2,116.2,116.2,116.2,116.2,116.2,116.2,116.2,116.2,116.2,116.2,116.2,116.2,116.2,116.2,116.2,116.2,116.2,116.2,116.2,116.2,116.2,116.2,116.2,116.2,116.2,116.2,116.2,116.2,116.2,116.2,116.2,116.2,116.2,116.2,116.2,116.2,116.2,116.2,116.2,116.2,116.2,116.2,116.2,116.2,116.2,116.2,116.2,116.2,116.2,116.2,116.2,116.2,116.2,116.2,116.2,116.2,116.2,116.2,116.2,116.2,116.2,116.2,116.2,116.2,116.2,116.2,116.2,116.2,116.2,116.2,116.2,116.2,116.2,116.2,116.2,116.2,116.2,116.2,116.2,116.2,116.2,116.2,116.2,116.2,116.2,116.2,116.2,116.2,116.2,116.2,116.2,116.2,116.2,116.2,116.2,116.2,116.2,116.2,116.2,116.2,116.2,116.2,116.2,116.2,116.2,116.2,116.2,116.2,116.2,116.2,116.2,116.2,116.2,116.2,116.2,116.2,116.2,116.2,116.2,116.2,116.2,116.2,116.2,116.2,116.2,116.2,116.2,116.2,116.2,116.2,116.2,116.2,116.2,116.2,116.2,116.2,116.2,116.2,116.2,116.2,116.2,116.2
2008-02-01,116.9,116.9,116.9,116.9,116.9,116.9,116.9,116.9,116.9,116.9,116.9,116.9,116.9,116.9,116.9,116.9,116.9,116.9,116.9,116.9,116.9,116.9,116.9,116.9,116.9,116.9,116.9,116.9,116.9,116.9,116.9,116.9,116.9,116.9,116.9,116.9,116.9,116.9,116.9,116.9,116.9,116.9,116.9,116.9,116.9,116.9,116.9,116.9,116.9,116.9,116.9,116.9,116.9,116.9,116.9,116.9,116.9,116.9,116.9,116.9,116.9,116.9,116.9,116.9,116.9,116.9,116.9,116.9,116.9,116.9,116.9,116.9,116.9,116.9,116.9,116.9,116.9,116.9,116.9,116.9,116.9,116.9,116.9,116.9,116.9,116.9,116.9,116.9,116.9,116.9,116.9,116.9,116.9,116.9,116.9,116.9,116.9,116.9,116.9,116.9,116.9,116.9,116.9,116.9,116.9,116.9,116.9,116.9,116.9,116.9,116.9,116.9,116.9,116.9,116.9,116.9,116.9,116.9,116.9,116.9,116.9,116.9,116.9,116.9,116.9,116.9,116.9,116.9,116.9,116.9,116.9,116.9,116.9,116.9,116.9,116.9,116.9,116.9,116.9,116.9,116.9,116.9,116.9,116.9,116.9,116.9,116.9,116.9,116.9,116.9,116.9,116.9,116.9,116.9,116.9,116.9,116.9,116.9,116.9,116.9,116.9,116.9,116.9,116.9,116.9,116.9,116.9,116.9,116.9,116.9,116.9,116.9,116.9,116.9,116.9,116.9,116.9,116.9,116.9,116.9,116.9,116.9,116.9,116.9,116.9,116.9,116.9,116.9,116.9,116.9,116.9,116.9,116.9,116.9,116.9,116.9,116.9,116.9
2008-03-01,118.5,118.5,118.5,118.5,118.5,118.5,118.5,118.5,118.5,118.5,118.5,118.5,118.5,118.5,118.5,118.5,118.5,118.5,118.5,118.5,118.5,118.5,118.5,118.5,118.5,118.5,118.5,118.5,118.5,118.5,118.5,118.5,118.5,118.5,118.5,118.5,118.5,118.5,118.5,118.5,118.5,118.5,118.5,118.5,118.5,118.5,118.5,118.5,118.5,118.5,118.5,118.5,118.5,118.5,118.5,118.5,118.5,118.5,118.5,118.5,118.5,118.5,118.5,118.5,118.5,118.5,118.5,118.5,118.5,118.5,118.5,118.5,118.5,118.5,118.5,118.5,118.5,118.5,118.5,118.5,118.5,118.5,118.5,118.5,118.5,118.5,118.5,118.5,118.5,118.5,118.5,118.5,118.5,118.5,118.5,118.5,118.5,118.5,118.5,118.5,118.5,118.5,118.5,118.5,118.5,118.5,118.5,118.5,118.5,118.5,118.5,118.5,118.5,118.5,118.5,118.5,118.5,118.5,118.5,118.5,118.5,118.5,118.5,118.5,118.5,118.5,118.5,118.5,118.5,118.5,118.5,118.5,118.5,118.5,118.5,118.5,118.5,118.5,118.5,118.5,118.5,118.5,118.5,118.5,118.5,118.5,118.5,118.5,118.5,118.5,118.5,118.5,118.5,118.5,118.5,118.5,118.5,118.5,118.5,118.5,118.5,118.5,118.5,118.5,118.5,118.5,118.5,118.5,118.5,118.5,118.5,118.5,118.5,118.5,118.5,118.5,118.5,118.5,118.5,118.5,118.5,118.5,118.5,118.5,118.5,118.5,118.5,118.5,118.5,118.5,118.5,118.5,118.5,118.5,118.5,118.5,118.5,118.5
2008-04-01,120.7,120.7,120.7,120.7,120.7,120.7,120.7,120.7,120.7,120.7,120.7,120.7,120.7,120.7,120.7,120.7,120.7,120.7,120.7,120.7,120.7,120.7,120.7,120.7,120.7,120.7,120.7,120.7,120.7,120.7,120.7,120.7,120.7,120.7,120.7,120.7,120.7,120.7,120.7,120.7,120.7,120.7,120.7,120.7,120.7,120.7,120.7,120.7,120.7,120.7,120.7,120.7,120.7,120.7,120.7,120.7,120.7,120.7,120.7,120.7,120.7,120.7,120.7,120.7,120.7,120.7,120.7,120.7,120.7,120.7,120.7,120.7,120.7,120.7,120.7,120.7,120.7,120.7,120.7,120.7,120.7,120.7,120.7,120.7,120.7,120.7,120.7,120.7,120.7,120.7,120.7,120.7,120.7,120.7,120.7,120.7,120.7,120.7,120.7,120.7,120.7,120.7,120.7,120.7,120.7,120.7,120.7,120.7,120.7,120.7,120.7,120.7,120.7,120.7,120.7,120.7,120.7,120.7,120.7,120.7,120.7,120.7,120.7,120.7,120.7,120.7,120.7,120.7,120.7,120.7,120.7,120.7,120.7,120.7,120.7,120.7,120.7,120.7,120.7,120.7,120.7,120.7,120.7,120.7,120.7,120.7,120.7,120.7,120.7,120.7,120.7,120.7,120.7,120.7,120.7,120.7,120.7,120.7,120.7,120.7,120.7,120.7,120.7,120.7,120.7,120.7,120.7,120.7,120.7,120.7,120.7,120.7,120.7,120.7,120.7,120.7,120.7,120.7,120.7,120.7,120.7,120.7,120.7,120.7,120.7,120.7,120.7,120.7,120.7,120.7,120.7,120.7,120.7,120.7,120.7,120.7,120.7,120.7
2008-05-01,122.7,122.7,122.7,122.7,122.7,122.7,122.7,122.7,122.7,122.7,122.7,122.7,122.7,122.7,122.7,122.7,122.7,122.7,122.7,122.7,122.7,122.7,122.7,122.7,122.7,122.7,122.7,122.7,122.7,122.7,122.7,122.7,122.7,122.7,122.7,122.7,122.7,122.7,122.7,122.7,122.7,122.7,122.7,122.7,122.7,122.7,122.7,122.7,122.7,122.7,122.7,122.7,122.7,122.7,122.7,122.7,122.7,122.7,122.7,122.7,122.7,122.7,122.7,122.7,122.7,122.7,122.7,122.7,122.7,122.7,122.7,122.7,122.7,122.7,122.7,122.7,122.7,122.7,122.7,122.7,122.7,122.7,122.7,122.7,122.7,122.7,122.7,122.7,122.7,122.7,122.7,122.7,122.7,122.7,122.7,122.7,122.7,122.7,122.7,122.7,122.7,122.7,122.7,122.7,122.7,122.7,122.7,122.7,122.7,122.7,122.7,122.7,122.7,122.7,122.7,122.7,122.7,122.7,122.7,122.7,122.7,122.7,122.7,122.7,122.7,122.7,122.7,122.7,122.7,122.7,122.7,122.7,122.7,122.7,122.7,122.7,122.7,122.7,122.7,122.7,122.7,122.7,122.7,122.7,122.7,122.7,122.7,122.7,122.7,122.7,122.7,122.7,122.7,122.7,122.7,122.7,122.7,122.7,122.7,122.7,122.7,122.7,122.7,122.7,122.7,122.7,122.7,122.7,122.7,122.7,122.7,122.7,122.7,122.7,122.7,122.7,122.7,122.7,122.7,122.7,122.7,122.7,122.7,122.7,122.7,122.7,122.7,122.7,122.7,122.7,122.7,122.7,122.7,122.7,122.7,122.7,122.7,122.7
2008-06-01,123.4,123.4,123.4,123.4,123.4,123.4,123.4,123.4,123.4,123.4,123.4,123.4,123.4,123.4,123.4,123.4,123.4,123.4,123.4,123.4,123.4,123.4,123.4,123.4,123.4,123.4,123.4,123.4,123.4,123.4,123.4,123.4,123.4,123.4,123.4,123.4,123.4,123.4,123.4,123.4,123.4,123.4,123.4,123.4,123.4,123.4,123.4,123.4,123.4,123.4,123.4,123.4,123.4,123.4,123.4,123.4,123.4,123.4,123.4,123.4,123.4,123.4,123.4,123.4,123.4,123.4,123.4,123.4,123.4,123.4,123.4,123.4,123.4,123.4,123.4,123.4,123.4,123.4,123.4,123.4,123.4,123.4,123.4,123.4,123.4,123.4,123.4,123.4,123.4,123.4,123.4,123.4,123.4,123.4,123.4,123.4,123.4,123.4,123.4,123.4,123.4,123.4,123.4,123.4,123.4,123.4,123.4,123.4,123.4,123.4,123.4,123.4,123.4,123.4,123.4,123.4,123.4,123.4,123.4,123.4,123.4,123.4,123.4,123.4,123.4,123.4,123.4,123.4,123.4,123.4,123.4,123.4,123.4,123.4,123.4,123.4,123.4,123.4,123.4,123.4,123.4,123.4,123.4,123.4,123.4,123.4,123.4,123.4,123.4,123.4,123.4,123.4,123.4,123.4,123.4,123.4,123.4,123.4,123.4,123.4,123.4,123.4,123.4,123.4,123.4,123.4,123.4,123.4,123.4,123.4,123.4,123.4,123.4,123.4,123.4,123.4,123.4,123.4,123.4,123.4,123.4,123.4,123.4,123.4,123.4,123.4,123.4,123.4,123.4,123.4,123.4,123.4,123.4,123.4,123.4,123.4,123.4,123.4
2008-07-01,125.3,125.3,125.3,125.3,125.3,125.3,125.3,125.3,125.3,125.3,125.3,125.3,125.3,125.3,125.3,125.3,125.3,125.3,125.3,125.3,125.3,125.3,125.3,125.3,125.3,125.3,125.3,125.3,125.3,125.3,125.3,125.3,125.3,125.3,125.3,125.3,125.3,125.3,125.3,125.3,125.3,125.3,125.3,125.3,125.3,125.3,125.3,125.3,125.3,125.3,125.3,125.3,125.3,125.3,125.3,125.3,125.3,125.3,125.3,125.3,125.3,125.3,125.3,125.3,125.3,125.3,125.3,125.3,125.3,125.3,125.3,125.3,125.3,125.3,125.3,125.3,125.3,125.3,125.3,125.3,125.3,125.3,125.3,125.3,125.3,125.3,125.3,125.3,125.3,125.3,125.3,125.3,125.3,125.3,125.3,125.3,125.3,125.3,125.3,125.3,125.3,125.3,125.3,125.3,125.3,125.3,125.3,125.3,125.3,125.3,125.3,125.3,125.3,125.3,125.3,125.3,125.3,125.3,125.3,125.3,125.3,125.3,125.3,125.3,125.3,125.3,125.3,125.3,125.3,125.3,125.3,125.3,125.3,125.3,125.3,125.3,125.3,125.3,125.3,125.3,125.3,125.3,125.3,125.3,125.3,125.3,125.3,125.3,125.3,125.3,125.3,125.3,125.3,125.3,125.3,125.3,125.3,125.3,125.3,125.3,125.3,125.3,125.3,125.3,125.3,125.3,125.3,125.3,125.3,125.3,125.3,125.3,125.3,125.3,125.3,125.3,125.3,125.3,125.3,125.3,125.3,125.3,125.3,125.3,125.3,125.3,125.3,125.3,125.3,125.3,125.3,125.3,125.3,125.3,125.3,125.3,125.3,125.3
2008-08-01,124.1,124.1,124.1,124.1,124.1,124.1,124.1,124.1,124.1,124.1,124.1,124.1,124.1,124.1,124.1,124.1,124.1,124.1,124.1,124.1,124.1,124.1,124.1,124.1,124.1,124.1,124.1,124.1,124.1,124.1,124.1,124.1,124.1,124.1,124.1,124.1,124.1,124.1,124.1,124.1,124.1,124.1,124.1,124.1,124.1,124.1,124.1,124.1,124.1,124.1,124.1,124.1,124.1,124.1,124.1,124.1,124.1,124.1,124.1,124.1,124.1,124.1,124.1,124.1,124.1,124.1,124.1,124.1,124.1,124.1,124.1,124.1,124.1,124.1,124.1,124.1,124.1,124.1,124.1,124.1,124.1,124.1,124.1,124.1,124.1,124.1,124.1,124.1,124.1,124.1,124.1,124.1,124.1,124.1,124.1,124.1,124.1,124.1,124.1,124.1,124.1,124.1,124.1,124.1,124.1,124.1,124.1,124.1,124.1,124.1,124.1,124.1,124.1,124.1,124.1,124.1,124.1,124.1,124.1,124.1,124.1,124.1,124.1,124.1,124.1,124.1,124.1,124.1,124.1,124.1,124.1,124.1,124.1,124.1,124.1,124.1,124.1,124.1,124.1,124.1,124.1,124.1,124.1,124.1,124.1,124.1,124.1,124.1,124.1,124.1,124.1,124.1,124.1,124.1,124.1,124.1,124.1,124.1,124.1,124.1,124.1,124.1,124.1,124.1,124.1,124.1,124.1,124.1,124.1,124.1,124.1,124.1,124.1,124.1,124.1,124.1,124.1,124.1,124.1,124.1,124.1,124.1,124.1,124.1,124.1,124.1,124.1,124.1,124.1,124.1,124.1,124.1,124.1,124.1,124.1,124.1,124.1,124.1
2008-09-01,123.8,123.8,123.8,123.8,123.8,123.8,123.8,123.8,123.8,123.8,123.8,123.8,123.8,123.8,123.8,123.8,123.8,123.8,123.8,123.8,123.8,123.8,123.8,123.8,123.8,123.8,123.8,123.8,123.8,123.8,123.8,123.8,123.8,123.8,123.8,123.8,123.8,123.8,123.8,123.8,123.8,123.8,123.8,123.8,123.8,123.8,123.8,123.8,123.8,123.8,123.8,123.8,123.8,123.8,123.8,123.8,123.8,123.8,123.8,123.8,123.8,123.8,123.8,123.8,123.8,123.8,123.8,123.8,123.8,123.8,123.8,123.8,123.8,123.8,123.8,123.8,123.8,123.8,123.8,123.8,123.8,123.8,123.8,123.8,123.8,123.8,123.8,123.8,123.8,123.8,123.8,123.8,123.8,123.8,123.8,123.8,123.8,123.8,123.8,123.8,123.8,123.8,123.8,123.8,123.8,123.8,123.8,123.8,123.8,123.8,123.8,123.8,123.8,123.8,123.8,123.8,123.8,123.8,123.8,123.8,123.8,123.8,123.8,123.8,123.8,123.8,123.8,123.8,123.8,123.8,123.8,123.8,123.8,123.8,123.8,123.8,123.8,123.8,123.8,123.8,123.8,123.8,123.8,123.8,123.8,123.8,123.8,123.8,123.8,123.8,123.8,123.8,123.8,123.8,123.8,123.8,123.8,123.8,123.8,123.8,123.8,123.8,123.8,123.8,123.8,123.8,123.8,123.8,123.8,123.8,123.8,123.8,123.8,123.8,123.8,123.8,123.8,123.8,123.8,123.8,123.8,123.8,123.8,123.8,123.8,123.8,123.8,123.8,123.8,123.8,123.8,123.8,123.8,123.8,123.8,123.8,123.8,123.8
2008-10-01,122.5,122.5,122.5,122.5,122.5,122.5,122.5,122.5,122.5,122.5,122.5,122.5,122.5,122.5,122.5,122.5,122.5,122.5,122.5,122.5,122.5,122.5,122.5,122.5,122.5,122.5,122.5,122.5,122.5,122.5,122.5,122.5,122.5,122.5,122.5,122.5,122.5,122.5,122.5,122.5,122.5,122.5,122.5,122.5,122.5,122.5,122.5,122.5,122.5,122.5,122.5,122.5,122.5,122.5,122.5,122.5,122.5,122.5,122.5,122.5,122.5,122.5,122.5,122.5,122.5,122.5,122.5,122.5,122.5,122.5,122.5,122.5,122.5,122.5,122.5,122.5,122.5,122.5,122.5,122.5,122.5,122.5,122.5,122.5,122.5,122.5,122.5,122.5,122.5,122.5,122.5,122.5,122.5,122.5,122.5,122.5,122.5,122.5,122.5,122.5,122.5,122.5,122.5,122.5,122.5,122.5,122.5,122.5,122.5,122.5,122.5,122.5,122.5,122.5,122.5,122.5,122.5,122.5,122.5,122.5,122.5,122.5,122.5,122.5,122.5,122.5,122.5,122.5,122.5,122.5,122.5,122.5,122.5,122.5,122.5,122.5,122.5,122.5,122.5,122.5,122.5,122.5,122.5,122.5,122.5,122.5,122.5,122.5,122.5,122.5,122.5,122.5,122.5,122.5,122.5,122.5,122.5,122.5,122.5,122.5,122.5,122.5,122.5,122.5,122.5,122.5,122.5,122.5,122.5,122.5,122.5,122.5,122.5,122.5,122.5,122.5,122.5,122.5,122.5,122.5,122.5,122.5,122.5,122.5,122.5,122.5,122.5,122.5,122.5,122.5,122.5,122.5,122.5,122.5,122.5,122.5,122.5,122.5
2008-11-01,122.0,122.0,122.0,122.0,122.0,122.0,122.0,122.0,122.0,122.0,122.0,122.0,122.0,122.0,122.0,122.0,122.0,122.0,122.0,122.0,122.0,122.0,122.0,122.0,122.0,122.0,122.0,122.0,122.0,122.0,122.0,122.0,122.0,122.0,122.0,122.0,122.0,122.0,122.0,122.0,122.0,122.0,122.0,122.0,122.0,122.0,122.0,122.0,122.0,122.0,122.0,122.0,122.0,122.0,122.0,122.0,122.0,122.0,122.0,122.0,122.0,122.0,122.0,122.0,122.0,122.0,122.0,122.0,122.0,122.0,122.0,122.0,122.0,122.0,122.0,122.0,122.0,122.0,122.0,122.0,122.0,122.0,122.0,122.0,122.0,122.0,122.0,122.0,122.0,122.0,122.0,122.0,122.0,122.0,122.0,122.0,122.0,122.0,122.0,122.0,122.0,122.0,122.0,122.0,122.0,122.0,122.0,122.0,122.0,122.0,122.0,122.0,122.0,122.0,122.0,122.0,122.0,122.0,122.0,122.0,122.0,122.0,122.0,122.0,122.0,122.0,122.0,122.0,122.0,122.0,122.0,122.0,122.0,122.0,122.0,122.0,122.0,122.0,122.0,122.0,122.0,122.0,122.0,122.0,122.0,122.0,122.0,122.0,122.0,122.0,122.0,122.0,122.0,122.0,122.0,122.0,122.0,122.0,122.0,122.0,122.0,122.0,122.0,122.0,122.0,122.0,122.0,122.0,122.0,122.0,122.0,122.0,122.0,122.0,122.0,122.0,122.0,122.0,122.0,122.0,122.0,122.0,122.0,122.0,122.0,122.0,122.0,122.0,122.0,122.0,122.0,122.0,122.0,122.0,122.0,122.0,122.0,122.0
2008-12-01,118.9,118.9,118.9,118.9,118.9,118.9,118.9,118.9,118.9,118.9,118.9,118.9,118.9,118.9,118.9,118.9,118.9,118.9,118.9,118.9,118.9,118.9,118.9,118.9,118.9,118.9,118.9,118.9,118.9,118.9,118.9,118.9,118.9,118.9,118.9,118.9,118.9,118.9,118.9,118.9,118.9,118.9,118.9,118.9,118.9,118.9,118.9,118.9,118.9,118.9,118.9,118.9,118.9,118.9,118.9,118.9,118.9,118.9,118.9,118.9,118.9,118.9,118.9,118.9,118.9,118.9,118.9,118.9,118.9,118.9,118.9,118.9,118.9,118.9,118.9,118.9,118.9,118.9,118.9,118.9,118.9,118.9,118.9,118.9,118.9,118.9,118.9,118.9,118.9,118.9,118.9,118.9,118.9,118.9,118.9,118.9,118.9,118.9,118.9,118.9,118.9,118.9,118.9,118.9,118.9,118.9,118.9,118.9,118.9,118.9,118.9,118.9,118.9,118.9,118.9,118.9,118.9,118.9,118.9,118.9,118.9,118.9,118.9,118.9,118.9,118.9,118.9,118.9,118.9,118.9,118.9,118.9,118.9,118.9,118.9,118.9,118.9,118.9,118.9,118.9,118.9,118.9,118.9,118.9,118.9,118.9,118.9,118.9,118.9,118.9,118.9,118.9,118.9,118.9,118.9,118.9,118.9,118.9,118.9,118.9,118.9,118.9,118.9,118.9,118.9,118.9,118.9,118.9,118.9,118.9,118.9,118.9,118.9,118.9,118.9,118.9,118.9,118.9,118.9,118.9,118.9,118.9,118.9,118.9,118.9,118.9,118.9,118.9,118.9,118.9,118.9,118.9,118.9,118.9,118.9,118.9,118.9,118.9
2009-01-01,117.0,117.0,117.0,117.0,117.0,117.0,117.0,117.0,117.0,117.0,117.0,117.0,117.0,117.0,117.0,117.0,117.0,117.0,117.0,117.0,117.0,117.0,117.0,117.0,117.0,117.0,117.0,117.0,117.0,117.0,117.0,117.0,117.0,117.0,117.0,117.0,117.0,117.0,117.0,117.0,117.0,117.0,117.0,117.0,117.0,117.0,117.0,117.0,117.0,117.0,117.0,117.0,117.0,117.0,117.0,117.0,117.0,117.0,117.0,117.0,117.0,117.0,117.0,117.0,117.0,117.0,117.0,117.0,117.0,117.0,117.0,117.0,117.0,117.0,117.0,117.0,117.0,117.0,117.0,117.0,117.0,117.0,117.0,117.0,117.0,117.0,117.0,117.0,117.0,117.0,117.0,117.0,117.0,117.0,117.0,117.0,117.0,117.0,117.0,117.0,117.0,117.0,117.0,117.0,117.0,117.0,117.0,117.0,117.0,117.0,117.0,117.0,117.0,117.0,117.0,117.0,117.0,117.0,117.0,117.0,117.0,117.0,117.0,117.0,117.0,117.0,117.0,117.0,117.0,117.0,117.0,117.0,117.0,117.0,117.0,117.0,117.0,117.0,117.0,117.0,117.0,117.0,117.0,117.0,117.0,117.0,117.0,117.0,117.0,117.0,117.0,117.0,117.0,117.0,117.0,117.0,117.0,117.0,117.0,117.0,117.0,117.0,117.0,117.0,117.0,117.0,117.0,117.0,117.0,117.0,117.0,117.0,117.0,117.0,117.0,117.0,117.0,117.0,117.0,117.0,117.0,117.0,117.0,117.0,117.0,117.0,117.0,117.0,117.0,117.0,117.0,117.0,117.0,117.0,117.0,117.0,117.0,117.0
2009-02-01,114.6,114.6,114.6,114.6,114.6,114.6,114.6,114.6,114.6,114.6,114.6,114.6,114.6,114.6,114.6,114.6,114.6,114.6,114.6,114.6,114.6,114.6,114.6,114.6,114.6,114.6,114.6,114.6,114.6,114.6,114.6,114.6,114.6,114.6,114.6,114.6,114.6,114.6,114.6,114.6,114.6,114.6,114.6,114.6,114.6,114.6,114.6,114.6,114.6,114.6,114.6,114.6,114.6,114.6,114.6,114.6,114.6,114.6,114.6,114.6,114.6,114.6,114.6,114.6,114.6,114.6,114.6,114.6,114.6,114.6,114.6,114.6,114.6,114.6,114.6,114.6,114.6,114.6,114.6,114.6,114.6,114.6,114.6,114.6,114.6,114.6,114.6,114.6,114.6,114.6,114.6,114.6,114.6,114.6,114.6,114.6,114.6,114.6,114.6,114.6,114.6,114.6,114.6,114.6,114.6,114.6,114.6,114.6,114.6,114.6,114.6,114.6,114.6,114.6,114.6,114.6,114.6,114.6,114.6,114.6,114.6,114.6,114.6,114.6,114.6,114.6,114.6,114.6,114.6,114.6,114.6,114.6,114.6,114.6,114.6,114.6,114.6,114.6,114.6,114.6,114.6,114.6,114.6,114.6,114.6,114.6,114.6,114.6,114.6,114.6,114.6,114.6,114.6,114.6,114.6,114.6,114.6,114.6,114.6,114.6,114.6,114.6,114.6,114.6,114.6,114.6,114.6,114.6,114.6,114.6,114.6,114.6,114.6,114.6,114.6,114.6,114.6,114.6,114.6,114.6,114.6,114.6,114.6,114.6,114.6,114.6,114.6,114.6,114.6,114.6,114.6,114.6,114.6,114.6,114.6,114.6,114.6,114.6
2009-03-01,112.4,112.4,112.4,112.4,112.4,112.4,112.4,112.4,112.4,112.4,112.4,112.4,112.4,112.4,112.4,112.4,112.4,112.4,112.4,112.4,112.4,112.4,112.4,112.4,112.4,112.4,112.4,112.4,112.4,112.4,112.4,112.4,112.4,112.4,112.4,112.4,112.4,112.4,112.4,112.4,112.4,112.4,112.4,112.4,112.4,112.4,112.4,112.4,112.4,112.4,112.4,112.4,112.4,112.4,112.4,112.4,112.4,112.4,112.4,112.4,112.4,112.4,112.4,112.4,112.4,112.4,112.4,112.4,112.4,112.4,112.4,112.4,112.4,112.4,112.4,112.4,112.4,112.4,112.4,112.4,112.4,112.4,112.4,112.4,112.4,112.4,112.4,112.4,112.4,112.4,112.4,112.4,112.4,112.4,112.4,112.4,112.4,112.4,112.4,112.4,112.4,112.4,112.4,112.4,112.4,112.4,112.4,112.4,112.4,112.4,112.4,112.4,112.4,112.4,112.4,112.4,112.4,112.4,112.4,112.4,112.4,112.4,112.4,112.4,112.4,112.4,112.4,112.4,112.4,112.4,112.4,112.4,112.4,112.4,112.4,112.4,112.4,112.4,112.4,112.4,112.4,112.4,112.4,112.4,112.4,112.4,112.4,112.4,112.4,112.4,112.4,112.4,112.4,112.4,112.4,112.4,112.4,112.4,112.4,112.4,112.4,112.4,112.4,112.4,112.4,112.4,112.4,112.4,112.4,112.4,112.4,112.4,112.4,112.4,112.4,112.4,112.4,112.4,112.4,112.4,112.4,112.4,112.4,112.4,112.4,112.4,112.4,112.4,112.4,112.4,112.4,112.4,112.4,112.4,112.4,112.4,112.4,112.4
2009-04-01,110.6,110.6,110.6,110.6,110.6,110.6,110.6,110.6,110.6,110.6,110.6,110.6,110.6,110.6,110.6,110.6,110.6,110.6,110.6,110.6,110.6,110.6,110.6,110.6,110.6,110.6,110.6,110.6,110.6,110.6,110.6,110.6,110.6,110.6,110.6,110.6,110.6,110.6,110.6,110.6,110.6,110.6,110.6,110.6,110.6,110.6,110.6,110.6,110.6,110.6,110.6,110.6,110.6,110.6,110.6,110.6,110.6,110.6,110.6,110.6,110.6,110.6,110.6,110.6,110.6,110.6,110.6,110.6,110.6,110.6,110.6,110.6,110.6,110.6,110.6,110.6,110.6,110.6,110.6,110.6,110.6,110.6,110.6,110.6,110.6,110.6,110.6,110.6,110.6,110.6,110.6,110.6,110.6,110.6,110.6,110.6,110.6,110.6,110.6,110.6,110.6,110.6,110.6,110.6,110.6,110.6,110.6,110.6,110.6,110.6,110.6,110.6,110.6,110.6,110.6,110.6,110.6,110.6,110.6,110.6,110.6,110.6,110.6,110.6,110.6,110.6,110.6,110.6,110.6,110.6,110.6,110.6,110.6,110.6,110.6,110.6,110.6,110.6,110.6,110.6,110.6,110.6,110.6,110.6,110.6,110.6,110.6,110.6,110.6,110.6,110.6,110.6,110.6,110.6,110.6,110.6,110.6,110.6,110.6,110.6,110.6,110.6,110.6,110.6,110.6,110.6,110.6,110.6,110.6,110.6,110.6,110.6,110.6,110.6,110.6,110.6,110.6,110.6,110.6,110.6,110.6,110.6,110.6,110.6,110.6,110.6,110.6,110.6,110.6,110.6,110.6,110.6,110.6,110.6,110.6,110.6,110.6,110.6
2009-05-01,108.4,108.4,108.4,108.4,108.4,108.4,108.4,108.4,108.4,108.4,108.4,108.4,108.4,108.4,108.4,108.4,108.4,108.4,108.4,108.4,108.4,108.4,108.4,108.4,108.4,108.4,108.4,108.4,108.4,108.4,108.4,108.4,108.4,108.4,108.4,108.4,108.4,108.4,108.4,108.4,108.4,108.4,108.4,108.4,108.4,108.4,108.4,108.4,108.4,108.4,108.4,108.4,108.4,108.4,108.4,108.4,108.4,108.4,108.4,108.4,108.4,108.4,108.4,108.4,108.4,108.4,108.4,108.4,108.4,108.4,108.4,108.4,108.4,108.4,108.4,108.4,108.4,108.4,108.4,108.4,108.4,108.4,108.4,108.4,108.4,108.4,108.4,108.4,108.4,108.4,108.4,108.4,108.4,108.4,108.4,108.4,108.4,108.4,108.4,108.4,108.4,108.4,108.4,108.4,108.4,108.4,108.4,108.4,108.4,108.4,108.4,108.4,108.4,108.4,108.4,108.4,108.4,108.4,108.4,108.4,108.4,108.4,108.4,108.4,108.4,108.4,108.4,108.4,108.4,108.4,108.4,108.4,108.4,108.4,108.4,108.4,108.4,108.4,108.4,108.4,108.4,108.4,108.4,108.4,108.4,108.4,108.4,108.4,108.4,108.4,108.4,108.4,108.4,108.4,108.4,108.4,108.4,108.4,108.4,108.4,108.4,108.4,108.4,108.4,108.4,108.4,108.4,108.4,108.4,108.4,108.4,108.4,108.4,108.4,108.4,108.4,108.4,108.4,108.4,108.4,108.4,108.4,108.4,108.4,108.4,108.4,108.4,108.4,108.4,108.4,108.4,108.4,108.4,108.4,108.4,108.4,108.4,108.4
2009-06-01,109.3,109.3,109.3,109.3,109.3,109.3,109.3,109.3,109.3,109.3,109.3,109.3,109.3,109.3,109.3,109.3,109.3,109.3,109.3,109.3,109.3,109.3,109.3,109.3,109.3,109.3,109.3,109.3,109.3,109.3,109.3,109.3,109.3,109.3,109.3,109.3,109.3,109.3,109.3,109.3,109.3,109.3,109.3,109.3,109.3,109.3,109.3,109.3,109.3,109.3,109.3,109.3,109.3,109.3,109.3,109.3,109.3,109.3,109.3,109.3,109.3,109.3,109.3,109.3,109.3,109.3,109.3,109.3,109.3,109.3,109.3,109.3,109.3,109.3,109.3,109.3,109.3,109.3,109.3,109.3,109.3,109.3,109.3,109.3,109.3,109.3,109.3,109.3,109.3,109.3,109.3,109.3,109.3,109.3,109.3,109.3,109.3,109.3,109.3,109.3,109.3,109.3,109.3,109.3,109.3,109.3,109.3,109.3,109.3,109.3,109.3,109.3,109.3,109.3,109.3,109.3,109.3,109.3,109.3,109.3,109.3,109.3,109.3,109.3,109.3,109.3,109.3,109.3,109.3,109.3,109.3,109.3,109.3,109.3,109.3,109.3,109.3,109.3,109.3,109.3,109.3,109.3,109.3,109.3,109.3,109.3,109.3,109.3,109.3,109.3,109.3,109.3,109.3,109.3,109.3,109.3,109.3,109.3,109.3,109.3,109.3,109.3,109.3,109.3,109.3,109.3,109.3,109.3,109.3,109.3,109.3,109.3,109.3,109.3,109.3,109.3,109.3,109.3,109.3,109.3,109.3,109.3,109.3,109.3,109.3,109.3,109.3,109.3,109.3,109.3,109.3,109.3,109.3,109.3,109.3,109.3,109.3,109.3
2009-07-01,108.1,108.1,108.1,108.1,108.1,108.1,108.1,108.1,108.1,108.1,108.1,108.1,108.1,108.1,108.1,108.1,108.1,108.1,108.1,108.1,108.1,108.1,108.1,108.1,108.1,108.1,108.1,108.1,108.1,108.1,108.1,108.1,108.1,108.1,108.1,108.1,108.1,108.1,108.1,108.1,108.1,108.1,108.1,108.1,108.1,108.1,108.1,108.1,108.1,108.1,108.1,108.1,108.1,108.1,108.1,108.1,108.1,108.1,108.1,108.1,108.1,108.1,108.1,108.1,108.1,108.1,108.1,108.1,108.1,108.1,108.1,108.1,108.1,108.1,108.1,108.1,108.1,108.1,108.1,108.1,108.1,108.1,108.1,108.1,108.1,108.1,108.1,108.1,108.1,108.1,108.1,108.1,108.1,108.1,108.1,108.1,108.1,108.1,108.1,108.1,108.1,108.1,108.1,108.1,108.1,108.1,108.1,108.1,108.1,108.1,108.1,108.1,108.1,108.1,108.1,108.1,108.1,108.1,108.1,108.1,108.1,108.1,108.1,108.1,108.1,108.1,108.1,108.1,108.1,108.1,108.1,108.1,108.1,108.1,108.1,108.1,108.1,108.1,108.1,108.1,108.1,108.1,108.1,108.1,108.1,108.1,108.1,108.1,108.1,108.1,108.1,108.1,108.1,108.1,108.1,108.1,108.1,108.1,108.1,108.1,108.1,108.1,108.1,108.1,108.1,108.1,108.1,108.1,108.1,108.1,108.1,108.1,108.1,108.1,108.1,108.1,108.1,108.1,108.1,108.1,108.1,108.1,108.1,108.1,108.1,108.1,108.1,108.1,108.1,108.1,108.1,108.1,108.1,108.1,108.1,108.1,108.1,108.1
2009-08-01,108.7,108.7,108.7,108.7,108.7,108.7,108.7,108.7,108.7,108.7,108.7,108.7,108.7,108.7,108.7,108.7,108.7,108.7,108.7,108.7,108.7,108.7,108.7,108.7,108.7,108.7,108.7,108.7,108.7,108.7,108.7,108.7,108.7,108.7,108.7,108.7,108.7,108.7,108.7,108.7,108.7,108.7,108.7,108.7,108.7,108.7,108.7,108.7,108.7,108.7,108.7,108.7,108.7,108.7,108.7,108.7,108.7,108.7,108.7,108.7,108.7,108.7,108.7,108.7,108.7,108.7,108.7,108.7,108.7,108.7,108.7,108.7,108.7,108.7,108.7,108.7,108.7,108.7,108.7,108.7,108.7,108.7,108.7,108.7,108.7,108.7,108.7,108.7,108.7,108.7,108.7,108.7,108.7,108.7,108.7,108.7,108.7,108.7,108.7,108.7,108.7,108.7,108.7,108.7,108.7,108.7,108.7,108.7,108.7,108.7,108.7,108.7,108.7,108.7,108.7,108.7,108.7,108.7,108.7,108.7,108.7,108.7,108.7,108.7,108.7,108.7,108.7,108.7,108.7,108.7,108.7,108.7,108.7,108.7,108.7,108.7,108.7,108.7,108.7,108.7,108.7,108.7,108.7,108.7,108.7,108.7,108.7,108.7,108.7,108.7,108.7,108.7,108.7,108.7,108.7,108.7,108.7,108.7,108.7,108.7,108.7,108.7,108.7,108.7,108.7,108.7,108.7,108.7,108.7,108.7,108.7,108.7,108.7,108.7,108.7,108.7,108.7,108.7,108.7,108.7,108.7,108.7,108.7,108.7,108.7,108.7,108.7,108.7,108.7,108.7,108.7,108.7,108.7,108.7,108.7,108.7,108.7,108.7
2009-09-01,110.5,110.5,110.5,110.5,110.5,110.5,110.5,110.5,110.5,110.5,110.5,110.5,110.5,110.5,110.5,110.5,110.5,110.5,110.5,110.5,110.5,110.5,110.5,110.5,110.5,110.5,110.5,110.5,110.5,110.5,110.5,110.5,110.5,110.5,110.5,110.5,110.5,110.5,110.5,110.5,110.5,110.5,110.5,110.5,110.5,110.5,110.5,110.5,110.5,110.5,110.5,110.5,110.5,110.5,110.5,110.5,110.5,110.5,110.5,110.5,110.5,110.5,110.5,110.5,110.5,110.5,110.5,110.5,110.5,110.5,110.5,110.5,110.5,110.5,110.5,110.5,110.5,110.5,110.5,110.5,110.5,110.5,110.5,110.5,110.5,110.5,110.5,110.5,110.5,110.5,110.5,110.5,110.5,110.5,110.5,110.5,110.5,110.5,110.5,110.5,110.5,110.5,110.5,110.5,110.5,110.5,110.5,110.5,110.5,110.5,110.5,110.5,110.5,110.5,110.5,110.5,110.5,110.5,110.5,110.5,110.5,110.5,110.5,110.5,110.5,110.5,110.5,110.5,110.5,110.5,110.5,110.5,110.5,110.5,110.5,110.5,110.5,110.5,110.5,110.5,110.5,110.5,110.5,110.5,110.5,110.5,110.5,110.5,110.5,110.5,110.5,110.5,110.5,110.5,110.5,110.5,110.5,110.5,110.5,110.5,110.5,110.5,110.5,110.5,110.5,110.5,110.5,110.5,110.5,110.5,110.5,110.5,110.5,110.5,110.5,110.5,110.5,110.5,110.5,110.5,110.5,110.5,110.5,110.5,110.5,110.5,110.5,110.5,110.5,110.5,110.5,110.5,110.5,110.5,110.5,110.5,110.5,110.5
2009-10-01,120.1,120.1,120.1,120.1,120.1,120.1,120.1,120.1,120.1,120.1,120.1,120.1,120.1,120.1,120.1,120.1,120.1,120.1,120.1,120.1,120.1,120.1,120.1,120.1,120.1,120.1,120.1,120.1,120.1,120.1,120.1,120.1,120.1,120.1,120.1,120.1,120.1,120.1,120.1,120.1,120.1,120.1,120.1,120.1,120.1,120.1,120.1,120.1,120.1,120.1,120.1,120.1,120.1,120.1,120.1,120.1,120.1,120.1,120.1,120.1,120.1,120.1,120.1,120.1,120.1,120.1,120.1,120.1,120.1,120.1,120.1,120.1,120.1,120.1,120.1,120.1,120.1,120.1,120.1,120.1,120.1,120.1,120.1,120.1,120.1,120.1,120.1,120.1,120.1,120.1,120.1,120.1,120.1,120.1,120.1,120.1,120.1,120.1,120.1,120.1,120.1,120.1,120.1,120.1,120.1,120.1,120.1,120.1,120.1,120.1,120.1,120.1,120.1,120.1,120.1,120.1,120.1,120.1,120.1,120.1,120.1,120.1,120.1,120.1,120.1,120.1,120.1,120.1,120.1,120.1,120.1,120.1,120.1,120.1,120.1,120.1,120.1,120.1,120.1,120.1,120.1,120.1,120.1,120.1,120.1,120.1,120.1,120.1,120.1,120.1,120.1,120.1,120.1,120.1,120.1,120.1,120.1,120.1,120.1,120.1,120.1,120.1,120.1,120.1,120.1,120.1,120.1,120.1,120.1,120.1,120.1,120.1,120.1,120.1,120.1,120.1,120.1,120.1,120.1,120.1,120.1,120.1,120.1,120.1,120.1,120.1,120.1,120.1,120.1,120.1,120.1,120.1,120.1,120.1,120.1,120.1,120.1,120.1
2009-11-01,127.0,127.0,127.0,127.0,127.0,127.0,127.0,127.0,127.0,127.0,127.0,127.0,127.0,127.0,127.0,127.0,127.0,127.0,127.0,127.0,127.0,127.0,127.0,127.0,127.0,127.0,127.0,127.0,127.0,127.0,127.0,127.0,127.0,127.0,127.0,127.0,127.0,127.0,127.0,127.0,127.0,127.0,127.0,127.0,127.0,127.0,127.0,127.0,127.0,127.0,127.0,127.0,127.0,127.0,127.0,127.0,127.0,127.0,127.0,127.0,127.0,127.0,127.0,127.0,127.0,127.0,127.0,127.0,127.0,127.0,127.0,127.0,127.0,127.0,127.0,127.0,127.0,127.0,127.0,127.0,127.0,127.0,127.0,127.0,127.0,127.0,127.0,127.0,127.0,127.0,127.0,127.0,127.0,127.0,127.0,127.0,127.0,127.0,127.0,127.0,127.0,127.0,127.0,127.0,127.0,127.0,127.0,127.0,127.0,127.0,127.0,127.0,127.0,127.0,127.0,127.0,127.0,127.0,127.0,127.0,127.0,127.0,127.0,127.0,127.0,127.0,127.0,127.0,127.0,127.0,127.0,127.0,127.0,127.0,127.0,127.0,127.0,127.0,127.0,127.0,127.0,127.0,127.0,127.0,127.0,127.0,127.0,127.0,127.0,127.0,127.0,127.0,127.0,127.0,127.0,127.0,127.0,127.0,127.0,127.0,127.0,127.0,127.0,127.0,127.0,127.0,127.0,127.0,127.0,127.0,127.0,127.0,127.0,127.0,127.0,127.0,127.0,127.0,127.0,127.0,127.0,127.0,127.0,127.0,127.0,127.0,127.0,127.0,127.0,127.0,127.0,127.0,127.0,127.0,127.0,127.0,127.0,127.0
2009-12-01,136.0,136.0,136.0,136.0,136.0,136.0,136.0,136.0,136.0,136.0,136.0,136.0,136.0,136.0,136.0,136.0,136.0,136.0,136.0,136.0,136.0,136.0,136.0,136.0,136.0,136.0,136.0,136.0,136.0,136.0,136.0,136.0,136.0,136.0,136.0,136.0,136.0,136.0,136.0,136.0,136.0,136.0,136.0,136.0,136.0,136.0,136.0,136.0,136.0,136.0,136.0,136.0,136.0,136.0,136.0,136.0,136.0,136.0,136.0,136.0,136.0,136.0,136.0,136.0,136.0,136.0,136.0,136.0,136.0,136.0,136.0,136.0,136.0,136.0,136.0,136.0,136.0,136.0,136.0,136.0,136.0,136.0,136.0,136.0,136.0,136.0,136.0,136.0,136.0,136.0,136.0,136.0,136.0,136.0,136.0,136.0,136.0,136.0,136.0,136.0,136.0,136.0,136.0,136.0,136.0,136.0,136.0,136.0,136.0,136.0,136.0,136.0,136.0,136.0,136.0,136.0,136.0,136.0,136.0,136.0,136.0,136.0,136.0,136.0,136.0,136.0,136.0,136.0,136.0,136.0,136.0,136.0,136.0,136.0,136.0,136.0,136.0,136.0,136.0,136.0,136.0,136.0,136.0,136.0,136.0,136.0,136.0,136.0,136.0,136.0,136.0,136.0,136.0,136.0,136.0,136.0,136.0,136.0,136.0,136.0,136.0,136.0,136.0,136.0,136.0,136.0,136.0,136.0,136.0,136.0,136.0,136.0,136.0,136.0,136.0,136.0,136.0,136.0,136.0,136.0,136.0,136.0,136.0,136.0,136.0,136.0,136.0,136.0,136.0,136.0,136.0,136.0,136.0,136.0,136.0,136.0,136.0,136.0
2010-01-01,127.5,131.8,131.8,131.8,131.8,131.8,131.8,131.8,131.8,131.8,131.8,131.8,131.8,131.8,131.8,131.8,131.8,131.8,131.8,131.8,131.8,131.8,131.8,131.8,131.8,131.8,131.8,131.8,131.8,131.8,131.8,131.8,131.8,131.8,131.8,131.8,131.8,131.8,131.8,131.8,131.8,131.8,131.8,131.8,131.8,131.8,131.8,131.8,131.8,131.8,131.8,131.8,131.8,131.8,131.8,131.8,131.8,131.8,131.8,131.8,131.8,131.8,131.8,131.8,131.8,131.8,131.8,131.8,131.8,131.8,131.8,131.8,131.8,131.8,131.8,131.8,131.8,131.8,131.8,131.8,131.8,131.8,131.8,131.8,131.8,131.8,131.8,131.8,131.8,131.8,131.8,131.8,131.8,131.8,131.8,131.8,131.8,131.8,131.8,131.8,131.8,131.8,131.8,131.8,131.8,131.8,131.8,131.8,131.8,131.8,131.8,131.8,131.8,131.8,131.8,131.8,131.8,131.8,131.8,131.8,131.8,131.8,131.8,131.8,131.8,131.8,131.8,131.8,131.8,131.8,131.8,131.8,131.8,131.8,131.8,131.8,131.8,131.8,131.8,131.8,131.8,131.8,131.8,131.8,131.8,131.8,131.8,131.8,131.8,131.8,131.8,131.8,131.8,131.8,131.8,131.8,131.8,131.8,131.8,131.8,131.8,131.8,131.8,131.8,131.8,131.8,131.8,131.8,131.8,131.8,131.8,131.8,131.8,131.8,131.8,131.8,131.8,131.8,131.8,131.8,131.8,131.8,131.8,131.8,131.8,131.8,131.8,131.8,131.8,131.8,131.8,131.8,131.8,131.8,131.8,131.8,131.8,131.8
2010-02-01,126.7,131.0,131.0,131.0,131.0,131.0,131.0,131.0,131.0,131.0,131.0,131.0,131.0,131.0,131.0,131.0,131.0,131.0,131.0,131.0,131.0,131.0,131.0,131.0,131.0,131.0,131.0,131.0,131.0,131.0,131.0,131.0,131.0,131.0,131.0,131.0,131.0,131.0,131.0,131.0,131.0,131.0,131.0,131.0,131.0,131.0,131.0,131.0,131.0,131.0,131.0,131.0,131.0,131.0,131.0,131.0,131.0,131.0,131.0,131.0,131.0,131.0,131.0,131.0,131.0,131.0,131.0,131.0,131.0,131.0,131.0,131.0,131.0,131.0,131.0,131.0,131.0,131.0,131.0,131.0,131.0,131.0,131.0,131.0,131.0,131.0,131.0,131.0,131.0,131.0,131.0,131.0,131.0,131.0,131.0,131.0,131.0,131.0,131.0,131.0,131.0,131.0,131.0,131.0,131.0,131.0,131.0,131.0,131.0,131.0,131.0,131.0,131.0,131.0,131.0,131.0,131.0,131.0,131.0,131.0,131.0,131.0,131.0,131.0,131.0,131.0,131.0,131.0,131.0,131.0,131.0,131.0,131.0,131.0,131.0,131.0,131.0,131.0,131.0,131.0,131.0,131.0,131.0,131.0,131.0,131.0,131.0,131.0,131.0,131.0,131.0,131.0,131.0,131.0,131.0,131.0,131.0,131.0,131.0,131.0,131.0,131.0,131.0,131.0,131.0,131.0,131.0,131.0,131.0,131.0,131.0,131.0,131.0,131.0,131.0,131.0,131.0,131.0,131.0,131.0,131.0,131.0,131.0,131.0,131.0,131.0,131.0,131.0,131.0,131.0,131.0,131.0,131.0,131.0,131.0,131.0,131.0,131.0
2010-03-01,,132.5,132.2,133.2,133.2,133.2,133.2,133.2,133.2,133.2,133.2,133.2,133.2,133.2,133.2,133.2,133.2,133.2,133.2,133.2,133.2,133.2,133.2,133.2,133.2,133.2,133.2,133.2,133.2,133.2,133.2,133.2,133.2,133.2,133.2,133.2,133.2,133.2,133.2,133.2,133.2,133.2,133.2,133.2,133.2,133.2,133.2,133.2,133.2,133.2,133.2,133.2,133.2,133.2,133.2,133.2,133.2,133.2,133.2,133.2,133.2,133.2,133.2,133.2,133.2,133.2,133.2,133.2,133.2,133.2,133.2,133.2,133.2,133.2,133.2,133.2,133.2,133.2,133.2,133.2,133.2,133.2,133.2,133.2,133.2,133.2,133.2,133.2,133.2,133.2,133.2,133.2,133.2,133.2,133.2,133.2,133.2,133.2,133.2,133.2,133.2,133.2,133.2,133.2,133.2,133.2,133.2,133.2,133.2,133.2,133.2,133.2,133.2,133.2,133.2,133.2,133.2,133.2,133.2,133.2,133.2,133.2,133.2,133.2,133.2,133.2,133.2,133.2,133.2,133.2,133.2,133.2,133.2,133.2,133.2,133.2,133.2,133.2,133.2,133.2,133.2,133.2,133.2,133.2,133.2,133.2,133.2,133.2,133.2,133.2,133.2,133.2,133.2,133.2,133.2,133.2,133.2,133.2,133.2,133.2,133.2,133.2,133.2,133.2,133.2,133.2,133.2,133.2,133.2,133.2,133.2,133.2,133.2,133.2,133.2,133.2,133.2,133.2,133.2,133.2,133.2,133.2,133.2,133.2,133.2,133.2,133.2,133.2,133.2,133.2,133.2,133.2,133.2,133.2,133.2,133.2,133.2,133.2
2010-04-01,,,132.2,134.1,134.1,134.1,134.1,134.1,134.1,134.1,134.1,134.1,134.1,134.1,134.1,134.1,134.1,134.1,134.1,134.1,134.1,134.1,134.1,134.1,134.1,134.1,134.1,134.1,134.1,134.1,134.1,134.1,134.1,134.1,134.1,134.1,134.1,134.1,134.1,134.1,134.1,134.1,134.1,134.1,134.1,134.1,134.1,134.1,134.1,134.1,134.1,134.1,134.1,134.1,134.1,134.1,134.1,134.1,134.1,134.1,134.1,134.1,134.1,134.1,134.1,134.1,134.1,134.1,134.1,134.1,134.1,134.1,134.1,134.1,134.1,134.1,134.1,134.1,134.1,134.1,134.1,134.1,134.1,134.1,134.1,134.1,134.1,134.1,134.1,134.1,134.1,134.1,134.1,134.1,134.1,134.1,134.1,134.1,134.1,134.1,134.1,134.1,134.1,134.1,134.1,134.1,134.1,134.1,134.1,134.1,134.1,134.1,134.1,134.1,134.1,134.1,134.1,134.1,134.1,134.1,134.1,134.1,134.1,134.1,134.1,134.1,134.1,134.1,134.1,134.1,134.1,134.1,134.1,134.1,134.1,134.1,134.1,134.1,134.1,134.1,134.1,134.1,134.1,134.1,134.1,134.1,134.1,134.1,134.1,134.1,134.1,134.1,134.1,134.1,134.1,134.1,134.1,134.1,134.1,134.1,134.1,134.1,134.1,134.1,134.1,134.1,134.1,134.1,134.1,134.1,134.1,134.1,134.1,134.1,134.1,134.1,134.1,134.1,134.1,134.1,134.1,134.1,134.1,134.1,134.1,134.1,134.1,134.1,134.1,134.1,134.1,134.1,134.1,134.1,134.1,134.1,134.1,134.1
2010-05-01,,,,135.9,135.9,135.9,136.3,136.3,136.3,136.3,136.3,136.3,136.3,136.3,136.3,136.3,136.3,136.3,136.3,136.3,136.3,136.3,136.3,136.3,136.3,136.3,136.3,136.3,136.3,136.3,136.3,136.3,136.3,136.3,136.3,136.3,136.3,136.3,136.3,136.3,136.3,136.3,136.3,136.3,136.3,136.3,136.3,136.3,136.3,136.3,136.3,136.3,136.3,136.3,136.3,136.3,136.3,136.3,136.3,136.3,136.3,136.3,136.3,136.3,136.3,136.3,136.3,136.3,136.3,136.3,136.3,136.3,136.3,136.3,136.3,136.3,136.3,136.3,136.3,136.3,136.3,136.3,136.3,136.3,136.3,136.3,136.3,136.3,136.3,136.3,136.3,136.3,136.3,136.3,136.3,136.3,136.3,136.3,136.3,136.3,136.3,136.3,136.3,136.3,136.3,136.3,136.3,136.3,136.3,136.3,136.3,136.3,136.3,136.3,136.3,136.3,136.3,136.3,136.3,136.3,136.3,136.3,136.3,136.3,136.3,136.3,136.3,136.3,136.3,136.3,136.3,136.3,136.3,136.3,136.3,136.3,136.3,136.3,136.3,136.3,136.3,136.3,136.3,136.3,136.3,136.3,136.3,136.3,136.3,136.3,136.3,136.3,136.3,136.3,136.3,136.3,136.3,136.3,136.3,136.3,136.3,136.3,136.3,136.3,136.3,136.3,136.3,136.3,136.3,136.3,136.3,136.3,136.3,136.3,136.3,136.3,136.3,136.3,136.3,136.3,136.3,136.3,136.3,136.3,136.3,136.3,136.3,136.3,136.3,136.3,136.3,136.3,136.3,136.3,136.3,136.3,136.3,136.3
2010-06-01,,,,,136.6,136.6,137.0,137.0,137.0,137.0,137.0,137.0,137.0,137.0,137.0,137.0,137.0,137.0,137.0,137.0,137.0,137.0,137.0,137.0,137.0,137.0,137.0,137.0,137.0,137.0,137.0,137.0,137.0,137.0,137.0,137.0,137.0,137.0,137.0,137.0,137.0,137.0,137.0,137.0,137.0,137.0,137.0,137.0,137.0,137.0,137.0,137.0,137.0,137.0,137.0,137.0,137.0,137.0,137.0,137.0,137.0,137.0,137.0,137.0,137.0,137.0,137.0,137.0,137.0,137.0,137.0,137.0,137.0,137.0,137.0,137.0,137.0,137.0,137.0,137.0,137.0,137.0,137.0,137.0,137.0,137.0,137.0,137.0,137.0,137.0,137.0,137.0,137.0,137.0,137.0,137.0,137.0,137.0,137.0,137.0,137.0,137.0,137.0,137.0,137.0,137.0,137.0,137.0,137.0,137.0,137.0,137.0,137.0,137.0,137.0,137.0,137.0,137.0,137.0,137.0,137.0,137.0,137.0,137.0,137.0,137.0,137.0,137.0,137.0,137.0,137.0,137.0,137.0,137.0,137.0,137.0,137.0,137.0,137.0,137.0,137.0,137.0,137.0,137.0,137.0,137.0,137.0,137.0,137.0,137.0,137.0,137.0,137.0,137.0,137.0,137.0,137.0,137.0,137.0,137.0,137.0,137.0,137.0,137.0,137.0,137.0,137.0,137.0,137.0,137.0,137.0,137.0,137.0,137.0,137.0,137.0,137.0,137.0,137.0,137.0,137.0,137.0,137.0,137.0,137.0,137.0,137.0,137.0,137.0,137.0,137.0,137.0,137.0,137.0,137.0,137.0,137.0,137.0
2010-07-01,,,,,,135.8,136.2,136.2,136.2,136.2,136.2,136.2,136.2,136.2,136.2,136.2,136.2,136.2,136.2,136.2,136.2,136.2,136.2,136.2,136.2,136.2,136.2,136.2,136.2,136.2,136.2,136.2,136.2,136.2,136.2,136.2,136.2,136.2,136.2,136.2,136.2,136.2,136.2,136.2,136.2,136.2,136.2,136.2,136.2,136.2,136.2,136.2,136.2,136.2,136.2,136.2,136.2,136.2,136.2,136.2,136.2,136.2,136.2,136.2,136.2,136.2,136.2,136.2,136.2,136.2,136.2,136.2,136.2,136.2,136.2,136.2,136.2,136.2,136.2,136.2,136.2,136.2,136.2,136.2,136.2,136.2,136.2,136.2,136.2,136.2,136.2,136.2,136.2,136.2,136.2,136.2,136.2,136.2,136.2,136.2,136.2,136.2,136.2,136.2,136.2,136.2,136.2,136.2,136.2,136.2,136.2,136.2,136.2,136.2,136.2,136.2,136.2,136.2,136.2,136.2,136.2,136.2,136.2,136.2,136.2,136.2,136.2,136.2,136.2,136.2,136.2,136.2,136.2,136.2,136.2,136.2,136.2,136.2,136.2,136.2,136.2,136.2,136.2,136.2,136.2,136.2,136.2,136.2,136.2,136.2,136.2,136.2,136.2,136.2,136.2,136.2,136.2,136.2,136.2,136.2,136.2,136.2,136.2,136.2,136.2,136.2,136.2,136.2,136.2,136.2,136.2,136.2,136.2,136.2,136.2,136.2,136.2,136.2,136.2,136.2,136.2,136.2,136.2,136.2,136.2,136.2,136.2,136.2,136.2,136.2,136.2,136.2,136.2,136.2,136.2,136.2,136.2,136.2
2010-08-01,,,,,,,137.0,137.0,137.0,137.0,137.0,137.0,137.0,137.0,137.0,137.0,137.0,137.0,137.0,137.0,137.0,137.0,137.0,137.0,137.0,137.0,137.0,137.0,137.0,137.0,137.0,137.0,137.0,137.0,137.0,137.0,137.0,137.0,137.0,137.0,137.0,137.0,137.0,137.0,137.0,137.0,137.0,137.0,137.0,137.0,137.0,137.0,137.0,137.0,137.0,137.0,137.0,137.0,137.0,137.0,137.0,137.0,137.0,137.0,137.0,137.0,137.0,137.0,137.0,137.0,137.0,137.0,137.0,137.0,137.0,137.0,137.0,137.0,137.0,137.0,137.0,137.0,137.0,137.0,137.0,137.0,137.0,137.0,137.0,137.0,137.0,137.0,137.0,137.0,137.0,137.0,137.0,137.0,137.0,137.0,137.0,137.0,137.0,137.0,137.0,137.0,137.0,137.0,137.0,137.0,137.0,137.0,137.0,137.0,137.0,137.0,137.0,137.0,137.0,137.0,137.0,137.0,137.0,137.0,137.0,137.0,137.0,137.0,137.0,137.0,137.0,137.0,137.0,137.0,137.0,137.0,137.0,137.0,137.0,137.0,137.0,137.0,137.0,137.0,137.0,137.0,137.0,137.0,137.0,137.0,137.0,137.0,137.0,137.0,137.0,137.0,137.0,137.0,137.0,137.0,137.0,137.0,137.0,137.0,137.0,137.0,137.0,137.0,137.0,137.0,137.0,137.0,137.0,137.0,137.0,137.0,137.0,137.0,137.0,137.0,137.0,137.0,137.0,137.0,137.0,137.0,137.0,137.0,137.0,137.0,137.0,137.0,137.0,137.0,137.0,137.0,137.0,137.0
2010-09-01,,,,,,,,137.1,137.1,137.0,137.0,137.0,137.0,137.0,137.0,137.0,137.0,137.0,137.0,137.0,137.0,137.0,137.0,137.0,137.0,137.0,137.0,137.0,137.0,137.0,137.0,137.0,137.0,137.0,137.0,137.0,137.0,137.0,137.0,137.0,137.0,137.0,137.0,137.0,137.0,137.0,137.0,137.0,137.0,137.0,137.0,137.0,137.0,137.0,137.0,137.0,137.0,137.0,137.0,137.0,137.0,137.0,137.0,137.0,137.0,137.0,137.0,137.0,137.0,137.0,137.0,137.0,137.0,137.0,137.0,137.0,137.0,137.0,137.0,137.0,137.0,137.0,137.0,137.0,137.0,137.0,137.0,137.0,137.0,137.0,137.0,137.0,137.0,137.0,137.0,137.0,137.0,137.0,137.0,137.0,137.0,137.0,137.0,137.0,137.0,137.0,137.0,137.0,137.0,137.0,137.0,137.0,137.0,137.0,137.0,137.0,137.0,137.0,137.0,137.0,137.0,137.0,137.0,137.0,137.0,137.0,137.0,137.0,137.0,137.0,137.0,137.0,137.0,137.0,137.0,137.0,137.0,137.0,137.0,137.0,137.0,137.0,137.0,137.0,137.0,137.0,137.0,137.0,137.0,137.0,137.0,137.0,137.0,137.0,137.0,137.0,137.0,137.0,137.0,137.0,137.0,137.0,137.0,137.0,137.0,137.0,137.0,137.0,137.0,137.0,137.0,137.0,137.0,137.0,137.0,137.0,137.0,137.0,137.0,137.0,137.0,137.0,137.0,137.0,137.0,137.0,137.0,137.0,137.0,137.0,137.0,137.0,137.0,137.0,137.0,137.0,137.0,137.0
2010-10-01,,,,,,,,,137.9,137.9,137.9,137.9,137.9,137.9,137.9,137.9,137.9,137.9,137.9,137.9,137.9,137.9,137.9,137.9,137.9,137.9,137.9,137.9,137.9,137.9,137.9,137.9,137.9,137.9,137.9,137.9,137.9,137.9,137.9,137.9,137.9,137.9,137.9,137.9,137.9,137.9,137.9,137.9,137.9,137.9,137.9,137.9,137.9,137.9,137.9,137.9,137.9,137.9,137.9,137.9,137.9,137.9,137.9,137.9,137.9,137.9,137.9,137.9,137.9,137.9,137.9,137.9,137.9,137.9,137.9,137.9,137.9,137.9,137.9,137.9,137.9,137.9,137.9,137.9,137.9,137.9,137.9,137.9,137.9,137.9,137.9,137.9,137.9,137.9,137.9,137.9,137.9,137.9,137.9,137.9,137.9,137.9,137.9,137.9,137.9,137.9,137.9,137.9,137.9,137.9,137.9,137.9,137.9,137.9,137.9,137.9,137.9,137.9,137.9,137.9,137.9,137.9,137.9,137.9,137.9,137.9,137.9,137.9,137.9,137.9,137.9,137.9,137.9,137.9,137.9,137.9,137.9,137.9,137.9,137.9,137.9,137.9,137.9,137.9,137.9,137.9,137.9,137.9,137.9,137.9,137.9,137.9,137.9,137.9,137.9,137.9,137.9,137.9,137.9,137.9,137.9,137.9,137.9,137.9,137.9,137.9,137.9,137.9,137.9,137.9,137.9,137.9,137.9,137.9,137.9,137.9,137.9,137.9,137.9,137.9,137.9,137.9,137.9,137.9,137.9,137.9,137.9,137.9,137.9,137.9,137.9,137.9,137.9,137.9,137.9,137.9,137.9,137.9
2010-11-01,,,,,,,,,,141.4,140.8,140.8,140.8,140.8,140.8,140.8,140.8,140.8,140.8,140.8,140.8,140.8,140.8,140.8,140.8,140.8,140.8,140.8,140.8,140.8,140.8,140.8,140.8,140.8,140.8,140.8,140.8,140.8,140.8,140.8,140.8,140.8,140.8,140.8,140.8,140.8,140.8,140.8,140.8,140.8,140.8,140.8,140.8,140.8,140.8,140.8,140.8,140.8,140.8,140.8,140.8,140.8,140.8,140.8,140.8,140.8,140.8,140.8,140.8,140.8,140.8,140.8,140.8,140.8,140.8,140.8,140.8,140.8,140.8,140.8,140.8,140.8,140.8,140.8,140.8,140.8,140.8,140.8,140.8,140.8,140.8,140.8,140.8,140.8,140.8,140.8,140.8,140.8,140.8,140.8,140.8,140.8,140.8,140.8,140.8,140.8,140.8,140.8,140.8,140.8,140.8,140.8,140.8,140.8,140.8,140.8,140.8,140.8,140.8,140.8,140.8,140.8,140.8,140.8,140.8,140.8,140.8,140.8,140.8,140.8,140.8,140.8,140.8,140.8,140.8,140.8,140.8,140.8,140.8,140.8,140.8,140.8,140.8,140.8,140.8,140.8,140.8,140.8,140.8,140.8,140.8,140.8,140.8,140.8,140.8,140.8,140.8,140.8,140.8,140.8,140.8,140.8,140.8,140.8,140.8,140.8,140.8,140.8,140.8,140.8,140.8,140.8,140.8,140.8,140.8,140.8,140.8,140.8,140.8,140.8,140.8,140.8,140.8,140.8,140.8,140.8,140.8,140.8,140.8,140.8,140.8,140.8,140.8,140.8,140.8,140.8,140.8,140.8
2010-12-01,,,,,,,,,,,140.5,141.1,141.2,141.0,141.0,141.0,141.0,141.0,141.0,141.0,141.0,141.0,141.0,141.0,141.0,141.0,141.0,141.0,141.0,141.0,141.0,141.0,141.0,141.0,141.0,141.0,141.0,141.0,141.0,141.0,141.0,141.0,141.0,141.0,141.0,141.0,141.0,141.0,141.0,141.0,141.0,141.0,141.0,141.0,141.0,141.0,141.0,141.0,141.0,141.0,141.0,141.0,141.0,141.0,141.0,141.0,141.0,141.0,141.0,141.0,141.0,141.0,141.0,141.0,141.0,141.0,141.0,141.0,141.0,141.0,141.0,141.0,141.0,141.0,141.0,141.0,141.0,141.0,141.0,141.0,141.0,141.0,141.0,141.0,141.0,141.0,141.0,141.0,141.0,141.0,141.0,141.0,141.0,141.0,141.0,141.0,141.0,141.0,141.0,141.0,141.0,141.0,141.0,141.0,141.0,141.0,141.0,141.0,141.0,141.0,141.0,141.0,141.0,141.0,141.0,141.0,141.0,141.0,141.0,141.0,141.0,141.0,141.0,141.0,141.0,141.0,141.0,141.0,141.0,141.0,141.0,141.0,141.0,141.0,141.0,141.0,141.0,141.0,141.0,141.0,141.0,141.0,141.0,141.0,141.0,141.0,141.0,141.0,141.0,141.0,141.0,141.0,141.0,141.0,141.0,141.0,141.0,141.0,141.0,141.0,141.0,141.0,141.0,141.0,141.0,141.0,141.0,141.0,141.0,141.0,141.0,141.0,141.0,141.0,141.0,141.0,141.0,141.0,141.0,141.0,141.0,141.0,141.0,141.0,141.0,141.0,141.0,141.0
2011-01-01,,,,,,,,,,,,140.6,140.4,139.9,139.9,139.9,139.9,139.9,139.9,139.9,139.9,139.9,139.9,139.9,139.9,139.9,139.9,139.9,139.9,139.9,139.9,139.9,139.9,139.9,139.9,139.9,139.9,139.9,139.9,139.9,139.9,139.9,139.9,139.9,139.9,139.9,139.9,139.9,139.9,139.9,139.9,139.9,139.9,139.9,139.9,139.9,139.9,139.9,139.9,139.9,139.9,139.9,139.9,139.9,139.9,139.9,139.9,139.9,139.9,139.9,139.9,139.9,139.9,139.9,139.9,139.9,139.9,139.9,139.9,139.9,139.9,139.9,139.9,139.9,139.9,139.9,139.9,139.9,139.9,139.9,139.9,139.9,139.9,139.9,139.9,139.9,139.9,139.9,139.9,139.9,139.9,139.9,139.9,139.9,139.9,139.9,139.9,139.9,139.9,139.9,139.9,139.9,139.9,139.9,139.9,139.9,139.9,139.9,139.9,139.9,139.9,139.9,139.9,139.9,139.9,139.9,139.9,139.9,139.9,139.9,139.9,139.9,139.9,139.9,139.9,139.9,139.9,139.9,139.9,139.9,139.9,139.9,139.9,139.9,139.9,139.9,139.9,139.9,139.9,139.9,139.9,139.9,139.9,139.9,139.9,139.9,139.9,139.9,139.9,139.9,139.9,139.9,139.9,139.9,139.9,139.9,139.9,139.9,139.9,139.9,139.9,139.9,139.9,139.9,139.9,139.9,139.9,139.9,139.9,139.9,139.9,139.9,139.9,139.9,139.9,139.9,139.9,139.9,139.9,139.9,139.9,139.9,139.9,139.9,139.9,139.9,139.9,139.9
2011-02-01,,,,,,,,,,,,,142.1,141.7,142.4,142.4,142.4,142.4,142.4,142.4,142.4,142.4,142.4,142.4,142.4,142.4,142.4,142.4,142.4,142.4,142.4,142.4,142.4,142.4,142.4,142.4,142.4,142.4,142.4,142.4,142.4,142.4,142.4,142.4,142.4,142.4,142.4,142.4,142.4,142.4,142.4,142.4,142.4,142.4,142.4,142.4,142.4,142.4,142.4,142.4,142.4,142.4,142.4,142.4,142.4,142.4,142.4,142.4,142.4,142.4,142.4,142.4,142.4,142.4,142.4,142.4,142.4,142.4,142.4,142.4,142.4,142.4,142.4,142.4,142.4,142.4,142.4,142.4,142.4,142.4,142.4,142.4,142.4,142.4,142.4,142.4,142.4,142.4,142.4,142.4,142.4,142.4,142.4,142.4,142.4,142.4,142.4,142.4,142.4,142.4,142.4,142.4,142.4,142.4,142.4,142.4,142.4,142.4,142.4,142.4,142.4,142.4,142.4,142.4,142.4,142.4,142.4,142.4,142.4,142.4,142.4,142.4,142.4,142.4,142.4,142.4,142.4,142.4,142.4,142.4,142.4,142.4,142.4,142.4,142.4,142.4,142.4,142.4,142.4,142.4,142.4,142.4,142.4,142.4,142.4,142.4,142.4,142.4,142.4,142.4,142.4,142.4,142.4,142.4,142.4,142.4,142.4,142.4,142.4,142.4,142.4,142.4,142.4,142.4,142.4,142.4,142.4,142.4,142.4,142.4,142.4,142.4,142.4,142.4,142.4,142.4,142.4,142.4,142.4,142.4,142.4,142.4,142.4,142.4,142.4,142.4,142.4,142.4
2011-03-01,,,,,,,,,,,,,,141.3,142.8,142.8,142.8,142.8,142.8,142.8,142.8,142.8,142.8,142.8,142.8,142.8,142.8,142.8,142.8,142.8,142.8,142.8,142.8,142.8,142.8,142.8,142.8,142.8,142.8,142.8,142.8,142.8,142.8,142.8,142.8,142.8,142.8,142.8,142.8,142.8,142.8,142.8,142.8,142.8,142.8,142.8,142.8,142.8,142.8,142.8,142.8,142.8,142.8,142.8,142.8,142.8,142.8,142.8,142.8,142.8,142.8,142.8,142.8,142.8,142.8,142.8,142.8,142.8,142.8,142.8,142.8,142.8,142.8,142.8,142.8,142.8,142.8,142.8,142.8,142.8,142.8,142.8,142.8,142.8,142.8,142.8,142.8,142.8,142.8,142.8,142.8,142.8,142.8,142.8,142.8,142.8,142.8,142.8,142.8,142.8,142.8,142.8,142.8,142.8,142.8,142.8,142.8,142.8,142.8,142.8,142.8,142.8,142.8,142.8,142.8,142.8,142.8,142.8,142.8,142.8,142.8,142.8,142.8,142.8,142.8,142.8,142.8,142.8,142.8,142.8,142.8,142.8,142.8,142.8,142.8,142.8,142.8,142.8,142.8,142.8,142.8,142.8,142.8,142.8,142.8,142.8,142.8,142.8,142.8,142.8,142.8,142.8,142.8,142.8,142.8,142.8,142.8,142.8,142.8,142.8,142.8,142.8,142.8,142.8,142.8,142.8,142.8,142.8,142.8,142.8,142.8,142.8,142.8,142.8,142.8,142.8,142.8,142.8,142.8,142.8,142.8,142.8,142.8,142.8,142.8,142.8,142.8,142.8
2011-04-01,,,,,,,,,,,,,,,142.7,142.5,142.5,142.5,142.5,142.5,142.5,142.5,142.5,142.5,142.5,142.5,142.5,142.5,142.5,142.5,142.5,142.5,142.5,142.5,142.5,142.5,142.5,142.5,142.5,142.5,142.5,142.5,142.5,142.5,142.5,142.5,142.5,142.5,142.5,142.5,142.5,142.5,142.5,142.5,142.5,142.5,142.5,142.5,142.5,142.5,142.5,142.5,142.5,142.5,142.5,142.5,142.5,142.5,142.5,142.5,142.5,142.5,142.5,142.5,142.5,142.5,142.5,142.5,142.5,142.5,142.5,142.5,142.5,142.5,142.5,142.5,142.5,142.5,142.5,142.5,142.5,142.5,142.5,142.5,142.5,142.5,142.5,142.5,142.5,142.5,142.5,142.5,142.5,142.5,142.5,142.5,142.5,142.5,142.5,142.5,142.5,142.5,142.5,142.5,142.5,142.5,142.5,142.5,142.5,142.5,142.5,142.5,142.5,142.5,142.5,142.5,142.5,142.5,142.5,142.5,142.5,142.5,142.5,142.5,142.5,142.5,142.5,142.5,142.5,142.5,142.5,142.5,142.5,142.5,142.5,142.5,142.5,142.5,142.5,142.5,142.5,142.5,142.5,142.5,142.5,142.5,142.5,142.5,142.5,142.5,142.5,142.5,142.5,142.5,142.5,142.5,142.5,142.5,142.5,142.5,142.5,142.5,142.5,142.5,142.5,142.5,142.5,142.5,142.5,142.5,142.5,142.5,142.5,142.5,142.5,142.5,142.5,142.5,142.5,142.5,142.5,142.5,142.5,142.5,142.5,142.5,142.5,142.5
2011-05-01,,,,,,,,,,,,,,,,144.6,148.1,148.1,148.1,148.1,148.1,148.1,148.1,148.1,148.1,148.1,148.1,148.1,148.1,148.1,148.1,148.1,148.1,148.1,148.1,148.1,148.1,148.1,148.1,148.1,148.1,148.1,148.1,148.1,148.1,148.1,148.1,148.1,148.1,148.1,148.1,148.1,148.1,148.1,148.1,148.1,148.1,148.1,148.1,148.1,148.1,148.1,148.1,148.1,148.1,148.1,148.1,148.1,148.1,148.1,148.1,148.1,148.1,148.1,148.1,148.1,148.1,148.1,148.1,148.1,148.1,148.1,148.1,148.1,148.1,148.1,148.1,148.1,148.1,148.1,148.1,148.1,148.1,148.1,148.1,148.1,148.1,148.1,148.1,148.1,148.1,148.1,148.1,148.1,148.1,148.1,148.1,148.1,148.1,148.1,148.1,148.1,148.1,148.1,148.1,148.1,148.1,148.1,148.1,148.1,148.1,148.1,148.1,148.1,148.1,148.1,148.1,148.1,148.1,148.1,148.1,148.1,148.1,148.1,148.1,148.1,148.1,148.1,148.1,148.1,148.1,148.1,148.1,148.1,148.1,148.1,148.1,148.1,148.1,148.1,148.1,148.1,148.1,148.1,148.1,148.1,148.1,148.1,148.1,148.1,148.1,148.1,148.1,148.1,148.1,148.1,148.1,148.1,148.1,148.1,148.1,148.1,148.1,148.1,148.1,148.1,148.1,148.1,148.1,148.1,148.1,148.1,148.1,148.1,148.1,148.1,148.1,148.1,148.1,148.1,148.1,148.1,148.1,148.1,148.1,148.1,148.1,148.1
2011-06-01,,,,,,,,,,,,,,,,,148.3,148.6,148.6,148.3,148.3,148.3,148.3,148.3,148.3,148.3,148.3,148.3,148.3,148.3,148.3,148.3,148.3,148.3,148.3,148.3,148.3,148.3,148.3,148.3,148.3,148.3,148.3,148.3,148.3,148.3,148.3,148.3,148.3,148.3,148.3,148.3,148.3,148.3,148.3,148.3,148.3,148.3,148.3,148.3,148.3,148.3,148.3,148.3,148.3,148.3,148.3,148.3,148.3,148.3,148.3,148.3,148.3,148.3,148.3,148.3,148.3,148.3,148.3,148.3,148.3,148.3,148.3,148.3,148.3,148.3,148.3,148.3,148.3,148.3,148.3,148.3,148.3,148.3,148.3,148.3,148.3,148.3,148.3,148.3,148.3,148.3,148.3,148.3,148.3,148.3,148.3,148.3,148.3,148.3,148.3,148.3,148.3,148.3,148.3,148.3,148.3,148.3,148.3,148.3,148.3,148.3,148.3,148.3,148.3,148.3,148.3,148.3,148.3,148.3,148.3,148.3,148.3,148.3,148.3,148.3,148.3,148.3,148.3,148.3,148.3,148.3,148.3,148.3,148.3,148.3,148.3,148.3,148.3,148.3,148.3,148.3,148.3,148.3,148.3,148.3,148.3,148.3,148.3,148.3,148.3,148.3,148.3,148.3,148.3,148.3,148.3,148.3,148.3,148.3,148.3,148.3,148.3,148.3,148.3,148.3,148.3,148.3,148.3,148.3,148.3,148.3,148.3,148.3,148.3,148.3,148.3,148.3,148.3,148.3,148.3,148.3,148.3,148.3,148.3,148.3,148.3,148.3
2011-07-01,,,,,,,,,,,,,,,,,,148.0,147.7,147.3,147.3,147.3,147.3,147.3,147.3,147.3,147.3,147.3,147.3,147.3,147.3,147.3,147.3,147.3,147.3,147.3,147.3,147.3,147.3,147.3,147.3,147.3,147.3,147.3,147.3,147.3,147.3,147.3,147.3,147.3,147.3,147.3,147.3,147.3,147.3,147.3,147.3,147.3,147.3,147.3,147.3,147.3,147.3,147.3,147.3,147.3,147.3,147.3,147.3,147.3,147.3,147.3,147.3,147.3,147.3,147.3,147.3,147.3,147.3,147.3,147.3,147.3,147.3,147.3,147.3,147.3,147.3,147.3,147.3,147.3,147.3,147.3,147.3,147.3,147.3,147.3,147.3,147.3,147.3,147.3,147.3,147.3,147.3,147.3,147.3,147.3,147.3,147.3,147.3,147.3,147.3,147.3,147.3,147.3,147.3,147.3,147.3,147.3,147.3,147.3,147.3,147.3,147.3,147.3,147.3,147.3,147.3,147.3,147.3,147.3,147.3,147.3,147.3,147.3,147.3,147.3,147.3,147.3,147.3,147.3,147.3,147.3,147.3,147.3,147.3,147.3,147.3,147.3,147.3,147.3,147.3,147.3,147.3,147.3,147.3,147.3,147.3,147.3,147.3,147.3,147.3,147.3,147.3,147.3,147.3,147.3,147.3,147.3,147.3,147.3,147.3,147.3,147.3,147.3,147.3,147.3,147.3,147.3,147.3,147.3,147.3,147.3,147.3,147.3,147.3,147.3,147.3,147.3,147.3,147.3,147.3,147.3,147.3,147.3,147.3,147.3,147.3,147.3
2011-08-01,,,,,,,,,,,,,,,,,,,148.6,146.6,146.6,146.6,146.6,146.6,146.6,146.6,146.6,146.6,146.6,146.6,146.6,146.6,146.6,146.6,146.6,146.6,146.6,146.6,146.6,146.6,146.6,146.6,146.6,146.6,146.6,146.6,146.6,146.6,146.6,146.6,146.6,146.6,146.6,146.6,146.6,146.6,146.6,146.6,146.6,146.6,146.6,146.6,146.6,146.6,146.6,146.6,146.6,146.6,146.6,146.6,146.6,146.6,146.6,146.6,146.6,146.6,146.6,146.6,146.6,146.6,146.6,146.6,146.6,146.6,146.6,146.6,146.6,146.6,146.6,146.6,146.6,146.6,146.6,146.6,146.6,146.6,146.6,146.6,146.6,146.6,146.6,146.6,146.6,146.6,146.6,146.6,146.6,146.6,146.6,146.6,146.6,146.6,146.6,146.6,146.6,146.6,146.6,146.6,146.6,146.6,146.6,146.6,146.6,146.6,146.6,146.6,146.6,146.6,146.6,146.6,146.6,146.6,146.6,146.6,146.6,146.6,146.6,146.6,146.6,146.6,146.6,146.6,146.6,146.6,146.6,146.6,146.6,146.6,146.6,146.6,146.6,146.6,146.6,146.6,146.6,146.6,146.6,146.6,146.6,146.6,146.6,146.6,146.6,146.6,146.6,146.6,146.6,146.6,146.6,146.6,146.6,146.6,146.6,146.6,146.6,146.6,146.6,146.6,146.6,146.6,146.6,146.6,146.6,146.6,146.6,146.6,146.6,146.6,146.6,146.6,146.6,146.6,146.6,146.6,146.6,146.6,146.6,146.6
2011-09-01,,,,,,,,,,,,,,,,,,,,146.6,146.4,146.4,146.4,146.4,146.4,146.4,146.4,146.4,146.4,146.4,146.4,146.4,146.4,146.4,146.4,146.4,146.4,146.4,146.4,146.4,146.4,146.4,146.4,146.4,146.4,146.4,146.4,146.4,146.4,146.4,146.4,146.4,146.4,146.4,146.4,146.4,146.4,146.4,146.4,146.4,146.4,146.4,146.4,146.4,146.4,146.4,146.4,146.4,146.4,146.4,146.4,146.4,146.4,146.4,146.4,146.4,146.4,146.4,146.4,146.4,146.4,146.4,146.4,146.4,146.4,146.4,146.4,146.4,146.4,146.4,146.4,146.4,146.4,146.4,146.4,146.4,146.4,146.4,146.4,146.4,146.4,146.4,146.4,146.4,146.4,146.4,146.4,146.4,146.4,146.4,146.4,146.4,146.4,146.4,146.4,146.4,146.4,146.4,146.4,146.4,146.4,146.4,146.4,146.4,146.4,146.4,146.4,146.4,146.4,146.4,146.4,146.4,146.4,146.4,146.4,146.4,146.4,146.4,146.4,146.4,146.4,146.4,146.4,146.4,146.4,146.4,146.4,146.4,146.4,146.4,146.4,146.4,146.4,146.4,146.4,146.4,146.4,146.4,146.4,146.4,146.4,146.4,146.4,146.4,146.4,146.4,146.4,146.4,146.4,146.4,146.4,146.4,146.4,146.4,146.4,146.4,146.4,146.4,146.4,146.4,146.4,146.4,146.4,146.4,146.4,146.4,146.4,146.4,146.4,146.4,146.4,146.4,146.4,146.4,146.4,146.4,146.4,146.4
2011-10-01,,,,,,,,,,,,,,,,,,,,,147.1,147.1,147.0,147.0,147.0,147.0,147.0,147.0,147.0,147.0,147.0,147.0,147.0,147.0,147.0,147.0,147.0,147.0,147.0,147.0,147.0,147.0,147.0,147.0,147.0,147.0,147.0,147.0,147.0,147.0,147.0,147.0,147.0,147.0,147.0,147.0,147.0,147.0,147.0,147.0,147.0,147.0,147.0,147.0,147.0,147.0,147.0,147.0,147.0,147.0,147.0,147.0,147.0,147.0,147.0,147.0,147.0,147.0,147.0,147.0,147.0,147.0,147.0,147.0,147.0,147.0,147.0,147.0,147.0,147.0,147.0,147.0,147.0,147.0,147.0,147.0,147.0,147.0,147.0,147.0,147.0,147.0,147.0,147.0,147.0,147.0,147.0,147.0,147.0,147.0,147.0,147.0,147.0,147.0,147.0,147.0,147.0,147.0,147.0,147.0,147.0,147.0,147.0,147.0,147.0,147.0,147.0,147.0,147.0,147.0,147.0,147.0,147.0,147.0,147.0,147.0,147.0,147.0,147.0,147.0,147.0,147.0,147.0,147.0,147.0,147.0,147.0,147.0,147.0,147.0,147.0,147.0,147.0,147.0,147.0,147.0,147.0,147.0,147.0,147.0,147.0,147.0,147.0,147.0,147.0,147.0,147.0,147.0,147.0,147.0,147.0,147.0,147.0,147.0,147.0,147.0,147.0,147.0,147.0,147.0,147.0,147.0,147.0,147.0,147.0,147.0,147.0,147.0,147.0,147.0,147.0,147.0,147.0,147.0,147.0,147.0,147.0,147.0
2011-11-01,,,,,,,,,,,,,,,,,,,,,,146.8,146.6,146.6,146.9,146.9,146.9,146.9,146.9,146.9,146.9,146.9,146.9,146.9,146.9,146.9,146.9,146.9,146.9,146.9,146.9,146.9,146.9,146.9,146.9,146.9,146.9,146.9,146.9,146.9,146.9,146.9,146.9,146.9,146.9,146.9,146.9,146.9,146.9,146.9,146.9,146.9,146.9,146.9,146.9,146.9,146.9,146.9,146.9,146.9,146.9,146.9,146.9,146.9,146.9,146.9,146.9,146.9,146.9,146.9,146.9,146.9,146.9,146.9,146.9,146.9,146.9,146.9,146.9,146.9,146.9,146.9,146.9,146.9,146.9,146.9,146.9,146.9,146.9,146.9,146.9,146.9,146.9,146.9,146.9,146.9,146.9,146.9,146.9,146.9,146.9,146.9,146.9,146.9,146.9,146.9,146.9,146.9,146.9,146.9,146.9,146.9,146.9,146.9,146.9,146.9,146.9,146.9,146.9,146.9,146.9,146.9,146.9,146.9,146.9,146.9,146.9,146.9,146.9,146.9,146.9,146.9,146.9,146.9,146.9,146.9,146.9,146.9,146.9,146.9,146.9,146.9,146.9,146.9,146.9,146.9,146.9,146.9,146.9,146.9,146.9,146.9,146.9,146.9,146.9,146.9,146.9,146.9,146.9,146.9,146.9,146.9,146.9,146.9,146.9,146.9,146.9,146.9,146.9,146.9,146.9,146.9,146.9,146.9,146.9,146.9,146.9,146.9,146.9,146.9,146.9,146.9,146.9,146.9,146.9,146.9,146.9,146.9
2011-12-01,,,,,,,,,,,,,,,,,,,,,,,144.4,144.4,144.6,144.7,144.7,144.7,144.7,144.7,144.7,144.7,144.7,144.7,144.7,144.7,144.7,144.7,144.7,144.7,144.7,144.7,144.7,144.7,144.7,144.7,144.7,144.7,144.7,144.7,144.7,144.7,144.7,144.7,144.7,144.7,144.7,144.7,144.7,144.7,144.7,144.7,144.7,144.7,144.7,144.7,144.7,144.7,144.7,144.7,144.7,144.7,144.7,144.7,144.7,144.7,144.7,144.7,144.7,144.7,144.7,144.7,144.7,144.7,144.7,144.7,144.7,144.7,144.7,144.7,144.7,144.7,144.7,144.7,144.7,144.7,144.7,144.7,144.7,144.7,144.7,144.7,144.7,144.7,144.7,144.7,144.7,144.7,144.7,144.7,144.7,144.7,144.7,144.7,144.7,144.7,144.7,144.7,144.7,144.7,144.7,144.7,144.7,144.7,144.7,144.7,144.7,144.7,144.7,144.7,144.7,144.7,144.7,144.7,144.7,144.7,144.7,144.7,144.7,144.7,144.7,144.7,144.7,144.7,144.7,144.7,144.7,144.7,144.7,144.7,144.7,144.7,144.7,144.7,144.7,144.7,144.7,144.7,144.7,144.7,144.7,144.7,144.7,144.7,144.7,144.7,144.7,144.7,144.7,144.7,144.7,144.7,144.7,144.7,144.7,144.7,144.7,144.7,144.7,144.7,144.7,144.7,144.7,144.7,144.7,144.7,144.7,144.7,144.7,144.7,144.7,144.7,144.7,144.7,144.7,144.7,144.7,144.7
2012-01-01,,,,,,,,,,,,,,,,,,,,,,,,140.6,140.9,140.9,140.9,140.9,140.9,140.9,140.9,140.9,140.9,140.9,140.9,140.9,140.9,140.9,140.9,140.9,140.9,140.9,140.9,140.9,140.9,140.9,140.9,140.9,140.9,140.9,140.9,140.9,140.9,140.9,140.9,140.9,140.9,140.9,140.9,140.9,140.9,140.9,140.9,140.9,140.9,140.9,140.9,140.9,140.9,140.9,140.9,140.9,140.9,140.9,140.9,140.9,140.9,140.9,140.9,140.9,140.9,140.9,140.9,140.9,140.9,140.9,140.9,140.9,140.9,140.9,140.9,140.9,140.9,140.9,140.9,140.9,140.9,140.9,140.9,140.9,140.9,140.9,140.9,140.9,140.9,140.9,140.9,140.9,140.9,140.9,140.9,140.9,140.9,140.9,140.9,140.9,140.9,140.9,140.9,140.9,140.9,140.9,140.9,140.9,140.9,140.9,140.9,140.9,140.9,140.9,140.9,140.9,140.9,140.9,140.9,140.9,140.9,140.9,140.9,140.9,140.9,140.9,140.9,140.9,140.9,140.9,140.9,140.9,140.9,140.9,140.9,140.9,140.9,140.9,140.9,140.9,140.9,140.9,140.9,140.9,140.9,140.9,140.9,140.9,140.9,140.9,140.9,140.9,140.9,140.9,140.9,140.9,140.9,140.9,140.9,140.9,140.9,140.9,140.9,140.9,140.9,140.9,140.9,140.9,140.9,140.9,140.9,140.9,140.9,140.9,140.9,140.9,140.9,140.9,140.9,140.9,140.9,140.9
2012-02-01,,,,,,,,,,,,,,,,,,,,,,,,,138.9,138.2,138.6,138.7,138.7,138.7,138.7,138.7,138.7,138.7,138.7,138.7,138.7,138.7,138.7,138.7,138.7,138.7,138.7,138.7,138.7,138.7,138.7,138.7,138.7,138.7,138.7,138.7,138.7,138.7,138.7,138.7,138.7,138.7,138.7,138.7,138.7,138.7,138.7,138.7,138.7,138.7,138.7,138.7,138.7,138.7,138.7,138.7,138.7,138.7,138.7,138.7,138.7,138.7,138.7,138.7,138.7,138.7,138.7,138.7,138.7,138.7,138.7,138.7,138.7,138.7,138.7,138.7,138.7,138.7,138.7,138.7,138.7,138.7,138.7,138.7,138.7,138.7,138.7,138.7,138.7,138.7,138.7,138.7,138.7,138.7,138.7,138.7,138.7,138.7,138.7,138.7,138.7,138.7,138.7,138.7,138.7,138.7,138.7,138.7,138.7,138.7,138.7,138.7,138.7,138.7,138.7,138.7,138.7,138.7,138.7,138.7,138.7,138.7,138.7,138.7,138.7,138.7,138.7,138.7,138.7,138.7,138.7,138.7,138.7,138.7,138.7,138.7,138.7,138.7,138.7,138.7,138.7,138.7,138.7,138.7,138.7,138.7,138.7,138.7,138.7,138.7,138.7,138.7,138.7,138.7,138.7,138.7,138.7,138.7,138.7,138.7,138.7,138.7,138.7,138.7,138.7,138.7,138.7,138.7,138.7,138.7,138.7,138.7,138.7,138.7,138.7,138.7,138.7,138.7,138.7,138.7,138.7,138.7
2012-03-01,,,,,,,,,,,,,,,,,,,,,,,,,,140.9,141.2,141.7,141.7,141.7,141.7,141.7,141.7,141.7,141.7,141.7,141.7,141.7,141.7,141.7,141.7,141.7,141.7,141.7,141.7,141.7,141.7,141.7,141.7,141.7,141.7,141.7,141.7,141.7,141.7,141.7,141.7,141.7,141.7,141.7,141.7,141.7,141.7,141.7,141.7,141.7,141.7,141.7,141.7,141.7,141.7,141.7,141.7,141.7,141.7,141.7,141.7,141.7,141.7,141.7,141.7,141.7,141.7,141.7,141.7,141.7,141.7,141.7,141.7,141.7,141.7,141.7,141.7,141.7,141.7,141.7,141.7,141.7,141.7,141.7,141.7,141.7,141.7,141.7,141.7,141.7,141.7,141.7,141.7,141.7,141.7,141.7,141.7,141.7,141.7,141.7,141.7,141.7,141.7,141.7,141.7,141.7,141.7,141.7,141.7,141.7,141.7,141.7,141.7,141.7,141.7,141.7,141.7,141.7,141.7,141.7,141.7,141.7,141.7,141.7,141.7,141.7,141.7,141.7,141.7,141.7,141.7,141.7,141.7,141.7,141.7,141.7,141.7,141.7,141.7,141.7,141.7,141.7,141.7,141.7,141.7,141.7,141.7,141.7,141.7,141.7,141.7,141.7,141.7,141.7,141.7,141.7,141.7,141.7,141.7,141.7,141.7,141.7,141.7,141.7,141.7,141.7,141.7,141.7,141.7,141.7,141.7,141.7,141.7,141.7,141.7,141.7,141.7,141.7,141.7,141.7,141.7,141.7
2012-04-01,,,,,,,,,,,,,,,,,,,,,,,,,,,144.7,145.0,145.0,145.0,145.0,145.0,145.0,145.0,145.0,145.0,145.0,145.0,145.0,145.0,145.0,145.0,145.0,145.0,145.0,145.0,145.0,145.0,145.0,145.0,145.0,145.0,145.0,145.0,145.0,145.0,145.0,145.0,145.0,145.0,145.0,145.0,145.0,145.0,145.0,145.0,145.0,145.0,145.0,145.0,145.0,145.0,145.0,145.0,145.0,145.0,145.0,145.0,145.0,145.0,145.0,145.0,145.0,145.0,145.0,145.0,145.0,145.0,145.0,145.0,145.0,145.0,145.0,145.0,145.0,145.0,145.0,145.0,145.0,145.0,145.0,145.0,145.0,145.0,145.0,145.0,145.0,145.0,145.0,145.0,145.0,145.0,145.0,145.0,145.0,145.0,145.0,145.0,145.0,145.0,145.0,145.0,145.0,145.0,145.0,145.0,145.0,145.0,145.0,145.0,145.0,145.0,145.0,145.0,145.0,145.0,145.0,145.0,145.0,145.0,145.0,145.0,145.0,145.0,145.0,145.0,145.0,145.0,145.0,145.0,145.0,145.0,145.0,145.0,145.0,145.0,145.0,145.0,145.0,145.0,145.0,145.0,145.0,145.0,145.0,145.0,145.0,145.0,145.0,145.0,145.0,145.0,145.0,145.0,145.0,145.0,145.0,145.0,145.0,145.0,145.0,145.0,145.0,145.0,145.0,145.0,145.0,145.0,145.0,145.0,145.0,145.0,145.0,145.0,145.0,145.0,145.0,145.0
2012-05-01,,,,,,,,,,,,,,,,,,,,,,,,,,,,145.1,145.2,145.2,145.2,145.2,145.2,145.2,145.2,145.2,145.2,145.2,145.2,145.2,145.2,145.2,145.2,145.2,145.2,145.2,145.2,145.2,145.2,145.2,145.2,145.2,145.2,145.2,145.2,145.2,145.2,145.2,145.2,145.2,145.2,145.2,145.2,145.2,145.2,145.2,145.2,145.2,145.2,145.2,145.2,145.2,145.2,145.2,145.2,145.2,145.2,145.2,145.2,145.2,145.2,145.2,145.2,145.2,145.2,145.2,145.2,145.2,145.2,145.2,145.2,145.2,145.2,145.2,145.2,145.2,145.2,145.2,145.2,145.2,145.2,145.2,145.2,145.2,145.2,145.2,145.2,145.2,145.2,145.2,145.2,145.2,145.2,145.2,145.2,145.2,145.2,145.2,145.2,145.2,145.2,145.2,145.2,145.2,145.2,145.2,145.2,145.2,145.2,145.2,145.2,145.2,145.2,145.2,145.2,145.2,145.2,145.2,145.2,145.2,145.2,145.2,145.2,145.2,145.2,145.2,145.2,145.2,145.2,145.2,145.2,145.2,145.2,145.2,145.2,145.2,145.2,145.2,145.2,145.2,145.2,145.2,145.2,145.2,145.2,145.2,145.2,145.2,145.2,145.2,145.2,145.2,145.2,145.2,145.2,145.2,145.2,145.2,145.2,145.2,145.2,145.2,145.2,145.2,145.2,145.2,145.2,145.2,145.2,145.2,145.2,145.2,145.2,145.2,145.2,145.2,145.2,145.2
2012-06-01,,,,,,,,,,,,,,,,,,,,,,,,,,,,,147.3,147.3,147.3,149.2,149.2,149.2,149.2,149.2,149.2,149.2,149.2,149.2,149.2,149.2,149.2,149.2,149.2,149.2,149.2,149.2,149.2,149.2,149.2,149.2,149.2,149.2,149.2,149.2,149.2,149.2,149.2,149.2,149.2,149.2,149.2,149.2,149.2,149.2,149.2,149.2,149.2,149.2,149.2,149.2,149.2,149.2,149.2,149.2,149.2,149.2,149.2,149.2,149.2,149.2,149.2,149.2,149.2,149.2,149.2,149.2,149.2,149.2,149.2,149.2,149.2,149.2,149.2,149.2,149.2,149.2,149.2,149.2,149.2,149.2,149.2,149.2,149.2,149.2,149.2,149.2,149.2,149.2,149.2,149.2,149.2,149.2,149.2,149.2,149.2,149.2,149.2,149.2,149.2,149.2,149.2,149.2,149.2,149.2,149.2,149.2,149.2,149.2,149.2,149.2,149.2,149.2,149.2,149.2,149.2,149.2,149.2,149.2,149.2,149.2,149.2,149.2,149.2,149.2,149.2,149.2,149.2,149.2,149.2,149.2,149.2,149.2,149.2,149.2,149.2,149.2,149.2,149.2,149.2,149.2,149.2,149.2,149.2,149.2,149.2,149.2,149.2,149.2,149.2,149.2,149.2,149.2,149.2,149.2,149.2,149.2,149.2,149.2,149.2,149.2,149.2,149.2,149.2,149.2,149.2,149.2,149.2,149.2,149.2,149.2,149.2,149.2,149.2,149.2,149.2,149.2
2012-07-01,,,,,,,,,,,,,,,,,,,,,,,,,,,,,,145.4,145.4,147.8,147.8,147.8,147.8,147.8,147.8,147.8,147.8,147.8,147.8,147.8,147.8,147.8,147.8,147.8,147.8,147.8,147.8,147.8,147.8,147.8,147.8,147.8,147.8,147.8,147.8,147.8,147.8,147.8,147.8,147.8,147.8,147.8,147.8,147.8,147.8,147.8,147.8,147.8,147.8,147.8,147.8,147.8,147.8,147.8,147.8,147.8,147.8,147.8,147.8,147.8,147.8,147.8,147.8,147.8,147.8,147.8,147.8,147.8,147.8,147.8,147.8,147.8,147.8,147.8,147.8,147.8,147.8,147.8,147.8,147.8,147.8,147.8,147.8,147.8,147.8,147.8,147.8,147.8,147.8,147.8,147.8,147.8,147.8,147.8,147.8,147.8,147.8,147.8,147.8,147.8,147.8,147.8,147.8,147.8,147.8,147.8,147.8,147.8,147.8,147.8,147.8,147.8,147.8,147.8,147.8,147.8,147.8,147.8,147.8,147.8,147.8,147.8,147.8,147.8,147.8,147.8,147.8,147.8,147.8,147.8,147.8,147.8,147.8,147.8,147.8,147.8,147.8,147.8,147.8,147.8,147.8,147.8,147.8,147.8,147.8,147.8,147.8,147.8,147.8,147.8,147.8,147.8,147.8,147.8,147.8,147.8,147.8,147.8,147.8,147.8,147.8,147.8,147.8,147.8,147.8,147.8,147.8,147.8,147.8,147.8,147.8,147.8,147.8,147.8,147.8,147.8
2012-08-01,,,,,,,,,,,,,,,,,,,,,,,,,,,,,,,142.9,147.6,147.6,147.6,147.6,147.6,147.6,147.6,147.6,147.6,147.6,147.6,147.6,147.6,147.6,147.6,147.6,147.6,147.6,147.6,147.6,147.6,147.6,147.6,147.6,147.6,147.6,147.6,147.6,147.6,147.6,147.6,147.6,147.6,147.6,147.6,147.6,147.6,147.6,147.6,147.6,147.6,147.6,147.6,147.6,147.6,147.6,147.6,147.6,147.6,147.6,147.6,147.6,147.6,147.6,147.6,147.6,147.6,147.6,147.6,147.6,147.6,147.6,147.6,147.6,147.6,147.6,147.6,147.6,147.6,147.6,147.6,147.6,147.6,147.6,147.6,147.6,147.6,147.6,147.6,147.6,147.6,147.6,147.6,147.6,147.6,147.6,147.6,147.6,147.6,147.6,147.6,147.6,147.6,147.6,147.6,147.6,147.6,147.6,147.6,147.6,147.6,147.6,147.6,147.6,147.6,147.6,147.6,147.6,147.6,147.6,147.6,147.6,147.6,147.6,147.6,147.6,147.6,147.6,147.6,147.6,147.6,147.6,147.6,147.6,147.6,147.6,147.6,147.6,147.6,147.6,147.6,147.6,147.6,147.6,147.6,147.6,147.6,147.6,147.6,147.6,147.6,147.6,147.6,147.6,147.6,147.6,147.6,147.6,147.6,147.6,147.6,147.6,147.6,147.6,147.6,147.6,147.6,147.6,147.6,147.6,147.6,147.6,147.6,147.6,147.6,147.6,147.6
2012-09-01,,,,,,,,,,,,,,,,,,,,,,,,,,,,,,,,149.7,149.7,149.7,150.2,150.2,150.2,150.2,150.2,150.2,150.2,150.2,150.2,150.2,150.2,150.2,150.2,150.2,150.2,150.2,150.2,150.2,150.2,150.2,150.2,150.2,150.2,150.2,150.2,150.2,150.2,150.2,150.2,150.2,150.2,150.2,150.2,150.2,150.2,150.2,150.2,150.2,150.2,150.2,150.2,150.2,150.2,150.2,150.2,150.2,150.2,150.2,150.2,150.2,150.2,150.2,150.2,150.2,150.2,150.2,150.2,150.2,150.2,150.2,150.2,150.2,150.2,150.2,150.2,150.2,150.2,150.2,150.2,150.2,150.2,150.2,150.2,150.2,150.2,150.2,150.2,150.2,150.2,150.2,150.2,150.2,150.2,150.2,150.2,150.2,150.2,150.2,150.2,150.2,150.2,150.2,150.2,150.2,150.2,150.2,150.2,150.2,150.2,150.2,150.2,150.2,150.2,150.2,150.2,150.2,150.2,150.2,150.2,150.2,150.2,150.2,150.2,150.2,150.2,150.2,150.2,150.2,150.2,150.2,150.2,150.2,150.2,150.2,150.2,150.2,150.2,150.2,150.2,150.2,150.2,150.2,150.2,150.2,150.2,150.2,150.2,150.2,150.2,150.2,150.2,150.2,150.2,150.2,150.2,150.2,150.2,150.2,150.2,150.2,150.2,150.2,150.2,150.2,150.2,150.2,150.2,150.2,150.2,150.2,150.2,150.2,150.2,150.2
2012-10-01,,,,,,,,,,,,,,,,,,,,,,,,,,,,,,,,,150.6,150.6,151.1,151.1,151.1,151.1,151.1,151.1,151.1,151.1,151.1,151.1,151.1,151.1,151.1,151.1,151.1,151.1,151.1,151.1,151.1,151.1,151.1,151.1,151.1,151.1,151.1,151.1,151.1,151.1,151.1,151.1,151.1,151.1,151.1,151.1,151.1,151.1,151.1,151.1,151.1,151.1,151.1,151.1,151.1,151.1,151.1,151.1,151.1,151.1,151.1,151.1,151.1,151.1,151.1,151.1,151.1,151.1,151.1,151.1,151.1,151.1,151.1,151.1,151.1,151.1,151.1,151.1,151.1,151.1,151.1,151.1,151.1,151.1,151.1,151.1,151.1,151.1,151.1,151.1,151.1,151.1,151.1,151.1,151.1,151.1,151.1,151.1,151.1,151.1,151.1,151.1,151.1,151.1,151.1,151.1,151.1,151.1,151.1,151.1,151.1,151.1,151.1,151.1,151.1,151.1,151.1,151.1,151.1,151.1,151.1,151.1,151.1,151.1,151.1,151.1,151.1,151.1,151.1,151.1,151.1,151.1,151.1,151.1,151.1,151.1,151.1,151.1,151.1,151.1,151.1,151.1,151.1,151.1,151.1,151.1,151.1,151.1,151.1,151.1,151.1,151.1,151.1,151.1,151.1,151.1,151.1,151.1,151.1,151.1,151.1,151.1,151.1,151.1,151.1,151.1,151.1,151.1,151.1,151.1,151.1,151.1,151.1,151.1,151.1,151.1
2012-11-01,,,,,,,,,,,,,,,,,,,,,,,,,,,,,,,,,,154.0,154.5,154.5,154.5,154.5,154.5,154.5,154.5,154.5,154.5,154.5,154.5,154.5,154.5,154.5,154.5,154.5,154.5,154.5,154.5,154.5,154.5,154.5,154.5,154.5,154.5,154.5,154.5,154.5,154.5,154.5,154.5,154.5,154.5,154.5,154.5,154.5,154.5,154.5,154.5,154.5,154.5,154.5,154.5,154.5,154.5,154.5,154.5,154.5,154.5,154.5,154.5,154.5,154.5,154.5,154.5,154.5,154.5,154.5,154.5,154.5,154.5,154.5,154.5,154.5,154.5,154.5,154.5,154.5,154.5,154.5,154.5,154.5,154.5,154.5,154.5,154.5,154.5,154.5,154.5,154.5,154.5,154.5,154.5,154.5,154.5,154.5,154.5,154.5,154.5,154.5,154.5,154.5,154.5,154.5,154.5,154.5,154.5,154.5,154.5,154.5,154.5,154.5,154.5,154.5,154.5,154.5,154.5,154.5,154.5,154.5,154.5,154.5,154.5,154.5,154.5,154.5,154.5,154.5,154.5,154.5,154.5,154.5,154.5,154.5,154.5,154.5,154.5,154.5,154.5,154.5,154.5,154.5,154.5,154.5,154.5,154.5,154.5,154.5,154.5,154.5,154.5,154.5,154.5,154.5,154.5,154.5,154.5,154.5,154.5,154.5,154.5,154.5,154.5,154.5,154.5,154.5,154.5,154.5,154.5,154.5,154.5,154.5,154.5,154.5
2012-12-01,,,,,,,,,,,,,,,,,,,,,,,,,,,,,,,,,,,154.2,154.3,154.3,154.3,154.3,154.3,154.3,154.3,154.3,154.3,154.3,154.3,154.3,154.3,154.3,154.3,154.3,154.3,154.3,154.3,154.3,154.3,154.3,154.3,154.3,154.3,154.3,154.3,154.3,154.3,154.3,154.3,154.3,154.3,154.3,154.3,154.3,154.3,154.3,154.3,154.3,154.3,154.3,154.3,154.3,154.3,154.3,154.3,154.3,154.3,154.3,154.3,154.3,154.3,154.3,154.3,154.3,154.3,154.3,154.3,154.3,154.3,154.3,154.3,154.3,154.3,154.3,154.3,154.3,154.3,154.3,154.3,154.3,154.3,154.3,154.3,154.3,154.3,154.3,154.3,154.3,154.3,154.3,154.3,154.3,154.3,154.3,154.3,154.3,154.3,154.3,154.3,154.3,154.3,154.3,154.3,154.3,154.3,154.3,154.3,154.3,154.3,154.3,154.3,154.3,154.3,154.3,154.3,154.3,154.3,154.3,154.3,154.3,154.3,154.3,154.3,154.3,154.3,154.3,154.3,154.3,154.3,154.3,154.3,154.3,154.3,154.3,154.3,154.3,154.3,154.3,154.3,154.3,154.3,154.3,154.3,154.3,154.3,154.3,154.3,154.3,154.3,154.3,154.3,154.3,154.3,154.3,154.3,154.3,154.3,154.3,154.3,154.3,154.3,154.3,154.3,154.3,154.3,154.3,154.3,154.3,154.3,154.3,154.3
2013-01-01,,,,,,,,,,,,,,,,,,,,,,,,,,,,,,,,,,,,151.1,151.0,151.0,151.0,151.0,151.0,151.0,151.0,151.0,151.0,151.0,151.0,151.0,151.0,151.0,151.0,151.0,151.0,151.0,151.0,151.0,151.0,151.0,151.0,151.0,151.0,151.0,151.0,151.0,151.0,151.0,151.0,151.0,151.0,151.0,151.0,151.0,151.0,151.0,151.0,151.0,151.0,151.0,151.0,151.0,151.0,151.0,151.0,151.0,151.0,151.0,151.0,151.0,151.0,151.0,151.0,151.0,151.0,151.0,151.0,151.0,151.0,151.0,151.0,151.0,151.0,151.0,151.0,151.0,151.0,151.0,151.0,151.0,151.0,151.0,151.0,151.0,151.0,151.0,151.0,151.0,151.0,151.0,151.0,151.0,151.0,151.0,151.0,151.0,151.0,151.0,151.0,151.0,151.0,151.0,151.0,151.0,151.0,151.0,151.0,151.0,151.0,151.0,151.0,151.0,151.0,151.0,151.0,151.0,151.0,151.0,151.0,151.0,151.0,151.0,151.0,151.0,151.0,151.0,151.0,151.0,151.0,151.0,151.0,151.0,151.0,151.0,151.0,151.0,151.0,151.0,151.0,151.0,151.0,151.0,151.0,151.0,151.0,151.0,151.0,151.0,151.0,151.0,151.0,151.0,151.0,151.0,151.0,151.0,151.0,151.0,151.0,151.0,151.0,151.0,151.0,151.0,151.0,151.0,151.0,151.0,151.0,151.0
2013-02-01,,,,,,,,,,,,,,,,,,,,,,,,,,,,,,,,,,,,,149.2,149.2,149.2,149.2,149.2,149.2,149.2,149.2,149.2,149.2,149.2,149.2,149.2,149.2,149.2,149.2,149.2,149.2,149.2,149.2,149.2,149.2,149.2,149.2,149.2,149.2,149.2,149.2,149.2,149.2,149.2,149.2,149.2,149.2,149.2,149.2,149.2,149.2,149.2,149.2,149.2,149.2,149.2,149.2,149.2,149.2,149.2,149.2,149.2,149.2,149.2,149.2,149.2,149.2,149.2,149.2,149.2,149.2,149.2,149.2,149.2,149.2,149.2,149.2,149.2,149.2,149.2,149.2,149.2,149.2,149.2,149.2,149.2,149.2,149.2,149.2,149.2,149.2,149.2,149.2,149.2,149.2,149.2,149.2,149.2,149.2,149.2,149.2,149.2,149.2,149.2,149.2,149.2,149.2,149.2,149.2,149.2,149.2,149.2,149.2,149.2,149.2,149.2,149.2,149.2,149.2,149.2,149.2,149.2,149.2,149.2,149.2,149.2,149.2,149.2,149.2,149.2,149.2,149.2,149.2,149.2,149.2,149.2,149.2,149.2,149.2,149.2,149.2,149.2,149.2,149.2,149.2,149.2,149.2,149.2,149.2,149.2,149.2,149.2,149.2,149.2,149.2,149.2,149.2,149.2,149.2,149.2,149.2,149.2,149.2,149.2,149.2,149.2,149.2,149.2,149.2,149.2,149.2,149.2,149.2,149.2,149.2
2013-03-01,,,,,,,,,,,,,,,,,,,,,,,,,,,,,,,,,,,,,,148.3,148.3,148.3,148.3,148.3,148.3,148.3,148.3,148.3,148.3,148.3,148.3,148.3,148.3,148.3,148.3,148.3,148.3,148.3,148.3,148.3,148.3,148.3,148.3,148.3,148.3,148.3,148.3,148.3,148.3,148.3,148.3,148.3,148.3,148.3,148.3,148.3,148.3,148.3,148.3,148.3,148.3,148.3,148.3,148.3,148.3,148.3,148.3,148.3,148.3,148.3,148.3,148.3,148.3,148.3,148.3,148.3,148.3,148.3,148.3,148.3,148.3,148.3,148.3,148.3,148.3,148.3,148.3,148.3,148.3,148.3,148.3,148.3,148.3,148.3,148.3,148.3,148.3,148.3,148.3,148.3,148.3,148.3,148.3,148.3,148.3,148.3,148.3,148.3,148.3,148.3,148.3,148.3,148.3,148.3,148.3,148.3,148.3,148.3,148.3,148.3,148.3,148.3,148.3,148.3,148.3,148.3,148.3,148.3,148.3,148.3,148.3,148.3,148.3,148.3,148.3,148.3,148.3,148.3,148.3,148.3,148.3,148.3,148.3,148.3,148.3,148.3,148.3,148.3,148.3,148.3,148.3,148.3,148.3,148.3,148.3,148.3,148.3,148.3,148.3,148.3,148.3,148.3,148.3,148.3,148.3,148.3,148.3,148.3,148.3,148.3,148.3,148.3,148.3,148.3,148.3,148.3,148.3,148.3,148.3,148.3
2013-04-01,,,,,,,,,,,,,,,,,,,,,,,,,,,,,,,,,,,,,,,148.1,148.1,148.2,148.2,148.2,148.2,148.2,148.2,148.2,148.2,148.2,148.2,148.2,148.2,148.2,148.2,148.2,148.2,148.2,148.2,148.2,148.2,148.2,148.2,148.2,148.2,148.2,148.2,148.2,148.2,148.2,148.2,148.2,148.2,148.2,148.2,148.2,148.2,148.2,148.2,148.2,148.2,148.2,148.2,148.2,148.2,148.2,148.2,148.2,148.2,148.2,148.2,148.2,148.2,148.2,148.2,148.2,148.2,148.2,148.2,148.2,148.2,148.2,148.2,148.2,148.2,148.2,148.2,148.2,148.2,148.2,148.2,148.2,148.2,148.2,148.2,148.2,148.2,148.2,148.2,148.2,148.2,148.2,148.2,148.2,148.2,148.2,148.2,148.2,148.2,148.2,148.2,148.2,148.2,148.2,148.2,148.2,148.2,148.2,148.2,148.2,148.2,148.2,148.2,148.2,148.2,148.2,148.2,148.2,148.2,148.2,148.2,148.2,148.2,148.2,148.2,148.2,148.2,148.2,148.2,148.2,148.2,148.2,148.2,148.2,148.2,148.2,148.2,148.2,148.2,148.2,148.2,148.2,148.2,148.2,148.2,148.2,148.2,148.2,148.2,148.2,148.2,148.2,148.2,148.2,148.2,148.2,148.2,148.2,148.2,148.2,148.2,148.2,148.2,148.2,148.2,148.2,148.2,148.2,148.2
2013-05-01,,,,,,,,,,,,,,,,,,,,,,,,,,,,,,,,,,,,,,,,146.8,146.9,146.9,146.9,146.9,146.9,146.9,146.9,146.9,146.9,146.9,146.9,146.9,146.9,146.9,146.9,146.9,146.9,146.9,146.9,146.9,146.9,146.9,146.9,146.9,146.9,146.9,146.9,146.9,146.9,146.9,146.9,146.9,146.9,146.9,146.9,146.9,146.9,146.9,146.9,146.9,146.9,146.9,146.9,146.9,146.9,146.9,146.9,146.9,146.9,146.9,146.9,146.9,146.9,146.9,146.9,146.9,146.9,146.9,146.9,146.9,146.9,146.9,146.9,146.9,146.9,146.9,146.9,146.9,146.9,146.9,146.9,146.9,146.9,146.9,146.9,146.9,146.9,146.9,146.9,146.9,146.9,146.9,146.9,146.9,146.9,146.9,146.9,146.9,146.9,146.9,146.9,146.9,146.9,146.9,146.9,146.9,146.9,146.9,146.9,146.9,146.9,146.9,146.9,146.9,146.9,146.9,146.9,146.9,146.9,146.9,146.9,146.9,146.9,146.9,146.9,146.9,146.9,146.9,146.9,146.9,146.9,146.9,146.9,146.9,146.9,146.9,146.9,146.9,146.9,146.9,146.9,146.9,146.9,146.9,146.9,146.9,146.9,146.9,146.9,146.9,146.9,146.9,146.9,146.9,146.9,146.9,146.9,146.9,146.9,146.9,146.9,146.9,146.9,146.9,146.9,146.9,146.9,146.9
2013-06-01,,,,,,,,,,,,,,,,,,,,,,,,,,,,,,,,,,,,,,,,,145.5,145.5,145.5,145.5,145.5,145.5,145.5,145.5,145.5,145.5,145.5,145.5,145.5,145.5,145.5,145.5,145.5,145.5,145.5,145.5,145.5,145.5,145.5,145.5,145.5,145.5,145.5,145.5,145.5,145.5,145.5,145.5,145.5,145.5,145.5,145.5,145.5,145.5,145.5,145.5,145.5,145.5,145.5,145.5,145.5,145.5,145.5,145.5,145.5,145.5,145.5,145.5,145.5,145.5,145.5,145.5,145.5,145.5,145.5,145.5,145.5,145.5,145.5,145.5,145.5,145.5,145.5,145.5,145.5,145.5,145.5,145.5,145.5,145.5,145.5,145.5,145.5,145.5,145.5,145.5,145.5,145.5,145.5,145.5,145.5,145.5,145.5,145.5,145.5,145.5,145.5,145.5,145.5,145.5,145.5,145.5,145.5,145.5,145.5,145.5,145.5,145.5,145.5,145.5,145.5,145.5,145.5,145.5,145.5,145.5,145.5,145.5,145.5,145.5,145.5,145.5,145.5,145.5,145.5,145.5,145.5,145.5,145.5,145.5,145.5,145.5,145.5,145.5,145.5,145.5,145.5,145.5,145.5,145.5,145.5,145.5,145.5,145.5,145.5,145.5,145.5,145.5,145.5,145.5,145.5,145.5,145.5,145.5,145.5,145.5,145.5,145.5,145.5,145.5,145.5,145.5,145.5,145.5
2013-07-01,,,,,,,,,,,,,,,,,,,,,,,,,,,,,,,,,,,,,,,,,,145.6,145.6,145.5,145.5,145.5,145.5,145.5,145.5,145.5,145.5,145.5,145.5,145.5,145.5,145.5,145.5,145.5,145.5,145.5,145.5,145.5,145.5,145.5,145.5,145.5,145.5,145.5,145.5,145.5,145.5,145.5,145.5,145.5,145.5,145.5,145.5,145.5,145.5,145.5,145.5,145.5,145.5,145.5,145.5,145.5,145.5,145.5,145.5,145.5,145.5,145.5,145.5,145.5,145.5,145.5,145.5,145.5,145.5,145.5,145.5,145.5,145.5,145.5,145.5,145.5,145.5,145.5,145.5,145.5,145.5,145.5,145.5,145.5,145.5,145.5,145.5,145.5,145.5,145.5,145.5,145.5,145.5,145.5,145.5,145.5,145.5,145.5,145.5,145.5,145.5,145.5,145.5,145.5,145.5,145.5,145.5,145.5,145.5,145.5,145.5,145.5,145.5,145.5,145.5,145.5,145.5,145.5,145.5,145.5,145.5,145.5,145.5,145.5,145.5,145.5,145.5,145.5,145.5,145.5,145.5,145.5,145.5,145.5,145.5,145.5,145.5,145.5,145.5,145.5,145.5,145.5,145.5,145.5,145.5,145.5,145.5,145.5,145.5,145.5,145.5,145.5,145.5,145.5,145.5,145.5,145.5,145.5,145.5,145.5,145.5,145.5,145.5,145.5,145.5,145.5,145.5,145.5
2013-08-01,,,,,,,,,,,,,,,,,,,,,,,,,,,,,,,,,,,,,,,,,,,145.6,145.6,145.6,145.6,145.6,145.6,145.6,145.6,145.6,145.6,145.6,145.6,145.6,145.6,145.6,145.6,145.6,145.6,145.6,145.6,145.6,145.6,145.6,145.6,145.6,145.6,145.6,145.6,145.6,145.6,145.6,145.6,145.6,145.6,145.6,145.6,145.6,145.6,145.6,145.6,145.6,145.6,145.6,145.6,145.6,145.6,145.6,145.6,145.6,145.6,145.6,145.6,145.6,145.6,145.6,145.6,145.6,145.6,145.6,145.6,145.6,145.6,145.6,145.6,145.6,145.6,145.6,145.6,145.6,145.6,145.6,145.6,145.6,145.6,145.6,145.6,145.6,145.6,145.6,145.6,145.6,145.6,145.6,145.6,145.6,145.6,145.6,145.6,145.6,145.6,145.6,145.6,145.6,145.6,145.6,145.6,145.6,145.6,145.6,145.6,145.6,145.6,145.6,145.6,145.6,145.6,145.6,145.6,145.6,145.6,145.6,145.6,145.6,145.6,145.6,145.6,145.6,145.6,145.6,145.6,145.6,145.6,145.6,145.6,145.6,145.6,145.6,145.6,145.6,145.6,145.6,145.6,145.6,145.6,145.6,145.6,145.6,145.6,145.6,145.6,145.6,145.6,145.6,145.6,145.6,145.6,145.6,145.6,145.6,145.6,145.6,145.6,145.6,145.6,145.6,145.6
2013-09-01,,,,,,,,,,,,,,,,,,,,,,,,,,,,,,,,,,,,,,,,,,,,146.0,146.0,146.0,146.0,146.0,146.0,146.0,146.0,146.0,146.0,146.0,146.0,146.0,146.0,146.0,146.0,146.0,146.0,146.0,146.0,146.0,146.0,146.0,146.0,146.0,146.0,146.0,146.0,146.0,146.0,146.0,146.0,146.0,146.0,146.0,146.0,146.0,146.0,146.0,146.0,146.0,146.0,146.0,146.0,146.0,146.0,146.0,146.0,146.0,146.0,146.0,146.0,146.0,146.0,146.0,146.0,146.0,146.0,146.0,146.0,146.0,146.0,146.0,146.0,146.0,146.0,146.0,146.0,146.0,146.0,146.0,146.0,146.0,146.0,146.0,146.0,146.0,146.0,146.0,146.0,146.0,146.0,146.0,146.0,146.0,146.0,146.0,146.0,146.0,146.0,146.0,146.0,146.0,146.0,146.0,146.0,146.0,146.0,146.0,146.0,146.0,146.0,146.0,146.0,146.0,146.0,146.0,146.0,146.0,146.0,146.0,146.0,146.0,146.0,146.0,146.0,146.0,146.0,146.0,146.0,146.0,146.0,146.0,146.0,146.0,146.0,146.0,146.0,146.0,146.0,146.0,146.0,146.0,146.0,146.0,146.0,146.0,146.0,146.0,146.0,146.0,146.0,146.0,146.0,146.0,146.0,146.0,146.0,146.0,146.0,146.0,146.0,146.0,146.0,146.0
2013-10-01,,,,,,,,,,,,,,,,,,,,,,,,,,,,,,,,,,,,,,,,,,,,,147.3,147.3,147.3,147.3,147.3,147.3,147.3,147.3,147.3,147.3,147.3,147.3,147.3,147.3,147.3,147.3,147.3,147.3,147.3,147.3,147.3,147.3,147.3,147.3,147.3,147.3,147.3,147.3,147.3,147.3,147.3,147.3,147.3,147.3,147.3,147.3,147.3,147.3,147.3,147.3,147.3,147.3,147.3,147.3,147.3,147.3,147.3,147.3,147.3,147.3,147.3,147.3,147.3,147.3,147.3,147.3,147.3,147.3,147.3,147.3,147.3,147.3,147.3,147.3,147.3,147.3,147.3,147.3,147.3,147.3,147.3,147.3,147.3,147.3,147.3,147.3,147.3,147.3,147.3,147.3,147.3,147.3,147.3,147.3,147.3,147.3,147.3,147.3,147.3,147.3,147.3,147.3,147.3,147.3,147.3,147.3,147.3,147.3,147.3,147.3,147.3,147.3,147.3,147.3,147.3,147.3,147.3,147.3,147.3,147.3,147.3,147.3,147.3,147.3,147.3,147.3,147.3,147.3,147.3,147.3,147.3,147.3,147.3,147.3,147.3,147.3,147.3,147.3,147.3,147.3,147.3,147.3,147.3,147.3,147.3,147.3,147.3,147.3,147.3,147.3,147.3,147.3,147.3,147.3,147.3,147.3,147.3,147.3,147.3,147.3,147.3,147.3,147.3,147.3
2013-11-01,,,,,,,,,,,,,,,,,,,,,,,,,,,,,,,,,,,,,,,,,,,,,,148.6,148.6,148.6,148.6,148.6,148.6,148.6,148.6,148.6,148.6,148.6,148.6,148.6,148.6,148.6,148.6,148.6,148.6,148.6,148.6,148.6,148.6,148.6,148.6,148.6,148.6,148.6,148.6,148.6,148.6,148.6,148.6,148.6,148.6,148.6,148.6,148.6,148.6,148.6,148.6,148.6,148.6,148.6,148.6,148.6,148.6,148.6,148.6,148.6,148.6,148.6,148.6,148.6,148.6,148.6,148.6,148.6,148.6,148.6,148.6,148.6,148.6,148.6,148.6,148.6,148.6,148.6,148.6,148.6,148.6,148.6,148.6,148.6,148.6,148.6,148.6,148.6,148.6,148.6,148.6,148.6,148.6,148.6,148.6,148.6,148.6,148.6,148.6,148.6,148.6,148.6,148.6,148.6,148.6,148.6,148.6,148.6,148.6,148.6,148.6,148.6,148.6,148.6,148.6,148.6,148.6,148.6,148.6,148.6,148.6,148.6,148.6,148.6,148.6,148.6,148.6,148.6,148.6,148.6,148.6,148.6,148.6,148.6,148.6,148.6,148.6,148.6,148.6,148.6,148.6,148.6,148.6,148.6,148.6,148.6,148.6,148.6,148.6,148.6,148.6,148.6,148.6,148.6,148.6,148.6,148.6,148.6,148.6,148.6,148.6,148.6,148.6,148.6
2013-12-01,,,,,,,,,,,,,,,,,,,,,,,,,,,,,,,,,,,,,,,,,,,,,,,148.1,148.1,148.1,148.0,148.0,148.0,148.0,148.0,148.0,148.0,148.0,148.0,148.0,148.0,148.0,148.0,148.0,148.0,148.0,148.0,148.0,148.0,148.0,148.0,148.0,148.0,148.0,148.0,148.0,148.0,148.0,148.0,148.0,148.0,148.0,148.0,148.0,148.0,148.0,148.0,148.0,148.0,148.0,148.0,148.0,148.0,148.0,148.0,148.0,148.0,148.0,148.0,148.0,148.0,148.0,148.0,148.0,148.0,148.0,148.0,148.0,148.0,148.0,148.0,148.0,148.0,148.0,148.0,148.0,148.0,148.0,148.0,148.0,148.0,148.0,148.0,148.0,148.0,148.0,148.0,148.0,148.0,148.0,148.0,148.0,148.0,148.0,148.0,148.0,148.0,148.0,148.0,148.0,148.0,148.0,148.0,148.0,148.0,148.0,148.0,148.0,148.0,148.0,148.0,148.0,148.0,148.0,148.0,148.0,148.0,148.0,148.0,148.0,148.0,148.0,148.0,148.0,148.0,148.0,148.0,148.0,148.0,148.0,148.0,148.0,148.0,148.0,148.0,148.0,148.0,148.0,148.0,148.0,148.0,148.0,148.0,148.0,148.0,148.0,148.0,148.0,148.0,148.0,148.0,148.0,148.0,148.0,148.0,148.0,148.0,148.0,148.0
2014-01-01,,,,,,,,,,,,,,,,,,,,,,,,,,,,,,,,,,,,,,,,,,,,,,,,146.0,146.0,145.9,145.9,145.9,145.9,145.9,145.9,145.9,145.9,145.9,145.9,145.9,145.9,145.9,145.9,145.9,145.9,145.9,145.9,145.9,145.9,145.9,145.9,145.9,145.9,145.9,145.9,145.9,145.9,145.9,145.9,145.9,145.9,145.9,145.9,145.9,145.9,145.9,145.9,145.9,145.9,145.9,145.9,145.9,145.9,145.9,145.9,145.9,145.9,145.9,145.9,145.9,145.9,145.9,145.9,145.9,145.9,145.9,145.9,145.9,145.9,145.9,145.9,145.9,145.9,145.9,145.9,145.9,145.9,145.9,145.9,145.9,145.9,145.9,145.9,145.9,145.9,145.9,145.9,145.9,145.9,145.9,145.9,145.9,145.9,145.9,145.9,145.9,145.9,145.9,145.9,145.9,145.9,145.9,145.9,145.9,145.9,145.9,145.9,145.9,145.9,145.9,145.9,145.9,145.9,145.9,145.9,145.9,145.9,145.9,145.9,145.9,145.9,145.9,145.9,145.9,145.9,145.9,145.9,145.9,145.9,145.9,145.9,145.9,145.9,145.9,145.9,145.9,145.9,145.9,145.9,145.9,145.9,145.9,145.9,145.9,145.9,145.9,145.9,145.9,145.9,145.9,145.9,145.9,145.9,145.9,145.9,145.9,145.9,145.9
2014-02-01,,,,,,,,,,,,,,,,,,,,,,,,,,,,,,,,,,,,,,,,,,,,,,,,,144.5,144.4,144.4,144.4,144.4,144.4,144.4,144.4,144.4,144.4,144.4,144.4,144.4,144.4,144.4,144.4,144.4,144.4,144.4,144.4,144.4,144.4,144.4,144.4,144.4,144.4,144.4,144.4,144.4,144.4,144.4,144.4,144.4,144.4,144.4,144.4,144.4,144.4,144.4,144.4,144.4,144.4,144.4,144.4,144.4,144.4,144.4,144.4,144.4,144.4,144.4,144.4,144.4,144.4,144.4,144.4,144.4,144.4,144.4,144.4,144.4,144.4,144.4,144.4,144.4,144.4,144.4,144.4,144.4,144.4,144.4,144.4,144.4,144.4,144.4,144.4,144.4,144.4,144.4,144.4,144.4,144.4,144.4,144.4,144.4,144.4,144.4,144.4,144.4,144.4,144.4,144.4,144.4,144.4,144.4,144.4,144.4,144.4,144.4,144.4,144.4,144.4,144.4,144.4,144.4,144.4,144.4,144.4,144.4,144.4,144.4,144.4,144.4,144.4,144.4,144.4,144.4,144.4,144.4,144.4,144.4,144.4,144.4,144.4,144.4,144.4,144.4,144.4,144.4,144.4,144.4,144.4,144.4,144.4,144.4,144.4,144.4,144.4,144.4,144.4,144.4,144.4,144.4,144.4,144.4,144.4,144.4,144.4,144.4,144.4
2014-03-01,,,,,,,,,,,,,,,,,,,,,,,,,,,,,,,,,,,,,,,,,,,,,,,,,,146.8,146.8,146.8,146.8,146.8,146.8,146.8,146.8,146.8,146.8,146.8,146.8,146.8,146.8,146.8,146.8,146.8,146.8,146.8,146.8,146.8,146.8,146.8,146.8,146.8,146.8,146.8,146.8,146.8,146.8,146.8,146.8,146.8,146.8,146.8,146.8,146.8,146.8,146.8,146.8,146.8,146.8,146.8,146.8,146.8,146.8,146.8,146.8,146.8,146.8,146.8,146.8,146.8,146.8,146.8,146.8,146.8,146.8,146.8,146.8,146.8,146.8,146.8,146.8,146.8,146.8,146.8,146.8,146.8,146.8,146.8,146.8,146.8,146.8,146.8,146.8,146.8,146.8,146.8,146.8,146.8,146.8,146.8,146.8,146.8,146.8,146.8,146.8,146.8,146.8,146.8,146.8,146.8,146.8,146.8,146.8,146.8,146.8,146.8,146.8,146.8,146.8,146.8,146.8,146.8,146.8,146.8,146.8,146.8,146.8,146.8,146.8,146.8,146.8,146.8,146.8,146.8,146.8,146.8,146.8,146.8,146.8,146.8,146.8,146.8,146.8,146.8,146.8,146.8,146.8,146.8,146.8,146.8,146.8,146.8,146.8,146.8,146.8,146.8,146.8,146.8,146.8,146.8,146.8,146.8,146.8,146.8,146.8,146.8
2014-04-01,,,,,,,,,,,,,,,,,,,,,,,,,,,,,,,,,,,,,,,,,,,,,,,,,,,146.4,146.4,146.4,146.4,146.4,146.4,146.4,146.4,146.4,146.4,146.4,146.4,146.4,146.4,146.4,146.4,146.4,146.4,146.4,146.4,146.4,146.4,146.4,146.4,146.4,146.4,146.4,146.4,146.4,146.4,146.4,146.4,146.4,146.4,146.4,146.4,146.4,146.4,146.4,146.4,146.4,146.4,146.4,146.4,146.4,146.4,146.4,146.4,146.4,146.4,146.4,146.4,146.4,146.4,146.4,146.4,146.4,146.4,146.4,146.4,146.4,146.4,146.4,146.4,146.4,146.4,146.4,146.4,146.4,146.4,146.4,146.4,146.4,146.4,146.4,146.4,146.4,146.4,146.4,146.4,146.4,146.4,146.4,146.4,146.4,146.4,146.4,146.4,146.4,146.4,146.4,146.4,146.4,146.4,146.4,146.4,146.4,146.4,146.4,146.4,146.4,146.4,146.4,146.4,146.4,146.4,146.4,146.4,146.4,146.4,146.4,146.4,146.4,146.4,146.4,146.4,146.4,146.4,146.4,146.4,146.4,146.4,146.4,146.4,146.4,146.4,146.4,146.4,146.4,146.4,146.4,146.4,146.4,146.4,146.4,146.4,146.4,146.4,146.4,146.4,146.4,146.4,146.4,146.4,146.4,146.4,146.4,146.4
2014-05-01,,,,,,,,,,,,,,,,,,,,,,,,,,,,,,,,,,,,,,,,,,,,,,,,,,,,147.3,147.6,147.6,147.6,147.6,147.6,147.6,147.6,147.6,147.6,147.6,147.6,147.6,147.6,147.6,147.6,147.6,147.6,147.6,147.6,147.6,147.6,147.6,147.6,147.6,147.6,147.6,147.6,147.6,147.6,147.6,147.6,147.6,147.6,147.6,147.6,147.6,147.6,147.6,147.6,147.6,147.6,147.6,147.6,147.6,147.6,147.6,147.6,147.6,147.6,147.6,147.6,147.6,147.6,147.6,147.6,147.6,147.6,147.6,147.6,147.6,147.6,147.6,147.6,147.6,147.6,147.6,147.6,147.6,147.6,147.6,147.6,147.6,147.6,147.6,147.6,147.6,147.6,147.6,147.6,147.6,147.6,147.6,147.6,147.6,147.6,147.6,147.6,147.6,147.6,147.6,147.6,147.6,147.6,147.6,147.6,147.6,147.6,147.6,147.6,147.6,147.6,147.6,147.6,147.6,147.6,147.6,147.6,147.6,147.6,147.6,147.6,147.6,147.6,147.6,147.6,147.6,147.6,147.6,147.6,147.6,147.6,147.6,147.6,147.6,147.6,147.6,147.6,147.6,147.6,147.6,147.6,147.6,147.6,147.6,147.6,147.6,147.6,147.6,147.6,147.6,147.6,147.6,147.6,147.6,147.6,147.6
2014-06-01,,,,,,,,,,,,,,,,,,,,,,,,,,,,,,,,,,,,,,,,,,,,,,,,,,,,,147.6,147.6,147.6,147.6,147.6,147.6,147.6,147.6,147.6,147.6,147.6,147.6,147.6,147.6,147.6,147.6,147.6,147.6,147.6,147.6,147.6,147.6,147.6,147.6,147.6,147.6,147.6,147.6,147.6,147.6,147.6,147.6,147.6,147.6,147.6,147.6,147.6,147.6,147.6,147.6,147.6,147.6,147.6,147.6,147.6,147.6,147.6,147.6,147.6,147.6,147.6,147.6,147.6,147.6,147.6,147.6,147.6,147.6,147.6,147.6,147.6,147.6,147.6,147.6,147.6,147.6,147.6,147.6,147.6,147.6,147.6,147.6,147.6,147.6,147.6,147.6,147.6,147.6,147.6,147.6,147.6,147.6,147.6,147.6,147.6,147.6,147.6,147.6,147.6,147.6,147.6,147.6,147.6,147.6,147.6,147.6,147.6,147.6,147.6,147.6,147.6,147.6,147.6,147.6,147.6,147.6,147.6,147.6,147.6,147.6,147.6,147.6,147.6,147.6,147.6,147.6,147.6,147.6,147.6,147.6,147.6,147.6,147.6,147.6,147.6,147.6,147.6,147.6,147.6,147.6,147.6,147.6,147.6,147.6,147.6,147.6,147.6,147.6,147.6,147.6,147.6,147.6,147.6,147.6,147.6,147.6
2014-07-01,,,,,,,,,,,,,,,,,,,,,,,,,,,,,,,,,,,,,,,,,,,,,,,,,,,,,,147.4,147.4,147.4,147.4,147.4,147.4,147.4,147.4,147.4,147.4,147.4,147.4,147.4,147.4,147.4,147.4,147.4,147.4,147.4,147.4,147.4,147.4,147.4,147.4,147.4,147.4,147.4,147.4,147.4,147.4,147.4,147.4,147.4,147.4,147.4,147.4,147.4,147.4,147.4,147.4,147.4,147.4,147.4,147.4,147.4,147.4,147.4,147.4,147.4,147.4,147.4,147.4,147.4,147.4,147.4,147.4,147.4,147.4,147.4,147.4,147.4,147.4,147.4,147.4,147.4,147.4,147.4,147.4,147.4,147.4,147.4,147.4,147.4,147.4,147.4,147.4,147.4,147.4,147.4,147.4,147.4,147.4,147.4,147.4,147.4,147.4,147.4,147.4,147.4,147.4,147.4,147.4,147.4,147.4,147.4,147.4,147.4,147.4,147.4,147.4,147.4,147.4,147.4,147.4,147.4,147.4,147.4,147.4,147.4,147.4,147.4,147.4,147.4,147.4,147.4,147.4,147.4,147.4,147.4,147.4,147.4,147.4,147.4,147.4,147.4,147.4,147.4,147.4,147.4,147.4,147.4,147.4,147.4,147.4,147.4,147.4,147.4,147.4,147.4,147.4,147.4,147.4,147.4,147.4,147.4
2014-08-01,,,,,,,,,,,,,,,,,,,,,,,,,,,,,,,,,,,,,,,,,,,,,,,,,,,,,,,147.7,147.7,147.7,147.7,147.7,147.7,147.7,147.7,147.7,147.7,147.7,147.7,147.7,147.7,147.7,147.7,147.7,147.7,147.7,147.7,147.7,147.7,147.7,147.7,147.7,147.7,147.7,147.7,147.7,147.7,147.7,147.7,147.7,147.7,147.7,147.7,147.7,147.7,147.7,147.7,147.7,147.7,147.7,147.7,147.7,147.7,147.7,147.7,147.7,147.7,147.7,147.7,147.7,147.7,147.7,147.7,147.7,147.7,147.7,147.7,147.7,147.7,147.7,147.7,147.7,147.7,147.7,147.7,147.7,147.7,147.7,147.7,147.7,147.7,147.7,147.7,147.7,147.7,147.7,147.7,147.7,147.7,147.7,147.7,147.7,147.7,147.7,147.7,147.7,147.7,147.7,147.7,147.7,147.7,147.7,147.7,147.7,147.7,147.7,147.7,147.7,147.7,147.7,147.7,147.7,147.7,147.7,147.7,147.7,147.7,147.7,147.7,147.7,147.7,147.7,147.7,147.7,147.7,147.7,147.7,147.7,147.7,147.7,147.7,147.7,147.7,147.7,147.7,147.7,147.7,147.7,147.7,147.7,147.7,147.7,147.7,147.7,147.7,147.7,147.7,147.7,147.7,147.7,147.7
2014-09-01,,,,,,,,,,,,,,,,,,,,,,,,,,,,,,,,,,,,,,,,,,,,,,,,,,,,,,,,147.5,147.1,147.1,147.2,147.2,147.2,147.2,147.2,147.2,147.2,147.2,147.2,147.2,147.2,147.2,147.2,147.2,147.2,147.2,147.2,147.2,147.2,147.2,147.2,147.2,147.2,147.2,147.2,147.2,147.2,147.2,147.2,147.2,147.2,147.2,147.2,147.2,147.2,147.2,147.2,147.2,147.2,147.2,147.2,147.2,147.2,147.2,147.2,147.2,147.2,147.2,147.2,147.2,147.2,147.2,147.2,147.2,147.2,147.2,147.2,147.2,147.2,147.2,147.2,147.2,147.2,147.2,147.2,147.2,147.2,147.2,147.2,147.2,147.2,147.2,147.2,147.2,147.2,147.2,147.2,147.2,147.2,147.2,147.2,147.2,147.2,147.2,147.2,147.2,147.2,147.2,147.2,147.2,147.2,147.2,147.2,147.2,147.2,147.2,147.2,147.2,147.2,147.2,147.2,147.2,147.2,147.2,147.2,147.2,147.2,147.2,147.2,147.2,147.2,147.2,147.2,147.2,147.2,147.2,147.2,147.2,147.2,147.2,147.2,147.2,147.2,147.2,147.2,147.2,147.2,147.2,147.2,147.2,147.2,147.2,147.2,147.2,147.2,147.2,147.2,147.2,147.2,147.2
2014-10-01,,,,,,,,,,,,,,,,,,,,,,,,,,,,,,,,,,,,,,,,,,,,,,,,,,,,,,,,,146.5,146.5,146.5,146.1,146.1,146.1,146.1,146.1,146.1,146.1,146.1,146.1,146.1,146.1,146.1,146.1,146.1,146.1,146.1,146.1,146.1,146.1,146.1,146.1,146.1,146.1,146.1,146.1,146.1,146.1,146.1,146.1,146.1,146.1,146.1,146.1,146.1,146.1,146.1,146.1,146.1,146.1,146.1,146.1,146.1,146.1,146.1,146.1,146.1,146.1,146.1,146.1,146.1,146.1,146.1,146.1,146.1,146.1,146.1,146.1,146.1,146.1,146.1,146.1,146.1,146.1,146.1,146.1,146.1,146.1,146.1,146.1,146.1,146.1,146.1,146.1,146.1,146.1,146.1,146.1,146.1,146.1,146.1,146.1,146.1,146.1,146.1,146.1,146.1,146.1,146.1,146.1,146.1,146.1,146.1,146.1,146.1,146.1,146.1,146.1,146.1,146.1,146.1,146.1,146.1,146.1,146.1,146.1,146.1,146.1,146.1,146.1,146.1,146.1,146.1,146.1,146.1,146.1,146.1,146.1,146.1,146.1,146.1,146.1,146.1,146.1,146.1,146.1,146.1,146.1,146.1,146.1,146.1,146.1,146.1,146.1,146.1,146.1,146.1,146.1,146.1,146.1
2014-11-01,,,,,,,,,,,,,,,,,,,,,,,,,,,,,,,,,,,,,,,,,,,,,,,,,,,,,,,,,,146.2,145.5,145.1,145.1,145.1,145.1,145.1,145.1,145.1,145.1,145.1,145.1,145.1,145.1,145.1,145.1,145.1,145.1,145.1,145.1,145.1,145.1,145.1,145.1,145.1,145.1,145.1,145.1,145.1,145.1,145.1,145.1,145.1,145.1,145.1,145.1,145.1,145.1,145.1,145.1,145.1,145.1,145.1,145.1,145.1,145.1,145.1,145.1,145.1,145.1,145.1,145.1,145.1,145.1,145.1,145.1,145.1,145.1,145.1,145.1,145.1,145.1,145.1,145.1,145.1,145.1,145.1,145.1,145.1,145.1,145.1,145.1,145.1,145.1,145.1,145.1,145.1,145.1,145.1,145.1,145.1,145.1,145.1,145.1,145.1,145.1,145.1,145.1,145.1,145.1,145.1,145.1,145.1,145.1,145.1,145.1,145.1,145.1,145.1,145.1,145.1,145.1,145.1,145.1,145.1,145.1,145.1,145.1,145.1,145.1,145.1,145.1,145.1,145.1,145.1,145.1,145.1,145.1,145.1,145.1,145.1,145.1,145.1,145.1,145.1,145.1,145.1,145.1,145.1,145.1,145.1,145.1,145.1,145.1,145.1,145.1,145.1,145.1,145.1,145.1,145.1
2014-12-01,,,,,,,,,,,,,,,,,,,,,,,,,,,,,,,,,,,,,,,,,,,,,,,,,,,,,,,,,,,142.4,142.1,142.1,142.1,142.1,142.1,142.1,142.1,142.1,142.1,142.1,142.1,142.1,142.1,142.1,142.1,142.1,142.1,142.1,142.1,142.1,142.1,142.1,142.1,142.1,142.1,142.1,142.1,142.1,142.1,142.1,142.1,142.1,142.1,142.1,142.1,142.1,142.1,142.1,142.1,142.1,142.1,142.1,142.1,142.1,142.1,142.1,142.1,142.1,142.1,142.1,142.1,142.1,142.1,142.1,142.1,142.1,142.1,142.1,142.1,142.1,142.1,142.1,142.1,142.1,142.1,142.1,142.1,142.1,142.1,142.1,142.1,142.1,142.1,142.1,142.1,142.1,142.1,142.1,142.1,142.1,142.1,142.1,142.1,142.1,142.1,142.1,142.1,142.1,142.1,142.1,142.1,142.1,142.1,142.1,142.1,142.1,142.1,142.1,142.1,142.1,142.1,142.1,142.1,142.1,142.1,142.1,142.1,142.1,142.1,142.1,142.1,142.1,142.1,142.1,142.1,142.1,142.1,142.1,142.1,142.1,142.1,142.1,142.1,142.1,142.1,142.1,142.1,142.1,142.1,142.1,142.1,142.1,142.1,142.1,142.1,142.1,142.1,142.1,142.1
2015-01-01,,,,,,,,,,,,,,,,,,,,,,,,,,,,,,,,,,,,,,,,,,,,,,,,,,,,,,,,,,,,145.1,145.6,145.3,145.3,145.3,145.3,145.3,145.3,145.3,145.3,145.3,145.3,145.3,145.3,145.3,145.3,145.3,145.3,145.3,145.3,145.3,145.3,145.3,145.3,145.3,145.3,145.3,145.3,145.3,145.3,145.3,145.3,145.3,145.3,145.3,145.3,145.3,145.3,145.3,145.3,145.3,145.3,145.3,145.3,145.3,145.3,145.3,145.3,145.3,145.3,145.3,145.3,145.3,145.3,145.3,145.3,145.3,145.3,145.3,145.3,145.3,145.3,145.3,145.3,145.3,145.3,145.3,145.3,145.3,145.3,145.3,145.3,145.3,145.3,145.3,145.3,145.3,145.3,145.3,145.3,145.3,145.3,145.3,145.3,145.3,145.3,145.3,145.3,145.3,145.3,145.3,145.3,145.3,145.3,145.3,145.3,145.3,145.3,145.3,145.3,145.3,145.3,145.3,145.3,145.3,145.3,145.3,145.3,145.3,145.3,145.3,145.3,145.3,145.3,145.3,145.3,145.3,145.3,145.3,145.3,145.3,145.3,145.3,145.3,145.3,145.3,145.3,145.3,145.3,145.3,145.3,145.3,145.3,145.3,145.3,145.3,145.3,145.3,145.3
2015-02-01,,,,,,,,,,,,,,,,,,,,,,,,,,,,,,,,,,,,,,,,,,,,,,,,,,,,,,,,,,,,,144.5,146.3,146.3,145.6,145.6,145.6,145.6,145.6,145.6,145.6,145.6,145.6,145.6,145.6,145.6,145.6,145.6,145.6,145.6,145.6,145.6,145.6,145.6,145.6,145.6,145.6,145.6,145.6,145.6,145.6,145.6,145.6,145.6,145.6,145.6,145.6,145.6,145.6,145.6,145.6,145.6,145.6,145.6,145.6,145.6,145.6,145.6,145.6,145.6,145.6,145.6,145.6,145.6,145.6,145.6,145.6,145.6,145.6,145.6,145.6,145.6,145.6,145.6,145.6,145.6,145.6,145.6,145.6,145.6,145.6,145.6,145.6,145.6,145.6,145.6,145.6,145.6,145.6,145.6,145.6,145.6,145.6,145.6,145.6,145.6,145.6,145.6,145.6,145.6,145.6,145.6,145.6,145.6,145.6,145.6,145.6,145.6,145.6,145.6,145.6,145.6,145.6,145.6,145.6,145.6,145.6,145.6,145.6,145.6,145.6,145.6,145.6,145.6,145.6,145.6,145.6,145.6,145.6,145.6,145.6,145.6,145.6,145.6,145.6,145.6,145.6,145.6,145.6,145.6,145.6,145.6,145.6,145.6,145.6,145.6,145.6,145.6,145.6
2015-03-01,,,,,,,,,,,,,,,,,,,,,,,,,,,,,,,,,,,,,,,,,,,,,,,,,,,,,,,,,,,,,,148.5,147.9,147.2,147.2,147.2,147.2,147.2,147.2,147.2,147.2,147.2,147.2,147.2,147.2,147.2,147.2,147.2,147.2,147.2,147.2,147.2,147.2,147.2,147.2,147.2,147.2,147.2,147.2,147.2,147.2,147.2,147.2,147.2,147.2,147.2,147.2,147.2,147.2,147.2,147.2,147.2,147.2,147.2,147.2,147.2,147.2,147.2,147.2,147.2,147.2,147.2,147.2,147.2,147.2,147.2,147.2,147.2,147.2,147.2,147.2,147.2,147.2,147.2,147.2,147.2,147.2,147.2,147.2,147.2,147.2,147.2,147.2,147.2,147.2,147.2,147.2,147.2,147.2,147.2,147.2,147.2,147.2,147.2,147.2,147.2,147.2,147.2,147.2,147.2,147.2,147.2,147.2,147.2,147.2,147.2,147.2,147.2,147.2,147.2,147.2,147.2,147.2,147.2,147.2,147.2,147.2,147.2,147.2,147.2,147.2,147.2,147.2,147.2,147.2,147.2,147.2,147.2,147.2,147.2,147.2,147.2,147.2,147.2,147.2,147.2,147.2,147.2,147.2,147.2,147.2,147.2,147.2,147.2,147.2,147.2,147.2,147.2
2015-04-01,,,,,,,,,,,,,,,,,,,,,,,,,,,,,,,,,,,,,,,,,,,,,,,,,,,,,,,,,,,,,,,150.5,148.7,148.7,148.7,148.7,148.7,148.7,148.7,148.7,148.7,148.7,148.7,148.7,148.7,148.7,148.7,148.7,148.7,148.7,148.7,148.7,148.7,148.7,148.7,148.7,148.7,148.7,148.7,148.7,148.7,148.7,148.7,148.7,148.7,148.7,148.7,148.7,148.7,148.7,148.7,148.7,148.7,148.7,148.7,148.7,148.7,148.7,148.7,148.7,148.7,148.7,148.7,148.7,148.7,148.7,148.7,148.7,148.7,148.7,148.7,148.7,148.7,148.7,148.7,148.7,148.7,148.7,148.7,148.7,148.7,148.7,148.7,148.7,148.7,148.7,148.7,148.7,148.7,148.7,148.7,148.7,148.7,148.7,148.7,148.7,148.7,148.7,148.7,148.7,148.7,148.7,148.7,148.7,148.7,148.7,148.7,148.7,148.7,148.7,148.7,148.7,148.7,148.7,148.7,148.7,148.7,148.7,148.7,148.7,148.7,148.7,148.7,148.7,148.7,148.7,148.7,148.7,148.7,148.7,148.7,148.7,148.7,148.7,148.7,148.7,148.7,148.7,148.7,148.7,148.7,148.7,148.7,148.7,148.7,148.7,148.7
2015-05-01,,,,,,,,,,,,,,,,,,,,,,,,,,,,,,,,,,,,,,,,,,,,,,,,,,,,,,,,,,,,,,,,147.4,147.5,147.5,147.5,147.5,147.5,147.5,147.5,147.5,147.5,147.5,147.5,147.5,147.5,147.5,147.5,147.5,147.5,147.5,147.5,147.5,147.5,147.5,147.5,147.5,147.5,147.5,147.5,147.5,147.5,147.5,147.5,147.5,147.5,147.5,147.5,147.5,147.5,147.5,147.5,147.5,147.5,147.5,147.5,147.5,147.5,147.5,147.5,147.5,147.5,147.5,147.5,147.5,147.5,147.5,147.5,147.5,147.5,147.5,147.5,147.5,147.5,147.5,147.5,147.5,147.5,147.5,147.5,147.5,147.5,147.5,147.5,147.5,147.5,147.5,147.5,147.5,147.5,147.5,147.5,147.5,147.5,147.5,147.5,147.5,147.5,147.5,147.5,147.5,147.5,147.5,147.5,147.5,147.5,147.5,147.5,147.5,147.5,147.5,147.5,147.5,147.5,147.5,147.5,147.5,147.5,147.5,147.5,147.5,147.5,147.5,147.5,147.5,147.5,147.5,147.5,147.5,147.5,147.5,147.5,147.5,147.5,147.5,147.5,147.5,147.5,147.5,147.5,147.5,147.5,147.5,147.5,147.5,147.5,147.5
2015-06-01,,,,,,,,,,,,,,,,,,,,,,,,,,,,,,,,,,,,,,,,,,,,,,,,,,,,,,,,,,,,,,,,,145.4,145.5,145.5,145.5,145.5,145.5,145.5,145.5,145.5,145.5,145.5,145.5,145.5,145.5,145.5,145.5,145.5,145.5,145.5,145.5,145.5,145.5,145.5,145.5,145.5,145.5,145.5,145.5,145.5,145.5,145.5,145.5,145.5,145.5,145.5,145.5,145.5,145.5,145.5,145.5,145.5,145.5,145.5,145.5,145.5,145.5,145.5,145.5,145.5,145.5,145.5,145.5,145.5,145.5,145.5,145.5,145.5,145.5,145.5,145.5,145.5,145.5,145.5,145.5,145.5,145.5,145.5,145.5,145.5,145.5,145.5,145.5,145.5,145.5,145.5,145.5,145.5,145.5,145.5,145.5,145.5,145.5,145.5,145.5,145.5,145.5,145.5,145.5,145.5,145.5,145.5,145.5,145.5,145.5,145.5,145.5,145.5,145.5,145.5,145.5,145.5,145.5,145.5,145.5,145.5,145.5,145.5,145.5,145.5,145.5,145.5,145.5,145.5,145.5,145.5,145.5,145.5,145.5,145.5,145.5,145.5,145.5,145.5,145.5,145.5,145.5,145.5,145.5,145.5,145.5,145.5,145.5,145.5,145.5
2015-07-01,,,,,,,,,,,,,,,,,,,,,,,,,,,,,,,,,,,,,,,,,,,,,,,,,,,,,,,,,,,,,,,,,,143.8,140.7,138.9,140.8,140.8,140.8,140.8,140.8,140.8,140.8,140.8,140.8,140.8,140.8,140.8,140.8,140.8,140.8,140.8,140.8,140.8,140.8,140.8,140.8,140.8,140.8,140.8,140.8,140.8,140.8,140.8,140.8,140.8,140.8,140.8,140.8,140.8,140.8,140.8,140.8,140.8,140.8,140.8,140.8,140.8,140.8,140.8,140.8,140.8,140.8,140.8,140.8,140.8,140.8,140.8,140.8,140.8,140.8,140.8,140.8,140.8,140.8,140.8,140.8,140.8,140.8,140.8,140.8,140.8,140.8,140.8,140.8,140.8,140.8,140.8,140.8,140.8,140.8,140.8,140.8,140.8,140.8,140.8,140.8,140.8,140.8,140.8,140.8,140.8,140.8,140.8,140.8,140.8,140.8,140.8,140.8,140.8,140.8,140.8,140.8,140.8,140.8,140.8,140.8,140.8,140.8,140.8,140.8,140.8,140.8,140.8,140.8,140.8,140.8,140.8,140.8,140.8,140.8,140.8,140.8,140.8,140.8,140.8,140.8,140.8,140.8,140.8,140.8,140.8,140.8,140.8,140.8,140.8
2015-08-01,,,,,,,,,,,,,,,,,,,,,,,,,,,,,,,,,,,,,,,,,,,,,,,,,,,,,,,,,,,,,,,,,,,137.7,134.9,137.4,137.4,137.4,137.4,137.4,137.4,137.4,137.4,137.4,137.4,137.4,137.4,137.4,137.4,137.4,137.4,137.4,137.4,137.4,137.4,137.4,137.4,137.4,137.4,137.4,137.4,137.4,137.4,137.4,137.4,137.4,137.4,137.4,137.4,137.4,137.4,137.4,137.4,137.4,137.4,137.4,137.4,137.4,137.4,137.4,137.4,137.4,137.4,137.4,137.4,137.4,137.4,137.4,137.4,137.4,137.4,137.4,137.4,137.4,137.4,137.4,137.4,137.4,137.4,137.4,137.4,137.4,137.4,137.4,137.4,137.4,137.4,137.4,137.4,137.4,137.4,137.4,137.4,137.4,137.4,137.4,137.4,137.4,137.4,137.4,137.4,137.4,137.4,137.4,137.4,137.4,137.4,137.4,137.4,137.4,137.4,137.4,137.4,137.4,137.4,137.4,137.4,137.4,137.4,137.4,137.4,137.4,137.4,137.4,137.4,137.4,137.4,137.4,137.4,137.4,137.4,137.4,137.4,137.4,137.4,137.4,137.4,137.4,137.4,137.4,137.4,137.4,137.4,137.4,137.4
2015-09-01,,,,,,,,,,,,,,,,,,,,,,,,,,,,,,,,,,,,,,,,,,,,,,,,,,,,,,,,,,,,,,,,,,,,132.2,134.5,134.5,134.2,134.2,134.2,134.2,134.2,134.2,134.2,134.2,134.2,134.2,134.2,134.2,134.2,134.2,134.2,134.2,134.2,134.2,134.2,134.2,134.2,134.2,134.2,134.2,134.2,134.2,134.2,134.2,134.2,134.2,134.2,134.2,134.2,134.2,134.2,134.2,134.2,134.2,134.2,134.2,134.2,134.2,134.2,134.2,134.2,134.2,134.2,134.2,134.2,134.2,134.2,134.2,134.2,134.2,134.2,134.2,134.2,134.2,134.2,134.2,134.2,134.2,134.2,134.2,134.2,134.2,134.2,134.2,134.2,134.2,134.2,134.2,134.2,134.2,134.2,134.2,134.2,134.2,134.2,134.2,134.2,134.2,134.2,134.2,134.2,134.2,134.2,134.2,134.2,134.2,134.2,134.2,134.2,134.2,134.2,134.2,134.2,134.2,134.2,134.2,134.2,134.2,134.2,134.2,134.2,134.2,134.2,134.2,134.2,134.2,134.2,134.2,134.2,134.2,134.2,134.2,134.2,134.2,134.2,134.2,134.2,134.2,134.2,134.2,134.2,134.2,134.2,134.2
2015-10-01,,,,,,,,,,,,,,,,,,,,,,,,,,,,,,,,,,,,,,,,,,,,,,,,,,,,,,,,,,,,,,,,,,,,,143.0,140.9,140.4,140.4,140.4,140.4,140.4,140.4,140.4,140.4,140.4,140.4,140.4,140.4,140.4,140.4,140.4,140.4,140.4,140.4,140.4,140.4,140.4,140.4,140.4,140.4,140.4,140.4,140.4,140.4,140.4,140.4,140.4,140.4,140.4,140.4,140.4,140.4,140.4,140.4,140.4,140.4,140.4,140.4,140.4,140.4,140.4,140.4,140.4,140.4,140.4,140.4,140.4,140.4,140.4,140.4,140.4,140.4,140.4,140.4,140.4,140.4,140.4,140.4,140.4,140.4,140.4,140.4,140.4,140.4,140.4,140.4,140.4,140.4,140.4,140.4,140.4,140.4,140.4,140.4,140.4,140.4,140.4,140.4,140.4,140.4,140.4,140.4,140.4,140.4,140.4,140.4,140.4,140.4,140.4,140.4,140.4,140.4,140.4,140.4,140.4,140.4,140.4,140.4,140.4,140.4,140.4,140.4,140.4,140.4,140.4,140.4,140.4,140.4,140.4,140.4,140.4,140.4,140.4,140.4,140.4,140.4,140.4,140.4,140.4,140.4,140.4,140.4,140.4,140.4
2015-11-01,,,,,,,,,,,,,,,,,,,,,,,,,,,,,,,,,,,,,,,,,,,,,,,,,,,,,,,,,,,,,,,,,,,,,,142.5,142.2,141.9,141.9,141.9,141.9,141.9,141.9,141.9,141.9,141.9,141.9,141.9,141.9,141.9,141.9,141.9,141.9,141.9,141.9,141.9,141.9,141.9,141.9,141.9,141.9,141.9,141.9,141.9,141.9,141.9,141.9,141.9,141.9,141.9,141.9,141.9,141.9,141.9,141.9,141.9,141.9,141.9,141.9,141.9,141.9,141.9,141.9,141.9,141.9,141.9,141.9,141.9,141.9,141.9,141.9,141.9,141.9,141.9,141.9,141.9,141.9,141.9,141.9,141.9,141.9,141.9,141.9,141.9,141.9,141.9,141.9,141.9,141.9,141.9,141.9,141.9,141.9,141.9,141.9,141.9,141.9,141.9,141.9,141.9,141.9,141.9,141.9,141.9,141.9,141.9,141.9,141.9,141.9,141.9,141.9,141.9,141.9,141.9,141.9,141.9,141.9,141.9,141.9,141.9,141.9,141.9,141.9,141.9,141.9,141.9,141.9,141.9,141.9,141.9,141.9,141.9,141.9,141.9,141.9,141.9,141.9,141.9,141.9,141.9,141.9,141.9,141.9,141.9
2015-12-01,,,,,,,,,,,,,,,,,,,,,,,,,,,,,,,,,,,,,,,,,,,,,,,,,,,,,,,,,,,,,,,,,,,,,,,139.2,138.8,138.8,138.8,138.8,138.8,138.8,138.8,138.8,138.8,138.8,138.8,138.8,138.8,138.8,138.8,138.8,138.8,138.8,138.8,138.8,138.8,138.8,138.8,138.8,138.8,138.8,138.8,138.8,138.8,138.8,138.8,138.8,138.8,138.8,138.8,138.8,138.8,138.8,138.8,138.8,138.8,138.8,138.8,138.8,138.8,138.8,138.8,138.8,138.8,138.8,138.8,138.8,138.8,138.8,138.8,138.8,138.8,138.8,138.8,138.8,138.8,138.8,138.8,138.8,138.8,138.8,138.8,138.8,138.8,138.8,138.8,138.8,138.8,138.8,138.8,138.8,138.8,138.8,138.8,138.8,138.8,138.8,138.8,138.8,138.8,138.8,138.8,138.8,138.8,138.8,138.8,138.8,138.8,138.8,138.8,138.8,138.8,138.8,138.8,138.8,138.8,138.8,138.8,138.8,138.8,138.8,138.8,138.8,138.8,138.8,138.8,138.8,138.8,138.8,138.8,138.8,138.8,138.8,138.8,138.8,138.8,138.8,138.8,138.8,138.8,138.8,138.8
2016-01-01,,,,,,,,,,,,,,,,,,,,,,,,,,,,,,,,,,,,,,,,,,,,,,,,,,,,,,,,,,,,,,,,,,,,,,,,132.8,132.8,132.8,132.8,132.8,132.8,132.8,132.8,132.8,132.8,132.8,132.8,132.8,132.8,132.8,132.8,132.8,132.8,132.8,132.8,132.8,132.8,132.8,132.8,132.8,132.8,132.8,132.8,132.8,132.8,132.8,132.8,132.8,132.8,132.8,132.8,132.8,132.8,132.8,132.8,132.8,132.8,132.8,132.8,132.8,132.8,132.8,132.8,132.8,132.8,132.8,132.8,132.8,132.8,132.8,132.8,132.8,132.8,132.8,132.8,132.8,132.8,132.8,132.8,132.8,132.8,132.8,132.8,132.8,132.8,132.8,132.8,132.8,132.8,132.8,132.8,132.8,132.8,132.8,132.8,132.8,132.8,132.8,132.8,132.8,132.8,132.8,132.8,132.8,132.8,132.8,132.8,132.8,132.8,132.8,132.8,132.8,132.8,132.8,132.8,132.8,132.8,132.8,132.8,132.8,132.8,132.8,132.8,132.8,132.8,132.8,132.8,132.8,132.8,132.8,132.8,132.8,132.8,132.8,132.8,132.8,132.8,132.8,132.8,132.8,132.8,132.8
2016-02-01,,,,,,,,,,,,,,,,,,,,,,,,,,,,,,,,,,,,,,,,,,,,,,,,,,,,,,,,,,,,,,,,,,,,,,,,,130.6,130.1,130.1,130.1,130.1,130.1,130.1,130.1,130.1,130.1,130.1,130.1,130.1,130.1,130.1,130.1,130.1,130.1,130.1,130.1,130.1,130.1,130.1,130.1,130.1,130.1,130.1,130.1,130.1,130.1,130.1,130.1,130.1,130.1,130.1,130.1,130.1,130.1,130.1,130.1,130.1,130.1,130.1,130.1,130.1,130.1,130.1,130.1,130.1,130.1,130.1,130.1,130.1,130.1,130.1,130.1,130.1,130.1,130.1,130.1,130.1,130.1,130.1,130.1,130.1,130.1,130.1,130.1,130.1,130.1,130.1,130.1,130.1,130.1,130.1,130.1,130.1,130.1,130.1,130.1,130.1,130.1,130.1,130.1,130.1,130.1,130.1,130.1,130.1,130.1,130.1,130.1,130.1,130.1,130.1,130.1,130.1,130.1,130.1,130.1,130.1,130.1,130.1,130.1,130.1,130.1,130.1,130.1,130.1,130.1,130.1,130.1,130.1,130.1,130.1,130.1,130.1,130.1,130.1,130.1,130.1,130.1,130.1,130.1,130.1,130.1
2016-03-01,,,,,,,,,,,,,,,,,,,,,,,,,,,,,,,,,,,,,,,,,,,,,,,,,,,,,,,,,,,,,,,,,,,,,,,,,,127.1,126.6,126.6,127.0,127.0,127.0,127.0,127.0,127.0,127.0,127.0,127.0,127.0,127.0,127.0,127.0,127.0,127.0,127.0,127.0,127.0,127.0,127.0,127.0,127.0,127.0,127.0,127.0,127.0,127.0,127.0,127.0,127.0,127.0,127.0,127.0,127.0,127.0,127.0,127.0,127.0,127.0,127.0,127.0,127.0,127.0,127.0,127.0,127.0,127.0,127.0,127.0,127.0,127.0,127.0,127.0,127.0,127.0,127.0,127.0,127.0,127.0,127.0,127.0,127.0,127.0,127.0,127.0,127.0,127.0,127.0,127.0,127.0,127.0,127.0,127.0,127.0,127.0,127.0,127.0,127.0,127.0,127.0,127.0,127.0,127.0,127.0,127.0,127.0,127.0,127.0,127.0,127.0,127.0,127.0,127.0,127.0,127.0,127.0,127.0,127.0,127.0,127.0,127.0,127.0,127.0,127.0,127.0,127.0,127.0,127.0,127.0,127.0,127.0,127.0,127.0,127.0,127.0,127.0,127.0,127.0,127.0,127.0,127.0,127.0
2016-04-01,,,,,,,,,,,,,,,,,,,,,,,,,,,,,,,,,,,,,,,,,,,,,,,,,,,,,,,,,,,,,,,,,,,,,,,,,,,130.3,129.8,130.1,130.1,130.1,130.1,130.1,130.1,130.1,130.1,130.1,130.1,130.1,130.1,130.1,130.1,130.1,130.1,130.1,130.1,130.1,130.1,130.1,130.1,130.1,130.1,130.1,130.1,130.1,130.1,130.1,130.1,130.1,130.1,130.1,130.1,130.1,130.1,130.1,130.1,130.1,130.1,130.1,130.1,130.1,130.1,130.1,130.1,130.1,130.1,130.1,130.1,130.1,130.1,130.1,130.1,130.1,130.1,130.1,130.1,130.1,130.1,130.1,130.1,130.1,130.1,130.1,130.1,130.1,130.1,130.1,130.1,130.1,130.1,130.1,130.1,130.1,130.1,130.1,130.1,130.1,130.1,130.1,130.1,130.1,130.1,130.1,130.1,130.1,130.1,130.1,130.1,130.1,130.1,130.1,130.1,130.1,130.1,130.1,130.1,130.1,130.1,130.1,130.1,130.1,130.1,130.1,130.1,130.1,130.1,130.1,130.1,130.1,130.1,130.1,130.1,130.1,130.1,130.1,130.1,130.1,130.1,130.1,130.1
2016-05-01,,,,,,,,,,,,,,,,,,,,,,,,,,,,,,,,,,,,,,,,,,,,,,,,,,,,,,,,,,,,,,,,,,,,,,,,,,,,126.1,126.1,126.1,125.4,125.4,125.4,125.4,125.4,125.4,125.4,125.4,125.4,125.4,125.4,125.4,125.4,125.4,125.4,125.4,125.4,125.4,125.4,125.4,125.4,125.4,125.4,125.4,125.4,125.4,125.4,125.4,125.4,125.4,125.4,125.4,125.4,125.4,125.4,125.4,125.4,125.4,125.4,125.4,125.4,125.4,125.4,125.4,125.4,125.4,125.4,125.4,125.4,125.4,125.4,125.4,125.4,125.4,125.4,125.4,125.4,125.4,125.4,125.4,125.4,125.4,125.4,125.4,125.4,125.4,125.4,125.4,125.4,125.4,125.4,125.4,125.4,125.4,125.4,125.4,125.4,125.4,125.4,125.4,125.4,125.4,125.4,125.4,125.4,125.4,125.4,125.4,125.4,125.4,125.4,125.4,125.4,125.4,125.4,125.4,125.4,125.4,125.4,125.4,125.4,125.4,125.4,125.4,125.4,125.4,125.4,125.4,125.4,125.4,125.4,125.4,125.4,125.4,125.4,125.4,125.4,125.4,125.4,125.4
2016-06-01,,,,,,,,,,,,,,,,,,,,,,,,,,,,,,,,,,,,,,,,,,,,,,,,,,,,,,,,,,,,,,,,,,,,,,,,,,,,,123.1,123.0,122.4,122.4,122.4,122.4,122.4,122.4,122.4,122.4,122.4,122.4,122.4,122.4,122.4,122.4,122.4,122.4,122.4,122.4,122.4,122.4,122.4,122.4,122.4,122.4,122.4,122.4,122.4,122.4,122.4,122.4,122.4,122.4,122.4,122.4,122.4,122.4,122.4,122.4,122.4,122.4,122.4,122.4,122.4,122.4,122.4,122.4,122.4,122.4,122.4,122.4,122.4,122.4,122.4,122.4,122.4,122.4,122.4,122.4,122.4,122.4,122.4,122.4,122.4,122.4,122.4,122.4,122.4,122.4,122.4,122.4,122.4,122.4,122.4,122.4,122.4,122.4,122.4,122.4,122.4,122.4,122.4,122.4,122.4,122.4,122.4,122.4,122.4,122.4,122.4,122.4,122.4,122.4,122.4,122.4,122.4,122.4,122.4,122.4,122.4,122.4,122.4,122.4,122.4,122.4,122.4,122.4,122.4,122.4,122.4,122.4,122.4,122.4,122.4,122.4,122.4,122.4,122.4,122.4,122.4,122.4
2016-07-01,,,,,,,,,,,,,,,,,,,,,,,,,,,,,,,,,,,,,,,,,,,,,,,,,,,,,,,,,,,,,,,,,,,,,,,,,,,,,,126.6,126.0,124.2,124.2,124.2,124.2,124.2,124.2,124.2,124.2,124.2,124.2,124.2,124.2,124.2,124.2,124.2,124.2,124.2,124.2,124.2,124.2,124.2,124.2,124.2,124.2,124.2,124.2,124.2,124.2,124.2,124.2,124.2,124.2,124.2,124.2,124.2,124.2,124.2,124.2,124.2,124.2,124.2,124.2,124.2,124.2,124.2,124.2,124.2,124.2,124.2,124.2,124.2,124.2,124.2,124.2,124.2,124.2,124.2,124.2,124.2,124.2,124.2,124.2,124.2,124.2,124.2,124.2,124.2,124.2,124.2,124.2,124.2,124.2,124.2,124.2,124.2,124.2,124.2,124.2,124.2,124.2,124.2,124.2,124.2,124.2,124.2,124.2,124.2,124.2,124.2,124.2,124.2,124.2,124.2,124.2,124.2,124.2,124.2,124.2,124.2,124.2,124.2,124.2,124.2,124.2,124.2,124.2,124.2,124.2,124.2,124.2,124.2,124.2,124.2,124.2,124.2,124.2,124.2,124.2,124.2
2016-08-01,,,,,,,,,,,,,,,,,,,,,,,,,,,,,,,,,,,,,,,,,,,,,,,,,,,,,,,,,,,,,,,,,,,,,,,,,,,,,,,127.8,127.3,127.3,127.2,127.2,127.2,127.2,127.2,127.2,127.2,127.2,127.2,127.2,127.2,127.2,127.2,127.2,127.2,127.2,127.2,127.2,127.2,127.2,127.2,127.2,127.2,127.2,127.2,127.2,127.2,127.2,127.2,127.2,127.2,127.2,127.2,127.2,127.2,127.2,127.2,127.2,127.2,127.2,127.2,127.2,127.2,127.2,127.2,127.2,127.2,127.2,127.2,127.2,127.2,127.2,127.2,127.2,127.2,127.2,127.2,127.2,127.2,127.2,127.2,127.2,127.2,127.2,127.2,127.2,127.2,127.2,127.2,127.2,127.2,127.2,127.2,127.2,127.2,127.2,127.2,127.2,127.2,127.2,127.2,127.2,127.2,127.2,127.2,127.2,127.2,127.2,127.2,127.2,127.2,127.2,127.2,127.2,127.2,127.2,127.2,127.2,127.2,127.2,127.2,127.2,127.2,127.2,127.2,127.2,127.2,127.2,127.2,127.2,127.2,127.2,127.2,127.2,127.2,127.2,127.2
2016-09-01,,,,,,,,,,,,,,,,,,,,,,,,,,,,,,,,,,,,,,,,,,,,,,,,,,,,,,,,,,,,,,,,,,,,,,,,,,,,,,,,130.6,129.8,129.9,128.5,128.5,128.5,128.5,128.5,128.5,128.5,128.5,128.5,128.5,128.5,128.5,128.5,128.5,128.5,128.5,128.5,128.5,128.5,128.5,128.5,128.5,128.5,128.5,128.5,128.5,128.5,128.5,128.5,128.5,128.5,128.5,128.5,128.5,128.5,128.5,128.5,128.5,128.5,128.5,128.5,128.5,128.5,128.5,128.5,128.5,128.5,128.5,128.5,128.5,128.5,128.5,128.5,128.5,128.5,128.5,128.5,128.5,128.5,128.5,128.5,128.5,128.5,128.5,128.5,128.5,128.5,128.5,128.5,128.5,128.5,128.5,128.5,128.5,128.5,128.5,128.5,128.5,128.5,128.5,128.5,128.5,128.5,128.5,128.5,128.5,128.5,128.5,128.5,128.5,128.5,128.5,128.5,128.5,128.5,128.5,128.5,128.5,128.5,128.5,128.5,128.5,128.5,128.5,128.5,128.5,128.5,128.5,128.5,128.5,128.5,128.5,128.5,128.5,128.5,128.5
2016-10-01,,,,,,,,,,,,,,,,,,,,,,,,,,,,,,,,,,,,,,,,,,,,,,,,,,,,,,,,,,,,,,,,,,,,,,,,,,,,,,,,,139.5,141.7,138.8,142.4,142.4,142.4,142.4,142.4,142.4,142.4,142.4,142.4,142.4,142.4,142.4,142.4,142.4,142.4,142.4,142.4,142.4,142.4,142.4,142.4,142.4,142.4,142.4,142.4,142.4,142.4,142.4,142.4,142.4,142.4,142.4,142.4,142.4,142.4,142.4,142.4,142.4,142.4,142.4,142.4,142.4,142.4,142.4,142.4,142.4,142.4,142.4,142.4,142.4,142.4,142.4,142.4,142.4,142.4,142.4,142.4,142.4,142.4,142.4,142.4,142.4,142.4,142.4,142.4,142.4,142.4,142.4,142.4,142.4,142.4,142.4,142.4,142.4,142.4,142.4,142.4,142.4,142.4,142.4,142.4,142.4,142.4,142.4,142.4,142.4,142.4,142.4,142.4,142.4,142.4,142.4,142.4,142.4,142.4,142.4,142.4,142.4,142.4,142.4,142.4,142.4,142.4,142.4,142.4,142.4,142.4,142.4,142.4,142.4,142.4,142.4,142.4,142.4,142.4
2016-11-01,,,,,,,,,,,,,,,,,,,,,,,,,,,,,,,,,,,,,,,,,,,,,,,,,,,,,,,,,,,,,,,,,,,,,,,,,,,,,,,,,,142.2,139.4,144.4,144.4,144.4,144.4,144.4,144.4,144.4,144.4,144.4,144.4,144.4,144.4,144.4,144.4,144.4,144.4,144.4,144.4,144.4,144.4,144.4,144.4,144.4,144.4,144.4,144.4,144.4,144.4,144.4,144.4,144.4,144.4,144.4,144.4,144.4,144.4,144.4,144.4,144.4,144.4,144.4,144.4,144.4,144.4,144.4,144.4,144.4,144.4,144.4,144.4,144.4,144.4,144.4,144.4,144.4,144.4,144.4,144.4,144.4,144.4,144.4,144.4,144.4,144.4,144.4,144.4,144.4,144.4,144.4,144.4,144.4,144.4,144.4,144.4,144.4,144.4,144.4,144.4,144.4,144.4,144.4,144.4,144.4,144.4,144.4,144.4,144.4,144.4,144.4,144.4,144.4,144.4,144.4,144.4,144.4,144.4,144.4,144.4,144.4,144.4,144.4,144.4,144.4,144.4,144.4,144.4,144.4,144.4,144.4,144.4,144.4,144.4,144.4,144.4,144.4
2016-12-01,,,,,,,,,,,,,,,,,,,,,,,,,,,,,,,,,,,,,,,,,,,,,,,,,,,,,,,,,,,,,,,,,,,,,,,,,,,,,,,,,,,142.4,145.6,145.6,145.0,145.0,145.0,145.0,145.0,145.0,145.0,145.0,145.0,145.0,145.0,145.0,145.0,145.0,145.0,145.0,145.0,145.0,145.0,145.0,145.0,145.0,145.0,145.0,145.0,145.0,145.0,145.0,145.0,145.0,145.0,145.0,145.0,145.0,145.0,145.0,145.0,145.0,145.0,145.0,145.0,145.0,145.0,145.0,145.0,145.0,145.0,145.0,145.0,145.0,145.0,145.0,145.0,145.0,145.0,145.0,145.0,145.0,145.0,145.0,145.0,145.0,145.0,145.0,145.0,145.0,145.0,145.0,145.0,145.0,145.0,145.0,145.0,145.0,145.0,145.0,145.0,145.0,145.0,145.0,145.0,145.0,145.0,145.0,145.0,145.0,145.0,145.0,145.0,145.0,145.0,145.0,145.0,145.0,145.0,145.0,145.0,145.0,145.0,145.0,145.0,145.0,145.0,145.0,145.0,145.0,145.0,145.0,145.0,145.0,145.0,145.0,145.0
2017-01-01,,,,,,,,,,,,,,,,,,,,,,,,,,,,,,,,,,,,,,,,,,,,,,,,,,,,,,,,,,,,,,,,,,,,,,,,,,,,,,,,,,,,142.0,142.2,141.0,141.0,141.0,141.0,141.0,141.0,141.0,141.0,141.0,141.0,141.0,141.0,141.0,141.0,141.0,141.0,141.0,141.0,141.0,141.0,141.0,141.0,141.0,141.0,141.0,141.0,141.0,141.0,141.0,141.0,141.0,141.0,141.0,141.0,141.0,141.0,141.0,141.0,141.0,141.0,141.0,141.0,141.0,141.0,141.0,141.0,141.0,141.0,141.0,141.0,141.0,141.0,141.0,141.0,141.0,141.0,141.0,141.0,141.0,141.0,141.0,141.0,141.0,141.0,141.0,141.0,141.0,141.0,141.0,141.0,141.0,141.0,141.0,141.0,141.0,141.0,141.0,141.0,141.0,141.0,141.0,141.0,141.0,141.0,141.0,141.0,141.0,141.0,141.0,141.0,141.0,141.0,141.0,141.0,141.0,141.0,141.0,141.0,141.0,141.0,141.0,141.0,141.0,141.0,141.0,141.0,141.0,141.0,141.0,141.0,141.0,141.0,141.0
2017-02-01,,,,,,,,,,,,,,,,,,,,,,,,,,,,,,,,,,,,,,,,,,,,,,,,,,,,,,,,,,,,,,,,,,,,,,,,,,,,,,,,,,,,,141.7,139.6,139.6,139.6,139.6,139.6,139.6,139.6,139.6,139.6,139.6,139.6,139.6,139.6,139.6,139.6,139.6,139.6,139.6,139.6,139.6,139.6,139.6,139.6,139.6,139.6,139.6,139.6,139.6,139.6,139.6,139.6,139.6,139.6,139.6,139.6,139.6,139.6,139.6,139.6,139.6,139.6,139.6,139.6,139.6,139.6,139.6,139.6,139.6,139.6,139.6,139.6,139.6,139.6,139.6,139.6,139.6,139.6,139.6,139.6,139.6,139.6,139.6,139.6,139.6,139.6,139.6,139.6,139.6,139.6,139.6,139.6,139.6,139.6,139.6,139.6,139.6,139.6,139.6,139.6,139.6,139.6,139.6,139.6,139.6,139.6,139.6,139.6,139.6,139.6,139.6,139.6,139.6,139.6,139.6,139.6,139.6,139.6,139.6,139.6,139.6,139.6,139.6,139.6,139.6,139.6,139.6,139.6,139.6,139.6,139.6,139.6,139.6,139.6
2017-03-01,,,,,,,,,,,,,,,,,,,,,,,,,,,,,,,,,,,,,,,,,,,,,,,,,,,,,,,,,,,,,,,,,,,,,,,,,,,,,,,,,,,,,,140.6,140.6,140.6,140.6,140.6,140.6,140.6,140.6,140.6,140.6,140.6,140.6,140.6,140.6,140.6,140.6,140.6,140.6,140.6,140.6,140.6,140.6,140.6,140.6,140.6,140.6,140.6,140.6,140.6,140.6,140.6,140.6,140.6,140.6,140.6,140.6,140.6,140.6,140.6,140.6,140.6,140.6,140.6,140.6,140.6,140.6,140.6,140.6,140.6,140.6,140.6,140.6,140.6,140.6,140.6,140.6,140.6,140.6,140.6,140.6,140.6,140.6,140.6,140.6,140.6,140.6,140.6,140.6,140.6,140.6,140.6,140.6,140.6,140.6,140.6,140.6,140.6,140.6,140.6,140.6,140.6,140.6,140.6,140.6,140.6,140.6,140.6,140.6,140.6,140.6,140.6,140.6,140.6,140.6,140.6,140.6,140.6,140.6,140.6,140.6,140.6,140.6,140.6,140.6,140.6,140.6,140.6,140.6,140.6,140.6,140.6,140.6,140.6
2017-04-01,,,,,,,,,,,,,,,,,,,,,,,,,,,,,,,,,,,,,,,,,,,,,,,,,,,,,,,,,,,,,,,,,,,,,,,,,,,,,,,,,,,,,,,142.8,142.6,142.6,142.6,142.6,142.6,142.6,142.6,142.6,142.6,142.6,142.6,142.6,142.6,142.6,142.6,142.6,142.6,142.6,142.6,142.6,142.6,142.6,142.6,142.6,142.6,142.6,142.6,142.6,142.6,142.6,142.6,142.6,142.6,142.6,142.6,142.6,142.6,142.6,142.6,142.6,142.6,142.6,142.6,142.6,142.6,142.6,142.6,142.6,142.6,142.6,142.6,142.6,142.6,142.6,142.6,142.6,142.6,142.6,142.6,142.6,142.6,142.6,142.6,142.6,142.6,142.6,142.6,142.6,142.6,142.6,142.6,142.6,142.6,142.6,142.6,142.6,142.6,142.6,142.6,142.6,142.6,142.6,142.6,142.6,142.6,142.6,142.6,142.6,142.6,142.6,142.6,142.6,142.6,142.6,142.6,142.6,142.6,142.6,142.6,142.6,142.6,142.6,142.6,142.6,142.6,142.6,142.6,142.6,142.6,142.6,142.6
2017-05-01,,,,,,,,,,,,,,,,,,,,,,,,,,,,,,,,,,,,,,,,,,,,,,,,,,,,,,,,,,,,,,,,,,,,,,,,,,,,,,,,,,,,,,,,143.4,143.5,143.5,143.5,143.5,143.5,143.5,143.5,143.5,143.5,143.5,143.5,143.5,143.5,143.5,143.5,143.5,143.5,143.5,143.5,143.5,143.5,143.5,143.5,143.5,143.5,143.5,143.5,143.5,143.5,143.5,143.5,143.5,143.5,143.5,143.5,143.5,143.5,143.5,143.5,143.5,143.5,143.5,143.5,143.5,143.5,143.5,143.5,143.5,143.5,143.5,143.5,143.5,143.5,143.5,143.5,143.5,143.5,143.5,143.5,143.5,143.5,143.5,143.5,143.5,143.5,143.5,143.5,143.5,143.5,143.5,143.5,143.5,143.5,143.5,143.5,143.5,143.5,143.5,143.5,143.5,143.5,143.5,143.5,143.5,143.5,143.5,143.5,143.5,143.5,143.5,143.5,143.5,143.5,143.5,143.5,143.5,143.5,143.5,143.5,143.5,143.5,143.5,143.5,143.5,143.5,143.5,143.5,143.5,143.5,143.5
2017-06-01,,,,,,,,,,,,,,,,,,,,,,,,,,,,,,,,,,,,,,,,,,,,,,,,,,,,,,,,,,,,,,,,,,,,,,,,,,,,,,,,,,,,,,,,,143.8,143.8,143.8,143.8,143.8,143.8,143.8,143.8,143.8,143.8,143.8,143.8,143.8,143.8,143.8,143.8,143.8,143.8,143.8,143.8,143.8,143.8,143.8,143.8,143.8,143.8,143.8,143.8,143.8,143.8,143.8,143.8,143.8,143.8,143.8,143.8,143.8,143.8,143.8,143.8,143.8,143.8,143.8,143.8,143.8,143.8,143.8,143.8,143.8,143.8,143.8,143.8,143.8,143.8,143.8,143.8,143.8,143.8,143.8,143.8,143.8,143.8,143.8,143.8,143.8,143.8,143.8,143.8,143.8,143.8,143.8,143.8,143.8,143.8,143.8,143.8,143.8,143.8,143.8,143.8,143.8,143.8,143.8,143.8,143.8,143.8,143.8,143.8,143.8,143.8,143.8,143.8,143.8,143.8,143.8,143.8,143.8,143.8,143.8,143.8,143.8,143.8,143.8,143.8,143.8,143.8,143.8,143.8,143.8,143.8
2017-07-01,,,,,,,,,,,,,,,,,,,,,,,,,,,,,,,,,,,,,,,,,,,,,,,,,,,,,,,,,,,,,,,,,,,,,,,,,,,,,,,,,,,,,,,,,,158.5,158.5,158.5,158.5,158.5,158.5,158.5,158.5,158.5,158.5,158.5,158.5,158.5,158.5,158.5,158.5,158.5,158.5,158.5,158.5,158.5,158.5,158.5,158.5,158.5,158.5,158.5,158.5,158.5,158.5,158.5,158.5,158.5,158.5,158.5,158.5,158.5,158.5,158.5,158.5,158.5,158.5,158.5,158.5,158.5,158.5,158.5,158.5,158.5,158.5,158.5,158.5,158.5,158.5,158.5,158.5,158.5,158.5,158.5,158.5,158.5,158.5,158.5,158.5,158.5,158.5,158.5,158.5,158.5,158.5,158.5,158.5,158.5,158.5,158.5,158.5,158.5,158.5,158.5,158.5,158.5,158.5,158.5,158.5,158.5,158.5,158.5,158.5,158.5,158.5,158.5,158.5,158.5,158.5,158.5,158.5,158.5,158.5,158.5,158.5,158.5,158.5,158.5,158.5,158.5,158.5,158.5,158.5,158.5
2017-08-01,,,,,,,,,,,,,,,,,,,,,,,,,,,,,,,,,,,,,,,,,,,,,,,,,,,,,,,,,,,,,,,,,,,,,,,,,,,,,,,,,,,,,,,,,,,159.2,159.2,159.2,159.2,159.2,159.2,159.2,159.2,159.2,159.2,159.2,159.2,159.2,159.2,159.2,159.2,159.2,159.2,159.2,159.2,159.2,159.2,159.2,159.2,159.2,159.2,159.2,159.2,159.2,159.2,159.2,159.2,159.2,159.2,159.2,159.2,159.2,159.2,159.2,159.2,159.2,159.2,159.2,159.2,159.2,159.2,159.2,159.2,159.2,159.2,159.2,159.2,159.2,159.2,159.2,159.2,159.2,159.2,159.2,159.2,159.2,159.2,159.2,159.2,159.2,159.2,159.2,159.2,159.2,159.2,159.2,159.2,159.2,159.2,159.2,159.2,159.2,159.2,159.2,159.2,159.2,159.2,159.2,159.2,159.2,159.2,159.2,159.2,159.2,159.2,159.2,159.2,159.2,159.2,159.2,159.2,159.2,159.2,159.2,159.2,159.2,159.2,159.2,159.2,159.2,159.2,159.2,159.2
2017-09-01,,,,,,,,,,,,,,,,,,,,,,,,,,,,,,,,,,,,,,,,,,,,,,,,,,,,,,,,,,,,,,,,,,,,,,,,,,,,,,,,,,,,,,,,,,,,159.4,159.4,159.4,159.4,159.4,159.4,159.4,159.4,159.4,159.4,159.4,159.4,159.4,159.4,159.4,159.4,159.4,159.4,159.4,159.4,159.4,159.4,159.4,159.4,159.4,159.4,159.4,159.4,159.4,159.4,159.4,159.4,159.4,159.4,159.4,159.4,159.4,159.4,159.4,159.4,159.4,159.4,159.4,159.4,159.4,159.4,159.4,159.4,159.4,159.4,159.4,159.4,159.4,159.4,159.4,159.4,159.4,159.4,159.4,159.4,159.4,159.4,159.4,159.4,159.4,159.4,159.4,159.4,159.4,159.4,159.4,159.4,159.4,159.4,159.4,159.4,159.4,159.4,159.4,159.4,159.4,159.4,159.4,159.4,159.4,159.4,159.4,159.4,159.4,159.4,159.4,159.4,159.4,159.4,159.4,159.4,159.4,159.4,159.4,159.4,159.4,159.4,159.4,159.4,159.4,159.4,159.4
2017-10-01,,,,,,,,,,,,,,,,,,,,,,,,,,,,,,,,,,,,,,,,,,,,,,,,,,,,,,,,,,,,,,,,,,,,,,,,,,,,,,,,,,,,,,,,,,,,,153.7,155.7,155.7,155.7,155.7,155.7,155.7,155.7,155.7,155.7,155.7,155.7,155.7,155.7,155.7,155.7,155.7,155.7,155.7,155.7,155.7,155.7,155.7,155.7,155.7,155.7,155.7,155.7,155.7,155.7,155.7,155.7,155.7,155.7,155.7,155.7,155.7,155.7,155.7,155.7,155.7,155.7,155.7,155.7,155.7,155.7,155.7,155.7,155.7,155.7,155.7,155.7,155.7,155.7,155.7,155.7,155.7,155.7,155.7,155.7,155.7,155.7,155.7,155.7,155.7,155.7,155.7,155.7,155.7,155.7,155.7,155.7,155.7,155.7,155.7,155.7,155.7,155.7,155.7,155.7,155.7,155.7,155.7,155.7,155.7,155.7,155.7,155.7,155.7,155.7,155.7,155.7,155.7,155.7,155.7,155.7,155.7,155.7,155.7,155.7,155.7,155.7,155.7,155.7,155.7,155.7
2017-11-01,,,,,,,,,,,,,,,,,,,,,,,,,,,,,,,,,,,,,,,,,,,,,,,,,,,,,,,,,,,,,,,,,,,,,,,,,,,,,,,,,,,,,,,,,,,,,,170.5,170.5,170.5,170.5,170.5,170.5,170.5,170.5,170.5,170.5,170.5,170.5,170.5,170.5,170.5,170.5,170.5,170.5,170.5,170.5,170.5,170.5,170.5,170.5,170.5,170.5,170.5,170.5,170.5,170.5,170.5,170.5,170.5,170.5,170.5,170.5,170.5,170.5,170.5,170.5,170.5,170.5,170.5,170.5,170.5,170.5,170.5,170.5,170.5,170.5,170.5,170.5,170.5,170.5,170.5,170.5,170.5,170.5,170.5,170.5,170.5,170.5,170.5,170.5,170.5,170.5,170.5,170.5,170.5,170.5,170.5,170.5,170.5,170.5,170.5,170.5,170.5,170.5,170.5,170.5,170.5,170.5,170.5,170.5,170.5,170.5,170.5,170.5,170.5,170.5,170.5,170.5,170.5,170.5,170.5,170.5,170.5,170.5,170.5,170.5,170.5,170.5,170.5,170.5,170.5
2017-12-01,,,,,,,,,,,,,,,,,,,,,,,,,,,,,,,,,,,,,,,,,,,,,,,,,,,,,,,,,,,,,,,,,,,,,,,,,,,,,,,,,,,,,,,,,,,,,,,177.6,166.7,166.7,163.4,163.4,163.4,163.4,163.4,163.4,163.4,163.4,163.4,163.4,163.4,163.4,163.4,163.4,163.4,163.4,163.4,163.4,163.4,163.4,163.4,163.4,163.4,163.4,163.4,163.4,163.4,163.4,163.4,163.4,163.4,163.4,163.4,163.4,163.4,163.4,163.4,163.4,163.4,163.4,163.4,163.4,163.4,163.4,163.4,163.4,163.4,163.4,163.4,163.4,163.4,163.4,163.4,163.4,163.4,163.4,163.4,163.4,163.4,163.4,163.4,163.4,163.4,163.4,163.4,163.4,163.4,163.4,163.4,163.4,163.4,163.4,163.4,163.4,163.4,163.4,163.4,163.4,163.4,163.4,163.4,163.4,163.4,163.4,163.4,163.4,163.4,163.4,163.4,163.4,163.4,163.4,163.4,163.4,163.4,163.4,163.4,163.4,163.4,163.4,163.4
2018-01-01,,,,,,,,,,,,,,,,,,,,,,,,,,,,,,,,,,,,,,,,,,,,,,,,,,,,,,,,,,,,,,,,,,,,,,,,,,,,,,,,,,,,,,,,,,,,,,,,162.1,162.0,159.0,159.0,159.0,159.0,159.0,159.0,159.0,159.0,159.0,159.0,159.0,159.0,159.0,159.0,159.0,159.0,159.0,159.0,159.0,159.0,159.0,159.0,159.0,159.0,159.0,159.0,159.0,159.0,159.0,159.0,159.0,159.0,159.0,159.0,159.0,159.0,159.0,159.0,159.0,159.0,159.0,159.0,159.0,159.0,159.0,159.0,159.0,159.0,159.0,159.0,159.0,159.0,159.0,159.0,159.0,159.0,159.0,159.0,159.0,159.0,159.0,159.0,159.0,159.0,159.0,159.0,159.0,159.0,159.0,159.0,159.0,159.0,159.0,159.0,159.0,159.0,159.0,159.0,159.0,159.0,159.0,159.0,159.0,159.0,159.0,159.0,159.0,159.0,159.0,159.0,159.0,159.0,159.0,159.0,159.0,159.0,159.0,159.0,159.0,159.0,159.0
2018-02-01,,,,,,,,,,,,,,,,,,,,,,,,,,,,,,,,,,,,,,,,,,,,,,,,,,,,,,,,,,,,,,,,,,,,,,,,,,,,,,,,,,,,,,,,,,,,,,,,,154.7,156.8,156.8,147.8,147.8,147.8,147.8,147.8,147.8,147.8,147.8,147.8,147.8,147.8,147.8,147.8,147.8,147.8,147.8,147.8,147.8,147.8,147.8,147.8,147.8,147.8,147.8,147.8,147.8,147.8,147.8,147.8,147.8,147.8,147.8,147.8,147.8,147.8,147.8,147.8,147.8,147.8,147.8,147.8,147.8,147.8,147.8,147.8,147.8,147.8,147.8,147.8,147.8,147.8,147.8,147.8,147.8,147.8,147.8,147.8,147.8,147.8,147.8,147.8,147.8,147.8,147.8,147.8,147.8,147.8,147.8,147.8,147.8,147.8,147.8,147.8,147.8,147.8,147.8,147.8,147.8,147.8,147.8,147.8,147.8,147.8,147.8,147.8,147.8,147.8,147.8,147.8,147.8,147.8,147.8,147.8,147.8,147.8,147.8,147.8,147.8,147.8
2018-03-01,,,,,,,,,,,,,,,,,,,,,,,,,,,,,,,,,,,,,,,,,,,,,,,,,,,,,,,,,,,,,,,,,,,,,,,,,,,,,,,,,,,,,,,,,,,,,,,,,,153.4,150.5,153.3,151.6,151.6,151.6,151.6,151.6,151.6,151.6,151.6,151.6,151.6,151.6,151.6,151.6,151.6,151.6,151.6,151.6,151.6,151.6,151.6,151.6,151.6,151.6,151.6,151.6,151.6,151.6,151.6,151.6,151.6,151.6,151.6,151.6,151.6,151.6,151.6,151.6,151.6,151.6,151.6,151.6,151.6,151.6,151.6,151.6,151.6,151.6,151.6,151.6,151.6,151.6,151.6,151.6,151.6,151.6,151.6,151.6,151.6,151.6,151.6,151.6,151.6,151.6,151.6,151.6,151.6,151.6,151.6,151.6,151.6,151.6,151.6,151.6,151.6,151.6,151.6,151.6,151.6,151.6,151.6,151.6,151.6,151.6,151.6,151.6,151.6,151.6,151.6,151.6,151.6,151.6,151.6,151.6,151.6,151.6,151.6,151.6,151.6
2018-04-01,,,,,,,,,,,,,,,,,,,,,,,,,,,,,,,,,,,,,,,,,,,,,,,,,,,,,,,,,,,,,,,,,,,,,,,,,,,,,,,,,,,,,,,,,,,,,,,,,,,151.2,165.2,163.3,163.2,163.2,163.2,163.2,163.2,163.2,163.2,163.2,163.2,163.2,163.2,163.2,163.2,163.2,163.2,163.2,163.2,163.2,163.2,163.2,163.2,163.2,163.2,163.2,163.2,163.2,163.2,163.2,163.2,163.2,163.2,163.2,163.2,163.2,163.2,163.2,163.2,163.2,163.2,163.2,163.2,163.2,163.2,163.2,163.2,163.2,163.2,163.2,163.2,163.2,163.2,163.2,163.2,163.2,163.2,163.2,163.2,163.2,163.2,163.2,163.2,163.2,163.2,163.2,163.2,163.2,163.2,163.2,163.2,163.2,163.2,163.2,163.2,163.2,163.2,163.2,163.2,163.2,163.2,163.2,163.2,163.2,163.2,163.2,163.2,163.2,163.2,163.2,163.2,163.2,163.2,163.2,163.2,163.2,163.2,163.2,163.2
2018-05-01,,,,,,,,,,,,,,,,,,,,,,,,,,,,,,,,,,,,,,,,,,,,,,,,,,,,,,,,,,,,,,,,,,,,,,,,,,,,,,,,,,,,,,,,,,,,,,,,,,,,168.2,166.5,166.5,166.5,166.5,166.5,166.5,166.5,166.5,166.5,166.5,166.5,166.5,166.5,166.5,166.5,166.5,166.5,166.5,166.5,166.5,166.5,166.5,166.5,166.5,166.5,166.5,166.5,166.5,166.5,166.5,166.5,166.5,166.5,166.5,166.5,166.5,166.5,166.5,166.5,166.5,166.5,166.5,166.5,166.5,166.5,166.5,166.5,166.5,166.5,166.5,166.5,166.5,166.5,166.5,166.5,166.5,166.5,166.5,166.5,166.5,166.5,166.5,166.5,166.5,166.5,166.5,166.5,166.5,166.5,166.5,166.5,166.5,166.5,166.5,166.5,166.5,166.5,166.5,166.5,166.5,166.5,166.5,166.5,166.5,166.5,166.5,166.5,166.5,166.5,166.5,166.5,166.5,166.5,166.5,166.5,166.5,166.5,166.5
2018-06-01,,,,,,,,,,,,,,,,,,,,,,,,,,,,,,,,,,,,,,,,,,,,,,,,,,,,,,,,,,,,,,,,,,,,,,,,,,,,,,,,,,,,,,,,,,,,,,,,,,,,,167.4,167.4,167.4,167.4,167.4,167.4,167.4,167.4,167.4,167.4,167.4,167.4,167.4,167.4,167.4,167.4,167.4,167.4,167.4,167.4,167.4,167.4,167.4,167.4,167.4,167.4,167.4,167.4,167.4,167.4,167.4,167.4,167.4,167.4,167.4,167.4,167.4,167.4,167.4,167.4,167.4,167.4,167.4,167.4,167.4,167.4,167.4,167.4,167.4,167.4,167.4,167.4,167.4,167.4,167.4,167.4,167.4,167.4,167.4,167.4,167.4,167.4,167.4,167.4,167.4,167.4,167.4,167.4,167.4,167.4,167.4,167.4,167.4,167.4,167.4,167.4,167.4,167.4,167.4,167.4,167.4,167.4,167.4,167.4,167.4,167.4,167.4,167.4,167.4,167.4,167.4,167.4,167.4,167.4,167.4,167.4,167.4,167.4
2018-07-01,,,,,,,,,,,,,,,,,,,,,,,,,,,,,,,,,,,,,,,,,,,,,,,,,,,,,,,,,,,,,,,,,,,,,,,,,,,,,,,,,,,,,,,,,,,,,,,,,,,,,,162.6,162.6,162.6,162.7,162.7,162.7,162.7,162.7,162.7,162.7,162.7,162.7,162.7,162.7,162.7,162.7,162.7,162.7,162.7,162.7,162.7,162.7,162.7,162.7,162.7,162.7,162.7,162.7,162.7,162.7,162.7,162.7,162.7,162.7,162.7,162.7,162.7,162.7,162.7,162.7,162.7,162.7,162.7,162.7,162.7,162.7,162.7,162.7,162.7,162.7,162.7,162.7,162.7,162.7,162.7,162.7,162.7,162.7,162.7,162.7,162.7,162.7,162.7,162.7,162.7,162.7,162.7,162.7,162.7,162.7,162.7,162.7,162.7,162.7,162.7,162.7,162.7,162.7,162.7,162.7,162.7,162.7,162.7,162.7,162.7,162.7,162.7,162.7,162.7,162.7,162.7,162.7,162.7,162.7,162.7,162.7,162.7
2018-08-01,,,,,,,,,,,,,,,,,,,,,,,,,,,,,,,,,,,,,,,,,,,,,,,,,,,,,,,,,,,,,,,,,,,,,,,,,,,,,,,,,,,,,,,,,,,,,,,,,,,,,,,162.1,162.2,161.5,161.5,161.5,161.5,161.5,161.5,161.5,161.5,161.5,161.5,161.5,161.5,161.5,161.5,161.5,161.5,161.5,161.5,161.5,161.5,161.5,161.5,161.5,161.5,161.5,161.5,161.5,161.5,161.5,161.5,161.5,161.5,161.5,161.5,161.5,161.5,161.5,161.5,161.5,161.5,161.5,161.5,161.5,161.5,161.5,161.5,161.5,161.5,161.5,161.5,161.5,161.5,161.5,161.5,161.5,161.5,161.5,161.5,161.5,161.5,161.5,161.5,161.5,161.5,161.5,161.5,161.5,161.5,161.5,161.5,161.5,161.5,161.5,161.5,161.5,161.5,161.5,161.5,161.5,161.5,161.5,161.5,161.5,161.5,161.5,161.5,161.5,161.5,161.5,161.5,161.5,161.5,161.5,161.5
2018-09-01,,,,,,,,,,,,,,,,,,,,,,,,,,,,,,,,,,,,,,,,,,,,,,,,,,,,,,,,,,,,,,,,,,,,,,,,,,,,,,,,,,,,,,,,,,,,,,,,,,,,,,,,165.5,164.5,164.5,164.5,164.5,164.5,164.5,164.5,164.5,164.5,164.5,164.5,164.5,164.5,164.5,164.5,164.5,164.5,164.5,164.5,164.5,164.5,164.5,164.5,164.5,164.5,164.5,164.5,164.5,164.5,164.5,164.5,164.5,164.5,164.5,164.5,164.5,164.5,164.5,164.5,164.5,164.5,164.5,164.5,164.5,164.5,164.5,164.5,164.5,164.5,164.5,164.5,164.5,164.5,164.5,164.5,164.5,164.5,164.5,164.5,164.5,164.5,164.5,164.5,164.5,164.5,164.5,164.5,164.5,164.5,164.5,164.5,164.5,164.5,164.5,164.5,164.5,164.5,164.5,164.5,164.5,164.5,164.5,164.5,164.5,164.5,164.5,164.5,164.5,164.5,164.5,164.5,164.5,164.5,164.5
2018-10-01,,,,,,,,,,,,,,,,,,,,,,,,,,,,,,,,,,,,,,,,,,,,,,,,,,,,,,,,,,,,,,,,,,,,,,,,,,,,,,,,,,,,,,,,,,,,,,,,,,,,,,,,,168.1,168.1,168.1,168.1,168.1,168.1,168.1,168.1,168.1,168.1,168.1,168.1,168.1,168.1,168.1,168.1,168.1,168.1,168.1,168.1,168.1,168.1,168.1,168.1,168.1,168.1,168.1,168.1,168.1,168.1,168.1,168.1,168.1,168.1,168.1,168.1,168.1,168.1,168.1,168.1,168.1,168.1,168.1,168.1,168.1,168.1,168.1,168.1,168.1,168.1,168.1,168.1,168.1,168.1,168.1,168.1,168.1,168.1,168.1,168.1,168.1,168.1,168.1,168.1,168.1,168.1,168.1,168.1,168.1,168.1,168.1,168.1,168.1,168.1,168.1,168.1,168.1,168.1,168.1,168.1,168.1,168.1,168.1,168.1,168.1,168.1,168.1,168.1,168.1,168.1,168.1,168.1,168.1,168.1
2018-11-01,,,,,,,,,,,,,,,,,,,,,,,,,,,,,,,,,,,,,,,,,,,,,,,,,,,,,,,,,,,,,,,,,,,,,,,,,,,,,,,,,,,,,,,,,,,,,,,,,,,,,,,,,,172.2,171.1,171.1,171.1,171.1,171.1,171.1,171.1,171.1,171.1,171.1,171.1,171.1,171.1,171.1,171.1,171.1,171.1,171.1,171.1,171.1,171.1,171.1,171.1,171.1,171.1,171.1,171.1,171.1,171.1,171.1,171.1,171.1,171.1,171.1,171.1,171.1,171.1,171.1,171.1,171.1,171.1,171.1,171.1,171.1,171.1,171.1,171.1,171.1,171.1,171.1,171.1,171.1,171.1,171.1,171.1,171.1,171.1,171.1,171.1,171.1,171.1,171.1,171.1,171.1,171.1,171.1,171.1,171.1,171.1,171.1,171.1,171.1,171.1,171.1,171.1,171.1,171.1,171.1,171.1,171.1,171.1,171.1,171.1,171.1,171.1,171.1,171.1,171.1,171.1,171.1,171.1,171.1
2018-12-01,,,,,,,,,,,,,,,,,,,,,,,,,,,,,,,,,,,,,,,,,,,,,,,,,,,,,,,,,,,,,,,,,,,,,,,,,,,,,,,,,,,,,,,,,,,,,,,,,,,,,,,,,,,167.5,166.6,166.2,166.2,166.2,166.2,166.2,166.2,166.2,166.2,166.2,166.2,166.2,166.2,166.2,166.2,166.2,166.2,166.2,166.2,166.2,166.2,166.2,166.2,166.2,166.2,166.2,166.2,166.2,166.2,166.2,166.2,166.2,166.2,166.2,166.2,166.2,166.2,166.2,166.2,166.2,166.2,166.2,166.2,166.2,166.2,166.2,166.2,166.2,166.2,166.2,166.2,166.2,166.2,166.2,166.2,166.2,166.2,166.2,166.2,166.2,166.2,166.2,166.2,166.2,166.2,166.2,166.2,166.2,166.2,166.2,166.2,166.2,166.2,166.2,166.2,166.2,166.2,166.2,166.2,166.2,166.2,166.2,166.2,166.2,166.2,166.2,166.2,166.2,166.2,166.2,166.2
2019-01-01,,,,,,,,,,,,,,,,,,,,,,,,,,,,,,,,,,,,,,,,,,,,,,,,,,,,,,,,,,,,,,,,,,,,,,,,,,,,,,,,,,,,,,,,,,,,,,,,,,,,,,,,,,,,161.9,162.1,162.1,162.7,162.7,162.7,162.7,162.7,162.7,162.7,162.7,162.7,162.7,162.7,162.7,162.7,162.7,162.7,162.7,162.7,162.7,162.7,162.7,162.7,162.7,162.7,162.7,162.7,162.7,162.7,162.7,162.7,162.7,162.7,162.7,162.7,162.7,162.7,162.7,162.7,162.7,162.7,162.7,162.7,162.7,162.7,162.7,162.7,162.7,162.7,162.7,162.7,162.7,162.7,162.7,162.7,162.7,162.7,162.7,162.7,162.7,162.7,162.7,162.7,162.7,162.7,162.7,162.7,162.7,162.7,162.7,162.7,162.7,162.7,162.7,162.7,162.7,162.7,162.7,162.7,162.7,162.7,162.7,162.7,162.7,162.7,162.7,162.7,162.7,162.7,162.7
2019-02-01,,,,,,,,,,,,,,,,,,,,,,,,,,,,,,,,,,,,,,,,,,,,,,,,,,,,,,,,,,,,,,,,,,,,,,,,,,,,,,,,,,,,,,,,,,,,,,,,,,,,,,,,,,,,,151.2,151.5,152.1,152.1,152.1,152.1,152.1,152.1,152.1,152.1,152.1,152.1,152.1,152.1,152.1,152.1,152.1,152.1,152.1,152.1,152.1,152.1,152.1,152.1,152.1,152.1,152.1,152.1,152.1,152.1,152.1,152.1,152.1,152.1,152.1,152.1,152.1,152.1,152.1,152.1,152.1,152.1,152.1,152.1,152.1,152.1,152.1,152.1,152.1,152.1,152.1,152.1,152.1,152.1,152.1,152.1,152.1,152.1,152.1,152.1,152.1,152.1,152.1,152.1,152.1,152.1,152.1,152.1,152.1,152.1,152.1,152.1,152.1,152.1,152.1,152.1,152.1,152.1,152.1,152.1,152.1,152.1,152.1,152.1,152.1,152.1,152.1,152.1,152.1,152.1
2019-03-01,,,,,,,,,,,,,,,,,,,,,,,,,,,,,,,,,,,,,,,,,,,,,,,,,,,,,,,,,,,,,,,,,,,,,,,,,,,,,,,,,,,,,,,,,,,,,,,,,,,,,,,,,,,,,,153.3,153.5,153.3,153.3,153.3,153.3,153.3,153.3,153.3,153.3,153.3,153.3,153.3,153.3,153.3,153.3,153.3,153.3,153.3,153.3,153.3,153.3,153.3,153.3,153.3,153.3,153.3,153.3,153.3,153.3,153.3,153.3,153.3,153.3,153.3,153.3,153.3,153.3,153.3,153.3,153.3,153.3,153.3,153.3,153.3,153.3,153.3,153.3,153.3,153.3,153.3,153.3,153.3,153.3,153.3,153.3,153.3,153.3,153.3,153.3,153.3,153.3,153.3,153.3,153.3,153.3,153.3,153.3,153.3,153.3,153.3,153.3,153.3,153.3,153.3,153.3,153.3,153.3,153.3,153.3,153.3,153.3,153.3,153.3,153.3,153.3,153.3,153.3,153.3
2019-04-01,,,,,,,,,,,,,,,,,,,,,,,,,,,,,,,,,,,,,,,,,,,,,,,,,,,,,,,,,,,,,,,,,,,,,,,,,,,,,,,,,,,,,,,,,,,,,,,,,,,,,,,,,,,,,,,151.6,152.9,152.9,152.9,152.9,152.9,152.9,152.9,152.9,152.9,152.9,152.9,152.9,152.9,152.9,152.9,152.9,152.9,152.9,152.9,152.9,152.9,152.9,152.9,152.9,152.9,152.9,152.9,152.9,152.9,152.9,152.9,152.9,152.9,152.9,152.9,152.9,152.9,152.9,152.9,152.9,152.9,152.9,152.9,152.9,152.9,152.9,152.9,152.9,152.9,152.9,152.9,152.9,152.9,152.9,152.9,152.9,152.9,152.9,152.9,152.9,152.9,152.9,152.9,152.9,152.9,152.9,152.9,152.9,152.9,152.9,152.9,152.9,152.9,152.9,152.9,152.9,152.9,152.9,152.9,152.9,152.9,152.9,152.9,152.9,152.9,152.9,152.9
2019-05-01,,,,,,,,,,,,,,,,,,,,,,,,,,,,,,,,,,,,,,,,,,,,,,,,,,,,,,,,,,,,,,,,,,,,,,,,,,,,,,,,,,,,,,,,,,,,,,,,,,,,,,,,,,,,,,,,156.2,155.5,155.5,155.5,155.5,155.5,155.5,155.5,155.5,155.5,155.5,155.5,155.5,155.5,155.5,155.5,155.5,155.5,155.5,155.5,155.5,155.5,155.5,155.5,155.5,155.5,155.5,155.5,155.5,155.5,155.5,155.5,155.5,155.5,155.5,155.5,155.5,155.5,155.5,155.5,155.5,155.5,155.5,155.5,155.5,155.5,155.5,155.5,155.5,155.5,155.5,155.5,155.5,155.5,155.5,155.5,155.5,155.5,155.5,155.5,155.5,155.5,155.5,155.5,155.5,155.5,155.5,155.5,155.5,155.5,155.5,155.5,155.5,155.5,155.5,155.5,155.5,155.5,155.5,155.5,155.5,155.5,155.5,155.5,155.5,155.5,155.5
2019-06-01,,,,,,,,,,,,,,,,,,,,,,,,,,,,,,,,,,,,,,,,,,,,,,,,,,,,,,,,,,,,,,,,,,,,,,,,,,,,,,,,,,,,,,,,,,,,,,,,,,,,,,,,,,,,,,,,,155.6,155.8,155.8,155.8,155.8,155.8,155.8,155.8,155.8,155.8,155.8,155.8,155.8,155.8,155.8,155.8,155.8,155.8,155.8,155.8,155.8,155.8,155.8,155.8,155.8,155.8,155.8,155.8,155.8,155.8,155.8,155.8,155.8,155.8,155.8,155.8,155.8,155.8,155.8,155.8,155.8,155.8,155.8,155.8,155.8,155.8,155.8,155.8,155.8,155.8,155.8,155.8,155.8,155.8,155.8,155.8,155.8,155.8,155.8,155.8,155.8,155.8,155.8,155.8,155.8,155.8,155.8,155.8,155.8,155.8,155.8,155.8,155.8,155.8,155.8,155.8,155.8,155.8,155.8,155.8,155.8,155.8,155.8,155.8,155.8,155.8
2019-07-01,,,,,,,,,,,,,,,,,,,,,,,,,,,,,,,,,,,,,,,,,,,,,,,,,,,,,,,,,,,,,,,,,,,,,,,,,,,,,,,,,,,,,,,,,,,,,,,,,,,,,,,,,,,,,,,,,,153.3,152.5,153.3,153.3,153.3,153.3,153.3,153.3,153.3,153.3,153.3,153.3,153.3,153.3,153.3,153.3,153.3,153.3,153.3,153.3,153.3,153.3,153.3,153.3,153.3,153.3,153.3,153.3,153.3,153.3,153.3,153.3,153.3,153.3,153.3,153.3,153.3,153.3,153.3,153.3,153.3,153.3,153.3,153.3,153.3,153.3,153.3,153.3,153.3,153.3,153.3,153.3,153.3,153.3,153.3,153.3,153.3,153.3,153.3,153.3,153.3,153.3,153.3,153.3,153.3,153.3,153.3,153.3,153.3,153.3,153.3,153.3,153.3,153.3,153.3,153.3,153.3,153.3,153.3,153.3,153.3,153.3,153.3,153.3,153.3
2019-08-01,,,,,,,,,,,,,,,,,,,,,,,,,,,,,,,,,,,,,,,,,,,,,,,,,,,,,,,,,,,,,,,,,,,,,,,,,,,,,,,,,,,,,,,,,,,,,,,,,,,,,,,,,,,,,,,,,,,146.8,147.9,147.9,147.9,147.9,147.9,147.9,147.9,147.9,147.9,147.9,147.9,147.9,147.9,147.9,147.9,147.9,147.9,147.9,147.9,147.9,147.9,147.9,147.9,147.9,147.9,147.9,147.9,147.9,147.9,147.9,147.9,147.9,147.9,147.9,147.9,147.9,147.9,147.9,147.9,147.9,147.9,147.9,147.9,147.9,147.9,147.9,147.9,147.9,147.9,147.9,147.9,147.9,147.9,147.9,147.9,147.9,147.9,147.9,147.9,147.9,147.9,147.9,147.9,147.9,147.9,147.9,147.9,147.9,147.9,147.9,147.9,147.9,147.9,147.9,147.9,147.9,147.9,147.9,147.9,147.9,147.9,147.9,147.9
2019-09-01,,,,,,,,,,,,,,,,,,,,,,,,,,,,,,,,,,,,,,,,,,,,,,,,,,,,,,,,,,,,,,,,,,,,,,,,,,,,,,,,,,,,,,,,,,,,,,,,,,,,,,,,,,,,,,,,,,,,146.0,146.0,146.0,146.0,146.0,146.0,146.0,146.0,146.0,146.0,146.0,146.0,146.0,146.0,146.0,146.0,146.0,146.0,146.0,146.0,146.0,146.0,146.0,146.0,146.0,146.0,146.0,146.0,146.0,146.0,146.0,146.0,146.0,146.0,146.0,146.0,146.0,146.0,146.0,146.0,146.0,146.0,146.0,146.0,146.0,146.0,146.0,146.0,146.0,146.0,146.0,146.0,146.0,146.0,146.0,146.0,146.0,146.0,146.0,146.0,146.0,146.0,146.0,146.0,146.0,146.0,146.0,146.0,146.0,146.0,146.0,146.0,146.0,146.0,146.0,146.0,146.0,146.0,146.0,146.0,146.0,146.0,146.0
2019-10-01,,,,,,,,,,,,,,,,,,,,,,,,,,,,,,,,,,,,,,,,,,,,,,,,,,,,,,,,,,,,,,,,,,,,,,,,,,,,,,,,,,,,,,,,,,,,,,,,,,,,,,,,,,,,,,,,,,,,,149.2,148.9,148.9,148.9,148.9,148.9,148.9,148.9,148.9,148.9,148.9,148.9,148.9,148.9,148.9,148.9,148.9,148.9,148.9,148.9,148.9,148.9,148.9,148.9,148.9,148.9,148.9,148.9,148.9,148.9,148.9,148.9,148.9,148.9,148.9,148.9,148.9,148.9,148.9,148.9,148.9,148.9,148.9,148.9,148.9,148.9,148.9,148.9,148.9,148.9,148.9,148.9,148.9,148.9,148.9,148.9,148.9,148.9,148.9,148.9,148.9,148.9,148.9,148.9,148.9,148.9,148.9,148.9,148.9,148.9,148.9,148.9,148.9,148.9,148.9,148.9,148.9,148.9,148.9,148.9,148.9,148.9
2019-11-01,,,,,,,,,,,,,,,,,,,,,,,,,,,,,,,,,,,,,,,,,,,,,,,,,,,,,,,,,,,,,,,,,,,,,,,,,,,,,,,,,,,,,,,,,,,,,,,,,,,,,,,,,,,,,,,,,,,,,,152.5,152.7,152.7,152.7,152.7,152.7,152.7,152.7,152.7,152.7,152.7,152.7,152.7,152.7,152.7,152.7,152.7,152.7,152.7,152.7,152.7,152.7,152.7,152.7,152.7,152.7,152.7,152.7,152.7,152.7,152.7,152.7,152.7,152.7,152.7,152.7,152.7,152.7,152.7,152.7,152.7,152.7,152.7,152.7,152.7,152.7,152.7,152.7,152.7,152.7,152.7,152.7,152.7,152.7,152.7,152.7,152.7,152.7,152.7,152.7,152.7,152.7,152.7,152.7,152.7,152.7,152.7,152.7,152.7,152.7,152.7,152.7,152.7,152.7,152.7,152.7,152.7,152.7,152.7,152.7,152.7
2019-12-01,,,,,,,,,,,,,,,,,,,,,,,,,,,,,,,,,,,,,,,,,,,,,,,,,,,,,,,,,,,,,,,,,,,,,,,,,,,,,,,,,,,,,,,,,,,,,,,,,,,,,,,,,,,,,,,,,,,,,,,154.7,155.6,155.6,155.6,155.6,155.6,155.6,155.6,155.6,155.6,155.6,155.6,155.6,155.6,155.6,155.6,155.6,155.6,155.6,155.6,155.6,155.6,155.6,155.6,155.6,155.6,155.6,155.6,155.6,155.6,155.6,155.6,155.6,155.6,155.6,155.6,155.6,155.6,155.6,155.6,155.6,155.6,155.6,155.6,155.6,155.6,155.6,155.6,155.6,155.6,155.6,155.6,155.6,155.6,155.6,155.6,155.6,155.6,155.6,155.6,155.6,155.6,155.6,155.6,155.6,155.6,155.6,155.6,155.6,155.6,155.6,155.6,155.6,155.6,155.6,155.6,155.6,155.6,155.6,155.6
2020-01-01,,,,,,,,,,,,,,,,,,,,,,,,,,,,,,,,,,,,,,,,,,,,,,,,,,,,,,,,,,,,,,,,,,,,,,,,,,,,,,,,,,,,,,,,,,,,,,,,,,,,,,,,,,,,,,,,,,,,,,,,151.6,151.5,151.5,151.5,151.5,151.5,151.5,151.5,151.5,151.5,151.5,151.5,151.5,151.5,151.5,151.5,151.5,151.5,151.5,151.5,151.5,151.5,151.5,151.5,151.5,151.5,151.5,151.5,151.5,151.5,151.5,151.5,151.5,151.5,151.5,151.5,151.5,151.5,151.5,151.5,151.5,151.5,151.5,151.5,151.5,151.5,151.5,151.5,151.5,151.5,151.5,151.5,151.5,151.5,151.5,151.5,151.5,151.5,151.5,151.5,151.5,151.5,151.5,151.5,151.5,151.5,151.5,151.5,151.5,151.5,151.5,151.5,151.5,151.5,151.5,151.5,151.5,151.5,151.5
2020-02-01,,,,,,,,,,,,,,,,,,,,,,,,,,,,,,,,,,,,,,,,,,,,,,,,,,,,,,,,,,,,,,,,,,,,,,,,,,,,,,,,,,,,,,,,,,,,,,,,,,,,,,,,,,,,,,,,,,,,,,,,,148.9,149.5,149.5,155.0,155.0,155.0,155.0,155.0,155.0,155.0,155.0,155.0,155.0,155.0,155.0,155.0,155.0,155.0,155.0,155.0,155.0,155.0,155.0,155.0,155.0,155.0,155.0,155.0,155.0,155.0,155.0,155.0,155.0,155.0,155.0,155.0,155.0,155.0,155.0,155.0,155.0,155.0,155.0,155.0,155.0,155.0,155.0,155.0,155.0,155.0,155.0,155.0,155.0,155.0,155.0,155.0,155.0,155.0,155.0,155.0,155.0,155.0,155.0,155.0,155.0,155.0,155.0,155.0,155.0,155.0,155.0,155.0,155.0,155.0,155.0,155.0,155.0,155.0
2020-03-01,,,,,,,,,,,,,,,,,,,,,,,,,,,,,,,,,,,,,,,,,,,,,,,,,,,,,,,,,,,,,,,,,,,,,,,,,,,,,,,,,,,,,,,,,,,,,,,,,,,,,,,,,,,,,,,,,,,,,,,,,,151.9,151.9,157.7,157.7,157.7,157.7,157.7,157.7,157.7,157.7,157.7,157.7,157.7,157.7,157.7,157.7,157.7,157.7,157.7,157.7,157.7,157.7,157.7,157.7,157.7,157.7,157.7,157.7,157.7,157.7,157.7,157.7,157.7,157.7,157.7,157.7,157.7,157.7,157.7,157.7,157.7,157.7,157.7,157.7,157.7,157.7,157.7,157.7,157.7,157.7,157.7,157.7,157.7,157.7,157.7,157.7,157.7,157.7,157.7,157.7,157.7,157.7,157.7,157.7,157.7,157.7,157.7,157.7,157.7,157.7,157.7,157.7,157.7,157.7,157.7,157.7,157.7
2020-04-01,,,,,,,,,,,,,,,,,,,,,,,,,,,,,,,,,,,,,,,,,,,,,,,,,,,,,,,,,,,,,,,,,,,,,,,,,,,,,,,,,,,,,,,,,,,,,,,,,,,,,,,,,,,,,,,,,,,,,,,,,,,194.1,201.6,201.6,201.6,201.6,201.6,201.6,201.6,201.6,201.6,201.6,201.6,201.6,201.6,201.6,201.6,201.6,201.6,201.6,201.6,201.6,201.6,201.6,201.6,201.6,201.6,201.6,201.6,201.6,201.6,201.6,201.6,201.6,201.6,201.6,201.6,201.6,201.6,201.6,201.6,201.6,201.6,201.6,201.6,201.6,201.6,201.6,201.6,201.6,201.6,201.6,201.6,201.6,201.6,201.6,201.6,201.6,201.6,201.6,201.6,201.6,201.6,201.6,201.6,201.6,201.6,201.6,201.6,201.6,201.6,201.6,201.6,201.6,201.6,201.6,201.6
2020-05-01,,,,,,,,,,,,,,,,,,,,,,,,,,,,,,,,,,,,,,,,,,,,,,,,,,,,,,,,,,,,,,,,,,,,,,,,,,,,,,,,,,,,,,,,,,,,,,,,,,,,,,,,,,,,,,,,,,,,,,,,,,,,267.8,264.9,264.9,264.9,264.9,264.9,264.9,264.9,264.9,264.9,264.9,264.9,264.9,264.9,264.9,264.9,264.9,264.9,264.9,264.9,264.9,264.9,264.9,264.9,264.9,264.9,264.9,264.9,264.9,264.9,264.9,264.9,264.9,264.9,264.9,264.9,264.9,264.9,264.9,264.9,264.9,264.9,264.9,264.9,264.9,264.9,264.9,264.9,264.9,264.9,264.9,264.9,264.9,264.9,264.9,264.9,264.9,264.9,264.9,264.9,264.9,264.9,264.9,264.9,264.9,264.9,264.9,264.9,264.9,264.9,264.9,264.9,264.9,264.9,264.9
2020-06-01,,,,,,,,,,,,,,,,,,,,,,,,,,,,,,,,,,,,,,,,,,,,,,,,,,,,,,,,,,,,,,,,,,,,,,,,,,,,,,,,,,,,,,,,,,,,,,,,,,,,,,,,,,,,,,,,,,,,,,,,,,,,,254.4,253.6,253.6,253.6,253.6,253.6,253.6,253.6,253.6,253.6,253.6,253.6,253.6,253.6,253.6,253.6,253.6,253.6,253.6,253.6,253.6,253.6,253.6,253.6,253.6,253.6,253.6,253.6,253.6,253.6,253.6,253.6,253.6,253.6,253.6,253.6,253.6,253.6,253.6,253.6,253.6,253.6,253.6,253.6,253.6,253.6,253.6,253.6,253.6,253.6,253.6,253.6,253.6,253.6,253.6,253.6,253.6,253.6,253.6,253.6,253.6,253.6,253.6,253.6,253.6,253.6,253.6,253.6,253.6,253.6,253.6,253.6,253.6,253.6
2020-07-01,,,,,,,,,,,,,,,,,,,,,,,,,,,,,,,,,,,,,,,,,,,,,,,,,,,,,,,,,,,,,,,,,,,,,,,,,,,,,,,,,,,,,,,,,,,,,,,,,,,,,,,,,,,,,,,,,,,,,,,,,,,,,,212.7,213.7,213.7,213.7,213.7,213.7,213.7,213.7,213.7,213.7,213.7,213.7,213.7,213.7,213.7,213.7,213.7,213.7,213.7,213.7,213.7,213.7,213.7,213.7,213.7,213.7,213.7,213.7,213.7,213.7,213.7,213.7,213.7,213.7,213.7,213.7,213.7,213.7,213.7,213.7,213.7,213.7,213.7,213.7,213.7,213.7,213.7,213.7,213.7,213.7,213.7,213.7,213.7,213.7,213.7,213.7,213.7,213.7,213.7,213.7,213.7,213.7,213.7,213.7,213.7,213.7,213.7,213.7,213.7,213.7,213.7,213.7,213.7
2020-08-01,,,,,,,,,,,,,,,,,,,,,,,,,,,,,,,,,,,,,,,,,,,,,,,,,,,,,,,,,,,,,,,,,,,,,,,,,,,,,,,,,,,,,,,,,,,,,,,,,,,,,,,,,,,,,,,,,,,,,,,,,,,,,,,218.0,218.9,218.9,218.9,218.9,218.9,218.9,218.9,218.9,218.9,218.9,218.9,218.9,218.9,218.9,218.9,218.9,218.9,218.9,218.9,218.9,218.9,218.9,218.9,218.9,218.9,218.9,218.9,218.9,218.9,218.9,218.9,218.9,218.9,218.9,218.9,218.9,218.9,218.9,218.9,218.9,218.9,218.9,218.9,218.9,218.9,218.9,218.9,218.9,218.9,218.9,218.9,218.9,218.9,218.9,218.9,218.9,218.9,218.9,218.9,218.9,218.9,218.9,218.9,218.9,218.9,218.9,218.9,218.9,218.9,218.9,218.9
2020-09-01,,,,,,,,,,,,,,,,,,,,,,,,,,,,,,,,,,,,,,,,,,,,,,,,,,,,,,,,,,,,,,,,,,,,,,,,,,,,,,,,,,,,,,,,,,,,,,,,,,,,,,,,,,,,,,,,,,,,,,,,,,,,,,,,213.8,209.0,209.0,209.0,209.0,209.0,209.0,209.0,209.0,209.0,209.0,209.0,209.0,209.0,209.0,209.0,209.0,209.0,209.0,209.0,209.0,209.0,209.0,209.0,209.0,209.0,209.0,209.0,209.0,209.0,209.0,209.0,209.0,209.0,209.0,209.0,209.0,209.0,209.0,209.0,209.0,209.0,209.0,209.0,209.0,209.0,209.0,209.0,209.0,209.0,209.0,209.0,209.0,209.0,209.0,209.0,209.0,209.0,209.0,209.0,209.0,209.0,209.0,209.0,209.0,209.0,209.0,209.0,209.0,209.0,209.0
2020-10-01,,,,,,,,,,,,,,,,,,,,,,,,,,,,,,,,,,,,,,,,,,,,,,,,,,,,,,,,,,,,,,,,,,,,,,,,,,,,,,,,,,,,,,,,,,,,,,,,,,,,,,,,,,,,,,,,,,,,,,,,,,,,,,,,,213.5,211.7,211.7,211.7,211.7,211.7,211.7,211.7,211.7,211.7,211.7,211.7,211.7,211.7,211.7,211.7,211.7,211.7,211.7,211.7,211.7,211.7,211.7,211.7,211.7,211.7,211.7,211.7,211.7,211.7,211.7,211.7,211.7,211.7,211.7,211.7,211.7,211.7,211.7,211.7,211.7,211.7,211.7,211.7,211.7,211.7,211.7,211.7,211.7,211.7,211.7,211.7,211.7,211.7,211.7,211.7,211.7,211.7,211.7,211.7,211.7,211.7,211.7,211.7,211.7,211.7,211.7,211.7,211.7,211.7
2020-11-01,,,,,,,,,,,,,,,,,,,,,,,,,,,,,,,,,,,,,,,,,,,,,,,,,,,,,,,,,,,,,,,,,,,,,,,,,,,,,,,,,,,,,,,,,,,,,,,,,,,,,,,,,,,,,,,,,,,,,,,,,,,,,,,,,,236.0,234.5,234.5,234.5,234.5,234.5,234.5,234.5,234.5,234.5,234.5,234.5,234.5,234.5,234.5,234.5,234.5,234.5,234.5,234.5,234.5,234.5,234.5,234.5,234.5,234.5,234.5,234.5,234.5,234.5,234.5,234.5,234.5,234.5,234.5,234.5,234.5,234.5,234.5,234.5,234.5,234.5,234.5,234.5,234.5,234.5,234.5,234.5,234.5,234.5,234.5,234.5,234.5,234.5,234.5,234.5,234.5,234.5,234.5,234.5,234.5,234.5,234.5,234.5,234.5,234.5,234.5,234.5,234.5
2020-12-01,,,,,,,,,,,,,,,,,,,,,,,,,,,,,,,,,,,,,,,,,,,,,,,,,,,,,,,,,,,,,,,,,,,,,,,,,,,,,,,,,,,,,,,,,,,,,,,,,,,,,,,,,,,,,,,,,,,,,,,,,,,,,,,,,,,258.6,257.7,258.3,258.3,258.3,258.3,258.3,258.3,258.3,258.3,258.3,258.3,258.3,258.3,258.3,258.3,258.3,258.3,258.3,258.3,258.3,258.3,258.3,258.3,258.3,258.3,258.3,258.3,258.3,258.3,258.3,258.3,258.3,258.3,258.3,258.3,258.3,258.3,258.3,258.3,258.3,258.3,258.3,258.3,258.3,258.3,258.3,258.3,258.3,258.3,258.3,258.3,258.3,258.3,258.3,258.3,258.3,258.3,258.3,258.3,258.3,258.3,258.3,258.3,258.3,258.3,258.3,258.3
2021-01-01,,,,,,,,,,,,,,,,,,,,,,,,,,,,,,,,,,,,,,,,,,,,,,,,,,,,,,,,,,,,,,,,,,,,,,,,,,,,,,,,,,,,,,,,,,,,,,,,,,,,,,,,,,,,,,,,,,,,,,,,,,,,,,,,,,,,247.9,248.5,248.5,248.5,248.5,248.5,248.5,248.5,248.5,248.5,248.5,248.5,248.5,248.5,248.5,248.5,248.5,248.5,248.5,248.5,248.5,248.5,248.5,248.5,248.5,248.5,248.5,248.5,248.5,248.5,248.5,248.5,248.5,248.5,248.5,248.5,248.5,248.5,248.5,248.5,248.5,248.5,248.5,248.5,248.5,248.5,248.5,248.5,248.5,248.5,248.5,248.5,248.5,248.5,248.5,248.5,248.5,248.5,248.5,248.5,248.5,248.5,248.5,248.5,248.5,248.5,248.5
2021-02-01,,,,,,,,,,,,,,,,,,,,,,,,,,,,,,,,,,,,,,,,,,,,,,,,,,,,,,,,,,,,,,,,,,,,,,,,,,,,,,,,,,,,,,,,,,,,,,,,,,,,,,,,,,,,,,,,,,,,,,,,,,,,,,,,,,,,,237.3,243.7,243.7,247.0,247.0,247.0,247.0,247.0,247.0,247.0,247.0,247.0,247.0,247.0,247.0,247.0,247.0,247.0,247.0,247.0,247.0,247.0,247.0,247.0,247.0,247.0,247.0,247.0,247.0,247.0,247.0,247.0,247.0,247.0,247.0,247.0,247.0,247.0,247.0,247.0,247.0,247.0,247.0,247.0,247.0,247.0,247.0,247.0,247.0,247.0,247.0,247.0,247.0,247.0,247.0,247.0,247.0,247.0,247.0,247.0,247.0,247.0,247.0,247.0,247.0,247.0
2021-03-01,,,,,,,,,,,,,,,,,,,,,,,,,,,,,,,,,,,,,,,,,,,,,,,,,,,,,,,,,,,,,,,,,,,,,,,,,,,,,,,,,,,,,,,,,,,,,,,,,,,,,,,,,,,,,,,,,,,,,,,,,,,,,,,,,,,,,,249.4,239.3,237.3,237.3,237.3,237.3,237.3,237.3,237.3,237.3,237.3,237.3,237.3,237.3,237.3,237.3,237.3,237.3,237.3,237.3,237.3,237.3,237.3,237.3,237.3,237.3,237.3,237.3,237.3,237.3,237.3,237.3,237.3,237.3,237.3,237.3,237.3,237.3,237.3,237.3,237.3,237.3,237.3,237.3,237.3,237.3,237.3,237.3,237.3,237.3,237.3,237.3,237.3,237.3,237.3,237.3,237.3,237.3,237.3,237.3,237.3,237.3,237.3,237.3,237.3
2021-04-01,,,,,,,,,,,,,,,,,,,,,,,,,,,,,,,,,,,,,,,,,,,,,,,,,,,,,,,,,,,,,,,,,,,,,,,,,,,,,,,,,,,,,,,,,,,,,,,,,,,,,,,,,,,,,,,,,,,,,,,,,,,,,,,,,,,,,,,251.5,246.3,246.0,246.0,246.0,246.0,246.0,246.0,246.0,246.0,246.0,246.0,246.0,246.0,246.0,246.0,246.0,246.0,246.0,246.0,246.0,246.0,246.0,246.0,246.0,246.0,246.0,246.0,246.0,246.0,246.0,246.0,246.0,246.0,246.0,246.0,246.0,246.0,246.0,246.0,246.0,246.0,246.0,246.0,246.0,246.0,246.0,246.0,246.0,246.0,246.0,246.0,246.0,246.0,246.0,246.0,246.0,246.0,246.0,246.0,246.0,246.0,246.0,246.0
2021-05-01,,,,,,,,,,,,,,,,,,,,,,,,,,,,,,,,,,,,,,,,,,,,,,,,,,,,,,,,,,,,,,,,,,,,,,,,,,,,,,,,,,,,,,,,,,,,,,,,,,,,,,,,,,,,,,,,,,,,,,,,,,,,,,,,,,,,,,,,268.1,268.4,268.4,268.4,268.4,268.4,268.4,268.4,268.4,268.4,268.4,268.4,268.4,268.4,268.4,268.4,268.4,268.4,268.4,268.4,268.4,268.4,268.4,268.4,268.4,268.4,268.4,268.4,268.4,268.4,268.4,268.4,268.4,268.4,268.4,268.4,268.4,268.4,268.4,268.4,268.4,268.4,268.4,268.4,268.4,268.4,268.4,268.4,268.4,268.4,268.4,268.4,268.4,268.4,268.4,268.4,268.4,268.4,268.4,268.4,268.4,268.4,268.4
2021-06-01,,,,,,,,,,,,,,,,,,,,,,,,,,,,,,,,,,,,,,,,,,,,,,,,,,,,,,,,,,,,,,,,,,,,,,,,,,,,,,,,,,,,,,,,,,,,,,,,,,,,,,,,,,,,,,,,,,,,,,,,,,,,,,,,,,,,,,,,,280.2,278.9,278.9,278.9,278.9,278.9,278.9,278.9,278.9,278.9,278.9,278.9,278.9,278.9,278.9,278.9,278.9,278.9,278.9,278.9,278.9,278.9,278.9,278.9,278.9,278.9,278.9,278.9,278.9,278.9,278.9,278.9,278.9,278.9,278.9,278.9,278.9,278.9,278.9,278.9,278.9,278.9,278.9,278.9,278.9,278.9,278.9,278.9,278.9,278.9,278.9,278.9,278.9,278.9,278.9,278.9,278.9,278.9,278.9,278.9,278.9,278.9
2021-07-01,,,,,,,,,,,,,,,,,,,,,,,,,,,,,,,,,,,,,,,,,,,,,,,,,,,,,,,,,,,,,,,,,,,,,,,,,,,,,,,,,,,,,,,,,,,,,,,,,,,,,,,,,,,,,,,,,,,,,,,,,,,,,,,,,,,,,,,,,,258.9,255.2,255.2,255.2,255.2,255.2,255.2,255.2,255.2,255.2,255.2,255.2,255.2,255.2,255.2,255.2,255.2,255.2,255.2,255.2,255.2,255.2,255.2,255.2,255.2,255.2,255.2,255.2,255.2,255.2,255.2,255.2,255.2,255.2,255.2,255.2,255.2,255.2,255.2,255.2,255.2,255.2,255.2,255.2,255.2,255.2,255.2,255.2,255.2,255.2,255.2,255.2,255.2,255.2,255.2,255.2,255.2,255.2,255.2,255.2,255.2
2021-08-01,,,,,,,,,,,,,,,,,,,,,,,,,,,,,,,,,,,,,,,,,,,,,,,,,,,,,,,,,,,,,,,,,,,,,,,,,,,,,,,,,,,,,,,,,,,,,,,,,,,,,,,,,,,,,,,,,,,,,,,,,,,,,,,,,,,,,,,,,,,251.7,251.7,254.9,254.9,254.9,254.9,254.9,254.9,254.9,254.9,254.9,254.9,254.9,254.9,254.9,254.9,254.9,254.9,254.9,254.9,254.9,254.9,254.9,254.9,254.9,254.9,254.9,254.9,254.9,254.9,254.9,254.9,254.9,254.9,254.9,254.9,254.9,254.9,254.9,254.9,254.9,254.9,254.9,254.9,254.9,254.9,254.9,254.9,254.9,254.9,254.9,254.9,254.9,254.9,254.9,254.9,254.9,254.9,254.9,254.9
2021-09-01,,,,,,,,,,,,,,,,,,,,,,,,,,,,,,,,,,,,,,,,,,,,,,,,,,,,,,,,,,,,,,,,,,,,,,,,,,,,,,,,,,,,,,,,,,,,,,,,,,,,,,,,,,,,,,,,,,,,,,,,,,,,,,,,,,,,,,,,,,,,265.6,268.6,268.6,268.6,268.6,268.6,268.6,268.6,268.6,268.6,268.6,268.6,268.6,268.6,268.6,268.6,268.6,268.6,268.6,268.6,268.6,268.6,268.6,268.6,268.6,268.6,268.6,268.6,268.6,268.6,268.6,268.6,268.6,268.6,268.6,268.6,268.6,268.6,268.6,268.6,268.6,268.6,268.6,268.6,268.6,268.6,268.6,268.6,268.6,268.6,268.6,268.6,268.6,268.6,268.6,268.6,268.6,268.6,268.6
2021-10-01,,,,,,,,,,,,,,,,,,,,,,,,,,,,,,,,,,,,,,,,,,,,,,,,,,,,,,,,,,,,,,,,,,,,,,,,,,,,,,,,,,,,,,,,,,,,,,,,,,,,,,,,,,,,,,,,,,,,,,,,,,,,,,,,,,,,,,,,,,,,,277.1,277.1,280.9,280.9,280.9,280.9,280.9,280.9,280.9,280.9,280.9,280.9,280.9,280.9,280.9,280.9,280.9,280.9,280.9,280.9,280.9,280.9,280.9,280.9,280.9,280.9,280.9,280.9,280.9,280.9,280.9,280.9,280.9,280.9,280.9,280.9,280.9,280.9,280.9,280.9,280.9,280.9,280.9,280.9,280.9,280.9,280.9,280.9,280.9,280.9,280.9,280.9,280.9,280.9,280.9,280.9,280.9,280.9
2021-11-01,,,,,,,,,,,,,,,,,,,,,,,,,,,,,,,,,,,,,,,,,,,,,,,,,,,,,,,,,,,,,,,,,,,,,,,,,,,,,,,,,,,,,,,,,,,,,,,,,,,,,,,,,,,,,,,,,,,,,,,,,,,,,,,,,,,,,,,,,,,,,,302.3,301.4,301.4,301.4,301.4,301.4,301.4,301.4,301.4,301.4,301.4,301.4,301.4,301.4,301.4,301.4,301.4,301.4,301.4,301.4,301.4,301.4,301.4,301.4,301.4,301.4,301.4,301.4,301.4,301.4,301.4,301.4,301.4,301.4,301.4,301.4,301.4,301.4,301.4,301.4,301.4,301.4,301.4,301.4,301.4,301.4,301.4,301.4,301.4,301.4,301.4,301.4,301.4,301.4,301.4,301.4,301.4
2021-12-01,,,,,,,,,,,,,,,,,,,,,,,,,,,,,,,,,,,,,,,,,,,,,,,,,,,,,,,,,,,,,,,,,,,,,,,,,,,,,,,,,,,,,,,,,,,,,,,,,,,,,,,,,,,,,,,,,,,,,,,,,,,,,,,,,,,,,,,,,,,,,,,282.5,282.0,282.0,282.0,282.0,282.0,282.0,282.0,282.0,282.0,282.0,282.0,282.0,282.0,282.0,282.0,282.0,282.0,282.0,282.0,282.0,282.0,282.0,282.0,282.0,282.0,282.0,282.0,282.0,282.0,282.0,282.0,282.0,282.0,282.0,282.0,282.0,282.0,282.0,282.0,282.0,282.0,282.0,282.0,282.0,282.0,282.0,282.0,282.0,282.0,282.0,282.0,282.0,282.0,282.0,282.0
2022-01-01,,,,,,,,,,,,,,,,,,,,,,,,,,,,,,,,,,,,,,,,,,,,,,,,,,,,,,,,,,,,,,,,,,,,,,,,,,,,,,,,,,,,,,,,,,,,,,,,,,,,,,,,,,,,,,,,,,,,,,,,,,,,,,,,,,,,,,,,,,,,,,,,308.8,310.4,311.4,312.2,312.2,312.2,312.2,312.2,312.2,312.2,312.2,312.2,312.2,312.2,312.2,312.2,312.2,312.2,312.2,312.2,312.2,312.2,312.2,312.2,312.2,312.2,312.2,312.2,312.2,312.2,312.2,312.2,312.2,312.2,312.2,312.2,312.2,312.2,312.2,312.2,312.2,312.2,312.2,312.2,312.2,312.2,312.2,312.2,312.2,312.2,312.2,312.2,312.2,312.2,312.2
2022-02-01,,,,,,,,,,,,,,,,,,,,,,,,,,,,,,,,,,,,,,,,,,,,,,,,,,,,,,,,,,,,,,,,,,,,,,,,,,,,,,,,,,,,,,,,,,,,,,,,,,,,,,,,,,,,,,,,,,,,,,,,,,,,,,,,,,,,,,,,,,,,,,,,,280.9,274.8,276.7,276.7,276.7,276.7,276.7,276.7,276.7,276.7,276.7,276.7,276.7,276.7,276.7,276.7,276.7,276.7,276.7,276.7,276.7,276.7,276.7,276.7,276.7,276.7,276.7,276.7,276.7,276.7,276.7,276.7,276.7,276.7,276.7,276.7,276.7,276.7,276.7,276.7,276.7,276.7,276.7,276.7,276.7,276.7,276.7,276.7,276.7,276.7,276.7,276.7,276.7,276.7
2022-03-01,,,,,,,,,,,,,,,,,,,,,,,,,,,,,,,,,,,,,,,,,,,,,,,,,,,,,,,,,,,,,,,,,,,,,,,,,,,,,,,,,,,,,,,,,,,,,,,,,,,,,,,,,,,,,,,,,,,,,,,,,,,,,,,,,,,,,,,,,,,,,,,,,,272.0,273.5,273.5,273.5,273.5,273.5,273.5,273.5,273.5,273.5,273.5,273.5,273.5,273.5,273.5,273.5,273.5,273.5,273.5,273.5,273.5,273.5,273.5,273.5,273.5,273.5,273.5,273.5,273.5,273.5,273.5,273.5,273.5,273.5,273.5,273.5,273.5,273.5,273.5,273.5,273.5,273.5,273.5,273.5,273.5,273.5,273.5,273.5,273.5,273.5,273.5,273.5,273.5
2022-04-01,,,,,,,,,,,,,,,,,,,,,,,,,,,,,,,,,,,,,,,,,,,,,,,,,,,,,,,,,,,,,,,,,,,,,,,,,,,,,,,,,,,,,,,,,,,,,,,,,,,,,,,,,,,,,,,,,,,,,,,,,,,,,,,,,,,,,,,,,,,,,,,,,,,257.2,257.5,257.5,257.5,257.5,257.5,257.5,257.5,257.5,257.5,257.5,257.5,257.5,257.5,257.5,257.5,257.5,257.5,257.5,257.5,257.5,257.5,257.5,257.5,257.5,257.5,257.5,257.5,257.5,257.5,257.5,257.5,257.5,257.5,257.5,257.5,257.5,257.5,257.5,257.5,257.5,257.5,257.5,257.5,257.5,257.5,257.5,257.5,257.5,257.5,257.5,257.5
2022-05-01,,,,,,,,,,,,,,,,,,,,,,,,,,,,,,,,,,,,,,,,,,,,,,,,,,,,,,,,,,,,,,,,,,,,,,,,,,,,,,,,,,,,,,,,,,,,,,,,,,,,,,,,,,,,,,,,,,,,,,,,,,,,,,,,,,,,,,,,,,,,,,,,,,,,269.5,269.2,269.2,269.2,269.2,269.2,269.2,269.2,269.2,269.2,269.2,269.2,269.2,269.2,269.2,269.2,269.2,269.2,269.2,269.2,269.2,269.2,269.2,269.2,269.2,269.2,269.2,269.2,269.2,269.2,269.2,269.2,269.2,269.2,269.2,269.2,269.2,269.2,269.2,269.2,269.2,269.2,269.2,269.2,269.2,269.2,269.2,269.2,269.2,269.2,269.2
2022-06-01,,,,,,,,,,,,,,,,,,,,,,,,,,,,,,,,,,,,,,,,,,,,,,,,,,,,,,,,,,,,,,,,,,,,,,,,,,,,,,,,,,,,,,,,,,,,,,,,,,,,,,,,,,,,,,,,,,,,,,,,,,,,,,,,,,,,,,,,,,,,,,,,,,,,,281.2,280.5,271.4,271.4,271.4,271.4,271.4,271.4,271.4,271.4,271.4,271.4,271.4,271.4,271.4,271.4,271.4,271.4,271.4,271.4,271.4,271.4,271.4,271.4,271.4,271.4,271.4,271.4,271.4,271.4,271.4,271.4,271.4,271.4,271.4,271.4,271.4,271.4,271.4,271.4,271.4,271.4,271.4,271.4,271.4,271.4,271.4,271.4,271.4,271.4
2022-07-01,,,,,,,,,,,,,,,,,,,,,,,,,,,,,,,,,,,,,,,,,,,,,,,,,,,,,,,,,,,,,,,,,,,,,,,,,,,,,,,,,,,,,,,,,,,,,,,,,,,,,,,,,,,,,,,,,,,,,,,,,,,,,,,,,,,,,,,,,,,,,,,,,,,,,,249.4,245.9,245.9,245.9,245.9,245.9,245.9,245.9,245.9,245.9,245.9,245.9,245.9,245.9,245.9,245.9,245.9,245.9,245.9,245.9,245.9,245.9,245.9,245.9,245.9,245.9,245.9,245.9,245.9,245.9,245.9,245.9,245.9,245.9,245.9,245.9,245.9,245.9,245.9,245.9,245.9,245.9,245.9,245.9,245.9,245.9,245.9,245.9,245.9
2022-08-01,,,,,,,,,,,,,,,,,,,,,,,,,,,,,,,,,,,,,,,,,,,,,,,,,,,,,,,,,,,,,,,,,,,,,,,,,,,,,,,,,,,,,,,,,,,,,,,,,,,,,,,,,,,,,,,,,,,,,,,,,,,,,,,,,,,,,,,,,,,,,,,,,,,,,,,246.7,248.4,248.4,248.4,248.4,248.4,248.4,248.4,248.4,248.4,248.4,248.4,248.4,248.4,248.4,248.4,248.4,248.4,248.4,248.4,248.4,248.4,248.4,248.4,248.4,248.4,248.4,248.4,248.4,248.4,248.4,248.4,248.4,248.4,248.4,248.4,248.4,248.4,248.4,248.4,248.4,248.4,248.4,248.4,248.4,248.4,248.4,248.4
2022-09-01,,,,,,,,,,,,,,,,,,,,,,,,,,,,,,,,,,,,,,,,,,,,,,,,,,,,,,,,,,,,,,,,,,,,,,,,,,,,,,,,,,,,,,,,,,,,,,,,,,,,,,,,,,,,,,,,,,,,,,,,,,,,,,,,,,,,,,,,,,,,,,,,,,,,,,,,238.0,237.9,237.9,237.9,237.9,237.9,237.9,237.9,237.9,237.9,237.9,237.9,237.9,237.9,237.9,237.9,237.9,237.9,237.9,237.9,237.9,237.9,237.9,237.9,237.9,237.9,237.9,237.9,237.9,237.9,237.9,237.9,237.9,237.9,237.9,237.9,237.9,237.9,237.9,237.9,237.9,237.9,237.9,237.9,237.9,237.9,237.9
2022-10-01,,,,,,,,,,,,,,,,,,,,,,,,,,,,,,,,,,,,,,,,,,,,,,,,,,,,,,,,,,,,,,,,,,,,,,,,,,,,,,,,,,,,,,,,,,,,,,,,,,,,,,,,,,,,,,,,,,,,,,,,,,,,,,,,,,,,,,,,,,,,,,,,,,,,,,,,,210.5,210.5,210.5,210.5,210.5,210.5,210.5,210.5,210.5,210.5,210.5,210.5,210.5,210.5,210.5,210.5,210.5,210.5,210.5,210.5,210.5,210.5,210.5,210.5,210.5,210.5,210.5,210.5,210.5,210.5,210.5,210.5,210.5,210.5,210.5,210.5,210.5,210.5,210.5,210.5,210.5,210.5,210.5,210.5,210.5,210.5
2022-11-01,,,,,,,,,,,,,,,,,,,,,,,,,,,,,,,,,,,,,,,,,,,,,,,,,,,,,,,,,,,,,,,,,,,,,,,,,,,,,,,,,,,,,,,,,,,,,,,,,,,,,,,,,,,,,,,,,,,,,,,,,,,,,,,,,,,,,,,,,,,,,,,,,,,,,,,,,,181.7,182.1,182.1,182.1,182.1,182.1,182.1,182.1,182.1,182.1,182.1,182.1,182.1,182.1,182.1,182.1,182.1,182.1,182.1,182.1,182.1,182.1,182.1,182.1,182.1,182.1,182.1,182.1,182.1,182.1,182.1,182.1,182.1,182.1,182.1,182.1,182.1,182.1,182.1,182.1,182.1,182.1,182.1,182.1,182.1
2022-12-01,,,,,,,,,,,,,,,,,,,,,,,,,,,,,,,,,,,,,,,,,,,,,,,,,,,,,,,,,,,,,,,,,,,,,,,,,,,,,,,,,,,,,,,,,,,,,,,,,,,,,,,,,,,,,,,,,,,,,,,,,,,,,,,,,,,,,,,,,,,,,,,,,,,,,,,,,,,184.4,183.8,183.8,183.7,183.7,183.7,183.7,183.7,183.7,183.7,183.7,183.7,183.7,183.7,183.7,183.7,183.7,183.7,183.7,183.7,183.7,183.7,183.7,183.7,183.7,183.7,183.7,183.7,183.7,183.7,183.7,183.7,183.7,183.7,183.7,183.7,183.7,183.7,183.7,183.7,183.7,183.7,183.7,183.7
2023-01-01,,,,,,,,,,,,,,,,,,,,,,,,,,,,,,,,,,,,,,,,,,,,,,,,,,,,,,,,,,,,,,,,,,,,,,,,,,,,,,,,,,,,,,,,,,,,,,,,,,,,,,,,,,,,,,,,,,,,,,,,,,,,,,,,,,,,,,,,,,,,,,,,,,,,,,,,,,,,169.0,167.6,165.4,165.4,165.4,165.4,165.4,165.4,165.4,165.4,165.4,165.4,165.4,165.4,165.4,165.4,165.4,165.4,165.4,165.4,165.4,165.4,165.4,165.4,165.4,165.4,165.4,165.4,165.4,165.4,165.4,165.4,165.4,165.4,165.4,165.4,165.4,165.4,165.4,165.4,165.4,165.4,165.4
2023-02-01,,,,,,,,,,,,,,,,,,,,,,,,,,,,,,,,,,,,,,,,,,,,,,,,,,,,,,,,,,,,,,,,,,,,,,,,,,,,,,,,,,,,,,,,,,,,,,,,,,,,,,,,,,,,,,,,,,,,,,,,,,,,,,,,,,,,,,,,,,,,,,,,,,,,,,,,,,,,,158.8,157.6,156.8,156.8,156.8,156.8,156.8,156.8,156.8,156.8,156.8,156.8,156.8,156.8,156.8,156.8,156.8,156.8,156.8,156.8,156.8,156.8,156.8,156.8,156.8,156.8,156.8,156.8,156.8,156.8,156.8,156.8,156.8,156.8,156.8,156.8,156.8,156.8,156.8,156.8,156.8,156.8
2023-03-01,,,,,,,,,,,,,,,,,,,,,,,,,,,,,,,,,,,,,,,,,,,,,,,,,,,,,,,,,,,,,,,,,,,,,,,,,,,,,,,,,,,,,,,,,,,,,,,,,,,,,,,,,,,,,,,,,,,,,,,,,,,,,,,,,,,,,,,,,,,,,,,,,,,,,,,,,,,,,,149.0,150.8,145.4,145.7,145.7,145.7,145.7,145.7,145.7,145.7,145.7,145.7,145.7,145.7,145.7,145.7,145.7,145.7,145.7,145.7,145.7,145.7,145.7,145.7,145.7,145.7,145.7,145.7,145.7,145.7,145.7,145.7,145.7,145.7,145.7,145.7,145.7,145.7,145.7,145.7,145.7
2023-04-01,,,,,,,,,,,,,,,,,,,,,,,,,,,,,,,,,,,,,,,,,,,,,,,,,,,,,,,,,,,,,,,,,,,,,,,,,,,,,,,,,,,,,,,,,,,,,,,,,,,,,,,,,,,,,,,,,,,,,,,,,,,,,,,,,,,,,,,,,,,,,,,,,,,,,,,,,,,,,,,156.0,151.6,152.2,152.3,152.3,152.3,152.3,152.3,152.3,152.3,152.3,152.3,152.3,152.3,152.3,152.3,152.3,152.3,152.3,152.3,152.3,152.3,152.3,152.3,152.3,152.3,152.3,152.3,152.3,152.3,152.3,152.3,152.3,152.3,152.3,152.3,152.3,152.3,152.3,152.3
2023-05-01,,,,,,,,,,,,,,,,,,,,,,,,,,,,,,,,,,,,,,,,,,,,,,,,,,,,,,,,,,,,,,,,,,,,,,,,,,,,,,,,,,,,,,,,,,,,,,,,,,,,,,,,,,,,,,,,,,,,,,,,,,,,,,,,,,,,,,,,,,,,,,,,,,,,,,,,,,,,,,,,147.1,147.2,147.2,147.5,147.5,147.5,147.5,147.5,147.5,147.5,147.5,147.5,147.5,147.5,147.5,147.5,147.5,147.5,147.5,147.5,147.5,147.5,147.5,147.5,147.5,147.5,147.5,147.5,147.5,147.5,147.5,147.5,147.5,147.5,147.5,147.5,147.5,147.5,147.5
2023-06-01,,,,,,,,,,,,,,,,,,,,,,,,,,,,,,,,,,,,,,,,,,,,,,,,,,,,,,,,,,,,,,,,,,,,,,,,,,,,,,,,,,,,,,,,,,,,,,,,,,,,,,,,,,,,,,,,,,,,,,,,,,,,,,,,,,,,,,,,,,,,,,,,,,,,,,,,,,,,,,,,,148.8,150.4,150.7,149.0,149.0,149.0,149.0,149.0,149.0,149.0,149.0,149.0,149.0,149.0,149.0,149.0,149.0,149.0,149.0,149.0,149.0,149.0,149.0,149.0,149.0,149.0,149.0,149.0,149.0,149.0,149.0,149.0,149.0,149.0,149.0,149.0,149.0,149.0
2023-07-01,,,,,,,,,,,,,,,,,,,,,,,,,,,,,,,,,,,,,,,,,,,,,,,,,,,,,,,,,,,,,,,,,,,,,,,,,,,,,,,,,,,,,,,,,,,,,,,,,,,,,,,,,,,,,,,,,,,,,,,,,,,,,,,,,,,,,,,,,,,,,,,,,,,,,,,,,,,,,,,,,,159.6,155.5,155.7,155.7,155.7,155.7,155.7,155.7,155.7,155.7,155.7,155.7,155.7,155.7,155.7,155.7,155.7,155.7,155.7,155.7,155.7,155.7,155.7,155.7,155.7,155.7,155.7,155.7,155.7,155.7,155.7,155.7,155.7,155.7,155.7,155.7,155.7
2023-08-01,,,,,,,,,,,,,,,,,,,,,,,,,,,,,,,,,,,,,,,,,,,,,,,,,,,,,,,,,,,,,,,,,,,,,,,,,,,,,,,,,,,,,,,,,,,,,,,,,,,,,,,,,,,,,,,,,,,,,,,,,,,,,,,,,,,,,,,,,,,,,,,,,,,,,,,,,,,,,,,,,,,138.3,136.1,142.7,142.7,142.7,142.7,142.7,142.7,142.7,142.7,142.7,142.7,142.7,142.7,142.7,142.7,142.7,142.7,142.7,142.7,142.7,142.7,142.7,142.7,142.7,142.7,142.7,142.7,142.7,142.7,142.7,142.7,142.7,142.7,142.7,142.7
2023-09-01,,,,,,,,,,,,,,,,,,,,,,,,,,,,,,,,,,,,,,,,,,,,,,,,,,,,,,,,,,,,,,,,,,,,,,,,,,,,,,,,,,,,,,,,,,,,,,,,,,,,,,,,,,,,,,,,,,,,,,,,,,,,,,,,,,,,,,,,,,,,,,,,,,,,,,,,,,,,,,,,,,,,141.8,157.1,157.1,157.1,157.1,157.1,157.1,157.1,157.1,157.1,157.1,157.1,157.1,157.1,157.1,157.1,157.1,157.1,157.1,157.1,157.1,157.1,157.1,157.1,157.1,157.1,157.1,157.1,157.1,157.1,157.1,157.1,157.1,157.1,157.1
2023-10-01,,,,,,,,,,,,,,,,,,,,,,,,,,,,,,,,,,,,,,,,,,,,,,,,,,,,,,,,,,,,,,,,,,,,,,,,,,,,,,,,,,,,,,,,,,,,,,,,,,,,,,,,,,,,,,,,,,,,,,,,,,,,,,,,,,,,,,,,,,,,,,,,,,,,,,,,,,,,,,,,,,,,,155.4,155.1,157.1,157.1,157.1,157.1,157.1,157.1,157.1,157.1,157.1,157.1,157.1,157.1,157.1,157.1,157.1,157.1,157.1,157.1,157.1,157.1,157.1,157.1,157.1,157.1,157.1,157.1,157.1,157.1,157.1,157.1,157.1,157.1
2023-11-01,,,,,,,,,,,,,,,,,,,,,,,,,,,,,,,,,,,,,,,,,,,,,,,,,,,,,,,,,,,,,,,,,,,,,,,,,,,,,,,,,,,,,,,,,,,,,,,,,,,,,,,,,,,,,,,,,,,,,,,,,,,,,,,,,,,,,,,,,,,,,,,,,,,,,,,,,,,,,,,,,,,,,,162.4,168.7,168.1,174.6,174.6,174.6,174.6,174.6,174.6,174.6,174.6,174.6,174.6,174.6,174.6,174.6,174.6,174.6,174.6,174.6,174.6,174.6,174.6,174.6,174.6,174.6,174.6,174.6,174.6,174.6,174.6,174.6,174.6
2023-12-01,,,,,,,,,,,,,,,,,,,,,,,,,,,,,,,,,,,,,,,,,,,,,,,,,,,,,,,,,,,,,,,,,,,,,,,,,,,,,,,,,,,,,,,,,,,,,,,,,,,,,,,,,,,,,,,,,,,,,,,,,,,,,,,,,,,,,,,,,,,,,,,,,,,,,,,,,,,,,,,,,,,,,,,185.4,184.4,188.5,188.6,188.6,188.6,188.6,188.6,188.6,188.6,188.6,188.6,188.6,188.6,188.6,188.6,188.6,188.6,188.6,188.6,188.6,188.6,188.6,188.6,188.6,188.6,188.6,188.6,188.6,188.6,188.6,188.6
2024-01-01,,,,,,,,,,,,,,,,,,,,,,,,,,,,,,,,,,,,,,,,,,,,,,,,,,,,,,,,,,,,,,,,,,,,,,,,,,,,,,,,,,,,,,,,,,,,,,,,,,,,,,,,,,,,,,,,,,,,,,,,,,,,,,,,,,,,,,,,,,,,,,,,,,,,,,,,,,,,,,,,,,,,,,,,167.9,170.8,167.9,156.6,156.6,156.6,156.6,156.6,156.6,156.6,156.6,156.6,156.6,156.6,156.6,156.6,156.6,156.6,156.6,156.6,156.6,156.6,156.6,156.6,156.6,156.6,156.6,156.6,156.6,156.6,156.6
2024-02-01,,,,,,,,,,,,,,,,,,,,,,,,,,,,,,,,,,,,,,,,,,,,,,,,,,,,,,,,,,,,,,,,,,,,,,,,,,,,,,,,,,,,,,,,,,,,,,,,,,,,,,,,,,,,,,,,,,,,,,,,,,,,,,,,,,,,,,,,,,,,,,,,,,,,,,,,,,,,,,,,,,,,,,,,,168.4,158.4,151.6,151.6,151.6,151.6,151.6,151.6,151.6,151.6,151.6,151.6,151.6,151.6,151.6,151.6,151.6,151.6,151.6,151.6,151.6,151.6,151.6,151.6,151.6,151.6,151.6,151.6,151.6,151.6
2024-03-01,,,,,,,,,,,,,,,,,,,,,,,,,,,,,,,,,,,,,,,,,,,,,,,,,,,,,,,,,,,,,,,,,,,,,,,,,,,,,,,,,,,,,,,,,,,,,,,,,,,,,,,,,,,,,,,,,,,,,,,,,,,,,,,,,,,,,,,,,,,,,,,,,,,,,,,,,,,,,,,,,,,,,,,,,,157.2,159.1,159.1,157.9,157.9,157.9,157.9,157.9,157.9,157.9,157.9,157.9,157.9,157.9,157.9,157.9,157.9,157.9,157.9,157.9,157.9,157.9,157.9,157.9,157.9,157.9,157.9,157.9,157.9
2024-04-01,,,,,,,,,,,,,,,,,,,,,,,,,,,,,,,,,,,,,,,,,,,,,,,,,,,,,,,,,,,,,,,,,,,,,,,,,,,,,,,,,,,,,,,,,,,,,,,,,,,,,,,,,,,,,,,,,,,,,,,,,,,,,,,,,,,,,,,,,,,,,,,,,,,,,,,,,,,,,,,,,,,,,,,,,,,169.4,172.4,170.9,170.8,170.8,170.8,170.8,170.8,170.8,170.8,170.8,170.8,170.8,170.8,170.8,170.8,170.8,170.8,170.8,170.8,170.8,170.8,170.8,170.8,170.8,170.8,170.8,170.8
2024-05-01,,,,,,,,,,,,,,,,,,,,,,,,,,,,,,,,,,,,,,,,,,,,,,,,,,,,,,,,,,,,,,,,,,,,,,,,,,,,,,,,,,,,,,,,,,,,,,,,,,,,,,,,,,,,,,,,,,,,,,,,,,,,,,,,,,,,,,,,,,,,,,,,,,,,,,,,,,,,,,,,,,,,,,,,,,,,169.4,164.2,164.2,164.2,164.2,164.2,164.2,164.2,164.2,164.2,164.2,164.2,164.2,164.2,164.2,164.2,164.2,164.2,164.2,164.2,164.2,164.2,164.2,164.2,164.2,164.2,164.2
2024-06-01,,,,,,,,,,,,,,,,,,,,,,,,,,,,,,,,,,,,,,,,,,,,,,,,,,,,,,,,,,,,,,,,,,,,,,,,,,,,,,,,,,,,,,,,,,,,,,,,,,,,,,,,,,,,,,,,,,,,,,,,,,,,,,,,,,,,,,,,,,,,,,,,,,,,,,,,,,,,,,,,,,,,,,,,,,,,,175.4,173.9,174.1,169.7,169.7,169.7,169.7,169.7,169.7,169.7,169.7,169.7,169.7,169.7,169.7,169.7,169.7,169.7,169.7,169.7,169.7,169.7,169.7,169.7,169.7,169.7
2024-07-01,,,,,,,,,,,,,,,,,,,,,,,,,,,,,,,,,,,,,,,,,,,,,,,,,,,,,,,,,,,,,,,,,,,,,,,,,,,,,,,,,,,,,,,,,,,,,,,,,,,,,,,,,,,,,,,,,,,,,,,,,,,,,,,,,,,,,,,,,,,,,,,,,,,,,,,,,,,,,,,,,,,,,,,,,,,,,,186.9,185.9,180.3,180.2,180.2,180.2,180.2,180.2,180.2,180.2,180.2,180.2,180.2,180.2,180.2,180.2,180.2,180.2,180.2,180.2,180.2,180.2,180.2,180.2,180.2
2024-08-01,,,,,,,,,,,,,,,,,,,,,,,,,,,,,,,,,,,,,,,,,,,,,,,,,,,,,,,,,,,,,,,,,,,,,,,,,,,,,,,,,,,,,,,,,,,,,,,,,,,,,,,,,,,,,,,,,,,,,,,,,,,,,,,,,,,,,,,,,,,,,,,,,,,,,,,,,,,,,,,,,,,,,,,,,,,,,,,190.9,186.3,186.4,186.4,186.4,186.4,186.4,186.4,186.4,186.4,186.4,186.4,186.4,186.4,186.4,186.4,186.4,186.4,186.4,186.4,186.4,186.4,186.4,186.4
2024-09-01,,,,,,,,,,,,,,,,,,,,,,,,,,,,,,,,,,,,,,,,,,,,,,,,,,,,,,,,,,,,,,,,,,,,,,,,,,,,,,,,,,,,,,,,,,,,,,,,,,,,,,,,,,,,,,,,,,,,,,,,,,,,,,,,,,,,,,,,,,,,,,,,,,,,,,,,,,,,,,,,,,,,,,,,,,,,,,,,197.6,198.7,197.4,199.2,199.2,199.2,199.2,199.2,199.2,199.2,199.2,199.2,199.2,199.2,199.2,199.2,199.2,199.2,199.2,199.2,199.2,199.2,199.2
2024-10-01,,,,,,,,,,,,,,,,,,,,,,,,,,,,,,,,,,,,,,,,,,,,,,,,,,,,,,,,,,,,,,,,,,,,,,,,,,,,,,,,,,,,,,,,,,,,,,,,,,,,,,,,,,,,,,,,,,,,,,,,,,,,,,,,,,,,,,,,,,,,,,,,,,,,,,,,,,,,,,,,,,,,,,,,,,,,,,,,,218.8,210.1,217.6,218.0,218.0,218.0,218.0,218.0,218.0,218.0,218.0,218.0,218.0,218.0,218.0,218.0,218.0,218.0,218.0,218.0,218.0,218.0
2024-11-01,,,,,,,,,,,,,,,,,,,,,,,,,,,,,,,,,,,,,,,,,,,,,,,,,,,,,,,,,,,,,,,,,,,,,,,,,,,,,,,,,,,,,,,,,,,,,,,,,,,,,,,,,,,,,,,,,,,,,,,,,,,,,,,,,,,,,,,,,,,,,,,,,,,,,,,,,,,,,,,,,,,,,,,,,,,,,,,,,,198.1,204.1,202.3,202.7,202.7,202.7,202.7,202.7,202.7,202.7,202.7,202.7,202.7,202.7,202.7,202.7,202.7,202.7,202.7,202.7,202.7
2024-12-01,,,,,,,,,,,,,,,,,,,,,,,,,,,,,,,,,,,,,,,,,,,,,,,,,,,,,,,,,,,,,,,,,,,,,,,,,,,,,,,,,,,,,,,,,,,,,,,,,,,,,,,,,,,,,,,,,,,,,,,,,,,,,,,,,,,,,,,,,,,,,,,,,,,,,,,,,,,,,,,,,,,,,,,,,,,,,,,,,,,203.8,202.5,202.9,205.5,205.5,205.5,205.5,205.5,205.5,205.5,205.5,205.5,205.5,205.5,205.5,205.5,205.5,205.5,205.5,205.5
2025-01-01,,,,,,,,,,,,,,,,,,,,,,,,,,,,,,,,,,,,,,,,,,,,,,,,,,,,,,,,,,,,,,,,,,,,,,,,,,,,,,,,,,,,,,,,,,,,,,,,,,,,,,,,,,,,,,,,,,,,,,,,,,,,,,,,,,,,,,,,,,,,,,,,,,,,,,,,,,,,,,,,,,,,,,,,,,,,,,,,,,,,193.2,190.3,192.3,192.9,192.9,192.9,192.9,192.9,192.9,192.9,192.9,192.9,192.9,192.9,192.9,192.9,192.9,192.9,192.9
2025-02-01,,,,,,,,,,,,,,,,,,,,,,,,,,,,,,,,,,,,,,,,,,,,,,,,,,,,,,,,,,,,,,,,,,,,,,,,,,,,,,,,,,,,,,,,,,,,,,,,,,,,,,,,,,,,,,,,,,,,,,,,,,,,,,,,,,,,,,,,,,,,,,,,,,,,,,,,,,,,,,,,,,,,,,,,,,,,,,,,,,,,,166.3,167.1,167.9,167.9,167.9,167.9,167.9,167.9,167.9,167.9,167.9,167.9,167.9,167.9,167.9,167.9,167.9,167.9
2025-03-01,,,,,,,,,,,,,,,,,,,,,,,,,,,,,,,,,,,,,,,,,,,,,,,,,,,,,,,,,,,,,,,,,,,,,,,,,,,,,,,,,,,,,,,,,,,,,,,,,,,,,,,,,,,,,,,,,,,,,,,,,,,,,,,,,,,,,,,,,,,,,,,,,,,,,,,,,,,,,,,,,,,,,,,,,,,,,,,,,,,,,,173.8,173.1,173.1,173.1,173.1,173.1,173.1,173.1,173.1,173.1,173.1,173.1,173.1,173.1,173.1,173.1,173.1
2025-04-01,,,,,,,,,,,,,,,,,,,,,,,,,,,,,,,,,,,,,,,,,,,,,,,,,,,,,,,,,,,,,,,,,,,,,,,,,,,,,,,,,,,,,,,,,,,,,,,,,,,,,,,,,,,,,,,,,,,,,,,,,,,,,,,,,,,,,,,,,,,,,,,,,,,,,,,,,,,,,,,,,,,,,,,,,,,,,,,,,,,,,,,179.4,177.6,177.6,177.6,177.6,177.6,177.6,177.6,177.6,177.6,177.6,177.6,177.6,177.6,177.6,177.6
2025-05-01,,,,,,,,,,,,,,,,,,,,,,,,,,,,,,,,,,,,,,,,,,,,,,,,,,,,,,,,,,,,,,,,,,,,,,,,,,,,,,,,,,,,,,,,,,,,,,,,,,,,,,,,,,,,,,,,,,,,,,,,,,,,,,,,,,,,,,,,,,,,,,,,,,,,,,,,,,,,,,,,,,,,,,,,,,,,,,,,,,,,,,,,165.9,166.2,166.2,166.2,166.2,166.2,166.2,166.2,166.2,166.2,166.2,166.2,166.2,166.2,166.2
2025-06-01,,,,,,,,,,,,,,,,,,,,,,,,,,,,,,,,,,,,,,,,,,,,,,,,,,,,,,,,,,,,,,,,,,,,,,,,,,,,,,,,,,,,,,,,,,,,,,,,,,,,,,,,,,,,,,,,,,,,,,,,,,,,,,,,,,,,,,,,,,,,,,,,,,,,,,,,,,,,,,,,,,,,,,,,,,,,,,,,,,,,,,,,,175.7,173.6,173.7,169.6,169.6,169.6,169.6,169.6,169.6,169.6,169.6,169.6,169.6,169.6
2025-07-01,,,,,,,,,,,,,,,,,,,,,,,,,,,,,,,,,,,,,,,,,,,,,,,,,,,,,,,,,,,,,,,,,,,,,,,,,,,,,,,,,,,,,,,,,,,,,,,,,,,,,,,,,,,,,,,,,,,,,,,,,,,,,,,,,,,,,,,,,,,,,,,,,,,,,,,,,,,,,,,,,,,,,,,,,,,,,,,,,,,,,,,,,,175.0,176.9,165.3,165.3,165.3,165.3,165.3,165.3,165.3,165.3,165.3,165.3,165.3
2025-08-01,,,,,,,,,,,,,,,,,,,,,,,,,,,,,,,,,,,,,,,,,,,,,,,,,,,,,,,,,,,,,,,,,,,,,,,,,,,,,,,,,,,,,,,,,,,,,,,,,,,,,,,,,,,,,,,,,,,,,,,,,,,,,,,,,,,,,,,,,,,,,,,,,,,,,,,,,,,,,,,,,,,,,,,,,,,,,,,,,,,,,,,,,,,179.4,165.9,166.5,166.5,166.5,166.5,166.5,166.5,166.5,166.5,166.5,166.5
2025-09-01,,,,,,,,,,,,,,,,,,,,,,,,,,,,,,,,,,,,,,,,,,,,,,,,,,,,,,,,,,,,,,,,,,,,,,,,,,,,,,,,,,,,,,,,,,,,,,,,,,,,,,,,,,,,,,,,,,,,,,,,,,,,,,,,,,,,,,,,,,,,,,,,,,,,,,,,,,,,,,,,,,,,,,,,,,,,,,,,,,,,,,,,,,,,165.8,166.7,166.7,166.7,166.7,166.7,166.7,166.7,166.7,166.7,166.7
2025-10-01,,,,,,,,,,,,,,,,,,,,,,,,,,,,,,,,,,,,,,,,,,,,,,,,,,,,,,,,,,,,,,,,,,,,,,,,,,,,,,,,,,,,,,,,,,,,,,,,,,,,,,,,,,,,,,,,,,,,,,,,,,,,,,,,,,,,,,,,,,,,,,,,,,,,,,,,,,,,,,,,,,,,,,,,,,,,,,,,,,,,,,,,,,,,,,,,,,,,,,
2025-11-01,,,,,,,,,,,,,,,,,,,,,,,,,,,,,,,,,,,,,,,,,,,,,,,,,,,,,,,,,,,,,,,,,,,,,,,,,,,,,,,,,,,,,,,,,,,,,,,,,,,,,,,,,,,,,,,,,,,,,,,,,,,,,,,,,,,,,,,,,,,,,,,,,,,,,,,,,,,,,,,,,,,,,,,,,,,,,,,,,,,,,,,,,,,,,175.3,175.3,182.5,182.5,182.5,182.5,182.5,182.5,182.5,182.5
2025-12-01,,,,,,,,,,,,,,,,,,,,,,,,,,,,,,,,,,,,,,,,,,,,,,,,,,,,,,,,,,,,,,,,,,,,,,,,,,,,,,,,,,,,,,,,,,,,,,,,,,,,,,,,,,,,,,,,,,,,,,,,,,,,,,,,,,,,,,,,,,,,,,,,,,,,,,,,,,,,,,,,,,,,,,,,,,,,,,,,,,,,,,,,,,,,,,,190.0,190.0,190.0,190.0,190.0,190.0,190.0,190.0
2026-01-01,,,,,,,,,,,,,,,,,,,,,,,,,,,,,,,,,,,,,,,,,,,,,,,,,,,,,,,,,,,,,,,,,,,,,,,,,,,,,,,,,,,,,,,,,,,,,,,,,,,,,,,,,,,,,,,,,,,,,,,,,,,,,,,,,,,,,,,,,,,,,,,,,,,,,,,,,,,,,,,,,,,,,,,,,,,,,,,,,,,,,,,,,,,,,,,173.2,172.3,173.5,173.4,173.4,173.4,173.4,173.4
2026-02-01,,,,,,,,,,,,,,,,,,,,,,,,,,,,,,,,,,,,,,,,,,,,,,,,,,,,,,,,,,,,,,,,,,,,,,,,,,,,,,,,,,,,,,,,,,,,,,,,,,,,,,,,,,,,,,,,,,,,,,,,,,,,,,,,,,,,,,,,,,,,,,,,,,,,,,,,,,,,,,,,,,,,,,,,,,,,,,,,,,,,,,,,,,,,,,,,171.2,170.9,170.5,170.5,170.5,170.5,170.5
2026-03-01,,,,,,,,,,,,,,,,,,,,,,,,,,,,,,,,,,,,,,,,,,,,,,,,,,,,,,,,,,,,,,,,,,,,,,,,,,,,,,,,,,,,,,,,,,,,,,,,,,,,,,,,,,,,,,,,,,,,,,,,,,,,,,,,,,,,,,,,,,,,,,,,,,,,,,,,,,,,,,,,,,,,,,,,,,,,,,,,,,,,,,,,,,,,,,,,,160.8,164.4,164.4,164.4,164.4,164.4
2026-04-01,,,,,,,,,,,,,,,,,,,,,,,,,,,,,,,,,,,,,,,,,,,,,,,,,,,,,,,,,,,,,,,,,,,,,,,,,,,,,,,,,,,,,,,,,,,,,,,,,,,,,,,,,,,,,,,,,,,,,,,,,,,,,,,,,,,,,,,,,,,,,,,,,,,,,,,,,,,,,,,,,,,,,,,,,,,,,,,,,,,,,,,,,,,,,,,,,,179.5,179.9,179.7,184.6,184.6
2026-05-01,,,,,,,,,,,,,,,,,,,,,,,,,,,,,,,,,,,,,,,,,,,,,,,,,,,,,,,,,,,,,,,,,,,,,,,,,,,,,,,,,,,,,,,,,,,,,,,,,,,,,,,,,,,,,,,,,,,,,,,,,,,,,,,,,,,,,,,,,,,,,,,,,,,,,,,,,,,,,,,,,,,,,,,,,,,,,,,,,,,,,,,,,,,,,,,,,,,218.1,218.1,216.6,216.6
2026-06-01,,,,,,,,,,,,,,,,,,,,,,,,,,,,,,,,,,,,,,,,,,,,,,,,,,,,,,,,,,,,,,,,,,,,,,,,,,,,,,,,,,,,,,,,,,,,,,,,,,,,,,,,,,,,,,,,,,,,,,,,,,,,,,,,,,,,,,,,,,,,,,,,,,,,,,,,,,,,,,,,,,,,,,,,,,,,,,,,,,,,,,,,,,,,,,,,,,,,213.4,211.5,211.4
2026-07-01,,,,,,,,,,,,,,,,,,,,,,,,,,,,,,,,,,,,,,,,,,,,,,,,,,,,,,,,,,,,,,,,,,,,,,,,,,,,,,,,,,,,,,,,,,,,,,,,,,,,,,,,,,,,,,,,,,,,,,,,,,,,,,,,,,,,,,,,,,,,,,,,,,,,,,,,,,,,,,,,,,,,,,,,,,,,,,,,,,,,,,,,,,,,,,,,,,,,,199.3,200.6
2026-08-01,,,,,,,,,,,,,,,,,,,,,,,,,,,,,,,,,,,,,,,,,,,,,,,,,,,,,,,,,,,,,,,,,,,,,,,,,,,,,,,,,,,,,,,,,,,,,,,,,,,,,,,,,,,,,,,,,,,,,,,,,,,,,,,,,,,,,,,,,,,,,,,,,,,,,,,,,,,,,,,,,,,,,,,,,,,,,,,,,,,,,,,,,,,,,,,,,,,,,,206.1
