release_date,series,month,value,rule
2010-03-16,IV131,2009-12-01,163.9,c first release of the span: database value
2010-03-16,IV131,2010-01-01,151.4,"b first revision, printed"
2010-03-16,IV131,2010-02-01,151.0,"a first publication, printed"
2010-04-13,IV131,2010-01-01,156.7,d1 single consistent value
2010-04-13,IV131,2010-02-01,156.2,"b first revision, printed"
2010-04-13,IV131,2010-03-01,156.0,"a first publication, printed"
2010-05-13,IV131,2010-02-01,156.2,d1 single consistent value
2010-05-13,IV131,2010-03-01,156.6,"b first revision, printed"
2010-05-13,IV131,2010-04-01,156.8,"a first publication, printed"
2010-06-15,IV131,2010-03-01,158.2,d1 single consistent value
2010-06-15,IV131,2010-04-01,160.1,"b first revision, printed"
2010-06-15,IV131,2010-05-01,163.4,"a first publication, printed"
2010-07-14,IV131,2010-04-01,160.3,d1 single consistent value
2010-07-14,IV131,2010-05-01,163.6,"b first revision, printed"
2010-07-14,IV131,2010-06-01,162.1,"a first publication, printed"
2010-08-12,IV131,2010-05-01,164.0,d3 nearest consistent value
2010-08-12,IV131,2010-06-01,162.5,"b first revision, printed"
2010-08-12,IV131,2010-07-01,160.7,"a first publication, printed"
2010-09-15,IV131,2010-06-01,162.5,d1 single consistent value
2010-09-15,IV131,2010-07-01,160.7,"b first revision, printed"
2010-09-15,IV131,2010-08-01,162.8,"a first publication, printed"
2010-10-13,IV131,2010-07-01,160.7,d1 single consistent value
2010-10-13,IV131,2010-08-01,162.8,"b first revision, printed"
2010-10-13,IV131,2010-09-01,163.2,"a first publication, printed"
2010-11-10,IV131,2010-08-01,162.8,d1 single consistent value
2010-11-10,IV131,2010-09-01,163.2,"b first revision, printed"
2010-11-10,IV131,2010-10-01,164.7,"a first publication, printed"
2010-12-10,IV131,2010-09-01,163.2,"d2 carried, consistent"
2010-12-10,IV131,2010-10-01,164.8,"b first revision, printed"
2010-12-10,IV131,2010-11-01,170.5,"a first publication, printed"
2011-01-12,IV131,2010-10-01,164.8,d1 single consistent value
2011-01-12,IV131,2010-11-01,169.7,"b first revision, printed"
2011-01-12,IV131,2010-12-01,169.2,"a first publication, printed"
2011-02-15,IV131,2010-11-01,169.6,d1 single consistent value
2011-02-15,IV131,2010-12-01,170.0,"b first revision, printed"
2011-02-15,IV131,2011-01-01,167.2,"a first publication, printed"
2011-03-15,IV131,2010-12-01,170.0,"d2 carried, consistent"
2011-03-15,IV131,2011-01-01,167.3,"b first revision, printed"
2011-03-15,IV131,2011-02-01,170.1,"a first publication, printed"
2011-04-12,IV131,2011-01-01,167.2,d1 single consistent value
2011-04-12,IV131,2011-02-01,170.2,"b first revision, printed"
2011-04-12,IV131,2011-03-01,170.5,"a first publication, printed"
2011-05-10,IV131,2011-02-01,171.4,d1 single consistent value
2011-05-10,IV131,2011-03-01,172.8,"b first revision, printed"
2011-05-10,IV131,2011-04-01,174.8,"a first publication, printed"
2011-06-10,IV131,2011-03-01,172.8,"d2 carried, consistent"
2011-06-10,IV131,2011-04-01,175.0,"b first revision, printed"
2011-06-10,IV131,2011-05-01,180.0,"a first publication, printed"
2011-07-13,IV131,2011-04-01,174.9,d1 single consistent value
2011-07-13,IV131,2011-05-01,184.9,"b first revision, printed"
2011-07-13,IV131,2011-06-01,184.7,"a first publication, printed"
2011-08-16,IV131,2011-05-01,185.0,d1 single consistent value
2011-08-16,IV131,2011-06-01,184.9,"b first revision, printed"
2011-08-16,IV131,2011-07-01,184.6,"a first publication, printed"
2011-09-13,IV131,2011-06-01,184.8,d1 single consistent value
2011-09-13,IV131,2011-07-01,184.4,"b first revision, printed"
2011-09-13,IV131,2011-08-01,185.5,"a first publication, printed"
2011-10-14,IV131,2011-07-01,183.9,d3 nearest consistent value
2011-10-14,IV131,2011-08-01,183.6,"b first revision, printed"
2011-10-14,IV131,2011-09-01,183.5,"a first publication, printed"
2011-11-10,IV131,2011-08-01,186.1,d1 single consistent value
2011-11-10,IV131,2011-09-01,185.5,"b first revision, printed"
2011-11-10,IV131,2011-10-01,181.2,"a first publication, printed"
2011-12-14,IV131,2011-09-01,185.5,d1 single consistent value
2011-12-14,IV131,2011-10-01,181.3,"b first revision, printed"
2011-12-14,IV131,2011-11-01,178.3,"a first publication, printed"
2012-01-13,IV131,2011-10-01,181.1,d1 single consistent value
2012-01-13,IV131,2011-11-01,177.9,"b first revision, printed"
2012-01-13,IV131,2011-12-01,176.9,"a first publication, printed"
2012-02-14,IV131,2011-11-01,177.9,d1 single consistent value
2012-02-14,IV131,2011-12-01,176.9,"b first revision, printed"
2012-02-14,IV131,2012-01-01,171.1,"a first publication, printed"
2012-03-14,IV131,2011-12-01,177.0,d1 single consistent value
2012-03-14,IV131,2012-01-01,171.2,"b first revision, printed"
2012-03-14,IV131,2012-02-01,169.2,"a first publication, printed"
2012-04-11,IV131,2012-01-01,171.2,"d2 carried, consistent"
2012-04-11,IV131,2012-02-01,168.5,"b first revision, printed"
2012-04-11,IV131,2012-03-01,172.9,"a first publication, printed"
2012-05-10,IV131,2012-02-01,169.2,d3 nearest consistent value
2012-05-10,IV131,2012-03-01,173.4,"b first revision, printed"
2012-05-10,IV131,2012-04-01,177.4,"a first publication, printed"
2012-06-12,IV131,2012-03-01,173.7,d1 single consistent value
2012-06-12,IV131,2012-04-01,177.0,"b first revision, printed"
2012-06-12,IV131,2012-05-01,177.5,"a first publication, printed"
2012-07-12,IV131,2012-04-01,177.0,d1 single consistent value
2012-07-12,IV131,2012-05-01,177.5,"b first revision, printed"
2012-07-12,IV131,2012-06-01,178.1,"a first publication, printed"
2012-08-10,IV131,2012-05-01,177.5,"d2 carried, consistent"
2012-08-10,IV131,2012-06-01,178.6,"b first revision, printed"
2012-08-10,IV131,2012-07-01,176.1,"a first publication, printed"
2012-09-12,IV131,2012-06-01,178.6,d1 single consistent value
2012-09-12,IV131,2012-07-01,176.1,"b first revision, printed"
2012-09-12,IV131,2012-08-01,173.3,"a first publication, printed"
2012-10-11,IV131,2012-07-01,176.1,d1 single consistent value
2012-10-11,IV131,2012-08-01,173.3,"b first revision, printed"
2012-10-11,IV131,2012-09-01,173.9,"a first publication, printed"
2012-11-09,IV131,2012-08-01,173.3,d1 single consistent value
2012-11-09,IV131,2012-09-01,173.9,"b first revision, printed"
2012-11-09,IV131,2012-10-01,176.2,"a first publication, printed"
2012-12-12,IV131,2012-09-01,173.9,d1 single consistent value
2012-12-12,IV131,2012-10-01,176.2,"b first revision, printed"
2012-12-12,IV131,2012-11-01,177.0,"a first publication, printed"
2013-01-11,IV131,2012-10-01,176.1,d1 single consistent value
2013-01-11,IV131,2012-11-01,177.1,"b first revision, printed"
2013-01-11,IV131,2012-12-01,175.8,"a first publication, printed"
2013-02-13,IV131,2012-11-01,177.1,d1 single consistent value
2013-02-13,IV131,2012-12-01,175.8,"b first revision, printed"
2013-02-13,IV131,2013-01-01,176.2,"a first publication, printed"
2013-03-13,IV131,2012-12-01,175.8,"d2 carried, consistent"
2013-03-13,IV131,2013-01-01,176.2,"b first revision, printed"
2013-03-13,IV131,2013-02-01,175.5,"a first publication, printed"
2013-04-11,IV131,2013-01-01,176.2,d1 single consistent value
2013-04-11,IV131,2013-02-01,175.5,"b first revision, printed"
2013-04-11,IV131,2013-03-01,174.4,"a first publication, printed"
2013-05-14,IV131,2013-02-01,175.5,d1 single consistent value
2013-05-14,IV131,2013-03-01,174.4,"b first revision, printed"
2013-05-14,IV131,2013-04-01,172.8,"a first publication, printed"
2013-06-13,IV131,2013-03-01,174.4,d1 single consistent value
2013-06-13,IV131,2013-04-01,173.0,"b first revision, printed"
2013-06-13,IV131,2013-05-01,172.4,"a first publication, printed"
2013-07-11,IV131,2013-04-01,172.7,d1 single consistent value
2013-07-11,IV131,2013-05-01,172.3,"b first revision, printed"
2013-07-11,IV131,2013-06-01,171.8,"a first publication, printed"
2013-08-13,IV131,2013-05-01,172.3,"d2 carried, consistent"
2013-08-13,IV131,2013-06-01,171.8,"b first revision, printed"
2013-08-13,IV131,2013-07-01,172.4,"a first publication, printed"
2013-09-12,IV131,2013-06-01,171.8,d1 single consistent value
2013-09-12,IV131,2013-07-01,172.4,"b first revision, printed"
2013-09-12,IV131,2013-08-01,171.9,"a first publication, printed"
2013-10-23,IV131,2013-07-01,172.1,d3 nearest consistent value
2013-10-23,IV131,2013-08-01,171.8,"b first revision, printed"
2013-10-23,IV131,2013-09-01,172.8,"a first publication, printed"
2013-11-15,IV131,2013-08-01,171.8,"d2 carried, consistent"
2013-11-15,IV131,2013-09-01,172.8,"b first revision, printed"
2013-11-15,IV131,2013-10-01,174.3,"a first publication, printed"
2013-12-12,IV131,2013-09-01,172.8,d1 single consistent value
2013-12-12,IV131,2013-10-01,174.3,"b first revision, printed"
2013-12-12,IV131,2013-11-01,177.0,"a first publication, printed"
2014-01-14,IV131,2013-10-01,174.3,d1 single consistent value
2014-01-14,IV131,2013-11-01,178.1,"b first revision, printed"
2014-01-14,IV131,2013-12-01,177.3,"a first publication, printed"
2014-02-14,IV131,2013-11-01,178.1,d1 single consistent value
2014-02-14,IV131,2013-12-01,177.3,"b first revision, printed"
2014-02-14,IV131,2014-01-01,177.3,"a first publication, printed"
2014-03-13,IV131,2013-12-01,177.3,d1 single consistent value
2014-03-13,IV131,2014-01-01,177.3,"b first revision, printed"
2014-03-13,IV131,2014-02-01,176.3,"a first publication, printed"
2014-04-10,IV131,2014-01-01,177.1,d1 single consistent value
2014-04-10,IV131,2014-02-01,176.1,"b first revision, printed"
2014-04-10,IV131,2014-03-01,176.8,"a first publication, printed"
2014-05-13,IV131,2014-02-01,176.2,d1 single consistent value
2014-05-13,IV131,2014-03-01,176.6,"b first revision, printed"
2014-05-13,IV131,2014-04-01,175.8,"a first publication, printed"
2014-06-12,IV131,2014-03-01,176.6,d1 single consistent value
2014-06-12,IV131,2014-04-01,175.8,"b first revision, printed"
2014-06-12,IV131,2014-05-01,175.3,"a first publication, printed"
2014-07-15,IV131,2014-04-01,175.8,d1 single consistent value
2014-07-15,IV131,2014-05-01,175.7,"b first revision, printed"
2014-07-15,IV131,2014-06-01,175.7,"a first publication, printed"
2014-08-14,IV131,2014-05-01,175.7,d1 single consistent value
2014-08-14,IV131,2014-06-01,175.7,"b first revision, printed"
2014-08-14,IV131,2014-07-01,175.2,"a first publication, printed"
2014-09-12,IV131,2014-06-01,175.7,d1 single consistent value
2014-09-12,IV131,2014-07-01,175.2,"b first revision, printed"
2014-09-12,IV131,2014-08-01,175.8,"a first publication, printed"
2014-10-10,IV131,2014-07-01,175.2,d1 single consistent value
2014-10-10,IV131,2014-08-01,175.9,"b first revision, printed"
2014-10-10,IV131,2014-09-01,175.1,"a first publication, printed"
2014-11-14,IV131,2014-08-01,175.9,d1 single consistent value
2014-11-14,IV131,2014-09-01,174.6,"b first revision, printed"
2014-11-14,IV131,2014-10-01,172.5,"a first publication, printed"
2014-12-11,IV131,2014-09-01,174.6,d1 single consistent value
2014-12-11,IV131,2014-10-01,172.5,"b first revision, printed"
2014-12-11,IV131,2014-11-01,171.6,"a first publication, printed"
2015-01-14,IV131,2014-10-01,172.5,d1 single consistent value
2015-01-14,IV131,2014-11-01,170.2,"b first revision, printed"
2015-01-14,IV131,2014-12-01,167.2,"a first publication, printed"
2015-02-13,IV131,2014-11-01,170.0,d1 single consistent value
2015-02-13,IV131,2014-12-01,167.1,"b first revision, printed"
2015-02-13,IV131,2015-01-01,167.3,"a first publication, printed"
2015-03-12,IV131,2014-12-01,167.1,d1 single consistent value
2015-03-12,IV131,2015-01-01,168.1,"b first revision, printed"
2015-03-12,IV131,2015-02-01,164.4,"a first publication, printed"
2015-04-10,IV131,2015-01-01,167.5,d1 single consistent value
2015-04-10,IV131,2015-02-01,168.0,"b first revision, printed"
2015-04-10,IV131,2015-03-01,173.8,"a first publication, printed"
2015-05-13,IV131,2015-02-01,167.7,d1 single consistent value
2015-05-13,IV131,2015-03-01,172.9,"b first revision, printed"
2015-05-13,IV131,2015-04-01,173.8,"a first publication, printed"
2015-06-11,IV131,2015-03-01,172.7,d3 nearest consistent value
2015-06-11,IV131,2015-04-01,176.0,"b first revision, printed"
2015-06-11,IV131,2015-05-01,175.3,"a first publication, printed"
2015-07-14,IV131,2015-04-01,176.0,d1 single consistent value
2015-07-14,IV131,2015-05-01,175.4,"b first revision, printed"
2015-07-14,IV131,2015-06-01,173.8,"a first publication, printed"
2015-08-13,IV131,2015-05-01,171.6,d1 single consistent value
2015-08-13,IV131,2015-06-01,170.2,"b first revision, printed"
2015-08-13,IV131,2015-07-01,165.0,"a first publication, printed"
2015-09-10,IV131,2015-06-01,170.2,"d2 carried, consistent"
2015-09-10,IV131,2015-07-01,164.8,"b first revision, printed"
2015-09-10,IV131,2015-08-01,161.5,"a first publication, printed"
2015-10-09,IV131,2015-07-01,163.1,d3 nearest consistent value
2015-10-09,IV131,2015-08-01,159.8,"b first revision, printed"
2015-10-09,IV131,2015-09-01,156.6,"a first publication, printed"
2015-11-10,IV131,2015-08-01,161.1,d1 single consistent value
2015-11-10,IV131,2015-09-01,157.5,"b first revision, printed"
2015-11-10,IV131,2015-10-01,167.8,"a first publication, printed"
2015-12-10,IV131,2015-09-01,158.0,d3 nearest consistent value
2015-12-10,IV131,2015-10-01,166.1,"b first revision, printed"
2015-12-10,IV131,2015-11-01,167.4,"a first publication, printed"
2016-01-14,IV131,2015-10-01,166.0,d1 single consistent value
2016-01-14,IV131,2015-11-01,167.3,"b first revision, printed"
2016-01-14,IV131,2015-12-01,162.8,"a first publication, printed"
2016-02-12,IV131,2015-11-01,166.7,d3 nearest consistent value
2016-02-12,IV131,2015-12-01,162.0,"b first revision, printed"
2016-02-12,IV131,2016-01-01,154.6,"a first publication, printed"
2016-03-11,IV131,2015-12-01,162.0,d1 single consistent value
2016-03-11,IV131,2016-01-01,154.5,"b first revision, printed"
2016-03-11,IV131,2016-02-01,151.7,"a first publication, printed"
2016-04-12,IV131,2016-01-01,154.5,d1 single consistent value
2016-04-12,IV131,2016-02-01,151.2,"b first revision, printed"
2016-04-12,IV131,2016-03-01,151.1,"a first publication, printed"
2016-05-12,IV131,2016-02-01,151.2,"d2 carried, consistent"
2016-05-12,IV131,2016-03-01,151.1,"b first revision, printed"
2016-05-12,IV131,2016-04-01,154.1,"a first publication, printed"
2016-06-14,IV131,2016-03-01,151.1,"d2 carried, consistent"
2016-06-14,IV131,2016-04-01,152.4,"b first revision, printed"
2016-06-14,IV131,2016-05-01,151.1,"a first publication, printed"
2016-07-13,IV131,2016-04-01,152.4,"d2 carried, consistent"
2016-07-13,IV131,2016-05-01,151.1,"b first revision, printed"
2016-07-13,IV131,2016-06-01,148.1,"a first publication, printed"
2016-08-11,IV131,2016-05-01,151.1,d1 single consistent value
2016-08-11,IV131,2016-06-01,148.0,"b first revision, printed"
2016-08-11,IV131,2016-07-01,151.7,"a first publication, printed"
2016-09-14,IV131,2016-06-01,147.4,d1 single consistent value
2016-09-14,IV131,2016-07-01,151.0,"b first revision, printed"
2016-09-14,IV131,2016-08-01,152.7,"a first publication, printed"
2016-10-13,IV131,2016-07-01,148.8,d1 single consistent value
2016-10-13,IV131,2016-08-01,151.2,"b first revision, printed"
2016-10-13,IV131,2016-09-01,153.0,"a first publication, printed"
2016-11-15,IV131,2016-08-01,151.2,d1 single consistent value
2016-11-15,IV131,2016-09-01,153.0,"b first revision, printed"
2016-11-15,IV131,2016-10-01,159.1,"a first publication, printed"
2016-12-13,IV131,2016-09-01,153.9,d1 single consistent value
2016-12-13,IV131,2016-10-01,165.1,"b first revision, printed"
2016-12-13,IV131,2016-11-01,164.5,"a first publication, printed"
2017-01-12,IV131,2016-10-01,162.3,d1 single consistent value
2017-01-12,IV131,2016-11-01,161.8,"b first revision, printed"
2017-01-12,IV131,2016-12-01,160.6,"a first publication, printed"
2017-02-10,IV131,2016-11-01,166.0,d1 single consistent value
2017-02-10,IV131,2016-12-01,165.2,"b first revision, printed"
2017-02-10,IV131,2017-01-01,162.2,"a first publication, printed"
2017-03-09,IV131,2016-12-01,165.2,"d2 carried, consistent"
2017-03-09,IV131,2017-01-01,162.0,"b first revision, printed"
2017-03-09,IV131,2017-02-01,161.8,"a first publication, printed"
2017-04-12,IV131,2017-01-01,162.0,d1 single consistent value
2017-04-12,IV131,2017-02-01,161.7,"b first revision, printed"
2017-04-12,IV131,2017-03-01,162.6,"a first publication, printed"
2017-05-10,IV131,2017-02-01,161.7,"d2 carried, consistent"
2017-05-10,IV131,2017-03-01,162.6,"b first revision, printed"
2017-05-10,IV131,2017-04-01,163.8,"a first publication, printed"
2017-06-15,IV131,2017-03-01,162.6,"d2 carried, consistent"
2017-06-15,IV131,2017-04-01,163.8,"b first revision, printed"
2017-06-15,IV131,2017-05-01,165.0,"a first publication, printed"
2017-07-18,IV131,2017-04-01,165.0,d3 nearest consistent value
2017-07-18,IV131,2017-05-01,166.2,"b first revision, printed"
2017-07-18,IV131,2017-06-01,164.8,"a first publication, printed"
2017-08-15,IV131,2017-05-01,166.2,"d2 carried, consistent"
2017-08-15,IV131,2017-06-01,164.8,"b first revision, printed"
2017-08-15,IV131,2017-07-01,181.7,"a first publication, printed"
2017-09-19,IV131,2017-06-01,164.8,d1 single consistent value
2017-09-19,IV131,2017-07-01,181.7,"b first revision, printed"
2017-09-19,IV131,2017-08-01,182.0,"a first publication, printed"
2017-10-17,IV131,2017-07-01,181.7,d1 single consistent value
2017-10-17,IV131,2017-08-01,182.0,"b first revision, printed"
2017-10-17,IV131,2017-09-01,182.8,"a first publication, printed"
2017-11-16,IV131,2017-08-01,182.0,"d2 carried, consistent"
2017-11-16,IV131,2017-09-01,182.8,"b first revision, printed"
2017-11-16,IV131,2017-10-01,175.5,"a first publication, printed"
2017-12-14,IV131,2017-09-01,182.8,d1 single consistent value
2017-12-14,IV131,2017-10-01,175.5,"b first revision, printed"
2017-12-14,IV131,2017-11-01,187.6,"a first publication, printed"
2018-01-10,IV131,2017-10-01,174.9,d3 nearest consistent value
2018-01-10,IV131,2017-11-01,187.0,"b first revision, printed"
2018-01-10,IV131,2017-12-01,193.4,"a first publication, printed"
2018-02-16,IV131,2017-11-01,187.0,"d2 carried, consistent"
2018-02-16,IV131,2017-12-01,181.6,"b first revision, printed"
2018-02-16,IV131,2018-01-01,176.1,"a first publication, printed"
2018-03-15,IV131,2017-12-01,181.6,"d2 carried, consistent"
2018-03-15,IV131,2018-01-01,177.2,"b first revision, printed"
2018-03-15,IV131,2018-02-01,180.1,"a first publication, printed"
2018-04-12,IV131,2018-01-01,177.8,d3 nearest consistent value
2018-04-12,IV131,2018-02-01,181.2,"b first revision, printed"
2018-04-12,IV131,2018-03-01,181.2,"a first publication, printed"
2018-05-11,IV131,2018-02-01,181.3,d1 single consistent value
2018-05-11,IV131,2018-03-01,180.7,"b first revision, printed"
2018-05-11,IV131,2018-04-01,181.9,"a first publication, printed"
2018-06-14,IV131,2018-03-01,180.9,d3 nearest consistent value
2018-06-14,IV131,2018-04-01,193.5,"b first revision, printed"
2018-06-14,IV131,2018-05-01,196.5,"a first publication, printed"
2018-07-13,IV131,2018-04-01,191.6,d3 nearest consistent value
2018-07-13,IV131,2018-05-01,194.8,"b first revision, printed"
2018-07-13,IV131,2018-06-01,192.9,"a first publication, printed"
2018-08-14,IV131,2018-05-01,194.8,d1 single consistent value
2018-08-14,IV131,2018-06-01,192.9,"b first revision, printed"
2018-08-14,IV131,2018-07-01,188.5,"a first publication, printed"
2018-09-14,IV131,2018-06-01,192.9,d1 single consistent value
2018-09-14,IV131,2018-07-01,188.5,"b first revision, printed"
2018-09-14,IV131,2018-08-01,187.4,"a first publication, printed"
2018-10-12,IV131,2018-07-01,188.1,d1 single consistent value
2018-10-12,IV131,2018-08-01,187.4,"b first revision, printed"
2018-10-12,IV131,2018-09-01,188.9,"a first publication, printed"
2018-11-15,IV131,2018-08-01,187.4,d1 single consistent value
2018-11-15,IV131,2018-09-01,188.9,"b first revision, printed"
2018-11-15,IV131,2018-10-01,193.4,"a first publication, printed"
2018-12-13,IV131,2018-09-01,188.9,d1 single consistent value
2018-12-13,IV131,2018-10-01,193.4,"b first revision, printed"
2018-12-13,IV131,2018-11-01,195.7,"a first publication, printed"
2019-01-16,IV131,2018-10-01,193.4,d1 single consistent value
2019-01-16,IV131,2018-11-01,194.7,"b first revision, printed"
2019-01-16,IV131,2018-12-01,189.4,"a first publication, printed"
2019-02-15,IV131,2018-11-01,194.7,d1 single consistent value
2019-02-15,IV131,2018-12-01,188.4,"b first revision, printed"
2019-02-15,IV131,2019-01-01,186.4,"a first publication, printed"
2019-03-14,IV131,2018-12-01,188.4,"d2 carried, consistent"
2019-03-14,IV131,2019-01-01,185.8,"b first revision, printed"
2019-03-14,IV131,2019-02-01,174.1,"a first publication, printed"
2019-04-12,IV131,2019-01-01,185.8,"d2 carried, consistent"
2019-04-12,IV131,2019-02-01,174.4,"b first revision, printed"
2019-04-12,IV131,2019-03-01,175.5,"a first publication, printed"
2019-05-14,IV131,2019-02-01,175.1,d3 nearest consistent value
2019-05-14,IV131,2019-03-01,175.3,"b first revision, printed"
2019-05-14,IV131,2019-04-01,176.6,"a first publication, printed"
2019-06-13,IV131,2019-03-01,175.0,d1 single consistent value
2019-06-13,IV131,2019-04-01,178.0,"b first revision, printed"
2019-06-13,IV131,2019-05-01,179.4,"a first publication, printed"
2019-07-16,IV131,2019-04-01,178.2,d1 single consistent value
2019-07-16,IV131,2019-05-01,179.0,"b first revision, printed"
2019-07-16,IV131,2019-06-01,178.7,"a first publication, printed"
2019-08-14,IV131,2019-05-01,179.0,d1 single consistent value
2019-08-14,IV131,2019-06-01,178.9,"b first revision, printed"
2019-08-14,IV131,2019-07-01,175.6,"a first publication, printed"
2019-09-13,IV131,2019-06-01,178.9,d1 single consistent value
2019-09-13,IV131,2019-07-01,174.5,"b first revision, printed"
2019-09-13,IV131,2019-08-01,173.2,"a first publication, printed"
2019-10-11,IV131,2019-07-01,174.4,d1 single consistent value
2019-10-11,IV131,2019-08-01,173.7,"b first revision, printed"
2019-10-11,IV131,2019-09-01,173.1,"a first publication, printed"
2019-11-15,IV131,2019-08-01,173.7,d1 single consistent value
2019-11-15,IV131,2019-09-01,173.1,"b first revision, printed"
2019-11-15,IV131,2019-10-01,175.6,"a first publication, printed"
2019-12-13,IV131,2019-09-01,173.1,d1 single consistent value
2019-12-13,IV131,2019-10-01,175.1,"b first revision, printed"
2019-12-13,IV131,2019-11-01,178.8,"a first publication, printed"
2020-01-16,IV131,2019-10-01,175.1,"d2 carried, consistent"
2020-01-16,IV131,2019-11-01,179.0,"b first revision, printed"
2020-01-16,IV131,2019-12-01,181.4,"a first publication, printed"
2020-02-14,IV131,2019-11-01,179.0,"d2 carried, consistent"
2020-02-14,IV131,2019-12-01,182.2,"b first revision, printed"
2020-02-14,IV131,2020-01-01,177.9,"a first publication, printed"
2020-03-13,IV131,2019-12-01,182.2,"d2 carried, consistent"
2020-03-13,IV131,2020-01-01,178.1,"b first revision, printed"
2020-03-13,IV131,2020-02-01,175.7,"a first publication, printed"
2020-04-14,IV131,2020-01-01,178.1,"d2 carried, consistent"
2020-04-14,IV131,2020-02-01,176.3,"b first revision, printed"
2020-04-14,IV131,2020-03-01,180.8,"a first publication, printed"
2020-05-14,IV131,2020-02-01,176.3,d1 single consistent value
2020-05-14,IV131,2020-03-01,180.7,"b first revision, printed"
2020-05-14,IV131,2020-04-01,250.2,"a first publication, printed"
2020-06-12,IV131,2020-03-01,180.7,d1 single consistent value
2020-06-12,IV131,2020-04-01,252.8,"b first revision, printed"
2020-06-12,IV131,2020-05-01,322.4,"a first publication, printed"
2020-07-15,IV131,2020-04-01,252.8,d1 single consistent value
2020-07-15,IV131,2020-05-01,319.0,"b first revision, printed"
2020-07-15,IV131,2020-06-01,310.0,"a first publication, printed"
2020-08-13,IV131,2020-05-01,319.0,d1 single consistent value
2020-08-13,IV131,2020-06-01,309.0,"b first revision, printed"
2020-08-13,IV131,2020-07-01,264.7,"a first publication, printed"
2020-09-15,IV131,2020-06-01,309.0,"d2 carried, consistent"
2020-09-15,IV131,2020-07-01,265.8,"b first revision, printed"
2020-09-15,IV131,2020-08-01,270.7,"a first publication, printed"
2020-10-15,IV131,2020-07-01,265.8,d1 single consistent value
2020-10-15,IV131,2020-08-01,271.7,"b first revision, printed"
2020-10-15,IV131,2020-09-01,269.3,"a first publication, printed"
2020-11-17,IV131,2020-08-01,271.7,"d2 carried, consistent"
2020-11-17,IV131,2020-09-01,263.8,"b first revision, printed"
2020-11-17,IV131,2020-10-01,276.7,"a first publication, printed"
2020-12-15,IV131,2020-09-01,263.8,"d2 carried, consistent"
2020-12-15,IV131,2020-10-01,274.7,"b first revision, printed"
2020-12-15,IV131,2020-11-01,303.7,"a first publication, printed"
2021-01-14,IV131,2020-10-01,274.7,"d2 carried, consistent"
2021-01-14,IV131,2020-11-01,301.6,"b first revision, printed"
2021-01-14,IV131,2020-12-01,320.3,"a first publication, printed"
2021-02-18,IV131,2020-11-01,301.6,"d2 carried, consistent"
2021-02-18,IV131,2020-12-01,320.2,"b first revision, printed"
2021-02-18,IV131,2021-01-01,301.6,"a first publication, printed"
2021-03-16,IV131,2020-12-01,320.9,d3 nearest consistent value
2021-03-16,IV131,2021-01-01,302.3,"b first revision, printed"
2021-03-16,IV131,2021-02-01,296.9,"a first publication, printed"
2021-04-14,IV131,2021-01-01,302.3,"d2 carried, consistent"
2021-04-14,IV131,2021-02-01,304.5,"b first revision, printed"
2021-04-14,IV131,2021-03-01,310.1,"a first publication, printed"
2021-05-14,IV131,2021-02-01,304.5,"d2 carried, consistent"
2021-05-14,IV131,2021-03-01,298.7,"b first revision, printed"
2021-05-14,IV131,2021-04-01,323.6,"a first publication, printed"
2021-06-16,IV131,2021-03-01,299.7,d3 nearest consistent value
2021-06-16,IV131,2021-04-01,322.4,"b first revision, printed"
2021-06-16,IV131,2021-05-01,339.0,"a first publication, printed"
2021-07-15,IV131,2021-04-01,321.9,d3 nearest consistent value
2021-07-15,IV131,2021-05-01,339.3,"b first revision, printed"
2021-07-15,IV131,2021-06-01,348.7,"a first publication, printed"
2021-08-13,IV131,2021-05-01,339.3,"d2 carried, consistent"
2021-08-13,IV131,2021-06-01,347.1,"b first revision, printed"
2021-08-13,IV131,2021-07-01,332.2,"a first publication, printed"
2021-09-15,IV131,2021-06-01,347.1,"d2 carried, consistent"
2021-09-15,IV131,2021-07-01,327.8,"b first revision, printed"
2021-09-15,IV131,2021-08-01,324.2,"a first publication, printed"
2021-10-15,IV131,2021-07-01,327.6,d3 nearest consistent value
2021-10-15,IV131,2021-08-01,324.0,"b first revision, printed"
2021-10-15,IV131,2021-09-01,339.2,"a first publication, printed"
2021-11-16,IV131,2021-08-01,328.0,d3 nearest consistent value
2021-11-16,IV131,2021-09-01,343.7,"b first revision, printed"
2021-11-16,IV131,2021-10-01,350.4,"a first publication, printed"
2021-12-15,IV131,2021-09-01,343.2,d1 single consistent value
2021-12-15,IV131,2021-10-01,350.9,"b first revision, printed"
2021-12-15,IV131,2021-11-01,410.1,"a first publication, printed"
2022-01-14,IV131,2021-10-01,358.1,d1 single consistent value
2022-01-14,IV131,2021-11-01,408.5,"b first revision, printed"
2022-01-14,IV131,2021-12-01,354.8,"a first publication, printed"
2022-02-16,IV131,2021-11-01,407.8,d3 nearest consistent value
2022-02-16,IV131,2021-12-01,355.6,"b first revision, printed"
2022-02-16,IV131,2022-01-01,383.2,"a first publication, printed"
2022-03-16,IV131,2021-12-01,361.1,d1 single consistent value
2022-03-16,IV131,2022-01-01,384.0,"b first revision, printed"
2022-03-16,IV131,2022-02-01,353.9,"a first publication, printed"
2022-04-14,IV131,2022-01-01,384.0,"d2 carried, consistent"
2022-04-14,IV131,2022-02-01,348.5,"b first revision, printed"
2022-04-14,IV131,2022-03-01,354.3,"a first publication, printed"
2022-05-13,IV131,2022-02-01,350.1,d3 nearest consistent value
2022-05-13,IV131,2022-03-01,359.5,"b first revision, printed"
2022-05-13,IV131,2022-04-01,342.8,"a first publication, printed"
2022-06-15,IV131,2022-03-01,359.5,"d2 carried, consistent"
2022-06-15,IV131,2022-04-01,342.8,"b first revision, printed"
2022-06-15,IV131,2022-05-01,356.4,"a first publication, printed"
2022-07-15,IV131,2022-04-01,342.8,"d2 carried, consistent"
2022-07-15,IV131,2022-05-01,356.6,"b first revision, printed"
2022-07-15,IV131,2022-06-01,379.6,"a first publication, printed"
2022-08-12,IV131,2022-05-01,364.8,d1 single consistent value
2022-08-12,IV131,2022-06-01,383.5,"b first revision, printed"
2022-08-12,IV131,2022-07-01,332.7,"a first publication, printed"
2022-09-15,IV131,2022-06-01,361.1,d3 nearest consistent value
2022-09-15,IV131,2022-07-01,314.4,"b first revision, printed"
2022-09-15,IV131,2022-08-01,327.1,"a first publication, printed"
2022-10-14,IV131,2022-07-01,314.4,"d2 carried, consistent"
2022-10-14,IV131,2022-08-01,325.1,"b first revision, printed"
2022-10-14,IV131,2022-09-01,323.4,"a first publication, printed"
2022-11-16,IV131,2022-08-01,325.4,d3 nearest consistent value
2022-11-16,IV131,2022-09-01,321.5,"b first revision, printed"
2022-11-16,IV131,2022-10-01,284.2,"a first publication, printed"
2022-12-14,IV131,2022-09-01,321.5,"d2 carried, consistent"
2022-12-14,IV131,2022-10-01,283.3,"b first revision, printed"
2022-12-14,IV131,2022-11-01,253.6,"a first publication, printed"
2023-01-13,IV131,2022-10-01,283.3,"d2 carried, consistent"
2023-01-13,IV131,2022-11-01,254.6,"b first revision, printed"
2023-01-13,IV131,2022-12-01,282.8,"a first publication, printed"
2023-02-17,IV131,2022-11-01,254.6,d1 single consistent value
2023-02-17,IV131,2022-12-01,282.3,"b first revision, printed"
2023-02-17,IV131,2023-01-01,250.6,"a first publication, printed"
2023-03-16,IV131,2022-12-01,284.9,d3 nearest consistent value
2023-03-16,IV131,2023-01-01,251.3,"b first revision, printed"
2023-03-16,IV131,2023-02-01,239.4,"a first publication, printed"
2023-04-14,IV131,2023-01-01,251.3,"d2 carried, consistent"
2023-04-14,IV131,2023-02-01,237.9,"b first revision, printed"
2023-04-14,IV131,2023-03-01,230.9,"a first publication, printed"
2023-05-12,IV131,2023-02-01,239.3,d1 single consistent value
2023-05-12,IV131,2023-03-01,232.8,"b first revision, printed"
2023-05-12,IV131,2023-04-01,240.1,"a first publication, printed"
2023-06-15,IV131,2023-03-01,232.8,d1 single consistent value
2023-06-15,IV131,2023-04-01,238.1,"b first revision, printed"
2023-06-15,IV131,2023-05-01,227.4,"a first publication, printed"
2023-07-14,IV131,2023-04-01,239.4,d1 single consistent value
2023-07-14,IV131,2023-05-01,229.9,"b first revision, printed"
2023-07-14,IV131,2023-06-01,239.0,"a first publication, printed"
2023-08-15,IV131,2023-05-01,227.0,d1 single consistent value
2023-08-15,IV131,2023-06-01,240.9,"b first revision, printed"
2023-08-15,IV131,2023-07-01,244.1,"a first publication, printed"
2023-09-15,IV131,2023-06-01,241.1,d1 single consistent value
2023-09-15,IV131,2023-07-01,239.2,"b first revision, printed"
2023-09-15,IV131,2023-08-01,210.9,"a first publication, printed"
2023-10-13,IV131,2023-07-01,240.3,d3 nearest consistent value
2023-10-13,IV131,2023-08-01,206.9,"b first revision, printed"
2023-10-13,IV131,2023-09-01,215.9,"a first publication, printed"
2023-11-16,IV131,2023-08-01,222.0,d3 nearest consistent value
2023-11-16,IV131,2023-09-01,231.1,"b first revision, printed"
2023-11-16,IV131,2023-10-01,231.3,"a first publication, printed"
2023-12-14,IV131,2023-09-01,231.1,"d2 carried, consistent"
2023-12-14,IV131,2023-10-01,229.6,"b first revision, printed"
2023-12-14,IV131,2023-11-01,236.3,"a first publication, printed"
2024-01-17,IV131,2023-10-01,229.6,d1 single consistent value
2024-01-17,IV131,2023-11-01,239.9,"b first revision, printed"
2024-01-17,IV131,2023-12-01,271.7,"a first publication, printed"
2024-02-15,IV131,2023-11-01,238.5,d1 single consistent value
2024-02-15,IV131,2023-12-01,270.2,"b first revision, printed"
2024-02-15,IV131,2024-01-01,237.5,"a first publication, printed"
2024-03-15,IV131,2023-12-01,268.0,d3 nearest consistent value
2024-03-15,IV131,2024-01-01,228.4,"b first revision, printed"
2024-03-15,IV131,2024-02-01,225.5,"a first publication, printed"
2024-04-12,IV131,2024-01-01,227.3,d3 nearest consistent value
2024-04-12,IV131,2024-02-01,216.6,"b first revision, printed"
2024-04-12,IV131,2024-03-01,213.1,"a first publication, printed"
2024-05-16,IV131,2024-02-01,218.8,d3 nearest consistent value
2024-05-16,IV131,2024-03-01,222.1,"b first revision, printed"
2024-05-16,IV131,2024-04-01,232.8,"a first publication, printed"
2024-06-14,IV131,2024-03-01,222.4,d1 single consistent value
2024-06-14,IV131,2024-04-01,234.4,"b first revision, printed"
2024-06-14,IV131,2024-05-01,230.3,"a first publication, printed"
2024-07-16,IV131,2024-04-01,232.6,d1 single consistent value
2024-07-16,IV131,2024-05-01,231.0,"b first revision, printed"
2024-07-16,IV131,2024-06-01,235.7,"a first publication, printed"
2024-08-15,IV131,2024-05-01,231.0,"d2 carried, consistent"
2024-08-15,IV131,2024-06-01,232.6,"b first revision, printed"
2024-08-15,IV131,2024-07-01,260.4,"a first publication, printed"
2024-09-13,IV131,2024-06-01,232.6,"d2 carried, consistent"
2024-09-13,IV131,2024-07-01,264.3,"b first revision, printed"
2024-09-13,IV131,2024-08-01,271.0,"a first publication, printed"
2024-10-16,IV131,2024-07-01,260.9,d3 nearest consistent value
2024-10-16,IV131,2024-08-01,266.9,"b first revision, printed"
2024-10-16,IV131,2024-09-01,279.7,"a first publication, printed"
2024-11-15,IV131,2024-08-01,266.9,"d2 carried, consistent"
2024-11-15,IV131,2024-09-01,284.4,"b first revision, printed"
2024-11-15,IV131,2024-10-01,270.8,"a first publication, printed"
2024-12-13,IV131,2024-09-01,284.4,"d2 carried, consistent"
2024-12-13,IV131,2024-10-01,270.6,"b first revision, printed"
2024-12-13,IV131,2024-11-01,283.9,"a first publication, printed"
2025-01-16,IV131,2024-10-01,271.8,d1 single consistent value
2025-01-16,IV131,2024-11-01,275.5,"b first revision, printed"
2025-01-16,IV131,2024-12-01,273.4,"a first publication, printed"
2025-02-14,IV131,2024-11-01,275.9,d3 nearest consistent value
2025-02-14,IV131,2024-12-01,273.4,"b first revision, printed"
2025-02-14,IV131,2025-01-01,266.4,"a first publication, printed"
2025-03-18,IV131,2024-12-01,273.4,"d2 carried, consistent"
2025-03-18,IV131,2025-01-01,263.3,"b first revision, printed"
2025-03-18,IV131,2025-02-01,233.5,"a first publication, printed"
2025-04-15,IV131,2025-01-01,264.7,d1 single consistent value
2025-04-15,IV131,2025-02-01,228.9,"b first revision, printed"
2025-04-15,IV131,2025-03-01,232.4,"a first publication, printed"
2025-05-16,IV131,2025-02-01,230.7,d3 nearest consistent value
2025-05-16,IV131,2025-03-01,230.7,"b first revision, printed"
2025-05-16,IV131,2025-04-01,236.4,"a first publication, printed"
2025-06-17,IV131,2025-03-01,230.7,"d2 carried, consistent"
2025-06-17,IV131,2025-04-01,242.1,"b first revision, printed"
2025-06-17,IV131,2025-05-01,234.9,"a first publication, printed"
2025-07-17,IV131,2025-04-01,242.1,d1 single consistent value
2025-07-17,IV131,2025-05-01,232.2,"b first revision, printed"
2025-07-17,IV131,2025-06-01,241.1,"a first publication, printed"
2025-08-15,IV131,2025-05-01,236.2,d1 single consistent value
2025-08-15,IV131,2025-06-01,239.6,"b first revision, printed"
2025-08-15,IV131,2025-07-01,247.1,"a first publication, printed"
2025-09-16,IV131,2025-06-01,239.6,"d2 carried, consistent"
2025-09-16,IV131,2025-07-01,250.8,"b first revision, printed"
2025-09-16,IV131,2025-08-01,249.5,"a first publication, printed"
2025-12-03,IV131,2025-07-01,245.4,d1 single consistent value
2025-12-03,IV131,2025-08-01,242.8,"b first revision, printed"
2025-12-03,IV131,2025-09-01,247.0,"a first publication, printed"
2026-01-15,IV131,2025-09-01,247.9,d3 nearest consistent value
2026-01-15,IV131,2025-11-01,265.0,"a first publication, printed"
2026-02-10,IV131,,,f no table printed: nothing new on record
2026-03-05,IV131,2025-11-01,261.7,d3 nearest consistent value
2026-03-05,IV131,2025-12-01,271.4,"b first revision, printed"
2026-03-05,IV131,2026-01-01,260.4,"a first publication, printed"
2026-03-25,IV131,2025-12-01,271.4,"d2 carried, consistent"
2026-03-25,IV131,2026-01-01,262.6,"b first revision, printed"
2026-03-25,IV131,2026-02-01,260.7,"a first publication, printed"
2026-04-15,IV131,2026-01-01,262.6,"d2 carried, consistent"
2026-04-15,IV131,2026-02-01,255.0,"b first revision, printed"
2026-04-15,IV131,2026-03-01,249.9,"a first publication, printed"
2026-05-14,IV131,2026-02-01,256.0,d3 nearest consistent value
2026-05-14,IV131,2026-03-01,251.6,"b first revision, printed"
2026-05-14,IV131,2026-04-01,253.8,"a first publication, printed"
2026-06-16,IV131,2026-03-01,251.6,"d2 carried, consistent"
2026-06-16,IV131,2026-04-01,253.8,"b first revision, printed"
2026-06-16,IV131,2026-05-01,301.4,"a first publication, printed"
2026-07-17,IV131,2026-04-01,253.8,d1 single consistent value
2026-07-17,IV131,2026-05-01,302.2,"b first revision, printed"
2026-07-17,IV131,2026-06-01,307.8,"a first publication, printed"
2026-08-18,IV131,2026-05-01,305.5,d3 nearest consistent value
2026-08-18,IV131,2026-06-01,309.8,"b first revision, printed"
2026-08-18,IV131,2026-07-01,302.9,"a first publication, printed"
2026-09-16,IV131,2026-06-01,309.8,"d2 carried, consistent"
2026-09-16,IV131,2026-07-01,304.6,"b first revision, printed"
2026-09-16,IV131,2026-08-01,310.2,"a first publication, printed"
2010-03-16,IV1311,2009-12-01,140.7,c first release of the span: database value
2010-03-16,IV1311,2010-01-01,138.4,"b first revision, printed"
2010-03-16,IV1311,2010-02-01,136.8,"a first publication, printed"
2010-04-13,IV1311,2010-01-01,138.4,"d2 carried, consistent"
2010-04-13,IV1311,2010-02-01,136.8,"b first revision, printed"
2010-04-13,IV1311,2010-03-01,131.8,"a first publication, printed"
2010-05-13,IV1311,2010-02-01,137.0,d1 single consistent value
2010-05-13,IV1311,2010-03-01,132.0,"b first revision, printed"
2010-05-13,IV1311,2010-04-01,132.0,"a first publication, printed"
2010-06-15,IV1311,2010-03-01,132.0,d1 single consistent value
2010-06-15,IV1311,2010-04-01,132.0,"b first revision, printed"
2010-06-15,IV1311,2010-05-01,133.3,"a first publication, printed"
2010-07-14,IV1311,2010-04-01,132.8,d3 nearest consistent value
2010-07-14,IV1311,2010-05-01,133.8,"b first revision, printed"
2010-07-14,IV1311,2010-06-01,126.4,"a first publication, printed"
2010-08-12,IV1311,2010-05-01,133.8,"d2 carried, consistent"
2010-08-12,IV1311,2010-06-01,126.4,"b first revision, printed"
2010-08-12,IV1311,2010-07-01,124.8,"a first publication, printed"
2010-09-15,IV1311,2010-06-01,126.4,"d2 carried, consistent"
2010-09-15,IV1311,2010-07-01,124.8,"b first revision, printed"
2010-09-15,IV1311,2010-08-01,130.3,"a first publication, printed"
2010-10-13,IV1311,2010-07-01,125.0,d1 single consistent value
2010-10-13,IV1311,2010-08-01,130.4,"b first revision, printed"
2010-10-13,IV1311,2010-09-01,131.7,"a first publication, printed"
2010-11-10,IV1311,2010-08-01,130.4,d1 single consistent value
2010-11-10,IV1311,2010-09-01,131.7,"b first revision, printed"
2010-11-10,IV1311,2010-10-01,135.5,"a first publication, printed"
2010-12-10,IV1311,2010-09-01,131.7,d1 single consistent value
2010-12-10,IV1311,2010-10-01,135.9,"b first revision, printed"
2010-12-10,IV1311,2010-11-01,142.0,"a first publication, printed"
2011-01-12,IV1311,2010-10-01,135.9,d1 single consistent value
2011-01-12,IV1311,2010-11-01,142.3,"b first revision, printed"
2011-01-12,IV1311,2010-12-01,142.9,"a first publication, printed"
2011-02-15,IV1311,2010-11-01,142.1,d1 single consistent value
2011-02-15,IV1311,2010-12-01,142.5,"b first revision, printed"
2011-02-15,IV1311,2011-01-01,141.4,"a first publication, printed"
2011-03-15,IV1311,2010-12-01,142.5,d1 single consistent value
2011-03-15,IV1311,2011-01-01,142.0,"b first revision, printed"
2011-03-15,IV1311,2011-02-01,144.3,"a first publication, printed"
2011-04-12,IV1311,2011-01-01,141.7,d1 single consistent value
2011-04-12,IV1311,2011-02-01,144.0,"b first revision, printed"
2011-04-12,IV1311,2011-03-01,148.5,"a first publication, printed"
2011-05-10,IV1311,2011-02-01,144.3,d1 single consistent value
2011-05-10,IV1311,2011-03-01,148.8,"b first revision, printed"
2011-05-10,IV1311,2011-04-01,159.2,"a first publication, printed"
2011-06-10,IV1311,2011-03-01,148.8,d1 single consistent value
2011-06-10,IV1311,2011-04-01,159.9,"b first revision, printed"
2011-06-10,IV1311,2011-05-01,169.7,"a first publication, printed"
2011-07-13,IV1311,2011-04-01,159.9,"d2 carried, consistent"
2011-07-13,IV1311,2011-05-01,169.7,"b first revision, printed"
2011-07-13,IV1311,2011-06-01,169.2,"a first publication, printed"
2011-08-16,IV1311,2011-05-01,169.9,d1 single consistent value
2011-08-16,IV1311,2011-06-01,168.9,"b first revision, printed"
2011-08-16,IV1311,2011-07-01,169.8,"a first publication, printed"
2011-09-13,IV1311,2011-06-01,168.4,d3 nearest consistent value
2011-09-13,IV1311,2011-07-01,169.2,"b first revision, printed"
2011-09-13,IV1311,2011-08-01,169.3,"a first publication, printed"
2011-10-14,IV1311,2011-07-01,169.2,"d2 carried, consistent"
2011-10-14,IV1311,2011-08-01,171.2,"b first revision, printed"
2011-10-14,IV1311,2011-09-01,172.4,"a first publication, printed"
2011-11-10,IV1311,2011-08-01,180.5,d3 nearest consistent value
2011-11-10,IV1311,2011-09-01,179.8,"b first revision, printed"
2011-11-10,IV1311,2011-10-01,173.9,"a first publication, printed"
2011-12-14,IV1311,2011-09-01,179.8,d1 single consistent value
2011-12-14,IV1311,2011-10-01,174.6,"b first revision, printed"
2011-12-14,IV1311,2011-11-01,168.8,"a first publication, printed"
2012-01-13,IV1311,2011-10-01,174.6,"d2 carried, consistent"
2012-01-13,IV1311,2011-11-01,168.8,"b first revision, printed"
2012-01-13,IV1311,2011-12-01,168.2,"a first publication, printed"
2012-02-14,IV1311,2011-11-01,168.8,"d2 carried, consistent"
2012-02-14,IV1311,2011-12-01,168.2,"b first revision, printed"
2012-02-14,IV1311,2012-01-01,164.0,"a first publication, printed"
2012-03-14,IV1311,2011-12-01,168.3,d1 single consistent value
2012-03-14,IV1311,2012-01-01,164.4,"b first revision, printed"
2012-03-14,IV1311,2012-02-01,161.7,"a first publication, printed"
2012-04-11,IV1311,2012-01-01,164.4,d1 single consistent value
2012-04-11,IV1311,2012-02-01,161.7,"b first revision, printed"
2012-04-11,IV1311,2012-03-01,166.6,"a first publication, printed"
2012-05-10,IV1311,2012-02-01,161.7,"d2 carried, consistent"
2012-05-10,IV1311,2012-03-01,166.6,"b first revision, printed"
2012-05-10,IV1311,2012-04-01,166.7,"a first publication, printed"
2012-06-12,IV1311,2012-03-01,166.6,"d2 carried, consistent"
2012-06-12,IV1311,2012-04-01,163.4,"b first revision, printed"
2012-06-12,IV1311,2012-05-01,165.3,"a first publication, printed"
2012-07-12,IV1311,2012-04-01,163.4,d1 single consistent value
2012-07-12,IV1311,2012-05-01,165.3,"b first revision, printed"
2012-07-12,IV1311,2012-06-01,159.9,"a first publication, printed"
2012-08-10,IV1311,2012-05-01,165.5,d1 single consistent value
2012-08-10,IV1311,2012-06-01,162.0,"b first revision, printed"
2012-08-10,IV1311,2012-07-01,157.6,"a first publication, printed"
2012-09-12,IV1311,2012-06-01,162.0,d1 single consistent value
2012-09-12,IV1311,2012-07-01,157.6,"b first revision, printed"
2012-09-12,IV1311,2012-08-01,156.2,"a first publication, printed"
2012-10-11,IV1311,2012-07-01,157.6,d1 single consistent value
2012-10-11,IV1311,2012-08-01,156.2,"b first revision, printed"
2012-10-11,IV1311,2012-09-01,157.7,"a first publication, printed"
2012-11-09,IV1311,2012-08-01,156.2,d1 single consistent value
2012-11-09,IV1311,2012-09-01,157.7,"b first revision, printed"
2012-11-09,IV1311,2012-10-01,164.4,"a first publication, printed"
2012-12-12,IV1311,2012-09-01,157.7,"d2 carried, consistent"
2012-12-12,IV1311,2012-10-01,164.4,"b first revision, printed"
2012-12-12,IV1311,2012-11-01,166.5,"a first publication, printed"
2013-01-11,IV1311,2012-10-01,163.7,d1 single consistent value
2013-01-11,IV1311,2012-11-01,166.7,"b first revision, printed"
2013-01-11,IV1311,2012-12-01,162.2,"a first publication, printed"
2013-02-13,IV1311,2012-11-01,166.7,d1 single consistent value
2013-02-13,IV1311,2012-12-01,162.2,"b first revision, printed"
2013-02-13,IV1311,2013-01-01,165.3,"a first publication, printed"
2013-03-13,IV1311,2012-12-01,162.2,d1 single consistent value
2013-03-13,IV1311,2013-01-01,165.3,"b first revision, printed"
2013-03-13,IV1311,2013-02-01,167.6,"a first publication, printed"
2013-04-11,IV1311,2013-01-01,165.3,d1 single consistent value
2013-04-11,IV1311,2013-02-01,167.6,"b first revision, printed"
2013-04-11,IV1311,2013-03-01,168.1,"a first publication, printed"
2013-05-14,IV1311,2013-02-01,167.6,d1 single consistent value
2013-05-14,IV1311,2013-03-01,168.1,"b first revision, printed"
2013-05-14,IV1311,2013-04-01,163.8,"a first publication, printed"
2013-06-13,IV1311,2013-03-01,168.1,d1 single consistent value
2013-06-13,IV1311,2013-04-01,164.7,"b first revision, printed"
2013-06-13,IV1311,2013-05-01,165.1,"a first publication, printed"
2013-07-11,IV1311,2013-04-01,163.1,d3 nearest consistent value
2013-07-11,IV1311,2013-05-01,164.0,"b first revision, printed"
2013-07-11,IV1311,2013-06-01,163.6,"a first publication, printed"
2013-08-13,IV1311,2013-05-01,164.0,"d2 carried, consistent"
2013-08-13,IV1311,2013-06-01,163.6,"b first revision, printed"
2013-08-13,IV1311,2013-07-01,165.0,"a first publication, printed"
2013-09-12,IV1311,2013-06-01,163.6,d1 single consistent value
2013-09-12,IV1311,2013-07-01,165.0,"b first revision, printed"
2013-09-12,IV1311,2013-08-01,163.2,"a first publication, printed"
2013-10-23,IV1311,2013-07-01,165.0,d1 single consistent value
2013-10-23,IV1311,2013-08-01,163.2,"b first revision, printed"
2013-10-23,IV1311,2013-09-01,167.0,"a first publication, printed"
2013-11-15,IV1311,2013-08-01,163.2,d1 single consistent value
2013-11-15,IV1311,2013-09-01,167.0,"b first revision, printed"
2013-11-15,IV1311,2013-10-01,168.7,"a first publication, printed"
2013-12-12,IV1311,2013-09-01,167.0,d1 single consistent value
2013-12-12,IV1311,2013-10-01,168.7,"b first revision, printed"
2013-12-12,IV1311,2013-11-01,176.3,"a first publication, printed"
2014-01-14,IV1311,2013-10-01,168.7,"d2 carried, consistent"
2014-01-14,IV1311,2013-11-01,180.8,"b first revision, printed"
2014-01-14,IV1311,2013-12-01,179.4,"a first publication, printed"
2014-02-14,IV1311,2013-11-01,180.8,"d2 carried, consistent"
2014-02-14,IV1311,2013-12-01,179.4,"b first revision, printed"
2014-02-14,IV1311,2014-01-01,182.3,"a first publication, printed"
2014-03-13,IV1311,2013-12-01,179.4,d1 single consistent value
2014-03-13,IV1311,2014-01-01,182.3,"b first revision, printed"
2014-03-13,IV1311,2014-02-01,181.4,"a first publication, printed"
2014-04-10,IV1311,2014-01-01,182.3,d1 single consistent value
2014-04-10,IV1311,2014-02-01,181.4,"b first revision, printed"
2014-04-10,IV1311,2014-03-01,182.1,"a first publication, printed"
2014-05-13,IV1311,2014-02-01,181.6,d1 single consistent value
2014-05-13,IV1311,2014-03-01,181.3,"b first revision, printed"
2014-05-13,IV1311,2014-04-01,180.2,"a first publication, printed"
2014-06-12,IV1311,2014-03-01,181.3,"d2 carried, consistent"
2014-06-12,IV1311,2014-04-01,180.2,"b first revision, printed"
2014-06-12,IV1311,2014-05-01,180.3,"a first publication, printed"
2014-07-15,IV1311,2014-04-01,180.2,d1 single consistent value
2014-07-15,IV1311,2014-05-01,180.3,"b first revision, printed"
2014-07-15,IV1311,2014-06-01,180.7,"a first publication, printed"
2014-08-14,IV1311,2014-05-01,180.3,"d2 carried, consistent"
2014-08-14,IV1311,2014-06-01,180.7,"b first revision, printed"
2014-08-14,IV1311,2014-07-01,179.5,"a first publication, printed"
2014-09-12,IV1311,2014-06-01,180.7,d1 single consistent value
2014-09-12,IV1311,2014-07-01,179.5,"b first revision, printed"
2014-09-12,IV1311,2014-08-01,179.1,"a first publication, printed"
2014-10-10,IV1311,2014-07-01,179.7,d3 nearest consistent value
2014-10-10,IV1311,2014-08-01,179.4,"b first revision, printed"
2014-10-10,IV1311,2014-09-01,176.6,"a first publication, printed"
2014-11-14,IV1311,2014-08-01,179.3,d3 nearest consistent value
2014-11-14,IV1311,2014-09-01,176.4,"b first revision, printed"
2014-11-14,IV1311,2014-10-01,171.6,"a first publication, printed"
2014-12-11,IV1311,2014-09-01,176.4,d1 single consistent value
2014-12-11,IV1311,2014-10-01,171.6,"b first revision, printed"
2014-12-11,IV1311,2014-11-01,169.1,"a first publication, printed"
2015-01-14,IV1311,2014-10-01,171.6,"d2 carried, consistent"
2015-01-14,IV1311,2014-11-01,169.1,"b first revision, printed"
2015-01-14,IV1311,2014-12-01,165.2,"a first publication, printed"
2015-02-13,IV1311,2014-11-01,170.6,d3 nearest consistent value
2015-02-13,IV1311,2014-12-01,166.6,"b first revision, printed"
2015-02-13,IV1311,2015-01-01,162.0,"a first publication, printed"
2015-03-12,IV1311,2014-12-01,166.6,d1 single consistent value
2015-03-12,IV1311,2015-01-01,162.1,"b first revision, printed"
2015-03-12,IV1311,2015-02-01,153.9,"a first publication, printed"
2015-04-10,IV1311,2015-01-01,162.1,d1 single consistent value
2015-04-10,IV1311,2015-02-01,153.9,"b first revision, printed"
2015-04-10,IV1311,2015-03-01,150.0,"a first publication, printed"
2015-05-13,IV1311,2015-02-01,152.9,d1 single consistent value
2015-05-13,IV1311,2015-03-01,150.2,"b first revision, printed"
2015-05-13,IV1311,2015-04-01,145.9,"a first publication, printed"
2015-06-11,IV1311,2015-03-01,150.2,d1 single consistent value
2015-06-11,IV1311,2015-04-01,157.0,"b first revision, printed"
2015-06-11,IV1311,2015-05-01,158.7,"a first publication, printed"
2015-07-14,IV1311,2015-04-01,157.0,"d2 carried, consistent"
2015-07-14,IV1311,2015-05-01,158.7,"b first revision, printed"
2015-07-14,IV1311,2015-06-01,162.7,"a first publication, printed"
2015-08-13,IV1311,2015-05-01,145.5,d3 nearest consistent value
2015-08-13,IV1311,2015-06-01,149.9,"b first revision, printed"
2015-08-13,IV1311,2015-07-01,148.7,"a first publication, printed"
2015-09-10,IV1311,2015-06-01,149.9,d1 single consistent value
2015-09-10,IV1311,2015-07-01,148.7,"b first revision, printed"
2015-09-10,IV1311,2015-08-01,146.1,"a first publication, printed"
2015-10-09,IV1311,2015-07-01,148.7,d1 single consistent value
2015-10-09,IV1311,2015-08-01,146.1,"b first revision, printed"
2015-10-09,IV1311,2015-09-01,145.3,"a first publication, printed"
2015-11-10,IV1311,2015-08-01,146.1,d1 single consistent value
2015-11-10,IV1311,2015-09-01,145.3,"b first revision, printed"
2015-11-10,IV1311,2015-10-01,144.6,"a first publication, printed"
2015-12-10,IV1311,2015-09-01,147.7,d1 single consistent value
2015-12-10,IV1311,2015-10-01,147.1,"b first revision, printed"
2015-12-10,IV1311,2015-11-01,144.4,"a first publication, printed"
2016-01-14,IV1311,2015-10-01,147.1,d1 single consistent value
2016-01-14,IV1311,2015-11-01,145.4,"b first revision, printed"
2016-01-14,IV1311,2015-12-01,140.4,"a first publication, printed"
2016-02-12,IV1311,2015-11-01,145.4,"d2 carried, consistent"
2016-02-12,IV1311,2015-12-01,140.4,"b first revision, printed"
2016-02-12,IV1311,2016-01-01,141.0,"a first publication, printed"
2016-03-11,IV1311,2015-12-01,140.4,"d2 carried, consistent"
2016-03-11,IV1311,2016-01-01,141.0,"b first revision, printed"
2016-03-11,IV1311,2016-02-01,138.9,"a first publication, printed"
2016-04-12,IV1311,2016-01-01,141.0,d1 single consistent value
2016-04-12,IV1311,2016-02-01,138.9,"b first revision, printed"
2016-04-12,IV1311,2016-03-01,140.5,"a first publication, printed"
2016-05-12,IV1311,2016-02-01,138.9,d1 single consistent value
2016-05-12,IV1311,2016-03-01,140.5,"b first revision, printed"
2016-05-12,IV1311,2016-04-01,141.9,"a first publication, printed"
2016-06-14,IV1311,2016-03-01,140.5,d1 single consistent value
2016-06-14,IV1311,2016-04-01,135.8,"b first revision, printed"
2016-06-14,IV1311,2016-05-01,137.7,"a first publication, printed"
2016-07-13,IV1311,2016-04-01,135.8,d1 single consistent value
2016-07-13,IV1311,2016-05-01,137.7,"b first revision, printed"
2016-07-13,IV1311,2016-06-01,138.0,"a first publication, printed"
2016-08-11,IV1311,2016-05-01,137.7,d1 single consistent value
2016-08-11,IV1311,2016-06-01,138.0,"b first revision, printed"
2016-08-11,IV1311,2016-07-01,137.6,"a first publication, printed"
2016-09-14,IV1311,2016-06-01,138.0,d1 single consistent value
2016-09-14,IV1311,2016-07-01,137.6,"b first revision, printed"
2016-09-14,IV1311,2016-08-01,135.8,"a first publication, printed"
2016-10-13,IV1311,2016-07-01,137.6,d1 single consistent value
2016-10-13,IV1311,2016-08-01,135.8,"b first revision, printed"
2016-10-13,IV1311,2016-09-01,137.0,"a first publication, printed"
2016-11-15,IV1311,2016-08-01,135.8,d1 single consistent value
2016-11-15,IV1311,2016-09-01,137.0,"b first revision, printed"
2016-11-15,IV1311,2016-10-01,137.4,"a first publication, printed"
2016-12-13,IV1311,2016-09-01,136.9,d1 single consistent value
2016-12-13,IV1311,2016-10-01,137.2,"b first revision, printed"
2016-12-13,IV1311,2016-11-01,137.6,"a first publication, printed"
2017-01-12,IV1311,2016-10-01,138.6,d1 single consistent value
2017-01-12,IV1311,2016-11-01,139.0,"b first revision, printed"
2017-01-12,IV1311,2016-12-01,136.8,"a first publication, printed"
2017-02-10,IV1311,2016-11-01,138.9,d1 single consistent value
2017-02-10,IV1311,2016-12-01,136.9,"b first revision, printed"
2017-02-10,IV1311,2017-01-01,135.9,"a first publication, printed"
2017-03-09,IV1311,2016-12-01,136.9,d1 single consistent value
2017-03-09,IV1311,2017-01-01,135.9,"b first revision, printed"
2017-03-09,IV1311,2017-02-01,136.5,"a first publication, printed"
2017-04-12,IV1311,2017-01-01,135.9,"d2 carried, consistent"
2017-04-12,IV1311,2017-02-01,136.5,"b first revision, printed"
2017-04-12,IV1311,2017-03-01,136.7,"a first publication, printed"
2017-05-10,IV1311,2017-02-01,136.5,d1 single consistent value
2017-05-10,IV1311,2017-03-01,136.7,"b first revision, printed"
2017-05-10,IV1311,2017-04-01,136.7,"a first publication, printed"
2017-06-15,IV1311,2017-03-01,136.7,d1 single consistent value
2017-06-15,IV1311,2017-04-01,136.7,"b first revision, printed"
2017-06-15,IV1311,2017-05-01,136.8,"a first publication, printed"
2017-07-18,IV1311,2017-04-01,140.7,d3 nearest consistent value
2017-07-18,IV1311,2017-05-01,140.8,"b first revision, printed"
2017-07-18,IV1311,2017-06-01,139.0,"a first publication, printed"
2017-08-15,IV1311,2017-05-01,140.8,d1 single consistent value
2017-08-15,IV1311,2017-06-01,139.0,"b first revision, printed"
2017-08-15,IV1311,2017-07-01,143.3,"a first publication, printed"
2017-09-19,IV1311,2017-06-01,139.0,d1 single consistent value
2017-09-19,IV1311,2017-07-01,143.3,"b first revision, printed"
2017-09-19,IV1311,2017-08-01,144.7,"a first publication, printed"
2017-10-17,IV1311,2017-07-01,143.3,d1 single consistent value
2017-10-17,IV1311,2017-08-01,144.7,"b first revision, printed"
2017-10-17,IV1311,2017-09-01,147.7,"a first publication, printed"
2017-11-16,IV1311,2017-08-01,144.7,d1 single consistent value
2017-11-16,IV1311,2017-09-01,147.7,"b first revision, printed"
2017-11-16,IV1311,2017-10-01,145.1,"a first publication, printed"
2017-12-14,IV1311,2017-09-01,147.7,"d2 carried, consistent"
2017-12-14,IV1311,2017-10-01,145.1,"b first revision, printed"
2017-12-14,IV1311,2017-11-01,145.9,"a first publication, printed"
2018-01-10,IV1311,2017-10-01,143.2,d1 single consistent value
2018-01-10,IV1311,2017-11-01,143.9,"b first revision, printed"
2018-01-10,IV1311,2017-12-01,144.0,"a first publication, printed"
2018-02-16,IV1311,2017-11-01,143.9,d1 single consistent value
2018-02-16,IV1311,2017-12-01,144.0,"b first revision, printed"
2018-02-16,IV1311,2018-01-01,144.6,"a first publication, printed"
2018-03-15,IV1311,2017-12-01,144.0,d1 single consistent value
2018-03-15,IV1311,2018-01-01,144.6,"b first revision, printed"
2018-03-15,IV1311,2018-02-01,151.0,"a first publication, printed"
2018-04-12,IV1311,2018-01-01,144.6,d1 single consistent value
2018-04-12,IV1311,2018-02-01,148.9,"b first revision, printed"
2018-04-12,IV1311,2018-03-01,150.1,"a first publication, printed"
2018-05-11,IV1311,2018-02-01,149.1,d1 single consistent value
2018-05-11,IV1311,2018-03-01,150.4,"b first revision, printed"
2018-05-11,IV1311,2018-04-01,152.3,"a first publication, printed"
2018-06-14,IV1311,2018-03-01,150.4,d1 single consistent value
2018-06-14,IV1311,2018-04-01,152.3,"b first revision, printed"
2018-06-14,IV1311,2018-05-01,154.3,"a first publication, printed"
2018-07-13,IV1311,2018-04-01,152.3,d1 single consistent value
2018-07-13,IV1311,2018-05-01,154.3,"b first revision, printed"
2018-07-13,IV1311,2018-06-01,149.4,"a first publication, printed"
2018-08-14,IV1311,2018-05-01,154.3,d1 single consistent value
2018-08-14,IV1311,2018-06-01,149.4,"b first revision, printed"
2018-08-14,IV1311,2018-07-01,149.0,"a first publication, printed"
2018-09-14,IV1311,2018-06-01,149.4,d1 single consistent value
2018-09-14,IV1311,2018-07-01,149.0,"b first revision, printed"
2018-09-14,IV1311,2018-08-01,147.6,"a first publication, printed"
2018-10-12,IV1311,2018-07-01,147.7,d1 single consistent value
2018-10-12,IV1311,2018-08-01,147.3,"b first revision, printed"
2018-10-12,IV1311,2018-09-01,145.7,"a first publication, printed"
2018-11-15,IV1311,2018-08-01,147.3,d1 single consistent value
2018-11-15,IV1311,2018-09-01,145.7,"b first revision, printed"
2018-11-15,IV1311,2018-10-01,150.4,"a first publication, printed"
2018-12-13,IV1311,2018-09-01,145.7,d1 single consistent value
2018-12-13,IV1311,2018-10-01,150.4,"b first revision, printed"
2018-12-13,IV1311,2018-11-01,149.2,"a first publication, printed"
2019-01-16,IV1311,2018-10-01,150.4,d1 single consistent value
2019-01-16,IV1311,2018-11-01,149.2,"b first revision, printed"
2019-01-16,IV1311,2018-12-01,147.9,"a first publication, printed"
2019-02-15,IV1311,2018-11-01,149.2,d1 single consistent value
2019-02-15,IV1311,2018-12-01,147.9,"b first revision, printed"
2019-02-15,IV1311,2019-01-01,151.5,"a first publication, printed"
2019-03-14,IV1311,2018-12-01,147.9,d1 single consistent value
2019-03-14,IV1311,2019-01-01,151.5,"b first revision, printed"
2019-03-14,IV1311,2019-02-01,149.4,"a first publication, printed"
2019-04-12,IV1311,2019-01-01,151.5,d1 single consistent value
2019-04-12,IV1311,2019-02-01,149.4,"b first revision, printed"
2019-04-12,IV1311,2019-03-01,149.7,"a first publication, printed"
2019-05-14,IV1311,2019-02-01,149.4,d1 single consistent value
2019-05-14,IV1311,2019-03-01,149.3,"b first revision, printed"
2019-05-14,IV1311,2019-04-01,149.0,"a first publication, printed"
2019-06-13,IV1311,2019-03-01,149.3,d1 single consistent value
2019-06-13,IV1311,2019-04-01,149.0,"b first revision, printed"
2019-06-13,IV1311,2019-05-01,148.9,"a first publication, printed"
2019-07-16,IV1311,2019-04-01,149.5,d1 single consistent value
2019-07-16,IV1311,2019-05-01,147.9,"b first revision, printed"
2019-07-16,IV1311,2019-06-01,148.2,"a first publication, printed"
2019-08-14,IV1311,2019-05-01,147.9,"d2 carried, consistent"
2019-08-14,IV1311,2019-06-01,148.0,"b first revision, printed"
2019-08-14,IV1311,2019-07-01,144.2,"a first publication, printed"
2019-09-13,IV1311,2019-06-01,148.0,"d2 carried, consistent"
2019-09-13,IV1311,2019-07-01,144.2,"b first revision, printed"
2019-09-13,IV1311,2019-08-01,145.7,"a first publication, printed"
2019-10-11,IV1311,2019-07-01,144.2,d1 single consistent value
2019-10-11,IV1311,2019-08-01,145.7,"b first revision, printed"
2019-10-11,IV1311,2019-09-01,145.5,"a first publication, printed"
2019-11-15,IV1311,2019-08-01,145.7,"d2 carried, consistent"
2019-11-15,IV1311,2019-09-01,145.5,"b first revision, printed"
2019-11-15,IV1311,2019-10-01,145.7,"a first publication, printed"
2019-12-13,IV1311,2019-09-01,145.5,d1 single consistent value
2019-12-13,IV1311,2019-10-01,145.2,"b first revision, printed"
2019-12-13,IV1311,2019-11-01,143.4,"a first publication, printed"
2020-01-16,IV1311,2019-10-01,145.2,d1 single consistent value
2020-01-16,IV1311,2019-11-01,143.4,"b first revision, printed"
2020-01-16,IV1311,2019-12-01,143.3,"a first publication, printed"
2020-02-14,IV1311,2019-11-01,143.4,"d2 carried, consistent"
2020-02-14,IV1311,2019-12-01,143.3,"b first revision, printed"
2020-02-14,IV1311,2020-01-01,144.1,"a first publication, printed"
2020-03-13,IV1311,2019-12-01,143.3,"d2 carried, consistent"
2020-03-13,IV1311,2020-01-01,144.1,"b first revision, printed"
2020-03-13,IV1311,2020-02-01,144.4,"a first publication, printed"
2020-04-14,IV1311,2020-01-01,144.1,d1 single consistent value
2020-04-14,IV1311,2020-02-01,144.4,"b first revision, printed"
2020-04-14,IV1311,2020-03-01,143.6,"a first publication, printed"
2020-05-14,IV1311,2020-02-01,144.4,d1 single consistent value
2020-05-14,IV1311,2020-03-01,143.6,"b first revision, printed"
2020-05-14,IV1311,2020-04-01,218.2,"a first publication, printed"
2020-06-12,IV1311,2020-03-01,143.6,d1 single consistent value
2020-06-12,IV1311,2020-04-01,218.2,"b first revision, printed"
2020-06-12,IV1311,2020-05-01,214.8,"a first publication, printed"
2020-07-15,IV1311,2020-04-01,218.2,d1 single consistent value
2020-07-15,IV1311,2020-05-01,214.8,"b first revision, printed"
2020-07-15,IV1311,2020-06-01,215.4,"a first publication, printed"
2020-08-13,IV1311,2020-05-01,214.8,"d2 carried, consistent"
2020-08-13,IV1311,2020-06-01,215.4,"b first revision, printed"
2020-08-13,IV1311,2020-07-01,220.6,"a first publication, printed"
2020-09-15,IV1311,2020-06-01,215.4,"d2 carried, consistent"
2020-09-15,IV1311,2020-07-01,220.6,"b first revision, printed"
2020-09-15,IV1311,2020-08-01,224.2,"a first publication, printed"
2020-10-15,IV1311,2020-07-01,220.6,d1 single consistent value
2020-10-15,IV1311,2020-08-01,224.2,"b first revision, printed"
2020-10-15,IV1311,2020-09-01,230.8,"a first publication, printed"
2020-11-17,IV1311,2020-08-01,224.2,d1 single consistent value
2020-11-17,IV1311,2020-09-01,216.2,"b first revision, printed"
2020-11-17,IV1311,2020-10-01,239.7,"a first publication, printed"
2020-12-15,IV1311,2020-09-01,216.2,"d2 carried, consistent"
2020-12-15,IV1311,2020-10-01,239.7,"b first revision, printed"
2020-12-15,IV1311,2020-11-01,240.9,"a first publication, printed"
2021-01-14,IV1311,2020-10-01,239.7,"d2 carried, consistent"
2021-01-14,IV1311,2020-11-01,240.9,"b first revision, printed"
2021-01-14,IV1311,2020-12-01,242.1,"a first publication, printed"
2021-02-18,IV1311,2020-11-01,240.9,"d2 carried, consistent"
2021-02-18,IV1311,2020-12-01,242.1,"b first revision, printed"
2021-02-18,IV1311,2021-01-01,248.0,"a first publication, printed"
2021-03-16,IV1311,2020-12-01,242.1,"d2 carried, consistent"
2021-03-16,IV1311,2021-01-01,248.0,"b first revision, printed"
2021-03-16,IV1311,2021-02-01,248.0,"a first publication, printed"
2021-04-14,IV1311,2021-01-01,248.0,"d2 carried, consistent"
2021-04-14,IV1311,2021-02-01,248.0,"b first revision, printed"
2021-04-14,IV1311,2021-03-01,246.4,"a first publication, printed"
2021-05-14,IV1311,2021-02-01,248.0,"d2 carried, consistent"
2021-05-14,IV1311,2021-03-01,246.4,"b first revision, printed"
2021-05-14,IV1311,2021-04-01,248.8,"a first publication, printed"
2021-06-16,IV1311,2021-03-01,249.1,d1 single consistent value
2021-06-16,IV1311,2021-04-01,248.2,"b first revision, printed"
2021-06-16,IV1311,2021-05-01,249.4,"a first publication, printed"
2021-07-15,IV1311,2021-04-01,248.5,d3 nearest consistent value
2021-07-15,IV1311,2021-05-01,249.5,"b first revision, printed"
2021-07-15,IV1311,2021-06-01,253.2,"a first publication, printed"
2021-08-13,IV1311,2021-05-01,249.5,"d2 carried, consistent"
2021-08-13,IV1311,2021-06-01,253.2,"b first revision, printed"
2021-08-13,IV1311,2021-07-01,251.5,"a first publication, printed"
2021-09-15,IV1311,2021-06-01,253.2,"d2 carried, consistent"
2021-09-15,IV1311,2021-07-01,251.7,"b first revision, printed"
2021-09-15,IV1311,2021-08-01,248.5,"a first publication, printed"
2021-10-15,IV1311,2021-07-01,251.7,"d2 carried, consistent"
2021-10-15,IV1311,2021-08-01,248.5,"b first revision, printed"
2021-10-15,IV1311,2021-09-01,248.5,"a first publication, printed"
2021-11-16,IV1311,2021-08-01,248.5,d1 single consistent value
2021-11-16,IV1311,2021-09-01,251.6,"b first revision, printed"
2021-11-16,IV1311,2021-10-01,255.8,"a first publication, printed"
2021-12-15,IV1311,2021-09-01,251.6,"d2 carried, consistent"
2021-12-15,IV1311,2021-10-01,255.8,"b first revision, printed"
2021-12-15,IV1311,2021-11-01,300.9,"a first publication, printed"
2022-01-14,IV1311,2021-10-01,256.8,d3 nearest consistent value
2022-01-14,IV1311,2021-11-01,302.1,"b first revision, printed"
2022-01-14,IV1311,2021-12-01,301.9,"a first publication, printed"
2022-02-16,IV1311,2021-11-01,300.7,d3 nearest consistent value
2022-02-16,IV1311,2021-12-01,300.3,"b first revision, printed"
2022-02-16,IV1311,2022-01-01,301.9,"a first publication, printed"
2022-03-16,IV1311,2021-12-01,316.6,d3 nearest consistent value
2022-03-16,IV1311,2022-01-01,290.6,"b first revision, printed"
2022-03-16,IV1311,2022-02-01,293.1,"a first publication, printed"
2022-04-14,IV1311,2022-01-01,290.6,"d2 carried, consistent"
2022-04-14,IV1311,2022-02-01,293.1,"b first revision, printed"
2022-04-14,IV1311,2022-03-01,296.2,"a first publication, printed"
2022-05-13,IV1311,2022-02-01,294.1,d3 nearest consistent value
2022-05-13,IV1311,2022-03-01,304.4,"b first revision, printed"
2022-05-13,IV1311,2022-04-01,321.6,"a first publication, printed"
2022-06-15,IV1311,2022-03-01,304.4,d1 single consistent value
2022-06-15,IV1311,2022-04-01,321.9,"b first revision, printed"
2022-06-15,IV1311,2022-05-01,321.0,"a first publication, printed"
2022-07-15,IV1311,2022-04-01,321.9,"d2 carried, consistent"
2022-07-15,IV1311,2022-05-01,324.1,"b first revision, printed"
2022-07-15,IV1311,2022-06-01,299.7,"a first publication, printed"
2022-08-12,IV1311,2022-05-01,351.4,d3 nearest consistent value
2022-08-12,IV1311,2022-06-01,308.9,"b first revision, printed"
2022-08-12,IV1311,2022-07-01,305.5,"a first publication, printed"
2022-09-15,IV1311,2022-06-01,308.9,"d2 carried, consistent"
2022-09-15,IV1311,2022-07-01,267.4,"b first revision, printed"
2022-09-15,IV1311,2022-08-01,266.9,"a first publication, printed"
2022-10-14,IV1311,2022-07-01,267.4,d1 single consistent value
2022-10-14,IV1311,2022-08-01,265.7,"b first revision, printed"
2022-10-14,IV1311,2022-09-01,271.6,"a first publication, printed"
2022-11-16,IV1311,2022-08-01,265.7,d1 single consistent value
2022-11-16,IV1311,2022-09-01,265.4,"b first revision, printed"
2022-11-16,IV1311,2022-10-01,253.4,"a first publication, printed"
2022-12-14,IV1311,2022-09-01,265.4,"d2 carried, consistent"
2022-12-14,IV1311,2022-10-01,247.6,"b first revision, printed"
2022-12-14,IV1311,2022-11-01,242.6,"a first publication, printed"
2023-01-13,IV1311,2022-10-01,247.6,"d2 carried, consistent"
2023-01-13,IV1311,2022-11-01,242.8,"b first revision, printed"
2023-01-13,IV1311,2022-12-01,259.5,"a first publication, printed"
2023-02-17,IV1311,2022-11-01,242.8,d1 single consistent value
2023-02-17,IV1311,2022-12-01,254.9,"b first revision, printed"
2023-02-17,IV1311,2023-01-01,263.0,"a first publication, printed"
2023-03-16,IV1311,2022-12-01,263.8,d3 nearest consistent value
2023-03-16,IV1311,2023-01-01,272.5,"b first revision, printed"
2023-03-16,IV1311,2023-02-01,270.8,"a first publication, printed"
2023-04-14,IV1311,2023-01-01,272.7,d1 single consistent value
2023-04-14,IV1311,2023-02-01,271.5,"b first revision, printed"
2023-04-14,IV1311,2023-03-01,258.4,"a first publication, printed"
2023-05-12,IV1311,2023-02-01,271.0,d1 single consistent value
2023-05-12,IV1311,2023-03-01,257.4,"b first revision, printed"
2023-05-12,IV1311,2023-04-01,219.5,"a first publication, printed"
2023-06-15,IV1311,2023-03-01,257.4,"d2 carried, consistent"
2023-06-15,IV1311,2023-04-01,219.9,"b first revision, printed"
2023-06-15,IV1311,2023-05-01,225.3,"a first publication, printed"
2023-07-14,IV1311,2023-04-01,219.9,d1 single consistent value
2023-07-14,IV1311,2023-05-01,224.1,"b first revision, printed"
2023-07-14,IV1311,2023-06-01,226.7,"a first publication, printed"
2023-08-15,IV1311,2023-05-01,214.0,d1 single consistent value
2023-08-15,IV1311,2023-06-01,217.3,"b first revision, printed"
2023-08-15,IV1311,2023-07-01,187.8,"a first publication, printed"
2023-09-15,IV1311,2023-06-01,217.3,"d2 carried, consistent"
2023-09-15,IV1311,2023-07-01,187.3,"b first revision, printed"
2023-09-15,IV1311,2023-08-01,193.7,"a first publication, printed"
2023-10-13,IV1311,2023-07-01,187.3,d1 single consistent value
2023-10-13,IV1311,2023-08-01,194.8,"b first revision, printed"
2023-10-13,IV1311,2023-09-01,181.0,"a first publication, printed"
2023-11-16,IV1311,2023-08-01,201.3,d1 single consistent value
2023-11-16,IV1311,2023-09-01,185.7,"b first revision, printed"
2023-11-16,IV1311,2023-10-01,186.0,"a first publication, printed"
2023-12-14,IV1311,2023-09-01,185.7,d1 single consistent value
2023-12-14,IV1311,2023-10-01,185.1,"b first revision, printed"
2023-12-14,IV1311,2023-11-01,178.7,"a first publication, printed"
2024-01-17,IV1311,2023-10-01,185.1,d1 single consistent value
2024-01-17,IV1311,2023-11-01,178.9,"b first revision, printed"
2024-01-17,IV1311,2023-12-01,183.1,"a first publication, printed"
2024-02-15,IV1311,2023-11-01,178.9,"d2 carried, consistent"
2024-02-15,IV1311,2023-12-01,182.7,"b first revision, printed"
2024-02-15,IV1311,2024-01-01,178.7,"a first publication, printed"
2024-03-15,IV1311,2023-12-01,182.7,d1 single consistent value
2024-03-15,IV1311,2024-01-01,161.0,"b first revision, printed"
2024-03-15,IV1311,2024-02-01,167.8,"a first publication, printed"
2024-04-12,IV1311,2024-01-01,158.2,d1 single consistent value
2024-04-12,IV1311,2024-02-01,164.5,"b first revision, printed"
2024-04-12,IV1311,2024-03-01,162.5,"a first publication, printed"
2024-05-16,IV1311,2024-02-01,163.7,d1 single consistent value
2024-05-16,IV1311,2024-03-01,175.2,"b first revision, printed"
2024-05-16,IV1311,2024-04-01,167.8,"a first publication, printed"
2024-06-14,IV1311,2024-03-01,176.2,d1 single consistent value
2024-06-14,IV1311,2024-04-01,149.7,"b first revision, printed"
2024-06-14,IV1311,2024-05-01,144.8,"a first publication, printed"
2024-07-16,IV1311,2024-04-01,149.7,d1 single consistent value
2024-07-16,IV1311,2024-05-01,158.1,"b first revision, printed"
2024-07-16,IV1311,2024-06-01,146.7,"a first publication, printed"
2024-08-15,IV1311,2024-05-01,158.1,d1 single consistent value
2024-08-15,IV1311,2024-06-01,148.3,"b first revision, printed"
2024-08-15,IV1311,2024-07-01,151.9,"a first publication, printed"
2024-09-13,IV1311,2024-06-01,148.3,d1 single consistent value
2024-09-13,IV1311,2024-07-01,157.5,"b first revision, printed"
2024-09-13,IV1311,2024-08-01,153.2,"a first publication, printed"
2024-10-16,IV1311,2024-07-01,157.5,d1 single consistent value
2024-10-16,IV1311,2024-08-01,153.5,"b first revision, printed"
2024-10-16,IV1311,2024-09-01,150.1,"a first publication, printed"
2024-11-15,IV1311,2024-08-01,153.5,d1 single consistent value
2024-11-15,IV1311,2024-09-01,151.0,"b first revision, printed"
2024-11-15,IV1311,2024-10-01,162.8,"a first publication, printed"
2024-12-13,IV1311,2024-09-01,151.0,d1 single consistent value
2024-12-13,IV1311,2024-10-01,162.8,"b first revision, printed"
2024-12-13,IV1311,2024-11-01,163.7,"a first publication, printed"
2025-01-16,IV1311,2024-10-01,162.8,d1 single consistent value
2025-01-16,IV1311,2024-11-01,156.3,"b first revision, printed"
2025-01-16,IV1311,2024-12-01,160.8,"a first publication, printed"
2025-02-14,IV1311,2024-11-01,156.3,d1 single consistent value
2025-02-14,IV1311,2024-12-01,156.4,"b first revision, printed"
2025-02-14,IV1311,2025-01-01,146.1,"a first publication, printed"
2025-03-18,IV1311,2024-12-01,156.4,d1 single consistent value
2025-03-18,IV1311,2025-01-01,150.7,"b first revision, printed"
2025-03-18,IV1311,2025-02-01,152.4,"a first publication, printed"
2025-04-15,IV1311,2025-01-01,168.8,d1 single consistent value
2025-04-15,IV1311,2025-02-01,166.6,"b first revision, printed"
2025-04-15,IV1311,2025-03-01,159.5,"a first publication, printed"
2025-05-16,IV1311,2025-02-01,166.6,d1 single consistent value
2025-05-16,IV1311,2025-03-01,157.2,"b first revision, printed"
2025-05-16,IV1311,2025-04-01,162.4,"a first publication, printed"
2025-06-17,IV1311,2025-03-01,157.2,d1 single consistent value
2025-06-17,IV1311,2025-04-01,177.6,"b first revision, printed"
2025-06-17,IV1311,2025-05-01,188.5,"a first publication, printed"
2025-07-17,IV1311,2025-04-01,177.6,d1 single consistent value
2025-07-17,IV1311,2025-05-01,184.3,"b first revision, printed"
2025-07-17,IV1311,2025-06-01,186.6,"a first publication, printed"
2025-08-15,IV1311,2025-05-01,196.3,d3 nearest consistent value
2025-08-15,IV1311,2025-06-01,184.3,"b first revision, printed"
2025-08-15,IV1311,2025-07-01,197.2,"a first publication, printed"
2025-09-16,IV1311,2025-06-01,184.3,d1 single consistent value
2025-09-16,IV1311,2025-07-01,198.7,"b first revision, printed"
2025-09-16,IV1311,2025-08-01,190.8,"a first publication, printed"
2025-12-03,IV1311,2025-07-01,185.5,d3 nearest consistent value
2025-12-03,IV1311,2025-08-01,177.7,"b first revision, printed"
2025-12-03,IV1311,2025-09-01,173.2,"a first publication, printed"
2026-01-15,IV1311,2025-09-01,174.3,d3 nearest consistent value
2026-01-15,IV1311,2025-11-01,193.0,"a first publication, printed"
2026-02-10,IV1311,,,f no table printed: nothing new on record
2026-03-05,IV1311,2025-11-01,193.0,"d2 carried, consistent"
2026-03-05,IV1311,2025-12-01,201.6,"b first revision, printed"
2026-03-05,IV1311,2026-01-01,212.9,"a first publication, printed"
2026-03-25,IV1311,2025-12-01,201.6,d1 single consistent value
2026-03-25,IV1311,2026-01-01,213.2,"b first revision, printed"
2026-03-25,IV1311,2026-02-01,212.7,"a first publication, printed"
2026-04-15,IV1311,2026-01-01,213.2,d1 single consistent value
2026-04-15,IV1311,2026-02-01,201.6,"b first revision, printed"
2026-04-15,IV1311,2026-03-01,212.7,"a first publication, printed"
2026-05-14,IV1311,2026-02-01,203.6,d3 nearest consistent value
2026-05-14,IV1311,2026-03-01,217.0,"b first revision, printed"
2026-05-14,IV1311,2026-04-01,212.6,"a first publication, printed"
2026-06-16,IV1311,2026-03-01,217.0,"d2 carried, consistent"
2026-06-16,IV1311,2026-04-01,212.1,"b first revision, printed"
2026-06-16,IV1311,2026-05-01,216.6,"a first publication, printed"
2026-07-17,IV1311,2026-04-01,212.1,"d2 carried, consistent"
2026-07-17,IV1311,2026-05-01,217.8,"b first revision, printed"
2026-07-17,IV1311,2026-06-01,216.6,"a first publication, printed"
2026-08-18,IV1311,2026-05-01,217.8,d1 single consistent value
2026-08-18,IV1311,2026-06-01,214.9,"b first revision, printed"
2026-08-18,IV1311,2026-07-01,209.5,"a first publication, printed"
2026-09-16,IV1311,2026-06-01,214.9,"d2 carried, consistent"
2026-09-16,IV1311,2026-07-01,224.6,"b first revision, printed"
2026-09-16,IV1311,2026-08-01,230.6,"a first publication, printed"
2010-03-16,IC131,2009-12-01,147.3,c first release of the span: database value
2010-03-16,IC131,2010-01-01,141.0,"b first revision, printed"
2010-03-16,IC131,2010-02-01,140.1,"a first publication, printed"
2010-04-13,IC131,2010-01-01,144.0,d1 single consistent value
2010-04-13,IC131,2010-02-01,143.1,"b first revision, printed"
2010-04-13,IC131,2010-03-01,143.6,"a first publication, printed"
2010-05-13,IC131,2010-02-01,143.1,"d2 carried, consistent"
2010-05-13,IC131,2010-03-01,143.6,"b first revision, printed"
2010-05-13,IC131,2010-04-01,143.4,"a first publication, printed"
2010-06-15,IC131,2010-03-01,144.3,d3 nearest consistent value
2010-06-15,IC131,2010-04-01,144.7,"b first revision, printed"
2010-06-15,IC131,2010-05-01,146.7,"a first publication, printed"
2010-07-14,IC131,2010-04-01,144.9,d1 single consistent value
2010-07-14,IC131,2010-05-01,146.8,"b first revision, printed"
2010-07-14,IC131,2010-06-01,146.2,"a first publication, printed"
2010-08-12,IC131,2010-05-01,146.9,d3 nearest consistent value
2010-08-12,IC131,2010-06-01,146.8,"b first revision, printed"
2010-08-12,IC131,2010-07-01,144.7,"a first publication, printed"
2010-09-15,IC131,2010-06-01,147.1,d3 nearest consistent value
2010-09-15,IC131,2010-07-01,145.0,"b first revision, printed"
2010-09-15,IC131,2010-08-01,146.7,"a first publication, printed"
2010-10-13,IC131,2010-07-01,145.0,d1 single consistent value
2010-10-13,IC131,2010-08-01,146.7,"b first revision, printed"
2010-10-13,IC131,2010-09-01,147.2,"a first publication, printed"
2010-11-10,IC131,2010-08-01,146.7,"d2 carried, consistent"
2010-11-10,IC131,2010-09-01,147.2,"b first revision, printed"
2010-11-10,IC131,2010-10-01,149.4,"a first publication, printed"
2010-12-10,IC131,2010-09-01,147.2,"d2 carried, consistent"
2010-12-10,IC131,2010-10-01,149.5,"b first revision, printed"
2010-12-10,IC131,2010-11-01,153.2,"a first publication, printed"
2011-01-12,IC131,2010-10-01,149.5,d1 single consistent value
2011-01-12,IC131,2010-11-01,152.8,"b first revision, printed"
2011-01-12,IC131,2010-12-01,153.0,"a first publication, printed"
2011-02-15,IC131,2010-11-01,152.7,d1 single consistent value
2011-02-15,IC131,2010-12-01,153.5,"b first revision, printed"
2011-02-15,IC131,2011-01-01,153.1,"a first publication, printed"
2011-03-15,IC131,2010-12-01,153.5,"d2 carried, consistent"
2011-03-15,IC131,2011-01-01,153.1,"b first revision, printed"
2011-03-15,IC131,2011-02-01,154.8,"a first publication, printed"
2011-04-12,IC131,2011-01-01,152.7,d3 nearest consistent value
2011-04-12,IC131,2011-02-01,154.5,"b first revision, printed"
2011-04-12,IC131,2011-03-01,155.9,"a first publication, printed"
2011-05-10,IC131,2011-02-01,155.0,d1 single consistent value
2011-05-10,IC131,2011-03-01,157.0,"b first revision, printed"
2011-05-10,IC131,2011-04-01,159.2,"a first publication, printed"
2011-06-10,IC131,2011-03-01,157.0,d1 single consistent value
2011-06-10,IC131,2011-04-01,159.2,"b first revision, printed"
2011-06-10,IC131,2011-05-01,162.6,"a first publication, printed"
2011-07-13,IC131,2011-04-01,159.0,d3 nearest consistent value
2011-07-13,IC131,2011-05-01,165.1,"b first revision, printed"
2011-07-13,IC131,2011-06-01,165.0,"a first publication, printed"
2011-08-16,IC131,2011-05-01,165.1,d1 single consistent value
2011-08-16,IC131,2011-06-01,165.1,"b first revision, printed"
2011-08-16,IC131,2011-07-01,164.4,"a first publication, printed"
2011-09-13,IC131,2011-06-01,165.1,d1 single consistent value
2011-09-13,IC131,2011-07-01,164.1,"b first revision, printed"
2011-09-13,IC131,2011-08-01,164.4,"a first publication, printed"
2011-10-14,IC131,2011-07-01,163.6,d3 nearest consistent value
2011-10-14,IC131,2011-08-01,163.2,"b first revision, printed"
2011-10-14,IC131,2011-09-01,163.5,"a first publication, printed"
2011-11-10,IC131,2011-08-01,164.2,d1 single consistent value
2011-11-10,IC131,2011-09-01,164.2,"b first revision, printed"
2011-11-10,IC131,2011-10-01,163.4,"a first publication, printed"
2011-12-14,IC131,2011-09-01,164.2,d1 single consistent value
2011-12-14,IC131,2011-10-01,163.5,"b first revision, printed"
2011-12-14,IC131,2011-11-01,162.1,"a first publication, printed"
2012-01-13,IC131,2011-10-01,163.4,d1 single consistent value
2012-01-13,IC131,2011-11-01,162.0,"b first revision, printed"
2012-01-13,IC131,2011-12-01,160.5,"a first publication, printed"
2012-02-14,IC131,2011-11-01,162.0,"d2 carried, consistent"
2012-02-14,IC131,2011-12-01,160.5,"b first revision, printed"
2012-02-14,IC131,2012-01-01,157.1,"a first publication, printed"
2012-03-14,IC131,2011-12-01,160.7,d1 single consistent value
2012-03-14,IC131,2012-01-01,157.3,"b first revision, printed"
2012-03-14,IC131,2012-02-01,155.7,"a first publication, printed"
2012-04-11,IC131,2012-01-01,157.3,d1 single consistent value
2012-04-11,IC131,2012-02-01,155.2,"b first revision, printed"
2012-04-11,IC131,2012-03-01,158.3,"a first publication, printed"
2012-05-10,IC131,2012-02-01,155.5,d1 single consistent value
2012-05-10,IC131,2012-03-01,158.4,"b first revision, printed"
2012-05-10,IC131,2012-04-01,161.4,"a first publication, printed"
2012-06-12,IC131,2012-03-01,158.8,d1 single consistent value
2012-06-12,IC131,2012-04-01,161.1,"b first revision, printed"
2012-06-12,IC131,2012-05-01,161.4,"a first publication, printed"
2012-07-12,IC131,2012-04-01,161.1,d1 single consistent value
2012-07-12,IC131,2012-05-01,161.5,"b first revision, printed"
2012-07-12,IC131,2012-06-01,161.4,"a first publication, printed"
2012-08-10,IC131,2012-05-01,161.6,d1 single consistent value
2012-08-10,IC131,2012-06-01,161.6,"b first revision, printed"
2012-08-10,IC131,2012-07-01,158.8,"a first publication, printed"
2012-09-12,IC131,2012-06-01,161.6,d1 single consistent value
2012-09-12,IC131,2012-07-01,158.8,"b first revision, printed"
2012-09-12,IC131,2012-08-01,156.6,"a first publication, printed"
2012-10-11,IC131,2012-07-01,161.5,d1 single consistent value
2012-10-11,IC131,2012-08-01,161.0,"b first revision, printed"
2012-10-11,IC131,2012-09-01,163.2,"a first publication, printed"
2012-11-09,IC131,2012-08-01,161.0,d1 single consistent value
2012-11-09,IC131,2012-09-01,163.2,"b first revision, printed"
2012-11-09,IC131,2012-10-01,165.3,"a first publication, printed"
2012-12-12,IC131,2012-09-01,163.2,d1 single consistent value
2012-12-12,IC131,2012-10-01,165.3,"b first revision, printed"
2012-12-12,IC131,2012-11-01,168.0,"a first publication, printed"
2013-01-11,IC131,2012-10-01,165.5,d3 nearest consistent value
2013-01-11,IC131,2012-11-01,168.5,"b first revision, printed"
2013-01-11,IC131,2012-12-01,167.5,"a first publication, printed"
2013-02-13,IC131,2012-11-01,168.5,d1 single consistent value
2013-02-13,IC131,2012-12-01,167.5,"b first revision, printed"
2013-02-13,IC131,2013-01-01,165.7,"a first publication, printed"
2013-03-13,IC131,2012-12-01,167.5,d1 single consistent value
2013-03-13,IC131,2013-01-01,165.7,"b first revision, printed"
2013-03-13,IC131,2013-02-01,164.5,"a first publication, printed"
2013-04-11,IC131,2013-01-01,165.7,"d2 carried, consistent"
2013-04-11,IC131,2013-02-01,164.5,"b first revision, printed"
2013-04-11,IC131,2013-03-01,163.7,"a first publication, printed"
2013-05-14,IC131,2013-02-01,164.5,"d2 carried, consistent"
2013-05-14,IC131,2013-03-01,163.7,"b first revision, printed"
2013-05-14,IC131,2013-04-01,163.0,"a first publication, printed"
2013-06-13,IC131,2013-03-01,163.7,d1 single consistent value
2013-06-13,IC131,2013-04-01,163.1,"b first revision, printed"
2013-06-13,IC131,2013-05-01,162.1,"a first publication, printed"
2013-07-11,IC131,2013-04-01,162.9,d1 single consistent value
2013-07-11,IC131,2013-05-01,161.9,"b first revision, printed"
2013-07-11,IC131,2013-06-01,160.6,"a first publication, printed"
2013-08-13,IC131,2013-05-01,161.9,d1 single consistent value
2013-08-13,IC131,2013-06-01,160.6,"b first revision, printed"
2013-08-13,IC131,2013-07-01,160.7,"a first publication, printed"
2013-09-12,IC131,2013-06-01,160.6,d1 single consistent value
2013-09-12,IC131,2013-07-01,160.7,"b first revision, printed"
2013-09-12,IC131,2013-08-01,160.5,"a first publication, printed"
2013-10-23,IC131,2013-07-01,160.6,d1 single consistent value
2013-10-23,IC131,2013-08-01,160.6,"b first revision, printed"
2013-10-23,IC131,2013-09-01,161.5,"a first publication, printed"
2013-11-15,IC131,2013-08-01,160.6,d1 single consistent value
2013-11-15,IC131,2013-09-01,161.5,"b first revision, printed"
2013-11-15,IC131,2013-10-01,162.8,"a first publication, printed"
2013-12-12,IC131,2013-09-01,161.5,d1 single consistent value
2013-12-12,IC131,2013-10-01,162.8,"b first revision, printed"
2013-12-12,IC131,2013-11-01,164.9,"a first publication, printed"
2014-01-14,IC131,2013-10-01,162.8,d1 single consistent value
2014-01-14,IC131,2013-11-01,165.5,"b first revision, printed"
2014-01-14,IC131,2013-12-01,164.9,"a first publication, printed"
2014-02-14,IC131,2013-11-01,165.5,"d2 carried, consistent"
2014-02-14,IC131,2013-12-01,164.9,"b first revision, printed"
2014-02-14,IC131,2014-01-01,164.2,"a first publication, printed"
2014-03-13,IC131,2013-12-01,164.9,"d2 carried, consistent"
2014-03-13,IC131,2014-01-01,164.2,"b first revision, printed"
2014-03-13,IC131,2014-02-01,163.1,"a first publication, printed"
2014-04-10,IC131,2014-01-01,164.2,"d2 carried, consistent"
2014-04-10,IC131,2014-02-01,163.0,"b first revision, printed"
2014-04-10,IC131,2014-03-01,164.9,"a first publication, printed"
2014-05-13,IC131,2014-02-01,163.0,"d2 carried, consistent"
2014-05-13,IC131,2014-03-01,164.7,"b first revision, printed"
2014-05-13,IC131,2014-04-01,164.3,"a first publication, printed"
2014-06-12,IC131,2014-03-01,164.7,d1 single consistent value
2014-06-12,IC131,2014-04-01,164.3,"b first revision, printed"
2014-06-12,IC131,2014-05-01,165.0,"a first publication, printed"
2014-07-15,IC131,2014-04-01,164.3,"d2 carried, consistent"
2014-07-15,IC131,2014-05-01,165.2,"b first revision, printed"
2014-07-15,IC131,2014-06-01,165.3,"a first publication, printed"
2014-08-14,IC131,2014-05-01,165.2,"d2 carried, consistent"
2014-08-14,IC131,2014-06-01,165.3,"b first revision, printed"
2014-08-14,IC131,2014-07-01,165.0,"a first publication, printed"
2014-09-12,IC131,2014-06-01,165.3,"d2 carried, consistent"
2014-09-12,IC131,2014-07-01,165.0,"b first revision, printed"
2014-09-12,IC131,2014-08-01,165.1,"a first publication, printed"
2014-10-10,IC131,2014-07-01,165.0,d1 single consistent value
2014-10-10,IC131,2014-08-01,165.2,"b first revision, printed"
2014-10-10,IC131,2014-09-01,164.5,"a first publication, printed"
2014-11-14,IC131,2014-08-01,165.4,d1 single consistent value
2014-11-14,IC131,2014-09-01,164.4,"b first revision, printed"
2014-11-14,IC131,2014-10-01,163.1,"a first publication, printed"
2014-12-11,IC131,2014-09-01,164.4,d1 single consistent value
2014-12-11,IC131,2014-10-01,163.1,"b first revision, printed"
2014-12-11,IC131,2014-11-01,162.3,"a first publication, printed"
2015-01-14,IC131,2014-10-01,163.1,d1 single consistent value
2015-01-14,IC131,2014-11-01,161.8,"b first revision, printed"
2015-01-14,IC131,2014-12-01,158.8,"a first publication, printed"
2015-02-13,IC131,2014-11-01,161.8,d1 single consistent value
2015-02-13,IC131,2014-12-01,158.7,"b first revision, printed"
2015-02-13,IC131,2015-01-01,160.4,"a first publication, printed"
2015-03-12,IC131,2014-12-01,158.7,d1 single consistent value
2015-03-12,IC131,2015-01-01,160.7,"b first revision, printed"
2015-03-12,IC131,2015-02-01,158.3,"a first publication, printed"
2015-04-10,IC131,2015-01-01,160.5,d3 nearest consistent value
2015-04-10,IC131,2015-02-01,159.5,"b first revision, printed"
2015-04-10,IC131,2015-03-01,160.5,"a first publication, printed"
2015-05-13,IC131,2015-02-01,159.3,d1 single consistent value
2015-05-13,IC131,2015-03-01,159.9,"b first revision, printed"
2015-05-13,IC131,2015-04-01,161.0,"a first publication, printed"
2015-06-11,IC131,2015-03-01,159.5,d1 single consistent value
2015-06-11,IC131,2015-04-01,161.4,"b first revision, printed"
2015-06-11,IC131,2015-05-01,160.6,"a first publication, printed"
2015-07-14,IC131,2015-04-01,161.4,d1 single consistent value
2015-07-14,IC131,2015-05-01,160.7,"b first revision, printed"
2015-07-14,IC131,2015-06-01,160.1,"a first publication, printed"
2015-08-13,IC131,2015-05-01,158.7,d1 single consistent value
2015-08-13,IC131,2015-06-01,158.3,"b first revision, printed"
2015-08-13,IC131,2015-07-01,157.2,"a first publication, printed"
2015-09-10,IC131,2015-06-01,158.3,"d2 carried, consistent"
2015-09-10,IC131,2015-07-01,155.1,"b first revision, printed"
2015-09-10,IC131,2015-08-01,152.3,"a first publication, printed"
2015-10-09,IC131,2015-07-01,153.9,d1 single consistent value
2015-10-09,IC131,2015-08-01,150.5,"b first revision, printed"
2015-10-09,IC131,2015-09-01,149.3,"a first publication, printed"
2015-11-10,IC131,2015-08-01,152.2,d3 nearest consistent value
2015-11-10,IC131,2015-09-01,150.8,"b first revision, printed"
2015-11-10,IC131,2015-10-01,156.3,"a first publication, printed"
2015-12-10,IC131,2015-09-01,151.1,d1 single consistent value
2015-12-10,IC131,2015-10-01,155.2,"b first revision, printed"
2015-12-10,IC131,2015-11-01,156.0,"a first publication, printed"
2016-01-14,IC131,2015-10-01,154.9,d1 single consistent value
2016-01-14,IC131,2015-11-01,155.8,"b first revision, printed"
2016-01-14,IC131,2015-12-01,153.0,"a first publication, printed"
2016-02-12,IC131,2015-11-01,155.4,d1 single consistent value
2016-02-12,IC131,2015-12-01,152.5,"b first revision, printed"
2016-02-12,IC131,2016-01-01,148.8,"a first publication, printed"
2016-03-11,IC131,2015-12-01,152.5,d1 single consistent value
2016-03-11,IC131,2016-01-01,148.7,"b first revision, printed"
2016-03-11,IC131,2016-02-01,147.2,"a first publication, printed"
2016-04-12,IC131,2016-01-01,148.7,d1 single consistent value
2016-04-12,IC131,2016-02-01,146.8,"b first revision, printed"
2016-04-12,IC131,2016-03-01,144.8,"a first publication, printed"
2016-05-12,IC131,2016-02-01,146.8,"d2 carried, consistent"
2016-05-12,IC131,2016-03-01,144.4,"b first revision, printed"
2016-05-12,IC131,2016-04-01,148.1,"a first publication, printed"
2016-06-14,IC131,2016-03-01,144.4,"d2 carried, consistent"
2016-06-14,IC131,2016-04-01,146.2,"b first revision, printed"
2016-06-14,IC131,2016-05-01,144.4,"a first publication, printed"
2016-07-13,IC131,2016-04-01,146.4,d1 single consistent value
2016-07-13,IC131,2016-05-01,144.2,"b first revision, printed"
2016-07-13,IC131,2016-06-01,142.2,"a first publication, printed"
2016-08-11,IC131,2016-05-01,144.2,d1 single consistent value
2016-08-11,IC131,2016-06-01,142.2,"b first revision, printed"
2016-08-11,IC131,2016-07-01,143.5,"a first publication, printed"
2016-09-14,IC131,2016-06-01,141.8,d1 single consistent value
2016-09-14,IC131,2016-07-01,143.9,"b first revision, printed"
2016-09-14,IC131,2016-08-01,144.9,"a first publication, printed"
2016-10-13,IC131,2016-07-01,142.6,d3 nearest consistent value
2016-10-13,IC131,2016-08-01,144.5,"b first revision, printed"
2016-10-13,IC131,2016-09-01,146.8,"a first publication, printed"
2016-11-15,IC131,2016-08-01,144.5,"d2 carried, consistent"
2016-11-15,IC131,2016-09-01,146.3,"b first revision, printed"
2016-11-15,IC131,2016-10-01,152.7,"a first publication, printed"
2016-12-13,IC131,2016-09-01,146.4,d1 single consistent value
2016-12-13,IC131,2016-10-01,153.9,"b first revision, printed"
2016-12-13,IC131,2016-11-01,154.2,"a first publication, printed"
2017-01-12,IC131,2016-10-01,152.2,d1 single consistent value
2017-01-12,IC131,2016-11-01,152.6,"b first revision, printed"
2017-01-12,IC131,2016-12-01,153.9,"a first publication, printed"
2017-02-10,IC131,2016-11-01,155.3,d3 nearest consistent value
2017-02-10,IC131,2016-12-01,155.4,"b first revision, printed"
2017-02-10,IC131,2017-01-01,154.3,"a first publication, printed"
2017-03-09,IC131,2016-12-01,155.3,d1 single consistent value
2017-03-09,IC131,2017-01-01,154.4,"b first revision, printed"
2017-03-09,IC131,2017-02-01,154.4,"a first publication, printed"
2017-04-12,IC131,2017-01-01,153.6,d1 single consistent value
2017-04-12,IC131,2017-02-01,153.0,"b first revision, printed"
2017-04-12,IC131,2017-03-01,153.4,"a first publication, printed"
2017-05-10,IC131,2017-02-01,153.0,d1 single consistent value
2017-05-10,IC131,2017-03-01,153.4,"b first revision, printed"
2017-05-10,IC131,2017-04-01,153.8,"a first publication, printed"
2017-06-15,IC131,2017-03-01,153.4,d1 single consistent value
2017-06-15,IC131,2017-04-01,153.7,"b first revision, printed"
2017-06-15,IC131,2017-05-01,155.0,"a first publication, printed"
2017-07-18,IC131,2017-04-01,154.4,d1 single consistent value
2017-07-18,IC131,2017-05-01,155.6,"b first revision, printed"
2017-07-18,IC131,2017-06-01,155.7,"a first publication, printed"
2017-08-15,IC131,2017-05-01,155.6,d1 single consistent value
2017-08-15,IC131,2017-06-01,155.1,"b first revision, printed"
2017-08-15,IC131,2017-07-01,164.9,"a first publication, printed"
2017-09-19,IC131,2017-06-01,155.1,"d2 carried, consistent"
2017-09-19,IC131,2017-07-01,164.9,"b first revision, printed"
2017-09-19,IC131,2017-08-01,165.5,"a first publication, printed"
2017-10-17,IC131,2017-07-01,164.9,"d2 carried, consistent"
2017-10-17,IC131,2017-08-01,165.5,"b first revision, printed"
2017-10-17,IC131,2017-09-01,166.3,"a first publication, printed"
2017-11-16,IC131,2017-08-01,165.5,d1 single consistent value
2017-11-16,IC131,2017-09-01,166.3,"b first revision, printed"
2017-11-16,IC131,2017-10-01,161.0,"a first publication, printed"
2017-12-14,IC131,2017-09-01,166.3,"d2 carried, consistent"
2017-12-14,IC131,2017-10-01,162.2,"b first revision, printed"
2017-12-14,IC131,2017-11-01,171.1,"a first publication, printed"
2018-01-10,IC131,2017-10-01,161.9,d1 single consistent value
2018-01-10,IC131,2017-11-01,170.8,"b first revision, printed"
2018-01-10,IC131,2017-12-01,176.8,"a first publication, printed"
2018-02-16,IC131,2017-11-01,170.8,d1 single consistent value
2018-02-16,IC131,2017-12-01,169.8,"b first revision, printed"
2018-02-16,IC131,2018-01-01,169.9,"a first publication, printed"
2018-03-15,IC131,2017-12-01,169.8,d1 single consistent value
2018-03-15,IC131,2018-01-01,169.8,"b first revision, printed"
2018-03-15,IC131,2018-02-01,168.1,"a first publication, printed"
2018-04-12,IC131,2018-01-01,167.9,d1 single consistent value
2018-04-12,IC131,2018-02-01,168.3,"b first revision, printed"
2018-04-12,IC131,2018-03-01,166.7,"a first publication, printed"
2018-05-11,IC131,2018-02-01,168.4,d1 single consistent value
2018-05-11,IC131,2018-03-01,164.6,"b first revision, printed"
2018-05-11,IC131,2018-04-01,166.0,"a first publication, printed"
2018-06-14,IC131,2018-03-01,166.0,d1 single consistent value
2018-06-14,IC131,2018-04-01,174.3,"b first revision, printed"
2018-06-14,IC131,2018-05-01,176.5,"a first publication, printed"
2018-07-13,IC131,2018-04-01,173.1,d1 single consistent value
2018-07-13,IC131,2018-05-01,175.7,"b first revision, printed"
2018-07-13,IC131,2018-06-01,175.3,"a first publication, printed"
2018-08-14,IC131,2018-05-01,175.7,d1 single consistent value
2018-08-14,IC131,2018-06-01,175.3,"b first revision, printed"
2018-08-14,IC131,2018-07-01,171.9,"a first publication, printed"
2018-09-14,IC131,2018-06-01,175.3,d1 single consistent value
2018-09-14,IC131,2018-07-01,171.8,"b first revision, printed"
2018-09-14,IC131,2018-08-01,171.1,"a first publication, printed"
2018-10-12,IC131,2018-07-01,171.7,d1 single consistent value
2018-10-12,IC131,2018-08-01,171.2,"b first revision, printed"
2018-10-12,IC131,2018-09-01,173.2,"a first publication, printed"
2018-11-15,IC131,2018-08-01,170.7,d3 nearest consistent value
2018-11-15,IC131,2018-09-01,172.6,"b first revision, printed"
2018-11-15,IC131,2018-10-01,175.6,"a first publication, printed"
2018-12-13,IC131,2018-09-01,172.6,"d2 carried, consistent"
2018-12-13,IC131,2018-10-01,175.6,"b first revision, printed"
2018-12-13,IC131,2018-11-01,177.8,"a first publication, printed"
2019-01-16,IC131,2018-10-01,175.6,"d2 carried, consistent"
2019-01-16,IC131,2018-11-01,177.1,"b first revision, printed"
2019-01-16,IC131,2018-12-01,174.7,"a first publication, printed"
2019-02-15,IC131,2018-11-01,177.1,"d2 carried, consistent"
2019-02-15,IC131,2018-12-01,174.1,"b first revision, printed"
2019-02-15,IC131,2019-01-01,173.6,"a first publication, printed"
2019-03-14,IC131,2018-12-01,173.8,d1 single consistent value
2019-03-14,IC131,2019-01-01,173.7,"b first revision, printed"
2019-03-14,IC131,2019-02-01,165.9,"a first publication, printed"
2019-04-12,IC131,2019-01-01,173.7,d1 single consistent value
2019-04-12,IC131,2019-02-01,166.1,"b first revision, printed"
2019-04-12,IC131,2019-03-01,167.2,"a first publication, printed"
2019-05-14,IC131,2019-02-01,166.4,d1 single consistent value
2019-05-14,IC131,2019-03-01,167.0,"b first revision, printed"
2019-05-14,IC131,2019-04-01,164.8,"a first publication, printed"
2019-06-13,IC131,2019-03-01,166.9,d1 single consistent value
2019-06-13,IC131,2019-04-01,165.6,"b first revision, printed"
2019-06-13,IC131,2019-05-01,167.7,"a first publication, printed"
2019-07-16,IC131,2019-04-01,165.7,d1 single consistent value
2019-07-16,IC131,2019-05-01,167.3,"b first revision, printed"
2019-07-16,IC131,2019-06-01,168.6,"a first publication, printed"
2019-08-14,IC131,2019-05-01,167.3,d1 single consistent value
2019-08-14,IC131,2019-06-01,168.1,"b first revision, printed"
2019-08-14,IC131,2019-07-01,164.6,"a first publication, printed"
2019-09-13,IC131,2019-06-01,168.1,d1 single consistent value
2019-09-13,IC131,2019-07-01,163.9,"b first revision, printed"
2019-09-13,IC131,2019-08-01,160.4,"a first publication, printed"
2019-10-11,IC131,2019-07-01,164.4,d1 single consistent value
2019-10-11,IC131,2019-08-01,161.0,"b first revision, printed"
2019-10-11,IC131,2019-09-01,160.1,"a first publication, printed"
2019-11-15,IC131,2019-08-01,161.0,d1 single consistent value
2019-11-15,IC131,2019-09-01,160.1,"b first revision, printed"
2019-11-15,IC131,2019-10-01,162.1,"a first publication, printed"
2019-12-13,IC131,2019-09-01,160.1,"d2 carried, consistent"
2019-12-13,IC131,2019-10-01,161.8,"b first revision, printed"
2019-12-13,IC131,2019-11-01,163.8,"a first publication, printed"
2020-01-16,IC131,2019-10-01,161.8,d1 single consistent value
2020-01-16,IC131,2019-11-01,163.9,"b first revision, printed"
2020-01-16,IC131,2019-12-01,165.2,"a first publication, printed"
2020-02-14,IC131,2019-11-01,163.9,d1 single consistent value
2020-02-14,IC131,2019-12-01,165.8,"b first revision, printed"
2020-02-14,IC131,2020-01-01,163.9,"a first publication, printed"
2020-03-13,IC131,2019-12-01,165.8,d1 single consistent value
2020-03-13,IC131,2020-01-01,164.3,"b first revision, printed"
2020-03-13,IC131,2020-02-01,162.5,"a first publication, printed"
2020-04-14,IC131,2020-01-01,164.3,d1 single consistent value
2020-04-14,IC131,2020-02-01,162.9,"b first revision, printed"
2020-04-14,IC131,2020-03-01,164.3,"a first publication, printed"
2020-05-14,IC131,2020-02-01,162.9,"d2 carried, consistent"
2020-05-14,IC131,2020-03-01,164.3,"b first revision, printed"
2020-05-14,IC131,2020-04-01,202.9,"a first publication, printed"
2020-06-12,IC131,2020-03-01,167.9,d1 single consistent value
2020-06-12,IC131,2020-04-01,207.5,"b first revision, printed"
2020-06-12,IC131,2020-05-01,248.0,"a first publication, printed"
2020-07-15,IC131,2020-04-01,207.5,d1 single consistent value
2020-07-15,IC131,2020-05-01,246.2,"b first revision, printed"
2020-07-15,IC131,2020-06-01,240.6,"a first publication, printed"
2020-08-13,IC131,2020-05-01,246.2,"d2 carried, consistent"
2020-08-13,IC131,2020-06-01,240.1,"b first revision, printed"
2020-08-13,IC131,2020-07-01,215.8,"a first publication, printed"
2020-09-15,IC131,2020-06-01,240.1,d1 single consistent value
2020-09-15,IC131,2020-07-01,216.4,"b first revision, printed"
2020-09-15,IC131,2020-08-01,219.5,"a first publication, printed"
2020-10-15,IC131,2020-07-01,216.4,d1 single consistent value
2020-10-15,IC131,2020-08-01,220.1,"b first revision, printed"
2020-10-15,IC131,2020-09-01,218.6,"a first publication, printed"
2020-11-17,IC131,2020-08-01,220.1,"d2 carried, consistent"
2020-11-17,IC131,2020-09-01,208.8,"b first revision, printed"
2020-11-17,IC131,2020-10-01,216.2,"a first publication, printed"
2020-12-15,IC131,2020-09-01,208.8,"d2 carried, consistent"
2020-12-15,IC131,2020-10-01,215.1,"b first revision, printed"
2020-12-15,IC131,2020-11-01,229.8,"a first publication, printed"
2021-01-14,IC131,2020-10-01,215.1,d1 single consistent value
2021-01-14,IC131,2020-11-01,228.7,"b first revision, printed"
2021-01-14,IC131,2020-12-01,243.3,"a first publication, printed"
2021-02-18,IC131,2020-11-01,228.7,"d2 carried, consistent"
2021-02-18,IC131,2020-12-01,243.1,"b first revision, printed"
2021-02-18,IC131,2021-01-01,239.7,"a first publication, printed"
2021-03-16,IC131,2020-12-01,243.5,d3 nearest consistent value
2021-03-16,IC131,2021-01-01,240.1,"b first revision, printed"
2021-03-16,IC131,2021-02-01,231.5,"a first publication, printed"
2021-04-14,IC131,2021-01-01,240.1,"d2 carried, consistent"
2021-04-14,IC131,2021-02-01,235.6,"b first revision, printed"
2021-04-14,IC131,2021-03-01,239.1,"a first publication, printed"
2021-05-14,IC131,2021-02-01,235.6,d1 single consistent value
2021-05-14,IC131,2021-03-01,232.6,"b first revision, printed"
2021-05-14,IC131,2021-04-01,245.9,"a first publication, printed"
2021-06-16,IC131,2021-03-01,232.0,d1 single consistent value
2021-06-16,IC131,2021-04-01,242.4,"b first revision, printed"
2021-06-16,IC131,2021-05-01,256.7,"a first publication, printed"
2021-07-15,IC131,2021-04-01,242.2,d3 nearest consistent value
2021-07-15,IC131,2021-05-01,256.9,"b first revision, printed"
2021-07-15,IC131,2021-06-01,265.1,"a first publication, printed"
2021-08-13,IC131,2021-05-01,256.9,d1 single consistent value
2021-08-13,IC131,2021-06-01,264.3,"b first revision, printed"
2021-08-13,IC131,2021-07-01,251.2,"a first publication, printed"
2021-09-15,IC131,2021-06-01,264.3,"d2 carried, consistent"
2021-09-15,IC131,2021-07-01,248.8,"b first revision, printed"
2021-09-15,IC131,2021-08-01,245.7,"a first publication, printed"
2021-10-15,IC131,2021-07-01,248.8,"d2 carried, consistent"
2021-10-15,IC131,2021-08-01,245.7,"b first revision, printed"
2021-10-15,IC131,2021-09-01,255.2,"a first publication, printed"
2021-11-16,IC131,2021-08-01,247.8,d3 nearest consistent value
2021-11-16,IC131,2021-09-01,257.8,"b first revision, printed"
2021-11-16,IC131,2021-10-01,264.3,"a first publication, printed"
2021-12-15,IC131,2021-09-01,257.1,d3 nearest consistent value
2021-12-15,IC131,2021-10-01,265.0,"b first revision, printed"
2021-12-15,IC131,2021-11-01,292.5,"a first publication, printed"
2022-01-14,IC131,2021-10-01,267.6,d1 single consistent value
2022-01-14,IC131,2021-11-01,291.6,"b first revision, printed"
2022-01-14,IC131,2021-12-01,277.7,"a first publication, printed"
2022-02-16,IC131,2021-11-01,288.7,d3 nearest consistent value
2022-02-16,IC131,2021-12-01,274.3,"b first revision, printed"
2022-02-16,IC131,2022-01-01,295.4,"a first publication, printed"
2022-03-16,IC131,2021-12-01,276.9,d3 nearest consistent value
2022-03-16,IC131,2022-01-01,294.9,"b first revision, printed"
2022-03-16,IC131,2022-02-01,274.3,"a first publication, printed"
2022-04-14,IC131,2022-01-01,295.6,d1 single consistent value
2022-04-14,IC131,2022-02-01,269.5,"b first revision, printed"
2022-04-14,IC131,2022-03-01,266.5,"a first publication, printed"
2022-05-13,IC131,2022-02-01,270.9,d1 single consistent value
2022-05-13,IC131,2022-03-01,271.9,"b first revision, printed"
2022-05-13,IC131,2022-04-01,261.3,"a first publication, printed"
2022-06-15,IC131,2022-03-01,271.9,d1 single consistent value
2022-06-15,IC131,2022-04-01,260.4,"b first revision, printed"
2022-06-15,IC131,2022-05-01,267.4,"a first publication, printed"
2022-07-15,IC131,2022-04-01,260.4,"d2 carried, consistent"
2022-07-15,IC131,2022-05-01,267.7,"b first revision, printed"
2022-07-15,IC131,2022-06-01,269.1,"a first publication, printed"
2022-08-12,IC131,2022-05-01,271.0,d1 single consistent value
2022-08-12,IC131,2022-06-01,268.7,"b first revision, printed"
2022-08-12,IC131,2022-07-01,249.1,"a first publication, printed"
2022-09-15,IC131,2022-06-01,262.8,d1 single consistent value
2022-09-15,IC131,2022-07-01,240.9,"b first revision, printed"
2022-09-15,IC131,2022-08-01,238.8,"a first publication, printed"
2022-10-14,IC131,2022-07-01,240.9,d1 single consistent value
2022-10-14,IC131,2022-08-01,239.9,"b first revision, printed"
2022-10-14,IC131,2022-09-01,236.5,"a first publication, printed"
2022-11-16,IC131,2022-08-01,240.2,d3 nearest consistent value
2022-11-16,IC131,2022-09-01,234.2,"b first revision, printed"
2022-11-16,IC131,2022-10-01,213.5,"a first publication, printed"
2022-12-14,IC131,2022-09-01,234.2,"d2 carried, consistent"
2022-12-14,IC131,2022-10-01,211.8,"b first revision, printed"
2022-12-14,IC131,2022-11-01,192.4,"a first publication, printed"
2023-01-13,IC131,2022-10-01,211.8,d1 single consistent value
2023-01-13,IC131,2022-11-01,192.8,"b first revision, printed"
2023-01-13,IC131,2022-12-01,199.9,"a first publication, printed"
2023-02-17,IC131,2022-11-01,192.8,"d2 carried, consistent"
2023-02-17,IC131,2022-12-01,194.7,"b first revision, printed"
2023-02-17,IC131,2023-01-01,190.0,"a first publication, printed"
2023-03-16,IC131,2022-12-01,195.8,d3 nearest consistent value
2023-03-16,IC131,2023-01-01,190.3,"b first revision, printed"
2023-03-16,IC131,2023-02-01,184.4,"a first publication, printed"
2023-04-14,IC131,2023-01-01,188.4,d3 nearest consistent value
2023-04-14,IC131,2023-02-01,181.0,"b first revision, printed"
2023-04-14,IC131,2023-03-01,173.7,"a first publication, printed"
2023-05-12,IC131,2023-02-01,179.9,d1 single consistent value
2023-05-12,IC131,2023-03-01,175.1,"b first revision, printed"
2023-05-12,IC131,2023-04-01,173.4,"a first publication, printed"
2023-06-15,IC131,2023-03-01,171.6,d3 nearest consistent value
2023-06-15,IC131,2023-04-01,169.5,"b first revision, printed"
2023-06-15,IC131,2023-05-01,167.5,"a first publication, printed"
2023-07-14,IC131,2023-04-01,170.0,d1 single consistent value
2023-07-14,IC131,2023-05-01,164.9,"b first revision, printed"
2023-07-14,IC131,2023-06-01,168.2,"a first publication, printed"
2023-08-15,IC131,2023-05-01,163.7,d1 single consistent value
2023-08-15,IC131,2023-06-01,167.6,"b first revision, printed"
2023-08-15,IC131,2023-07-01,167.6,"a first publication, printed"
2023-09-15,IC131,2023-06-01,168.1,d3 nearest consistent value
2023-09-15,IC131,2023-07-01,166.2,"b first revision, printed"
2023-09-15,IC131,2023-08-01,157.9,"a first publication, printed"
2023-10-13,IC131,2023-07-01,165.9,d3 nearest consistent value
2023-10-13,IC131,2023-08-01,155.9,"b first revision, printed"
2023-10-13,IC131,2023-09-01,156.4,"a first publication, printed"
2023-11-16,IC131,2023-08-01,161.0,d1 single consistent value
2023-11-16,IC131,2023-09-01,166.9,"b first revision, printed"
2023-11-16,IC131,2023-10-01,165.1,"a first publication, printed"
2023-12-14,IC131,2023-09-01,166.9,d1 single consistent value
2023-12-14,IC131,2023-10-01,166.4,"b first revision, printed"
2023-12-14,IC131,2023-11-01,169.3,"a first publication, printed"
2024-01-17,IC131,2023-10-01,167.7,d3 nearest consistent value
2024-01-17,IC131,2023-11-01,173.6,"b first revision, printed"
2024-01-17,IC131,2023-12-01,185.7,"a first publication, printed"
2024-02-15,IC131,2023-11-01,173.2,d1 single consistent value
2024-02-15,IC131,2023-12-01,184.8,"b first revision, printed"
2024-02-15,IC131,2024-01-01,176.1,"a first publication, printed"
2024-03-15,IC131,2023-12-01,188.2,d3 nearest consistent value
2024-03-15,IC131,2024-01-01,173.9,"b first revision, printed"
2024-03-15,IC131,2024-02-01,174.8,"a first publication, printed"
2024-04-12,IC131,2024-01-01,171.6,d3 nearest consistent value
2024-04-12,IC131,2024-02-01,164.2,"b first revision, printed"
2024-04-12,IC131,2024-03-01,166.1,"a first publication, printed"
2024-05-16,IC131,2024-02-01,160.5,d1 single consistent value
2024-05-16,IC131,2024-03-01,170.5,"b first revision, printed"
2024-05-16,IC131,2024-04-01,177.2,"a first publication, printed"
2024-06-14,IC131,2024-03-01,170.6,d1 single consistent value
2024-06-14,IC131,2024-04-01,175.8,"b first revision, printed"
2024-06-14,IC131,2024-05-01,169.1,"a first publication, printed"
2024-07-16,IC131,2024-04-01,174.8,d1 single consistent value
2024-07-16,IC131,2024-05-01,167.5,"b first revision, printed"
2024-07-16,IC131,2024-06-01,174.5,"a first publication, printed"
2024-08-15,IC131,2024-05-01,167.5,"d2 carried, consistent"
2024-08-15,IC131,2024-06-01,173.3,"b first revision, printed"
2024-08-15,IC131,2024-07-01,183.7,"a first publication, printed"
2024-09-13,IC131,2024-06-01,173.3,"d2 carried, consistent"
2024-09-13,IC131,2024-07-01,183.6,"b first revision, printed"
2024-09-13,IC131,2024-08-01,184.3,"a first publication, printed"
2024-10-16,IC131,2024-07-01,180.0,d1 single consistent value
2024-10-16,IC131,2024-08-01,179.1,"b first revision, printed"
2024-10-16,IC131,2024-09-01,186.1,"a first publication, printed"
2024-11-15,IC131,2024-08-01,179.2,d1 single consistent value
2024-11-15,IC131,2024-09-01,187.0,"b first revision, printed"
2024-11-15,IC131,2024-10-01,202.7,"a first publication, printed"
2024-12-13,IC131,2024-09-01,186.2,d3 nearest consistent value
2024-12-13,IC131,2024-10-01,197.7,"b first revision, printed"
2024-12-13,IC131,2024-11-01,193.3,"a first publication, printed"
2025-01-16,IC131,2024-10-01,201.6,d1 single consistent value
2025-01-16,IC131,2024-11-01,196.0,"b first revision, printed"
2025-01-16,IC131,2024-12-01,197.7,"a first publication, printed"
2025-02-14,IC131,2024-11-01,194.7,d1 single consistent value
2025-02-14,IC131,2024-12-01,196.3,"b first revision, printed"
2025-02-14,IC131,2025-01-01,191.7,"a first publication, printed"
2025-03-18,IC131,2024-12-01,196.6,d3 nearest consistent value
2025-03-18,IC131,2025-01-01,186.6,"b first revision, printed"
2025-03-18,IC131,2025-02-01,173.1,"a first publication, printed"
2025-04-15,IC131,2025-01-01,187.8,d1 single consistent value
2025-04-15,IC131,2025-02-01,172.1,"b first revision, printed"
2025-04-15,IC131,2025-03-01,174.8,"a first publication, printed"
2025-05-16,IC131,2025-02-01,172.8,d1 single consistent value
2025-05-16,IC131,2025-03-01,177.7,"b first revision, printed"
2025-05-16,IC131,2025-04-01,179.6,"a first publication, printed"
2025-06-17,IC131,2025-03-01,177.7,"d2 carried, consistent"
2025-06-17,IC131,2025-04-01,186.9,"b first revision, printed"
2025-06-17,IC131,2025-05-01,182.7,"a first publication, printed"
2025-07-17,IC131,2025-04-01,186.9,d1 single consistent value
2025-07-17,IC131,2025-05-01,179.8,"b first revision, printed"
2025-07-17,IC131,2025-06-01,185.8,"a first publication, printed"
2025-08-15,IC131,2025-05-01,181.3,d1 single consistent value
2025-08-15,IC131,2025-06-01,183.9,"b first revision, printed"
2025-08-15,IC131,2025-07-01,187.8,"a first publication, printed"
2025-09-16,IC131,2025-06-01,184.0,d3 nearest consistent value
2025-09-16,IC131,2025-07-01,193.8,"b first revision, printed"
2025-09-16,IC131,2025-08-01,193.9,"a first publication, printed"
2025-12-03,IC131,2025-07-01,178.8,d1 single consistent value
2025-12-03,IC131,2025-08-01,179.5,"b first revision, printed"
2025-12-03,IC131,2025-09-01,177.0,"a first publication, printed"
2026-01-15,IC131,2025-09-01,178.8,d3 nearest consistent value
2026-01-15,IC131,2025-11-01,184.8,"a first publication, printed"
2026-02-10,IC131,,,f no table printed: nothing new on record
2026-03-05,IC131,2025-11-01,185.0,d1 single consistent value
2026-03-05,IC131,2025-12-01,191.1,"b first revision, printed"
2026-03-05,IC131,2026-01-01,183.1,"a first publication, printed"
2026-03-25,IC131,2025-12-01,191.1,d1 single consistent value
2026-03-25,IC131,2026-01-01,185.2,"b first revision, printed"
2026-03-25,IC131,2026-02-01,184.5,"a first publication, printed"
2026-04-15,IC131,2026-01-01,185.7,d3 nearest consistent value
2026-04-15,IC131,2026-02-01,181.1,"b first revision, printed"
2026-04-15,IC131,2026-03-01,182.4,"a first publication, printed"
2026-05-14,IC131,2026-02-01,181.2,d1 single consistent value
2026-05-14,IC131,2026-03-01,185.9,"b first revision, printed"
2026-05-14,IC131,2026-04-01,194.3,"a first publication, printed"
2026-06-16,IC131,2026-03-01,185.9,"d2 carried, consistent"
2026-06-16,IC131,2026-04-01,194.1,"b first revision, printed"
2026-06-16,IC131,2026-05-01,219.1,"a first publication, printed"
2026-07-17,IC131,2026-04-01,193.0,d3 nearest consistent value
2026-07-17,IC131,2026-05-01,220.0,"b first revision, printed"
2026-07-17,IC131,2026-06-01,215.4,"a first publication, printed"
2026-08-18,IC131,2026-05-01,221.9,d3 nearest consistent value
2026-08-18,IC131,2026-06-01,215.9,"b first revision, printed"
2026-08-18,IC131,2026-07-01,209.7,"a first publication, printed"
2026-09-16,IC131,2026-06-01,215.8,d1 single consistent value
2026-09-16,IC131,2026-07-01,215.5,"b first revision, printed"
2026-09-16,IC131,2026-08-01,218.7,"a first publication, printed"
2010-03-16,IC1311,2009-12-01,129.5,c first release of the span: database value
2010-03-16,IC1311,2010-01-01,128.8,"b first revision, printed"
2010-03-16,IC1311,2010-02-01,127.3,"a first publication, printed"
2010-04-13,IC1311,2010-01-01,128.8,"d2 carried, consistent"
2010-04-13,IC1311,2010-02-01,127.3,"b first revision, printed"
2010-04-13,IC1311,2010-03-01,123.5,"a first publication, printed"
2010-05-13,IC1311,2010-02-01,127.4,d1 single consistent value
2010-05-13,IC1311,2010-03-01,123.6,"b first revision, printed"
2010-05-13,IC1311,2010-04-01,123.1,"a first publication, printed"
2010-06-15,IC1311,2010-03-01,123.6,d1 single consistent value
2010-06-15,IC1311,2010-04-01,123.1,"b first revision, printed"
2010-06-15,IC1311,2010-05-01,124.3,"a first publication, printed"
2010-07-14,IC1311,2010-04-01,123.4,d1 single consistent value
2010-07-14,IC1311,2010-05-01,124.5,"b first revision, printed"
2010-07-14,IC1311,2010-06-01,119.6,"a first publication, printed"
2010-08-12,IC1311,2010-05-01,124.5,d1 single consistent value
2010-08-12,IC1311,2010-06-01,119.7,"b first revision, printed"
2010-08-12,IC1311,2010-07-01,118.2,"a first publication, printed"
2010-09-15,IC1311,2010-06-01,119.7,d1 single consistent value
2010-09-15,IC1311,2010-07-01,118.2,"b first revision, printed"
2010-09-15,IC1311,2010-08-01,122.7,"a first publication, printed"
2010-10-13,IC1311,2010-07-01,118.3,d1 single consistent value
2010-10-13,IC1311,2010-08-01,122.8,"b first revision, printed"
2010-10-13,IC1311,2010-09-01,124.5,"a first publication, printed"
2010-11-10,IC1311,2010-08-01,122.8,d1 single consistent value
2010-11-10,IC1311,2010-09-01,124.5,"b first revision, printed"
2010-11-10,IC1311,2010-10-01,127.0,"a first publication, printed"
2010-12-10,IC1311,2010-09-01,124.5,d1 single consistent value
2010-12-10,IC1311,2010-10-01,127.2,"b first revision, printed"
2010-12-10,IC1311,2010-11-01,131.9,"a first publication, printed"
2011-01-12,IC1311,2010-10-01,127.2,d1 single consistent value
2011-01-12,IC1311,2010-11-01,132.1,"b first revision, printed"
2011-01-12,IC1311,2010-12-01,132.7,"a first publication, printed"
2011-02-15,IC1311,2010-11-01,132.0,d1 single consistent value
2011-02-15,IC1311,2010-12-01,132.5,"b first revision, printed"
2011-02-15,IC1311,2011-01-01,132.4,"a first publication, printed"
2011-03-15,IC1311,2010-12-01,132.5,d1 single consistent value
2011-03-15,IC1311,2011-01-01,132.8,"b first revision, printed"
2011-03-15,IC1311,2011-02-01,134.5,"a first publication, printed"
2011-04-12,IC1311,2011-01-01,132.6,d1 single consistent value
2011-04-12,IC1311,2011-02-01,134.3,"b first revision, printed"
2011-04-12,IC1311,2011-03-01,138.7,"a first publication, printed"
2011-05-10,IC1311,2011-02-01,134.5,d1 single consistent value
2011-05-10,IC1311,2011-03-01,138.8,"b first revision, printed"
2011-05-10,IC1311,2011-04-01,146.1,"a first publication, printed"
2011-06-10,IC1311,2011-03-01,138.8,d1 single consistent value
2011-06-10,IC1311,2011-04-01,146.5,"b first revision, printed"
2011-06-10,IC1311,2011-05-01,153.7,"a first publication, printed"
2011-07-13,IC1311,2011-04-01,146.5,d1 single consistent value
2011-07-13,IC1311,2011-05-01,153.7,"b first revision, printed"
2011-07-13,IC1311,2011-06-01,153.2,"a first publication, printed"
2011-08-16,IC1311,2011-05-01,153.7,"d2 carried, consistent"
2011-08-16,IC1311,2011-06-01,153.0,"b first revision, printed"
2011-08-16,IC1311,2011-07-01,153.4,"a first publication, printed"
2011-09-13,IC1311,2011-06-01,152.7,d1 single consistent value
2011-09-13,IC1311,2011-07-01,153.1,"b first revision, printed"
2011-09-13,IC1311,2011-08-01,152.6,"a first publication, printed"
2011-10-14,IC1311,2011-07-01,153.1,d1 single consistent value
2011-10-14,IC1311,2011-08-01,153.4,"b first revision, printed"
2011-10-14,IC1311,2011-09-01,154.6,"a first publication, printed"
2011-11-10,IC1311,2011-08-01,157.3,d1 single consistent value
2011-11-10,IC1311,2011-09-01,157.6,"b first revision, printed"
2011-11-10,IC1311,2011-10-01,152.7,"a first publication, printed"
2011-12-14,IC1311,2011-09-01,157.6,d1 single consistent value
2011-12-14,IC1311,2011-10-01,153.1,"b first revision, printed"
2011-12-14,IC1311,2011-11-01,149.4,"a first publication, printed"
2012-01-13,IC1311,2011-10-01,153.1,"d2 carried, consistent"
2012-01-13,IC1311,2011-11-01,149.4,"b first revision, printed"
2012-01-13,IC1311,2011-12-01,149.4,"a first publication, printed"
2012-02-14,IC1311,2011-11-01,149.4,d1 single consistent value
2012-02-14,IC1311,2011-12-01,149.4,"b first revision, printed"
2012-02-14,IC1311,2012-01-01,146.9,"a first publication, printed"
2012-03-14,IC1311,2011-12-01,149.5,d1 single consistent value
2012-03-14,IC1311,2012-01-01,147.1,"b first revision, printed"
2012-03-14,IC1311,2012-02-01,145.6,"a first publication, printed"
2012-04-11,IC1311,2012-01-01,147.1,d1 single consistent value
2012-04-11,IC1311,2012-02-01,145.6,"b first revision, printed"
2012-04-11,IC1311,2012-03-01,149.3,"a first publication, printed"
2012-05-10,IC1311,2012-02-01,145.6,"d2 carried, consistent"
2012-05-10,IC1311,2012-03-01,149.6,"b first revision, printed"
2012-05-10,IC1311,2012-04-01,151.1,"a first publication, printed"
2012-06-12,IC1311,2012-03-01,149.6,d1 single consistent value
2012-06-12,IC1311,2012-04-01,149.0,"b first revision, printed"
2012-06-12,IC1311,2012-05-01,149.8,"a first publication, printed"
2012-07-12,IC1311,2012-04-01,149.2,d3 nearest consistent value
2012-07-12,IC1311,2012-05-01,150.2,"b first revision, printed"
2012-07-12,IC1311,2012-06-01,144.6,"a first publication, printed"
2012-08-10,IC1311,2012-05-01,150.3,d1 single consistent value
2012-08-10,IC1311,2012-06-01,145.7,"b first revision, printed"
2012-08-10,IC1311,2012-07-01,140.9,"a first publication, printed"
2012-09-12,IC1311,2012-06-01,145.7,d1 single consistent value
2012-09-12,IC1311,2012-07-01,140.9,"b first revision, printed"
2012-09-12,IC1311,2012-08-01,139.3,"a first publication, printed"
2012-10-11,IC1311,2012-07-01,144.6,d1 single consistent value
2012-10-11,IC1311,2012-08-01,143.2,"b first revision, printed"
2012-10-11,IC1311,2012-09-01,145.2,"a first publication, printed"
2012-11-09,IC1311,2012-08-01,143.2,d1 single consistent value
2012-11-09,IC1311,2012-09-01,145.2,"b first revision, printed"
2012-11-09,IC1311,2012-10-01,150.3,"a first publication, printed"
2012-12-12,IC1311,2012-09-01,145.2,d1 single consistent value
2012-12-12,IC1311,2012-10-01,150.3,"b first revision, printed"
2012-12-12,IC1311,2012-11-01,151.4,"a first publication, printed"
2013-01-11,IC1311,2012-10-01,149.8,d3 nearest consistent value
2013-01-11,IC1311,2012-11-01,151.8,"b first revision, printed"
2013-01-11,IC1311,2012-12-01,149.2,"a first publication, printed"
2013-02-13,IC1311,2012-11-01,151.8,d1 single consistent value
2013-02-13,IC1311,2012-12-01,149.2,"b first revision, printed"
2013-02-13,IC1311,2013-01-01,151.4,"a first publication, printed"
2013-03-13,IC1311,2012-12-01,149.2,d1 single consistent value
2013-03-13,IC1311,2013-01-01,151.4,"b first revision, printed"
2013-03-13,IC1311,2013-02-01,152.1,"a first publication, printed"
2013-04-11,IC1311,2013-01-01,151.4,d1 single consistent value
2013-04-11,IC1311,2013-02-01,152.1,"b first revision, printed"
2013-04-11,IC1311,2013-03-01,151.4,"a first publication, printed"
2013-05-14,IC1311,2013-02-01,152.1,"d2 carried, consistent"
2013-05-14,IC1311,2013-03-01,151.4,"b first revision, printed"
2013-05-14,IC1311,2013-04-01,149.1,"a first publication, printed"
2013-06-13,IC1311,2013-03-01,151.4,d1 single consistent value
2013-06-13,IC1311,2013-04-01,149.5,"b first revision, printed"
2013-06-13,IC1311,2013-05-01,149.2,"a first publication, printed"
2013-07-11,IC1311,2013-04-01,148.3,d1 single consistent value
2013-07-11,IC1311,2013-05-01,148.4,"b first revision, printed"
2013-07-11,IC1311,2013-06-01,147.8,"a first publication, printed"
2013-08-13,IC1311,2013-05-01,148.4,d1 single consistent value
2013-08-13,IC1311,2013-06-01,147.8,"b first revision, printed"
2013-08-13,IC1311,2013-07-01,148.2,"a first publication, printed"
2013-09-12,IC1311,2013-06-01,147.8,d1 single consistent value
2013-09-12,IC1311,2013-07-01,148.2,"b first revision, printed"
2013-09-12,IC1311,2013-08-01,147.0,"a first publication, printed"
2013-10-23,IC1311,2013-07-01,148.2,d1 single consistent value
2013-10-23,IC1311,2013-08-01,147.0,"b first revision, printed"
2013-10-23,IC1311,2013-09-01,149.6,"a first publication, printed"
2013-11-15,IC1311,2013-08-01,147.0,d1 single consistent value
2013-11-15,IC1311,2013-09-01,149.6,"b first revision, printed"
2013-11-15,IC1311,2013-10-01,151.0,"a first publication, printed"
2013-12-12,IC1311,2013-09-01,149.6,"d2 carried, consistent"
2013-12-12,IC1311,2013-10-01,151.0,"b first revision, printed"
2013-12-12,IC1311,2013-11-01,155.3,"a first publication, printed"
2014-01-14,IC1311,2013-10-01,151.0,d1 single consistent value
2014-01-14,IC1311,2013-11-01,157.8,"b first revision, printed"
2014-01-14,IC1311,2013-12-01,156.9,"a first publication, printed"
2014-02-14,IC1311,2013-11-01,157.8,d1 single consistent value
2014-02-14,IC1311,2013-12-01,156.9,"b first revision, printed"
2014-02-14,IC1311,2014-01-01,159.9,"a first publication, printed"
2014-03-13,IC1311,2013-12-01,156.9,d1 single consistent value
2014-03-13,IC1311,2014-01-01,159.9,"b first revision, printed"
2014-03-13,IC1311,2014-02-01,159.6,"a first publication, printed"
2014-04-10,IC1311,2014-01-01,159.9,d1 single consistent value
2014-04-10,IC1311,2014-02-01,159.6,"b first revision, printed"
2014-04-10,IC1311,2014-03-01,160.2,"a first publication, printed"
2014-05-13,IC1311,2014-02-01,159.7,d1 single consistent value
2014-05-13,IC1311,2014-03-01,159.7,"b first revision, printed"
2014-05-13,IC1311,2014-04-01,159.3,"a first publication, printed"
2014-06-12,IC1311,2014-03-01,159.7,d1 single consistent value
2014-06-12,IC1311,2014-04-01,159.3,"b first revision, printed"
2014-06-12,IC1311,2014-05-01,159.4,"a first publication, printed"
2014-07-15,IC1311,2014-04-01,159.3,"d2 carried, consistent"
2014-07-15,IC1311,2014-05-01,159.4,"b first revision, printed"
2014-07-15,IC1311,2014-06-01,159.6,"a first publication, printed"
2014-08-14,IC1311,2014-05-01,159.4,"d2 carried, consistent"
2014-08-14,IC1311,2014-06-01,159.6,"b first revision, printed"
2014-08-14,IC1311,2014-07-01,159.2,"a first publication, printed"
2014-09-12,IC1311,2014-06-01,159.6,d1 single consistent value
2014-09-12,IC1311,2014-07-01,159.2,"b first revision, printed"
2014-09-12,IC1311,2014-08-01,158.7,"a first publication, printed"
2014-10-10,IC1311,2014-07-01,159.3,d1 single consistent value
2014-10-10,IC1311,2014-08-01,159.0,"b first revision, printed"
2014-10-10,IC1311,2014-09-01,157.0,"a first publication, printed"
2014-11-14,IC1311,2014-08-01,159.6,d1 single consistent value
2014-11-14,IC1311,2014-09-01,157.5,"b first revision, printed"
2014-11-14,IC1311,2014-10-01,154.7,"a first publication, printed"
2014-12-11,IC1311,2014-09-01,157.5,"d2 carried, consistent"
2014-12-11,IC1311,2014-10-01,154.7,"b first revision, printed"
2014-12-11,IC1311,2014-11-01,152.6,"a first publication, printed"
2015-01-14,IC1311,2014-10-01,154.7,d1 single consistent value
2015-01-14,IC1311,2014-11-01,152.6,"b first revision, printed"
2015-01-14,IC1311,2014-12-01,149.5,"a first publication, printed"
2015-02-13,IC1311,2014-11-01,153.2,d3 nearest consistent value
2015-02-13,IC1311,2014-12-01,150.2,"b first revision, printed"
2015-02-13,IC1311,2015-01-01,148.3,"a first publication, printed"
2015-03-12,IC1311,2014-12-01,150.2,"d2 carried, consistent"
2015-03-12,IC1311,2015-01-01,148.3,"b first revision, printed"
2015-03-12,IC1311,2015-02-01,142.8,"a first publication, printed"
2015-04-10,IC1311,2015-01-01,148.3,d1 single consistent value
2015-04-10,IC1311,2015-02-01,142.8,"b first revision, printed"
2015-04-10,IC1311,2015-03-01,141.0,"a first publication, printed"
2015-05-13,IC1311,2015-02-01,142.2,d1 single consistent value
2015-05-13,IC1311,2015-03-01,140.4,"b first revision, printed"
2015-05-13,IC1311,2015-04-01,137.9,"a first publication, printed"
2015-06-11,IC1311,2015-03-01,140.5,d1 single consistent value
2015-06-11,IC1311,2015-04-01,143.8,"b first revision, printed"
2015-06-11,IC1311,2015-05-01,144.0,"a first publication, printed"
2015-07-14,IC1311,2015-04-01,143.8,d1 single consistent value
2015-07-14,IC1311,2015-05-01,144.0,"b first revision, printed"
2015-07-14,IC1311,2015-06-01,146.9,"a first publication, printed"
2015-08-13,IC1311,2015-05-01,137.4,d1 single consistent value
2015-08-13,IC1311,2015-06-01,140.5,"b first revision, printed"
2015-08-13,IC1311,2015-07-01,140.6,"a first publication, printed"
2015-09-10,IC1311,2015-06-01,140.5,d1 single consistent value
2015-09-10,IC1311,2015-07-01,140.6,"b first revision, printed"
2015-09-10,IC1311,2015-08-01,138.3,"a first publication, printed"
2015-10-09,IC1311,2015-07-01,140.6,d1 single consistent value
2015-10-09,IC1311,2015-08-01,138.3,"b first revision, printed"
2015-10-09,IC1311,2015-09-01,137.7,"a first publication, printed"
2015-11-10,IC1311,2015-08-01,138.3,d1 single consistent value
2015-11-10,IC1311,2015-09-01,137.7,"b first revision, printed"
2015-11-10,IC1311,2015-10-01,136.7,"a first publication, printed"
2015-12-10,IC1311,2015-09-01,138.7,d1 single consistent value
2015-12-10,IC1311,2015-10-01,137.8,"b first revision, printed"
2015-12-10,IC1311,2015-11-01,137.3,"a first publication, printed"
2016-01-14,IC1311,2015-10-01,137.8,d1 single consistent value
2016-01-14,IC1311,2015-11-01,137.8,"b first revision, printed"
2016-01-14,IC1311,2015-12-01,135.0,"a first publication, printed"
2016-02-12,IC1311,2015-11-01,137.8,d1 single consistent value
2016-02-12,IC1311,2015-12-01,135.0,"b first revision, printed"
2016-02-12,IC1311,2016-01-01,135.4,"a first publication, printed"
2016-03-11,IC1311,2015-12-01,135.0,d1 single consistent value
2016-03-11,IC1311,2016-01-01,135.4,"b first revision, printed"
2016-03-11,IC1311,2016-02-01,133.7,"a first publication, printed"
2016-04-12,IC1311,2016-01-01,135.4,d1 single consistent value
2016-04-12,IC1311,2016-02-01,133.7,"b first revision, printed"
2016-04-12,IC1311,2016-03-01,134.6,"a first publication, printed"
2016-05-12,IC1311,2016-02-01,133.7,"d2 carried, consistent"
2016-05-12,IC1311,2016-03-01,134.6,"b first revision, printed"
2016-05-12,IC1311,2016-04-01,140.1,"a first publication, printed"
2016-06-14,IC1311,2016-03-01,134.6,d1 single consistent value
2016-06-14,IC1311,2016-04-01,134.4,"b first revision, printed"
2016-06-14,IC1311,2016-05-01,135.8,"a first publication, printed"
2016-07-13,IC1311,2016-04-01,134.4,"d2 carried, consistent"
2016-07-13,IC1311,2016-05-01,135.4,"b first revision, printed"
2016-07-13,IC1311,2016-06-01,135.4,"a first publication, printed"
2016-08-11,IC1311,2016-05-01,135.4,d1 single consistent value
2016-08-11,IC1311,2016-06-01,135.4,"b first revision, printed"
2016-08-11,IC1311,2016-07-01,133.4,"a first publication, printed"
2016-09-14,IC1311,2016-06-01,135.4,d1 single consistent value
2016-09-14,IC1311,2016-07-01,134.9,"b first revision, printed"
2016-09-14,IC1311,2016-08-01,134.2,"a first publication, printed"
2016-10-13,IC1311,2016-07-01,134.9,d1 single consistent value
2016-10-13,IC1311,2016-08-01,134.2,"b first revision, printed"
2016-10-13,IC1311,2016-09-01,134.5,"a first publication, printed"
2016-11-15,IC1311,2016-08-01,134.2,d1 single consistent value
2016-11-15,IC1311,2016-09-01,134.5,"b first revision, printed"
2016-11-15,IC1311,2016-10-01,135.0,"a first publication, printed"
2016-12-13,IC1311,2016-09-01,134.6,d1 single consistent value
2016-12-13,IC1311,2016-10-01,134.2,"b first revision, printed"
2016-12-13,IC1311,2016-11-01,134.4,"a first publication, printed"
2017-01-12,IC1311,2016-10-01,134.8,d1 single consistent value
2017-01-12,IC1311,2016-11-01,135.0,"b first revision, printed"
2017-01-12,IC1311,2016-12-01,133.1,"a first publication, printed"
2017-02-10,IC1311,2016-11-01,133.4,d3 nearest consistent value
2017-02-10,IC1311,2016-12-01,131.3,"b first revision, printed"
2017-02-10,IC1311,2017-01-01,132.3,"a first publication, printed"
2017-03-09,IC1311,2016-12-01,131.3,"d2 carried, consistent"
2017-03-09,IC1311,2017-01-01,132.3,"b first revision, printed"
2017-03-09,IC1311,2017-02-01,132.8,"a first publication, printed"
2017-04-12,IC1311,2017-01-01,132.3,d1 single consistent value
2017-04-12,IC1311,2017-02-01,132.8,"b first revision, printed"
2017-04-12,IC1311,2017-03-01,132.2,"a first publication, printed"
2017-05-10,IC1311,2017-02-01,132.8,d1 single consistent value
2017-05-10,IC1311,2017-03-01,132.2,"b first revision, printed"
2017-05-10,IC1311,2017-04-01,131.1,"a first publication, printed"
2017-06-15,IC1311,2017-03-01,132.2,"d2 carried, consistent"
2017-06-15,IC1311,2017-04-01,131.1,"b first revision, printed"
2017-06-15,IC1311,2017-05-01,130.6,"a first publication, printed"
2017-07-18,IC1311,2017-04-01,133.4,d1 single consistent value
2017-07-18,IC1311,2017-05-01,132.3,"b first revision, printed"
2017-07-18,IC1311,2017-06-01,132.7,"a first publication, printed"
2017-08-15,IC1311,2017-05-01,132.3,d1 single consistent value
2017-08-15,IC1311,2017-06-01,130.6,"b first revision, printed"
2017-08-15,IC1311,2017-07-01,133.6,"a first publication, printed"
2017-09-19,IC1311,2017-06-01,130.6,d1 single consistent value
2017-09-19,IC1311,2017-07-01,133.6,"b first revision, printed"
2017-09-19,IC1311,2017-08-01,134.4,"a first publication, printed"
2017-10-17,IC1311,2017-07-01,133.6,d1 single consistent value
2017-10-17,IC1311,2017-08-01,134.4,"b first revision, printed"
2017-10-17,IC1311,2017-09-01,136.5,"a first publication, printed"
2017-11-16,IC1311,2017-08-01,134.4,d1 single consistent value
2017-11-16,IC1311,2017-09-01,136.5,"b first revision, printed"
2017-11-16,IC1311,2017-10-01,130.8,"a first publication, printed"
2017-12-14,IC1311,2017-09-01,136.5,"d2 carried, consistent"
2017-12-14,IC1311,2017-10-01,130.4,"b first revision, printed"
2017-12-14,IC1311,2017-11-01,128.3,"a first publication, printed"
2018-01-10,IC1311,2017-10-01,129.5,d1 single consistent value
2018-01-10,IC1311,2017-11-01,127.3,"b first revision, printed"
2018-01-10,IC1311,2017-12-01,131.6,"a first publication, printed"
2018-02-16,IC1311,2017-11-01,127.3,d1 single consistent value
2018-02-16,IC1311,2017-12-01,131.6,"b first revision, printed"
2018-02-16,IC1311,2018-01-01,133.0,"a first publication, printed"
2018-03-15,IC1311,2017-12-01,131.6,d1 single consistent value
2018-03-15,IC1311,2018-01-01,133.0,"b first revision, printed"
2018-03-15,IC1311,2018-02-01,140.3,"a first publication, printed"
2018-04-12,IC1311,2018-01-01,133.0,d1 single consistent value
2018-04-12,IC1311,2018-02-01,137.4,"b first revision, printed"
2018-04-12,IC1311,2018-03-01,139.3,"a first publication, printed"
2018-05-11,IC1311,2018-02-01,137.5,d1 single consistent value
2018-05-11,IC1311,2018-03-01,138.3,"b first revision, printed"
2018-05-11,IC1311,2018-04-01,138.9,"a first publication, printed"
2018-06-14,IC1311,2018-03-01,137.5,d1 single consistent value
2018-06-14,IC1311,2018-04-01,138.1,"b first revision, printed"
2018-06-14,IC1311,2018-05-01,139.1,"a first publication, printed"
2018-07-13,IC1311,2018-04-01,138.4,d1 single consistent value
2018-07-13,IC1311,2018-05-01,140.0,"b first revision, printed"
2018-07-13,IC1311,2018-06-01,136.9,"a first publication, printed"
2018-08-14,IC1311,2018-05-01,140.0,d1 single consistent value
2018-08-14,IC1311,2018-06-01,136.9,"b first revision, printed"
2018-08-14,IC1311,2018-07-01,137.1,"a first publication, printed"
2018-09-14,IC1311,2018-06-01,136.9,d1 single consistent value
2018-09-14,IC1311,2018-07-01,137.1,"b first revision, printed"
2018-09-14,IC1311,2018-08-01,135.6,"a first publication, printed"
2018-10-12,IC1311,2018-07-01,136.6,d1 single consistent value
2018-10-12,IC1311,2018-08-01,135.7,"b first revision, printed"
2018-10-12,IC1311,2018-09-01,135.6,"a first publication, printed"
2018-11-15,IC1311,2018-08-01,135.7,d1 single consistent value
2018-11-15,IC1311,2018-09-01,135.6,"b first revision, printed"
2018-11-15,IC1311,2018-10-01,137.5,"a first publication, printed"
2018-12-13,IC1311,2018-09-01,135.6,d1 single consistent value
2018-12-13,IC1311,2018-10-01,137.5,"b first revision, printed"
2018-12-13,IC1311,2018-11-01,137.0,"a first publication, printed"
2019-01-16,IC1311,2018-10-01,137.5,d1 single consistent value
2019-01-16,IC1311,2018-11-01,137.0,"b first revision, printed"
2019-01-16,IC1311,2018-12-01,135.6,"a first publication, printed"
2019-02-15,IC1311,2018-11-01,137.0,d1 single consistent value
2019-02-15,IC1311,2018-12-01,135.6,"b first revision, printed"
2019-02-15,IC1311,2019-01-01,141.5,"a first publication, printed"
2019-03-14,IC1311,2018-12-01,135.6,d1 single consistent value
2019-03-14,IC1311,2019-01-01,141.5,"b first revision, printed"
2019-03-14,IC1311,2019-02-01,138.1,"a first publication, printed"
2019-04-12,IC1311,2019-01-01,141.5,d1 single consistent value
2019-04-12,IC1311,2019-02-01,138.1,"b first revision, printed"
2019-04-12,IC1311,2019-03-01,138.1,"a first publication, printed"
2019-05-14,IC1311,2019-02-01,138.1,d1 single consistent value
2019-05-14,IC1311,2019-03-01,137.9,"b first revision, printed"
2019-05-14,IC1311,2019-04-01,136.2,"a first publication, printed"
2019-06-13,IC1311,2019-03-01,137.9,d1 single consistent value
2019-06-13,IC1311,2019-04-01,136.2,"b first revision, printed"
2019-06-13,IC1311,2019-05-01,137.2,"a first publication, printed"
2019-07-16,IC1311,2019-04-01,136.5,d1 single consistent value
2019-07-16,IC1311,2019-05-01,136.1,"b first revision, printed"
2019-07-16,IC1311,2019-06-01,139.7,"a first publication, printed"
2019-08-14,IC1311,2019-05-01,136.1,d1 single consistent value
2019-08-14,IC1311,2019-06-01,138.0,"b first revision, printed"
2019-08-14,IC1311,2019-07-01,132.1,"a first publication, printed"
2019-09-13,IC1311,2019-06-01,138.0,d1 single consistent value
2019-09-13,IC1311,2019-07-01,132.1,"b first revision, printed"
2019-09-13,IC1311,2019-08-01,132.0,"a first publication, printed"
2019-10-11,IC1311,2019-07-01,132.1,d1 single consistent value
2019-10-11,IC1311,2019-08-01,132.0,"b first revision, printed"
2019-10-11,IC1311,2019-09-01,132.6,"a first publication, printed"
2019-11-15,IC1311,2019-08-01,132.0,d1 single consistent value
2019-11-15,IC1311,2019-09-01,132.6,"b first revision, printed"
2019-11-15,IC1311,2019-10-01,132.7,"a first publication, printed"
2019-12-13,IC1311,2019-09-01,132.6,d1 single consistent value
2019-12-13,IC1311,2019-10-01,132.5,"b first revision, printed"
2019-12-13,IC1311,2019-11-01,131.2,"a first publication, printed"
2020-01-16,IC1311,2019-10-01,132.5,d1 single consistent value
2020-01-16,IC1311,2019-11-01,131.2,"b first revision, printed"
2020-01-16,IC1311,2019-12-01,131.1,"a first publication, printed"
2020-02-14,IC1311,2019-11-01,131.2,d1 single consistent value
2020-02-14,IC1311,2019-12-01,131.1,"b first revision, printed"
2020-02-14,IC1311,2020-01-01,132.8,"a first publication, printed"
2020-03-13,IC1311,2019-12-01,131.1,d1 single consistent value
2020-03-13,IC1311,2020-01-01,132.8,"b first revision, printed"
2020-03-13,IC1311,2020-02-01,132.6,"a first publication, printed"
2020-04-14,IC1311,2020-01-01,132.8,d1 single consistent value
2020-04-14,IC1311,2020-02-01,132.6,"b first revision, printed"
2020-04-14,IC1311,2020-03-01,132.4,"a first publication, printed"
2020-05-14,IC1311,2020-02-01,132.6,d1 single consistent value
2020-05-14,IC1311,2020-03-01,132.4,"b first revision, printed"
2020-05-14,IC1311,2020-04-01,165.8,"a first publication, printed"
2020-06-12,IC1311,2020-03-01,132.4,d1 single consistent value
2020-06-12,IC1311,2020-04-01,165.8,"b first revision, printed"
2020-06-12,IC1311,2020-05-01,164.1,"a first publication, printed"
2020-07-15,IC1311,2020-04-01,165.8,"d2 carried, consistent"
2020-07-15,IC1311,2020-05-01,164.1,"b first revision, printed"
2020-07-15,IC1311,2020-06-01,166.5,"a first publication, printed"
2020-08-13,IC1311,2020-05-01,164.1,d1 single consistent value
2020-08-13,IC1311,2020-06-01,166.5,"b first revision, printed"
2020-08-13,IC1311,2020-07-01,169.6,"a first publication, printed"
2020-09-15,IC1311,2020-06-01,166.5,d1 single consistent value
2020-09-15,IC1311,2020-07-01,169.6,"b first revision, printed"
2020-09-15,IC1311,2020-08-01,170.8,"a first publication, printed"
2020-10-15,IC1311,2020-07-01,169.6,d1 single consistent value
2020-10-15,IC1311,2020-08-01,170.8,"b first revision, printed"
2020-10-15,IC1311,2020-09-01,175.7,"a first publication, printed"
2020-11-17,IC1311,2020-08-01,170.8,d1 single consistent value
2020-11-17,IC1311,2020-09-01,157.3,"b first revision, printed"
2020-11-17,IC1311,2020-10-01,170.3,"a first publication, printed"
2020-12-15,IC1311,2020-09-01,157.3,d1 single consistent value
2020-12-15,IC1311,2020-10-01,170.3,"b first revision, printed"
2020-12-15,IC1311,2020-11-01,168.9,"a first publication, printed"
2021-01-14,IC1311,2020-10-01,170.3,d1 single consistent value
2021-01-14,IC1311,2020-11-01,168.9,"b first revision, printed"
2021-01-14,IC1311,2020-12-01,167.6,"a first publication, printed"
2021-02-18,IC1311,2020-11-01,168.9,d1 single consistent value
2021-02-18,IC1311,2020-12-01,168.9,"b first revision, printed"
2021-02-18,IC1311,2021-01-01,178.0,"a first publication, printed"
2021-03-16,IC1311,2020-12-01,168.9,d1 single consistent value
2021-03-16,IC1311,2021-01-01,178.0,"b first revision, printed"
2021-03-16,IC1311,2021-02-01,173.7,"a first publication, printed"
2021-04-14,IC1311,2021-01-01,178.0,d1 single consistent value
2021-04-14,IC1311,2021-02-01,173.7,"b first revision, printed"
2021-04-14,IC1311,2021-03-01,173.0,"a first publication, printed"
2021-05-14,IC1311,2021-02-01,173.7,d1 single consistent value
2021-05-14,IC1311,2021-03-01,173.0,"b first revision, printed"
2021-05-14,IC1311,2021-04-01,173.8,"a first publication, printed"
2021-06-16,IC1311,2021-03-01,175.1,d1 single consistent value
2021-06-16,IC1311,2021-04-01,173.5,"b first revision, printed"
2021-06-16,IC1311,2021-05-01,174.3,"a first publication, printed"
2021-07-15,IC1311,2021-04-01,173.5,d1 single consistent value
2021-07-15,IC1311,2021-05-01,174.3,"b first revision, printed"
2021-07-15,IC1311,2021-06-01,176.3,"a first publication, printed"
2021-08-13,IC1311,2021-05-01,174.3,"d2 carried, consistent"
2021-08-13,IC1311,2021-06-01,176.3,"b first revision, printed"
2021-08-13,IC1311,2021-07-01,175.4,"a first publication, printed"
2021-09-15,IC1311,2021-06-01,176.3,"d2 carried, consistent"
2021-09-15,IC1311,2021-07-01,175.4,"b first revision, printed"
2021-09-15,IC1311,2021-08-01,173.5,"a first publication, printed"
2021-10-15,IC1311,2021-07-01,175.4,"d2 carried, consistent"
2021-10-15,IC1311,2021-08-01,173.5,"b first revision, printed"
2021-10-15,IC1311,2021-09-01,173.7,"a first publication, printed"
2021-11-16,IC1311,2021-08-01,173.5,"d2 carried, consistent"
2021-11-16,IC1311,2021-09-01,175.2,"b first revision, printed"
2021-11-16,IC1311,2021-10-01,177.6,"a first publication, printed"
2021-12-15,IC1311,2021-09-01,175.2,d1 single consistent value
2021-12-15,IC1311,2021-10-01,177.6,"b first revision, printed"
2021-12-15,IC1311,2021-11-01,202.9,"a first publication, printed"
2022-01-14,IC1311,2021-10-01,178.0,d1 single consistent value
2022-01-14,IC1311,2021-11-01,203.4,"b first revision, printed"
2022-01-14,IC1311,2021-12-01,202.6,"a first publication, printed"
2022-02-16,IC1311,2021-11-01,202.7,d1 single consistent value
2022-02-16,IC1311,2021-12-01,201.8,"b first revision, printed"
2022-02-16,IC1311,2022-01-01,206.9,"a first publication, printed"
2022-03-16,IC1311,2021-12-01,209.5,d3 nearest consistent value
2022-03-16,IC1311,2022-01-01,201.5,"b first revision, printed"
2022-03-16,IC1311,2022-02-01,204.0,"a first publication, printed"
2022-04-14,IC1311,2022-01-01,201.5,d1 single consistent value
2022-04-14,IC1311,2022-02-01,204.0,"b first revision, printed"
2022-04-14,IC1311,2022-03-01,205.6,"a first publication, printed"
2022-05-13,IC1311,2022-02-01,204.4,d3 nearest consistent value
2022-05-13,IC1311,2022-03-01,218.7,"b first revision, printed"
2022-05-13,IC1311,2022-04-01,214.3,"a first publication, printed"
2022-06-15,IC1311,2022-03-01,218.7,"d2 carried, consistent"
2022-06-15,IC1311,2022-04-01,215.0,"b first revision, printed"
2022-06-15,IC1311,2022-05-01,216.3,"a first publication, printed"
2022-07-15,IC1311,2022-04-01,215.0,d1 single consistent value
2022-07-15,IC1311,2022-05-01,218.9,"b first revision, printed"
2022-07-15,IC1311,2022-06-01,200.8,"a first publication, printed"
2022-08-12,IC1311,2022-05-01,229.7,d3 nearest consistent value
2022-08-12,IC1311,2022-06-01,201.9,"b first revision, printed"
2022-08-12,IC1311,2022-07-01,203.8,"a first publication, printed"
2022-09-15,IC1311,2022-06-01,201.9,"d2 carried, consistent"
2022-09-15,IC1311,2022-07-01,185.1,"b first revision, printed"
2022-09-15,IC1311,2022-08-01,180.7,"a first publication, printed"
2022-10-14,IC1311,2022-07-01,185.1,"d2 carried, consistent"
2022-10-14,IC1311,2022-08-01,178.1,"b first revision, printed"
2022-10-14,IC1311,2022-09-01,189.6,"a first publication, printed"
2022-11-16,IC1311,2022-08-01,178.1,d1 single consistent value
2022-11-16,IC1311,2022-09-01,181.7,"b first revision, printed"
2022-11-16,IC1311,2022-10-01,175.0,"a first publication, printed"
2022-12-14,IC1311,2022-09-01,181.7,d1 single consistent value
2022-12-14,IC1311,2022-10-01,169.6,"b first revision, printed"
2022-12-14,IC1311,2022-11-01,167.0,"a first publication, printed"
2023-01-13,IC1311,2022-10-01,169.6,d1 single consistent value
2023-01-13,IC1311,2022-11-01,166.6,"b first revision, printed"
2023-01-13,IC1311,2022-12-01,185.5,"a first publication, printed"
2023-02-17,IC1311,2022-11-01,166.6,"d2 carried, consistent"
2023-02-17,IC1311,2022-12-01,170.9,"b first revision, printed"
2023-02-17,IC1311,2023-01-01,183.3,"a first publication, printed"
2023-03-16,IC1311,2022-12-01,174.4,d1 single consistent value
2023-03-16,IC1311,2023-01-01,187.1,"b first revision, printed"
2023-03-16,IC1311,2023-02-01,186.4,"a first publication, printed"
2023-04-14,IC1311,2023-01-01,187.5,d3 nearest consistent value
2023-04-14,IC1311,2023-02-01,186.5,"b first revision, printed"
2023-04-14,IC1311,2023-03-01,181.2,"a first publication, printed"
2023-05-12,IC1311,2023-02-01,183.9,d1 single consistent value
2023-05-12,IC1311,2023-03-01,178.9,"b first revision, printed"
2023-05-12,IC1311,2023-04-01,161.0,"a first publication, printed"
2023-06-15,IC1311,2023-03-01,178.9,d1 single consistent value
2023-06-15,IC1311,2023-04-01,159.5,"b first revision, printed"
2023-06-15,IC1311,2023-05-01,163.8,"a first publication, printed"
2023-07-14,IC1311,2023-04-01,159.5,d1 single consistent value
2023-07-14,IC1311,2023-05-01,161.9,"b first revision, printed"
2023-07-14,IC1311,2023-06-01,163.6,"a first publication, printed"
2023-08-15,IC1311,2023-05-01,157.8,d1 single consistent value
2023-08-15,IC1311,2023-06-01,160.0,"b first revision, printed"
2023-08-15,IC1311,2023-07-01,148.1,"a first publication, printed"
2023-09-15,IC1311,2023-06-01,160.0,d1 single consistent value
2023-09-15,IC1311,2023-07-01,147.6,"b first revision, printed"
2023-09-15,IC1311,2023-08-01,156.7,"a first publication, printed"
2023-10-13,IC1311,2023-07-01,147.6,d1 single consistent value
2023-10-13,IC1311,2023-08-01,156.5,"b first revision, printed"
2023-10-13,IC1311,2023-09-01,148.0,"a first publication, printed"
2023-11-16,IC1311,2023-08-01,159.1,d1 single consistent value
2023-11-16,IC1311,2023-09-01,148.9,"b first revision, printed"
2023-11-16,IC1311,2023-10-01,147.7,"a first publication, printed"
2023-12-14,IC1311,2023-09-01,148.9,d1 single consistent value
2023-12-14,IC1311,2023-10-01,144.5,"b first revision, printed"
2023-12-14,IC1311,2023-11-01,142.8,"a first publication, printed"
2024-01-17,IC1311,2023-10-01,144.5,"d2 carried, consistent"
2024-01-17,IC1311,2023-11-01,143.6,"b first revision, printed"
2024-01-17,IC1311,2023-12-01,149.7,"a first publication, printed"
2024-02-15,IC1311,2023-11-01,143.6,"d2 carried, consistent"
2024-02-15,IC1311,2023-12-01,147.4,"b first revision, printed"
2024-02-15,IC1311,2024-01-01,151.5,"a first publication, printed"
2024-03-15,IC1311,2023-12-01,147.4,d1 single consistent value
2024-03-15,IC1311,2024-01-01,134.2,"b first revision, printed"
2024-03-15,IC1311,2024-02-01,140.7,"a first publication, printed"
2024-04-12,IC1311,2024-01-01,131.3,d1 single consistent value
2024-04-12,IC1311,2024-02-01,137.3,"b first revision, printed"
2024-04-12,IC1311,2024-03-01,139.9,"a first publication, printed"
2024-05-16,IC1311,2024-02-01,136.9,d1 single consistent value
2024-05-16,IC1311,2024-03-01,148.0,"b first revision, printed"
2024-05-16,IC1311,2024-04-01,149.8,"a first publication, printed"
2024-06-14,IC1311,2024-03-01,148.3,d3 nearest consistent value
2024-06-14,IC1311,2024-04-01,135.0,"b first revision, printed"
2024-06-14,IC1311,2024-05-01,126.8,"a first publication, printed"
2024-07-16,IC1311,2024-04-01,135.0,d1 single consistent value
2024-07-16,IC1311,2024-05-01,138.7,"b first revision, printed"
2024-07-16,IC1311,2024-06-01,128.7,"a first publication, printed"
2024-08-15,IC1311,2024-05-01,138.7,d1 single consistent value
2024-08-15,IC1311,2024-06-01,129.6,"b first revision, printed"
2024-08-15,IC1311,2024-07-01,133.8,"a first publication, printed"
2024-09-13,IC1311,2024-06-01,129.6,d1 single consistent value
2024-09-13,IC1311,2024-07-01,137.0,"b first revision, printed"
2024-09-13,IC1311,2024-08-01,130.9,"a first publication, printed"
2024-10-16,IC1311,2024-07-01,137.0,d1 single consistent value
2024-10-16,IC1311,2024-08-01,131.1,"b first revision, printed"
2024-10-16,IC1311,2024-09-01,127.2,"a first publication, printed"
2024-11-15,IC1311,2024-08-01,131.1,d1 single consistent value
2024-11-15,IC1311,2024-09-01,129.3,"b first revision, printed"
2024-11-15,IC1311,2024-10-01,140.4,"a first publication, printed"
2024-12-13,IC1311,2024-09-01,129.3,"d2 carried, consistent"
2024-12-13,IC1311,2024-10-01,139.6,"b first revision, printed"
2024-12-13,IC1311,2024-11-01,146.5,"a first publication, printed"
2025-01-16,IC1311,2024-10-01,139.6,d1 single consistent value
2025-01-16,IC1311,2024-11-01,138.7,"b first revision, printed"
2025-01-16,IC1311,2024-12-01,143.6,"a first publication, printed"
2025-02-14,IC1311,2024-11-01,138.7,d1 single consistent value
2025-02-14,IC1311,2024-12-01,139.2,"b first revision, printed"
2025-02-14,IC1311,2025-01-01,129.9,"a first publication, printed"
2025-03-18,IC1311,2024-12-01,139.2,"d2 carried, consistent"
2025-03-18,IC1311,2025-01-01,133.0,"b first revision, printed"
2025-03-18,IC1311,2025-02-01,138.5,"a first publication, printed"
2025-04-15,IC1311,2025-01-01,140.5,d1 single consistent value
2025-04-15,IC1311,2025-02-01,144.7,"b first revision, printed"
2025-04-15,IC1311,2025-03-01,137.6,"a first publication, printed"
2025-05-16,IC1311,2025-02-01,144.7,d1 single consistent value
2025-05-16,IC1311,2025-03-01,135.2,"b first revision, printed"
2025-05-16,IC1311,2025-04-01,139.5,"a first publication, printed"
2025-06-17,IC1311,2025-03-01,135.2,d1 single consistent value
2025-06-17,IC1311,2025-04-01,153.6,"b first revision, printed"
2025-06-17,IC1311,2025-05-01,163.4,"a first publication, printed"
2025-07-17,IC1311,2025-04-01,153.6,d1 single consistent value
2025-07-17,IC1311,2025-05-01,158.2,"b first revision, printed"
2025-07-17,IC1311,2025-06-01,161.2,"a first publication, printed"
2025-08-15,IC1311,2025-05-01,163.1,d1 single consistent value
2025-08-15,IC1311,2025-06-01,152.4,"b first revision, printed"
2025-08-15,IC1311,2025-07-01,165.3,"a first publication, printed"
2025-09-16,IC1311,2025-06-01,152.4,d1 single consistent value
2025-09-16,IC1311,2025-07-01,166.4,"b first revision, printed"
2025-09-16,IC1311,2025-08-01,163.3,"a first publication, printed"
2025-12-03,IC1311,2025-07-01,161.0,d3 nearest consistent value
2025-12-03,IC1311,2025-08-01,158.4,"b first revision, printed"
2025-12-03,IC1311,2025-09-01,152.4,"a first publication, printed"
2026-01-15,IC1311,2025-09-01,157.1,d3 nearest consistent value
2026-01-15,IC1311,2025-11-01,160.8,"a first publication, printed"
2026-02-10,IC1311,,,f no table printed: nothing new on record
2026-03-05,IC1311,2025-11-01,160.8,d1 single consistent value
2026-03-05,IC1311,2025-12-01,167.7,"b first revision, printed"
2026-03-05,IC1311,2026-01-01,174.8,"a first publication, printed"
2026-03-25,IC1311,2025-12-01,167.7,d1 single consistent value
2026-03-25,IC1311,2026-01-01,176.7,"b first revision, printed"
2026-03-25,IC1311,2026-02-01,174.6,"a first publication, printed"
2026-04-15,IC1311,2026-01-01,176.7,d1 single consistent value
2026-04-15,IC1311,2026-02-01,167.8,"b first revision, printed"
2026-04-15,IC1311,2026-03-01,179.9,"a first publication, printed"
2026-05-14,IC1311,2026-02-01,168.7,d1 single consistent value
2026-05-14,IC1311,2026-03-01,184.3,"b first revision, printed"
2026-05-14,IC1311,2026-04-01,180.8,"a first publication, printed"
2026-06-16,IC1311,2026-03-01,184.3,"d2 carried, consistent"
2026-06-16,IC1311,2026-04-01,178.7,"b first revision, printed"
2026-06-16,IC1311,2026-05-01,188.2,"a first publication, printed"
2026-07-17,IC1311,2026-04-01,178.7,d1 single consistent value
2026-07-17,IC1311,2026-05-01,190.1,"b first revision, printed"
2026-07-17,IC1311,2026-06-01,183.8,"a first publication, printed"
2026-08-18,IC1311,2026-05-01,190.1,"d2 carried, consistent"
2026-08-18,IC1311,2026-06-01,182.5,"b first revision, printed"
2026-08-18,IC1311,2026-07-01,174.9,"a first publication, printed"
2026-09-16,IC1311,2026-06-01,182.5,d1 single consistent value
2026-09-16,IC1311,2026-07-01,187.4,"b first revision, printed"
2026-09-16,IC1311,2026-08-01,197.3,"a first publication, printed"
2010-03-16,IC1312,2009-12-01,136.0,c first release of the span: database value
2010-03-16,IC1312,2010-01-01,127.5,"b first revision, printed"
2010-03-16,IC1312,2010-02-01,126.7,"a first publication, printed"
2010-04-13,IC1312,2010-01-01,131.8,d1 single consistent value
2010-04-13,IC1312,2010-02-01,131.0,"b first revision, printed"
2010-04-13,IC1312,2010-03-01,132.5,"a first publication, printed"
2010-05-13,IC1312,2010-02-01,131.0,d1 single consistent value
2010-05-13,IC1312,2010-03-01,132.2,"b first revision, printed"
2010-05-13,IC1312,2010-04-01,132.2,"a first publication, printed"
2010-06-15,IC1312,2010-03-01,133.2,d1 single consistent value
2010-06-15,IC1312,2010-04-01,134.1,"b first revision, printed"
2010-06-15,IC1312,2010-05-01,135.9,"a first publication, printed"
2010-07-14,IC1312,2010-04-01,134.1,d1 single consistent value
2010-07-14,IC1312,2010-05-01,135.9,"b first revision, printed"
2010-07-14,IC1312,2010-06-01,136.6,"a first publication, printed"
2010-08-12,IC1312,2010-05-01,135.9,d1 single consistent value
2010-08-12,IC1312,2010-06-01,136.6,"b first revision, printed"
2010-08-12,IC1312,2010-07-01,135.8,"a first publication, printed"
2010-09-15,IC1312,2010-06-01,137.0,d1 single consistent value
2010-09-15,IC1312,2010-07-01,136.2,"b first revision, printed"
2010-09-15,IC1312,2010-08-01,137.0,"a first publication, printed"
2010-10-13,IC1312,2010-07-01,136.2,d1 single consistent value
2010-10-13,IC1312,2010-08-01,137.0,"b first revision, printed"
2010-10-13,IC1312,2010-09-01,137.1,"a first publication, printed"
2010-11-10,IC1312,2010-08-01,137.0,d1 single consistent value
2010-11-10,IC1312,2010-09-01,137.1,"b first revision, printed"
2010-11-10,IC1312,2010-10-01,137.9,"a first publication, printed"
2010-12-10,IC1312,2010-09-01,137.0,d1 single consistent value
2010-12-10,IC1312,2010-10-01,137.9,"b first revision, printed"
2010-12-10,IC1312,2010-11-01,141.4,"a first publication, printed"
2011-01-12,IC1312,2010-10-01,137.9,d1 single consistent value
2011-01-12,IC1312,2010-11-01,140.8,"b first revision, printed"
2011-01-12,IC1312,2010-12-01,140.5,"a first publication, printed"
2011-02-15,IC1312,2010-11-01,140.8,d1 single consistent value
2011-02-15,IC1312,2010-12-01,141.1,"b first revision, printed"
2011-02-15,IC1312,2011-01-01,140.6,"a first publication, printed"
2011-03-15,IC1312,2010-12-01,141.2,d1 single consistent value
2011-03-15,IC1312,2011-01-01,140.4,"b first revision, printed"
2011-03-15,IC1312,2011-02-01,142.1,"a first publication, printed"
2011-04-12,IC1312,2011-01-01,139.9,d1 single consistent value
2011-04-12,IC1312,2011-02-01,141.7,"b first revision, printed"
2011-04-12,IC1312,2011-03-01,141.3,"a first publication, printed"
2011-05-10,IC1312,2011-02-01,142.4,d1 single consistent value
2011-05-10,IC1312,2011-03-01,142.8,"b first revision, printed"
2011-05-10,IC1312,2011-04-01,142.7,"a first publication, printed"
2011-06-10,IC1312,2011-03-01,142.8,d1 single consistent value
2011-06-10,IC1312,2011-04-01,142.5,"b first revision, printed"
2011-06-10,IC1312,2011-05-01,144.6,"a first publication, printed"
2011-07-13,IC1312,2011-04-01,142.5,d1 single consistent value
2011-07-13,IC1312,2011-05-01,148.1,"b first revision, printed"
2011-07-13,IC1312,2011-06-01,148.3,"a first publication, printed"
2011-08-16,IC1312,2011-05-01,148.1,d1 single consistent value
2011-08-16,IC1312,2011-06-01,148.6,"b first revision, printed"
2011-08-16,IC1312,2011-07-01,148.0,"a first publication, printed"
2011-09-13,IC1312,2011-06-01,148.6,d1 single consistent value
2011-09-13,IC1312,2011-07-01,147.7,"b first revision, printed"
2011-09-13,IC1312,2011-08-01,148.6,"a first publication, printed"
2011-10-14,IC1312,2011-07-01,147.3,d1 single consistent value
2011-10-14,IC1312,2011-08-01,146.6,"b first revision, printed"
2011-10-14,IC1312,2011-09-01,146.6,"a first publication, printed"
2011-11-10,IC1312,2011-08-01,146.6,"d2 carried, consistent"
2011-11-10,IC1312,2011-09-01,146.4,"b first revision, printed"
2011-11-10,IC1312,2011-10-01,147.1,"a first publication, printed"
2011-12-14,IC1312,2011-09-01,146.4,d1 single consistent value
2011-12-14,IC1312,2011-10-01,147.1,"b first revision, printed"
2011-12-14,IC1312,2011-11-01,146.8,"a first publication, printed"
2012-01-13,IC1312,2011-10-01,147.0,d1 single consistent value
2012-01-13,IC1312,2011-11-01,146.6,"b first revision, printed"
2012-01-13,IC1312,2011-12-01,144.4,"a first publication, printed"
2012-02-14,IC1312,2011-11-01,146.6,d1 single consistent value
2012-02-14,IC1312,2011-12-01,144.4,"b first revision, printed"
2012-02-14,IC1312,2012-01-01,140.6,"a first publication, printed"
2012-03-14,IC1312,2011-12-01,144.6,d1 single consistent value
2012-03-14,IC1312,2012-01-01,140.9,"b first revision, printed"
2012-03-14,IC1312,2012-02-01,138.9,"a first publication, printed"
2012-04-11,IC1312,2012-01-01,140.9,d1 single consistent value
2012-04-11,IC1312,2012-02-01,138.2,"b first revision, printed"
2012-04-11,IC1312,2012-03-01,140.9,"a first publication, printed"
2012-05-10,IC1312,2012-02-01,138.6,d1 single consistent value
2012-05-10,IC1312,2012-03-01,141.2,"b first revision, printed"
2012-05-10,IC1312,2012-04-01,144.7,"a first publication, printed"
2012-06-12,IC1312,2012-03-01,141.7,d3 nearest consistent value
2012-06-12,IC1312,2012-04-01,145.0,"b first revision, printed"
2012-06-12,IC1312,2012-05-01,145.1,"a first publication, printed"
2012-07-12,IC1312,2012-04-01,145.0,d1 single consistent value
2012-07-12,IC1312,2012-05-01,145.2,"b first revision, printed"
2012-07-12,IC1312,2012-06-01,147.3,"a first publication, printed"
2012-08-10,IC1312,2012-05-01,145.2,d1 single consistent value
2012-08-10,IC1312,2012-06-01,147.3,"b first revision, printed"
2012-08-10,IC1312,2012-07-01,145.4,"a first publication, printed"
2012-09-12,IC1312,2012-06-01,147.3,d1 single consistent value
2012-09-12,IC1312,2012-07-01,145.4,"b first revision, printed"
2012-09-12,IC1312,2012-08-01,142.9,"a first publication, printed"
2012-10-11,IC1312,2012-07-01,147.8,d1 single consistent value
2012-10-11,IC1312,2012-08-01,147.6,"b first revision, printed"
2012-10-11,IC1312,2012-09-01,149.7,"a first publication, printed"
2012-11-09,IC1312,2012-08-01,147.6,"d2 carried, consistent"
2012-11-09,IC1312,2012-09-01,149.7,"b first revision, printed"
2012-11-09,IC1312,2012-10-01,150.6,"a first publication, printed"
2012-12-12,IC1312,2012-09-01,149.7,d1 single consistent value
2012-12-12,IC1312,2012-10-01,150.6,"b first revision, printed"
2012-12-12,IC1312,2012-11-01,154.0,"a first publication, printed"
2013-01-11,IC1312,2012-10-01,151.1,d1 single consistent value
2013-01-11,IC1312,2012-11-01,154.5,"b first revision, printed"
2013-01-11,IC1312,2012-12-01,154.2,"a first publication, printed"
2013-02-13,IC1312,2012-11-01,154.5,d1 single consistent value
2013-02-13,IC1312,2012-12-01,154.3,"b first revision, printed"
2013-02-13,IC1312,2013-01-01,151.1,"a first publication, printed"
2013-03-13,IC1312,2012-12-01,154.3,d1 single consistent value
2013-03-13,IC1312,2013-01-01,151.0,"b first revision, printed"
2013-03-13,IC1312,2013-02-01,149.2,"a first publication, printed"
2013-04-11,IC1312,2013-01-01,151.0,d1 single consistent value
2013-04-11,IC1312,2013-02-01,149.2,"b first revision, printed"
2013-04-11,IC1312,2013-03-01,148.3,"a first publication, printed"
2013-05-14,IC1312,2013-02-01,149.2,d1 single consistent value
2013-05-14,IC1312,2013-03-01,148.3,"b first revision, printed"
2013-05-14,IC1312,2013-04-01,148.1,"a first publication, printed"
2013-06-13,IC1312,2013-03-01,148.3,d1 single consistent value
2013-06-13,IC1312,2013-04-01,148.1,"b first revision, printed"
2013-06-13,IC1312,2013-05-01,146.8,"a first publication, printed"
2013-07-11,IC1312,2013-04-01,148.2,d1 single consistent value
2013-07-11,IC1312,2013-05-01,146.9,"b first revision, printed"
2013-07-11,IC1312,2013-06-01,145.5,"a first publication, printed"
2013-08-13,IC1312,2013-05-01,146.9,d1 single consistent value
2013-08-13,IC1312,2013-06-01,145.5,"b first revision, printed"
2013-08-13,IC1312,2013-07-01,145.6,"a first publication, printed"
2013-09-12,IC1312,2013-06-01,145.5,"d2 carried, consistent"
2013-09-12,IC1312,2013-07-01,145.6,"b first revision, printed"
2013-09-12,IC1312,2013-08-01,145.6,"a first publication, printed"
2013-10-23,IC1312,2013-07-01,145.5,d1 single consistent value
2013-10-23,IC1312,2013-08-01,145.6,"b first revision, printed"
2013-10-23,IC1312,2013-09-01,146.0,"a first publication, printed"
2013-11-15,IC1312,2013-08-01,145.6,d1 single consistent value
2013-11-15,IC1312,2013-09-01,146.0,"b first revision, printed"
2013-11-15,IC1312,2013-10-01,147.3,"a first publication, printed"
2013-12-12,IC1312,2013-09-01,146.0,d1 single consistent value
2013-12-12,IC1312,2013-10-01,147.3,"b first revision, printed"
2013-12-12,IC1312,2013-11-01,148.6,"a first publication, printed"
2014-01-14,IC1312,2013-10-01,147.3,d1 single consistent value
2014-01-14,IC1312,2013-11-01,148.6,"b first revision, printed"
2014-01-14,IC1312,2013-12-01,148.1,"a first publication, printed"
2014-02-14,IC1312,2013-11-01,148.6,d1 single consistent value
2014-02-14,IC1312,2013-12-01,148.1,"b first revision, printed"
2014-02-14,IC1312,2014-01-01,146.0,"a first publication, printed"
2014-03-13,IC1312,2013-12-01,148.1,d1 single consistent value
2014-03-13,IC1312,2014-01-01,146.0,"b first revision, printed"
2014-03-13,IC1312,2014-02-01,144.5,"a first publication, printed"
2014-04-10,IC1312,2014-01-01,145.9,d1 single consistent value
2014-04-10,IC1312,2014-02-01,144.4,"b first revision, printed"
2014-04-10,IC1312,2014-03-01,146.8,"a first publication, printed"
2014-05-13,IC1312,2014-02-01,144.4,d1 single consistent value
2014-05-13,IC1312,2014-03-01,146.8,"b first revision, printed"
2014-05-13,IC1312,2014-04-01,146.4,"a first publication, printed"
2014-06-12,IC1312,2014-03-01,146.8,"d2 carried, consistent"
2014-06-12,IC1312,2014-04-01,146.4,"b first revision, printed"
2014-06-12,IC1312,2014-05-01,147.3,"a first publication, printed"
2014-07-15,IC1312,2014-04-01,146.4,d1 single consistent value
2014-07-15,IC1312,2014-05-01,147.6,"b first revision, printed"
2014-07-15,IC1312,2014-06-01,147.6,"a first publication, printed"
2014-08-14,IC1312,2014-05-01,147.6,d1 single consistent value
2014-08-14,IC1312,2014-06-01,147.6,"b first revision, printed"
2014-08-14,IC1312,2014-07-01,147.4,"a first publication, printed"
2014-09-12,IC1312,2014-06-01,147.6,d1 single consistent value
2014-09-12,IC1312,2014-07-01,147.4,"b first revision, printed"
2014-09-12,IC1312,2014-08-01,147.7,"a first publication, printed"
2014-10-10,IC1312,2014-07-01,147.4,d1 single consistent value
2014-10-10,IC1312,2014-08-01,147.7,"b first revision, printed"
2014-10-10,IC1312,2014-09-01,147.5,"a first publication, printed"
2014-11-14,IC1312,2014-08-01,147.7,d1 single consistent value
2014-11-14,IC1312,2014-09-01,147.1,"b first revision, printed"
2014-11-14,IC1312,2014-10-01,146.5,"a first publication, printed"
2014-12-11,IC1312,2014-09-01,147.1,d1 single consistent value
2014-12-11,IC1312,2014-10-01,146.5,"b first revision, printed"
2014-12-11,IC1312,2014-11-01,146.2,"a first publication, printed"
2015-01-14,IC1312,2014-10-01,146.5,d1 single consistent value
2015-01-14,IC1312,2014-11-01,145.5,"b first revision, printed"
2015-01-14,IC1312,2014-12-01,142.4,"a first publication, printed"
2015-02-13,IC1312,2014-11-01,145.1,d1 single consistent value
2015-02-13,IC1312,2014-12-01,142.1,"b first revision, printed"
2015-02-13,IC1312,2015-01-01,145.1,"a first publication, printed"
2015-03-12,IC1312,2014-12-01,142.1,"d2 carried, consistent"
2015-03-12,IC1312,2015-01-01,145.6,"b first revision, printed"
2015-03-12,IC1312,2015-02-01,144.5,"a first publication, printed"
2015-04-10,IC1312,2015-01-01,145.3,d1 single consistent value
2015-04-10,IC1312,2015-02-01,146.3,"b first revision, printed"
2015-04-10,IC1312,2015-03-01,148.5,"a first publication, printed"
2015-05-13,IC1312,2015-02-01,146.3,d1 single consistent value
2015-05-13,IC1312,2015-03-01,147.9,"b first revision, printed"
2015-05-13,IC1312,2015-04-01,150.5,"a first publication, printed"
2015-06-11,IC1312,2015-03-01,147.2,d1 single consistent value
2015-06-11,IC1312,2015-04-01,148.7,"b first revision, printed"
2015-06-11,IC1312,2015-05-01,147.4,"a first publication, printed"
2015-07-14,IC1312,2015-04-01,148.7,d1 single consistent value
2015-07-14,IC1312,2015-05-01,147.5,"b first revision, printed"
2015-07-14,IC1312,2015-06-01,145.4,"a first publication, printed"
2015-08-13,IC1312,2015-05-01,147.5,d1 single consistent value
2015-08-13,IC1312,2015-06-01,145.5,"b first revision, printed"
2015-08-13,IC1312,2015-07-01,143.8,"a first publication, printed"
2015-09-10,IC1312,2015-06-01,145.5,d1 single consistent value
2015-09-10,IC1312,2015-07-01,140.7,"b first revision, printed"
2015-09-10,IC1312,2015-08-01,137.7,"a first publication, printed"
2015-10-09,IC1312,2015-07-01,138.9,d3 nearest consistent value
2015-10-09,IC1312,2015-08-01,134.9,"b first revision, printed"
2015-10-09,IC1312,2015-09-01,132.2,"a first publication, printed"
2015-11-10,IC1312,2015-08-01,137.4,d1 single consistent value
2015-11-10,IC1312,2015-09-01,134.5,"b first revision, printed"
2015-11-10,IC1312,2015-10-01,143.0,"a first publication, printed"
2015-12-10,IC1312,2015-09-01,134.5,d1 single consistent value
2015-12-10,IC1312,2015-10-01,140.9,"b first revision, printed"
2015-12-10,IC1312,2015-11-01,142.5,"a first publication, printed"
2016-01-14,IC1312,2015-10-01,140.4,d1 single consistent value
2016-01-14,IC1312,2015-11-01,142.2,"b first revision, printed"
2016-01-14,IC1312,2015-12-01,139.2,"a first publication, printed"
2016-02-12,IC1312,2015-11-01,141.9,d1 single consistent value
2016-02-12,IC1312,2015-12-01,138.8,"b first revision, printed"
2016-02-12,IC1312,2016-01-01,132.8,"a first publication, printed"
2016-03-11,IC1312,2015-12-01,138.8,d1 single consistent value
2016-03-11,IC1312,2016-01-01,132.8,"b first revision, printed"
2016-03-11,IC1312,2016-02-01,130.6,"a first publication, printed"
2016-04-12,IC1312,2016-01-01,132.8,d1 single consistent value
2016-04-12,IC1312,2016-02-01,130.1,"b first revision, printed"
2016-04-12,IC1312,2016-03-01,127.1,"a first publication, printed"
2016-05-12,IC1312,2016-02-01,130.1,d1 single consistent value
2016-05-12,IC1312,2016-03-01,126.6,"b first revision, printed"
2016-05-12,IC1312,2016-04-01,130.3,"a first publication, printed"
2016-06-14,IC1312,2016-03-01,126.6,d1 single consistent value
2016-06-14,IC1312,2016-04-01,129.8,"b first revision, printed"
2016-06-14,IC1312,2016-05-01,126.1,"a first publication, printed"
2016-07-13,IC1312,2016-04-01,130.1,d1 single consistent value
2016-07-13,IC1312,2016-05-01,126.1,"b first revision, printed"
2016-07-13,IC1312,2016-06-01,123.1,"a first publication, printed"
2016-08-11,IC1312,2016-05-01,126.1,d1 single consistent value
2016-08-11,IC1312,2016-06-01,123.0,"b first revision, printed"
2016-08-11,IC1312,2016-07-01,126.6,"a first publication, printed"
2016-09-14,IC1312,2016-06-01,122.4,d1 single consistent value
2016-09-14,IC1312,2016-07-01,126.0,"b first revision, printed"
2016-09-14,IC1312,2016-08-01,127.8,"a first publication, printed"
2016-10-13,IC1312,2016-07-01,124.2,d1 single consistent value
2016-10-13,IC1312,2016-08-01,127.3,"b first revision, printed"
2016-10-13,IC1312,2016-09-01,130.6,"a first publication, printed"
2016-11-15,IC1312,2016-08-01,127.3,d1 single consistent value
2016-11-15,IC1312,2016-09-01,129.8,"b first revision, printed"
2016-11-15,IC1312,2016-10-01,139.5,"a first publication, printed"
2016-12-13,IC1312,2016-09-01,129.9,d1 single consistent value
2016-12-13,IC1312,2016-10-01,141.7,"b first revision, printed"
2016-12-13,IC1312,2016-11-01,142.2,"a first publication, printed"
2017-01-12,IC1312,2016-10-01,138.8,d1 single consistent value
2017-01-12,IC1312,2016-11-01,139.4,"b first revision, printed"
2017-01-12,IC1312,2016-12-01,142.4,"a first publication, printed"
2017-02-10,IC1312,2016-11-01,144.4,d1 single consistent value
2017-02-10,IC1312,2016-12-01,145.6,"b first revision, printed"
2017-02-10,IC1312,2017-01-01,142.0,"a first publication, printed"
2017-03-09,IC1312,2016-12-01,145.6,"d2 carried, consistent"
2017-03-09,IC1312,2017-01-01,142.2,"b first revision, printed"
2017-03-09,IC1312,2017-02-01,141.7,"a first publication, printed"
2017-04-12,IC1312,2017-01-01,141.0,d1 single consistent value
2017-04-12,IC1312,2017-02-01,139.6,"b first revision, printed"
2017-04-12,IC1312,2017-03-01,140.6,"a first publication, printed"
2017-05-10,IC1312,2017-02-01,139.6,d1 single consistent value
2017-05-10,IC1312,2017-03-01,140.6,"b first revision, printed"
2017-05-10,IC1312,2017-04-01,142.8,"a first publication, printed"
2017-06-15,IC1312,2017-03-01,140.6,d1 single consistent value
2017-06-15,IC1312,2017-04-01,142.6,"b first revision, printed"
2017-06-15,IC1312,2017-05-01,143.4,"a first publication, printed"
2017-07-18,IC1312,2017-04-01,142.6,d1 single consistent value
2017-07-18,IC1312,2017-05-01,143.5,"b first revision, printed"
2017-07-18,IC1312,2017-06-01,143.8,"a first publication, printed"
2017-08-15,IC1312,2017-05-01,143.5,d1 single consistent value
2017-08-15,IC1312,2017-06-01,143.8,"b first revision, printed"
2017-08-15,IC1312,2017-07-01,158.5,"a first publication, printed"
2017-09-19,IC1312,2017-06-01,143.8,d1 single consistent value
2017-09-19,IC1312,2017-07-01,158.5,"b first revision, printed"
2017-09-19,IC1312,2017-08-01,159.2,"a first publication, printed"
2017-10-17,IC1312,2017-07-01,158.5,d1 single consistent value
2017-10-17,IC1312,2017-08-01,159.2,"b first revision, printed"
2017-10-17,IC1312,2017-09-01,159.4,"a first publication, printed"
2017-11-16,IC1312,2017-08-01,159.2,d1 single consistent value
2017-11-16,IC1312,2017-09-01,159.4,"b first revision, printed"
2017-11-16,IC1312,2017-10-01,153.7,"a first publication, printed"
2017-12-14,IC1312,2017-09-01,159.4,"d2 carried, consistent"
2017-12-14,IC1312,2017-10-01,155.7,"b first revision, printed"
2017-12-14,IC1312,2017-11-01,170.5,"a first publication, printed"
2018-01-10,IC1312,2017-10-01,155.7,d1 single consistent value
2018-01-10,IC1312,2017-11-01,170.5,"b first revision, printed"
2018-01-10,IC1312,2017-12-01,177.6,"a first publication, printed"
2018-02-16,IC1312,2017-11-01,170.5,d1 single consistent value
2018-02-16,IC1312,2017-12-01,166.7,"b first revision, printed"
2018-02-16,IC1312,2018-01-01,162.1,"a first publication, printed"
2018-03-15,IC1312,2017-12-01,166.7,d1 single consistent value
2018-03-15,IC1312,2018-01-01,162.0,"b first revision, printed"
2018-03-15,IC1312,2018-02-01,154.7,"a first publication, printed"
2018-04-12,IC1312,2018-01-01,159.0,d1 single consistent value
2018-04-12,IC1312,2018-02-01,156.8,"b first revision, printed"
2018-04-12,IC1312,2018-03-01,153.4,"a first publication, printed"
2018-05-11,IC1312,2018-02-01,156.8,"d2 carried, consistent"
2018-05-11,IC1312,2018-03-01,150.5,"b first revision, printed"
2018-05-11,IC1312,2018-04-01,151.2,"a first publication, printed"
2018-06-14,IC1312,2018-03-01,153.3,d3 nearest consistent value
2018-06-14,IC1312,2018-04-01,165.2,"b first revision, printed"
2018-06-14,IC1312,2018-05-01,168.2,"a first publication, printed"
2018-07-13,IC1312,2018-04-01,163.3,d3 nearest consistent value
2018-07-13,IC1312,2018-05-01,166.5,"b first revision, printed"
2018-07-13,IC1312,2018-06-01,167.4,"a first publication, printed"
2018-08-14,IC1312,2018-05-01,166.5,d1 single consistent value
2018-08-14,IC1312,2018-06-01,167.4,"b first revision, printed"
2018-08-14,IC1312,2018-07-01,162.6,"a first publication, printed"
2018-09-14,IC1312,2018-06-01,167.4,d1 single consistent value
2018-09-14,IC1312,2018-07-01,162.6,"b first revision, printed"
2018-09-14,IC1312,2018-08-01,162.1,"a first publication, printed"
2018-10-12,IC1312,2018-07-01,162.6,"d2 carried, consistent"
2018-10-12,IC1312,2018-08-01,162.2,"b first revision, printed"
2018-10-12,IC1312,2018-09-01,165.5,"a first publication, printed"
2018-11-15,IC1312,2018-08-01,161.5,d1 single consistent value
2018-11-15,IC1312,2018-09-01,164.5,"b first revision, printed"
2018-11-15,IC1312,2018-10-01,168.1,"a first publication, printed"
2018-12-13,IC1312,2018-09-01,164.5,d1 single consistent value
2018-12-13,IC1312,2018-10-01,168.1,"b first revision, printed"
2018-12-13,IC1312,2018-11-01,172.2,"a first publication, printed"
2019-01-16,IC1312,2018-10-01,168.1,d1 single consistent value
2019-01-16,IC1312,2018-11-01,171.1,"b first revision, printed"
2019-01-16,IC1312,2018-12-01,167.5,"a first publication, printed"
2019-02-15,IC1312,2018-11-01,171.1,d1 single consistent value
2019-02-15,IC1312,2018-12-01,166.6,"b first revision, printed"
2019-02-15,IC1312,2019-01-01,161.9,"a first publication, printed"
2019-03-14,IC1312,2018-12-01,166.2,d1 single consistent value
2019-03-14,IC1312,2019-01-01,162.1,"b first revision, printed"
2019-03-14,IC1312,2019-02-01,151.2,"a first publication, printed"
2019-04-12,IC1312,2019-01-01,162.1,"d2 carried, consistent"
2019-04-12,IC1312,2019-02-01,151.5,"b first revision, printed"
2019-04-12,IC1312,2019-03-01,153.3,"a first publication, printed"
2019-05-14,IC1312,2019-02-01,152.1,d3 nearest consistent value
2019-05-14,IC1312,2019-03-01,153.5,"b first revision, printed"
2019-05-14,IC1312,2019-04-01,151.6,"a first publication, printed"
2019-06-13,IC1312,2019-03-01,153.3,d1 single consistent value
2019-06-13,IC1312,2019-04-01,152.9,"b first revision, printed"
2019-06-13,IC1312,2019-05-01,156.2,"a first publication, printed"
2019-07-16,IC1312,2019-04-01,152.9,d1 single consistent value
2019-07-16,IC1312,2019-05-01,155.5,"b first revision, printed"
2019-07-16,IC1312,2019-06-01,155.6,"a first publication, printed"
2019-08-14,IC1312,2019-05-01,155.5,d1 single consistent value
2019-08-14,IC1312,2019-06-01,155.8,"b first revision, printed"
2019-08-14,IC1312,2019-07-01,153.3,"a first publication, printed"
2019-09-13,IC1312,2019-06-01,155.8,d1 single consistent value
2019-09-13,IC1312,2019-07-01,152.5,"b first revision, printed"
2019-09-13,IC1312,2019-08-01,146.8,"a first publication, printed"
2019-10-11,IC1312,2019-07-01,153.3,d1 single consistent value
2019-10-11,IC1312,2019-08-01,147.9,"b first revision, printed"
2019-10-11,IC1312,2019-09-01,146.0,"a first publication, printed"
2019-11-15,IC1312,2019-08-01,147.9,d1 single consistent value
2019-11-15,IC1312,2019-09-01,146.0,"b first revision, printed"
2019-11-15,IC1312,2019-10-01,149.2,"a first publication, printed"
2019-12-13,IC1312,2019-09-01,146.0,d1 single consistent value
2019-12-13,IC1312,2019-10-01,148.9,"b first revision, printed"
2019-12-13,IC1312,2019-11-01,152.5,"a first publication, printed"
2020-01-16,IC1312,2019-10-01,148.9,d1 single consistent value
2020-01-16,IC1312,2019-11-01,152.7,"b first revision, printed"
2020-01-16,IC1312,2019-12-01,154.7,"a first publication, printed"
2020-02-14,IC1312,2019-11-01,152.7,d1 single consistent value
2020-02-14,IC1312,2019-12-01,155.6,"b first revision, printed"
2020-02-14,IC1312,2020-01-01,151.6,"a first publication, printed"
2020-03-13,IC1312,2019-12-01,155.6,d1 single consistent value
2020-03-13,IC1312,2020-01-01,151.5,"b first revision, printed"
2020-03-13,IC1312,2020-02-01,148.9,"a first publication, printed"
2020-04-14,IC1312,2020-01-01,151.5,d1 single consistent value
2020-04-14,IC1312,2020-02-01,149.5,"b first revision, printed"
2020-04-14,IC1312,2020-03-01,151.9,"a first publication, printed"
2020-05-14,IC1312,2020-02-01,149.5,d1 single consistent value
2020-05-14,IC1312,2020-03-01,151.9,"b first revision, printed"
2020-05-14,IC1312,2020-04-01,194.1,"a first publication, printed"
2020-06-12,IC1312,2020-03-01,157.7,d1 single consistent value
2020-06-12,IC1312,2020-04-01,201.6,"b first revision, printed"
2020-06-12,IC1312,2020-05-01,267.8,"a first publication, printed"
2020-07-15,IC1312,2020-04-01,201.6,d1 single consistent value
2020-07-15,IC1312,2020-05-01,264.9,"b first revision, printed"
2020-07-15,IC1312,2020-06-01,254.4,"a first publication, printed"
2020-08-13,IC1312,2020-05-01,264.9,"d2 carried, consistent"
2020-08-13,IC1312,2020-06-01,253.6,"b first revision, printed"
2020-08-13,IC1312,2020-07-01,212.7,"a first publication, printed"
2020-09-15,IC1312,2020-06-01,253.6,"d2 carried, consistent"
2020-09-15,IC1312,2020-07-01,213.7,"b first revision, printed"
2020-09-15,IC1312,2020-08-01,218.0,"a first publication, printed"
2020-10-15,IC1312,2020-07-01,213.7,"d2 carried, consistent"
2020-10-15,IC1312,2020-08-01,218.9,"b first revision, printed"
2020-10-15,IC1312,2020-09-01,213.8,"a first publication, printed"
2020-11-17,IC1312,2020-08-01,218.9,"d2 carried, consistent"
2020-11-17,IC1312,2020-09-01,209.0,"b first revision, printed"
2020-11-17,IC1312,2020-10-01,213.5,"a first publication, printed"
2020-12-15,IC1312,2020-09-01,209.0,d1 single consistent value
2020-12-15,IC1312,2020-10-01,211.7,"b first revision, printed"
2020-12-15,IC1312,2020-11-01,236.0,"a first publication, printed"
2021-01-14,IC1312,2020-10-01,211.7,d1 single consistent value
2021-01-14,IC1312,2020-11-01,234.5,"b first revision, printed"
2021-01-14,IC1312,2020-12-01,258.6,"a first publication, printed"
2021-02-18,IC1312,2020-11-01,234.5,d1 single consistent value
2021-02-18,IC1312,2020-12-01,257.7,"b first revision, printed"
2021-02-18,IC1312,2021-01-01,247.9,"a first publication, printed"
2021-03-16,IC1312,2020-12-01,258.3,d3 nearest consistent value
2021-03-16,IC1312,2021-01-01,248.5,"b first revision, printed"
2021-03-16,IC1312,2021-02-01,237.3,"a first publication, printed"
2021-04-14,IC1312,2021-01-01,248.5,"d2 carried, consistent"
2021-04-14,IC1312,2021-02-01,243.7,"b first revision, printed"
2021-04-14,IC1312,2021-03-01,249.4,"a first publication, printed"
2021-05-14,IC1312,2021-02-01,243.7,"d2 carried, consistent"
2021-05-14,IC1312,2021-03-01,239.3,"b first revision, printed"
2021-05-14,IC1312,2021-04-01,251.5,"a first publication, printed"
2021-06-16,IC1312,2021-03-01,237.3,d1 single consistent value
2021-06-16,IC1312,2021-04-01,246.3,"b first revision, printed"
2021-06-16,IC1312,2021-05-01,268.1,"a first publication, printed"
2021-07-15,IC1312,2021-04-01,246.0,d3 nearest consistent value
2021-07-15,IC1312,2021-05-01,268.4,"b first revision, printed"
2021-07-15,IC1312,2021-06-01,280.2,"a first publication, printed"
2021-08-13,IC1312,2021-05-01,268.4,"d2 carried, consistent"
2021-08-13,IC1312,2021-06-01,278.9,"b first revision, printed"
2021-08-13,IC1312,2021-07-01,258.9,"a first publication, printed"
2021-09-15,IC1312,2021-06-01,278.9,"d2 carried, consistent"
2021-09-15,IC1312,2021-07-01,255.2,"b first revision, printed"
2021-09-15,IC1312,2021-08-01,251.7,"a first publication, printed"
2021-10-15,IC1312,2021-07-01,255.2,"d2 carried, consistent"
2021-10-15,IC1312,2021-08-01,251.7,"b first revision, printed"
2021-10-15,IC1312,2021-09-01,265.6,"a first publication, printed"
2021-11-16,IC1312,2021-08-01,254.9,d1 single consistent value
2021-11-16,IC1312,2021-09-01,268.6,"b first revision, printed"
2021-11-16,IC1312,2021-10-01,277.1,"a first publication, printed"
2021-12-15,IC1312,2021-09-01,268.6,d1 single consistent value
2021-12-15,IC1312,2021-10-01,277.1,"b first revision, printed"
2021-12-15,IC1312,2021-11-01,302.3,"a first publication, printed"
2022-01-14,IC1312,2021-10-01,280.9,d3 nearest consistent value
2022-01-14,IC1312,2021-11-01,301.4,"b first revision, printed"
2022-01-14,IC1312,2021-12-01,282.5,"a first publication, printed"
2022-02-16,IC1312,2021-11-01,301.4,"d2 carried, consistent"
2022-02-16,IC1312,2021-12-01,282.0,"b first revision, printed"
2022-02-16,IC1312,2022-01-01,308.8,"a first publication, printed"
2022-03-16,IC1312,2021-12-01,282.0,d1 single consistent value
2022-03-16,IC1312,2022-01-01,310.4,"b first revision, printed"
2022-03-16,IC1312,2022-02-01,280.9,"a first publication, printed"
2022-04-14,IC1312,2022-01-01,311.4,d1 single consistent value
2022-04-14,IC1312,2022-02-01,274.8,"b first revision, printed"
2022-04-14,IC1312,2022-03-01,272.0,"a first publication, printed"
2022-05-13,IC1312,2022-02-01,276.7,d1 single consistent value
2022-05-13,IC1312,2022-03-01,273.5,"b first revision, printed"
2022-05-13,IC1312,2022-04-01,257.2,"a first publication, printed"
2022-06-15,IC1312,2022-03-01,273.5,d1 single consistent value
2022-06-15,IC1312,2022-04-01,257.5,"b first revision, printed"
2022-06-15,IC1312,2022-05-01,269.5,"a first publication, printed"
2022-07-15,IC1312,2022-04-01,257.5,d1 single consistent value
2022-07-15,IC1312,2022-05-01,269.2,"b first revision, printed"
2022-07-15,IC1312,2022-06-01,281.2,"a first publication, printed"
2022-08-12,IC1312,2022-05-01,269.2,"d2 carried, consistent"
2022-08-12,IC1312,2022-06-01,280.5,"b first revision, printed"
2022-08-12,IC1312,2022-07-01,249.4,"a first publication, printed"
2022-09-15,IC1312,2022-06-01,271.4,d3 nearest consistent value
2022-09-15,IC1312,2022-07-01,245.9,"b first revision, printed"
2022-09-15,IC1312,2022-08-01,246.7,"a first publication, printed"
2022-10-14,IC1312,2022-07-01,245.9,"d2 carried, consistent"
2022-10-14,IC1312,2022-08-01,248.4,"b first revision, printed"
2022-10-14,IC1312,2022-09-01,238.0,"a first publication, printed"
2022-11-16,IC1312,2022-08-01,248.4,"d2 carried, consistent"
2022-11-16,IC1312,2022-09-01,237.9,"b first revision, printed"
2022-11-16,IC1312,2022-10-01,210.5,"a first publication, printed"
2022-12-14,IC1312,2022-09-01,237.9,d1 single consistent value
2022-12-14,IC1312,2022-10-01,210.5,"b first revision, printed"
2022-12-14,IC1312,2022-11-01,181.7,"a first publication, printed"
2023-01-13,IC1312,2022-10-01,210.5,"d2 carried, consistent"
2023-01-13,IC1312,2022-11-01,182.1,"b first revision, printed"
2023-01-13,IC1312,2022-12-01,184.4,"a first publication, printed"
2023-02-17,IC1312,2022-11-01,182.1,d1 single consistent value
2023-02-17,IC1312,2022-12-01,183.8,"b first revision, printed"
2023-02-17,IC1312,2023-01-01,169.0,"a first publication, printed"
2023-03-16,IC1312,2022-12-01,183.8,"d2 carried, consistent"
2023-03-16,IC1312,2023-01-01,167.6,"b first revision, printed"
2023-03-16,IC1312,2023-02-01,158.8,"a first publication, printed"
2023-04-14,IC1312,2023-01-01,165.4,d3 nearest consistent value
2023-04-14,IC1312,2023-02-01,157.6,"b first revision, printed"
2023-04-14,IC1312,2023-03-01,149.0,"a first publication, printed"
2023-05-12,IC1312,2023-02-01,156.8,d1 single consistent value
2023-05-12,IC1312,2023-03-01,150.8,"b first revision, printed"
2023-05-12,IC1312,2023-04-01,156.0,"a first publication, printed"
2023-06-15,IC1312,2023-03-01,145.4,d3 nearest consistent value
2023-06-15,IC1312,2023-04-01,151.6,"b first revision, printed"
2023-06-15,IC1312,2023-05-01,147.1,"a first publication, printed"
2023-07-14,IC1312,2023-04-01,152.2,d3 nearest consistent value
2023-07-14,IC1312,2023-05-01,147.2,"b first revision, printed"
2023-07-14,IC1312,2023-06-01,148.8,"a first publication, printed"
2023-08-15,IC1312,2023-05-01,147.2,d1 single consistent value
2023-08-15,IC1312,2023-06-01,150.4,"b first revision, printed"
2023-08-15,IC1312,2023-07-01,159.6,"a first publication, printed"
2023-09-15,IC1312,2023-06-01,150.7,d1 single consistent value
2023-09-15,IC1312,2023-07-01,155.5,"b first revision, printed"
2023-09-15,IC1312,2023-08-01,138.3,"a first publication, printed"
2023-10-13,IC1312,2023-07-01,155.7,d1 single consistent value
2023-10-13,IC1312,2023-08-01,136.1,"b first revision, printed"
2023-10-13,IC1312,2023-09-01,141.8,"a first publication, printed"
2023-11-16,IC1312,2023-08-01,142.7,d1 single consistent value
2023-11-16,IC1312,2023-09-01,157.1,"b first revision, printed"
2023-11-16,IC1312,2023-10-01,155.4,"a first publication, printed"
2023-12-14,IC1312,2023-09-01,157.1,d1 single consistent value
2023-12-14,IC1312,2023-10-01,155.1,"b first revision, printed"
2023-12-14,IC1312,2023-11-01,162.4,"a first publication, printed"
2024-01-17,IC1312,2023-10-01,157.1,d1 single consistent value
2024-01-17,IC1312,2023-11-01,168.7,"b first revision, printed"
2024-01-17,IC1312,2023-12-01,185.4,"a first publication, printed"
2024-02-15,IC1312,2023-11-01,168.1,d1 single consistent value
2024-02-15,IC1312,2023-12-01,184.4,"b first revision, printed"
2024-02-15,IC1312,2024-01-01,167.9,"a first publication, printed"
2024-03-15,IC1312,2023-12-01,188.5,d3 nearest consistent value
2024-03-15,IC1312,2024-01-01,170.8,"b first revision, printed"
2024-03-15,IC1312,2024-02-01,168.4,"a first publication, printed"
2024-04-12,IC1312,2024-01-01,167.9,d1 single consistent value
2024-04-12,IC1312,2024-02-01,158.4,"b first revision, printed"
2024-04-12,IC1312,2024-03-01,157.2,"a first publication, printed"
2024-05-16,IC1312,2024-02-01,151.6,d1 single consistent value
2024-05-16,IC1312,2024-03-01,159.1,"b first revision, printed"
2024-05-16,IC1312,2024-04-01,169.4,"a first publication, printed"
2024-06-14,IC1312,2024-03-01,159.1,"d2 carried, consistent"
2024-06-14,IC1312,2024-04-01,172.4,"b first revision, printed"
2024-06-14,IC1312,2024-05-01,169.4,"a first publication, printed"
2024-07-16,IC1312,2024-04-01,170.9,d3 nearest consistent value
2024-07-16,IC1312,2024-05-01,164.2,"b first revision, printed"
2024-07-16,IC1312,2024-06-01,175.4,"a first publication, printed"
2024-08-15,IC1312,2024-05-01,164.2,d1 single consistent value
2024-08-15,IC1312,2024-06-01,173.9,"b first revision, printed"
2024-08-15,IC1312,2024-07-01,186.9,"a first publication, printed"
2024-09-13,IC1312,2024-06-01,174.1,d3 nearest consistent value
2024-09-13,IC1312,2024-07-01,185.9,"b first revision, printed"
2024-09-13,IC1312,2024-08-01,190.9,"a first publication, printed"
2024-10-16,IC1312,2024-07-01,180.3,d1 single consistent value
2024-10-16,IC1312,2024-08-01,186.3,"b first revision, printed"
2024-10-16,IC1312,2024-09-01,197.6,"a first publication, printed"
2024-11-15,IC1312,2024-08-01,186.4,d1 single consistent value
2024-11-15,IC1312,2024-09-01,198.7,"b first revision, printed"
2024-11-15,IC1312,2024-10-01,218.8,"a first publication, printed"
2024-12-13,IC1312,2024-09-01,197.4,d1 single consistent value
2024-12-13,IC1312,2024-10-01,210.1,"b first revision, printed"
2024-12-13,IC1312,2024-11-01,198.1,"a first publication, printed"
2025-01-16,IC1312,2024-10-01,217.6,d3 nearest consistent value
2025-01-16,IC1312,2024-11-01,204.1,"b first revision, printed"
2025-01-16,IC1312,2024-12-01,203.8,"a first publication, printed"
2025-02-14,IC1312,2024-11-01,202.3,d3 nearest consistent value
2025-02-14,IC1312,2024-12-01,202.5,"b first revision, printed"
2025-02-14,IC1312,2025-01-01,193.2,"a first publication, printed"
2025-03-18,IC1312,2024-12-01,202.9,d1 single consistent value
2025-03-18,IC1312,2025-01-01,190.3,"b first revision, printed"
2025-03-18,IC1312,2025-02-01,166.3,"a first publication, printed"
2025-04-15,IC1312,2025-01-01,192.3,d3 nearest consistent value
2025-04-15,IC1312,2025-02-01,167.1,"b first revision, printed"
2025-04-15,IC1312,2025-03-01,173.8,"a first publication, printed"
2025-05-16,IC1312,2025-02-01,167.9,d1 single consistent value
2025-05-16,IC1312,2025-03-01,173.1,"b first revision, printed"
2025-05-16,IC1312,2025-04-01,179.4,"a first publication, printed"
2025-06-17,IC1312,2025-03-01,173.1,d1 single consistent value
2025-06-17,IC1312,2025-04-01,177.6,"b first revision, printed"
2025-06-17,IC1312,2025-05-01,165.9,"a first publication, printed"
2025-07-17,IC1312,2025-04-01,177.6,d1 single consistent value
2025-07-17,IC1312,2025-05-01,166.2,"b first revision, printed"
2025-07-17,IC1312,2025-06-01,175.7,"a first publication, printed"
2025-08-15,IC1312,2025-05-01,166.2,d1 single consistent value
2025-08-15,IC1312,2025-06-01,173.6,"b first revision, printed"
2025-08-15,IC1312,2025-07-01,175.0,"a first publication, printed"
2025-09-16,IC1312,2025-06-01,173.7,d1 single consistent value
2025-09-16,IC1312,2025-07-01,176.9,"b first revision, printed"
2025-09-16,IC1312,2025-08-01,179.4,"a first publication, printed"
2025-12-03,IC1312,2025-07-01,165.3,d1 single consistent value
2025-12-03,IC1312,2025-08-01,165.9,"b first revision, printed"
2025-12-03,IC1312,2025-09-01,165.8,"a first publication, printed"
2026-01-15,IC1312,2025-09-01,166.7,d3 nearest consistent value
2026-01-15,IC1312,2025-11-01,175.3,"a first publication, printed"
2026-02-10,IC1312,,,f no table printed: nothing new on record
2026-03-05,IC1312,2025-11-01,182.5,d3 nearest consistent value
2026-03-05,IC1312,2025-12-01,190.0,"b first revision, printed"
2026-03-05,IC1312,2026-01-01,173.2,"a first publication, printed"
2026-03-25,IC1312,2025-12-01,190.0,"d2 carried, consistent"
2026-03-25,IC1312,2026-01-01,172.3,"b first revision, printed"
2026-03-25,IC1312,2026-02-01,171.2,"a first publication, printed"
2026-04-15,IC1312,2026-01-01,173.5,d1 single consistent value
2026-04-15,IC1312,2026-02-01,170.9,"b first revision, printed"
2026-04-15,IC1312,2026-03-01,160.8,"a first publication, printed"
2026-05-14,IC1312,2026-02-01,170.5,d1 single consistent value
2026-05-14,IC1312,2026-03-01,164.4,"b first revision, printed"
2026-05-14,IC1312,2026-04-01,179.5,"a first publication, printed"
2026-06-16,IC1312,2026-03-01,164.4,d1 single consistent value
2026-06-16,IC1312,2026-04-01,179.9,"b first revision, printed"
2026-06-16,IC1312,2026-05-01,218.1,"a first publication, printed"
2026-07-17,IC1312,2026-04-01,179.7,d1 single consistent value
2026-07-17,IC1312,2026-05-01,218.1,"b first revision, printed"
2026-07-17,IC1312,2026-06-01,213.4,"a first publication, printed"
2026-08-18,IC1312,2026-05-01,216.6,d1 single consistent value
2026-08-18,IC1312,2026-06-01,211.5,"b first revision, printed"
2026-08-18,IC1312,2026-07-01,199.3,"a first publication, printed"
2026-09-16,IC1312,2026-06-01,211.4,d3 nearest consistent value
2026-09-16,IC1312,2026-07-01,200.6,"b first revision, printed"
2026-09-16,IC1312,2026-08-01,206.1,"a first publication, printed"
2010-03-16,IS231,2009-12-01,114.6,c first release of the span: database value
2010-03-16,IS231,2010-01-01,114.8,"b first revision, printed"
2010-03-16,IS231,2010-02-01,116.0,"a first publication, printed"
2010-04-13,IS231,2010-01-01,114.9,d1 single consistent value
2010-04-13,IS231,2010-02-01,115.9,"b first revision, printed"
2010-04-13,IS231,2010-03-01,117.0,"a first publication, printed"
2010-05-13,IS231,2010-02-01,116.5,d1 single consistent value
2010-05-13,IS231,2010-03-01,117.8,"b first revision, printed"
2010-05-13,IS231,2010-04-01,118.1,"a first publication, printed"
2010-06-15,IS231,2010-03-01,118.1,d1 single consistent value
2010-06-15,IS231,2010-04-01,119.2,"b first revision, printed"
2010-06-15,IS231,2010-05-01,121.3,"a first publication, printed"
2010-07-14,IS231,2010-04-01,119.2,d1 single consistent value
2010-07-14,IS231,2010-05-01,121.3,"b first revision, printed"
2010-07-14,IS231,2010-06-01,122.5,"a first publication, printed"
2010-08-12,IS231,2010-05-01,120.9,d1 single consistent value
2010-08-12,IS231,2010-06-01,122.4,"b first revision, printed"
2010-08-12,IS231,2010-07-01,121.6,"a first publication, printed"
2010-09-15,IS231,2010-06-01,122.4,d1 single consistent value
2010-09-15,IS231,2010-07-01,121.6,"b first revision, printed"
2010-09-15,IS231,2010-08-01,121.7,"a first publication, printed"
2010-10-13,IS231,2010-07-01,121.6,d1 single consistent value
2010-10-13,IS231,2010-08-01,121.7,"b first revision, printed"
2010-10-13,IS231,2010-09-01,122.5,"a first publication, printed"
2010-11-10,IS231,2010-08-01,121.7,d1 single consistent value
2010-11-10,IS231,2010-09-01,122.8,"b first revision, printed"
2010-11-10,IS231,2010-10-01,124.3,"a first publication, printed"
2010-12-10,IS231,2010-09-01,122.8,d1 single consistent value
2010-12-10,IS231,2010-10-01,124.4,"b first revision, printed"
2010-12-10,IS231,2010-11-01,124.8,"a first publication, printed"
2011-01-12,IS231,2010-10-01,124.4,d1 single consistent value
2011-01-12,IS231,2010-11-01,124.7,"b first revision, printed"
2011-01-12,IS231,2010-12-01,125.9,"a first publication, printed"
2011-02-15,IS231,2010-11-01,124.7,"d2 carried, consistent"
2011-02-15,IS231,2010-12-01,126.4,"b first revision, printed"
2011-02-15,IS231,2011-01-01,129.8,"a first publication, printed"
2011-03-15,IS231,2010-12-01,126.2,d1 single consistent value
2011-03-15,IS231,2011-01-01,129.7,"b first revision, printed"
2011-03-15,IS231,2011-02-01,131.9,"a first publication, printed"
2011-04-12,IS231,2011-01-01,129.8,d1 single consistent value
2011-04-12,IS231,2011-02-01,132.1,"b first revision, printed"
2011-04-12,IS231,2011-03-01,135.7,"a first publication, printed"
2011-05-10,IS231,2011-02-01,132.2,d1 single consistent value
2011-05-10,IS231,2011-03-01,135.9,"b first revision, printed"
2011-05-10,IS231,2011-04-01,139.5,"a first publication, printed"
2011-06-10,IS231,2011-03-01,136.2,d1 single consistent value
2011-06-10,IS231,2011-04-01,139.5,"b first revision, printed"
2011-06-10,IS231,2011-05-01,143.1,"a first publication, printed"
2011-07-13,IS231,2011-04-01,139.6,d1 single consistent value
2011-07-13,IS231,2011-05-01,143.5,"b first revision, printed"
2011-07-13,IS231,2011-06-01,142.2,"a first publication, printed"
2011-08-16,IS231,2011-05-01,143.5,d1 single consistent value
2011-08-16,IS231,2011-06-01,142.3,"b first revision, printed"
2011-08-16,IS231,2011-07-01,142.2,"a first publication, printed"
2011-09-13,IS231,2011-06-01,142.3,"d2 carried, consistent"
2011-09-13,IS231,2011-07-01,141.8,"b first revision, printed"
2011-09-13,IS231,2011-08-01,141.4,"a first publication, printed"
2011-10-14,IS231,2011-07-01,141.7,d1 single consistent value
2011-10-14,IS231,2011-08-01,143.0,"b first revision, printed"
2011-10-14,IS231,2011-09-01,143.4,"a first publication, printed"
2011-11-10,IS231,2011-08-01,143.6,d1 single consistent value
2011-11-10,IS231,2011-09-01,143.9,"b first revision, printed"
2011-11-10,IS231,2011-10-01,143.5,"a first publication, printed"
2011-12-14,IS231,2011-09-01,143.9,d1 single consistent value
2011-12-14,IS231,2011-10-01,144.5,"b first revision, printed"
2011-12-14,IS231,2011-11-01,143.5,"a first publication, printed"
2012-01-13,IS231,2011-10-01,144.5,d1 single consistent value
2012-01-13,IS231,2011-11-01,143.5,"b first revision, printed"
2012-01-13,IS231,2011-12-01,144.4,"a first publication, printed"
2012-02-14,IS231,2011-11-01,143.6,d1 single consistent value
2012-02-14,IS231,2011-12-01,144.6,"b first revision, printed"
2012-02-14,IS231,2012-01-01,144.1,"a first publication, printed"
2012-03-14,IS231,2011-12-01,144.6,d1 single consistent value
2012-03-14,IS231,2012-01-01,144.1,"b first revision, printed"
2012-03-14,IS231,2012-02-01,144.6,"a first publication, printed"
2012-04-11,IS231,2012-01-01,144.1,"d2 carried, consistent"
2012-04-11,IS231,2012-02-01,144.6,"b first revision, printed"
2012-04-11,IS231,2012-03-01,146.4,"a first publication, printed"
2012-05-10,IS231,2012-02-01,144.7,d1 single consistent value
2012-05-10,IS231,2012-03-01,146.5,"b first revision, printed"
2012-05-10,IS231,2012-04-01,150.2,"a first publication, printed"
2012-06-12,IS231,2012-03-01,146.3,d1 single consistent value
2012-06-12,IS231,2012-04-01,149.9,"b first revision, printed"
2012-06-12,IS231,2012-05-01,150.2,"a first publication, printed"
2012-07-12,IS231,2012-04-01,149.9,d1 single consistent value
2012-07-12,IS231,2012-05-01,150.2,"b first revision, printed"
2012-07-12,IS231,2012-06-01,148.6,"a first publication, printed"
2012-08-10,IS231,2012-05-01,150.3,d1 single consistent value
2012-08-10,IS231,2012-06-01,149.0,"b first revision, printed"
2012-08-10,IS231,2012-07-01,145.0,"a first publication, printed"
2012-09-12,IS231,2012-06-01,149.0,d1 single consistent value
2012-09-12,IS231,2012-07-01,145.0,"b first revision, printed"
2012-09-12,IS231,2012-08-01,144.9,"a first publication, printed"
2012-10-11,IS231,2012-07-01,144.8,d1 single consistent value
2012-10-11,IS231,2012-08-01,144.8,"b first revision, printed"
2012-10-11,IS231,2012-09-01,147.0,"a first publication, printed"
2012-11-09,IS231,2012-08-01,144.8,d1 single consistent value
2012-11-09,IS231,2012-09-01,146.8,"b first revision, printed"
2012-11-09,IS231,2012-10-01,147.8,"a first publication, printed"
2012-12-12,IS231,2012-09-01,146.8,d1 single consistent value
2012-12-12,IS231,2012-10-01,147.5,"b first revision, printed"
2012-12-12,IS231,2012-11-01,149.2,"a first publication, printed"
2013-01-11,IS231,2012-10-01,147.3,d1 single consistent value
2013-01-11,IS231,2012-11-01,149.2,"b first revision, printed"
2013-01-11,IS231,2012-12-01,147.9,"a first publication, printed"
2013-02-13,IS231,2012-11-01,149.2,d1 single consistent value
2013-02-13,IS231,2012-12-01,148.0,"b first revision, printed"
2013-02-13,IS231,2013-01-01,148.1,"a first publication, printed"
2013-03-13,IS231,2012-12-01,148.0,d1 single consistent value
2013-03-13,IS231,2013-01-01,147.7,"b first revision, printed"
2013-03-13,IS231,2013-02-01,147.8,"a first publication, printed"
2013-04-11,IS231,2013-01-01,147.8,d1 single consistent value
2013-04-11,IS231,2013-02-01,147.9,"b first revision, printed"
2013-04-11,IS231,2013-03-01,148.8,"a first publication, printed"
2013-05-14,IS231,2013-02-01,147.9,d1 single consistent value
2013-05-14,IS231,2013-03-01,148.5,"b first revision, printed"
2013-05-14,IS231,2013-04-01,148.5,"a first publication, printed"
2013-06-13,IS231,2013-03-01,148.5,d1 single consistent value
2013-06-13,IS231,2013-04-01,148.7,"b first revision, printed"
2013-06-13,IS231,2013-05-01,147.4,"a first publication, printed"
2013-07-11,IS231,2013-04-01,148.6,d1 single consistent value
2013-07-11,IS231,2013-05-01,147.2,"b first revision, printed"
2013-07-11,IS231,2013-06-01,145.4,"a first publication, printed"
2013-08-13,IS231,2013-05-01,147.3,d1 single consistent value
2013-08-13,IS231,2013-06-01,145.4,"b first revision, printed"
2013-08-13,IS231,2013-07-01,145.0,"a first publication, printed"
2013-09-12,IS231,2013-06-01,145.4,d1 single consistent value
2013-09-12,IS231,2013-07-01,145.0,"b first revision, printed"
2013-09-12,IS231,2013-08-01,145.4,"a first publication, printed"
2013-10-23,IS231,2013-07-01,145.4,d1 single consistent value
2013-10-23,IS231,2013-08-01,145.6,"b first revision, printed"
2013-10-23,IS231,2013-09-01,145.8,"a first publication, printed"
2013-11-15,IS231,2013-08-01,145.6,d1 single consistent value
2013-11-15,IS231,2013-09-01,145.8,"b first revision, printed"
2013-11-15,IS231,2013-10-01,146.2,"a first publication, printed"
2013-12-12,IS231,2013-09-01,145.8,"d2 carried, consistent"
2013-12-12,IS231,2013-10-01,146.2,"b first revision, printed"
2013-12-12,IS231,2013-11-01,146.8,"a first publication, printed"
2014-01-14,IS231,2013-10-01,146.2,d1 single consistent value
2014-01-14,IS231,2013-11-01,146.8,"b first revision, printed"
2014-01-14,IS231,2013-12-01,146.9,"a first publication, printed"
2014-02-14,IS231,2013-11-01,146.8,d1 single consistent value
2014-02-14,IS231,2013-12-01,146.9,"b first revision, printed"
2014-02-14,IS231,2014-01-01,147.8,"a first publication, printed"
2014-03-13,IS231,2013-12-01,146.7,d1 single consistent value
2014-03-13,IS231,2014-01-01,147.6,"b first revision, printed"
2014-03-13,IS231,2014-02-01,147.6,"a first publication, printed"
2014-04-10,IS231,2014-01-01,147.6,d1 single consistent value
2014-04-10,IS231,2014-02-01,147.6,"b first revision, printed"
2014-04-10,IS231,2014-03-01,148.2,"a first publication, printed"
2014-05-13,IS231,2014-02-01,148.0,d1 single consistent value
2014-05-13,IS231,2014-03-01,148.6,"b first revision, printed"
2014-05-13,IS231,2014-04-01,148.3,"a first publication, printed"
2014-06-12,IS231,2014-03-01,148.6,d1 single consistent value
2014-06-12,IS231,2014-04-01,148.3,"b first revision, printed"
2014-06-12,IS231,2014-05-01,153.1,"a first publication, printed"
2014-07-15,IS231,2014-04-01,148.3,d1 single consistent value
2014-07-15,IS231,2014-05-01,153.0,"b first revision, printed"
2014-07-15,IS231,2014-06-01,153.2,"a first publication, printed"
2014-08-14,IS231,2014-05-01,153.0,"d2 carried, consistent"
2014-08-14,IS231,2014-06-01,153.2,"b first revision, printed"
2014-08-14,IS231,2014-07-01,153.2,"a first publication, printed"
2014-09-12,IS231,2014-06-01,153.2,d1 single consistent value
2014-09-12,IS231,2014-07-01,153.2,"b first revision, printed"
2014-09-12,IS231,2014-08-01,153.2,"a first publication, printed"
2014-10-10,IS231,2014-07-01,153.1,d1 single consistent value
2014-10-10,IS231,2014-08-01,153.1,"b first revision, printed"
2014-10-10,IS231,2014-09-01,153.1,"a first publication, printed"
2014-11-14,IS231,2014-08-01,153.1,d1 single consistent value
2014-11-14,IS231,2014-09-01,153.0,"b first revision, printed"
2014-11-14,IS231,2014-10-01,152.9,"a first publication, printed"
2014-12-11,IS231,2014-09-01,153.0,d1 single consistent value
2014-12-11,IS231,2014-10-01,152.9,"b first revision, printed"
2014-12-11,IS231,2014-11-01,152.7,"a first publication, printed"
2015-01-14,IS231,2014-10-01,153.0,d1 single consistent value
2015-01-14,IS231,2014-11-01,152.7,"b first revision, printed"
2015-01-14,IS231,2014-12-01,152.2,"a first publication, printed"
2015-02-13,IS231,2014-11-01,152.7,d1 single consistent value
2015-02-13,IS231,2014-12-01,152.2,"b first revision, printed"
2015-02-13,IS231,2015-01-01,151.2,"a first publication, printed"
2015-03-12,IS231,2014-12-01,152.3,d1 single consistent value
2015-03-12,IS231,2015-01-01,151.4,"b first revision, printed"
2015-03-12,IS231,2015-02-01,150.8,"a first publication, printed"
2015-04-10,IS231,2015-01-01,151.3,d1 single consistent value
2015-04-10,IS231,2015-02-01,150.6,"b first revision, printed"
2015-04-10,IS231,2015-03-01,149.5,"a first publication, printed"
2015-05-13,IS231,2015-02-01,150.4,d1 single consistent value
2015-05-13,IS231,2015-03-01,149.4,"b first revision, printed"
2015-05-13,IS231,2015-04-01,144.9,"a first publication, printed"
2015-06-11,IS231,2015-03-01,149.0,d1 single consistent value
2015-06-11,IS231,2015-04-01,144.4,"b first revision, printed"
2015-06-11,IS231,2015-05-01,147.5,"a first publication, printed"
2015-07-14,IS231,2015-04-01,145.7,d1 single consistent value
2015-07-14,IS231,2015-05-01,148.6,"b first revision, printed"
2015-07-14,IS231,2015-06-01,148.2,"a first publication, printed"
2015-08-13,IS231,2015-05-01,148.6,d1 single consistent value
2015-08-13,IS231,2015-06-01,148.2,"b first revision, printed"
2015-08-13,IS231,2015-07-01,150.3,"a first publication, printed"
2015-09-10,IS231,2015-06-01,148.7,d3 nearest consistent value
2015-09-10,IS231,2015-07-01,150.9,"b first revision, printed"
2015-09-10,IS231,2015-08-01,149.1,"a first publication, printed"
2015-10-09,IS231,2015-07-01,150.9,d1 single consistent value
2015-10-09,IS231,2015-08-01,149.4,"b first revision, printed"
2015-10-09,IS231,2015-09-01,148.7,"a first publication, printed"
2015-11-10,IS231,2015-08-01,149.3,d1 single consistent value
2015-11-10,IS231,2015-09-01,148.6,"b first revision, printed"
2015-11-10,IS231,2015-10-01,145.3,"a first publication, printed"
2015-12-10,IS231,2015-09-01,148.4,d1 single consistent value
2015-12-10,IS231,2015-10-01,145.0,"b first revision, printed"
2015-12-10,IS231,2015-11-01,145.0,"a first publication, printed"
2016-01-14,IS231,2015-10-01,145.0,d1 single consistent value
2016-01-14,IS231,2015-11-01,145.1,"b first revision, printed"
2016-01-14,IS231,2015-12-01,144.6,"a first publication, printed"
2016-02-12,IS231,2015-11-01,144.7,d1 single consistent value
2016-02-12,IS231,2015-12-01,144.3,"b first revision, printed"
2016-02-12,IS231,2016-01-01,144.0,"a first publication, printed"
2016-03-11,IS231,2015-12-01,144.3,d1 single consistent value
2016-03-11,IS231,2016-01-01,144.0,"b first revision, printed"
2016-03-11,IS231,2016-02-01,144.2,"a first publication, printed"
2016-04-12,IS231,2016-01-01,144.0,d1 single consistent value
2016-04-12,IS231,2016-02-01,144.2,"b first revision, printed"
2016-04-12,IS231,2016-03-01,138.9,"a first publication, printed"
2016-05-12,IS231,2016-02-01,146.0,d1 single consistent value
2016-05-12,IS231,2016-03-01,140.3,"b first revision, printed"
2016-05-12,IS231,2016-04-01,139.7,"a first publication, printed"
2016-06-14,IS231,2016-03-01,140.3,d1 single consistent value
2016-06-14,IS231,2016-04-01,137.5,"b first revision, printed"
2016-06-14,IS231,2016-05-01,137.6,"a first publication, printed"
2016-07-13,IS231,2016-04-01,138.2,d1 single consistent value
2016-07-13,IS231,2016-05-01,138.4,"b first revision, printed"
2016-07-13,IS231,2016-06-01,138.1,"a first publication, printed"
2016-08-11,IS231,2016-05-01,138.4,d1 single consistent value
2016-08-11,IS231,2016-06-01,138.0,"b first revision, printed"
2016-08-11,IS231,2016-07-01,136.9,"a first publication, printed"
2016-09-14,IS231,2016-06-01,138.0,d1 single consistent value
2016-09-14,IS231,2016-07-01,137.2,"b first revision, printed"
2016-09-14,IS231,2016-08-01,135.2,"a first publication, printed"
2016-10-13,IS231,2016-07-01,137.2,d1 single consistent value
2016-10-13,IS231,2016-08-01,136.8,"b first revision, printed"
2016-10-13,IS231,2016-09-01,136.9,"a first publication, printed"
2016-11-15,IS231,2016-08-01,136.8,d1 single consistent value
2016-11-15,IS231,2016-09-01,136.9,"b first revision, printed"
2016-11-15,IS231,2016-10-01,135.6,"a first publication, printed"
2016-12-13,IS231,2016-09-01,136.9,"d2 carried, consistent"
2016-12-13,IS231,2016-10-01,137.1,"b first revision, printed"
2016-12-13,IS231,2016-11-01,136.4,"a first publication, printed"
2017-01-12,IS231,2016-10-01,137.1,d1 single consistent value
2017-01-12,IS231,2016-11-01,136.4,"b first revision, printed"
2017-01-12,IS231,2016-12-01,136.5,"a first publication, printed"
2017-02-10,IS231,2016-11-01,136.4,d1 single consistent value
2017-02-10,IS231,2016-12-01,136.5,"b first revision, printed"
2017-02-10,IS231,2017-01-01,138.9,"a first publication, printed"
2017-03-09,IS231,2016-12-01,136.5,"d2 carried, consistent"
2017-03-09,IS231,2017-01-01,140.1,"b first revision, printed"
2017-03-09,IS231,2017-02-01,139.3,"a first publication, printed"
2017-04-12,IS231,2017-01-01,139.8,d1 single consistent value
2017-04-12,IS231,2017-02-01,138.9,"b first revision, printed"
2017-04-12,IS231,2017-03-01,139.4,"a first publication, printed"
2017-05-10,IS231,2017-02-01,138.9,d1 single consistent value
2017-05-10,IS231,2017-03-01,139.4,"b first revision, printed"
2017-05-10,IS231,2017-04-01,136.2,"a first publication, printed"
2017-06-15,IS231,2017-03-01,139.4,d1 single consistent value
2017-06-15,IS231,2017-04-01,137.0,"b first revision, printed"
2017-06-15,IS231,2017-05-01,140.2,"a first publication, printed"
2017-07-18,IS231,2017-04-01,137.1,d1 single consistent value
2017-07-18,IS231,2017-05-01,139.5,"b first revision, printed"
2017-07-18,IS231,2017-06-01,138.7,"a first publication, printed"
2017-08-15,IS231,2017-05-01,139.5,d1 single consistent value
2017-08-15,IS231,2017-06-01,141.0,"b first revision, printed"
2017-08-15,IS231,2017-07-01,143.1,"a first publication, printed"
2017-09-19,IS231,2017-06-01,141.0,d1 single consistent value
2017-09-19,IS231,2017-07-01,143.1,"b first revision, printed"
2017-09-19,IS231,2017-08-01,141.0,"a first publication, printed"
2017-10-17,IS231,2017-07-01,143.1,d1 single consistent value
2017-10-17,IS231,2017-08-01,141.0,"b first revision, printed"
2017-10-17,IS231,2017-09-01,138.7,"a first publication, printed"
2017-11-16,IS231,2017-08-01,141.0,d1 single consistent value
2017-11-16,IS231,2017-09-01,139.0,"b first revision, printed"
2017-11-16,IS231,2017-10-01,140.4,"a first publication, printed"
2017-12-14,IS231,2017-09-01,139.0,d1 single consistent value
2017-12-14,IS231,2017-10-01,140.4,"b first revision, printed"
2017-12-14,IS231,2017-11-01,142.4,"a first publication, printed"
2018-01-10,IS231,2017-10-01,140.4,d1 single consistent value
2018-01-10,IS231,2017-11-01,142.4,"b first revision, printed"
2018-01-10,IS231,2017-12-01,141.1,"a first publication, printed"
2018-02-16,IS231,2017-11-01,142.4,d1 single consistent value
2018-02-16,IS231,2017-12-01,141.1,"b first revision, printed"
2018-02-16,IS231,2018-01-01,140.8,"a first publication, printed"
2018-03-15,IS231,2017-12-01,141.1,d1 single consistent value
2018-03-15,IS231,2018-01-01,140.8,"b first revision, printed"
2018-03-15,IS231,2018-02-01,137.5,"a first publication, printed"
2018-04-12,IS231,2018-01-01,140.6,d1 single consistent value
2018-04-12,IS231,2018-02-01,137.6,"b first revision, printed"
2018-04-12,IS231,2018-03-01,142.2,"a first publication, printed"
2018-05-11,IS231,2018-02-01,137.6,"d2 carried, consistent"
2018-05-11,IS231,2018-03-01,142.2,"b first revision, printed"
2018-05-11,IS231,2018-04-01,142.3,"a first publication, printed"
2018-06-14,IS231,2018-03-01,142.3,d1 single consistent value
2018-06-14,IS231,2018-04-01,142.2,"b first revision, printed"
2018-06-14,IS231,2018-05-01,140.2,"a first publication, printed"
2018-07-13,IS231,2018-04-01,142.2,d1 single consistent value
2018-07-13,IS231,2018-05-01,140.2,"b first revision, printed"
2018-07-13,IS231,2018-06-01,139.6,"a first publication, printed"
2018-08-14,IS231,2018-05-01,140.2,d1 single consistent value
2018-08-14,IS231,2018-06-01,139.6,"b first revision, printed"
2018-08-14,IS231,2018-07-01,144.3,"a first publication, printed"
2018-09-14,IS231,2018-06-01,139.6,d1 single consistent value
2018-09-14,IS231,2018-07-01,144.3,"b first revision, printed"
2018-09-14,IS231,2018-08-01,148.7,"a first publication, printed"
2018-10-12,IS231,2018-07-01,144.3,"d2 carried, consistent"
2018-10-12,IS231,2018-08-01,148.7,"b first revision, printed"
2018-10-12,IS231,2018-09-01,144.8,"a first publication, printed"
2018-11-15,IS231,2018-08-01,149.3,d1 single consistent value
2018-11-15,IS231,2018-09-01,145.1,"b first revision, printed"
2018-11-15,IS231,2018-10-01,144.3,"a first publication, printed"
2018-12-13,IS231,2018-09-01,145.1,d1 single consistent value
2018-12-13,IS231,2018-10-01,144.3,"b first revision, printed"
2018-12-13,IS231,2018-11-01,146.4,"a first publication, printed"
2019-01-16,IS231,2018-10-01,144.3,"d2 carried, consistent"
2019-01-16,IS231,2018-11-01,146.4,"b first revision, printed"
2019-01-16,IS231,2018-12-01,145.8,"a first publication, printed"
2019-02-15,IS231,2018-11-01,146.4,"d2 carried, consistent"
2019-02-15,IS231,2018-12-01,146.0,"b first revision, printed"
2019-02-15,IS231,2019-01-01,142.9,"a first publication, printed"
2019-03-14,IS231,2018-12-01,146.0,"d2 carried, consistent"
2019-03-14,IS231,2019-01-01,144.2,"b first revision, printed"
2019-03-14,IS231,2019-02-01,144.5,"a first publication, printed"
2019-04-12,IS231,2019-01-01,144.2,d1 single consistent value
2019-04-12,IS231,2019-02-01,144.5,"b first revision, printed"
2019-04-12,IS231,2019-03-01,144.8,"a first publication, printed"
2019-05-14,IS231,2019-02-01,144.5,d1 single consistent value
2019-05-14,IS231,2019-03-01,144.8,"b first revision, printed"
2019-05-14,IS231,2019-04-01,143.3,"a first publication, printed"
2019-06-13,IS231,2019-03-01,145.2,d1 single consistent value
2019-06-13,IS231,2019-04-01,144.3,"b first revision, printed"
2019-06-13,IS231,2019-05-01,144.8,"a first publication, printed"
2019-07-16,IS231,2019-04-01,144.3,"d2 carried, consistent"
2019-07-16,IS231,2019-05-01,144.8,"b first revision, printed"
2019-07-16,IS231,2019-06-01,144.8,"a first publication, printed"
2019-08-14,IS231,2019-05-01,144.8,d1 single consistent value
2019-08-14,IS231,2019-06-01,144.8,"b first revision, printed"
2019-08-14,IS231,2019-07-01,148.5,"a first publication, printed"
2019-09-13,IS231,2019-06-01,144.8,d1 single consistent value
2019-09-13,IS231,2019-07-01,148.5,"b first revision, printed"
2019-09-13,IS231,2019-08-01,146.4,"a first publication, printed"
2019-10-11,IS231,2019-07-01,148.6,d1 single consistent value
2019-10-11,IS231,2019-08-01,146.4,"b first revision, printed"
2019-10-11,IS231,2019-09-01,141.8,"a first publication, printed"
2019-11-15,IS231,2019-08-01,146.4,"d2 carried, consistent"
2019-11-15,IS231,2019-09-01,141.8,"b first revision, printed"
2019-11-15,IS231,2019-10-01,143.3,"a first publication, printed"
2019-12-13,IS231,2019-09-01,141.8,d1 single consistent value
2019-12-13,IS231,2019-10-01,143.3,"b first revision, printed"
2019-12-13,IS231,2019-11-01,146.4,"a first publication, printed"
2020-01-16,IS231,2019-10-01,143.2,d1 single consistent value
2020-01-16,IS231,2019-11-01,146.3,"b first revision, printed"
2020-01-16,IS231,2019-12-01,147.6,"a first publication, printed"
2020-02-14,IS231,2019-11-01,146.3,d1 single consistent value
2020-02-14,IS231,2019-12-01,147.6,"b first revision, printed"
2020-02-14,IS231,2020-01-01,149.9,"a first publication, printed"
2020-03-13,IS231,2019-12-01,147.6,d1 single consistent value
2020-03-13,IS231,2020-01-01,149.9,"b first revision, printed"
2020-03-13,IS231,2020-02-01,190.6,"a first publication, printed"
2020-04-14,IS231,2020-01-01,149.9,d1 single consistent value
2020-04-14,IS231,2020-02-01,190.6,"b first revision, printed"
2020-04-14,IS231,2020-03-01,153.2,"a first publication, printed"
2020-05-14,IS231,2020-02-01,190.6,d1 single consistent value
2020-05-14,IS231,2020-03-01,153.2,"b first revision, printed"
2020-05-14,IS231,2020-04-01,157.2,"a first publication, printed"
2020-06-12,IS231,2020-03-01,153.7,d1 single consistent value
2020-06-12,IS231,2020-04-01,157.4,"b first revision, printed"
2020-06-12,IS231,2020-05-01,158.4,"a first publication, printed"
2020-07-15,IS231,2020-04-01,157.4,d1 single consistent value
2020-07-15,IS231,2020-05-01,158.4,"b first revision, printed"
2020-07-15,IS231,2020-06-01,153.0,"a first publication, printed"
2020-08-13,IS231,2020-05-01,158.4,"d2 carried, consistent"
2020-08-13,IS231,2020-06-01,149.8,"b first revision, printed"
2020-08-13,IS231,2020-07-01,150.6,"a first publication, printed"
2020-09-15,IS231,2020-06-01,149.8,"d2 carried, consistent"
2020-09-15,IS231,2020-07-01,150.6,"b first revision, printed"
2020-09-15,IS231,2020-08-01,150.4,"a first publication, printed"
2020-10-15,IS231,2020-07-01,150.6,"d2 carried, consistent"
2020-10-15,IS231,2020-08-01,150.4,"b first revision, printed"
2020-10-15,IS231,2020-09-01,149.8,"a first publication, printed"
2020-11-17,IS231,2020-08-01,150.4,"d2 carried, consistent"
2020-11-17,IS231,2020-09-01,145.8,"b first revision, printed"
2020-11-17,IS231,2020-10-01,138.9,"a first publication, printed"
2020-12-15,IS231,2020-09-01,144.0,d1 single consistent value
2020-12-15,IS231,2020-10-01,137.4,"b first revision, printed"
2020-12-15,IS231,2020-11-01,144.2,"a first publication, printed"
2021-01-14,IS231,2020-10-01,137.4,d1 single consistent value
2021-01-14,IS231,2020-11-01,144.1,"b first revision, printed"
2021-01-14,IS231,2020-12-01,154.6,"a first publication, printed"
2021-02-18,IS231,2020-11-01,144.1,d1 single consistent value
2021-02-18,IS231,2020-12-01,151.4,"b first revision, printed"
2021-02-18,IS231,2021-01-01,151.2,"a first publication, printed"
2021-03-16,IS231,2020-12-01,151.4,d1 single consistent value
2021-03-16,IS231,2021-01-01,151.2,"b first revision, printed"
2021-03-16,IS231,2021-02-01,148.0,"a first publication, printed"
2021-04-14,IS231,2021-01-01,151.2,d1 single consistent value
2021-04-14,IS231,2021-02-01,162.7,"b first revision, printed"
2021-04-14,IS231,2021-03-01,164.0,"a first publication, printed"
2021-05-14,IS231,2021-02-01,162.7,d1 single consistent value
2021-05-14,IS231,2021-03-01,163.6,"b first revision, printed"
2021-05-14,IS231,2021-04-01,161.1,"a first publication, printed"
2021-06-16,IS231,2021-03-01,164.0,d1 single consistent value
2021-06-16,IS231,2021-04-01,162.2,"b first revision, printed"
2021-06-16,IS231,2021-05-01,149.2,"a first publication, printed"
2021-07-15,IS231,2021-04-01,162.2,d1 single consistent value
2021-07-15,IS231,2021-05-01,149.2,"b first revision, printed"
2021-07-15,IS231,2021-06-01,141.9,"a first publication, printed"
2021-08-13,IS231,2021-05-01,149.2,d1 single consistent value
2021-08-13,IS231,2021-06-01,141.9,"b first revision, printed"
2021-08-13,IS231,2021-07-01,147.5,"a first publication, printed"
2021-09-15,IS231,2021-06-01,141.9,d1 single consistent value
2021-09-15,IS231,2021-07-01,147.5,"b first revision, printed"
2021-09-15,IS231,2021-08-01,153.9,"a first publication, printed"
2021-10-15,IS231,2021-07-01,147.5,d1 single consistent value
2021-10-15,IS231,2021-08-01,153.9,"b first revision, printed"
2021-10-15,IS231,2021-09-01,150.2,"a first publication, printed"
2021-11-16,IS231,2021-08-01,153.9,d1 single consistent value
2021-11-16,IS231,2021-09-01,150.2,"b first revision, printed"
2021-11-16,IS231,2021-10-01,152.2,"a first publication, printed"
2021-12-15,IS231,2021-09-01,150.2,d1 single consistent value
2021-12-15,IS231,2021-10-01,152.8,"b first revision, printed"
2021-12-15,IS231,2021-11-01,249.3,"a first publication, printed"
2022-01-14,IS231,2021-10-01,152.3,d1 single consistent value
2022-01-14,IS231,2021-11-01,248.7,"b first revision, printed"
2022-01-14,IS231,2021-12-01,252.1,"a first publication, printed"
2022-02-16,IS231,2021-11-01,200.4,d1 single consistent value
2022-02-16,IS231,2021-12-01,211.6,"b first revision, printed"
2022-02-16,IS231,2022-01-01,226.2,"a first publication, printed"
2022-03-16,IS231,2021-12-01,211.6,d1 single consistent value
2022-03-16,IS231,2022-01-01,223.0,"b first revision, printed"
2022-03-16,IS231,2022-02-01,197.0,"a first publication, printed"
2022-04-14,IS231,2022-01-01,223.0,d1 single consistent value
2022-04-14,IS231,2022-02-01,205.1,"b first revision, printed"
2022-04-14,IS231,2022-03-01,208.4,"a first publication, printed"
2022-05-13,IS231,2022-02-01,205.1,"d2 carried, consistent"
2022-05-13,IS231,2022-03-01,211.7,"b first revision, printed"
2022-05-13,IS231,2022-04-01,221.2,"a first publication, printed"
2022-06-15,IS231,2022-03-01,211.7,"d2 carried, consistent"
2022-06-15,IS231,2022-04-01,222.7,"b first revision, printed"
2022-06-15,IS231,2022-05-01,218.7,"a first publication, printed"
2022-07-15,IS231,2022-04-01,222.7,"d2 carried, consistent"
2022-07-15,IS231,2022-05-01,219.8,"b first revision, printed"
2022-07-15,IS231,2022-06-01,225.4,"a first publication, printed"
2022-08-12,IS231,2022-05-01,219.8,"d2 carried, consistent"
2022-08-12,IS231,2022-06-01,227.9,"b first revision, printed"
2022-08-12,IS231,2022-07-01,214.3,"a first publication, printed"
2022-09-15,IS231,2022-06-01,227.9,"d2 carried, consistent"
2022-09-15,IS231,2022-07-01,217.3,"b first revision, printed"
2022-09-15,IS231,2022-08-01,221.3,"a first publication, printed"
2022-10-14,IS231,2022-07-01,217.3,d1 single consistent value
2022-10-14,IS231,2022-08-01,217.1,"b first revision, printed"
2022-10-14,IS231,2022-09-01,209.1,"a first publication, printed"
2022-11-16,IS231,2022-08-01,217.1,d1 single consistent value
2022-11-16,IS231,2022-09-01,230.8,"b first revision, printed"
2022-11-16,IS231,2022-10-01,226.0,"a first publication, printed"
2022-12-14,IS231,2022-09-01,230.8,d1 single consistent value
2022-12-14,IS231,2022-10-01,228.1,"b first revision, printed"
2022-12-14,IS231,2022-11-01,223.2,"a first publication, printed"
2023-01-13,IS231,2022-10-01,228.1,"d2 carried, consistent"
2023-01-13,IS231,2022-11-01,195.2,"b first revision, printed"
2023-01-13,IS231,2022-12-01,200.9,"a first publication, printed"
2023-02-17,IS231,2022-11-01,195.2,d1 single consistent value
2023-02-17,IS231,2022-12-01,203.5,"b first revision, printed"
2023-02-17,IS231,2023-01-01,193.9,"a first publication, printed"
2023-03-16,IS231,2022-12-01,203.5,"d2 carried, consistent"
2023-03-16,IS231,2023-01-01,193.8,"b first revision, printed"
2023-03-16,IS231,2023-02-01,214.6,"a first publication, printed"
2023-04-14,IS231,2023-01-01,193.8,d1 single consistent value
2023-04-14,IS231,2023-02-01,212.6,"b first revision, printed"
2023-04-14,IS231,2023-03-01,205.2,"a first publication, printed"
2023-05-12,IS231,2023-02-01,212.6,d1 single consistent value
2023-05-12,IS231,2023-03-01,202.3,"b first revision, printed"
2023-05-12,IS231,2023-04-01,188.4,"a first publication, printed"
2023-06-15,IS231,2023-03-01,195.9,d1 single consistent value
2023-06-15,IS231,2023-04-01,184.5,"b first revision, printed"
2023-06-15,IS231,2023-05-01,176.4,"a first publication, printed"
2023-07-14,IS231,2023-04-01,184.1,d1 single consistent value
2023-07-14,IS231,2023-05-01,175.0,"b first revision, printed"
2023-07-14,IS231,2023-06-01,176.8,"a first publication, printed"
2023-08-15,IS231,2023-05-01,175.0,"d2 carried, consistent"
2023-08-15,IS231,2023-06-01,178.7,"b first revision, printed"
2023-08-15,IS231,2023-07-01,167.1,"a first publication, printed"
2023-09-15,IS231,2023-06-01,180.2,d1 single consistent value
2023-09-15,IS231,2023-07-01,168.6,"b first revision, printed"
2023-09-15,IS231,2023-08-01,173.3,"a first publication, printed"
2023-10-13,IS231,2023-07-01,167.2,d1 single consistent value
2023-10-13,IS231,2023-08-01,168.6,"b first revision, printed"
2023-10-13,IS231,2023-09-01,176.1,"a first publication, printed"
2023-11-16,IS231,2023-08-01,167.0,d1 single consistent value
2023-11-16,IS231,2023-09-01,180.3,"b first revision, printed"
2023-11-16,IS231,2023-10-01,185.5,"a first publication, printed"
2023-12-14,IS231,2023-09-01,180.3,"d2 carried, consistent"
2023-12-14,IS231,2023-10-01,182.7,"b first revision, printed"
2023-12-14,IS231,2023-11-01,171.6,"a first publication, printed"
2024-01-17,IS231,2023-10-01,181.1,d3 nearest consistent value
2024-01-17,IS231,2023-11-01,169.5,"b first revision, printed"
2024-01-17,IS231,2023-12-01,169.8,"a first publication, printed"
2024-02-15,IS231,2023-11-01,177.1,d3 nearest consistent value
2024-02-15,IS231,2023-12-01,174.1,"b first revision, printed"
2024-02-15,IS231,2024-01-01,174.6,"a first publication, printed"
2024-03-15,IS231,2023-12-01,175.2,d1 single consistent value
2024-03-15,IS231,2024-01-01,178.3,"b first revision, printed"
2024-03-15,IS231,2024-02-01,181.4,"a first publication, printed"
2024-04-12,IS231,2024-01-01,178.3,d1 single consistent value
2024-04-12,IS231,2024-02-01,180.4,"b first revision, printed"
2024-04-12,IS231,2024-03-01,178.6,"a first publication, printed"
2024-05-16,IS231,2024-02-01,170.9,d1 single consistent value
2024-05-16,IS231,2024-03-01,168.2,"b first revision, printed"
2024-05-16,IS231,2024-04-01,168.0,"a first publication, printed"
2024-06-14,IS231,2024-03-01,168.2,d1 single consistent value
2024-06-14,IS231,2024-04-01,166.7,"b first revision, printed"
2024-06-14,IS231,2024-05-01,167.2,"a first publication, printed"
2024-07-16,IS231,2024-04-01,166.7,d1 single consistent value
2024-07-16,IS231,2024-05-01,165.5,"b first revision, printed"
2024-07-16,IS231,2024-06-01,167.6,"a first publication, printed"
2024-08-15,IS231,2024-05-01,165.5,d1 single consistent value
2024-08-15,IS231,2024-06-01,167.9,"b first revision, printed"
2024-08-15,IS231,2024-07-01,169.6,"a first publication, printed"
2024-09-13,IS231,2024-06-01,167.8,d1 single consistent value
2024-09-13,IS231,2024-07-01,167.8,"b first revision, printed"
2024-09-13,IS231,2024-08-01,164.5,"a first publication, printed"
2024-10-16,IS231,2024-07-01,169.7,d1 single consistent value
2024-10-16,IS231,2024-08-01,170.1,"b first revision, printed"
2024-10-16,IS231,2024-09-01,167.3,"a first publication, printed"
2024-11-15,IS231,2024-08-01,170.1,d1 single consistent value
2024-11-15,IS231,2024-09-01,166.1,"b first revision, printed"
2024-11-15,IS231,2024-10-01,168.2,"a first publication, printed"
2024-12-13,IS231,2024-09-01,167.0,d3 nearest consistent value
2024-12-13,IS231,2024-10-01,168.7,"b first revision, printed"
2024-12-13,IS231,2024-11-01,169.6,"a first publication, printed"
2025-01-16,IS231,2024-10-01,169.1,d3 nearest consistent value
2025-01-16,IS231,2024-11-01,172.8,"b first revision, printed"
2025-01-16,IS231,2024-12-01,165.1,"a first publication, printed"
2025-02-14,IS231,2024-11-01,172.8,d1 single consistent value
2025-02-14,IS231,2024-12-01,163.8,"b first revision, printed"
2025-02-14,IS231,2025-01-01,172.5,"a first publication, printed"
2025-03-18,IS231,2024-12-01,163.8,"d2 carried, consistent"
2025-03-18,IS231,2025-01-01,174.2,"b first revision, printed"
2025-03-18,IS231,2025-02-01,172.1,"a first publication, printed"
2025-04-15,IS231,2025-01-01,170.4,d3 nearest consistent value
2025-04-15,IS231,2025-02-01,167.9,"b first revision, printed"
2025-04-15,IS231,2025-03-01,167.6,"a first publication, printed"
2025-05-16,IS231,2025-02-01,168.4,d1 single consistent value
2025-05-16,IS231,2025-03-01,168.5,"b first revision, printed"
2025-05-16,IS231,2025-04-01,168.1,"a first publication, printed"
2025-06-17,IS231,2025-03-01,168.5,"d2 carried, consistent"
2025-06-17,IS231,2025-04-01,167.0,"b first revision, printed"
2025-06-17,IS231,2025-05-01,167.7,"a first publication, printed"
2025-07-17,IS231,2025-04-01,167.3,d1 single consistent value
2025-07-17,IS231,2025-05-01,163.4,"b first revision, printed"
2025-07-17,IS231,2025-06-01,165.8,"a first publication, printed"
2025-08-15,IS231,2025-05-01,163.4,d1 single consistent value
2025-08-15,IS231,2025-06-01,166.3,"b first revision, printed"
2025-08-15,IS231,2025-07-01,168.8,"a first publication, printed"
2025-09-16,IS231,2025-06-01,166.3,d1 single consistent value
2025-09-16,IS231,2025-07-01,169.4,"b first revision, printed"
2025-09-16,IS231,2025-08-01,165.2,"a first publication, printed"
2025-12-03,IS231,2025-07-01,159.4,d1 single consistent value
2025-12-03,IS231,2025-08-01,159.4,"b first revision, printed"
2025-12-03,IS231,2025-09-01,156.8,"a first publication, printed"
2026-01-15,IS231,2025-09-01,158.3,d1 single consistent value
2026-01-15,IS231,2025-11-01,159.7,"a first publication, printed"
2026-02-10,IS231,,,f no table printed: nothing new on record
2026-03-05,IS231,2025-11-01,154.8,d3 nearest consistent value
2026-03-05,IS231,2025-12-01,155.6,"b first revision, printed"
2026-03-05,IS231,2026-01-01,158.9,"a first publication, printed"
2026-03-25,IS231,2025-12-01,155.6,d1 single consistent value
2026-03-25,IS231,2026-01-01,157.5,"b first revision, printed"
2026-03-25,IS231,2026-02-01,159.9,"a first publication, printed"
2026-04-15,IS231,2026-01-01,159.0,d1 single consistent value
2026-04-15,IS231,2026-02-01,159.8,"b first revision, printed"
2026-04-15,IS231,2026-03-01,158.2,"a first publication, printed"
2026-05-14,IS231,2026-02-01,159.9,d3 nearest consistent value
2026-05-14,IS231,2026-03-01,158.0,"b first revision, printed"
2026-05-14,IS231,2026-04-01,178.6,"a first publication, printed"
2026-06-16,IS231,2026-03-01,158.0,d1 single consistent value
2026-06-16,IS231,2026-04-01,179.9,"b first revision, printed"
2026-06-16,IS231,2026-05-01,186.2,"a first publication, printed"
2026-07-17,IS231,2026-04-01,177.5,d1 single consistent value
2026-07-17,IS231,2026-05-01,184.5,"b first revision, printed"
2026-07-17,IS231,2026-06-01,178.2,"a first publication, printed"
2026-08-18,IS231,2026-05-01,190.3,d3 nearest consistent value
2026-08-18,IS231,2026-06-01,185.4,"b first revision, printed"
2026-08-18,IS231,2026-07-01,187.5,"a first publication, printed"
2026-09-16,IS231,2026-06-01,185.4,"d2 carried, consistent"
2026-09-16,IS231,2026-07-01,189.8,"b first revision, printed"
2026-09-16,IS231,2026-08-01,191.4,"a first publication, printed"
2010-03-16,IS2311,2009-12-01,131.8,c first release of the span: database value
2010-03-16,IS2311,2010-01-01,132.2,"b first revision, printed"
2010-03-16,IS2311,2010-02-01,133.0,"a first publication, printed"
2010-04-13,IS2311,2010-01-01,132.2,d1 single consistent value
2010-04-13,IS2311,2010-02-01,133.0,"b first revision, printed"
2010-04-13,IS2311,2010-03-01,133.7,"a first publication, printed"
2010-05-13,IS2311,2010-02-01,134.8,d1 single consistent value
2010-05-13,IS2311,2010-03-01,135.5,"b first revision, printed"
2010-05-13,IS2311,2010-04-01,137.2,"a first publication, printed"
2010-06-15,IS2311,2010-03-01,136.2,d1 single consistent value
2010-06-15,IS2311,2010-04-01,139.0,"b first revision, printed"
2010-06-15,IS2311,2010-05-01,140.8,"a first publication, printed"
2010-07-14,IS2311,2010-04-01,139.0,d1 single consistent value
2010-07-14,IS2311,2010-05-01,140.8,"b first revision, printed"
2010-07-14,IS2311,2010-06-01,142.7,"a first publication, printed"
2010-08-12,IS2311,2010-05-01,139.6,d1 single consistent value
2010-08-12,IS2311,2010-06-01,142.1,"b first revision, printed"
2010-08-12,IS2311,2010-07-01,141.2,"a first publication, printed"
2010-09-15,IS2311,2010-06-01,142.3,d3 nearest consistent value
2010-09-15,IS2311,2010-07-01,141.4,"b first revision, printed"
2010-09-15,IS2311,2010-08-01,141.6,"a first publication, printed"
2010-10-13,IS2311,2010-07-01,141.3,d1 single consistent value
2010-10-13,IS2311,2010-08-01,141.6,"b first revision, printed"
2010-10-13,IS2311,2010-09-01,141.3,"a first publication, printed"
2010-11-10,IS2311,2010-08-01,141.6,d1 single consistent value
2010-11-10,IS2311,2010-09-01,141.3,"b first revision, printed"
2010-11-10,IS2311,2010-10-01,143.8,"a first publication, printed"
2010-12-10,IS2311,2010-09-01,141.3,d1 single consistent value
2010-12-10,IS2311,2010-10-01,143.8,"b first revision, printed"
2010-12-10,IS2311,2010-11-01,144.3,"a first publication, printed"
2011-01-12,IS2311,2010-10-01,143.8,"d2 carried, consistent"
2011-01-12,IS2311,2010-11-01,144.3,"b first revision, printed"
2011-01-12,IS2311,2010-12-01,147.3,"a first publication, printed"
2011-02-15,IS2311,2010-11-01,144.3,"d2 carried, consistent"
2011-02-15,IS2311,2010-12-01,147.3,"b first revision, printed"
2011-02-15,IS2311,2011-01-01,149.4,"a first publication, printed"
2011-03-15,IS2311,2010-12-01,146.8,d1 single consistent value
2011-03-15,IS2311,2011-01-01,148.9,"b first revision, printed"
2011-03-15,IS2311,2011-02-01,150.8,"a first publication, printed"
2011-04-12,IS2311,2011-01-01,148.9,"d2 carried, consistent"
2011-04-12,IS2311,2011-02-01,150.8,"b first revision, printed"
2011-04-12,IS2311,2011-03-01,154.8,"a first publication, printed"
2011-05-10,IS2311,2011-02-01,150.8,d1 single consistent value
2011-05-10,IS2311,2011-03-01,154.8,"b first revision, printed"
2011-05-10,IS2311,2011-04-01,158.0,"a first publication, printed"
2011-06-10,IS2311,2011-03-01,155.1,d1 single consistent value
2011-06-10,IS2311,2011-04-01,157.8,"b first revision, printed"
2011-06-10,IS2311,2011-05-01,159.2,"a first publication, printed"
2011-07-13,IS2311,2011-04-01,158.3,d3 nearest consistent value
2011-07-13,IS2311,2011-05-01,159.6,"b first revision, printed"
2011-07-13,IS2311,2011-06-01,158.6,"a first publication, printed"
2011-08-16,IS2311,2011-05-01,159.6,"d2 carried, consistent"
2011-08-16,IS2311,2011-06-01,158.6,"b first revision, printed"
2011-08-16,IS2311,2011-07-01,158.4,"a first publication, printed"
2011-09-13,IS2311,2011-06-01,158.6,d1 single consistent value
2011-09-13,IS2311,2011-07-01,158.4,"b first revision, printed"
2011-09-13,IS2311,2011-08-01,158.2,"a first publication, printed"
2011-10-14,IS2311,2011-07-01,158.4,d1 single consistent value
2011-10-14,IS2311,2011-08-01,160.0,"b first revision, printed"
2011-10-14,IS2311,2011-09-01,159.3,"a first publication, printed"
2011-11-10,IS2311,2011-08-01,161.3,d3 nearest consistent value
2011-11-10,IS2311,2011-09-01,160.3,"b first revision, printed"
2011-11-10,IS2311,2011-10-01,160.7,"a first publication, printed"
2011-12-14,IS2311,2011-09-01,160.4,d1 single consistent value
2011-12-14,IS2311,2011-10-01,163.8,"b first revision, printed"
2011-12-14,IS2311,2011-11-01,163.3,"a first publication, printed"
2012-01-13,IS2311,2011-10-01,163.8,d1 single consistent value
2012-01-13,IS2311,2011-11-01,163.3,"b first revision, printed"
2012-01-13,IS2311,2011-12-01,163.0,"a first publication, printed"
2012-02-14,IS2311,2011-11-01,163.3,d1 single consistent value
2012-02-14,IS2311,2011-12-01,163.0,"b first revision, printed"
2012-02-14,IS2311,2012-01-01,162.3,"a first publication, printed"
2012-03-14,IS2311,2011-12-01,163.0,"d2 carried, consistent"
2012-03-14,IS2311,2012-01-01,162.3,"b first revision, printed"
2012-03-14,IS2311,2012-02-01,163.4,"a first publication, printed"
2012-04-11,IS2311,2012-01-01,162.3,d1 single consistent value
2012-04-11,IS2311,2012-02-01,163.4,"b first revision, printed"
2012-04-11,IS2311,2012-03-01,164.8,"a first publication, printed"
2012-05-10,IS2311,2012-02-01,163.4,d1 single consistent value
2012-05-10,IS2311,2012-03-01,165.3,"b first revision, printed"
2012-05-10,IS2311,2012-04-01,166.8,"a first publication, printed"
2012-06-12,IS2311,2012-03-01,165.3,"d2 carried, consistent"
2012-06-12,IS2311,2012-04-01,165.7,"b first revision, printed"
2012-06-12,IS2311,2012-05-01,166.6,"a first publication, printed"
2012-07-12,IS2311,2012-04-01,165.7,d1 single consistent value
2012-07-12,IS2311,2012-05-01,166.6,"b first revision, printed"
2012-07-12,IS2311,2012-06-01,163.8,"a first publication, printed"
2012-08-10,IS2311,2012-05-01,166.8,d1 single consistent value
2012-08-10,IS2311,2012-06-01,164.9,"b first revision, printed"
2012-08-10,IS2311,2012-07-01,163.0,"a first publication, printed"
2012-09-12,IS2311,2012-06-01,164.9,"d2 carried, consistent"
2012-09-12,IS2311,2012-07-01,163.0,"b first revision, printed"
2012-09-12,IS2311,2012-08-01,163.2,"a first publication, printed"
2012-10-11,IS2311,2012-07-01,163.0,d1 single consistent value
2012-10-11,IS2311,2012-08-01,163.2,"b first revision, printed"
2012-10-11,IS2311,2012-09-01,164.3,"a first publication, printed"
2012-11-09,IS2311,2012-08-01,163.2,"d2 carried, consistent"
2012-11-09,IS2311,2012-09-01,164.3,"b first revision, printed"
2012-11-09,IS2311,2012-10-01,162.5,"a first publication, printed"
2012-12-12,IS2311,2012-09-01,164.3,"d2 carried, consistent"
2012-12-12,IS2311,2012-10-01,162.2,"b first revision, printed"
2012-12-12,IS2311,2012-11-01,162.7,"a first publication, printed"
2013-01-11,IS2311,2012-10-01,162.2,d1 single consistent value
2013-01-11,IS2311,2012-11-01,162.7,"b first revision, printed"
2013-01-11,IS2311,2012-12-01,161.7,"a first publication, printed"
2013-02-13,IS2311,2012-11-01,162.7,d1 single consistent value
2013-02-13,IS2311,2012-12-01,161.7,"b first revision, printed"
2013-02-13,IS2311,2013-01-01,161.6,"a first publication, printed"
2013-03-13,IS2311,2012-12-01,161.7,"d2 carried, consistent"
2013-03-13,IS2311,2013-01-01,161.6,"b first revision, printed"
2013-03-13,IS2311,2013-02-01,161.6,"a first publication, printed"
2013-04-11,IS2311,2013-01-01,161.6,d1 single consistent value
2013-04-11,IS2311,2013-02-01,161.6,"b first revision, printed"
2013-04-11,IS2311,2013-03-01,161.6,"a first publication, printed"
2013-05-14,IS2311,2013-02-01,161.6,d1 single consistent value
2013-05-14,IS2311,2013-03-01,161.1,"b first revision, printed"
2013-05-14,IS2311,2013-04-01,160.4,"a first publication, printed"
2013-06-13,IS2311,2013-03-01,161.1,d1 single consistent value
2013-06-13,IS2311,2013-04-01,161.3,"b first revision, printed"
2013-06-13,IS2311,2013-05-01,161.0,"a first publication, printed"
2013-07-11,IS2311,2013-04-01,160.9,d3 nearest consistent value
2013-07-11,IS2311,2013-05-01,160.6,"b first revision, printed"
2013-07-11,IS2311,2013-06-01,160.5,"a first publication, printed"
2013-08-13,IS2311,2013-05-01,160.6,d1 single consistent value
2013-08-13,IS2311,2013-06-01,160.5,"b first revision, printed"
2013-08-13,IS2311,2013-07-01,159.9,"a first publication, printed"
2013-09-12,IS2311,2013-06-01,160.5,d1 single consistent value
2013-09-12,IS2311,2013-07-01,159.9,"b first revision, printed"
2013-09-12,IS2311,2013-08-01,159.9,"a first publication, printed"
2013-10-23,IS2311,2013-07-01,159.9,d1 single consistent value
2013-10-23,IS2311,2013-08-01,159.9,"b first revision, printed"
2013-10-23,IS2311,2013-09-01,160.3,"a first publication, printed"
2013-11-15,IS2311,2013-08-01,159.9,d1 single consistent value
2013-11-15,IS2311,2013-09-01,160.3,"b first revision, printed"
2013-11-15,IS2311,2013-10-01,161.0,"a first publication, printed"
2013-12-12,IS2311,2013-09-01,160.3,"d2 carried, consistent"
2013-12-12,IS2311,2013-10-01,161.0,"b first revision, printed"
2013-12-12,IS2311,2013-11-01,163.9,"a first publication, printed"
2014-01-14,IS2311,2013-10-01,161.0,d1 single consistent value
2014-01-14,IS2311,2013-11-01,163.9,"b first revision, printed"
2014-01-14,IS2311,2013-12-01,163.9,"a first publication, printed"
2014-02-14,IS2311,2013-11-01,163.9,d1 single consistent value
2014-02-14,IS2311,2013-12-01,163.9,"b first revision, printed"
2014-02-14,IS2311,2014-01-01,164.5,"a first publication, printed"
2014-03-13,IS2311,2013-12-01,163.9,d1 single consistent value
2014-03-13,IS2311,2014-01-01,164.5,"b first revision, printed"
2014-03-13,IS2311,2014-02-01,164.4,"a first publication, printed"
2014-04-10,IS2311,2014-01-01,164.5,"d2 carried, consistent"
2014-04-10,IS2311,2014-02-01,164.4,"b first revision, printed"
2014-04-10,IS2311,2014-03-01,164.4,"a first publication, printed"
2014-05-13,IS2311,2014-02-01,165.8,d1 single consistent value
2014-05-13,IS2311,2014-03-01,165.8,"b first revision, printed"
2014-05-13,IS2311,2014-04-01,165.7,"a first publication, printed"
2014-06-12,IS2311,2014-03-01,165.8,d1 single consistent value
2014-06-12,IS2311,2014-04-01,165.7,"b first revision, printed"
2014-06-12,IS2311,2014-05-01,171.6,"a first publication, printed"
2014-07-15,IS2311,2014-04-01,165.7,"d2 carried, consistent"
2014-07-15,IS2311,2014-05-01,171.6,"b first revision, printed"
2014-07-15,IS2311,2014-06-01,172.0,"a first publication, printed"
2014-08-14,IS2311,2014-05-01,171.6,"d2 carried, consistent"
2014-08-14,IS2311,2014-06-01,172.0,"b first revision, printed"
2014-08-14,IS2311,2014-07-01,172.0,"a first publication, printed"
2014-09-12,IS2311,2014-06-01,172.0,d1 single consistent value
2014-09-12,IS2311,2014-07-01,172.0,"b first revision, printed"
2014-09-12,IS2311,2014-08-01,172.0,"a first publication, printed"
2014-10-10,IS2311,2014-07-01,171.9,d1 single consistent value
2014-10-10,IS2311,2014-08-01,171.9,"b first revision, printed"
2014-10-10,IS2311,2014-09-01,171.9,"a first publication, printed"
2014-11-14,IS2311,2014-08-01,171.9,d1 single consistent value
2014-11-14,IS2311,2014-09-01,171.9,"b first revision, printed"
2014-11-14,IS2311,2014-10-01,171.9,"a first publication, printed"
2014-12-11,IS2311,2014-09-01,171.9,d1 single consistent value
2014-12-11,IS2311,2014-10-01,171.9,"b first revision, printed"
2014-12-11,IS2311,2014-11-01,171.9,"a first publication, printed"
2015-01-14,IS2311,2014-10-01,172.1,d1 single consistent value
2015-01-14,IS2311,2014-11-01,172.1,"b first revision, printed"
2015-01-14,IS2311,2014-12-01,172.1,"a first publication, printed"
2015-02-13,IS2311,2014-11-01,172.1,d1 single consistent value
2015-02-13,IS2311,2014-12-01,172.1,"b first revision, printed"
2015-02-13,IS2311,2015-01-01,170.6,"a first publication, printed"
2015-03-12,IS2311,2014-12-01,172.1,d1 single consistent value
2015-03-12,IS2311,2015-01-01,170.6,"b first revision, printed"
2015-03-12,IS2311,2015-02-01,170.5,"a first publication, printed"
2015-04-10,IS2311,2015-01-01,170.6,d1 single consistent value
2015-04-10,IS2311,2015-02-01,170.5,"b first revision, printed"
2015-04-10,IS2311,2015-03-01,168.7,"a first publication, printed"
2015-05-13,IS2311,2015-02-01,170.5,"d2 carried, consistent"
2015-05-13,IS2311,2015-03-01,169.6,"b first revision, printed"
2015-05-13,IS2311,2015-04-01,154.2,"a first publication, printed"
2015-06-11,IS2311,2015-03-01,169.6,"d2 carried, consistent"
2015-06-11,IS2311,2015-04-01,154.2,"b first revision, printed"
2015-06-11,IS2311,2015-05-01,153.9,"a first publication, printed"
2015-07-14,IS2311,2015-04-01,158.2,d3 nearest consistent value
2015-07-14,IS2311,2015-05-01,158.1,"b first revision, printed"
2015-07-14,IS2311,2015-06-01,158.1,"a first publication, printed"
2015-08-13,IS2311,2015-05-01,158.1,d1 single consistent value
2015-08-13,IS2311,2015-06-01,158.1,"b first revision, printed"
2015-08-13,IS2311,2015-07-01,158.3,"a first publication, printed"
2015-09-10,IS2311,2015-06-01,158.1,d1 single consistent value
2015-09-10,IS2311,2015-07-01,158.3,"b first revision, printed"
2015-09-10,IS2311,2015-08-01,157.1,"a first publication, printed"
2015-10-09,IS2311,2015-07-01,158.6,d3 nearest consistent value
2015-10-09,IS2311,2015-08-01,158.1,"b first revision, printed"
2015-10-09,IS2311,2015-09-01,158.1,"a first publication, printed"
2015-11-10,IS2311,2015-08-01,158.1,d1 single consistent value
2015-11-10,IS2311,2015-09-01,158.1,"b first revision, printed"
2015-11-10,IS2311,2015-10-01,157.6,"a first publication, printed"
2015-12-10,IS2311,2015-09-01,159.2,d1 single consistent value
2015-12-10,IS2311,2015-10-01,158.4,"b first revision, printed"
2015-12-10,IS2311,2015-11-01,157.7,"a first publication, printed"
2016-01-14,IS2311,2015-10-01,158.4,d1 single consistent value
2016-01-14,IS2311,2015-11-01,157.0,"b first revision, printed"
2016-01-14,IS2311,2015-12-01,157.8,"a first publication, printed"
2016-02-12,IS2311,2015-11-01,157.0,d1 single consistent value
2016-02-12,IS2311,2015-12-01,157.8,"b first revision, printed"
2016-02-12,IS2311,2016-01-01,158.0,"a first publication, printed"
2016-03-11,IS2311,2015-12-01,157.8,d1 single consistent value
2016-03-11,IS2311,2016-01-01,158.0,"b first revision, printed"
2016-03-11,IS2311,2016-02-01,158.3,"a first publication, printed"
2016-04-12,IS2311,2016-01-01,158.0,d1 single consistent value
2016-04-12,IS2311,2016-02-01,158.3,"b first revision, printed"
2016-04-12,IS2311,2016-03-01,152.6,"a first publication, printed"
2016-05-12,IS2311,2016-02-01,158.3,d1 single consistent value
2016-05-12,IS2311,2016-03-01,151.6,"b first revision, printed"
2016-05-12,IS2311,2016-04-01,149.4,"a first publication, printed"
2016-06-14,IS2311,2016-03-01,151.6,"d2 carried, consistent"
2016-06-14,IS2311,2016-04-01,142.4,"b first revision, printed"
2016-06-14,IS2311,2016-05-01,142.4,"a first publication, printed"
2016-07-13,IS2311,2016-04-01,142.4,d1 single consistent value
2016-07-13,IS2311,2016-05-01,142.4,"b first revision, printed"
2016-07-13,IS2311,2016-06-01,141.0,"a first publication, printed"
2016-08-11,IS2311,2016-05-01,142.4,d1 single consistent value
2016-08-11,IS2311,2016-06-01,141.0,"b first revision, printed"
2016-08-11,IS2311,2016-07-01,141.6,"a first publication, printed"
2016-09-14,IS2311,2016-06-01,141.0,d1 single consistent value
2016-09-14,IS2311,2016-07-01,141.6,"b first revision, printed"
2016-09-14,IS2311,2016-08-01,142.1,"a first publication, printed"
2016-10-13,IS2311,2016-07-01,141.6,"d2 carried, consistent"
2016-10-13,IS2311,2016-08-01,142.1,"b first revision, printed"
2016-10-13,IS2311,2016-09-01,142.9,"a first publication, printed"
2016-11-15,IS2311,2016-08-01,142.1,d1 single consistent value
2016-11-15,IS2311,2016-09-01,142.9,"b first revision, printed"
2016-11-15,IS2311,2016-10-01,143.0,"a first publication, printed"
2016-12-13,IS2311,2016-09-01,143.5,d1 single consistent value
2016-12-13,IS2311,2016-10-01,143.5,"b first revision, printed"
2016-12-13,IS2311,2016-11-01,143.3,"a first publication, printed"
2017-01-12,IS2311,2016-10-01,143.5,d1 single consistent value
2017-01-12,IS2311,2016-11-01,143.3,"b first revision, printed"
2017-01-12,IS2311,2016-12-01,143.3,"a first publication, printed"
2017-02-10,IS2311,2016-11-01,143.3,d1 single consistent value
2017-02-10,IS2311,2016-12-01,143.3,"b first revision, printed"
2017-02-10,IS2311,2017-01-01,146.0,"a first publication, printed"
2017-03-09,IS2311,2016-12-01,143.2,d1 single consistent value
2017-03-09,IS2311,2017-01-01,145.9,"b first revision, printed"
2017-03-09,IS2311,2017-02-01,143.6,"a first publication, printed"
2017-04-12,IS2311,2017-01-01,145.9,d1 single consistent value
2017-04-12,IS2311,2017-02-01,143.6,"b first revision, printed"
2017-04-12,IS2311,2017-03-01,144.4,"a first publication, printed"
2017-05-10,IS2311,2017-02-01,143.6,"d2 carried, consistent"
2017-05-10,IS2311,2017-03-01,144.4,"b first revision, printed"
2017-05-10,IS2311,2017-04-01,144.4,"a first publication, printed"
2017-06-15,IS2311,2017-03-01,144.4,d1 single consistent value
2017-06-15,IS2311,2017-04-01,145.2,"b first revision, printed"
2017-06-15,IS2311,2017-05-01,145.2,"a first publication, printed"
2017-07-18,IS2311,2017-04-01,145.4,d1 single consistent value
2017-07-18,IS2311,2017-05-01,145.4,"b first revision, printed"
2017-07-18,IS2311,2017-06-01,145.4,"a first publication, printed"
2017-08-15,IS2311,2017-05-01,145.4,d1 single consistent value
2017-08-15,IS2311,2017-06-01,145.4,"b first revision, printed"
2017-08-15,IS2311,2017-07-01,146.0,"a first publication, printed"
2017-09-19,IS2311,2017-06-01,145.4,d1 single consistent value
2017-09-19,IS2311,2017-07-01,146.0,"b first revision, printed"
2017-09-19,IS2311,2017-08-01,146.0,"a first publication, printed"
2017-10-17,IS2311,2017-07-01,146.0,d1 single consistent value
2017-10-17,IS2311,2017-08-01,146.0,"b first revision, printed"
2017-10-17,IS2311,2017-09-01,143.8,"a first publication, printed"
2017-11-16,IS2311,2017-08-01,146.0,d1 single consistent value
2017-11-16,IS2311,2017-09-01,143.8,"b first revision, printed"
2017-11-16,IS2311,2017-10-01,143.8,"a first publication, printed"
2017-12-14,IS2311,2017-09-01,143.8,d1 single consistent value
2017-12-14,IS2311,2017-10-01,143.8,"b first revision, printed"
2017-12-14,IS2311,2017-11-01,147.5,"a first publication, printed"
2018-01-10,IS2311,2017-10-01,143.8,d1 single consistent value
2018-01-10,IS2311,2017-11-01,147.5,"b first revision, printed"
2018-01-10,IS2311,2017-12-01,144.6,"a first publication, printed"
2018-02-16,IS2311,2017-11-01,147.5,"d2 carried, consistent"
2018-02-16,IS2311,2017-12-01,144.6,"b first revision, printed"
2018-02-16,IS2311,2018-01-01,144.6,"a first publication, printed"
2018-03-15,IS2311,2017-12-01,144.6,d1 single consistent value
2018-03-15,IS2311,2018-01-01,144.6,"b first revision, printed"
2018-03-15,IS2311,2018-02-01,143.5,"a first publication, printed"
2018-04-12,IS2311,2018-01-01,144.7,d1 single consistent value
2018-04-12,IS2311,2018-02-01,144.3,"b first revision, printed"
2018-04-12,IS2311,2018-03-01,147.7,"a first publication, printed"
2018-05-11,IS2311,2018-02-01,144.3,"d2 carried, consistent"
2018-05-11,IS2311,2018-03-01,147.7,"b first revision, printed"
2018-05-11,IS2311,2018-04-01,148.1,"a first publication, printed"
2018-06-14,IS2311,2018-03-01,147.7,d1 single consistent value
2018-06-14,IS2311,2018-04-01,148.0,"b first revision, printed"
2018-06-14,IS2311,2018-05-01,148.6,"a first publication, printed"
2018-07-13,IS2311,2018-04-01,148.0,d1 single consistent value
2018-07-13,IS2311,2018-05-01,148.6,"b first revision, printed"
2018-07-13,IS2311,2018-06-01,148.9,"a first publication, printed"
2018-08-14,IS2311,2018-05-01,148.6,d1 single consistent value
2018-08-14,IS2311,2018-06-01,148.9,"b first revision, printed"
2018-08-14,IS2311,2018-07-01,147.9,"a first publication, printed"
2018-09-14,IS2311,2018-06-01,148.9,d1 single consistent value
2018-09-14,IS2311,2018-07-01,147.9,"b first revision, printed"
2018-09-14,IS2311,2018-08-01,148.1,"a first publication, printed"
2018-10-12,IS2311,2018-07-01,147.9,d1 single consistent value
2018-10-12,IS2311,2018-08-01,148.1,"b first revision, printed"
2018-10-12,IS2311,2018-09-01,149.1,"a first publication, printed"
2018-11-15,IS2311,2018-08-01,148.1,d1 single consistent value
2018-11-15,IS2311,2018-09-01,149.0,"b first revision, printed"
2018-11-15,IS2311,2018-10-01,149.7,"a first publication, printed"
2018-12-13,IS2311,2018-09-01,149.0,d1 single consistent value
2018-12-13,IS2311,2018-10-01,149.7,"b first revision, printed"
2018-12-13,IS2311,2018-11-01,149.4,"a first publication, printed"
2019-01-16,IS2311,2018-10-01,149.7,d1 single consistent value
2019-01-16,IS2311,2018-11-01,149.4,"b first revision, printed"
2019-01-16,IS2311,2018-12-01,148.9,"a first publication, printed"
2019-02-15,IS2311,2018-11-01,149.4,d1 single consistent value
2019-02-15,IS2311,2018-12-01,149.0,"b first revision, printed"
2019-02-15,IS2311,2019-01-01,152.1,"a first publication, printed"
2019-03-14,IS2311,2018-12-01,149.0,"d2 carried, consistent"
2019-03-14,IS2311,2019-01-01,152.1,"b first revision, printed"
2019-03-14,IS2311,2019-02-01,150.7,"a first publication, printed"
2019-04-12,IS2311,2019-01-01,152.1,d1 single consistent value
2019-04-12,IS2311,2019-02-01,150.7,"b first revision, printed"
2019-04-12,IS2311,2019-03-01,151.0,"a first publication, printed"
2019-05-14,IS2311,2019-02-01,150.7,d1 single consistent value
2019-05-14,IS2311,2019-03-01,151.0,"b first revision, printed"
2019-05-14,IS2311,2019-04-01,150.4,"a first publication, printed"
2019-06-13,IS2311,2019-03-01,152.3,d1 single consistent value
2019-06-13,IS2311,2019-04-01,153.6,"b first revision, printed"
2019-06-13,IS2311,2019-05-01,155.0,"a first publication, printed"
2019-07-16,IS2311,2019-04-01,153.6,d1 single consistent value
2019-07-16,IS2311,2019-05-01,155.0,"b first revision, printed"
2019-07-16,IS2311,2019-06-01,154.5,"a first publication, printed"
2019-08-14,IS2311,2019-05-01,155.0,d1 single consistent value
2019-08-14,IS2311,2019-06-01,154.5,"b first revision, printed"
2019-08-14,IS2311,2019-07-01,155.1,"a first publication, printed"
2019-09-13,IS2311,2019-06-01,154.5,d1 single consistent value
2019-09-13,IS2311,2019-07-01,155.1,"b first revision, printed"
2019-09-13,IS2311,2019-08-01,154.7,"a first publication, printed"
2019-10-11,IS2311,2019-07-01,155.1,d1 single consistent value
2019-10-11,IS2311,2019-08-01,154.7,"b first revision, printed"
2019-10-11,IS2311,2019-09-01,154.7,"a first publication, printed"
2019-11-15,IS2311,2019-08-01,154.7,d1 single consistent value
2019-11-15,IS2311,2019-09-01,154.7,"b first revision, printed"
2019-11-15,IS2311,2019-10-01,154.9,"a first publication, printed"
2019-12-13,IS2311,2019-09-01,154.7,d1 single consistent value
2019-12-13,IS2311,2019-10-01,154.9,"b first revision, printed"
2019-12-13,IS2311,2019-11-01,156.5,"a first publication, printed"
2020-01-16,IS2311,2019-10-01,154.9,d1 single consistent value
2020-01-16,IS2311,2019-11-01,156.5,"b first revision, printed"
2020-01-16,IS2311,2019-12-01,158.6,"a first publication, printed"
2020-02-14,IS2311,2019-11-01,156.5,d1 single consistent value
2020-02-14,IS2311,2019-12-01,158.6,"b first revision, printed"
2020-02-14,IS2311,2020-01-01,162.3,"a first publication, printed"
2020-03-13,IS2311,2019-12-01,158.6,d1 single consistent value
2020-03-13,IS2311,2020-01-01,162.3,"b first revision, printed"
2020-03-13,IS2311,2020-02-01,161.3,"a first publication, printed"
2020-04-14,IS2311,2020-01-01,162.3,"d2 carried, consistent"
2020-04-14,IS2311,2020-02-01,161.3,"b first revision, printed"
2020-04-14,IS2311,2020-03-01,161.4,"a first publication, printed"
2020-05-14,IS2311,2020-02-01,161.3,d1 single consistent value
2020-05-14,IS2311,2020-03-01,161.4,"b first revision, printed"
2020-05-14,IS2311,2020-04-01,176.4,"a first publication, printed"
2020-06-12,IS2311,2020-03-01,161.2,d3 nearest consistent value
2020-06-12,IS2311,2020-04-01,176.3,"b first revision, printed"
2020-06-12,IS2311,2020-05-01,176.3,"a first publication, printed"
2020-07-15,IS2311,2020-04-01,176.3,d1 single consistent value
2020-07-15,IS2311,2020-05-01,176.3,"b first revision, printed"
2020-07-15,IS2311,2020-06-01,176.3,"a first publication, printed"
2020-08-13,IS2311,2020-05-01,176.3,d1 single consistent value
2020-08-13,IS2311,2020-06-01,176.3,"b first revision, printed"
2020-08-13,IS2311,2020-07-01,176.5,"a first publication, printed"
2020-09-15,IS2311,2020-06-01,176.3,d1 single consistent value
2020-09-15,IS2311,2020-07-01,176.5,"b first revision, printed"
2020-09-15,IS2311,2020-08-01,176.7,"a first publication, printed"
2020-10-15,IS2311,2020-07-01,176.5,d1 single consistent value
2020-10-15,IS2311,2020-08-01,176.7,"b first revision, printed"
2020-10-15,IS2311,2020-09-01,182.1,"a first publication, printed"
2020-11-17,IS2311,2020-08-01,176.7,d1 single consistent value
2020-11-17,IS2311,2020-09-01,177.6,"b first revision, printed"
2020-11-17,IS2311,2020-10-01,150.3,"a first publication, printed"
2020-12-15,IS2311,2020-09-01,171.5,d1 single consistent value
2020-12-15,IS2311,2020-10-01,145.4,"b first revision, printed"
2020-12-15,IS2311,2020-11-01,157.1,"a first publication, printed"
2021-01-14,IS2311,2020-10-01,145.4,"d2 carried, consistent"
2021-01-14,IS2311,2020-11-01,157.1,"b first revision, printed"
2021-01-14,IS2311,2020-12-01,176.4,"a first publication, printed"
2021-02-18,IS2311,2020-11-01,157.1,d1 single consistent value
2021-02-18,IS2311,2020-12-01,167.3,"b first revision, printed"
2021-02-18,IS2311,2021-01-01,160.7,"a first publication, printed"
2021-03-16,IS2311,2020-12-01,167.3,d1 single consistent value
2021-03-16,IS2311,2021-01-01,160.7,"b first revision, printed"
2021-03-16,IS2311,2021-02-01,172.0,"a first publication, printed"
2021-04-14,IS2311,2021-01-01,160.7,"d2 carried, consistent"
2021-04-14,IS2311,2021-02-01,172.0,"b first revision, printed"
2021-04-14,IS2311,2021-03-01,172.5,"a first publication, printed"
2021-05-14,IS2311,2021-02-01,172.0,d1 single consistent value
2021-05-14,IS2311,2021-03-01,172.4,"b first revision, printed"
2021-05-14,IS2311,2021-04-01,162.0,"a first publication, printed"
2021-06-16,IS2311,2021-03-01,172.4,"d2 carried, consistent"
2021-06-16,IS2311,2021-04-01,162.0,"b first revision, printed"
2021-06-16,IS2311,2021-05-01,163.0,"a first publication, printed"
2021-07-15,IS2311,2021-04-01,162.0,"d2 carried, consistent"
2021-07-15,IS2311,2021-05-01,163.0,"b first revision, printed"
2021-07-15,IS2311,2021-06-01,164.0,"a first publication, printed"
2021-08-13,IS2311,2021-05-01,163.0,d1 single consistent value
2021-08-13,IS2311,2021-06-01,164.0,"b first revision, printed"
2021-08-13,IS2311,2021-07-01,164.5,"a first publication, printed"
2021-09-15,IS2311,2021-06-01,164.0,d1 single consistent value
2021-09-15,IS2311,2021-07-01,164.5,"b first revision, printed"
2021-09-15,IS2311,2021-08-01,164.4,"a first publication, printed"
2021-10-15,IS2311,2021-07-01,164.5,d1 single consistent value
2021-10-15,IS2311,2021-08-01,164.4,"b first revision, printed"
2021-10-15,IS2311,2021-09-01,167.7,"a first publication, printed"
2021-11-16,IS2311,2021-08-01,164.4,d1 single consistent value
2021-11-16,IS2311,2021-09-01,167.7,"b first revision, printed"
2021-11-16,IS2311,2021-10-01,168.4,"a first publication, printed"
2021-12-15,IS2311,2021-09-01,167.7,d1 single consistent value
2021-12-15,IS2311,2021-10-01,170.4,"b first revision, printed"
2021-12-15,IS2311,2021-11-01,168.9,"a first publication, printed"
2022-01-14,IS2311,2021-10-01,168.5,d3 nearest consistent value
2022-01-14,IS2311,2021-11-01,167.0,"b first revision, printed"
2022-01-14,IS2311,2021-12-01,172.2,"a first publication, printed"
2022-02-16,IS2311,2021-11-01,163.6,d1 single consistent value
2022-02-16,IS2311,2021-12-01,180.2,"b first revision, printed"
2022-02-16,IS2311,2022-01-01,179.3,"a first publication, printed"
2022-03-16,IS2311,2021-12-01,180.2,"d2 carried, consistent"
2022-03-16,IS2311,2022-01-01,169.0,"b first revision, printed"
2022-03-16,IS2311,2022-02-01,165.5,"a first publication, printed"
2022-04-14,IS2311,2022-01-01,169.0,d1 single consistent value
2022-04-14,IS2311,2022-02-01,191.9,"b first revision, printed"
2022-04-14,IS2311,2022-03-01,191.4,"a first publication, printed"
2022-05-13,IS2311,2022-02-01,191.9,"d2 carried, consistent"
2022-05-13,IS2311,2022-03-01,181.8,"b first revision, printed"
2022-05-13,IS2311,2022-04-01,200.2,"a first publication, printed"
2022-06-15,IS2311,2022-03-01,181.8,d1 single consistent value
2022-06-15,IS2311,2022-04-01,208.9,"b first revision, printed"
2022-06-15,IS2311,2022-05-01,210.2,"a first publication, printed"
2022-07-15,IS2311,2022-04-01,208.9,"d2 carried, consistent"
2022-07-15,IS2311,2022-05-01,210.1,"b first revision, printed"
2022-07-15,IS2311,2022-06-01,205.1,"a first publication, printed"
2022-08-12,IS2311,2022-05-01,210.1,"d2 carried, consistent"
2022-08-12,IS2311,2022-06-01,202.8,"b first revision, printed"
2022-08-12,IS2311,2022-07-01,203.1,"a first publication, printed"
2022-09-15,IS2311,2022-06-01,202.8,d1 single consistent value
2022-09-15,IS2311,2022-07-01,208.5,"b first revision, printed"
2022-09-15,IS2311,2022-08-01,210.3,"a first publication, printed"
2022-10-14,IS2311,2022-07-01,208.5,"d2 carried, consistent"
2022-10-14,IS2311,2022-08-01,196.8,"b first revision, printed"
2022-10-14,IS2311,2022-09-01,190.3,"a first publication, printed"
2022-11-16,IS2311,2022-08-01,196.8,d1 single consistent value
2022-11-16,IS2311,2022-09-01,194.6,"b first revision, printed"
2022-11-16,IS2311,2022-10-01,192.6,"a first publication, printed"
2022-12-14,IS2311,2022-09-01,194.6,d1 single consistent value
2022-12-14,IS2311,2022-10-01,194.7,"b first revision, printed"
2022-12-14,IS2311,2022-11-01,195.2,"a first publication, printed"
2023-01-13,IS2311,2022-10-01,194.7,d1 single consistent value
2023-01-13,IS2311,2022-11-01,191.3,"b first revision, printed"
2023-01-13,IS2311,2022-12-01,189.1,"a first publication, printed"
2023-02-17,IS2311,2022-11-01,191.3,"d2 carried, consistent"
2023-02-17,IS2311,2022-12-01,194.8,"b first revision, printed"
2023-02-17,IS2311,2023-01-01,196.5,"a first publication, printed"
2023-03-16,IS2311,2022-12-01,194.8,d1 single consistent value
2023-03-16,IS2311,2023-01-01,194.1,"b first revision, printed"
2023-03-16,IS2311,2023-02-01,197.5,"a first publication, printed"
2023-04-14,IS2311,2023-01-01,194.1,d1 single consistent value
2023-04-14,IS2311,2023-02-01,197.6,"b first revision, printed"
2023-04-14,IS2311,2023-03-01,188.6,"a first publication, printed"
2023-05-12,IS2311,2023-02-01,197.6,d1 single consistent value
2023-05-12,IS2311,2023-03-01,189.0,"b first revision, printed"
2023-05-12,IS2311,2023-04-01,175.7,"a first publication, printed"
2023-06-15,IS2311,2023-03-01,189.2,d1 single consistent value
2023-06-15,IS2311,2023-04-01,174.7,"b first revision, printed"
2023-06-15,IS2311,2023-05-01,170.8,"a first publication, printed"
2023-07-14,IS2311,2023-04-01,174.7,"d2 carried, consistent"
2023-07-14,IS2311,2023-05-01,169.2,"b first revision, printed"
2023-07-14,IS2311,2023-06-01,168.9,"a first publication, printed"
2023-08-15,IS2311,2023-05-01,169.2,d1 single consistent value
2023-08-15,IS2311,2023-06-01,169.0,"b first revision, printed"
2023-08-15,IS2311,2023-07-01,175.2,"a first publication, printed"
2023-09-15,IS2311,2023-06-01,169.0,"d2 carried, consistent"
2023-09-15,IS2311,2023-07-01,172.6,"b first revision, printed"
2023-09-15,IS2311,2023-08-01,180.8,"a first publication, printed"
2023-10-13,IS2311,2023-07-01,173.5,d1 single consistent value
2023-10-13,IS2311,2023-08-01,170.1,"b first revision, printed"
2023-10-13,IS2311,2023-09-01,172.0,"a first publication, printed"
2023-11-16,IS2311,2023-08-01,172.1,d1 single consistent value
2023-11-16,IS2311,2023-09-01,173.6,"b first revision, printed"
2023-11-16,IS2311,2023-10-01,172.1,"a first publication, printed"
2023-12-14,IS2311,2023-09-01,173.6,"d2 carried, consistent"
2023-12-14,IS2311,2023-10-01,169.1,"b first revision, printed"
2023-12-14,IS2311,2023-11-01,164.6,"a first publication, printed"
2024-01-17,IS2311,2023-10-01,169.1,d1 single consistent value
2024-01-17,IS2311,2023-11-01,165.6,"b first revision, printed"
2024-01-17,IS2311,2023-12-01,167.1,"a first publication, printed"
2024-02-15,IS2311,2023-11-01,164.7,d1 single consistent value
2024-02-15,IS2311,2023-12-01,163.3,"b first revision, printed"
2024-02-15,IS2311,2024-01-01,165.8,"a first publication, printed"
2024-03-15,IS2311,2023-12-01,163.3,d1 single consistent value
2024-03-15,IS2311,2024-01-01,163.5,"b first revision, printed"
2024-03-15,IS2311,2024-02-01,164.9,"a first publication, printed"
2024-04-12,IS2311,2024-01-01,163.5,d1 single consistent value
2024-04-12,IS2311,2024-02-01,163.7,"b first revision, printed"
2024-04-12,IS2311,2024-03-01,163.9,"a first publication, printed"
2024-05-16,IS2311,2024-02-01,163.9,d3 nearest consistent value
2024-05-16,IS2311,2024-03-01,165.6,"b first revision, printed"
2024-05-16,IS2311,2024-04-01,158.0,"a first publication, printed"
2024-06-14,IS2311,2024-03-01,165.6,d1 single consistent value
2024-06-14,IS2311,2024-04-01,158.3,"b first revision, printed"
2024-06-14,IS2311,2024-05-01,157.2,"a first publication, printed"
2024-07-16,IS2311,2024-04-01,158.3,d1 single consistent value
2024-07-16,IS2311,2024-05-01,158.7,"b first revision, printed"
2024-07-16,IS2311,2024-06-01,157.0,"a first publication, printed"
2024-08-15,IS2311,2024-05-01,158.7,"d2 carried, consistent"
2024-08-15,IS2311,2024-06-01,158.1,"b first revision, printed"
2024-08-15,IS2311,2024-07-01,173.0,"a first publication, printed"
2024-09-13,IS2311,2024-06-01,158.1,"d2 carried, consistent"
2024-09-13,IS2311,2024-07-01,172.9,"b first revision, printed"
2024-09-13,IS2311,2024-08-01,160.3,"a first publication, printed"
2024-10-16,IS2311,2024-07-01,175.5,d1 single consistent value
2024-10-16,IS2311,2024-08-01,162.6,"b first revision, printed"
2024-10-16,IS2311,2024-09-01,161.9,"a first publication, printed"
2024-11-15,IS2311,2024-08-01,162.6,d1 single consistent value
2024-11-15,IS2311,2024-09-01,161.5,"b first revision, printed"
2024-11-15,IS2311,2024-10-01,162.1,"a first publication, printed"
2024-12-13,IS2311,2024-09-01,161.5,d1 single consistent value
2024-12-13,IS2311,2024-10-01,159.9,"b first revision, printed"
2024-12-13,IS2311,2024-11-01,163.0,"a first publication, printed"
2025-01-16,IS2311,2024-10-01,160.0,d3 nearest consistent value
2025-01-16,IS2311,2024-11-01,163.4,"b first revision, printed"
2025-01-16,IS2311,2024-12-01,161.5,"a first publication, printed"
2025-02-14,IS2311,2024-11-01,163.4,d1 single consistent value
2025-02-14,IS2311,2024-12-01,160.3,"b first revision, printed"
2025-02-14,IS2311,2025-01-01,168.5,"a first publication, printed"
2025-03-18,IS2311,2024-12-01,160.3,d1 single consistent value
2025-03-18,IS2311,2025-01-01,172.0,"b first revision, printed"
2025-03-18,IS2311,2025-02-01,170.9,"a first publication, printed"
2025-04-15,IS2311,2025-01-01,169.7,d1 single consistent value
2025-04-15,IS2311,2025-02-01,169.2,"b first revision, printed"
2025-04-15,IS2311,2025-03-01,170.4,"a first publication, printed"
2025-05-16,IS2311,2025-02-01,169.2,d1 single consistent value
2025-05-16,IS2311,2025-03-01,168.7,"b first revision, printed"
2025-05-16,IS2311,2025-04-01,164.2,"a first publication, printed"
2025-06-17,IS2311,2025-03-01,168.7,d1 single consistent value
2025-06-17,IS2311,2025-04-01,163.1,"b first revision, printed"
2025-06-17,IS2311,2025-05-01,180.9,"a first publication, printed"
2025-07-17,IS2311,2025-04-01,163.1,d1 single consistent value
2025-07-17,IS2311,2025-05-01,168.0,"b first revision, printed"
2025-07-17,IS2311,2025-06-01,165.2,"a first publication, printed"
2025-08-15,IS2311,2025-05-01,168.0,d1 single consistent value
2025-08-15,IS2311,2025-06-01,165.1,"b first revision, printed"
2025-08-15,IS2311,2025-07-01,166.9,"a first publication, printed"
2025-09-16,IS2311,2025-06-01,165.1,"d2 carried, consistent"
2025-09-16,IS2311,2025-07-01,167.8,"b first revision, printed"
2025-09-16,IS2311,2025-08-01,165.0,"a first publication, printed"
2025-12-03,IS2311,2025-07-01,162.4,d1 single consistent value
2025-12-03,IS2311,2025-08-01,164.5,"b first revision, printed"
2025-12-03,IS2311,2025-09-01,158.7,"a first publication, printed"
2026-01-15,IS2311,2025-09-01,165.7,d3 nearest consistent value
2026-01-15,IS2311,2025-11-01,165.5,"a first publication, printed"
2026-02-10,IS2311,,,f no table printed: nothing new on record
2026-03-05,IS2311,2025-11-01,157.4,d1 single consistent value
2026-03-05,IS2311,2025-12-01,158.5,"b first revision, printed"
2026-03-05,IS2311,2026-01-01,165.6,"a first publication, printed"
2026-03-25,IS2311,2025-12-01,158.5,d1 single consistent value
2026-03-25,IS2311,2026-01-01,162.4,"b first revision, printed"
2026-03-25,IS2311,2026-02-01,167.8,"a first publication, printed"
2026-04-15,IS2311,2026-01-01,167.0,d1 single consistent value
2026-04-15,IS2311,2026-02-01,164.8,"b first revision, printed"
2026-04-15,IS2311,2026-03-01,157.8,"a first publication, printed"
2026-05-14,IS2311,2026-02-01,164.8,"d2 carried, consistent"
2026-05-14,IS2311,2026-03-01,157.4,"b first revision, printed"
2026-05-14,IS2311,2026-04-01,170.8,"a first publication, printed"
2026-06-16,IS2311,2026-03-01,157.4,d1 single consistent value
2026-06-16,IS2311,2026-04-01,174.5,"b first revision, printed"
2026-06-16,IS2311,2026-05-01,189.7,"a first publication, printed"
2026-07-17,IS2311,2026-04-01,174.5,d1 single consistent value
2026-07-17,IS2311,2026-05-01,190.2,"b first revision, printed"
2026-07-17,IS2311,2026-06-01,180.3,"a first publication, printed"
2026-08-18,IS2311,2026-05-01,195.9,d3 nearest consistent value
2026-08-18,IS2311,2026-06-01,188.2,"b first revision, printed"
2026-08-18,IS2311,2026-07-01,192.1,"a first publication, printed"
2026-09-16,IS2311,2026-06-01,188.2,d1 single consistent value
2026-09-16,IS2311,2026-07-01,190.7,"b first revision, printed"
2026-09-16,IS2311,2026-08-01,193.3,"a first publication, printed"
2010-03-16,IS2312,2009-12-01,105.1,c first release of the span: database value
2010-03-16,IS2312,2010-01-01,105.7,"b first revision, printed"
2010-03-16,IS2312,2010-02-01,107.4,"a first publication, printed"
2010-04-13,IS2312,2010-01-01,105.9,d1 single consistent value
2010-04-13,IS2312,2010-02-01,107.2,"b first revision, printed"
2010-04-13,IS2312,2010-03-01,108.3,"a first publication, printed"
2010-05-13,IS2312,2010-02-01,107.2,d1 single consistent value
2010-05-13,IS2312,2010-03-01,108.6,"b first revision, printed"
2010-05-13,IS2312,2010-04-01,107.8,"a first publication, printed"
2010-06-15,IS2312,2010-03-01,108.4,d1 single consistent value
2010-06-15,IS2312,2010-04-01,107.9,"b first revision, printed"
2010-06-15,IS2312,2010-05-01,110.0,"a first publication, printed"
2010-07-14,IS2312,2010-04-01,107.9,d1 single consistent value
2010-07-14,IS2312,2010-05-01,110.0,"b first revision, printed"
2010-07-14,IS2312,2010-06-01,110.9,"a first publication, printed"
2010-08-12,IS2312,2010-05-01,110.0,d1 single consistent value
2010-08-12,IS2312,2010-06-01,110.9,"b first revision, printed"
2010-08-12,IS2312,2010-07-01,110.1,"a first publication, printed"
2010-09-15,IS2312,2010-06-01,110.9,d1 single consistent value
2010-09-15,IS2312,2010-07-01,110.1,"b first revision, printed"
2010-09-15,IS2312,2010-08-01,110.2,"a first publication, printed"
2010-10-13,IS2312,2010-07-01,110.1,d1 single consistent value
2010-10-13,IS2312,2010-08-01,110.2,"b first revision, printed"
2010-10-13,IS2312,2010-09-01,110.9,"a first publication, printed"
2010-11-10,IS2312,2010-08-01,110.2,d1 single consistent value
2010-11-10,IS2312,2010-09-01,111.6,"b first revision, printed"
2010-11-10,IS2312,2010-10-01,112.9,"a first publication, printed"
2010-12-10,IS2312,2010-09-01,111.6,d1 single consistent value
2010-12-10,IS2312,2010-10-01,113.1,"b first revision, printed"
2010-12-10,IS2312,2010-11-01,113.4,"a first publication, printed"
2011-01-12,IS2312,2010-10-01,113.1,d1 single consistent value
2011-01-12,IS2312,2010-11-01,113.3,"b first revision, printed"
2011-01-12,IS2312,2010-12-01,113.0,"a first publication, printed"
2011-02-15,IS2312,2010-11-01,113.3,d1 single consistent value
2011-02-15,IS2312,2010-12-01,114.2,"b first revision, printed"
2011-02-15,IS2312,2011-01-01,118.3,"a first publication, printed"
2011-03-15,IS2312,2010-12-01,114.2,d1 single consistent value
2011-03-15,IS2312,2011-01-01,119.1,"b first revision, printed"
2011-03-15,IS2312,2011-02-01,122.0,"a first publication, printed"
2011-04-12,IS2312,2011-01-01,119.3,d1 single consistent value
2011-04-12,IS2312,2011-02-01,122.4,"b first revision, printed"
2011-04-12,IS2312,2011-03-01,125.6,"a first publication, printed"
2011-05-10,IS2312,2011-02-01,122.7,d1 single consistent value
2011-05-10,IS2312,2011-03-01,126.5,"b first revision, printed"
2011-05-10,IS2312,2011-04-01,130.8,"a first publication, printed"
2011-06-10,IS2312,2011-03-01,126.5,d1 single consistent value
2011-06-10,IS2312,2011-04-01,130.8,"b first revision, printed"
2011-06-10,IS2312,2011-05-01,135.7,"a first publication, printed"
2011-07-13,IS2312,2011-04-01,130.8,d1 single consistent value
2011-07-13,IS2312,2011-05-01,136.2,"b first revision, printed"
2011-07-13,IS2312,2011-06-01,134.5,"a first publication, printed"
2011-08-16,IS2312,2011-05-01,136.2,"d2 carried, consistent"
2011-08-16,IS2312,2011-06-01,134.5,"b first revision, printed"
2011-08-16,IS2312,2011-07-01,134.8,"a first publication, printed"
2011-09-13,IS2312,2011-06-01,134.5,d1 single consistent value
2011-09-13,IS2312,2011-07-01,134.1,"b first revision, printed"
2011-09-13,IS2312,2011-08-01,133.9,"a first publication, printed"
2011-10-14,IS2312,2011-07-01,134.1,d1 single consistent value
2011-10-14,IS2312,2011-08-01,136.0,"b first revision, printed"
2011-10-14,IS2312,2011-09-01,137.2,"a first publication, printed"
2011-11-10,IS2312,2011-08-01,136.0,d1 single consistent value
2011-11-10,IS2312,2011-09-01,137.2,"b first revision, printed"
2011-11-10,IS2312,2011-10-01,135.0,"a first publication, printed"
2011-12-14,IS2312,2011-09-01,137.2,d1 single consistent value
2011-12-14,IS2312,2011-10-01,135.0,"b first revision, printed"
2011-12-14,IS2312,2011-11-01,133.4,"a first publication, printed"
2012-01-13,IS2312,2011-10-01,135.0,d1 single consistent value
2012-01-13,IS2312,2011-11-01,133.4,"b first revision, printed"
2012-01-13,IS2312,2011-12-01,134.6,"a first publication, printed"
2012-02-14,IS2312,2011-11-01,133.7,d1 single consistent value
2012-02-14,IS2312,2011-12-01,135.2,"b first revision, printed"
2012-02-14,IS2312,2012-01-01,135.0,"a first publication, printed"
2012-03-14,IS2312,2011-12-01,135.2,d1 single consistent value
2012-03-14,IS2312,2012-01-01,135.0,"b first revision, printed"
2012-03-14,IS2312,2012-02-01,135.2,"a first publication, printed"
2012-04-11,IS2312,2012-01-01,135.0,"d2 carried, consistent"
2012-04-11,IS2312,2012-02-01,135.2,"b first revision, printed"
2012-04-11,IS2312,2012-03-01,137.3,"a first publication, printed"
2012-05-10,IS2312,2012-02-01,135.3,d1 single consistent value
2012-05-10,IS2312,2012-03-01,137.4,"b first revision, printed"
2012-05-10,IS2312,2012-04-01,143.5,"a first publication, printed"
2012-06-12,IS2312,2012-03-01,137.2,d1 single consistent value
2012-06-12,IS2312,2012-04-01,143.5,"b first revision, printed"
2012-06-12,IS2312,2012-05-01,143.4,"a first publication, printed"
2012-07-12,IS2312,2012-04-01,143.5,d1 single consistent value
2012-07-12,IS2312,2012-05-01,143.5,"b first revision, printed"
2012-07-12,IS2312,2012-06-01,142.5,"a first publication, printed"
2012-08-10,IS2312,2012-05-01,143.5,d1 single consistent value
2012-08-10,IS2312,2012-06-01,142.5,"b first revision, printed"
2012-08-10,IS2312,2012-07-01,136.5,"a first publication, printed"
2012-09-12,IS2312,2012-06-01,142.5,d1 single consistent value
2012-09-12,IS2312,2012-07-01,136.5,"b first revision, printed"
2012-09-12,IS2312,2012-08-01,136.3,"a first publication, printed"
2012-10-11,IS2312,2012-07-01,136.5,d1 single consistent value
2012-10-11,IS2312,2012-08-01,136.3,"b first revision, printed"
2012-10-11,IS2312,2012-09-01,138.9,"a first publication, printed"
2012-11-09,IS2312,2012-08-01,136.3,d1 single consistent value
2012-11-09,IS2312,2012-09-01,138.7,"b first revision, printed"
2012-11-09,IS2312,2012-10-01,140.1,"a first publication, printed"
2012-12-12,IS2312,2012-09-01,138.7,d1 single consistent value
2012-12-12,IS2312,2012-10-01,140.1,"b first revision, printed"
2012-12-12,IS2312,2012-11-01,143.1,"a first publication, printed"
2013-01-11,IS2312,2012-10-01,139.9,d1 single consistent value
2013-01-11,IS2312,2012-11-01,143.1,"b first revision, printed"
2013-01-11,IS2312,2012-12-01,141.6,"a first publication, printed"
2013-02-13,IS2312,2012-11-01,143.1,d1 single consistent value
2013-02-13,IS2312,2012-12-01,141.6,"b first revision, printed"
2013-02-13,IS2312,2013-01-01,141.8,"a first publication, printed"
2013-03-13,IS2312,2012-12-01,141.6,"d2 carried, consistent"
2013-03-13,IS2312,2013-01-01,141.1,"b first revision, printed"
2013-03-13,IS2312,2013-02-01,141.3,"a first publication, printed"
2013-04-11,IS2312,2013-01-01,141.1,d1 single consistent value
2013-04-11,IS2312,2013-02-01,141.3,"b first revision, printed"
2013-04-11,IS2312,2013-03-01,142.8,"a first publication, printed"
2013-05-14,IS2312,2013-02-01,141.3,"d2 carried, consistent"
2013-05-14,IS2312,2013-03-01,142.8,"b first revision, printed"
2013-05-14,IS2312,2013-04-01,143.0,"a first publication, printed"
2013-06-13,IS2312,2013-03-01,142.8,"d2 carried, consistent"
2013-06-13,IS2312,2013-04-01,143.0,"b first revision, printed"
2013-06-13,IS2312,2013-05-01,141.0,"a first publication, printed"
2013-07-11,IS2312,2013-04-01,142.9,d1 single consistent value
2013-07-11,IS2312,2013-05-01,140.9,"b first revision, printed"
2013-07-11,IS2312,2013-06-01,138.4,"a first publication, printed"
2013-08-13,IS2312,2013-05-01,141.0,d1 single consistent value
2013-08-13,IS2312,2013-06-01,138.4,"b first revision, printed"
2013-08-13,IS2312,2013-07-01,138.1,"a first publication, printed"
2013-09-12,IS2312,2013-06-01,138.4,d1 single consistent value
2013-09-12,IS2312,2013-07-01,138.1,"b first revision, printed"
2013-09-12,IS2312,2013-08-01,138.7,"a first publication, printed"
2013-10-23,IS2312,2013-07-01,138.8,d1 single consistent value
2013-10-23,IS2312,2013-08-01,139.1,"b first revision, printed"
2013-10-23,IS2312,2013-09-01,139.1,"a first publication, printed"
2013-11-15,IS2312,2013-08-01,139.1,d1 single consistent value
2013-11-15,IS2312,2013-09-01,139.0,"b first revision, printed"
2013-11-15,IS2312,2013-10-01,139.5,"a first publication, printed"
2013-12-12,IS2312,2013-09-01,139.0,"d2 carried, consistent"
2013-12-12,IS2312,2013-10-01,139.5,"b first revision, printed"
2013-12-12,IS2312,2013-11-01,139.3,"a first publication, printed"
2014-01-14,IS2312,2013-10-01,139.5,d1 single consistent value
2014-01-14,IS2312,2013-11-01,139.3,"b first revision, printed"
2014-01-14,IS2312,2013-12-01,139.6,"a first publication, printed"
2014-02-14,IS2312,2013-11-01,139.3,d1 single consistent value
2014-02-14,IS2312,2013-12-01,139.6,"b first revision, printed"
2014-02-14,IS2312,2014-01-01,140.6,"a first publication, printed"
2014-03-13,IS2312,2013-12-01,139.2,d1 single consistent value
2014-03-13,IS2312,2014-01-01,140.3,"b first revision, printed"
2014-03-13,IS2312,2014-02-01,140.5,"a first publication, printed"
2014-04-10,IS2312,2014-01-01,140.3,d1 single consistent value
2014-04-10,IS2312,2014-02-01,140.5,"b first revision, printed"
2014-04-10,IS2312,2014-03-01,141.5,"a first publication, printed"
2014-05-13,IS2312,2014-02-01,140.5,d1 single consistent value
2014-05-13,IS2312,2014-03-01,141.5,"b first revision, printed"
2014-05-13,IS2312,2014-04-01,141.0,"a first publication, printed"
2014-06-12,IS2312,2014-03-01,141.5,d1 single consistent value
2014-06-12,IS2312,2014-04-01,141.0,"b first revision, printed"
2014-06-12,IS2312,2014-05-01,145.3,"a first publication, printed"
2014-07-15,IS2312,2014-04-01,141.0,d1 single consistent value
2014-07-15,IS2312,2014-05-01,145.1,"b first revision, printed"
2014-07-15,IS2312,2014-06-01,145.2,"a first publication, printed"
2014-08-14,IS2312,2014-05-01,145.1,d1 single consistent value
2014-08-14,IS2312,2014-06-01,145.2,"b first revision, printed"
2014-08-14,IS2312,2014-07-01,145.2,"a first publication, printed"
2014-09-12,IS2312,2014-06-01,145.2,d1 single consistent value
2014-09-12,IS2312,2014-07-01,145.2,"b first revision, printed"
2014-09-12,IS2312,2014-08-01,145.2,"a first publication, printed"
2014-10-10,IS2312,2014-07-01,145.2,d1 single consistent value
2014-10-10,IS2312,2014-08-01,145.2,"b first revision, printed"
2014-10-10,IS2312,2014-09-01,145.1,"a first publication, printed"
2014-11-14,IS2312,2014-08-01,145.0,d1 single consistent value
2014-11-14,IS2312,2014-09-01,144.9,"b first revision, printed"
2014-11-14,IS2312,2014-10-01,144.9,"a first publication, printed"
2014-12-11,IS2312,2014-09-01,144.9,d1 single consistent value
2014-12-11,IS2312,2014-10-01,144.9,"b first revision, printed"
2014-12-11,IS2312,2014-11-01,144.6,"a first publication, printed"
2015-01-14,IS2312,2014-10-01,144.9,d1 single consistent value
2015-01-14,IS2312,2014-11-01,144.6,"b first revision, printed"
2015-01-14,IS2312,2014-12-01,143.8,"a first publication, printed"
2015-02-13,IS2312,2014-11-01,144.6,d1 single consistent value
2015-02-13,IS2312,2014-12-01,143.8,"b first revision, printed"
2015-02-13,IS2312,2015-01-01,141.9,"a first publication, printed"
2015-03-12,IS2312,2014-12-01,143.8,d1 single consistent value
2015-03-12,IS2312,2015-01-01,142.5,"b first revision, printed"
2015-03-12,IS2312,2015-02-01,141.4,"a first publication, printed"
2015-04-10,IS2312,2015-01-01,142.2,d1 single consistent value
2015-04-10,IS2312,2015-02-01,141.0,"b first revision, printed"
2015-04-10,IS2312,2015-03-01,140.4,"a first publication, printed"
2015-05-13,IS2312,2015-02-01,141.0,d1 single consistent value
2015-05-13,IS2312,2015-03-01,140.4,"b first revision, printed"
2015-05-13,IS2312,2015-04-01,141.0,"a first publication, printed"
2015-06-11,IS2312,2015-03-01,140.4,"d2 carried, consistent"
2015-06-11,IS2312,2015-04-01,141.0,"b first revision, printed"
2015-06-11,IS2312,2015-05-01,141.1,"a first publication, printed"
2015-07-14,IS2312,2015-04-01,141.0,d1 single consistent value
2015-07-14,IS2312,2015-05-01,140.7,"b first revision, printed"
2015-07-14,IS2312,2015-06-01,140.8,"a first publication, printed"
2015-08-13,IS2312,2015-05-01,140.7,d1 single consistent value
2015-08-13,IS2312,2015-06-01,140.8,"b first revision, printed"
2015-08-13,IS2312,2015-07-01,145.3,"a first publication, printed"
2015-09-10,IS2312,2015-06-01,142.0,d1 single consistent value
2015-09-10,IS2312,2015-07-01,146.4,"b first revision, printed"
2015-09-10,IS2312,2015-08-01,143.6,"a first publication, printed"
2015-10-09,IS2312,2015-07-01,146.4,d1 single consistent value
2015-10-09,IS2312,2015-08-01,143.6,"b first revision, printed"
2015-10-09,IS2312,2015-09-01,142.9,"a first publication, printed"
2015-11-10,IS2312,2015-08-01,143.4,d1 single consistent value
2015-11-10,IS2312,2015-09-01,142.6,"b first revision, printed"
2015-11-10,IS2312,2015-10-01,136.0,"a first publication, printed"
2015-12-10,IS2312,2015-09-01,142.6,"d2 carried, consistent"
2015-12-10,IS2312,2015-10-01,136.0,"b first revision, printed"
2015-12-10,IS2312,2015-11-01,136.5,"a first publication, printed"
2016-01-14,IS2312,2015-10-01,136.0,d1 single consistent value
2016-01-14,IS2312,2015-11-01,136.5,"b first revision, printed"
2016-01-14,IS2312,2015-12-01,134.9,"a first publication, printed"
2016-02-12,IS2312,2015-11-01,135.5,d1 single consistent value
2016-02-12,IS2312,2015-12-01,134.2,"b first revision, printed"
2016-02-12,IS2312,2016-01-01,133.1,"a first publication, printed"
2016-03-11,IS2312,2015-12-01,134.2,d1 single consistent value
2016-03-11,IS2312,2016-01-01,133.1,"b first revision, printed"
2016-03-11,IS2312,2016-02-01,133.4,"a first publication, printed"
2016-04-12,IS2312,2016-01-01,133.1,d1 single consistent value
2016-04-12,IS2312,2016-02-01,133.3,"b first revision, printed"
2016-04-12,IS2312,2016-03-01,126.7,"a first publication, printed"
2016-05-12,IS2312,2016-02-01,137.5,d1 single consistent value
2016-05-12,IS2312,2016-03-01,130.2,"b first revision, printed"
2016-05-12,IS2312,2016-04-01,130.2,"a first publication, printed"
2016-06-14,IS2312,2016-03-01,130.2,d1 single consistent value
2016-06-14,IS2312,2016-04-01,130.2,"b first revision, printed"
2016-06-14,IS2312,2016-05-01,130.2,"a first publication, printed"
2016-07-13,IS2312,2016-04-01,131.6,d1 single consistent value
2016-07-13,IS2312,2016-05-01,131.6,"b first revision, printed"
2016-07-13,IS2312,2016-06-01,131.9,"a first publication, printed"
2016-08-11,IS2312,2016-05-01,131.6,d1 single consistent value
2016-08-11,IS2312,2016-06-01,131.6,"b first revision, printed"
2016-08-11,IS2312,2016-07-01,129.2,"a first publication, printed"
2016-09-14,IS2312,2016-06-01,131.6,d1 single consistent value
2016-09-14,IS2312,2016-07-01,129.8,"b first revision, printed"
2016-09-14,IS2312,2016-08-01,124.9,"a first publication, printed"
2016-10-13,IS2312,2016-07-01,129.8,d1 single consistent value
2016-10-13,IS2312,2016-08-01,128.5,"b first revision, printed"
2016-10-13,IS2312,2016-09-01,128.1,"a first publication, printed"
2016-11-15,IS2312,2016-08-01,128.5,d1 single consistent value
2016-11-15,IS2312,2016-09-01,128.2,"b first revision, printed"
2016-11-15,IS2312,2016-10-01,125.3,"a first publication, printed"
2016-12-13,IS2312,2016-09-01,128.2,d1 single consistent value
2016-12-13,IS2312,2016-10-01,128.7,"b first revision, printed"
2016-12-13,IS2312,2016-11-01,128.6,"a first publication, printed"
2017-01-12,IS2312,2016-10-01,128.7,d1 single consistent value
2017-01-12,IS2312,2016-11-01,128.6,"b first revision, printed"
2017-01-12,IS2312,2016-12-01,128.7,"a first publication, printed"
2017-02-10,IS2312,2016-11-01,128.6,d1 single consistent value
2017-02-10,IS2312,2016-12-01,128.7,"b first revision, printed"
2017-02-10,IS2312,2017-01-01,131.6,"a first publication, printed"
2017-03-09,IS2312,2016-12-01,128.7,d1 single consistent value
2017-03-09,IS2312,2017-01-01,134.2,"b first revision, printed"
2017-03-09,IS2312,2017-02-01,134.4,"a first publication, printed"
2017-04-12,IS2312,2017-01-01,133.9,d3 nearest consistent value
2017-04-12,IS2312,2017-02-01,134.0,"b first revision, printed"
2017-04-12,IS2312,2017-03-01,134.4,"a first publication, printed"
2017-05-10,IS2312,2017-02-01,134.0,d1 single consistent value
2017-05-10,IS2312,2017-03-01,134.4,"b first revision, printed"
2017-05-10,IS2312,2017-04-01,127.8,"a first publication, printed"
2017-06-15,IS2312,2017-03-01,134.4,d1 single consistent value
2017-06-15,IS2312,2017-04-01,129.0,"b first revision, printed"
2017-06-15,IS2312,2017-05-01,135.6,"a first publication, printed"
2017-07-18,IS2312,2017-04-01,129.0,d1 single consistent value
2017-07-18,IS2312,2017-05-01,134.1,"b first revision, printed"
2017-07-18,IS2312,2017-06-01,132.7,"a first publication, printed"
2017-08-15,IS2312,2017-05-01,134.1,d1 single consistent value
2017-08-15,IS2312,2017-06-01,137.4,"b first revision, printed"
2017-08-15,IS2312,2017-07-01,141.4,"a first publication, printed"
2017-09-19,IS2312,2017-06-01,137.4,d1 single consistent value
2017-09-19,IS2312,2017-07-01,141.4,"b first revision, printed"
2017-09-19,IS2312,2017-08-01,137.0,"a first publication, printed"
2017-10-17,IS2312,2017-07-01,141.4,d1 single consistent value
2017-10-17,IS2312,2017-08-01,137.0,"b first revision, printed"
2017-10-17,IS2312,2017-09-01,133.7,"a first publication, printed"
2017-11-16,IS2312,2017-08-01,137.0,d1 single consistent value
2017-11-16,IS2312,2017-09-01,133.7,"b first revision, printed"
2017-11-16,IS2312,2017-10-01,134.0,"a first publication, printed"
2017-12-14,IS2312,2017-09-01,133.7,d1 single consistent value
2017-12-14,IS2312,2017-10-01,134.0,"b first revision, printed"
2017-12-14,IS2312,2017-11-01,136.8,"a first publication, printed"
2018-01-10,IS2312,2017-10-01,134.0,d1 single consistent value
2018-01-10,IS2312,2017-11-01,136.8,"b first revision, printed"
2018-01-10,IS2312,2017-12-01,136.1,"a first publication, printed"
2018-02-16,IS2312,2017-11-01,136.8,d1 single consistent value
2018-02-16,IS2312,2017-12-01,136.1,"b first revision, printed"
2018-02-16,IS2312,2018-01-01,136.4,"a first publication, printed"
2018-03-15,IS2312,2017-12-01,136.1,d1 single consistent value
2018-03-15,IS2312,2018-01-01,136.4,"b first revision, printed"
2018-03-15,IS2312,2018-02-01,130.4,"a first publication, printed"
2018-04-12,IS2312,2018-01-01,136.7,d1 single consistent value
2018-04-12,IS2312,2018-02-01,130.2,"b first revision, printed"
2018-04-12,IS2312,2018-03-01,137.7,"a first publication, printed"
2018-05-11,IS2312,2018-02-01,130.2,"d2 carried, consistent"
2018-05-11,IS2312,2018-03-01,137.7,"b first revision, printed"
2018-05-11,IS2312,2018-04-01,137.2,"a first publication, printed"
2018-06-14,IS2312,2018-03-01,137.7,d1 single consistent value
2018-06-14,IS2312,2018-04-01,137.1,"b first revision, printed"
2018-06-14,IS2312,2018-05-01,132.0,"a first publication, printed"
2018-07-13,IS2312,2018-04-01,137.1,d1 single consistent value
2018-07-13,IS2312,2018-05-01,132.0,"b first revision, printed"
2018-07-13,IS2312,2018-06-01,131.2,"a first publication, printed"
2018-08-14,IS2312,2018-05-01,132.0,d1 single consistent value
2018-08-14,IS2312,2018-06-01,131.2,"b first revision, printed"
2018-08-14,IS2312,2018-07-01,142.2,"a first publication, printed"
2018-09-14,IS2312,2018-06-01,131.2,d1 single consistent value
2018-09-14,IS2312,2018-07-01,142.2,"b first revision, printed"
2018-09-14,IS2312,2018-08-01,152.7,"a first publication, printed"
2018-10-12,IS2312,2018-07-01,142.2,d1 single consistent value
2018-10-12,IS2312,2018-08-01,152.7,"b first revision, printed"
2018-10-12,IS2312,2018-09-01,142.4,"a first publication, printed"
2018-11-15,IS2312,2018-08-01,153.2,d1 single consistent value
2018-11-15,IS2312,2018-09-01,142.9,"b first revision, printed"
2018-11-15,IS2312,2018-10-01,140.3,"a first publication, printed"
2018-12-13,IS2312,2018-09-01,142.9,d1 single consistent value
2018-12-13,IS2312,2018-10-01,140.3,"b first revision, printed"
2018-12-13,IS2312,2018-11-01,144.9,"a first publication, printed"
2019-01-16,IS2312,2018-10-01,140.3,d1 single consistent value
2019-01-16,IS2312,2018-11-01,144.9,"b first revision, printed"
2019-01-16,IS2312,2018-12-01,145.1,"a first publication, printed"
2019-02-15,IS2312,2018-11-01,144.9,d1 single consistent value
2019-02-15,IS2312,2018-12-01,144.9,"b first revision, printed"
2019-02-15,IS2312,2019-01-01,135.9,"a first publication, printed"
2019-03-14,IS2312,2018-12-01,144.9,d1 single consistent value
2019-03-14,IS2312,2019-01-01,138.6,"b first revision, printed"
2019-03-14,IS2312,2019-02-01,140.5,"a first publication, printed"
2019-04-12,IS2312,2019-01-01,138.6,d1 single consistent value
2019-04-12,IS2312,2019-02-01,140.5,"b first revision, printed"
2019-04-12,IS2312,2019-03-01,140.5,"a first publication, printed"
2019-05-14,IS2312,2019-02-01,140.5,d1 single consistent value
2019-05-14,IS2312,2019-03-01,140.5,"b first revision, printed"
2019-05-14,IS2312,2019-04-01,137.5,"a first publication, printed"
2019-06-13,IS2312,2019-03-01,140.5,d1 single consistent value
2019-06-13,IS2312,2019-04-01,137.5,"b first revision, printed"
2019-06-13,IS2312,2019-05-01,137.5,"a first publication, printed"
2019-07-16,IS2312,2019-04-01,137.5,d1 single consistent value
2019-07-16,IS2312,2019-05-01,137.5,"b first revision, printed"
2019-07-16,IS2312,2019-06-01,138.0,"a first publication, printed"
2019-08-14,IS2312,2019-05-01,137.5,d1 single consistent value
2019-08-14,IS2312,2019-06-01,138.0,"b first revision, printed"
2019-08-14,IS2312,2019-07-01,146.5,"a first publication, printed"
2019-09-13,IS2312,2019-06-01,138.0,d1 single consistent value
2019-09-13,IS2312,2019-07-01,146.5,"b first revision, printed"
2019-09-13,IS2312,2019-08-01,141.0,"a first publication, printed"
2019-10-11,IS2312,2019-07-01,146.5,"d2 carried, consistent"
2019-10-11,IS2312,2019-08-01,141.0,"b first revision, printed"
2019-10-11,IS2312,2019-09-01,131.5,"a first publication, printed"
2019-11-15,IS2312,2019-08-01,141.0,"d2 carried, consistent"
2019-11-15,IS2312,2019-09-01,131.5,"b first revision, printed"
2019-11-15,IS2312,2019-10-01,133.9,"a first publication, printed"
2019-12-13,IS2312,2019-09-01,131.5,d1 single consistent value
2019-12-13,IS2312,2019-10-01,133.9,"b first revision, printed"
2019-12-13,IS2312,2019-11-01,139.7,"a first publication, printed"
2020-01-16,IS2312,2019-10-01,133.9,d1 single consistent value
2020-01-16,IS2312,2019-11-01,139.7,"b first revision, printed"
2020-01-16,IS2312,2019-12-01,141.1,"a first publication, printed"
2020-02-14,IS2312,2019-11-01,139.7,d1 single consistent value
2020-02-14,IS2312,2019-12-01,141.1,"b first revision, printed"
2020-02-14,IS2312,2020-01-01,143.0,"a first publication, printed"
2020-03-13,IS2312,2019-12-01,141.1,d1 single consistent value
2020-03-13,IS2312,2020-01-01,143.0,"b first revision, printed"
2020-03-13,IS2312,2020-02-01,227.3,"a first publication, printed"
2020-04-14,IS2312,2020-01-01,143.0,d1 single consistent value
2020-04-14,IS2312,2020-02-01,227.3,"b first revision, printed"
2020-04-14,IS2312,2020-03-01,152.2,"a first publication, printed"
2020-05-14,IS2312,2020-02-01,227.3,d1 single consistent value
2020-05-14,IS2312,2020-03-01,152.2,"b first revision, printed"
2020-05-14,IS2312,2020-04-01,151.3,"a first publication, printed"
2020-06-12,IS2312,2020-03-01,152.2,"d2 carried, consistent"
2020-06-12,IS2312,2020-04-01,151.5,"b first revision, printed"
2020-06-12,IS2312,2020-05-01,153.2,"a first publication, printed"
2020-07-15,IS2312,2020-04-01,151.5,d1 single consistent value
2020-07-15,IS2312,2020-05-01,153.2,"b first revision, printed"
2020-07-15,IS2312,2020-06-01,141.4,"a first publication, printed"
2020-08-13,IS2312,2020-05-01,153.2,"d2 carried, consistent"
2020-08-13,IS2312,2020-06-01,134.9,"b first revision, printed"
2020-08-13,IS2312,2020-07-01,137.0,"a first publication, printed"
2020-09-15,IS2312,2020-06-01,134.9,d1 single consistent value
2020-09-15,IS2312,2020-07-01,137.0,"b first revision, printed"
2020-09-15,IS2312,2020-08-01,135.3,"a first publication, printed"
2020-10-15,IS2312,2020-07-01,137.0,d1 single consistent value
2020-10-15,IS2312,2020-08-01,135.3,"b first revision, printed"
2020-10-15,IS2312,2020-09-01,130.8,"a first publication, printed"
2020-11-17,IS2312,2020-08-01,135.3,"d2 carried, consistent"
2020-11-17,IS2312,2020-09-01,126.7,"b first revision, printed"
2020-11-17,IS2312,2020-10-01,131.8,"a first publication, printed"
2020-12-15,IS2312,2020-09-01,126.7,d1 single consistent value
2020-12-15,IS2312,2020-10-01,131.8,"b first revision, printed"
2020-12-15,IS2312,2020-11-01,136.1,"a first publication, printed"
2021-01-14,IS2312,2020-10-01,131.8,d1 single consistent value
2021-01-14,IS2312,2020-11-01,136.1,"b first revision, printed"
2021-01-14,IS2312,2020-12-01,146.1,"a first publication, printed"
2021-02-18,IS2312,2020-11-01,136.1,d1 single consistent value
2021-02-18,IS2312,2020-12-01,144.7,"b first revision, printed"
2021-02-18,IS2312,2021-01-01,144.7,"a first publication, printed"
2021-03-16,IS2312,2020-12-01,144.7,d1 single consistent value
2021-03-16,IS2312,2021-01-01,144.7,"b first revision, printed"
2021-03-16,IS2312,2021-02-01,133.0,"a first publication, printed"
2021-04-14,IS2312,2021-01-01,144.7,d1 single consistent value
2021-04-14,IS2312,2021-02-01,162.6,"b first revision, printed"
2021-04-14,IS2312,2021-03-01,165.5,"a first publication, printed"
2021-05-14,IS2312,2021-02-01,162.6,d1 single consistent value
2021-05-14,IS2312,2021-03-01,164.4,"b first revision, printed"
2021-05-14,IS2312,2021-04-01,163.6,"a first publication, printed"
2021-06-16,IS2312,2021-03-01,164.9,d3 nearest consistent value
2021-06-16,IS2312,2021-04-01,165.7,"b first revision, printed"
2021-06-16,IS2312,2021-05-01,139.6,"a first publication, printed"
2021-07-15,IS2312,2021-04-01,165.7,"d2 carried, consistent"
2021-07-15,IS2312,2021-05-01,139.6,"b first revision, printed"
2021-07-15,IS2312,2021-06-01,124.1,"a first publication, printed"
2021-08-13,IS2312,2021-05-01,139.6,d1 single consistent value
2021-08-13,IS2312,2021-06-01,124.1,"b first revision, printed"
2021-08-13,IS2312,2021-07-01,133.7,"a first publication, printed"
2021-09-15,IS2312,2021-06-01,124.1,d1 single consistent value
2021-09-15,IS2312,2021-07-01,133.7,"b first revision, printed"
2021-09-15,IS2312,2021-08-01,146.9,"a first publication, printed"
2021-10-15,IS2312,2021-07-01,133.7,d1 single consistent value
2021-10-15,IS2312,2021-08-01,146.9,"b first revision, printed"
2021-10-15,IS2312,2021-09-01,136.9,"a first publication, printed"
2021-11-16,IS2312,2021-08-01,146.9,d1 single consistent value
2021-11-16,IS2312,2021-09-01,136.9,"b first revision, printed"
2021-11-16,IS2312,2021-10-01,140.3,"a first publication, printed"
2021-12-15,IS2312,2021-09-01,136.9,d1 single consistent value
2021-12-15,IS2312,2021-10-01,140.3,"b first revision, printed"
2021-12-15,IS2312,2021-11-01,334.8,"a first publication, printed"
2022-01-14,IS2312,2021-10-01,140.3,d1 single consistent value
2022-01-14,IS2312,2021-11-01,334.8,"b first revision, printed"
2022-01-14,IS2312,2021-12-01,339.2,"a first publication, printed"
2022-02-16,IS2312,2021-11-01,239.7,d3 nearest consistent value
2022-02-16,IS2312,2021-12-01,253.1,"b first revision, printed"
2022-02-16,IS2312,2022-01-01,277.4,"a first publication, printed"
2022-03-16,IS2312,2021-12-01,253.1,"d2 carried, consistent"
2022-03-16,IS2312,2022-01-01,277.4,"b first revision, printed"
2022-03-16,IS2312,2022-02-01,225.4,"a first publication, printed"
2022-04-14,IS2312,2022-01-01,277.4,"d2 carried, consistent"
2022-04-14,IS2312,2022-02-01,225.0,"b first revision, printed"
2022-04-14,IS2312,2022-03-01,231.8,"a first publication, printed"
2022-05-13,IS2312,2022-02-01,225.0,"d2 carried, consistent"
2022-05-13,IS2312,2022-03-01,244.6,"b first revision, printed"
2022-05-13,IS2312,2022-04-01,252.6,"a first publication, printed"
2022-06-15,IS2312,2022-03-01,244.6,d1 single consistent value
2022-06-15,IS2312,2022-04-01,250.1,"b first revision, printed"
2022-06-15,IS2312,2022-05-01,236.9,"a first publication, printed"
2022-07-15,IS2312,2022-04-01,250.1,"d2 carried, consistent"
2022-07-15,IS2312,2022-05-01,239.3,"b first revision, printed"
2022-07-15,IS2312,2022-06-01,253.5,"a first publication, printed"
2022-08-12,IS2312,2022-05-01,239.3,"d2 carried, consistent"
2022-08-12,IS2312,2022-06-01,260.4,"b first revision, printed"
2022-08-12,IS2312,2022-07-01,233.7,"a first publication, printed"
2022-09-15,IS2312,2022-06-01,260.4,"d2 carried, consistent"
2022-09-15,IS2312,2022-07-01,236.4,"b first revision, printed"
2022-09-15,IS2312,2022-08-01,243.2,"a first publication, printed"
2022-10-14,IS2312,2022-07-01,236.4,d1 single consistent value
2022-10-14,IS2312,2022-08-01,242.5,"b first revision, printed"
2022-10-14,IS2312,2022-09-01,228.1,"a first publication, printed"
2022-11-16,IS2312,2022-08-01,242.5,"d2 carried, consistent"
2022-11-16,IS2312,2022-09-01,270.2,"b first revision, printed"
2022-11-16,IS2312,2022-10-01,268.0,"a first publication, printed"
2022-12-14,IS2312,2022-09-01,270.2,d1 single consistent value
2022-12-14,IS2312,2022-10-01,271.1,"b first revision, printed"
2022-12-14,IS2312,2022-11-01,266.8,"a first publication, printed"
2023-01-13,IS2312,2022-10-01,271.1,d1 single consistent value
2023-01-13,IS2312,2022-11-01,211.8,"b first revision, printed"
2023-01-13,IS2312,2022-12-01,227.2,"a first publication, printed"
2023-02-17,IS2312,2022-11-01,211.8,d1 single consistent value
2023-02-17,IS2312,2022-12-01,228.8,"b first revision, printed"
2023-02-17,IS2312,2023-01-01,206.2,"a first publication, printed"
2023-03-16,IS2312,2022-12-01,228.8,d1 single consistent value
2023-03-16,IS2312,2023-01-01,207.4,"b first revision, printed"
2023-03-16,IS2312,2023-02-01,245.7,"a first publication, printed"
2023-04-14,IS2312,2023-01-01,207.4,"d2 carried, consistent"
2023-04-14,IS2312,2023-02-01,241.6,"b first revision, printed"
2023-04-14,IS2312,2023-03-01,234.1,"a first publication, printed"
2023-05-12,IS2312,2023-02-01,241.6,d1 single consistent value
2023-05-12,IS2312,2023-03-01,228.2,"b first revision, printed"
2023-05-12,IS2312,2023-04-01,211.1,"a first publication, printed"
2023-06-15,IS2312,2023-03-01,215.8,d3 nearest consistent value
2023-06-15,IS2312,2023-04-01,204.1,"b first revision, printed"
2023-06-15,IS2312,2023-05-01,190.7,"a first publication, printed"
2023-07-14,IS2312,2023-04-01,203.3,d1 single consistent value
2023-07-14,IS2312,2023-05-01,188.8,"b first revision, printed"
2023-07-14,IS2312,2023-06-01,193.2,"a first publication, printed"
2023-08-15,IS2312,2023-05-01,188.8,d1 single consistent value
2023-08-15,IS2312,2023-06-01,197.1,"b first revision, printed"
2023-08-15,IS2312,2023-07-01,170.9,"a first publication, printed"
2023-09-15,IS2312,2023-06-01,200.0,d3 nearest consistent value
2023-09-15,IS2312,2023-07-01,175.4,"b first revision, printed"
2023-09-15,IS2312,2023-08-01,178.8,"a first publication, printed"
2023-10-13,IS2312,2023-07-01,175.2,d1 single consistent value
2023-10-13,IS2312,2023-08-01,179.0,"b first revision, printed"
2023-10-13,IS2312,2023-09-01,191.0,"a first publication, printed"
2023-11-16,IS2312,2023-08-01,175.3,d1 single consistent value
2023-11-16,IS2312,2023-09-01,198.1,"b first revision, printed"
2023-11-16,IS2312,2023-10-01,211.6,"a first publication, printed"
2023-12-14,IS2312,2023-09-01,198.1,d1 single consistent value
2023-12-14,IS2312,2023-10-01,207.8,"b first revision, printed"
2023-12-14,IS2312,2023-11-01,188.9,"a first publication, printed"
2024-01-17,IS2312,2023-10-01,204.4,d3 nearest consistent value
2024-01-17,IS2312,2023-11-01,184.2,"b first revision, printed"
2024-01-17,IS2312,2023-12-01,185.5,"a first publication, printed"
2024-02-15,IS2312,2023-11-01,199.2,d1 single consistent value
2024-02-15,IS2312,2023-12-01,195.3,"b first revision, printed"
2024-02-15,IS2312,2024-01-01,192.7,"a first publication, printed"
2024-03-15,IS2312,2023-12-01,197.6,d1 single consistent value
2024-03-15,IS2312,2024-01-01,203.3,"b first revision, printed"
2024-03-15,IS2312,2024-02-01,209.9,"a first publication, printed"
2024-04-12,IS2312,2024-01-01,203.3,"d2 carried, consistent"
2024-04-12,IS2312,2024-02-01,208.6,"b first revision, printed"
2024-04-12,IS2312,2024-03-01,204.7,"a first publication, printed"
2024-05-16,IS2312,2024-02-01,186.8,d1 single consistent value
2024-05-16,IS2312,2024-03-01,179.4,"b first revision, printed"
2024-05-16,IS2312,2024-04-01,185.4,"a first publication, printed"
2024-06-14,IS2312,2024-03-01,179.4,d1 single consistent value
2024-06-14,IS2312,2024-04-01,182.1,"b first revision, printed"
2024-06-14,IS2312,2024-05-01,184.9,"a first publication, printed"
2024-07-16,IS2312,2024-04-01,182.1,d1 single consistent value
2024-07-16,IS2312,2024-05-01,179.2,"b first revision, printed"
2024-07-16,IS2312,2024-06-01,186.6,"a first publication, printed"
2024-08-15,IS2312,2024-05-01,179.2,d1 single consistent value
2024-08-15,IS2312,2024-06-01,186.4,"b first revision, printed"
2024-08-15,IS2312,2024-07-01,176.1,"a first publication, printed"
2024-09-13,IS2312,2024-06-01,186.1,d1 single consistent value
2024-09-13,IS2312,2024-07-01,171.7,"b first revision, printed"
2024-09-13,IS2312,2024-08-01,176.1,"a first publication, printed"
2024-10-16,IS2312,2024-07-01,172.9,d3 nearest consistent value
2024-10-16,IS2312,2024-08-01,186.7,"b first revision, printed"
2024-10-16,IS2312,2024-09-01,181.1,"a first publication, printed"
2024-11-15,IS2312,2024-08-01,186.7,"d2 carried, consistent"
2024-11-15,IS2312,2024-09-01,178.5,"b first revision, printed"
2024-11-15,IS2312,2024-10-01,181.0,"a first publication, printed"
2024-12-13,IS2312,2024-09-01,180.7,d3 nearest consistent value
2024-12-13,IS2312,2024-10-01,184.0,"b first revision, printed"
2024-12-13,IS2312,2024-11-01,183.3,"a first publication, printed"
2025-01-16,IS2312,2024-10-01,186.1,d1 single consistent value
2025-01-16,IS2312,2024-11-01,192.0,"b first revision, printed"
2025-01-16,IS2312,2024-12-01,174.0,"a first publication, printed"
2025-02-14,IS2312,2024-11-01,192.0,"d2 carried, consistent"
2025-02-14,IS2312,2024-12-01,171.9,"b first revision, printed"
2025-02-14,IS2312,2025-01-01,185.7,"a first publication, printed"
2025-03-18,IS2312,2024-12-01,171.9,d1 single consistent value
2025-03-18,IS2312,2025-01-01,186.9,"b first revision, printed"
2025-03-18,IS2312,2025-02-01,182.3,"a first publication, printed"
2025-04-15,IS2312,2025-01-01,182.8,d1 single consistent value
2025-04-15,IS2312,2025-02-01,176.1,"b first revision, printed"
2025-04-15,IS2312,2025-03-01,173.6,"a first publication, printed"
2025-05-16,IS2312,2025-02-01,177.3,d3 nearest consistent value
2025-05-16,IS2312,2025-03-01,177.9,"b first revision, printed"
2025-05-16,IS2312,2025-04-01,181.3,"a first publication, printed"
2025-06-17,IS2312,2025-03-01,177.9,d1 single consistent value
2025-06-17,IS2312,2025-04-01,177.7,"b first revision, printed"
2025-06-17,IS2312,2025-05-01,162.8,"a first publication, printed"
2025-07-17,IS2312,2025-04-01,178.5,d1 single consistent value
2025-07-17,IS2312,2025-05-01,163.4,"b first revision, printed"
2025-07-17,IS2312,2025-06-01,174.1,"a first publication, printed"
2025-08-15,IS2312,2025-05-01,163.4,d1 single consistent value
2025-08-15,IS2312,2025-06-01,175.8,"b first revision, printed"
2025-08-15,IS2312,2025-07-01,179.4,"a first publication, printed"
2025-09-16,IS2312,2025-06-01,175.8,d1 single consistent value
2025-09-16,IS2312,2025-07-01,180.5,"b first revision, printed"
2025-09-16,IS2312,2025-08-01,172.2,"a first publication, printed"
2025-12-03,IS2312,2025-07-01,163.4,d1 single consistent value
2025-12-03,IS2312,2025-08-01,161.7,"b first revision, printed"
2025-12-03,IS2312,2025-09-01,160.5,"a first publication, printed"
2026-01-15,IS2312,2025-09-01,156.4,d3 nearest consistent value
2026-01-15,IS2312,2025-11-01,158.2,"a first publication, printed"
2026-02-10,IS2312,,,f no table printed: nothing new on record
2026-03-05,IS2312,2025-11-01,155.1,d3 nearest consistent value
2026-03-05,IS2312,2025-12-01,155.6,"b first revision, printed"
2026-03-05,IS2312,2026-01-01,156.8,"a first publication, printed"
2026-03-25,IS2312,2025-12-01,155.6,d1 single consistent value
2026-03-25,IS2312,2026-01-01,156.1,"b first revision, printed"
2026-03-25,IS2312,2026-02-01,156.7,"a first publication, printed"
2026-04-15,IS2312,2026-01-01,155.7,d1 single consistent value
2026-04-15,IS2312,2026-02-01,159.4,"b first revision, printed"
2026-04-15,IS2312,2026-03-01,160.8,"a first publication, printed"
2026-05-14,IS2312,2026-02-01,159.4,"d2 carried, consistent"
2026-05-14,IS2312,2026-03-01,160.7,"b first revision, printed"
2026-05-14,IS2312,2026-04-01,178.6,"a first publication, printed"
2026-06-16,IS2312,2026-03-01,160.7,d1 single consistent value
2026-06-16,IS2312,2026-04-01,178.4,"b first revision, printed"
2026-06-16,IS2312,2026-05-01,179.1,"a first publication, printed"
2026-07-17,IS2312,2026-04-01,172.0,d1 single consistent value
2026-07-17,IS2312,2026-05-01,173.9,"b first revision, printed"
2026-07-17,IS2312,2026-06-01,170.8,"a first publication, printed"
2026-08-18,IS2312,2026-05-01,177.3,d3 nearest consistent value
2026-08-18,IS2312,2026-06-01,174.5,"b first revision, printed"
2026-08-18,IS2312,2026-07-01,176.2,"a first publication, printed"
2026-09-16,IS2312,2026-06-01,174.5,"d2 carried, consistent"
2026-09-16,IS2312,2026-07-01,183.2,"b first revision, printed"
2026-09-16,IS2312,2026-08-01,182.9,"a first publication, printed"
