observation_date,IC1311_20100316,IC1311_20100413,IC1311_20100513,IC1311_20100615,IC1311_20100714,IC1311_20100812,IC1311_20100915,IC1311_20101013,IC1311_20101110,IC1311_20101210,IC1311_20110112,IC1311_20110215,IC1311_20110315,IC1311_20110412,IC1311_20110510,IC1311_20110610,IC1311_20110713,IC1311_20110816,IC1311_20110913,IC1311_20111014,IC1311_20111110,IC1311_20111214,IC1311_20120113,IC1311_20120214,IC1311_20120314,IC1311_20120411,IC1311_20120510,IC1311_20120612,IC1311_20120712,IC1311_20120810,IC1311_20120912,IC1311_20121011,IC1311_20121109,IC1311_20121212,IC1311_20130111,IC1311_20130213,IC1311_20130313,IC1311_20130411,IC1311_20130514,IC1311_20130613,IC1311_20130711,IC1311_20130813,IC1311_20130912,IC1311_20131023,IC1311_20131115,IC1311_20131212,IC1311_20140114,IC1311_20140214,IC1311_20140313,IC1311_20140410,IC1311_20140513,IC1311_20140612,IC1311_20140715,IC1311_20140814,IC1311_20140912,IC1311_20141010,IC1311_20141114,IC1311_20141211,IC1311_20150114,IC1311_20150213,IC1311_20150312,IC1311_20150410,IC1311_20150513,IC1311_20150611,IC1311_20150714,IC1311_20150813,IC1311_20150910,IC1311_20151009,IC1311_20151110,IC1311_20151210,IC1311_20160114,IC1311_20160212,IC1311_20160311,IC1311_20160412,IC1311_20160512,IC1311_20160614,IC1311_20160713,IC1311_20160811,IC1311_20160914,IC1311_20161013,IC1311_20161115,IC1311_20161213,IC1311_20170112,IC1311_20170210,IC1311_20170309,IC1311_20170412,IC1311_20170510,IC1311_20170615,IC1311_20170718,IC1311_20170815,IC1311_20170919,IC1311_20171017,IC1311_20171116,IC1311_20171214,IC1311_20180110,IC1311_20180216,IC1311_20180315,IC1311_20180412,IC1311_20180511,IC1311_20180614,IC1311_20180713,IC1311_20180814,IC1311_20180914,IC1311_20181012,IC1311_20181115,IC1311_20181213,IC1311_20190116,IC1311_20190215,IC1311_20190314,IC1311_20190412,IC1311_20190514,IC1311_20190613,IC1311_20190716,IC1311_20190814,IC1311_20190913,IC1311_20191011,IC1311_20191115,IC1311_20191213,IC1311_20200116,IC1311_20200214,IC1311_20200313,IC1311_20200414,IC1311_20200514,IC1311_20200612,IC1311_20200715,IC1311_20200813,IC1311_20200915,IC1311_20201015,IC1311_20201117,IC1311_20201215,IC1311_20210114,IC1311_20210218,IC1311_20210316,IC1311_20210414,IC1311_20210514,IC1311_20210616,IC1311_20210715,IC1311_20210813,IC1311_20210915,IC1311_20211015,IC1311_20211116,IC1311_20211215,IC1311_20220114,IC1311_20220216,IC1311_20220316,IC1311_20220414,IC1311_20220513,IC1311_20220615,IC1311_20220715,IC1311_20220812,IC1311_20220915,IC1311_20221014,IC1311_20221116,IC1311_20221214,IC1311_20230113,IC1311_20230217,IC1311_20230316,IC1311_20230414,IC1311_20230512,IC1311_20230615,IC1311_20230714,IC1311_20230815,IC1311_20230915,IC1311_20231013,IC1311_20231116,IC1311_20231214,IC1311_20240117,IC1311_20240215,IC1311_20240315,IC1311_20240412,IC1311_20240516,IC1311_20240614,IC1311_20240716,IC1311_20240815,IC1311_20240913,IC1311_20241016,IC1311_20241115,IC1311_20241213,IC1311_20250116,IC1311_20250214,IC1311_20250318,IC1311_20250415,IC1311_20250516,IC1311_20250617,IC1311_20250717,IC1311_20250815,IC1311_20250916,IC1311_20251203,IC1311_20260115,IC1311_20260210,IC1311_20260305,IC1311_20260325,IC1311_20260415,IC1311_20260514,IC1311_20260616,IC1311_20260717,IC1311_20260818,IC1311_20260916
2003-12-01,100.0,100.0,100.0,100.0,100.0,100.0,100.0,100.0,100.0,100.0,100.0,100.0,100.0,100.0,100.0,100.0,100.0,100.0,100.0,100.0,100.0,100.0,100.0,100.0,100.0,100.0,100.0,100.0,100.0,100.0,100.0,100.0,100.0,100.0,100.0,100.0,100.0,100.0,100.0,100.0,100.0,100.0,100.0,100.0,100.0,100.0,100.0,100.0,100.0,100.0,100.0,100.0,100.0,100.0,100.0,100.0,100.0,100.0,100.0,100.0,100.0,100.0,100.0,100.0,100.0,100.0,100.0,100.0,100.0,100.0,100.0,100.0,100.0,100.0,100.0,100.0,100.0,100.0,100.0,100.0,100.0,100.0,100.0,100.0,100.0,100.0,100.0,100.0,100.0,100.0,100.0,100.0,100.0,100.0,100.0,100.0,100.0,100.0,100.0,100.0,100.0,100.0,100.0,100.0,100.0,100.0,100.0,100.0,100.0,100.0,100.0,100.0,100.0,100.0,100.0,100.0,100.0,100.0,100.0,100.0,100.0,100.0,100.0,100.0,100.0,100.0,100.0,100.0,100.0,100.0,100.0,100.0,100.0,100.0,100.0,100.0,100.0,100.0,100.0,100.0,100.0,100.0,100.0,100.0,100.0,100.0,100.0,100.0,100.0,100.0,100.0,100.0,100.0,100.0,100.0,100.0,100.0,100.0,100.0,100.0,100.0,100.0,100.0,100.0,100.0,100.0,100.0,100.0,100.0,100.0,100.0,100.0,100.0,100.0,100.0,100.0,100.0,100.0,100.0,100.0,100.0,100.0,100.0,100.0,100.0,100.0,100.0,100.0,100.0,100.0,100.0,100.0,100.0,100.0,100.0,100.0,100.0,100.0
2004-01-01,,,,,,,,,,,,,,,,,,,,,,,,,,,,,,,,,,,,,,,,,,,,,,,,,,,,,,,,,,,,,,,,,,,,,,,,,,,,,,,,,,,,,,,,,,,,,,,,,,,,,,,,,,,,,,,,,,,,,,,,,,,,,,,,,,,,,,,,,,,,,,,,,,,,,,,,,,,,,,,,,,,,,,,,,,,,,,,,,,,,,,,,,,,,,,,,,,,,,,
2004-02-01,,,,,,,,,,,,,,,,,,,,,,,,,,,,,,,,,,,,,,,,,,,,,,,,,,,,,,,,,,,,,,,,,,,,,,,,,,,,,,,,,,,,,,,,,,,,,,,,,,,,,,,,,,,,,,,,,,,,,,,,,,,,,,,,,,,,,,,,,,,,,,,,,,,,,,,,,,,,,,,,,,,,,,,,,,,,,,,,,,,,,,,,,,,,,,,,,,,,,,
2004-03-01,107.0,107.0,107.0,107.0,107.0,107.0,107.0,107.0,107.0,107.0,107.0,107.0,107.0,107.0,107.0,107.0,107.0,107.0,107.0,107.0,107.0,107.0,107.0,107.0,107.0,107.0,107.0,107.0,107.0,107.0,107.0,107.0,107.0,107.0,107.0,107.0,107.0,107.0,107.0,107.0,107.0,107.0,107.0,107.0,107.0,107.0,107.0,107.0,107.0,107.0,107.0,107.0,107.0,107.0,107.0,107.0,107.0,107.0,107.0,107.0,107.0,107.0,107.0,107.0,107.0,107.0,107.0,107.0,107.0,107.0,107.0,107.0,107.0,107.0,107.0,107.0,107.0,107.0,107.0,107.0,107.0,107.0,107.0,107.0,107.0,107.0,107.0,107.0,107.0,107.0,107.0,107.0,107.0,107.0,107.0,107.0,107.0,107.0,107.0,107.0,107.0,107.0,107.0,107.0,107.0,107.0,107.0,107.0,107.0,107.0,107.0,107.0,107.0,107.0,107.0,107.0,107.0,107.0,107.0,107.0,107.0,107.0,107.0,107.0,107.0,107.0,107.0,107.0,107.0,107.0,107.0,107.0,107.0,107.0,107.0,107.0,107.0,107.0,107.0,107.0,107.0,107.0,107.0,107.0,107.0,107.0,107.0,107.0,107.0,107.0,107.0,107.0,107.0,107.0,107.0,107.0,107.0,107.0,107.0,107.0,107.0,107.0,107.0,107.0,107.0,107.0,107.0,107.0,107.0,107.0,107.0,107.0,107.0,107.0,107.0,107.0,107.0,107.0,107.0,107.0,107.0,107.0,107.0,107.0,107.0,107.0,107.0,107.0,107.0,107.0,107.0,107.0,107.0,107.0,107.0,107.0,107.0,107.0
2004-04-01,,,,,,,,,,,,,,,,,,,,,,,,,,,,,,,,,,,,,,,,,,,,,,,,,,,,,,,,,,,,,,,,,,,,,,,,,,,,,,,,,,,,,,,,,,,,,,,,,,,,,,,,,,,,,,,,,,,,,,,,,,,,,,,,,,,,,,,,,,,,,,,,,,,,,,,,,,,,,,,,,,,,,,,,,,,,,,,,,,,,,,,,,,,,,,,,,,,,,,
2004-05-01,,,,,,,,,,,,,,,,,,,,,,,,,,,,,,,,,,,,,,,,,,,,,,,,,,,,,,,,,,,,,,,,,,,,,,,,,,,,,,,,,,,,,,,,,,,,,,,,,,,,,,,,,,,,,,,,,,,,,,,,,,,,,,,,,,,,,,,,,,,,,,,,,,,,,,,,,,,,,,,,,,,,,,,,,,,,,,,,,,,,,,,,,,,,,,,,,,,,,,
2004-06-01,108.0,108.0,108.0,108.0,108.0,108.0,108.0,108.0,108.0,108.0,108.0,108.0,108.0,108.0,108.0,108.0,108.0,108.0,108.0,108.0,108.0,108.0,108.0,108.0,108.0,108.0,108.0,108.0,108.0,108.0,108.0,108.0,108.0,108.0,108.0,108.0,108.0,108.0,108.0,108.0,108.0,108.0,108.0,108.0,108.0,108.0,108.0,108.0,108.0,108.0,108.0,108.0,108.0,108.0,108.0,108.0,108.0,108.0,108.0,108.0,108.0,108.0,108.0,108.0,108.0,108.0,108.0,108.0,108.0,108.0,108.0,108.0,108.0,108.0,108.0,108.0,108.0,108.0,108.0,108.0,108.0,108.0,108.0,108.0,108.0,108.0,108.0,108.0,108.0,108.0,108.0,108.0,108.0,108.0,108.0,108.0,108.0,108.0,108.0,108.0,108.0,108.0,108.0,108.0,108.0,108.0,108.0,108.0,108.0,108.0,108.0,108.0,108.0,108.0,108.0,108.0,108.0,108.0,108.0,108.0,108.0,108.0,108.0,108.0,108.0,108.0,108.0,108.0,108.0,108.0,108.0,108.0,108.0,108.0,108.0,108.0,108.0,108.0,108.0,108.0,108.0,108.0,108.0,108.0,108.0,108.0,108.0,108.0,108.0,108.0,108.0,108.0,108.0,108.0,108.0,108.0,108.0,108.0,108.0,108.0,108.0,108.0,108.0,108.0,108.0,108.0,108.0,108.0,108.0,108.0,108.0,108.0,108.0,108.0,108.0,108.0,108.0,108.0,108.0,108.0,108.0,108.0,108.0,108.0,108.0,108.0,108.0,108.0,108.0,108.0,108.0,108.0,108.0,108.0,108.0,108.0,108.0,108.0
2004-07-01,,,,,,,,,,,,,,,,,,,,,,,,,,,,,,,,,,,,,,,,,,,,,,,,,,,,,,,,,,,,,,,,,,,,,,,,,,,,,,,,,,,,,,,,,,,,,,,,,,,,,,,,,,,,,,,,,,,,,,,,,,,,,,,,,,,,,,,,,,,,,,,,,,,,,,,,,,,,,,,,,,,,,,,,,,,,,,,,,,,,,,,,,,,,,,,,,,,,,,
2004-08-01,,,,,,,,,,,,,,,,,,,,,,,,,,,,,,,,,,,,,,,,,,,,,,,,,,,,,,,,,,,,,,,,,,,,,,,,,,,,,,,,,,,,,,,,,,,,,,,,,,,,,,,,,,,,,,,,,,,,,,,,,,,,,,,,,,,,,,,,,,,,,,,,,,,,,,,,,,,,,,,,,,,,,,,,,,,,,,,,,,,,,,,,,,,,,,,,,,,,,,
2004-09-01,111.6,111.6,111.6,111.6,111.6,111.6,111.6,111.6,111.6,111.6,111.6,111.6,111.6,111.6,111.6,111.6,111.6,111.6,111.6,111.6,111.6,111.6,111.6,111.6,111.6,111.6,111.6,111.6,111.6,111.6,111.6,111.6,111.6,111.6,111.6,111.6,111.6,111.6,111.6,111.6,111.6,111.6,111.6,111.6,111.6,111.6,111.6,111.6,111.6,111.6,111.6,111.6,111.6,111.6,111.6,111.6,111.6,111.6,111.6,111.6,111.6,111.6,111.6,111.6,111.6,111.6,111.6,111.6,111.6,111.6,111.6,111.6,111.6,111.6,111.6,111.6,111.6,111.6,111.6,111.6,111.6,111.6,111.6,111.6,111.6,111.6,111.6,111.6,111.6,111.6,111.6,111.6,111.6,111.6,111.6,111.6,111.6,111.6,111.6,111.6,111.6,111.6,111.6,111.6,111.6,111.6,111.6,111.6,111.6,111.6,111.6,111.6,111.6,111.6,111.6,111.6,111.6,111.6,111.6,111.6,111.6,111.6,111.6,111.6,111.6,111.6,111.6,111.6,111.6,111.6,111.6,111.6,111.6,111.6,111.6,111.6,111.6,111.6,111.6,111.6,111.6,111.6,111.6,111.6,111.6,111.6,111.6,111.6,111.6,111.6,111.6,111.6,111.6,111.6,111.6,111.6,111.6,111.6,111.6,111.6,111.6,111.6,111.6,111.6,111.6,111.6,111.6,111.6,111.6,111.6,111.6,111.6,111.6,111.6,111.6,111.6,111.6,111.6,111.6,111.6,111.6,111.6,111.6,111.6,111.6,111.6,111.6,111.6,111.6,111.6,111.6,111.6,111.6,111.6,111.6,111.6,111.6,111.6
2004-10-01,,,,,,,,,,,,,,,,,,,,,,,,,,,,,,,,,,,,,,,,,,,,,,,,,,,,,,,,,,,,,,,,,,,,,,,,,,,,,,,,,,,,,,,,,,,,,,,,,,,,,,,,,,,,,,,,,,,,,,,,,,,,,,,,,,,,,,,,,,,,,,,,,,,,,,,,,,,,,,,,,,,,,,,,,,,,,,,,,,,,,,,,,,,,,,,,,,,,,,
2004-11-01,,,,,,,,,,,,,,,,,,,,,,,,,,,,,,,,,,,,,,,,,,,,,,,,,,,,,,,,,,,,,,,,,,,,,,,,,,,,,,,,,,,,,,,,,,,,,,,,,,,,,,,,,,,,,,,,,,,,,,,,,,,,,,,,,,,,,,,,,,,,,,,,,,,,,,,,,,,,,,,,,,,,,,,,,,,,,,,,,,,,,,,,,,,,,,,,,,,,,,
2004-12-01,120.0,120.0,120.0,120.0,120.0,120.0,120.0,120.0,120.0,120.0,120.0,120.0,120.0,120.0,120.0,120.0,120.0,120.0,120.0,120.0,120.0,120.0,120.0,120.0,120.0,120.0,120.0,120.0,120.0,120.0,120.0,120.0,120.0,120.0,120.0,120.0,120.0,120.0,120.0,120.0,120.0,120.0,120.0,120.0,120.0,120.0,120.0,120.0,120.0,120.0,120.0,120.0,120.0,120.0,120.0,120.0,120.0,120.0,120.0,120.0,120.0,120.0,120.0,120.0,120.0,120.0,120.0,120.0,120.0,120.0,120.0,120.0,120.0,120.0,120.0,120.0,120.0,120.0,120.0,120.0,120.0,120.0,120.0,120.0,120.0,120.0,120.0,120.0,120.0,120.0,120.0,120.0,120.0,120.0,120.0,120.0,120.0,120.0,120.0,120.0,120.0,120.0,120.0,120.0,120.0,120.0,120.0,120.0,120.0,120.0,120.0,120.0,120.0,120.0,120.0,120.0,120.0,120.0,120.0,120.0,120.0,120.0,120.0,120.0,120.0,120.0,120.0,120.0,120.0,120.0,120.0,120.0,120.0,120.0,120.0,120.0,120.0,120.0,120.0,120.0,120.0,120.0,120.0,120.0,120.0,120.0,120.0,120.0,120.0,120.0,120.0,120.0,120.0,120.0,120.0,120.0,120.0,120.0,120.0,120.0,120.0,120.0,120.0,120.0,120.0,120.0,120.0,120.0,120.0,120.0,120.0,120.0,120.0,120.0,120.0,120.0,120.0,120.0,120.0,120.0,120.0,120.0,120.0,120.0,120.0,120.0,120.0,120.0,120.0,120.0,120.0,120.0,120.0,120.0,120.0,120.0,120.0,120.0
2005-01-01,,,,,,,,,,,,,,,,,,,,,,,,,,,,,,,,,,,,,,,,,,,,,,,,,,,,,,,,,,,,,,,,,,,,,,,,,,,,,,,,,,,,,,,,,,,,,,,,,,,,,,,,,,,,,,,,,,,,,,,,,,,,,,,,,,,,,,,,,,,,,,,,,,,,,,,,,,,,,,,,,,,,,,,,,,,,,,,,,,,,,,,,,,,,,,,,,,,,,,
2005-02-01,,,,,,,,,,,,,,,,,,,,,,,,,,,,,,,,,,,,,,,,,,,,,,,,,,,,,,,,,,,,,,,,,,,,,,,,,,,,,,,,,,,,,,,,,,,,,,,,,,,,,,,,,,,,,,,,,,,,,,,,,,,,,,,,,,,,,,,,,,,,,,,,,,,,,,,,,,,,,,,,,,,,,,,,,,,,,,,,,,,,,,,,,,,,,,,,,,,,,,
2005-03-01,120.0,120.0,120.0,120.0,120.0,120.0,120.0,120.0,120.0,120.0,120.0,120.0,120.0,120.0,120.0,120.0,120.0,120.0,120.0,120.0,120.0,120.0,120.0,120.0,120.0,120.0,120.0,120.0,120.0,120.0,120.0,120.0,120.0,120.0,120.0,120.0,120.0,120.0,120.0,120.0,120.0,120.0,120.0,120.0,120.0,120.0,120.0,120.0,120.0,120.0,120.0,120.0,120.0,120.0,120.0,120.0,120.0,120.0,120.0,120.0,120.0,120.0,120.0,120.0,120.0,120.0,120.0,120.0,120.0,120.0,120.0,120.0,120.0,120.0,120.0,120.0,120.0,120.0,120.0,120.0,120.0,120.0,120.0,120.0,120.0,120.0,120.0,120.0,120.0,120.0,120.0,120.0,120.0,120.0,120.0,120.0,120.0,120.0,120.0,120.0,120.0,120.0,120.0,120.0,120.0,120.0,120.0,120.0,120.0,120.0,120.0,120.0,120.0,120.0,120.0,120.0,120.0,120.0,120.0,120.0,120.0,120.0,120.0,120.0,120.0,120.0,120.0,120.0,120.0,120.0,120.0,120.0,120.0,120.0,120.0,120.0,120.0,120.0,120.0,120.0,120.0,120.0,120.0,120.0,120.0,120.0,120.0,120.0,120.0,120.0,120.0,120.0,120.0,120.0,120.0,120.0,120.0,120.0,120.0,120.0,120.0,120.0,120.0,120.0,120.0,120.0,120.0,120.0,120.0,120.0,120.0,120.0,120.0,120.0,120.0,120.0,120.0,120.0,120.0,120.0,120.0,120.0,120.0,120.0,120.0,120.0,120.0,120.0,120.0,120.0,120.0,120.0,120.0,120.0,120.0,120.0,120.0,120.0
2005-04-01,,,,,,,,,,,,,,,,,,,,,,,,,,,,,,,,,,,,,,,,,,,,,,,,,,,,,,,,,,,,,,,,,,,,,,,,,,,,,,,,,,,,,,,,,,,,,,,,,,,,,,,,,,,,,,,,,,,,,,,,,,,,,,,,,,,,,,,,,,,,,,,,,,,,,,,,,,,,,,,,,,,,,,,,,,,,,,,,,,,,,,,,,,,,,,,,,,,,,,
2005-05-01,,,,,,,,,,,,,,,,,,,,,,,,,,,,,,,,,,,,,,,,,,,,,,,,,,,,,,,,,,,,,,,,,,,,,,,,,,,,,,,,,,,,,,,,,,,,,,,,,,,,,,,,,,,,,,,,,,,,,,,,,,,,,,,,,,,,,,,,,,,,,,,,,,,,,,,,,,,,,,,,,,,,,,,,,,,,,,,,,,,,,,,,,,,,,,,,,,,,,,
2005-06-01,119.7,119.7,119.7,119.7,119.7,119.7,119.7,119.7,119.7,119.7,119.7,119.7,119.7,119.7,119.7,119.7,119.7,119.7,119.7,119.7,119.7,119.7,119.7,119.7,119.7,119.7,119.7,119.7,119.7,119.7,119.7,119.7,119.7,119.7,119.7,119.7,119.7,119.7,119.7,119.7,119.7,119.7,119.7,119.7,119.7,119.7,119.7,119.7,119.7,119.7,119.7,119.7,119.7,119.7,119.7,119.7,119.7,119.7,119.7,119.7,119.7,119.7,119.7,119.7,119.7,119.7,119.7,119.7,119.7,119.7,119.7,119.7,119.7,119.7,119.7,119.7,119.7,119.7,119.7,119.7,119.7,119.7,119.7,119.7,119.7,119.7,119.7,119.7,119.7,119.7,119.7,119.7,119.7,119.7,119.7,119.7,119.7,119.7,119.7,119.7,119.7,119.7,119.7,119.7,119.7,119.7,119.7,119.7,119.7,119.7,119.7,119.7,119.7,119.7,119.7,119.7,119.7,119.7,119.7,119.7,119.7,119.7,119.7,119.7,119.7,119.7,119.7,119.7,119.7,119.7,119.7,119.7,119.7,119.7,119.7,119.7,119.7,119.7,119.7,119.7,119.7,119.7,119.7,119.7,119.7,119.7,119.7,119.7,119.7,119.7,119.7,119.7,119.7,119.7,119.7,119.7,119.7,119.7,119.7,119.7,119.7,119.7,119.7,119.7,119.7,119.7,119.7,119.7,119.7,119.7,119.7,119.7,119.7,119.7,119.7,119.7,119.7,119.7,119.7,119.7,119.7,119.7,119.7,119.7,119.7,119.7,119.7,119.7,119.7,119.7,119.7,119.7,119.7,119.7,119.7,119.7,119.7,119.7
2005-07-01,,,,,,,,,,,,,,,,,,,,,,,,,,,,,,,,,,,,,,,,,,,,,,,,,,,,,,,,,,,,,,,,,,,,,,,,,,,,,,,,,,,,,,,,,,,,,,,,,,,,,,,,,,,,,,,,,,,,,,,,,,,,,,,,,,,,,,,,,,,,,,,,,,,,,,,,,,,,,,,,,,,,,,,,,,,,,,,,,,,,,,,,,,,,,,,,,,,,,,
2005-08-01,,,,,,,,,,,,,,,,,,,,,,,,,,,,,,,,,,,,,,,,,,,,,,,,,,,,,,,,,,,,,,,,,,,,,,,,,,,,,,,,,,,,,,,,,,,,,,,,,,,,,,,,,,,,,,,,,,,,,,,,,,,,,,,,,,,,,,,,,,,,,,,,,,,,,,,,,,,,,,,,,,,,,,,,,,,,,,,,,,,,,,,,,,,,,,,,,,,,,,
2005-09-01,121.2,121.2,121.2,121.2,121.2,121.2,121.2,121.2,121.2,121.2,121.2,121.2,121.2,121.2,121.2,121.2,121.2,121.2,121.2,121.2,121.2,121.2,121.2,121.2,121.2,121.2,121.2,121.2,121.2,121.2,121.2,121.2,121.2,121.2,121.2,121.2,121.2,121.2,121.2,121.2,121.2,121.2,121.2,121.2,121.2,121.2,121.2,121.2,121.2,121.2,121.2,121.2,121.2,121.2,121.2,121.2,121.2,121.2,121.2,121.2,121.2,121.2,121.2,121.2,121.2,121.2,121.2,121.2,121.2,121.2,121.2,121.2,121.2,121.2,121.2,121.2,121.2,121.2,121.2,121.2,121.2,121.2,121.2,121.2,121.2,121.2,121.2,121.2,121.2,121.2,121.2,121.2,121.2,121.2,121.2,121.2,121.2,121.2,121.2,121.2,121.2,121.2,121.2,121.2,121.2,121.2,121.2,121.2,121.2,121.2,121.2,121.2,121.2,121.2,121.2,121.2,121.2,121.2,121.2,121.2,121.2,121.2,121.2,121.2,121.2,121.2,121.2,121.2,121.2,121.2,121.2,121.2,121.2,121.2,121.2,121.2,121.2,121.2,121.2,121.2,121.2,121.2,121.2,121.2,121.2,121.2,121.2,121.2,121.2,121.2,121.2,121.2,121.2,121.2,121.2,121.2,121.2,121.2,121.2,121.2,121.2,121.2,121.2,121.2,121.2,121.2,121.2,121.2,121.2,121.2,121.2,121.2,121.2,121.2,121.2,121.2,121.2,121.2,121.2,121.2,121.2,121.2,121.2,121.2,121.2,121.2,121.2,121.2,121.2,121.2,121.2,121.2,121.2,121.2,121.2,121.2,121.2,121.2
2005-10-01,,,,,,,,,,,,,,,,,,,,,,,,,,,,,,,,,,,,,,,,,,,,,,,,,,,,,,,,,,,,,,,,,,,,,,,,,,,,,,,,,,,,,,,,,,,,,,,,,,,,,,,,,,,,,,,,,,,,,,,,,,,,,,,,,,,,,,,,,,,,,,,,,,,,,,,,,,,,,,,,,,,,,,,,,,,,,,,,,,,,,,,,,,,,,,,,,,,,,,
2005-11-01,,,,,,,,,,,,,,,,,,,,,,,,,,,,,,,,,,,,,,,,,,,,,,,,,,,,,,,,,,,,,,,,,,,,,,,,,,,,,,,,,,,,,,,,,,,,,,,,,,,,,,,,,,,,,,,,,,,,,,,,,,,,,,,,,,,,,,,,,,,,,,,,,,,,,,,,,,,,,,,,,,,,,,,,,,,,,,,,,,,,,,,,,,,,,,,,,,,,,,
2005-12-01,116.0,116.0,116.0,116.0,116.0,116.0,116.0,116.0,116.0,116.0,116.0,116.0,116.0,116.0,116.0,116.0,116.0,116.0,116.0,116.0,116.0,116.0,116.0,116.0,116.0,116.0,116.0,116.0,116.0,116.0,116.0,116.0,116.0,116.0,116.0,116.0,116.0,116.0,116.0,116.0,116.0,116.0,116.0,116.0,116.0,116.0,116.0,116.0,116.0,116.0,116.0,116.0,116.0,116.0,116.0,116.0,116.0,116.0,116.0,116.0,116.0,116.0,116.0,116.0,116.0,116.0,116.0,116.0,116.0,116.0,116.0,116.0,116.0,116.0,116.0,116.0,116.0,116.0,116.0,116.0,116.0,116.0,116.0,116.0,116.0,116.0,116.0,116.0,116.0,116.0,116.0,116.0,116.0,116.0,116.0,116.0,116.0,116.0,116.0,116.0,116.0,116.0,116.0,116.0,116.0,116.0,116.0,116.0,116.0,116.0,116.0,116.0,116.0,116.0,116.0,116.0,116.0,116.0,116.0,116.0,116.0,116.0,116.0,116.0,116.0,116.0,116.0,116.0,116.0,116.0,116.0,116.0,116.0,116.0,116.0,116.0,116.0,116.0,116.0,116.0,116.0,116.0,116.0,116.0,116.0,116.0,116.0,116.0,116.0,116.0,116.0,116.0,116.0,116.0,116.0,116.0,116.0,116.0,116.0,116.0,116.0,116.0,116.0,116.0,116.0,116.0,116.0,116.0,116.0,116.0,116.0,116.0,116.0,116.0,116.0,116.0,116.0,116.0,116.0,116.0,116.0,116.0,116.0,116.0,116.0,116.0,116.0,116.0,116.0,116.0,116.0,116.0,116.0,116.0,116.0,116.0,116.0,116.0
2006-01-01,115.3,115.3,115.3,115.3,115.3,115.3,115.3,115.3,115.3,115.3,115.3,115.3,115.3,115.3,115.3,115.3,115.3,115.3,115.3,115.3,115.3,115.3,115.3,115.3,115.3,115.3,115.3,115.3,115.3,115.3,115.3,115.3,115.3,115.3,115.3,115.3,115.3,115.3,115.3,115.3,115.3,115.3,115.3,115.3,115.3,115.3,115.3,115.3,115.3,115.3,115.3,115.3,115.3,115.3,115.3,115.3,115.3,115.3,115.3,115.3,115.3,115.3,115.3,115.3,115.3,115.3,115.3,115.3,115.3,115.3,115.3,115.3,115.3,115.3,115.3,115.3,115.3,115.3,115.3,115.3,115.3,115.3,115.3,115.3,115.3,115.3,115.3,115.3,115.3,115.3,115.3,115.3,115.3,115.3,115.3,115.3,115.3,115.3,115.3,115.3,115.3,115.3,115.3,115.3,115.3,115.3,115.3,115.3,115.3,115.3,115.3,115.3,115.3,115.3,115.3,115.3,115.3,115.3,115.3,115.3,115.3,115.3,115.3,115.3,115.3,115.3,115.3,115.3,115.3,115.3,115.3,115.3,115.3,115.3,115.3,115.3,115.3,115.3,115.3,115.3,115.3,115.3,115.3,115.3,115.3,115.3,115.3,115.3,115.3,115.3,115.3,115.3,115.3,115.3,115.3,115.3,115.3,115.3,115.3,115.3,115.3,115.3,115.3,115.3,115.3,115.3,115.3,115.3,115.3,115.3,115.3,115.3,115.3,115.3,115.3,115.3,115.3,115.3,115.3,115.3,115.3,115.3,115.3,115.3,115.3,115.3,115.3,115.3,115.3,115.3,115.3,115.3,115.3,115.3,115.3,115.3,115.3,115.3
2006-02-01,117.3,117.3,117.3,117.3,117.3,117.3,117.3,117.3,117.3,117.3,117.3,117.3,117.3,117.3,117.3,117.3,117.3,117.3,117.3,117.3,117.3,117.3,117.3,117.3,117.3,117.3,117.3,117.3,117.3,117.3,117.3,117.3,117.3,117.3,117.3,117.3,117.3,117.3,117.3,117.3,117.3,117.3,117.3,117.3,117.3,117.3,117.3,117.3,117.3,117.3,117.3,117.3,117.3,117.3,117.3,117.3,117.3,117.3,117.3,117.3,117.3,117.3,117.3,117.3,117.3,117.3,117.3,117.3,117.3,117.3,117.3,117.3,117.3,117.3,117.3,117.3,117.3,117.3,117.3,117.3,117.3,117.3,117.3,117.3,117.3,117.3,117.3,117.3,117.3,117.3,117.3,117.3,117.3,117.3,117.3,117.3,117.3,117.3,117.3,117.3,117.3,117.3,117.3,117.3,117.3,117.3,117.3,117.3,117.3,117.3,117.3,117.3,117.3,117.3,117.3,117.3,117.3,117.3,117.3,117.3,117.3,117.3,117.3,117.3,117.3,117.3,117.3,117.3,117.3,117.3,117.3,117.3,117.3,117.3,117.3,117.3,117.3,117.3,117.3,117.3,117.3,117.3,117.3,117.3,117.3,117.3,117.3,117.3,117.3,117.3,117.3,117.3,117.3,117.3,117.3,117.3,117.3,117.3,117.3,117.3,117.3,117.3,117.3,117.3,117.3,117.3,117.3,117.3,117.3,117.3,117.3,117.3,117.3,117.3,117.3,117.3,117.3,117.3,117.3,117.3,117.3,117.3,117.3,117.3,117.3,117.3,117.3,117.3,117.3,117.3,117.3,117.3,117.3,117.3,117.3,117.3,117.3,117.3
2006-03-01,117.2,117.2,117.2,117.2,117.2,117.2,117.2,117.2,117.2,117.2,117.2,117.2,117.2,117.2,117.2,117.2,117.2,117.2,117.2,117.2,117.2,117.2,117.2,117.2,117.2,117.2,117.2,117.2,117.2,117.2,117.2,117.2,117.2,117.2,117.2,117.2,117.2,117.2,117.2,117.2,117.2,117.2,117.2,117.2,117.2,117.2,117.2,117.2,117.2,117.2,117.2,117.2,117.2,117.2,117.2,117.2,117.2,117.2,117.2,117.2,117.2,117.2,117.2,117.2,117.2,117.2,117.2,117.2,117.2,117.2,117.2,117.2,117.2,117.2,117.2,117.2,117.2,117.2,117.2,117.2,117.2,117.2,117.2,117.2,117.2,117.2,117.2,117.2,117.2,117.2,117.2,117.2,117.2,117.2,117.2,117.2,117.2,117.2,117.2,117.2,117.2,117.2,117.2,117.2,117.2,117.2,117.2,117.2,117.2,117.2,117.2,117.2,117.2,117.2,117.2,117.2,117.2,117.2,117.2,117.2,117.2,117.2,117.2,117.2,117.2,117.2,117.2,117.2,117.2,117.2,117.2,117.2,117.2,117.2,117.2,117.2,117.2,117.2,117.2,117.2,117.2,117.2,117.2,117.2,117.2,117.2,117.2,117.2,117.2,117.2,117.2,117.2,117.2,117.2,117.2,117.2,117.2,117.2,117.2,117.2,117.2,117.2,117.2,117.2,117.2,117.2,117.2,117.2,117.2,117.2,117.2,117.2,117.2,117.2,117.2,117.2,117.2,117.2,117.2,117.2,117.2,117.2,117.2,117.2,117.2,117.2,117.2,117.2,117.2,117.2,117.2,117.2,117.2,117.2,117.2,117.2,117.2,117.2
2006-04-01,117.7,117.7,117.7,117.7,117.7,117.7,117.7,117.7,117.7,117.7,117.7,117.7,117.7,117.7,117.7,117.7,117.7,117.7,117.7,117.7,117.7,117.7,117.7,117.7,117.7,117.7,117.7,117.7,117.7,117.7,117.7,117.7,117.7,117.7,117.7,117.7,117.7,117.7,117.7,117.7,117.7,117.7,117.7,117.7,117.7,117.7,117.7,117.7,117.7,117.7,117.7,117.7,117.7,117.7,117.7,117.7,117.7,117.7,117.7,117.7,117.7,117.7,117.7,117.7,117.7,117.7,117.7,117.7,117.7,117.7,117.7,117.7,117.7,117.7,117.7,117.7,117.7,117.7,117.7,117.7,117.7,117.7,117.7,117.7,117.7,117.7,117.7,117.7,117.7,117.7,117.7,117.7,117.7,117.7,117.7,117.7,117.7,117.7,117.7,117.7,117.7,117.7,117.7,117.7,117.7,117.7,117.7,117.7,117.7,117.7,117.7,117.7,117.7,117.7,117.7,117.7,117.7,117.7,117.7,117.7,117.7,117.7,117.7,117.7,117.7,117.7,117.7,117.7,117.7,117.7,117.7,117.7,117.7,117.7,117.7,117.7,117.7,117.7,117.7,117.7,117.7,117.7,117.7,117.7,117.7,117.7,117.7,117.7,117.7,117.7,117.7,117.7,117.7,117.7,117.7,117.7,117.7,117.7,117.7,117.7,117.7,117.7,117.7,117.7,117.7,117.7,117.7,117.7,117.7,117.7,117.7,117.7,117.7,117.7,117.7,117.7,117.7,117.7,117.7,117.7,117.7,117.7,117.7,117.7,117.7,117.7,117.7,117.7,117.7,117.7,117.7,117.7,117.7,117.7,117.7,117.7,117.7,117.7
2006-05-01,121.8,121.8,121.8,121.8,121.8,121.8,121.8,121.8,121.8,121.8,121.8,121.8,121.8,121.8,121.8,121.8,121.8,121.8,121.8,121.8,121.8,121.8,121.8,121.8,121.8,121.8,121.8,121.8,121.8,121.8,121.8,121.8,121.8,121.8,121.8,121.8,121.8,121.8,121.8,121.8,121.8,121.8,121.8,121.8,121.8,121.8,121.8,121.8,121.8,121.8,121.8,121.8,121.8,121.8,121.8,121.8,121.8,121.8,121.8,121.8,121.8,121.8,121.8,121.8,121.8,121.8,121.8,121.8,121.8,121.8,121.8,121.8,121.8,121.8,121.8,121.8,121.8,121.8,121.8,121.8,121.8,121.8,121.8,121.8,121.8,121.8,121.8,121.8,121.8,121.8,121.8,121.8,121.8,121.8,121.8,121.8,121.8,121.8,121.8,121.8,121.8,121.8,121.8,121.8,121.8,121.8,121.8,121.8,121.8,121.8,121.8,121.8,121.8,121.8,121.8,121.8,121.8,121.8,121.8,121.8,121.8,121.8,121.8,121.8,121.8,121.8,121.8,121.8,121.8,121.8,121.8,121.8,121.8,121.8,121.8,121.8,121.8,121.8,121.8,121.8,121.8,121.8,121.8,121.8,121.8,121.8,121.8,121.8,121.8,121.8,121.8,121.8,121.8,121.8,121.8,121.8,121.8,121.8,121.8,121.8,121.8,121.8,121.8,121.8,121.8,121.8,121.8,121.8,121.8,121.8,121.8,121.8,121.8,121.8,121.8,121.8,121.8,121.8,121.8,121.8,121.8,121.8,121.8,121.8,121.8,121.8,121.8,121.8,121.8,121.8,121.8,121.8,121.8,121.8,121.8,121.8,121.8,121.8
2006-06-01,125.8,125.8,125.8,125.8,125.8,125.8,125.8,125.8,125.8,125.8,125.8,125.8,125.8,125.8,125.8,125.8,125.8,125.8,125.8,125.8,125.8,125.8,125.8,125.8,125.8,125.8,125.8,125.8,125.8,125.8,125.8,125.8,125.8,125.8,125.8,125.8,125.8,125.8,125.8,125.8,125.8,125.8,125.8,125.8,125.8,125.8,125.8,125.8,125.8,125.8,125.8,125.8,125.8,125.8,125.8,125.8,125.8,125.8,125.8,125.8,125.8,125.8,125.8,125.8,125.8,125.8,125.8,125.8,125.8,125.8,125.8,125.8,125.8,125.8,125.8,125.8,125.8,125.8,125.8,125.8,125.8,125.8,125.8,125.8,125.8,125.8,125.8,125.8,125.8,125.8,125.8,125.8,125.8,125.8,125.8,125.8,125.8,125.8,125.8,125.8,125.8,125.8,125.8,125.8,125.8,125.8,125.8,125.8,125.8,125.8,125.8,125.8,125.8,125.8,125.8,125.8,125.8,125.8,125.8,125.8,125.8,125.8,125.8,125.8,125.8,125.8,125.8,125.8,125.8,125.8,125.8,125.8,125.8,125.8,125.8,125.8,125.8,125.8,125.8,125.8,125.8,125.8,125.8,125.8,125.8,125.8,125.8,125.8,125.8,125.8,125.8,125.8,125.8,125.8,125.8,125.8,125.8,125.8,125.8,125.8,125.8,125.8,125.8,125.8,125.8,125.8,125.8,125.8,125.8,125.8,125.8,125.8,125.8,125.8,125.8,125.8,125.8,125.8,125.8,125.8,125.8,125.8,125.8,125.8,125.8,125.8,125.8,125.8,125.8,125.8,125.8,125.8,125.8,125.8,125.8,125.8,125.8,125.8
2006-07-01,124.6,124.6,124.6,124.6,124.6,124.6,124.6,124.6,124.6,124.6,124.6,124.6,124.6,124.6,124.6,124.6,124.6,124.6,124.6,124.6,124.6,124.6,124.6,124.6,124.6,124.6,124.6,124.6,124.6,124.6,124.6,124.6,124.6,124.6,124.6,124.6,124.6,124.6,124.6,124.6,124.6,124.6,124.6,124.6,124.6,124.6,124.6,124.6,124.6,124.6,124.6,124.6,124.6,124.6,124.6,124.6,124.6,124.6,124.6,124.6,124.6,124.6,124.6,124.6,124.6,124.6,124.6,124.6,124.6,124.6,124.6,124.6,124.6,124.6,124.6,124.6,124.6,124.6,124.6,124.6,124.6,124.6,124.6,124.6,124.6,124.6,124.6,124.6,124.6,124.6,124.6,124.6,124.6,124.6,124.6,124.6,124.6,124.6,124.6,124.6,124.6,124.6,124.6,124.6,124.6,124.6,124.6,124.6,124.6,124.6,124.6,124.6,124.6,124.6,124.6,124.6,124.6,124.6,124.6,124.6,124.6,124.6,124.6,124.6,124.6,124.6,124.6,124.6,124.6,124.6,124.6,124.6,124.6,124.6,124.6,124.6,124.6,124.6,124.6,124.6,124.6,124.6,124.6,124.6,124.6,124.6,124.6,124.6,124.6,124.6,124.6,124.6,124.6,124.6,124.6,124.6,124.6,124.6,124.6,124.6,124.6,124.6,124.6,124.6,124.6,124.6,124.6,124.6,124.6,124.6,124.6,124.6,124.6,124.6,124.6,124.6,124.6,124.6,124.6,124.6,124.6,124.6,124.6,124.6,124.6,124.6,124.6,124.6,124.6,124.6,124.6,124.6,124.6,124.6,124.6,124.6,124.6,124.6
2006-08-01,125.9,125.9,125.9,125.9,125.9,125.9,125.9,125.9,125.9,125.9,125.9,125.9,125.9,125.9,125.9,125.9,125.9,125.9,125.9,125.9,125.9,125.9,125.9,125.9,125.9,125.9,125.9,125.9,125.9,125.9,125.9,125.9,125.9,125.9,125.9,125.9,125.9,125.9,125.9,125.9,125.9,125.9,125.9,125.9,125.9,125.9,125.9,125.9,125.9,125.9,125.9,125.9,125.9,125.9,125.9,125.9,125.9,125.9,125.9,125.9,125.9,125.9,125.9,125.9,125.9,125.9,125.9,125.9,125.9,125.9,125.9,125.9,125.9,125.9,125.9,125.9,125.9,125.9,125.9,125.9,125.9,125.9,125.9,125.9,125.9,125.9,125.9,125.9,125.9,125.9,125.9,125.9,125.9,125.9,125.9,125.9,125.9,125.9,125.9,125.9,125.9,125.9,125.9,125.9,125.9,125.9,125.9,125.9,125.9,125.9,125.9,125.9,125.9,125.9,125.9,125.9,125.9,125.9,125.9,125.9,125.9,125.9,125.9,125.9,125.9,125.9,125.9,125.9,125.9,125.9,125.9,125.9,125.9,125.9,125.9,125.9,125.9,125.9,125.9,125.9,125.9,125.9,125.9,125.9,125.9,125.9,125.9,125.9,125.9,125.9,125.9,125.9,125.9,125.9,125.9,125.9,125.9,125.9,125.9,125.9,125.9,125.9,125.9,125.9,125.9,125.9,125.9,125.9,125.9,125.9,125.9,125.9,125.9,125.9,125.9,125.9,125.9,125.9,125.9,125.9,125.9,125.9,125.9,125.9,125.9,125.9,125.9,125.9,125.9,125.9,125.9,125.9,125.9,125.9,125.9,125.9,125.9,125.9
2006-09-01,126.9,126.9,126.9,126.9,126.9,126.9,126.9,126.9,126.9,126.9,126.9,126.9,126.9,126.9,126.9,126.9,126.9,126.9,126.9,126.9,126.9,126.9,126.9,126.9,126.9,126.9,126.9,126.9,126.9,126.9,126.9,126.9,126.9,126.9,126.9,126.9,126.9,126.9,126.9,126.9,126.9,126.9,126.9,126.9,126.9,126.9,126.9,126.9,126.9,126.9,126.9,126.9,126.9,126.9,126.9,126.9,126.9,126.9,126.9,126.9,126.9,126.9,126.9,126.9,126.9,126.9,126.9,126.9,126.9,126.9,126.9,126.9,126.9,126.9,126.9,126.9,126.9,126.9,126.9,126.9,126.9,126.9,126.9,126.9,126.9,126.9,126.9,126.9,126.9,126.9,126.9,126.9,126.9,126.9,126.9,126.9,126.9,126.9,126.9,126.9,126.9,126.9,126.9,126.9,126.9,126.9,126.9,126.9,126.9,126.9,126.9,126.9,126.9,126.9,126.9,126.9,126.9,126.9,126.9,126.9,126.9,126.9,126.9,126.9,126.9,126.9,126.9,126.9,126.9,126.9,126.9,126.9,126.9,126.9,126.9,126.9,126.9,126.9,126.9,126.9,126.9,126.9,126.9,126.9,126.9,126.9,126.9,126.9,126.9,126.9,126.9,126.9,126.9,126.9,126.9,126.9,126.9,126.9,126.9,126.9,126.9,126.9,126.9,126.9,126.9,126.9,126.9,126.9,126.9,126.9,126.9,126.9,126.9,126.9,126.9,126.9,126.9,126.9,126.9,126.9,126.9,126.9,126.9,126.9,126.9,126.9,126.9,126.9,126.9,126.9,126.9,126.9,126.9,126.9,126.9,126.9,126.9,126.9
2006-10-01,125.3,125.3,125.3,125.3,125.3,125.3,125.3,125.3,125.3,125.3,125.3,125.3,125.3,125.3,125.3,125.3,125.3,125.3,125.3,125.3,125.3,125.3,125.3,125.3,125.3,125.3,125.3,125.3,125.3,125.3,125.3,125.3,125.3,125.3,125.3,125.3,125.3,125.3,125.3,125.3,125.3,125.3,125.3,125.3,125.3,125.3,125.3,125.3,125.3,125.3,125.3,125.3,125.3,125.3,125.3,125.3,125.3,125.3,125.3,125.3,125.3,125.3,125.3,125.3,125.3,125.3,125.3,125.3,125.3,125.3,125.3,125.3,125.3,125.3,125.3,125.3,125.3,125.3,125.3,125.3,125.3,125.3,125.3,125.3,125.3,125.3,125.3,125.3,125.3,125.3,125.3,125.3,125.3,125.3,125.3,125.3,125.3,125.3,125.3,125.3,125.3,125.3,125.3,125.3,125.3,125.3,125.3,125.3,125.3,125.3,125.3,125.3,125.3,125.3,125.3,125.3,125.3,125.3,125.3,125.3,125.3,125.3,125.3,125.3,125.3,125.3,125.3,125.3,125.3,125.3,125.3,125.3,125.3,125.3,125.3,125.3,125.3,125.3,125.3,125.3,125.3,125.3,125.3,125.3,125.3,125.3,125.3,125.3,125.3,125.3,125.3,125.3,125.3,125.3,125.3,125.3,125.3,125.3,125.3,125.3,125.3,125.3,125.3,125.3,125.3,125.3,125.3,125.3,125.3,125.3,125.3,125.3,125.3,125.3,125.3,125.3,125.3,125.3,125.3,125.3,125.3,125.3,125.3,125.3,125.3,125.3,125.3,125.3,125.3,125.3,125.3,125.3,125.3,125.3,125.3,125.3,125.3,125.3
2006-11-01,122.1,122.1,122.1,122.1,122.1,122.1,122.1,122.1,122.1,122.1,122.1,122.1,122.1,122.1,122.1,122.1,122.1,122.1,122.1,122.1,122.1,122.1,122.1,122.1,122.1,122.1,122.1,122.1,122.1,122.1,122.1,122.1,122.1,122.1,122.1,122.1,122.1,122.1,122.1,122.1,122.1,122.1,122.1,122.1,122.1,122.1,122.1,122.1,122.1,122.1,122.1,122.1,122.1,122.1,122.1,122.1,122.1,122.1,122.1,122.1,122.1,122.1,122.1,122.1,122.1,122.1,122.1,122.1,122.1,122.1,122.1,122.1,122.1,122.1,122.1,122.1,122.1,122.1,122.1,122.1,122.1,122.1,122.1,122.1,122.1,122.1,122.1,122.1,122.1,122.1,122.1,122.1,122.1,122.1,122.1,122.1,122.1,122.1,122.1,122.1,122.1,122.1,122.1,122.1,122.1,122.1,122.1,122.1,122.1,122.1,122.1,122.1,122.1,122.1,122.1,122.1,122.1,122.1,122.1,122.1,122.1,122.1,122.1,122.1,122.1,122.1,122.1,122.1,122.1,122.1,122.1,122.1,122.1,122.1,122.1,122.1,122.1,122.1,122.1,122.1,122.1,122.1,122.1,122.1,122.1,122.1,122.1,122.1,122.1,122.1,122.1,122.1,122.1,122.1,122.1,122.1,122.1,122.1,122.1,122.1,122.1,122.1,122.1,122.1,122.1,122.1,122.1,122.1,122.1,122.1,122.1,122.1,122.1,122.1,122.1,122.1,122.1,122.1,122.1,122.1,122.1,122.1,122.1,122.1,122.1,122.1,122.1,122.1,122.1,122.1,122.1,122.1,122.1,122.1,122.1,122.1,122.1,122.1
2006-12-01,123.5,123.5,123.5,123.5,123.5,123.5,123.5,123.5,123.5,123.5,123.5,123.5,123.5,123.5,123.5,123.5,123.5,123.5,123.5,123.5,123.5,123.5,123.5,123.5,123.5,123.5,123.5,123.5,123.5,123.5,123.5,123.5,123.5,123.5,123.5,123.5,123.5,123.5,123.5,123.5,123.5,123.5,123.5,123.5,123.5,123.5,123.5,123.5,123.5,123.5,123.5,123.5,123.5,123.5,123.5,123.5,123.5,123.5,123.5,123.5,123.5,123.5,123.5,123.5,123.5,123.5,123.5,123.5,123.5,123.5,123.5,123.5,123.5,123.5,123.5,123.5,123.5,123.5,123.5,123.5,123.5,123.5,123.5,123.5,123.5,123.5,123.5,123.5,123.5,123.5,123.5,123.5,123.5,123.5,123.5,123.5,123.5,123.5,123.5,123.5,123.5,123.5,123.5,123.5,123.5,123.5,123.5,123.5,123.5,123.5,123.5,123.5,123.5,123.5,123.5,123.5,123.5,123.5,123.5,123.5,123.5,123.5,123.5,123.5,123.5,123.5,123.5,123.5,123.5,123.5,123.5,123.5,123.5,123.5,123.5,123.5,123.5,123.5,123.5,123.5,123.5,123.5,123.5,123.5,123.5,123.5,123.5,123.5,123.5,123.5,123.5,123.5,123.5,123.5,123.5,123.5,123.5,123.5,123.5,123.5,123.5,123.5,123.5,123.5,123.5,123.5,123.5,123.5,123.5,123.5,123.5,123.5,123.5,123.5,123.5,123.5,123.5,123.5,123.5,123.5,123.5,123.5,123.5,123.5,123.5,123.5,123.5,123.5,123.5,123.5,123.5,123.5,123.5,123.5,123.5,123.5,123.5,123.5
2007-01-01,126.7,126.7,126.7,126.7,126.7,126.7,126.7,126.7,126.7,126.7,126.7,126.7,126.7,126.7,126.7,126.7,126.7,126.7,126.7,126.7,126.7,126.7,126.7,126.7,126.7,126.7,126.7,126.7,126.7,126.7,126.7,126.7,126.7,126.7,126.7,126.7,126.7,126.7,126.7,126.7,126.7,126.7,126.7,126.7,126.7,126.7,126.7,126.7,126.7,126.7,126.7,126.7,126.7,126.7,126.7,126.7,126.7,126.7,126.7,126.7,126.7,126.7,126.7,126.7,126.7,126.7,126.7,126.7,126.7,126.7,126.7,126.7,126.7,126.7,126.7,126.7,126.7,126.7,126.7,126.7,126.7,126.7,126.7,126.7,126.7,126.7,126.7,126.7,126.7,126.7,126.7,126.7,126.7,126.7,126.7,126.7,126.7,126.7,126.7,126.7,126.7,126.7,126.7,126.7,126.7,126.7,126.7,126.7,126.7,126.7,126.7,126.7,126.7,126.7,126.7,126.7,126.7,126.7,126.7,126.7,126.7,126.7,126.7,126.7,126.7,126.7,126.7,126.7,126.7,126.7,126.7,126.7,126.7,126.7,126.7,126.7,126.7,126.7,126.7,126.7,126.7,126.7,126.7,126.7,126.7,126.7,126.7,126.7,126.7,126.7,126.7,126.7,126.7,126.7,126.7,126.7,126.7,126.7,126.7,126.7,126.7,126.7,126.7,126.7,126.7,126.7,126.7,126.7,126.7,126.7,126.7,126.7,126.7,126.7,126.7,126.7,126.7,126.7,126.7,126.7,126.7,126.7,126.7,126.7,126.7,126.7,126.7,126.7,126.7,126.7,126.7,126.7,126.7,126.7,126.7,126.7,126.7,126.7
2007-02-01,125.1,125.1,125.1,125.1,125.1,125.1,125.1,125.1,125.1,125.1,125.1,125.1,125.1,125.1,125.1,125.1,125.1,125.1,125.1,125.1,125.1,125.1,125.1,125.1,125.1,125.1,125.1,125.1,125.1,125.1,125.1,125.1,125.1,125.1,125.1,125.1,125.1,125.1,125.1,125.1,125.1,125.1,125.1,125.1,125.1,125.1,125.1,125.1,125.1,125.1,125.1,125.1,125.1,125.1,125.1,125.1,125.1,125.1,125.1,125.1,125.1,125.1,125.1,125.1,125.1,125.1,125.1,125.1,125.1,125.1,125.1,125.1,125.1,125.1,125.1,125.1,125.1,125.1,125.1,125.1,125.1,125.1,125.1,125.1,125.1,125.1,125.1,125.1,125.1,125.1,125.1,125.1,125.1,125.1,125.1,125.1,125.1,125.1,125.1,125.1,125.1,125.1,125.1,125.1,125.1,125.1,125.1,125.1,125.1,125.1,125.1,125.1,125.1,125.1,125.1,125.1,125.1,125.1,125.1,125.1,125.1,125.1,125.1,125.1,125.1,125.1,125.1,125.1,125.1,125.1,125.1,125.1,125.1,125.1,125.1,125.1,125.1,125.1,125.1,125.1,125.1,125.1,125.1,125.1,125.1,125.1,125.1,125.1,125.1,125.1,125.1,125.1,125.1,125.1,125.1,125.1,125.1,125.1,125.1,125.1,125.1,125.1,125.1,125.1,125.1,125.1,125.1,125.1,125.1,125.1,125.1,125.1,125.1,125.1,125.1,125.1,125.1,125.1,125.1,125.1,125.1,125.1,125.1,125.1,125.1,125.1,125.1,125.1,125.1,125.1,125.1,125.1,125.1,125.1,125.1,125.1,125.1,125.1
2007-03-01,125.5,125.5,125.5,125.5,125.5,125.5,125.5,125.5,125.5,125.5,125.5,125.5,125.5,125.5,125.5,125.5,125.5,125.5,125.5,125.5,125.5,125.5,125.5,125.5,125.5,125.5,125.5,125.5,125.5,125.5,125.5,125.5,125.5,125.5,125.5,125.5,125.5,125.5,125.5,125.5,125.5,125.5,125.5,125.5,125.5,125.5,125.5,125.5,125.5,125.5,125.5,125.5,125.5,125.5,125.5,125.5,125.5,125.5,125.5,125.5,125.5,125.5,125.5,125.5,125.5,125.5,125.5,125.5,125.5,125.5,125.5,125.5,125.5,125.5,125.5,125.5,125.5,125.5,125.5,125.5,125.5,125.5,125.5,125.5,125.5,125.5,125.5,125.5,125.5,125.5,125.5,125.5,125.5,125.5,125.5,125.5,125.5,125.5,125.5,125.5,125.5,125.5,125.5,125.5,125.5,125.5,125.5,125.5,125.5,125.5,125.5,125.5,125.5,125.5,125.5,125.5,125.5,125.5,125.5,125.5,125.5,125.5,125.5,125.5,125.5,125.5,125.5,125.5,125.5,125.5,125.5,125.5,125.5,125.5,125.5,125.5,125.5,125.5,125.5,125.5,125.5,125.5,125.5,125.5,125.5,125.5,125.5,125.5,125.5,125.5,125.5,125.5,125.5,125.5,125.5,125.5,125.5,125.5,125.5,125.5,125.5,125.5,125.5,125.5,125.5,125.5,125.5,125.5,125.5,125.5,125.5,125.5,125.5,125.5,125.5,125.5,125.5,125.5,125.5,125.5,125.5,125.5,125.5,125.5,125.5,125.5,125.5,125.5,125.5,125.5,125.5,125.5,125.5,125.5,125.5,125.5,125.5,125.5
2007-04-01,124.6,124.6,124.6,124.6,124.6,124.6,124.6,124.6,124.6,124.6,124.6,124.6,124.6,124.6,124.6,124.6,124.6,124.6,124.6,124.6,124.6,124.6,124.6,124.6,124.6,124.6,124.6,124.6,124.6,124.6,124.6,124.6,124.6,124.6,124.6,124.6,124.6,124.6,124.6,124.6,124.6,124.6,124.6,124.6,124.6,124.6,124.6,124.6,124.6,124.6,124.6,124.6,124.6,124.6,124.6,124.6,124.6,124.6,124.6,124.6,124.6,124.6,124.6,124.6,124.6,124.6,124.6,124.6,124.6,124.6,124.6,124.6,124.6,124.6,124.6,124.6,124.6,124.6,124.6,124.6,124.6,124.6,124.6,124.6,124.6,124.6,124.6,124.6,124.6,124.6,124.6,124.6,124.6,124.6,124.6,124.6,124.6,124.6,124.6,124.6,124.6,124.6,124.6,124.6,124.6,124.6,124.6,124.6,124.6,124.6,124.6,124.6,124.6,124.6,124.6,124.6,124.6,124.6,124.6,124.6,124.6,124.6,124.6,124.6,124.6,124.6,124.6,124.6,124.6,124.6,124.6,124.6,124.6,124.6,124.6,124.6,124.6,124.6,124.6,124.6,124.6,124.6,124.6,124.6,124.6,124.6,124.6,124.6,124.6,124.6,124.6,124.6,124.6,124.6,124.6,124.6,124.6,124.6,124.6,124.6,124.6,124.6,124.6,124.6,124.6,124.6,124.6,124.6,124.6,124.6,124.6,124.6,124.6,124.6,124.6,124.6,124.6,124.6,124.6,124.6,124.6,124.6,124.6,124.6,124.6,124.6,124.6,124.6,124.6,124.6,124.6,124.6,124.6,124.6,124.6,124.6,124.6,124.6
2007-05-01,127.5,127.5,127.5,127.5,127.5,127.5,127.5,127.5,127.5,127.5,127.5,127.5,127.5,127.5,127.5,127.5,127.5,127.5,127.5,127.5,127.5,127.5,127.5,127.5,127.5,127.5,127.5,127.5,127.5,127.5,127.5,127.5,127.5,127.5,127.5,127.5,127.5,127.5,127.5,127.5,127.5,127.5,127.5,127.5,127.5,127.5,127.5,127.5,127.5,127.5,127.5,127.5,127.5,127.5,127.5,127.5,127.5,127.5,127.5,127.5,127.5,127.5,127.5,127.5,127.5,127.5,127.5,127.5,127.5,127.5,127.5,127.5,127.5,127.5,127.5,127.5,127.5,127.5,127.5,127.5,127.5,127.5,127.5,127.5,127.5,127.5,127.5,127.5,127.5,127.5,127.5,127.5,127.5,127.5,127.5,127.5,127.5,127.5,127.5,127.5,127.5,127.5,127.5,127.5,127.5,127.5,127.5,127.5,127.5,127.5,127.5,127.5,127.5,127.5,127.5,127.5,127.5,127.5,127.5,127.5,127.5,127.5,127.5,127.5,127.5,127.5,127.5,127.5,127.5,127.5,127.5,127.5,127.5,127.5,127.5,127.5,127.5,127.5,127.5,127.5,127.5,127.5,127.5,127.5,127.5,127.5,127.5,127.5,127.5,127.5,127.5,127.5,127.5,127.5,127.5,127.5,127.5,127.5,127.5,127.5,127.5,127.5,127.5,127.5,127.5,127.5,127.5,127.5,127.5,127.5,127.5,127.5,127.5,127.5,127.5,127.5,127.5,127.5,127.5,127.5,127.5,127.5,127.5,127.5,127.5,127.5,127.5,127.5,127.5,127.5,127.5,127.5,127.5,127.5,127.5,127.5,127.5,127.5
2007-06-01,127.4,127.4,127.4,127.4,127.4,127.4,127.4,127.4,127.4,127.4,127.4,127.4,127.4,127.4,127.4,127.4,127.4,127.4,127.4,127.4,127.4,127.4,127.4,127.4,127.4,127.4,127.4,127.4,127.4,127.4,127.4,127.4,127.4,127.4,127.4,127.4,127.4,127.4,127.4,127.4,127.4,127.4,127.4,127.4,127.4,127.4,127.4,127.4,127.4,127.4,127.4,127.4,127.4,127.4,127.4,127.4,127.4,127.4,127.4,127.4,127.4,127.4,127.4,127.4,127.4,127.4,127.4,127.4,127.4,127.4,127.4,127.4,127.4,127.4,127.4,127.4,127.4,127.4,127.4,127.4,127.4,127.4,127.4,127.4,127.4,127.4,127.4,127.4,127.4,127.4,127.4,127.4,127.4,127.4,127.4,127.4,127.4,127.4,127.4,127.4,127.4,127.4,127.4,127.4,127.4,127.4,127.4,127.4,127.4,127.4,127.4,127.4,127.4,127.4,127.4,127.4,127.4,127.4,127.4,127.4,127.4,127.4,127.4,127.4,127.4,127.4,127.4,127.4,127.4,127.4,127.4,127.4,127.4,127.4,127.4,127.4,127.4,127.4,127.4,127.4,127.4,127.4,127.4,127.4,127.4,127.4,127.4,127.4,127.4,127.4,127.4,127.4,127.4,127.4,127.4,127.4,127.4,127.4,127.4,127.4,127.4,127.4,127.4,127.4,127.4,127.4,127.4,127.4,127.4,127.4,127.4,127.4,127.4,127.4,127.4,127.4,127.4,127.4,127.4,127.4,127.4,127.4,127.4,127.4,127.4,127.4,127.4,127.4,127.4,127.4,127.4,127.4,127.4,127.4,127.4,127.4,127.4,127.4
2007-07-01,127.1,127.1,127.1,127.1,127.1,127.1,127.1,127.1,127.1,127.1,127.1,127.1,127.1,127.1,127.1,127.1,127.1,127.1,127.1,127.1,127.1,127.1,127.1,127.1,127.1,127.1,127.1,127.1,127.1,127.1,127.1,127.1,127.1,127.1,127.1,127.1,127.1,127.1,127.1,127.1,127.1,127.1,127.1,127.1,127.1,127.1,127.1,127.1,127.1,127.1,127.1,127.1,127.1,127.1,127.1,127.1,127.1,127.1,127.1,127.1,127.1,127.1,127.1,127.1,127.1,127.1,127.1,127.1,127.1,127.1,127.1,127.1,127.1,127.1,127.1,127.1,127.1,127.1,127.1,127.1,127.1,127.1,127.1,127.1,127.1,127.1,127.1,127.1,127.1,127.1,127.1,127.1,127.1,127.1,127.1,127.1,127.1,127.1,127.1,127.1,127.1,127.1,127.1,127.1,127.1,127.1,127.1,127.1,127.1,127.1,127.1,127.1,127.1,127.1,127.1,127.1,127.1,127.1,127.1,127.1,127.1,127.1,127.1,127.1,127.1,127.1,127.1,127.1,127.1,127.1,127.1,127.1,127.1,127.1,127.1,127.1,127.1,127.1,127.1,127.1,127.1,127.1,127.1,127.1,127.1,127.1,127.1,127.1,127.1,127.1,127.1,127.1,127.1,127.1,127.1,127.1,127.1,127.1,127.1,127.1,127.1,127.1,127.1,127.1,127.1,127.1,127.1,127.1,127.1,127.1,127.1,127.1,127.1,127.1,127.1,127.1,127.1,127.1,127.1,127.1,127.1,127.1,127.1,127.1,127.1,127.1,127.1,127.1,127.1,127.1,127.1,127.1,127.1,127.1,127.1,127.1,127.1,127.1
2007-08-01,130.5,130.5,130.5,130.5,130.5,130.5,130.5,130.5,130.5,130.5,130.5,130.5,130.5,130.5,130.5,130.5,130.5,130.5,130.5,130.5,130.5,130.5,130.5,130.5,130.5,130.5,130.5,130.5,130.5,130.5,130.5,130.5,130.5,130.5,130.5,130.5,130.5,130.5,130.5,130.5,130.5,130.5,130.5,130.5,130.5,130.5,130.5,130.5,130.5,130.5,130.5,130.5,130.5,130.5,130.5,130.5,130.5,130.5,130.5,130.5,130.5,130.5,130.5,130.5,130.5,130.5,130.5,130.5,130.5,130.5,130.5,130.5,130.5,130.5,130.5,130.5,130.5,130.5,130.5,130.5,130.5,130.5,130.5,130.5,130.5,130.5,130.5,130.5,130.5,130.5,130.5,130.5,130.5,130.5,130.5,130.5,130.5,130.5,130.5,130.5,130.5,130.5,130.5,130.5,130.5,130.5,130.5,130.5,130.5,130.5,130.5,130.5,130.5,130.5,130.5,130.5,130.5,130.5,130.5,130.5,130.5,130.5,130.5,130.5,130.5,130.5,130.5,130.5,130.5,130.5,130.5,130.5,130.5,130.5,130.5,130.5,130.5,130.5,130.5,130.5,130.5,130.5,130.5,130.5,130.5,130.5,130.5,130.5,130.5,130.5,130.5,130.5,130.5,130.5,130.5,130.5,130.5,130.5,130.5,130.5,130.5,130.5,130.5,130.5,130.5,130.5,130.5,130.5,130.5,130.5,130.5,130.5,130.5,130.5,130.5,130.5,130.5,130.5,130.5,130.5,130.5,130.5,130.5,130.5,130.5,130.5,130.5,130.5,130.5,130.5,130.5,130.5,130.5,130.5,130.5,130.5,130.5,130.5
2007-09-01,129.8,129.8,129.8,129.8,129.8,129.8,129.8,129.8,129.8,129.8,129.8,129.8,129.8,129.8,129.8,129.8,129.8,129.8,129.8,129.8,129.8,129.8,129.8,129.8,129.8,129.8,129.8,129.8,129.8,129.8,129.8,129.8,129.8,129.8,129.8,129.8,129.8,129.8,129.8,129.8,129.8,129.8,129.8,129.8,129.8,129.8,129.8,129.8,129.8,129.8,129.8,129.8,129.8,129.8,129.8,129.8,129.8,129.8,129.8,129.8,129.8,129.8,129.8,129.8,129.8,129.8,129.8,129.8,129.8,129.8,129.8,129.8,129.8,129.8,129.8,129.8,129.8,129.8,129.8,129.8,129.8,129.8,129.8,129.8,129.8,129.8,129.8,129.8,129.8,129.8,129.8,129.8,129.8,129.8,129.8,129.8,129.8,129.8,129.8,129.8,129.8,129.8,129.8,129.8,129.8,129.8,129.8,129.8,129.8,129.8,129.8,129.8,129.8,129.8,129.8,129.8,129.8,129.8,129.8,129.8,129.8,129.8,129.8,129.8,129.8,129.8,129.8,129.8,129.8,129.8,129.8,129.8,129.8,129.8,129.8,129.8,129.8,129.8,129.8,129.8,129.8,129.8,129.8,129.8,129.8,129.8,129.8,129.8,129.8,129.8,129.8,129.8,129.8,129.8,129.8,129.8,129.8,129.8,129.8,129.8,129.8,129.8,129.8,129.8,129.8,129.8,129.8,129.8,129.8,129.8,129.8,129.8,129.8,129.8,129.8,129.8,129.8,129.8,129.8,129.8,129.8,129.8,129.8,129.8,129.8,129.8,129.8,129.8,129.8,129.8,129.8,129.8,129.8,129.8,129.8,129.8,129.8,129.8
2007-10-01,133.0,133.0,133.0,133.0,133.0,133.0,133.0,133.0,133.0,133.0,133.0,133.0,133.0,133.0,133.0,133.0,133.0,133.0,133.0,133.0,133.0,133.0,133.0,133.0,133.0,133.0,133.0,133.0,133.0,133.0,133.0,133.0,133.0,133.0,133.0,133.0,133.0,133.0,133.0,133.0,133.0,133.0,133.0,133.0,133.0,133.0,133.0,133.0,133.0,133.0,133.0,133.0,133.0,133.0,133.0,133.0,133.0,133.0,133.0,133.0,133.0,133.0,133.0,133.0,133.0,133.0,133.0,133.0,133.0,133.0,133.0,133.0,133.0,133.0,133.0,133.0,133.0,133.0,133.0,133.0,133.0,133.0,133.0,133.0,133.0,133.0,133.0,133.0,133.0,133.0,133.0,133.0,133.0,133.0,133.0,133.0,133.0,133.0,133.0,133.0,133.0,133.0,133.0,133.0,133.0,133.0,133.0,133.0,133.0,133.0,133.0,133.0,133.0,133.0,133.0,133.0,133.0,133.0,133.0,133.0,133.0,133.0,133.0,133.0,133.0,133.0,133.0,133.0,133.0,133.0,133.0,133.0,133.0,133.0,133.0,133.0,133.0,133.0,133.0,133.0,133.0,133.0,133.0,133.0,133.0,133.0,133.0,133.0,133.0,133.0,133.0,133.0,133.0,133.0,133.0,133.0,133.0,133.0,133.0,133.0,133.0,133.0,133.0,133.0,133.0,133.0,133.0,133.0,133.0,133.0,133.0,133.0,133.0,133.0,133.0,133.0,133.0,133.0,133.0,133.0,133.0,133.0,133.0,133.0,133.0,133.0,133.0,133.0,133.0,133.0,133.0,133.0,133.0,133.0,133.0,133.0,133.0,133.0
2007-11-01,138.8,138.8,138.8,138.8,138.8,138.8,138.8,138.8,138.8,138.8,138.8,138.8,138.8,138.8,138.8,138.8,138.8,138.8,138.8,138.8,138.8,138.8,138.8,138.8,138.8,138.8,138.8,138.8,138.8,138.8,138.8,138.8,138.8,138.8,138.8,138.8,138.8,138.8,138.8,138.8,138.8,138.8,138.8,138.8,138.8,138.8,138.8,138.8,138.8,138.8,138.8,138.8,138.8,138.8,138.8,138.8,138.8,138.8,138.8,138.8,138.8,138.8,138.8,138.8,138.8,138.8,138.8,138.8,138.8,138.8,138.8,138.8,138.8,138.8,138.8,138.8,138.8,138.8,138.8,138.8,138.8,138.8,138.8,138.8,138.8,138.8,138.8,138.8,138.8,138.8,138.8,138.8,138.8,138.8,138.8,138.8,138.8,138.8,138.8,138.8,138.8,138.8,138.8,138.8,138.8,138.8,138.8,138.8,138.8,138.8,138.8,138.8,138.8,138.8,138.8,138.8,138.8,138.8,138.8,138.8,138.8,138.8,138.8,138.8,138.8,138.8,138.8,138.8,138.8,138.8,138.8,138.8,138.8,138.8,138.8,138.8,138.8,138.8,138.8,138.8,138.8,138.8,138.8,138.8,138.8,138.8,138.8,138.8,138.8,138.8,138.8,138.8,138.8,138.8,138.8,138.8,138.8,138.8,138.8,138.8,138.8,138.8,138.8,138.8,138.8,138.8,138.8,138.8,138.8,138.8,138.8,138.8,138.8,138.8,138.8,138.8,138.8,138.8,138.8,138.8,138.8,138.8,138.8,138.8,138.8,138.8,138.8,138.8,138.8,138.8,138.8,138.8,138.8,138.8,138.8,138.8,138.8,138.8
2007-12-01,143.9,143.9,143.9,143.9,143.9,143.9,143.9,143.9,143.9,143.9,143.9,143.9,143.9,143.9,143.9,143.9,143.9,143.9,143.9,143.9,143.9,143.9,143.9,143.9,143.9,143.9,143.9,143.9,143.9,143.9,143.9,143.9,143.9,143.9,143.9,143.9,143.9,143.9,143.9,143.9,143.9,143.9,143.9,143.9,143.9,143.9,143.9,143.9,143.9,143.9,143.9,143.9,143.9,143.9,143.9,143.9,143.9,143.9,143.9,143.9,143.9,143.9,143.9,143.9,143.9,143.9,143.9,143.9,143.9,143.9,143.9,143.9,143.9,143.9,143.9,143.9,143.9,143.9,143.9,143.9,143.9,143.9,143.9,143.9,143.9,143.9,143.9,143.9,143.9,143.9,143.9,143.9,143.9,143.9,143.9,143.9,143.9,143.9,143.9,143.9,143.9,143.9,143.9,143.9,143.9,143.9,143.9,143.9,143.9,143.9,143.9,143.9,143.9,143.9,143.9,143.9,143.9,143.9,143.9,143.9,143.9,143.9,143.9,143.9,143.9,143.9,143.9,143.9,143.9,143.9,143.9,143.9,143.9,143.9,143.9,143.9,143.9,143.9,143.9,143.9,143.9,143.9,143.9,143.9,143.9,143.9,143.9,143.9,143.9,143.9,143.9,143.9,143.9,143.9,143.9,143.9,143.9,143.9,143.9,143.9,143.9,143.9,143.9,143.9,143.9,143.9,143.9,143.9,143.9,143.9,143.9,143.9,143.9,143.9,143.9,143.9,143.9,143.9,143.9,143.9,143.9,143.9,143.9,143.9,143.9,143.9,143.9,143.9,143.9,143.9,143.9,143.9,143.9,143.9,143.9,143.9,143.9,143.9
2008-01-01,145.6,145.6,145.6,145.6,145.6,145.6,145.6,145.6,145.6,145.6,145.6,145.6,145.6,145.6,145.6,145.6,145.6,145.6,145.6,145.6,145.6,145.6,145.6,145.6,145.6,145.6,145.6,145.6,145.6,145.6,145.6,145.6,145.6,145.6,145.6,145.6,145.6,145.6,145.6,145.6,145.6,145.6,145.6,145.6,145.6,145.6,145.6,145.6,145.6,145.6,145.6,145.6,145.6,145.6,145.6,145.6,145.6,145.6,145.6,145.6,145.6,145.6,145.6,145.6,145.6,145.6,145.6,145.6,145.6,145.6,145.6,145.6,145.6,145.6,145.6,145.6,145.6,145.6,145.6,145.6,145.6,145.6,145.6,145.6,145.6,145.6,145.6,145.6,145.6,145.6,145.6,145.6,145.6,145.6,145.6,145.6,145.6,145.6,145.6,145.6,145.6,145.6,145.6,145.6,145.6,145.6,145.6,145.6,145.6,145.6,145.6,145.6,145.6,145.6,145.6,145.6,145.6,145.6,145.6,145.6,145.6,145.6,145.6,145.6,145.6,145.6,145.6,145.6,145.6,145.6,145.6,145.6,145.6,145.6,145.6,145.6,145.6,145.6,145.6,145.6,145.6,145.6,145.6,145.6,145.6,145.6,145.6,145.6,145.6,145.6,145.6,145.6,145.6,145.6,145.6,145.6,145.6,145.6,145.6,145.6,145.6,145.6,145.6,145.6,145.6,145.6,145.6,145.6,145.6,145.6,145.6,145.6,145.6,145.6,145.6,145.6,145.6,145.6,145.6,145.6,145.6,145.6,145.6,145.6,145.6,145.6,145.6,145.6,145.6,145.6,145.6,145.6,145.6,145.6,145.6,145.6,145.6,145.6
2008-02-01,145.9,145.9,145.9,145.9,145.9,145.9,145.9,145.9,145.9,145.9,145.9,145.9,145.9,145.9,145.9,145.9,145.9,145.9,145.9,145.9,145.9,145.9,145.9,145.9,145.9,145.9,145.9,145.9,145.9,145.9,145.9,145.9,145.9,145.9,145.9,145.9,145.9,145.9,145.9,145.9,145.9,145.9,145.9,145.9,145.9,145.9,145.9,145.9,145.9,145.9,145.9,145.9,145.9,145.9,145.9,145.9,145.9,145.9,145.9,145.9,145.9,145.9,145.9,145.9,145.9,145.9,145.9,145.9,145.9,145.9,145.9,145.9,145.9,145.9,145.9,145.9,145.9,145.9,145.9,145.9,145.9,145.9,145.9,145.9,145.9,145.9,145.9,145.9,145.9,145.9,145.9,145.9,145.9,145.9,145.9,145.9,145.9,145.9,145.9,145.9,145.9,145.9,145.9,145.9,145.9,145.9,145.9,145.9,145.9,145.9,145.9,145.9,145.9,145.9,145.9,145.9,145.9,145.9,145.9,145.9,145.9,145.9,145.9,145.9,145.9,145.9,145.9,145.9,145.9,145.9,145.9,145.9,145.9,145.9,145.9,145.9,145.9,145.9,145.9,145.9,145.9,145.9,145.9,145.9,145.9,145.9,145.9,145.9,145.9,145.9,145.9,145.9,145.9,145.9,145.9,145.9,145.9,145.9,145.9,145.9,145.9,145.9,145.9,145.9,145.9,145.9,145.9,145.9,145.9,145.9,145.9,145.9,145.9,145.9,145.9,145.9,145.9,145.9,145.9,145.9,145.9,145.9,145.9,145.9,145.9,145.9,145.9,145.9,145.9,145.9,145.9,145.9,145.9,145.9,145.9,145.9,145.9,145.9
2008-03-01,146.4,146.4,146.4,146.4,146.4,146.4,146.4,146.4,146.4,146.4,146.4,146.4,146.4,146.4,146.4,146.4,146.4,146.4,146.4,146.4,146.4,146.4,146.4,146.4,146.4,146.4,146.4,146.4,146.4,146.4,146.4,146.4,146.4,146.4,146.4,146.4,146.4,146.4,146.4,146.4,146.4,146.4,146.4,146.4,146.4,146.4,146.4,146.4,146.4,146.4,146.4,146.4,146.4,146.4,146.4,146.4,146.4,146.4,146.4,146.4,146.4,146.4,146.4,146.4,146.4,146.4,146.4,146.4,146.4,146.4,146.4,146.4,146.4,146.4,146.4,146.4,146.4,146.4,146.4,146.4,146.4,146.4,146.4,146.4,146.4,146.4,146.4,146.4,146.4,146.4,146.4,146.4,146.4,146.4,146.4,146.4,146.4,146.4,146.4,146.4,146.4,146.4,146.4,146.4,146.4,146.4,146.4,146.4,146.4,146.4,146.4,146.4,146.4,146.4,146.4,146.4,146.4,146.4,146.4,146.4,146.4,146.4,146.4,146.4,146.4,146.4,146.4,146.4,146.4,146.4,146.4,146.4,146.4,146.4,146.4,146.4,146.4,146.4,146.4,146.4,146.4,146.4,146.4,146.4,146.4,146.4,146.4,146.4,146.4,146.4,146.4,146.4,146.4,146.4,146.4,146.4,146.4,146.4,146.4,146.4,146.4,146.4,146.4,146.4,146.4,146.4,146.4,146.4,146.4,146.4,146.4,146.4,146.4,146.4,146.4,146.4,146.4,146.4,146.4,146.4,146.4,146.4,146.4,146.4,146.4,146.4,146.4,146.4,146.4,146.4,146.4,146.4,146.4,146.4,146.4,146.4,146.4,146.4
2008-04-01,157.7,157.7,157.7,157.7,157.7,157.7,157.7,157.7,157.7,157.7,157.7,157.7,157.7,157.7,157.7,157.7,157.7,157.7,157.7,157.7,157.7,157.7,157.7,157.7,157.7,157.7,157.7,157.7,157.7,157.7,157.7,157.7,157.7,157.7,157.7,157.7,157.7,157.7,157.7,157.7,157.7,157.7,157.7,157.7,157.7,157.7,157.7,157.7,157.7,157.7,157.7,157.7,157.7,157.7,157.7,157.7,157.7,157.7,157.7,157.7,157.7,157.7,157.7,157.7,157.7,157.7,157.7,157.7,157.7,157.7,157.7,157.7,157.7,157.7,157.7,157.7,157.7,157.7,157.7,157.7,157.7,157.7,157.7,157.7,157.7,157.7,157.7,157.7,157.7,157.7,157.7,157.7,157.7,157.7,157.7,157.7,157.7,157.7,157.7,157.7,157.7,157.7,157.7,157.7,157.7,157.7,157.7,157.7,157.7,157.7,157.7,157.7,157.7,157.7,157.7,157.7,157.7,157.7,157.7,157.7,157.7,157.7,157.7,157.7,157.7,157.7,157.7,157.7,157.7,157.7,157.7,157.7,157.7,157.7,157.7,157.7,157.7,157.7,157.7,157.7,157.7,157.7,157.7,157.7,157.7,157.7,157.7,157.7,157.7,157.7,157.7,157.7,157.7,157.7,157.7,157.7,157.7,157.7,157.7,157.7,157.7,157.7,157.7,157.7,157.7,157.7,157.7,157.7,157.7,157.7,157.7,157.7,157.7,157.7,157.7,157.7,157.7,157.7,157.7,157.7,157.7,157.7,157.7,157.7,157.7,157.7,157.7,157.7,157.7,157.7,157.7,157.7,157.7,157.7,157.7,157.7,157.7,157.7
2008-05-01,162.4,162.4,162.4,162.4,162.4,162.4,162.4,162.4,162.4,162.4,162.4,162.4,162.4,162.4,162.4,162.4,162.4,162.4,162.4,162.4,162.4,162.4,162.4,162.4,162.4,162.4,162.4,162.4,162.4,162.4,162.4,162.4,162.4,162.4,162.4,162.4,162.4,162.4,162.4,162.4,162.4,162.4,162.4,162.4,162.4,162.4,162.4,162.4,162.4,162.4,162.4,162.4,162.4,162.4,162.4,162.4,162.4,162.4,162.4,162.4,162.4,162.4,162.4,162.4,162.4,162.4,162.4,162.4,162.4,162.4,162.4,162.4,162.4,162.4,162.4,162.4,162.4,162.4,162.4,162.4,162.4,162.4,162.4,162.4,162.4,162.4,162.4,162.4,162.4,162.4,162.4,162.4,162.4,162.4,162.4,162.4,162.4,162.4,162.4,162.4,162.4,162.4,162.4,162.4,162.4,162.4,162.4,162.4,162.4,162.4,162.4,162.4,162.4,162.4,162.4,162.4,162.4,162.4,162.4,162.4,162.4,162.4,162.4,162.4,162.4,162.4,162.4,162.4,162.4,162.4,162.4,162.4,162.4,162.4,162.4,162.4,162.4,162.4,162.4,162.4,162.4,162.4,162.4,162.4,162.4,162.4,162.4,162.4,162.4,162.4,162.4,162.4,162.4,162.4,162.4,162.4,162.4,162.4,162.4,162.4,162.4,162.4,162.4,162.4,162.4,162.4,162.4,162.4,162.4,162.4,162.4,162.4,162.4,162.4,162.4,162.4,162.4,162.4,162.4,162.4,162.4,162.4,162.4,162.4,162.4,162.4,162.4,162.4,162.4,162.4,162.4,162.4,162.4,162.4,162.4,162.4,162.4,162.4
2008-06-01,165.2,165.2,165.2,165.2,165.2,165.2,165.2,165.2,165.2,165.2,165.2,165.2,165.2,165.2,165.2,165.2,165.2,165.2,165.2,165.2,165.2,165.2,165.2,165.2,165.2,165.2,165.2,165.2,165.2,165.2,165.2,165.2,165.2,165.2,165.2,165.2,165.2,165.2,165.2,165.2,165.2,165.2,165.2,165.2,165.2,165.2,165.2,165.2,165.2,165.2,165.2,165.2,165.2,165.2,165.2,165.2,165.2,165.2,165.2,165.2,165.2,165.2,165.2,165.2,165.2,165.2,165.2,165.2,165.2,165.2,165.2,165.2,165.2,165.2,165.2,165.2,165.2,165.2,165.2,165.2,165.2,165.2,165.2,165.2,165.2,165.2,165.2,165.2,165.2,165.2,165.2,165.2,165.2,165.2,165.2,165.2,165.2,165.2,165.2,165.2,165.2,165.2,165.2,165.2,165.2,165.2,165.2,165.2,165.2,165.2,165.2,165.2,165.2,165.2,165.2,165.2,165.2,165.2,165.2,165.2,165.2,165.2,165.2,165.2,165.2,165.2,165.2,165.2,165.2,165.2,165.2,165.2,165.2,165.2,165.2,165.2,165.2,165.2,165.2,165.2,165.2,165.2,165.2,165.2,165.2,165.2,165.2,165.2,165.2,165.2,165.2,165.2,165.2,165.2,165.2,165.2,165.2,165.2,165.2,165.2,165.2,165.2,165.2,165.2,165.2,165.2,165.2,165.2,165.2,165.2,165.2,165.2,165.2,165.2,165.2,165.2,165.2,165.2,165.2,165.2,165.2,165.2,165.2,165.2,165.2,165.2,165.2,165.2,165.2,165.2,165.2,165.2,165.2,165.2,165.2,165.2,165.2,165.2
2008-07-01,169.6,169.6,169.6,169.6,169.6,169.6,169.6,169.6,169.6,169.6,169.6,169.6,169.6,169.6,169.6,169.6,169.6,169.6,169.6,169.6,169.6,169.6,169.6,169.6,169.6,169.6,169.6,169.6,169.6,169.6,169.6,169.6,169.6,169.6,169.6,169.6,169.6,169.6,169.6,169.6,169.6,169.6,169.6,169.6,169.6,169.6,169.6,169.6,169.6,169.6,169.6,169.6,169.6,169.6,169.6,169.6,169.6,169.6,169.6,169.6,169.6,169.6,169.6,169.6,169.6,169.6,169.6,169.6,169.6,169.6,169.6,169.6,169.6,169.6,169.6,169.6,169.6,169.6,169.6,169.6,169.6,169.6,169.6,169.6,169.6,169.6,169.6,169.6,169.6,169.6,169.6,169.6,169.6,169.6,169.6,169.6,169.6,169.6,169.6,169.6,169.6,169.6,169.6,169.6,169.6,169.6,169.6,169.6,169.6,169.6,169.6,169.6,169.6,169.6,169.6,169.6,169.6,169.6,169.6,169.6,169.6,169.6,169.6,169.6,169.6,169.6,169.6,169.6,169.6,169.6,169.6,169.6,169.6,169.6,169.6,169.6,169.6,169.6,169.6,169.6,169.6,169.6,169.6,169.6,169.6,169.6,169.6,169.6,169.6,169.6,169.6,169.6,169.6,169.6,169.6,169.6,169.6,169.6,169.6,169.6,169.6,169.6,169.6,169.6,169.6,169.6,169.6,169.6,169.6,169.6,169.6,169.6,169.6,169.6,169.6,169.6,169.6,169.6,169.6,169.6,169.6,169.6,169.6,169.6,169.6,169.6,169.6,169.6,169.6,169.6,169.6,169.6,169.6,169.6,169.6,169.6,169.6,169.6
2008-08-01,172.2,172.2,172.2,172.2,172.2,172.2,172.2,172.2,172.2,172.2,172.2,172.2,172.2,172.2,172.2,172.2,172.2,172.2,172.2,172.2,172.2,172.2,172.2,172.2,172.2,172.2,172.2,172.2,172.2,172.2,172.2,172.2,172.2,172.2,172.2,172.2,172.2,172.2,172.2,172.2,172.2,172.2,172.2,172.2,172.2,172.2,172.2,172.2,172.2,172.2,172.2,172.2,172.2,172.2,172.2,172.2,172.2,172.2,172.2,172.2,172.2,172.2,172.2,172.2,172.2,172.2,172.2,172.2,172.2,172.2,172.2,172.2,172.2,172.2,172.2,172.2,172.2,172.2,172.2,172.2,172.2,172.2,172.2,172.2,172.2,172.2,172.2,172.2,172.2,172.2,172.2,172.2,172.2,172.2,172.2,172.2,172.2,172.2,172.2,172.2,172.2,172.2,172.2,172.2,172.2,172.2,172.2,172.2,172.2,172.2,172.2,172.2,172.2,172.2,172.2,172.2,172.2,172.2,172.2,172.2,172.2,172.2,172.2,172.2,172.2,172.2,172.2,172.2,172.2,172.2,172.2,172.2,172.2,172.2,172.2,172.2,172.2,172.2,172.2,172.2,172.2,172.2,172.2,172.2,172.2,172.2,172.2,172.2,172.2,172.2,172.2,172.2,172.2,172.2,172.2,172.2,172.2,172.2,172.2,172.2,172.2,172.2,172.2,172.2,172.2,172.2,172.2,172.2,172.2,172.2,172.2,172.2,172.2,172.2,172.2,172.2,172.2,172.2,172.2,172.2,172.2,172.2,172.2,172.2,172.2,172.2,172.2,172.2,172.2,172.2,172.2,172.2,172.2,172.2,172.2,172.2,172.2,172.2
2008-09-01,161.8,161.8,161.8,161.8,161.8,161.8,161.8,161.8,161.8,161.8,161.8,161.8,161.8,161.8,161.8,161.8,161.8,161.8,161.8,161.8,161.8,161.8,161.8,161.8,161.8,161.8,161.8,161.8,161.8,161.8,161.8,161.8,161.8,161.8,161.8,161.8,161.8,161.8,161.8,161.8,161.8,161.8,161.8,161.8,161.8,161.8,161.8,161.8,161.8,161.8,161.8,161.8,161.8,161.8,161.8,161.8,161.8,161.8,161.8,161.8,161.8,161.8,161.8,161.8,161.8,161.8,161.8,161.8,161.8,161.8,161.8,161.8,161.8,161.8,161.8,161.8,161.8,161.8,161.8,161.8,161.8,161.8,161.8,161.8,161.8,161.8,161.8,161.8,161.8,161.8,161.8,161.8,161.8,161.8,161.8,161.8,161.8,161.8,161.8,161.8,161.8,161.8,161.8,161.8,161.8,161.8,161.8,161.8,161.8,161.8,161.8,161.8,161.8,161.8,161.8,161.8,161.8,161.8,161.8,161.8,161.8,161.8,161.8,161.8,161.8,161.8,161.8,161.8,161.8,161.8,161.8,161.8,161.8,161.8,161.8,161.8,161.8,161.8,161.8,161.8,161.8,161.8,161.8,161.8,161.8,161.8,161.8,161.8,161.8,161.8,161.8,161.8,161.8,161.8,161.8,161.8,161.8,161.8,161.8,161.8,161.8,161.8,161.8,161.8,161.8,161.8,161.8,161.8,161.8,161.8,161.8,161.8,161.8,161.8,161.8,161.8,161.8,161.8,161.8,161.8,161.8,161.8,161.8,161.8,161.8,161.8,161.8,161.8,161.8,161.8,161.8,161.8,161.8,161.8,161.8,161.8,161.8,161.8
2008-10-01,154.1,154.1,154.1,154.1,154.1,154.1,154.1,154.1,154.1,154.1,154.1,154.1,154.1,154.1,154.1,154.1,154.1,154.1,154.1,154.1,154.1,154.1,154.1,154.1,154.1,154.1,154.1,154.1,154.1,154.1,154.1,154.1,154.1,154.1,154.1,154.1,154.1,154.1,154.1,154.1,154.1,154.1,154.1,154.1,154.1,154.1,154.1,154.1,154.1,154.1,154.1,154.1,154.1,154.1,154.1,154.1,154.1,154.1,154.1,154.1,154.1,154.1,154.1,154.1,154.1,154.1,154.1,154.1,154.1,154.1,154.1,154.1,154.1,154.1,154.1,154.1,154.1,154.1,154.1,154.1,154.1,154.1,154.1,154.1,154.1,154.1,154.1,154.1,154.1,154.1,154.1,154.1,154.1,154.1,154.1,154.1,154.1,154.1,154.1,154.1,154.1,154.1,154.1,154.1,154.1,154.1,154.1,154.1,154.1,154.1,154.1,154.1,154.1,154.1,154.1,154.1,154.1,154.1,154.1,154.1,154.1,154.1,154.1,154.1,154.1,154.1,154.1,154.1,154.1,154.1,154.1,154.1,154.1,154.1,154.1,154.1,154.1,154.1,154.1,154.1,154.1,154.1,154.1,154.1,154.1,154.1,154.1,154.1,154.1,154.1,154.1,154.1,154.1,154.1,154.1,154.1,154.1,154.1,154.1,154.1,154.1,154.1,154.1,154.1,154.1,154.1,154.1,154.1,154.1,154.1,154.1,154.1,154.1,154.1,154.1,154.1,154.1,154.1,154.1,154.1,154.1,154.1,154.1,154.1,154.1,154.1,154.1,154.1,154.1,154.1,154.1,154.1,154.1,154.1,154.1,154.1,154.1,154.1
2008-11-01,141.2,141.2,141.2,141.2,141.2,141.2,141.2,141.2,141.2,141.2,141.2,141.2,141.2,141.2,141.2,141.2,141.2,141.2,141.2,141.2,141.2,141.2,141.2,141.2,141.2,141.2,141.2,141.2,141.2,141.2,141.2,141.2,141.2,141.2,141.2,141.2,141.2,141.2,141.2,141.2,141.2,141.2,141.2,141.2,141.2,141.2,141.2,141.2,141.2,141.2,141.2,141.2,141.2,141.2,141.2,141.2,141.2,141.2,141.2,141.2,141.2,141.2,141.2,141.2,141.2,141.2,141.2,141.2,141.2,141.2,141.2,141.2,141.2,141.2,141.2,141.2,141.2,141.2,141.2,141.2,141.2,141.2,141.2,141.2,141.2,141.2,141.2,141.2,141.2,141.2,141.2,141.2,141.2,141.2,141.2,141.2,141.2,141.2,141.2,141.2,141.2,141.2,141.2,141.2,141.2,141.2,141.2,141.2,141.2,141.2,141.2,141.2,141.2,141.2,141.2,141.2,141.2,141.2,141.2,141.2,141.2,141.2,141.2,141.2,141.2,141.2,141.2,141.2,141.2,141.2,141.2,141.2,141.2,141.2,141.2,141.2,141.2,141.2,141.2,141.2,141.2,141.2,141.2,141.2,141.2,141.2,141.2,141.2,141.2,141.2,141.2,141.2,141.2,141.2,141.2,141.2,141.2,141.2,141.2,141.2,141.2,141.2,141.2,141.2,141.2,141.2,141.2,141.2,141.2,141.2,141.2,141.2,141.2,141.2,141.2,141.2,141.2,141.2,141.2,141.2,141.2,141.2,141.2,141.2,141.2,141.2,141.2,141.2,141.2,141.2,141.2,141.2,141.2,141.2,141.2,141.2,141.2,141.2
2008-12-01,131.9,131.9,131.9,131.9,131.9,131.9,131.9,131.9,131.9,131.9,131.9,131.9,131.9,131.9,131.9,131.9,131.9,131.9,131.9,131.9,131.9,131.9,131.9,131.9,131.9,131.9,131.9,131.9,131.9,131.9,131.9,131.9,131.9,131.9,131.9,131.9,131.9,131.9,131.9,131.9,131.9,131.9,131.9,131.9,131.9,131.9,131.9,131.9,131.9,131.9,131.9,131.9,131.9,131.9,131.9,131.9,131.9,131.9,131.9,131.9,131.9,131.9,131.9,131.9,131.9,131.9,131.9,131.9,131.9,131.9,131.9,131.9,131.9,131.9,131.9,131.9,131.9,131.9,131.9,131.9,131.9,131.9,131.9,131.9,131.9,131.9,131.9,131.9,131.9,131.9,131.9,131.9,131.9,131.9,131.9,131.9,131.9,131.9,131.9,131.9,131.9,131.9,131.9,131.9,131.9,131.9,131.9,131.9,131.9,131.9,131.9,131.9,131.9,131.9,131.9,131.9,131.9,131.9,131.9,131.9,131.9,131.9,131.9,131.9,131.9,131.9,131.9,131.9,131.9,131.9,131.9,131.9,131.9,131.9,131.9,131.9,131.9,131.9,131.9,131.9,131.9,131.9,131.9,131.9,131.9,131.9,131.9,131.9,131.9,131.9,131.9,131.9,131.9,131.9,131.9,131.9,131.9,131.9,131.9,131.9,131.9,131.9,131.9,131.9,131.9,131.9,131.9,131.9,131.9,131.9,131.9,131.9,131.9,131.9,131.9,131.9,131.9,131.9,131.9,131.9,131.9,131.9,131.9,131.9,131.9,131.9,131.9,131.9,131.9,131.9,131.9,131.9,131.9,131.9,131.9,131.9,131.9,131.9
2009-01-01,129.9,129.9,129.9,129.9,129.9,129.9,129.9,129.9,129.9,129.9,129.9,129.9,129.9,129.9,129.9,129.9,129.9,129.9,129.9,129.9,129.9,129.9,129.9,129.9,129.9,129.9,129.9,129.9,129.9,129.9,129.9,129.9,129.9,129.9,129.9,129.9,129.9,129.9,129.9,129.9,129.9,129.9,129.9,129.9,129.9,129.9,129.9,129.9,129.9,129.9,129.9,129.9,129.9,129.9,129.9,129.9,129.9,129.9,129.9,129.9,129.9,129.9,129.9,129.9,129.9,129.9,129.9,129.9,129.9,129.9,129.9,129.9,129.9,129.9,129.9,129.9,129.9,129.9,129.9,129.9,129.9,129.9,129.9,129.9,129.9,129.9,129.9,129.9,129.9,129.9,129.9,129.9,129.9,129.9,129.9,129.9,129.9,129.9,129.9,129.9,129.9,129.9,129.9,129.9,129.9,129.9,129.9,129.9,129.9,129.9,129.9,129.9,129.9,129.9,129.9,129.9,129.9,129.9,129.9,129.9,129.9,129.9,129.9,129.9,129.9,129.9,129.9,129.9,129.9,129.9,129.9,129.9,129.9,129.9,129.9,129.9,129.9,129.9,129.9,129.9,129.9,129.9,129.9,129.9,129.9,129.9,129.9,129.9,129.9,129.9,129.9,129.9,129.9,129.9,129.9,129.9,129.9,129.9,129.9,129.9,129.9,129.9,129.9,129.9,129.9,129.9,129.9,129.9,129.9,129.9,129.9,129.9,129.9,129.9,129.9,129.9,129.9,129.9,129.9,129.9,129.9,129.9,129.9,129.9,129.9,129.9,129.9,129.9,129.9,129.9,129.9,129.9,129.9,129.9,129.9,129.9,129.9,129.9
2009-02-01,127.0,127.0,127.0,127.0,127.0,127.0,127.0,127.0,127.0,127.0,127.0,127.0,127.0,127.0,127.0,127.0,127.0,127.0,127.0,127.0,127.0,127.0,127.0,127.0,127.0,127.0,127.0,127.0,127.0,127.0,127.0,127.0,127.0,127.0,127.0,127.0,127.0,127.0,127.0,127.0,127.0,127.0,127.0,127.0,127.0,127.0,127.0,127.0,127.0,127.0,127.0,127.0,127.0,127.0,127.0,127.0,127.0,127.0,127.0,127.0,127.0,127.0,127.0,127.0,127.0,127.0,127.0,127.0,127.0,127.0,127.0,127.0,127.0,127.0,127.0,127.0,127.0,127.0,127.0,127.0,127.0,127.0,127.0,127.0,127.0,127.0,127.0,127.0,127.0,127.0,127.0,127.0,127.0,127.0,127.0,127.0,127.0,127.0,127.0,127.0,127.0,127.0,127.0,127.0,127.0,127.0,127.0,127.0,127.0,127.0,127.0,127.0,127.0,127.0,127.0,127.0,127.0,127.0,127.0,127.0,127.0,127.0,127.0,127.0,127.0,127.0,127.0,127.0,127.0,127.0,127.0,127.0,127.0,127.0,127.0,127.0,127.0,127.0,127.0,127.0,127.0,127.0,127.0,127.0,127.0,127.0,127.0,127.0,127.0,127.0,127.0,127.0,127.0,127.0,127.0,127.0,127.0,127.0,127.0,127.0,127.0,127.0,127.0,127.0,127.0,127.0,127.0,127.0,127.0,127.0,127.0,127.0,127.0,127.0,127.0,127.0,127.0,127.0,127.0,127.0,127.0,127.0,127.0,127.0,127.0,127.0,127.0,127.0,127.0,127.0,127.0,127.0,127.0,127.0,127.0,127.0,127.0,127.0
2009-03-01,121.4,121.4,121.4,121.4,121.4,121.4,121.4,121.4,121.4,121.4,121.4,121.4,121.4,121.4,121.4,121.4,121.4,121.4,121.4,121.4,121.4,121.4,121.4,121.4,121.4,121.4,121.4,121.4,121.4,121.4,121.4,121.4,121.4,121.4,121.4,121.4,121.4,121.4,121.4,121.4,121.4,121.4,121.4,121.4,121.4,121.4,121.4,121.4,121.4,121.4,121.4,121.4,121.4,121.4,121.4,121.4,121.4,121.4,121.4,121.4,121.4,121.4,121.4,121.4,121.4,121.4,121.4,121.4,121.4,121.4,121.4,121.4,121.4,121.4,121.4,121.4,121.4,121.4,121.4,121.4,121.4,121.4,121.4,121.4,121.4,121.4,121.4,121.4,121.4,121.4,121.4,121.4,121.4,121.4,121.4,121.4,121.4,121.4,121.4,121.4,121.4,121.4,121.4,121.4,121.4,121.4,121.4,121.4,121.4,121.4,121.4,121.4,121.4,121.4,121.4,121.4,121.4,121.4,121.4,121.4,121.4,121.4,121.4,121.4,121.4,121.4,121.4,121.4,121.4,121.4,121.4,121.4,121.4,121.4,121.4,121.4,121.4,121.4,121.4,121.4,121.4,121.4,121.4,121.4,121.4,121.4,121.4,121.4,121.4,121.4,121.4,121.4,121.4,121.4,121.4,121.4,121.4,121.4,121.4,121.4,121.4,121.4,121.4,121.4,121.4,121.4,121.4,121.4,121.4,121.4,121.4,121.4,121.4,121.4,121.4,121.4,121.4,121.4,121.4,121.4,121.4,121.4,121.4,121.4,121.4,121.4,121.4,121.4,121.4,121.4,121.4,121.4,121.4,121.4,121.4,121.4,121.4,121.4
2009-04-01,118.0,118.0,118.0,118.0,118.0,118.0,118.0,118.0,118.0,118.0,118.0,118.0,118.0,118.0,118.0,118.0,118.0,118.0,118.0,118.0,118.0,118.0,118.0,118.0,118.0,118.0,118.0,118.0,118.0,118.0,118.0,118.0,118.0,118.0,118.0,118.0,118.0,118.0,118.0,118.0,118.0,118.0,118.0,118.0,118.0,118.0,118.0,118.0,118.0,118.0,118.0,118.0,118.0,118.0,118.0,118.0,118.0,118.0,118.0,118.0,118.0,118.0,118.0,118.0,118.0,118.0,118.0,118.0,118.0,118.0,118.0,118.0,118.0,118.0,118.0,118.0,118.0,118.0,118.0,118.0,118.0,118.0,118.0,118.0,118.0,118.0,118.0,118.0,118.0,118.0,118.0,118.0,118.0,118.0,118.0,118.0,118.0,118.0,118.0,118.0,118.0,118.0,118.0,118.0,118.0,118.0,118.0,118.0,118.0,118.0,118.0,118.0,118.0,118.0,118.0,118.0,118.0,118.0,118.0,118.0,118.0,118.0,118.0,118.0,118.0,118.0,118.0,118.0,118.0,118.0,118.0,118.0,118.0,118.0,118.0,118.0,118.0,118.0,118.0,118.0,118.0,118.0,118.0,118.0,118.0,118.0,118.0,118.0,118.0,118.0,118.0,118.0,118.0,118.0,118.0,118.0,118.0,118.0,118.0,118.0,118.0,118.0,118.0,118.0,118.0,118.0,118.0,118.0,118.0,118.0,118.0,118.0,118.0,118.0,118.0,118.0,118.0,118.0,118.0,118.0,118.0,118.0,118.0,118.0,118.0,118.0,118.0,118.0,118.0,118.0,118.0,118.0,118.0,118.0,118.0,118.0,118.0,118.0
2009-05-01,118.9,118.9,118.9,118.9,118.9,118.9,118.9,118.9,118.9,118.9,118.9,118.9,118.9,118.9,118.9,118.9,118.9,118.9,118.9,118.9,118.9,118.9,118.9,118.9,118.9,118.9,118.9,118.9,118.9,118.9,118.9,118.9,118.9,118.9,118.9,118.9,118.9,118.9,118.9,118.9,118.9,118.9,118.9,118.9,118.9,118.9,118.9,118.9,118.9,118.9,118.9,118.9,118.9,118.9,118.9,118.9,118.9,118.9,118.9,118.9,118.9,118.9,118.9,118.9,118.9,118.9,118.9,118.9,118.9,118.9,118.9,118.9,118.9,118.9,118.9,118.9,118.9,118.9,118.9,118.9,118.9,118.9,118.9,118.9,118.9,118.9,118.9,118.9,118.9,118.9,118.9,118.9,118.9,118.9,118.9,118.9,118.9,118.9,118.9,118.9,118.9,118.9,118.9,118.9,118.9,118.9,118.9,118.9,118.9,118.9,118.9,118.9,118.9,118.9,118.9,118.9,118.9,118.9,118.9,118.9,118.9,118.9,118.9,118.9,118.9,118.9,118.9,118.9,118.9,118.9,118.9,118.9,118.9,118.9,118.9,118.9,118.9,118.9,118.9,118.9,118.9,118.9,118.9,118.9,118.9,118.9,118.9,118.9,118.9,118.9,118.9,118.9,118.9,118.9,118.9,118.9,118.9,118.9,118.9,118.9,118.9,118.9,118.9,118.9,118.9,118.9,118.9,118.9,118.9,118.9,118.9,118.9,118.9,118.9,118.9,118.9,118.9,118.9,118.9,118.9,118.9,118.9,118.9,118.9,118.9,118.9,118.9,118.9,118.9,118.9,118.9,118.9,118.9,118.9,118.9,118.9,118.9,118.9
2009-06-01,119.5,119.5,119.5,119.5,119.5,119.5,119.5,119.5,119.5,119.5,119.5,119.5,119.5,119.5,119.5,119.5,119.5,119.5,119.5,119.5,119.5,119.5,119.5,119.5,119.5,119.5,119.5,119.5,119.5,119.5,119.5,119.5,119.5,119.5,119.5,119.5,119.5,119.5,119.5,119.5,119.5,119.5,119.5,119.5,119.5,119.5,119.5,119.5,119.5,119.5,119.5,119.5,119.5,119.5,119.5,119.5,119.5,119.5,119.5,119.5,119.5,119.5,119.5,119.5,119.5,119.5,119.5,119.5,119.5,119.5,119.5,119.5,119.5,119.5,119.5,119.5,119.5,119.5,119.5,119.5,119.5,119.5,119.5,119.5,119.5,119.5,119.5,119.5,119.5,119.5,119.5,119.5,119.5,119.5,119.5,119.5,119.5,119.5,119.5,119.5,119.5,119.5,119.5,119.5,119.5,119.5,119.5,119.5,119.5,119.5,119.5,119.5,119.5,119.5,119.5,119.5,119.5,119.5,119.5,119.5,119.5,119.5,119.5,119.5,119.5,119.5,119.5,119.5,119.5,119.5,119.5,119.5,119.5,119.5,119.5,119.5,119.5,119.5,119.5,119.5,119.5,119.5,119.5,119.5,119.5,119.5,119.5,119.5,119.5,119.5,119.5,119.5,119.5,119.5,119.5,119.5,119.5,119.5,119.5,119.5,119.5,119.5,119.5,119.5,119.5,119.5,119.5,119.5,119.5,119.5,119.5,119.5,119.5,119.5,119.5,119.5,119.5,119.5,119.5,119.5,119.5,119.5,119.5,119.5,119.5,119.5,119.5,119.5,119.5,119.5,119.5,119.5,119.5,119.5,119.5,119.5,119.5,119.5
2009-07-01,122.7,122.7,122.7,122.7,122.7,122.7,122.7,122.7,122.7,122.7,122.7,122.7,122.7,122.7,122.7,122.7,122.7,122.7,122.7,122.7,122.7,122.7,122.7,122.7,122.7,122.7,122.7,122.7,122.7,122.7,122.7,122.7,122.7,122.7,122.7,122.7,122.7,122.7,122.7,122.7,122.7,122.7,122.7,122.7,122.7,122.7,122.7,122.7,122.7,122.7,122.7,122.7,122.7,122.7,122.7,122.7,122.7,122.7,122.7,122.7,122.7,122.7,122.7,122.7,122.7,122.7,122.7,122.7,122.7,122.7,122.7,122.7,122.7,122.7,122.7,122.7,122.7,122.7,122.7,122.7,122.7,122.7,122.7,122.7,122.7,122.7,122.7,122.7,122.7,122.7,122.7,122.7,122.7,122.7,122.7,122.7,122.7,122.7,122.7,122.7,122.7,122.7,122.7,122.7,122.7,122.7,122.7,122.7,122.7,122.7,122.7,122.7,122.7,122.7,122.7,122.7,122.7,122.7,122.7,122.7,122.7,122.7,122.7,122.7,122.7,122.7,122.7,122.7,122.7,122.7,122.7,122.7,122.7,122.7,122.7,122.7,122.7,122.7,122.7,122.7,122.7,122.7,122.7,122.7,122.7,122.7,122.7,122.7,122.7,122.7,122.7,122.7,122.7,122.7,122.7,122.7,122.7,122.7,122.7,122.7,122.7,122.7,122.7,122.7,122.7,122.7,122.7,122.7,122.7,122.7,122.7,122.7,122.7,122.7,122.7,122.7,122.7,122.7,122.7,122.7,122.7,122.7,122.7,122.7,122.7,122.7,122.7,122.7,122.7,122.7,122.7,122.7,122.7,122.7,122.7,122.7,122.7,122.7
2009-08-01,123.4,123.4,123.4,123.4,123.4,123.4,123.4,123.4,123.4,123.4,123.4,123.4,123.4,123.4,123.4,123.4,123.4,123.4,123.4,123.4,123.4,123.4,123.4,123.4,123.4,123.4,123.4,123.4,123.4,123.4,123.4,123.4,123.4,123.4,123.4,123.4,123.4,123.4,123.4,123.4,123.4,123.4,123.4,123.4,123.4,123.4,123.4,123.4,123.4,123.4,123.4,123.4,123.4,123.4,123.4,123.4,123.4,123.4,123.4,123.4,123.4,123.4,123.4,123.4,123.4,123.4,123.4,123.4,123.4,123.4,123.4,123.4,123.4,123.4,123.4,123.4,123.4,123.4,123.4,123.4,123.4,123.4,123.4,123.4,123.4,123.4,123.4,123.4,123.4,123.4,123.4,123.4,123.4,123.4,123.4,123.4,123.4,123.4,123.4,123.4,123.4,123.4,123.4,123.4,123.4,123.4,123.4,123.4,123.4,123.4,123.4,123.4,123.4,123.4,123.4,123.4,123.4,123.4,123.4,123.4,123.4,123.4,123.4,123.4,123.4,123.4,123.4,123.4,123.4,123.4,123.4,123.4,123.4,123.4,123.4,123.4,123.4,123.4,123.4,123.4,123.4,123.4,123.4,123.4,123.4,123.4,123.4,123.4,123.4,123.4,123.4,123.4,123.4,123.4,123.4,123.4,123.4,123.4,123.4,123.4,123.4,123.4,123.4,123.4,123.4,123.4,123.4,123.4,123.4,123.4,123.4,123.4,123.4,123.4,123.4,123.4,123.4,123.4,123.4,123.4,123.4,123.4,123.4,123.4,123.4,123.4,123.4,123.4,123.4,123.4,123.4,123.4,123.4,123.4,123.4,123.4,123.4,123.4
2009-09-01,124.7,124.7,124.7,124.7,124.7,124.7,124.7,124.7,124.7,124.7,124.7,124.7,124.7,124.7,124.7,124.7,124.7,124.7,124.7,124.7,124.7,124.7,124.7,124.7,124.7,124.7,124.7,124.7,124.7,124.7,124.7,124.7,124.7,124.7,124.7,124.7,124.7,124.7,124.7,124.7,124.7,124.7,124.7,124.7,124.7,124.7,124.7,124.7,124.7,124.7,124.7,124.7,124.7,124.7,124.7,124.7,124.7,124.7,124.7,124.7,124.7,124.7,124.7,124.7,124.7,124.7,124.7,124.7,124.7,124.7,124.7,124.7,124.7,124.7,124.7,124.7,124.7,124.7,124.7,124.7,124.7,124.7,124.7,124.7,124.7,124.7,124.7,124.7,124.7,124.7,124.7,124.7,124.7,124.7,124.7,124.7,124.7,124.7,124.7,124.7,124.7,124.7,124.7,124.7,124.7,124.7,124.7,124.7,124.7,124.7,124.7,124.7,124.7,124.7,124.7,124.7,124.7,124.7,124.7,124.7,124.7,124.7,124.7,124.7,124.7,124.7,124.7,124.7,124.7,124.7,124.7,124.7,124.7,124.7,124.7,124.7,124.7,124.7,124.7,124.7,124.7,124.7,124.7,124.7,124.7,124.7,124.7,124.7,124.7,124.7,124.7,124.7,124.7,124.7,124.7,124.7,124.7,124.7,124.7,124.7,124.7,124.7,124.7,124.7,124.7,124.7,124.7,124.7,124.7,124.7,124.7,124.7,124.7,124.7,124.7,124.7,124.7,124.7,124.7,124.7,124.7,124.7,124.7,124.7,124.7,124.7,124.7,124.7,124.7,124.7,124.7,124.7,124.7,124.7,124.7,124.7,124.7,124.7
2009-10-01,126.4,126.4,126.4,126.4,126.4,126.4,126.4,126.4,126.4,126.4,126.4,126.4,126.4,126.4,126.4,126.4,126.4,126.4,126.4,126.4,126.4,126.4,126.4,126.4,126.4,126.4,126.4,126.4,126.4,126.4,126.4,126.4,126.4,126.4,126.4,126.4,126.4,126.4,126.4,126.4,126.4,126.4,126.4,126.4,126.4,126.4,126.4,126.4,126.4,126.4,126.4,126.4,126.4,126.4,126.4,126.4,126.4,126.4,126.4,126.4,126.4,126.4,126.4,126.4,126.4,126.4,126.4,126.4,126.4,126.4,126.4,126.4,126.4,126.4,126.4,126.4,126.4,126.4,126.4,126.4,126.4,126.4,126.4,126.4,126.4,126.4,126.4,126.4,126.4,126.4,126.4,126.4,126.4,126.4,126.4,126.4,126.4,126.4,126.4,126.4,126.4,126.4,126.4,126.4,126.4,126.4,126.4,126.4,126.4,126.4,126.4,126.4,126.4,126.4,126.4,126.4,126.4,126.4,126.4,126.4,126.4,126.4,126.4,126.4,126.4,126.4,126.4,126.4,126.4,126.4,126.4,126.4,126.4,126.4,126.4,126.4,126.4,126.4,126.4,126.4,126.4,126.4,126.4,126.4,126.4,126.4,126.4,126.4,126.4,126.4,126.4,126.4,126.4,126.4,126.4,126.4,126.4,126.4,126.4,126.4,126.4,126.4,126.4,126.4,126.4,126.4,126.4,126.4,126.4,126.4,126.4,126.4,126.4,126.4,126.4,126.4,126.4,126.4,126.4,126.4,126.4,126.4,126.4,126.4,126.4,126.4,126.4,126.4,126.4,126.4,126.4,126.4,126.4,126.4,126.4,126.4,126.4,126.4
2009-11-01,127.7,127.7,127.7,127.7,127.7,127.7,127.7,127.7,127.7,127.7,127.7,127.7,127.7,127.7,127.7,127.7,127.7,127.7,127.7,127.7,127.7,127.7,127.7,127.7,127.7,127.7,127.7,127.7,127.7,127.7,127.7,127.7,127.7,127.7,127.7,127.7,127.7,127.7,127.7,127.7,127.7,127.7,127.7,127.7,127.7,127.7,127.7,127.7,127.7,127.7,127.7,127.7,127.7,127.7,127.7,127.7,127.7,127.7,127.7,127.7,127.7,127.7,127.7,127.7,127.7,127.7,127.7,127.7,127.7,127.7,127.7,127.7,127.7,127.7,127.7,127.7,127.7,127.7,127.7,127.7,127.7,127.7,127.7,127.7,127.7,127.7,127.7,127.7,127.7,127.7,127.7,127.7,127.7,127.7,127.7,127.7,127.7,127.7,127.7,127.7,127.7,127.7,127.7,127.7,127.7,127.7,127.7,127.7,127.7,127.7,127.7,127.7,127.7,127.7,127.7,127.7,127.7,127.7,127.7,127.7,127.7,127.7,127.7,127.7,127.7,127.7,127.7,127.7,127.7,127.7,127.7,127.7,127.7,127.7,127.7,127.7,127.7,127.7,127.7,127.7,127.7,127.7,127.7,127.7,127.7,127.7,127.7,127.7,127.7,127.7,127.7,127.7,127.7,127.7,127.7,127.7,127.7,127.7,127.7,127.7,127.7,127.7,127.7,127.7,127.7,127.7,127.7,127.7,127.7,127.7,127.7,127.7,127.7,127.7,127.7,127.7,127.7,127.7,127.7,127.7,127.7,127.7,127.7,127.7,127.7,127.7,127.7,127.7,127.7,127.7,127.7,127.7,127.7,127.7,127.7,127.7,127.7,127.7
2009-12-01,129.5,129.5,129.5,129.5,129.5,129.5,129.5,129.5,129.5,129.5,129.5,129.5,129.5,129.5,129.5,129.5,129.5,129.5,129.5,129.5,129.5,129.5,129.5,129.5,129.5,129.5,129.5,129.5,129.5,129.5,129.5,129.5,129.5,129.5,129.5,129.5,129.5,129.5,129.5,129.5,129.5,129.5,129.5,129.5,129.5,129.5,129.5,129.5,129.5,129.5,129.5,129.5,129.5,129.5,129.5,129.5,129.5,129.5,129.5,129.5,129.5,129.5,129.5,129.5,129.5,129.5,129.5,129.5,129.5,129.5,129.5,129.5,129.5,129.5,129.5,129.5,129.5,129.5,129.5,129.5,129.5,129.5,129.5,129.5,129.5,129.5,129.5,129.5,129.5,129.5,129.5,129.5,129.5,129.5,129.5,129.5,129.5,129.5,129.5,129.5,129.5,129.5,129.5,129.5,129.5,129.5,129.5,129.5,129.5,129.5,129.5,129.5,129.5,129.5,129.5,129.5,129.5,129.5,129.5,129.5,129.5,129.5,129.5,129.5,129.5,129.5,129.5,129.5,129.5,129.5,129.5,129.5,129.5,129.5,129.5,129.5,129.5,129.5,129.5,129.5,129.5,129.5,129.5,129.5,129.5,129.5,129.5,129.5,129.5,129.5,129.5,129.5,129.5,129.5,129.5,129.5,129.5,129.5,129.5,129.5,129.5,129.5,129.5,129.5,129.5,129.5,129.5,129.5,129.5,129.5,129.5,129.5,129.5,129.5,129.5,129.5,129.5,129.5,129.5,129.5,129.5,129.5,129.5,129.5,129.5,129.5,129.5,129.5,129.5,129.5,129.5,129.5,129.5,129.5,129.5,129.5,129.5,129.5
2010-01-01,128.8,128.8,128.8,128.8,128.8,128.8,128.8,128.8,128.8,128.8,128.8,128.8,128.8,128.8,128.8,128.8,128.8,128.8,128.8,128.8,128.8,128.8,128.8,128.8,128.8,128.8,128.8,128.8,128.8,128.8,128.8,128.8,128.8,128.8,128.8,128.8,128.8,128.8,128.8,128.8,128.8,128.8,128.8,128.8,128.8,128.8,128.8,128.8,128.8,128.8,128.8,128.8,128.8,128.8,128.8,128.8,128.8,128.8,128.8,128.8,128.8,128.8,128.8,128.8,128.8,128.8,128.8,128.8,128.8,128.8,128.8,128.8,128.8,128.8,128.8,128.8,128.8,128.8,128.8,128.8,128.8,128.8,128.8,128.8,128.8,128.8,128.8,128.8,128.8,128.8,128.8,128.8,128.8,128.8,128.8,128.8,128.8,128.8,128.8,128.8,128.8,128.8,128.8,128.8,128.8,128.8,128.8,128.8,128.8,128.8,128.8,128.8,128.8,128.8,128.8,128.8,128.8,128.8,128.8,128.8,128.8,128.8,128.8,128.8,128.8,128.8,128.8,128.8,128.8,128.8,128.8,128.8,128.8,128.8,128.8,128.8,128.8,128.8,128.8,128.8,128.8,128.8,128.8,128.8,128.8,128.8,128.8,128.8,128.8,128.8,128.8,128.8,128.8,128.8,128.8,128.8,128.8,128.8,128.8,128.8,128.8,128.8,128.8,128.8,128.8,128.8,128.8,128.8,128.8,128.8,128.8,128.8,128.8,128.8,128.8,128.8,128.8,128.8,128.8,128.8,128.8,128.8,128.8,128.8,128.8,128.8,128.8,128.8,128.8,128.8,128.8,128.8,128.8,128.8,128.8,128.8,128.8,128.8
2010-02-01,127.3,127.3,127.4,127.4,127.4,127.4,127.4,127.4,127.4,127.4,127.4,127.4,127.4,127.4,127.4,127.4,127.4,127.4,127.4,127.4,127.4,127.4,127.4,127.4,127.4,127.4,127.4,127.4,127.4,127.4,127.4,127.4,127.4,127.4,127.4,127.4,127.4,127.4,127.4,127.4,127.4,127.4,127.4,127.4,127.4,127.4,127.4,127.4,127.4,127.4,127.4,127.4,127.4,127.4,127.4,127.4,127.4,127.4,127.4,127.4,127.4,127.4,127.4,127.4,127.4,127.4,127.4,127.4,127.4,127.4,127.4,127.4,127.4,127.4,127.4,127.4,127.4,127.4,127.4,127.4,127.4,127.4,127.4,127.4,127.4,127.4,127.4,127.4,127.4,127.4,127.4,127.4,127.4,127.4,127.4,127.4,127.4,127.4,127.4,127.4,127.4,127.4,127.4,127.4,127.4,127.4,127.4,127.4,127.4,127.4,127.4,127.4,127.4,127.4,127.4,127.4,127.4,127.4,127.4,127.4,127.4,127.4,127.4,127.4,127.4,127.4,127.4,127.4,127.4,127.4,127.4,127.4,127.4,127.4,127.4,127.4,127.4,127.4,127.4,127.4,127.4,127.4,127.4,127.4,127.4,127.4,127.4,127.4,127.4,127.4,127.4,127.4,127.4,127.4,127.4,127.4,127.4,127.4,127.4,127.4,127.4,127.4,127.4,127.4,127.4,127.4,127.4,127.4,127.4,127.4,127.4,127.4,127.4,127.4,127.4,127.4,127.4,127.4,127.4,127.4,127.4,127.4,127.4,127.4,127.4,127.4,127.4,127.4,127.4,127.4,127.4,127.4,127.4,127.4,127.4,127.4,127.4,127.4
2010-03-01,,123.5,123.6,123.6,123.8,123.8,123.8,123.8,123.8,123.8,123.8,123.8,123.8,123.8,123.8,123.8,123.8,123.8,123.8,123.8,123.8,123.8,123.8,123.8,123.8,123.8,123.8,123.8,123.8,123.8,123.8,123.8,123.8,123.8,123.8,123.8,123.8,123.8,123.8,123.8,123.8,123.8,123.8,123.8,123.8,123.8,123.8,123.8,123.8,123.8,123.8,123.8,123.8,123.8,123.8,123.8,123.8,123.8,123.8,123.8,123.8,123.8,123.8,123.8,123.8,123.8,123.8,123.8,123.8,123.8,123.8,123.8,123.8,123.8,123.8,123.8,123.8,123.8,123.8,123.8,123.8,123.8,123.8,123.8,123.8,123.8,123.8,123.8,123.8,123.8,123.8,123.8,123.8,123.8,123.8,123.8,123.8,123.8,123.8,123.8,123.8,123.8,123.8,123.8,123.8,123.8,123.8,123.8,123.8,123.8,123.8,123.8,123.8,123.8,123.8,123.8,123.8,123.8,123.8,123.8,123.8,123.8,123.8,123.8,123.8,123.8,123.8,123.8,123.8,123.8,123.8,123.8,123.8,123.8,123.8,123.8,123.8,123.8,123.8,123.8,123.8,123.8,123.8,123.8,123.8,123.8,123.8,123.8,123.8,123.8,123.8,123.8,123.8,123.8,123.8,123.8,123.8,123.8,123.8,123.8,123.8,123.8,123.8,123.8,123.8,123.8,123.8,123.8,123.8,123.8,123.8,123.8,123.8,123.8,123.8,123.8,123.8,123.8,123.8,123.8,123.8,123.8,123.8,123.8,123.8,123.8,123.8,123.8,123.8,123.8,123.8,123.8,123.8,123.8,123.8,123.8,123.8,123.8
2010-04-01,,,123.1,123.1,123.4,123.4,123.4,123.4,123.4,123.4,123.4,123.4,123.4,123.4,123.4,123.4,123.4,123.4,123.4,123.4,123.4,123.4,123.4,123.4,123.4,123.4,123.4,123.4,123.4,123.4,123.4,123.4,123.4,123.4,123.4,123.4,123.4,123.4,123.4,123.4,123.4,123.4,123.4,123.4,123.4,123.4,123.4,123.4,123.4,123.4,123.4,123.4,123.4,123.4,123.4,123.4,123.4,123.4,123.4,123.4,123.4,123.4,123.4,123.4,123.4,123.4,123.4,123.4,123.4,123.4,123.4,123.4,123.4,123.4,123.4,123.4,123.4,123.4,123.4,123.4,123.4,123.4,123.4,123.4,123.4,123.4,123.4,123.4,123.4,123.4,123.4,123.4,123.4,123.4,123.4,123.4,123.4,123.4,123.4,123.4,123.4,123.4,123.4,123.4,123.4,123.4,123.4,123.4,123.4,123.4,123.4,123.4,123.4,123.4,123.4,123.4,123.4,123.4,123.4,123.4,123.4,123.4,123.4,123.4,123.4,123.4,123.4,123.4,123.4,123.4,123.4,123.4,123.4,123.4,123.4,123.4,123.4,123.4,123.4,123.4,123.4,123.4,123.4,123.4,123.4,123.4,123.4,123.4,123.4,123.4,123.4,123.4,123.4,123.4,123.4,123.4,123.4,123.4,123.4,123.4,123.4,123.4,123.4,123.4,123.4,123.4,123.4,123.4,123.4,123.4,123.4,123.4,123.4,123.4,123.4,123.4,123.4,123.4,123.4,123.4,123.4,123.4,123.4,123.4,123.4,123.4,123.4,123.4,123.4,123.4,123.4,123.4,123.4,123.4,123.4,123.4,123.4,123.4
2010-05-01,,,,124.3,124.5,124.5,124.5,124.5,124.5,124.5,124.5,124.5,124.5,124.5,124.5,124.5,124.5,124.5,124.5,124.5,124.5,124.5,124.5,124.5,124.5,124.5,124.5,124.5,124.5,124.5,124.5,124.5,124.5,124.5,124.5,124.5,124.5,124.5,124.5,124.5,124.5,124.5,124.5,124.5,124.5,124.5,124.5,124.5,124.5,124.5,124.5,124.5,124.5,124.5,124.5,124.5,124.5,124.5,124.5,124.5,124.5,124.5,124.5,124.5,124.5,124.5,124.5,124.5,124.5,124.5,124.5,124.5,124.5,124.5,124.5,124.5,124.5,124.5,124.5,124.5,124.5,124.5,124.5,124.5,124.5,124.5,124.5,124.5,124.5,124.5,124.5,124.5,124.5,124.5,124.5,124.5,124.5,124.5,124.5,124.5,124.5,124.5,124.5,124.5,124.5,124.5,124.5,124.5,124.5,124.5,124.5,124.5,124.5,124.5,124.5,124.5,124.5,124.5,124.5,124.5,124.5,124.5,124.5,124.5,124.5,124.5,124.5,124.5,124.5,124.5,124.5,124.5,124.5,124.5,124.5,124.5,124.5,124.5,124.5,124.5,124.5,124.5,124.5,124.5,124.5,124.5,124.5,124.5,124.5,124.5,124.5,124.5,124.5,124.5,124.5,124.5,124.5,124.5,124.5,124.5,124.5,124.5,124.5,124.5,124.5,124.5,124.5,124.5,124.5,124.5,124.5,124.5,124.5,124.5,124.5,124.5,124.5,124.5,124.5,124.5,124.5,124.5,124.5,124.5,124.5,124.5,124.5,124.5,124.5,124.5,124.5,124.5,124.5,124.5,124.5,124.5,124.5,124.5
2010-06-01,,,,,119.6,119.7,119.7,119.8,119.8,119.8,119.8,119.8,119.8,119.8,119.8,119.8,119.8,119.8,119.8,119.8,119.8,119.8,119.8,119.8,119.8,119.8,119.8,119.8,119.8,119.8,119.8,119.8,119.8,119.8,119.8,119.8,119.8,119.8,119.8,119.8,119.8,119.8,119.8,119.8,119.8,119.8,119.8,119.8,119.8,119.8,119.8,119.8,119.8,119.8,119.8,119.8,119.8,119.8,119.8,119.8,119.8,119.8,119.8,119.8,119.8,119.8,119.8,119.8,119.8,119.8,119.8,119.8,119.8,119.8,119.8,119.8,119.8,119.8,119.8,119.8,119.8,119.8,119.8,119.8,119.8,119.8,119.8,119.8,119.8,119.8,119.8,119.8,119.8,119.8,119.8,119.8,119.8,119.8,119.8,119.8,119.8,119.8,119.8,119.8,119.8,119.8,119.8,119.8,119.8,119.8,119.8,119.8,119.8,119.8,119.8,119.8,119.8,119.8,119.8,119.8,119.8,119.8,119.8,119.8,119.8,119.8,119.8,119.8,119.8,119.8,119.8,119.8,119.8,119.8,119.8,119.8,119.8,119.8,119.8,119.8,119.8,119.8,119.8,119.8,119.8,119.8,119.8,119.8,119.8,119.8,119.8,119.8,119.8,119.8,119.8,119.8,119.8,119.8,119.8,119.8,119.8,119.8,119.8,119.8,119.8,119.8,119.8,119.8,119.8,119.8,119.8,119.8,119.8,119.8,119.8,119.8,119.8,119.8,119.8,119.8,119.8,119.8,119.8,119.8,119.8,119.8,119.8,119.8,119.8,119.8,119.8,119.8,119.8,119.8,119.8,119.8,119.8,119.8
2010-07-01,,,,,,118.2,118.2,118.3,118.3,118.3,118.3,118.3,118.3,118.3,118.3,118.3,118.3,118.3,118.3,118.3,118.3,118.3,118.3,118.3,118.3,118.3,118.3,118.3,118.3,118.3,118.3,118.3,118.3,118.3,118.3,118.3,118.3,118.3,118.3,118.3,118.3,118.3,118.3,118.3,118.3,118.3,118.3,118.3,118.3,118.3,118.3,118.3,118.3,118.3,118.3,118.3,118.3,118.3,118.3,118.3,118.3,118.3,118.3,118.3,118.3,118.3,118.3,118.3,118.3,118.3,118.3,118.3,118.3,118.3,118.3,118.3,118.3,118.3,118.3,118.3,118.3,118.3,118.3,118.3,118.3,118.3,118.3,118.3,118.3,118.3,118.3,118.3,118.3,118.3,118.3,118.3,118.3,118.3,118.3,118.3,118.3,118.3,118.3,118.3,118.3,118.3,118.3,118.3,118.3,118.3,118.3,118.3,118.3,118.3,118.3,118.3,118.3,118.3,118.3,118.3,118.3,118.3,118.3,118.3,118.3,118.3,118.3,118.3,118.3,118.3,118.3,118.3,118.3,118.3,118.3,118.3,118.3,118.3,118.3,118.3,118.3,118.3,118.3,118.3,118.3,118.3,118.3,118.3,118.3,118.3,118.3,118.3,118.3,118.3,118.3,118.3,118.3,118.3,118.3,118.3,118.3,118.3,118.3,118.3,118.3,118.3,118.3,118.3,118.3,118.3,118.3,118.3,118.3,118.3,118.3,118.3,118.3,118.3,118.3,118.3,118.3,118.3,118.3,118.3,118.3,118.3,118.3,118.3,118.3,118.3,118.3,118.3,118.3,118.3,118.3,118.3,118.3,118.3
2010-08-01,,,,,,,122.7,122.8,122.8,122.8,122.8,122.8,122.8,122.8,122.8,122.8,122.8,122.8,122.8,122.8,122.8,122.8,122.8,122.8,122.8,122.8,122.8,122.8,122.8,122.8,122.8,122.8,122.8,122.8,122.8,122.8,122.8,122.8,122.8,122.8,122.8,122.8,122.8,122.8,122.8,122.8,122.8,122.8,122.8,122.8,122.8,122.8,122.8,122.8,122.8,122.8,122.8,122.8,122.8,122.8,122.8,122.8,122.8,122.8,122.8,122.8,122.8,122.8,122.8,122.8,122.8,122.8,122.8,122.8,122.8,122.8,122.8,122.8,122.8,122.8,122.8,122.8,122.8,122.8,122.8,122.8,122.8,122.8,122.8,122.8,122.8,122.8,122.8,122.8,122.8,122.8,122.8,122.8,122.8,122.8,122.8,122.8,122.8,122.8,122.8,122.8,122.8,122.8,122.8,122.8,122.8,122.8,122.8,122.8,122.8,122.8,122.8,122.8,122.8,122.8,122.8,122.8,122.8,122.8,122.8,122.8,122.8,122.8,122.8,122.8,122.8,122.8,122.8,122.8,122.8,122.8,122.8,122.8,122.8,122.8,122.8,122.8,122.8,122.8,122.8,122.8,122.8,122.8,122.8,122.8,122.8,122.8,122.8,122.8,122.8,122.8,122.8,122.8,122.8,122.8,122.8,122.8,122.8,122.8,122.8,122.8,122.8,122.8,122.8,122.8,122.8,122.8,122.8,122.8,122.8,122.8,122.8,122.8,122.8,122.8,122.8,122.8,122.8,122.8,122.8,122.8,122.8,122.8,122.8,122.8,122.8,122.8,122.8,122.8,122.8,122.8,122.8,122.8
2010-09-01,,,,,,,,124.5,124.5,124.5,124.5,124.5,124.5,124.5,124.5,124.5,124.5,124.5,124.5,124.5,124.5,124.5,124.5,124.5,124.5,124.5,124.5,124.5,124.5,124.5,124.5,124.5,124.5,124.5,124.5,124.5,124.5,124.5,124.5,124.5,124.5,124.5,124.5,124.5,124.5,124.5,124.5,124.5,124.5,124.5,124.5,124.5,124.5,124.5,124.5,124.5,124.5,124.5,124.5,124.5,124.5,124.5,124.5,124.5,124.5,124.5,124.5,124.5,124.5,124.5,124.5,124.5,124.5,124.5,124.5,124.5,124.5,124.5,124.5,124.5,124.5,124.5,124.5,124.5,124.5,124.5,124.5,124.5,124.5,124.5,124.5,124.5,124.5,124.5,124.5,124.5,124.5,124.5,124.5,124.5,124.5,124.5,124.5,124.5,124.5,124.5,124.5,124.5,124.5,124.5,124.5,124.5,124.5,124.5,124.5,124.5,124.5,124.5,124.5,124.5,124.5,124.5,124.5,124.5,124.5,124.5,124.5,124.5,124.5,124.5,124.5,124.5,124.5,124.5,124.5,124.5,124.5,124.5,124.5,124.5,124.5,124.5,124.5,124.5,124.5,124.5,124.5,124.5,124.5,124.5,124.5,124.5,124.5,124.5,124.5,124.5,124.5,124.5,124.5,124.5,124.5,124.5,124.5,124.5,124.5,124.5,124.5,124.5,124.5,124.5,124.5,124.5,124.5,124.5,124.5,124.5,124.5,124.5,124.5,124.5,124.5,124.5,124.5,124.5,124.5,124.5,124.5,124.5,124.5,124.5,124.5,124.5,124.5,124.5,124.5,124.5,124.5,124.5
2010-10-01,,,,,,,,,127.0,127.2,127.2,127.2,127.2,127.2,127.2,127.2,127.2,127.2,127.2,127.2,127.2,127.2,127.2,127.2,127.2,127.2,127.2,127.2,127.2,127.2,127.2,127.2,127.2,127.2,127.2,127.2,127.2,127.2,127.2,127.2,127.2,127.2,127.2,127.2,127.2,127.2,127.2,127.2,127.2,127.2,127.2,127.2,127.2,127.2,127.2,127.2,127.2,127.2,127.2,127.2,127.2,127.2,127.2,127.2,127.2,127.2,127.2,127.2,127.2,127.2,127.2,127.2,127.2,127.2,127.2,127.2,127.2,127.2,127.2,127.2,127.2,127.2,127.2,127.2,127.2,127.2,127.2,127.2,127.2,127.2,127.2,127.2,127.2,127.2,127.2,127.2,127.2,127.2,127.2,127.2,127.2,127.2,127.2,127.2,127.2,127.2,127.2,127.2,127.2,127.2,127.2,127.2,127.2,127.2,127.2,127.2,127.2,127.2,127.2,127.2,127.2,127.2,127.2,127.2,127.2,127.2,127.2,127.2,127.2,127.2,127.2,127.2,127.2,127.2,127.2,127.2,127.2,127.2,127.2,127.2,127.2,127.2,127.2,127.2,127.2,127.2,127.2,127.2,127.2,127.2,127.2,127.2,127.2,127.2,127.2,127.2,127.2,127.2,127.2,127.2,127.2,127.2,127.2,127.2,127.2,127.2,127.2,127.2,127.2,127.2,127.2,127.2,127.2,127.2,127.2,127.2,127.2,127.2,127.2,127.2,127.2,127.2,127.2,127.2,127.2,127.2,127.2,127.2,127.2,127.2,127.2,127.2,127.2,127.2,127.2,127.2,127.2,127.2
2010-11-01,,,,,,,,,,131.9,132.1,132.0,132.0,132.0,132.0,132.0,132.0,132.0,132.0,132.0,132.0,132.0,132.0,132.0,132.0,132.0,132.0,132.0,132.0,132.0,132.0,132.0,132.0,132.0,132.0,132.0,132.0,132.0,132.0,132.0,132.0,132.0,132.0,132.0,132.0,132.0,132.0,132.0,132.0,132.0,132.0,132.0,132.0,132.0,132.0,132.0,132.0,132.0,132.0,132.0,132.0,132.0,132.0,132.0,132.0,132.0,132.0,132.0,132.0,132.0,132.0,132.0,132.0,132.0,132.0,132.0,132.0,132.0,132.0,132.0,132.0,132.0,132.0,132.0,132.0,132.0,132.0,132.0,132.0,132.0,132.0,132.0,132.0,132.0,132.0,132.0,132.0,132.0,132.0,132.0,132.0,132.0,132.0,132.0,132.0,132.0,132.0,132.0,132.0,132.0,132.0,132.0,132.0,132.0,132.0,132.0,132.0,132.0,132.0,132.0,132.0,132.0,132.0,132.0,132.0,132.0,132.0,132.0,132.0,132.0,132.0,132.0,132.0,132.0,132.0,132.0,132.0,132.0,132.0,132.0,132.0,132.0,132.0,132.0,132.0,132.0,132.0,132.0,132.0,132.0,132.0,132.0,132.0,132.0,132.0,132.0,132.0,132.0,132.0,132.0,132.0,132.0,132.0,132.0,132.0,132.0,132.0,132.0,132.0,132.0,132.0,132.0,132.0,132.0,132.0,132.0,132.0,132.0,132.0,132.0,132.0,132.0,132.0,132.0,132.0,132.0,132.0,132.0,132.0,132.0,132.0,132.0,132.0,132.0,132.0,132.0,132.0,132.0
2010-12-01,,,,,,,,,,,132.7,132.5,132.5,132.5,132.5,132.5,132.5,132.5,132.5,132.5,132.5,132.5,132.5,132.5,132.5,132.5,132.5,132.5,132.5,132.5,132.5,132.5,132.5,132.5,132.5,132.5,132.5,132.5,132.5,132.5,132.5,132.5,132.5,132.5,132.5,132.5,132.5,132.5,132.5,132.5,132.5,132.5,132.5,132.5,132.5,132.5,132.5,132.5,132.5,132.5,132.5,132.5,132.5,132.5,132.5,132.5,132.5,132.5,132.5,132.5,132.5,132.5,132.5,132.5,132.5,132.5,132.5,132.5,132.5,132.5,132.5,132.5,132.5,132.5,132.5,132.5,132.5,132.5,132.5,132.5,132.5,132.5,132.5,132.5,132.5,132.5,132.5,132.5,132.5,132.5,132.5,132.5,132.5,132.5,132.5,132.5,132.5,132.5,132.5,132.5,132.5,132.5,132.5,132.5,132.5,132.5,132.5,132.5,132.5,132.5,132.5,132.5,132.5,132.5,132.5,132.5,132.5,132.5,132.5,132.5,132.5,132.5,132.5,132.5,132.5,132.5,132.5,132.5,132.5,132.5,132.5,132.5,132.5,132.5,132.5,132.5,132.5,132.5,132.5,132.5,132.5,132.5,132.5,132.5,132.5,132.5,132.5,132.5,132.5,132.5,132.5,132.5,132.5,132.5,132.5,132.5,132.5,132.5,132.5,132.5,132.5,132.5,132.5,132.5,132.5,132.5,132.5,132.5,132.5,132.5,132.5,132.5,132.5,132.5,132.5,132.5,132.5,132.5,132.5,132.5,132.5,132.5,132.5,132.5,132.5,132.5,132.5,132.5
2011-01-01,,,,,,,,,,,,132.4,132.8,132.6,132.6,132.6,132.6,132.6,132.6,132.6,132.6,132.6,132.6,132.6,132.6,132.6,132.6,132.6,132.6,132.6,132.6,132.6,132.6,132.6,132.6,132.6,132.6,132.6,132.6,132.6,132.6,132.6,132.6,132.6,132.6,132.6,132.6,132.6,132.6,132.6,132.6,132.6,132.6,132.6,132.6,132.6,132.6,132.6,132.6,132.6,132.6,132.6,132.6,132.6,132.6,132.6,132.6,132.6,132.6,132.6,132.6,132.6,132.6,132.6,132.6,132.6,132.6,132.6,132.6,132.6,132.6,132.6,132.6,132.6,132.6,132.6,132.6,132.6,132.6,132.6,132.6,132.6,132.6,132.6,132.6,132.6,132.6,132.6,132.6,132.6,132.6,132.6,132.6,132.6,132.6,132.6,132.6,132.6,132.6,132.6,132.6,132.6,132.6,132.6,132.6,132.6,132.6,132.6,132.6,132.6,132.6,132.6,132.6,132.6,132.6,132.6,132.6,132.6,132.6,132.6,132.6,132.6,132.6,132.6,132.6,132.6,132.6,132.6,132.6,132.6,132.6,132.6,132.6,132.6,132.6,132.6,132.6,132.6,132.6,132.6,132.6,132.6,132.6,132.6,132.6,132.6,132.6,132.6,132.6,132.6,132.6,132.6,132.6,132.6,132.6,132.6,132.6,132.6,132.6,132.6,132.6,132.6,132.6,132.6,132.6,132.6,132.6,132.6,132.6,132.6,132.6,132.6,132.6,132.6,132.6,132.6,132.6,132.6,132.6,132.6,132.6,132.6,132.6,132.6,132.6,132.6,132.6,132.6
2011-02-01,,,,,,,,,,,,,134.5,134.3,134.5,134.5,134.5,134.5,134.5,134.5,134.5,134.5,134.5,134.5,134.5,134.5,134.5,134.5,134.5,134.5,134.5,134.5,134.5,134.5,134.5,134.5,134.5,134.5,134.5,134.5,134.5,134.5,134.5,134.5,134.5,134.5,134.5,134.5,134.5,134.5,134.5,134.5,134.5,134.5,134.5,134.5,134.5,134.5,134.5,134.5,134.5,134.5,134.5,134.5,134.5,134.5,134.5,134.5,134.5,134.5,134.5,134.5,134.5,134.5,134.5,134.5,134.5,134.5,134.5,134.5,134.5,134.5,134.5,134.5,134.5,134.5,134.5,134.5,134.5,134.5,134.5,134.5,134.5,134.5,134.5,134.5,134.5,134.5,134.5,134.5,134.5,134.5,134.5,134.5,134.5,134.5,134.5,134.5,134.5,134.5,134.5,134.5,134.5,134.5,134.5,134.5,134.5,134.5,134.5,134.5,134.5,134.5,134.5,134.5,134.5,134.5,134.5,134.5,134.5,134.5,134.5,134.5,134.5,134.5,134.5,134.5,134.5,134.5,134.5,134.5,134.5,134.5,134.5,134.5,134.5,134.5,134.5,134.5,134.5,134.5,134.5,134.5,134.5,134.5,134.5,134.5,134.5,134.5,134.5,134.5,134.5,134.5,134.5,134.5,134.5,134.5,134.5,134.5,134.5,134.5,134.5,134.5,134.5,134.5,134.5,134.5,134.5,134.5,134.5,134.5,134.5,134.5,134.5,134.5,134.5,134.5,134.5,134.5,134.5,134.5,134.5,134.5,134.5,134.5,134.5,134.5,134.5,134.5
2011-03-01,,,,,,,,,,,,,,138.7,138.8,138.8,138.8,138.8,138.8,138.8,138.8,138.8,138.8,138.8,138.8,138.8,138.8,138.8,138.8,138.8,138.8,138.8,138.8,138.8,138.8,138.8,138.8,138.8,138.8,138.8,138.8,138.8,138.8,138.8,138.8,138.8,138.8,138.8,138.8,138.8,138.8,138.8,138.8,138.8,138.8,138.8,138.8,138.8,138.8,138.8,138.8,138.8,138.8,138.8,138.8,138.8,138.8,138.8,138.8,138.8,138.8,138.8,138.8,138.8,138.8,138.8,138.8,138.8,138.8,138.8,138.8,138.8,138.8,138.8,138.8,138.8,138.8,138.8,138.8,138.8,138.8,138.8,138.8,138.8,138.8,138.8,138.8,138.8,138.8,138.8,138.8,138.8,138.8,138.8,138.8,138.8,138.8,138.8,138.8,138.8,138.8,138.8,138.8,138.8,138.8,138.8,138.8,138.8,138.8,138.8,138.8,138.8,138.8,138.8,138.8,138.8,138.8,138.8,138.8,138.8,138.8,138.8,138.8,138.8,138.8,138.8,138.8,138.8,138.8,138.8,138.8,138.8,138.8,138.8,138.8,138.8,138.8,138.8,138.8,138.8,138.8,138.8,138.8,138.8,138.8,138.8,138.8,138.8,138.8,138.8,138.8,138.8,138.8,138.8,138.8,138.8,138.8,138.8,138.8,138.8,138.8,138.8,138.8,138.8,138.8,138.8,138.8,138.8,138.8,138.8,138.8,138.8,138.8,138.8,138.8,138.8,138.8,138.8,138.8,138.8,138.8,138.8,138.8,138.8,138.8,138.8,138.8,138.8
2011-04-01,,,,,,,,,,,,,,,146.1,146.5,146.5,146.3,146.3,146.3,146.3,146.3,146.3,146.3,146.3,146.3,146.3,146.3,146.3,146.3,146.3,146.3,146.3,146.3,146.3,146.3,146.3,146.3,146.3,146.3,146.3,146.3,146.3,146.3,146.3,146.3,146.3,146.3,146.3,146.3,146.3,146.3,146.3,146.3,146.3,146.3,146.3,146.3,146.3,146.3,146.3,146.3,146.3,146.3,146.3,146.3,146.3,146.3,146.3,146.3,146.3,146.3,146.3,146.3,146.3,146.3,146.3,146.3,146.3,146.3,146.3,146.3,146.3,146.3,146.3,146.3,146.3,146.3,146.3,146.3,146.3,146.3,146.3,146.3,146.3,146.3,146.3,146.3,146.3,146.3,146.3,146.3,146.3,146.3,146.3,146.3,146.3,146.3,146.3,146.3,146.3,146.3,146.3,146.3,146.3,146.3,146.3,146.3,146.3,146.3,146.3,146.3,146.3,146.3,146.3,146.3,146.3,146.3,146.3,146.3,146.3,146.3,146.3,146.3,146.3,146.3,146.3,146.3,146.3,146.3,146.3,146.3,146.3,146.3,146.3,146.3,146.3,146.3,146.3,146.3,146.3,146.3,146.3,146.3,146.3,146.3,146.3,146.3,146.3,146.3,146.3,146.3,146.3,146.3,146.3,146.3,146.3,146.3,146.3,146.3,146.3,146.3,146.3,146.3,146.3,146.3,146.3,146.3,146.3,146.3,146.3,146.3,146.3,146.3,146.3,146.3,146.3,146.3,146.3,146.3,146.3,146.3,146.3,146.3,146.3,146.3,146.3,146.3
2011-05-01,,,,,,,,,,,,,,,,153.7,153.7,153.7,153.8,153.8,153.8,153.8,153.8,153.8,153.8,153.8,153.8,153.8,153.8,153.8,153.8,153.8,153.8,153.8,153.8,153.8,153.8,153.8,153.8,153.8,153.8,153.8,153.8,153.8,153.8,153.8,153.8,153.8,153.8,153.8,153.8,153.8,153.8,153.8,153.8,153.8,153.8,153.8,153.8,153.8,153.8,153.8,153.8,153.8,153.8,153.8,153.8,153.8,153.8,153.8,153.8,153.8,153.8,153.8,153.8,153.8,153.8,153.8,153.8,153.8,153.8,153.8,153.8,153.8,153.8,153.8,153.8,153.8,153.8,153.8,153.8,153.8,153.8,153.8,153.8,153.8,153.8,153.8,153.8,153.8,153.8,153.8,153.8,153.8,153.8,153.8,153.8,153.8,153.8,153.8,153.8,153.8,153.8,153.8,153.8,153.8,153.8,153.8,153.8,153.8,153.8,153.8,153.8,153.8,153.8,153.8,153.8,153.8,153.8,153.8,153.8,153.8,153.8,153.8,153.8,153.8,153.8,153.8,153.8,153.8,153.8,153.8,153.8,153.8,153.8,153.8,153.8,153.8,153.8,153.8,153.8,153.8,153.8,153.8,153.8,153.8,153.8,153.8,153.8,153.8,153.8,153.8,153.8,153.8,153.8,153.8,153.8,153.8,153.8,153.8,153.8,153.8,153.8,153.8,153.8,153.8,153.8,153.8,153.8,153.8,153.8,153.8,153.8,153.8,153.8,153.8,153.8,153.8,153.8,153.8,153.8,153.8,153.8,153.8,153.8,153.8,153.8,153.8
2011-06-01,,,,,,,,,,,,,,,,,153.2,153.0,152.7,152.7,152.7,152.7,152.7,152.7,152.7,152.7,152.7,152.7,152.7,152.7,152.7,152.7,152.7,152.7,152.7,152.7,152.7,152.7,152.7,152.7,152.7,152.7,152.7,152.7,152.7,152.7,152.7,152.7,152.7,152.7,152.7,152.7,152.7,152.7,152.7,152.7,152.7,152.7,152.7,152.7,152.7,152.7,152.7,152.7,152.7,152.7,152.7,152.7,152.7,152.7,152.7,152.7,152.7,152.7,152.7,152.7,152.7,152.7,152.7,152.7,152.7,152.7,152.7,152.7,152.7,152.7,152.7,152.7,152.7,152.7,152.7,152.7,152.7,152.7,152.7,152.7,152.7,152.7,152.7,152.7,152.7,152.7,152.7,152.7,152.7,152.7,152.7,152.7,152.7,152.7,152.7,152.7,152.7,152.7,152.7,152.7,152.7,152.7,152.7,152.7,152.7,152.7,152.7,152.7,152.7,152.7,152.7,152.7,152.7,152.7,152.7,152.7,152.7,152.7,152.7,152.7,152.7,152.7,152.7,152.7,152.7,152.7,152.7,152.7,152.7,152.7,152.7,152.7,152.7,152.7,152.7,152.7,152.7,152.7,152.7,152.7,152.7,152.7,152.7,152.7,152.7,152.7,152.7,152.7,152.7,152.7,152.7,152.7,152.7,152.7,152.7,152.7,152.7,152.7,152.7,152.7,152.7,152.7,152.7,152.7,152.7,152.7,152.7,152.7,152.7,152.7,152.7,152.7,152.7,152.7,152.7,152.7,152.7,152.7,152.7,152.7,152.7,152.7
2011-07-01,,,,,,,,,,,,,,,,,,153.4,153.1,153.1,153.1,153.1,153.1,153.1,153.1,153.1,153.1,153.1,153.1,153.1,153.1,153.1,153.1,153.1,153.1,153.1,153.1,153.1,153.1,153.1,153.1,153.1,153.1,153.1,153.1,153.1,153.1,153.1,153.1,153.1,153.1,153.1,153.1,153.1,153.1,153.1,153.1,153.1,153.1,153.1,153.1,153.1,153.1,153.1,153.1,153.1,153.1,153.1,153.1,153.1,153.1,153.1,153.1,153.1,153.1,153.1,153.1,153.1,153.1,153.1,153.1,153.1,153.1,153.1,153.1,153.1,153.1,153.1,153.1,153.1,153.1,153.1,153.1,153.1,153.1,153.1,153.1,153.1,153.1,153.1,153.1,153.1,153.1,153.1,153.1,153.1,153.1,153.1,153.1,153.1,153.1,153.1,153.1,153.1,153.1,153.1,153.1,153.1,153.1,153.1,153.1,153.1,153.1,153.1,153.1,153.1,153.1,153.1,153.1,153.1,153.1,153.1,153.1,153.1,153.1,153.1,153.1,153.1,153.1,153.1,153.1,153.1,153.1,153.1,153.1,153.1,153.1,153.1,153.1,153.1,153.1,153.1,153.1,153.1,153.1,153.1,153.1,153.1,153.1,153.1,153.1,153.1,153.1,153.1,153.1,153.1,153.1,153.1,153.1,153.1,153.1,153.1,153.1,153.1,153.1,153.1,153.1,153.1,153.1,153.1,153.1,153.1,153.1,153.1,153.1,153.1,153.1,153.1,153.1,153.1,153.1,153.1,153.1,153.1,153.1,153.1,153.1,153.1
2011-08-01,,,,,,,,,,,,,,,,,,,152.6,153.4,157.3,157.3,157.3,157.3,157.3,157.3,157.3,157.3,157.3,157.3,157.3,157.3,157.3,157.3,157.3,157.3,157.3,157.3,157.3,157.3,157.3,157.3,157.3,157.3,157.3,157.3,157.3,157.3,157.3,157.3,157.3,157.3,157.3,157.3,157.3,157.3,157.3,157.3,157.3,157.3,157.3,157.3,157.3,157.3,157.3,157.3,157.3,157.3,157.3,157.3,157.3,157.3,157.3,157.3,157.3,157.3,157.3,157.3,157.3,157.3,157.3,157.3,157.3,157.3,157.3,157.3,157.3,157.3,157.3,157.3,157.3,157.3,157.3,157.3,157.3,157.3,157.3,157.3,157.3,157.3,157.3,157.3,157.3,157.3,157.3,157.3,157.3,157.3,157.3,157.3,157.3,157.3,157.3,157.3,157.3,157.3,157.3,157.3,157.3,157.3,157.3,157.3,157.3,157.3,157.3,157.3,157.3,157.3,157.3,157.3,157.3,157.3,157.3,157.3,157.3,157.3,157.3,157.3,157.3,157.3,157.3,157.3,157.3,157.3,157.3,157.3,157.3,157.3,157.3,157.3,157.3,157.3,157.3,157.3,157.3,157.3,157.3,157.3,157.3,157.3,157.3,157.3,157.3,157.3,157.3,157.3,157.3,157.3,157.3,157.3,157.3,157.3,157.3,157.3,157.3,157.3,157.3,157.3,157.3,157.3,157.3,157.3,157.3,157.3,157.3,157.3,157.3,157.3,157.3,157.3,157.3,157.3,157.3,157.3,157.3,157.3,157.3,157.3
2011-09-01,,,,,,,,,,,,,,,,,,,,154.6,157.6,157.6,157.6,157.6,157.6,157.6,157.6,157.6,157.6,157.6,157.6,157.6,157.6,157.6,157.6,157.6,157.6,157.6,157.6,157.6,157.6,157.6,157.6,157.6,157.6,157.6,157.6,157.6,157.6,157.6,157.6,157.6,157.6,157.6,157.6,157.6,157.6,157.6,157.6,157.6,157.6,157.6,157.6,157.6,157.6,157.6,157.6,157.6,157.6,157.6,157.6,157.6,157.6,157.6,157.6,157.6,157.6,157.6,157.6,157.6,157.6,157.6,157.6,157.6,157.6,157.6,157.6,157.6,157.6,157.6,157.6,157.6,157.6,157.6,157.6,157.6,157.6,157.6,157.6,157.6,157.6,157.6,157.6,157.6,157.6,157.6,157.6,157.6,157.6,157.6,157.6,157.6,157.6,157.6,157.6,157.6,157.6,157.6,157.6,157.6,157.6,157.6,157.6,157.6,157.6,157.6,157.6,157.6,157.6,157.6,157.6,157.6,157.6,157.6,157.6,157.6,157.6,157.6,157.6,157.6,157.6,157.6,157.6,157.6,157.6,157.6,157.6,157.6,157.6,157.6,157.6,157.6,157.6,157.6,157.6,157.6,157.6,157.6,157.6,157.6,157.6,157.6,157.6,157.6,157.6,157.6,157.6,157.6,157.6,157.6,157.6,157.6,157.6,157.6,157.6,157.6,157.6,157.6,157.6,157.6,157.6,157.6,157.6,157.6,157.6,157.6,157.6,157.6,157.6,157.6,157.6,157.6,157.6,157.6,157.6,157.6,157.6,157.6
2011-10-01,,,,,,,,,,,,,,,,,,,,,152.7,153.1,153.1,153.1,153.1,153.1,153.1,153.1,153.1,153.1,153.1,153.1,153.1,153.1,153.1,153.1,153.1,153.1,153.1,153.1,153.1,153.1,153.1,153.1,153.1,153.1,153.1,153.1,153.1,153.1,153.1,153.1,153.1,153.1,153.1,153.1,153.1,153.1,153.1,153.1,153.1,153.1,153.1,153.1,153.1,153.1,153.1,153.1,153.1,153.1,153.1,153.1,153.1,153.1,153.1,153.1,153.1,153.1,153.1,153.1,153.1,153.1,153.1,153.1,153.1,153.1,153.1,153.1,153.1,153.1,153.1,153.1,153.1,153.1,153.1,153.1,153.1,153.1,153.1,153.1,153.1,153.1,153.1,153.1,153.1,153.1,153.1,153.1,153.1,153.1,153.1,153.1,153.1,153.1,153.1,153.1,153.1,153.1,153.1,153.1,153.1,153.1,153.1,153.1,153.1,153.1,153.1,153.1,153.1,153.1,153.1,153.1,153.1,153.1,153.1,153.1,153.1,153.1,153.1,153.1,153.1,153.1,153.1,153.1,153.1,153.1,153.1,153.1,153.1,153.1,153.1,153.1,153.1,153.1,153.1,153.1,153.1,153.1,153.1,153.1,153.1,153.1,153.1,153.1,153.1,153.1,153.1,153.1,153.1,153.1,153.1,153.1,153.1,153.1,153.1,153.1,153.1,153.1,153.1,153.1,153.1,153.1,153.1,153.1,153.1,153.1,153.1,153.1,153.1,153.1,153.1,153.1,153.1,153.1,153.1,153.1,153.1,153.1
2011-11-01,,,,,,,,,,,,,,,,,,,,,,149.4,149.4,149.4,149.4,149.4,149.4,149.4,149.4,149.4,149.4,149.4,149.4,149.4,149.4,149.4,149.4,149.4,149.4,149.4,149.4,149.4,149.4,149.4,149.4,149.4,149.4,149.4,149.4,149.4,149.4,149.4,149.4,149.4,149.4,149.4,149.4,149.4,149.4,149.4,149.4,149.4,149.4,149.4,149.4,149.4,149.4,149.4,149.4,149.4,149.4,149.4,149.4,149.4,149.4,149.4,149.4,149.4,149.4,149.4,149.4,149.4,149.4,149.4,149.4,149.4,149.4,149.4,149.4,149.4,149.4,149.4,149.4,149.4,149.4,149.4,149.4,149.4,149.4,149.4,149.4,149.4,149.4,149.4,149.4,149.4,149.4,149.4,149.4,149.4,149.4,149.4,149.4,149.4,149.4,149.4,149.4,149.4,149.4,149.4,149.4,149.4,149.4,149.4,149.4,149.4,149.4,149.4,149.4,149.4,149.4,149.4,149.4,149.4,149.4,149.4,149.4,149.4,149.4,149.4,149.4,149.4,149.4,149.4,149.4,149.4,149.4,149.4,149.4,149.4,149.4,149.4,149.4,149.4,149.4,149.4,149.4,149.4,149.4,149.4,149.4,149.4,149.4,149.4,149.4,149.4,149.4,149.4,149.4,149.4,149.4,149.4,149.4,149.4,149.4,149.4,149.4,149.4,149.4,149.4,149.4,149.4,149.4,149.4,149.4,149.4,149.4,149.4,149.4,149.4,149.4,149.4,149.4,149.4,149.4,149.4,149.4,149.4
2011-12-01,,,,,,,,,,,,,,,,,,,,,,,149.4,149.4,149.5,149.5,149.5,149.5,149.5,149.5,149.5,149.5,149.5,149.5,149.5,149.5,149.5,149.5,149.5,149.5,149.5,149.5,149.5,149.5,149.5,149.5,149.5,149.5,149.5,149.5,149.5,149.5,149.5,149.5,149.5,149.5,149.5,149.5,149.5,149.5,149.5,149.5,149.5,149.5,149.5,149.5,149.5,149.5,149.5,149.5,149.5,149.5,149.5,149.5,149.5,149.5,149.5,149.5,149.5,149.5,149.5,149.5,149.5,149.5,149.5,149.5,149.5,149.5,149.5,149.5,149.5,149.5,149.5,149.5,149.5,149.5,149.5,149.5,149.5,149.5,149.5,149.5,149.5,149.5,149.5,149.5,149.5,149.5,149.5,149.5,149.5,149.5,149.5,149.5,149.5,149.5,149.5,149.5,149.5,149.5,149.5,149.5,149.5,149.5,149.5,149.5,149.5,149.5,149.5,149.5,149.5,149.5,149.5,149.5,149.5,149.5,149.5,149.5,149.5,149.5,149.5,149.5,149.5,149.5,149.5,149.5,149.5,149.5,149.5,149.5,149.5,149.5,149.5,149.5,149.5,149.5,149.5,149.5,149.5,149.5,149.5,149.5,149.5,149.5,149.5,149.5,149.5,149.5,149.5,149.5,149.5,149.5,149.5,149.5,149.5,149.5,149.5,149.5,149.5,149.5,149.5,149.5,149.5,149.5,149.5,149.5,149.5,149.5,149.5,149.5,149.5,149.5,149.5,149.5,149.5,149.5,149.5,149.5
2012-01-01,,,,,,,,,,,,,,,,,,,,,,,,146.9,147.1,147.1,147.1,147.1,147.1,147.1,147.1,147.1,147.1,147.1,147.1,147.1,147.1,147.1,147.1,147.1,147.1,147.1,147.1,147.1,147.1,147.1,147.1,147.1,147.1,147.1,147.1,147.1,147.1,147.1,147.1,147.1,147.1,147.1,147.1,147.1,147.1,147.1,147.1,147.1,147.1,147.1,147.1,147.1,147.1,147.1,147.1,147.1,147.1,147.1,147.1,147.1,147.1,147.1,147.1,147.1,147.1,147.1,147.1,147.1,147.1,147.1,147.1,147.1,147.1,147.1,147.1,147.1,147.1,147.1,147.1,147.1,147.1,147.1,147.1,147.1,147.1,147.1,147.1,147.1,147.1,147.1,147.1,147.1,147.1,147.1,147.1,147.1,147.1,147.1,147.1,147.1,147.1,147.1,147.1,147.1,147.1,147.1,147.1,147.1,147.1,147.1,147.1,147.1,147.1,147.1,147.1,147.1,147.1,147.1,147.1,147.1,147.1,147.1,147.1,147.1,147.1,147.1,147.1,147.1,147.1,147.1,147.1,147.1,147.1,147.1,147.1,147.1,147.1,147.1,147.1,147.1,147.1,147.1,147.1,147.1,147.1,147.1,147.1,147.1,147.1,147.1,147.1,147.1,147.1,147.1,147.1,147.1,147.1,147.1,147.1,147.1,147.1,147.1,147.1,147.1,147.1,147.1,147.1,147.1,147.1,147.1,147.1,147.1,147.1,147.1,147.1,147.1,147.1,147.1,147.1,147.1,147.1,147.1
2012-02-01,,,,,,,,,,,,,,,,,,,,,,,,,145.6,145.6,145.6,145.6,145.6,145.6,145.6,145.6,145.6,145.6,145.6,145.6,145.6,145.6,145.6,145.6,145.6,145.6,145.6,145.6,145.6,145.6,145.6,145.6,145.6,145.6,145.6,145.6,145.6,145.6,145.6,145.6,145.6,145.6,145.6,145.6,145.6,145.6,145.6,145.6,145.6,145.6,145.6,145.6,145.6,145.6,145.6,145.6,145.6,145.6,145.6,145.6,145.6,145.6,145.6,145.6,145.6,145.6,145.6,145.6,145.6,145.6,145.6,145.6,145.6,145.6,145.6,145.6,145.6,145.6,145.6,145.6,145.6,145.6,145.6,145.6,145.6,145.6,145.6,145.6,145.6,145.6,145.6,145.6,145.6,145.6,145.6,145.6,145.6,145.6,145.6,145.6,145.6,145.6,145.6,145.6,145.6,145.6,145.6,145.6,145.6,145.6,145.6,145.6,145.6,145.6,145.6,145.6,145.6,145.6,145.6,145.6,145.6,145.6,145.6,145.6,145.6,145.6,145.6,145.6,145.6,145.6,145.6,145.6,145.6,145.6,145.6,145.6,145.6,145.6,145.6,145.6,145.6,145.6,145.6,145.6,145.6,145.6,145.6,145.6,145.6,145.6,145.6,145.6,145.6,145.6,145.6,145.6,145.6,145.6,145.6,145.6,145.6,145.6,145.6,145.6,145.6,145.6,145.6,145.6,145.6,145.6,145.6,145.6,145.6,145.6,145.6,145.6,145.6,145.6,145.6,145.6,145.6,145.6
2012-03-01,,,,,,,,,,,,,,,,,,,,,,,,,,149.3,149.6,149.6,149.6,149.6,149.6,149.6,149.6,149.6,149.6,149.6,149.6,149.6,149.6,149.6,149.6,149.6,149.6,149.6,149.6,149.6,149.6,149.6,149.6,149.6,149.6,149.6,149.6,149.6,149.6,149.6,149.6,149.6,149.6,149.6,149.6,149.6,149.6,149.6,149.6,149.6,149.6,149.6,149.6,149.6,149.6,149.6,149.6,149.6,149.6,149.6,149.6,149.6,149.6,149.6,149.6,149.6,149.6,149.6,149.6,149.6,149.6,149.6,149.6,149.6,149.6,149.6,149.6,149.6,149.6,149.6,149.6,149.6,149.6,149.6,149.6,149.6,149.6,149.6,149.6,149.6,149.6,149.6,149.6,149.6,149.6,149.6,149.6,149.6,149.6,149.6,149.6,149.6,149.6,149.6,149.6,149.6,149.6,149.6,149.6,149.6,149.6,149.6,149.6,149.6,149.6,149.6,149.6,149.6,149.6,149.6,149.6,149.6,149.6,149.6,149.6,149.6,149.6,149.6,149.6,149.6,149.6,149.6,149.6,149.6,149.6,149.6,149.6,149.6,149.6,149.6,149.6,149.6,149.6,149.6,149.6,149.6,149.6,149.6,149.6,149.6,149.6,149.6,149.6,149.6,149.6,149.6,149.6,149.6,149.6,149.6,149.6,149.6,149.6,149.6,149.6,149.6,149.6,149.6,149.6,149.6,149.6,149.6,149.6,149.6,149.6,149.6,149.6,149.6,149.6,149.6,149.6,149.6
2012-04-01,,,,,,,,,,,,,,,,,,,,,,,,,,,151.1,149.0,149.2,149.2,149.2,149.2,149.2,149.2,149.2,149.2,149.2,149.2,149.2,149.2,149.2,149.2,149.2,149.2,149.2,149.2,149.2,149.2,149.2,149.2,149.2,149.2,149.2,149.2,149.2,149.2,149.2,149.2,149.2,149.2,149.2,149.2,149.2,149.2,149.2,149.2,149.2,149.2,149.2,149.2,149.2,149.2,149.2,149.2,149.2,149.2,149.2,149.2,149.2,149.2,149.2,149.2,149.2,149.2,149.2,149.2,149.2,149.2,149.2,149.2,149.2,149.2,149.2,149.2,149.2,149.2,149.2,149.2,149.2,149.2,149.2,149.2,149.2,149.2,149.2,149.2,149.2,149.2,149.2,149.2,149.2,149.2,149.2,149.2,149.2,149.2,149.2,149.2,149.2,149.2,149.2,149.2,149.2,149.2,149.2,149.2,149.2,149.2,149.2,149.2,149.2,149.2,149.2,149.2,149.2,149.2,149.2,149.2,149.2,149.2,149.2,149.2,149.2,149.2,149.2,149.2,149.2,149.2,149.2,149.2,149.2,149.2,149.2,149.2,149.2,149.2,149.2,149.2,149.2,149.2,149.2,149.2,149.2,149.2,149.2,149.2,149.2,149.2,149.2,149.2,149.2,149.2,149.2,149.2,149.2,149.2,149.2,149.2,149.2,149.2,149.2,149.2,149.2,149.2,149.2,149.2,149.2,149.2,149.2,149.2,149.2,149.2,149.2,149.2,149.2,149.2,149.2,149.2
2012-05-01,,,,,,,,,,,,,,,,,,,,,,,,,,,,149.8,150.2,150.3,150.3,150.3,150.3,150.3,150.3,150.3,150.3,150.3,150.3,150.3,150.3,150.3,150.3,150.3,150.3,150.3,150.3,150.3,150.3,150.3,150.3,150.3,150.3,150.3,150.3,150.3,150.3,150.3,150.3,150.3,150.3,150.3,150.3,150.3,150.3,150.3,150.3,150.3,150.3,150.3,150.3,150.3,150.3,150.3,150.3,150.3,150.3,150.3,150.3,150.3,150.3,150.3,150.3,150.3,150.3,150.3,150.3,150.3,150.3,150.3,150.3,150.3,150.3,150.3,150.3,150.3,150.3,150.3,150.3,150.3,150.3,150.3,150.3,150.3,150.3,150.3,150.3,150.3,150.3,150.3,150.3,150.3,150.3,150.3,150.3,150.3,150.3,150.3,150.3,150.3,150.3,150.3,150.3,150.3,150.3,150.3,150.3,150.3,150.3,150.3,150.3,150.3,150.3,150.3,150.3,150.3,150.3,150.3,150.3,150.3,150.3,150.3,150.3,150.3,150.3,150.3,150.3,150.3,150.3,150.3,150.3,150.3,150.3,150.3,150.3,150.3,150.3,150.3,150.3,150.3,150.3,150.3,150.3,150.3,150.3,150.3,150.3,150.3,150.3,150.3,150.3,150.3,150.3,150.3,150.3,150.3,150.3,150.3,150.3,150.3,150.3,150.3,150.3,150.3,150.3,150.3,150.3,150.3,150.3,150.3,150.3,150.3,150.3,150.3,150.3,150.3,150.3,150.3
2012-06-01,,,,,,,,,,,,,,,,,,,,,,,,,,,,,144.6,145.7,145.7,146.6,146.6,146.6,146.6,146.6,146.6,146.6,146.6,146.6,146.6,146.6,146.6,146.6,146.6,146.6,146.6,146.6,146.6,146.6,146.6,146.6,146.6,146.6,146.6,146.6,146.6,146.6,146.6,146.6,146.6,146.6,146.6,146.6,146.6,146.6,146.6,146.6,146.6,146.6,146.6,146.6,146.6,146.6,146.6,146.6,146.6,146.6,146.6,146.6,146.6,146.6,146.6,146.6,146.6,146.6,146.6,146.6,146.6,146.6,146.6,146.6,146.6,146.6,146.6,146.6,146.6,146.6,146.6,146.6,146.6,146.6,146.6,146.6,146.6,146.6,146.6,146.6,146.6,146.6,146.6,146.6,146.6,146.6,146.6,146.6,146.6,146.6,146.6,146.6,146.6,146.6,146.6,146.6,146.6,146.6,146.6,146.6,146.6,146.6,146.6,146.6,146.6,146.6,146.6,146.6,146.6,146.6,146.6,146.6,146.6,146.6,146.6,146.6,146.6,146.6,146.6,146.6,146.6,146.6,146.6,146.6,146.6,146.6,146.6,146.6,146.6,146.6,146.6,146.6,146.6,146.6,146.6,146.6,146.6,146.6,146.6,146.6,146.6,146.6,146.6,146.6,146.6,146.6,146.6,146.6,146.6,146.6,146.6,146.6,146.6,146.6,146.6,146.6,146.6,146.6,146.6,146.6,146.6,146.6,146.6,146.6,146.6,146.6,146.6,146.6,146.6,146.6
2012-07-01,,,,,,,,,,,,,,,,,,,,,,,,,,,,,,140.9,140.9,144.6,144.6,144.6,144.6,144.6,144.6,144.6,144.6,144.6,144.6,144.6,144.6,144.6,144.6,144.6,144.6,144.6,144.6,144.6,144.6,144.6,144.6,144.6,144.6,144.6,144.6,144.6,144.6,144.6,144.6,144.6,144.6,144.6,144.6,144.6,144.6,144.6,144.6,144.6,144.6,144.6,144.6,144.6,144.6,144.6,144.6,144.6,144.6,144.6,144.6,144.6,144.6,144.6,144.6,144.6,144.6,144.6,144.6,144.6,144.6,144.6,144.6,144.6,144.6,144.6,144.6,144.6,144.6,144.6,144.6,144.6,144.6,144.6,144.6,144.6,144.6,144.6,144.6,144.6,144.6,144.6,144.6,144.6,144.6,144.6,144.6,144.6,144.6,144.6,144.6,144.6,144.6,144.6,144.6,144.6,144.6,144.6,144.6,144.6,144.6,144.6,144.6,144.6,144.6,144.6,144.6,144.6,144.6,144.6,144.6,144.6,144.6,144.6,144.6,144.6,144.6,144.6,144.6,144.6,144.6,144.6,144.6,144.6,144.6,144.6,144.6,144.6,144.6,144.6,144.6,144.6,144.6,144.6,144.6,144.6,144.6,144.6,144.6,144.6,144.6,144.6,144.6,144.6,144.6,144.6,144.6,144.6,144.6,144.6,144.6,144.6,144.6,144.6,144.6,144.6,144.6,144.6,144.6,144.6,144.6,144.6,144.6,144.6,144.6,144.6,144.6,144.6
2012-08-01,,,,,,,,,,,,,,,,,,,,,,,,,,,,,,,139.3,143.2,143.2,143.2,143.2,143.2,143.2,143.2,143.2,143.2,143.2,143.2,143.2,143.2,143.2,143.2,143.2,143.2,143.2,143.2,143.2,143.2,143.2,143.2,143.2,143.2,143.2,143.2,143.2,143.2,143.2,143.2,143.2,143.2,143.2,143.2,143.2,143.2,143.2,143.2,143.2,143.2,143.2,143.2,143.2,143.2,143.2,143.2,143.2,143.2,143.2,143.2,143.2,143.2,143.2,143.2,143.2,143.2,143.2,143.2,143.2,143.2,143.2,143.2,143.2,143.2,143.2,143.2,143.2,143.2,143.2,143.2,143.2,143.2,143.2,143.2,143.2,143.2,143.2,143.2,143.2,143.2,143.2,143.2,143.2,143.2,143.2,143.2,143.2,143.2,143.2,143.2,143.2,143.2,143.2,143.2,143.2,143.2,143.2,143.2,143.2,143.2,143.2,143.2,143.2,143.2,143.2,143.2,143.2,143.2,143.2,143.2,143.2,143.2,143.2,143.2,143.2,143.2,143.2,143.2,143.2,143.2,143.2,143.2,143.2,143.2,143.2,143.2,143.2,143.2,143.2,143.2,143.2,143.2,143.2,143.2,143.2,143.2,143.2,143.2,143.2,143.2,143.2,143.2,143.2,143.2,143.2,143.2,143.2,143.2,143.2,143.2,143.2,143.2,143.2,143.2,143.2,143.2,143.2,143.2,143.2,143.2,143.2,143.2,143.2,143.2,143.2,143.2
2012-09-01,,,,,,,,,,,,,,,,,,,,,,,,,,,,,,,,145.2,145.2,145.2,145.2,145.2,145.2,145.2,145.2,145.2,145.2,145.2,145.2,145.2,145.2,145.2,145.2,145.2,145.2,145.2,145.2,145.2,145.2,145.2,145.2,145.2,145.2,145.2,145.2,145.2,145.2,145.2,145.2,145.2,145.2,145.2,145.2,145.2,145.2,145.2,145.2,145.2,145.2,145.2,145.2,145.2,145.2,145.2,145.2,145.2,145.2,145.2,145.2,145.2,145.2,145.2,145.2,145.2,145.2,145.2,145.2,145.2,145.2,145.2,145.2,145.2,145.2,145.2,145.2,145.2,145.2,145.2,145.2,145.2,145.2,145.2,145.2,145.2,145.2,145.2,145.2,145.2,145.2,145.2,145.2,145.2,145.2,145.2,145.2,145.2,145.2,145.2,145.2,145.2,145.2,145.2,145.2,145.2,145.2,145.2,145.2,145.2,145.2,145.2,145.2,145.2,145.2,145.2,145.2,145.2,145.2,145.2,145.2,145.2,145.2,145.2,145.2,145.2,145.2,145.2,145.2,145.2,145.2,145.2,145.2,145.2,145.2,145.2,145.2,145.2,145.2,145.2,145.2,145.2,145.2,145.2,145.2,145.2,145.2,145.2,145.2,145.2,145.2,145.2,145.2,145.2,145.2,145.2,145.2,145.2,145.2,145.2,145.2,145.2,145.2,145.2,145.2,145.2,145.2,145.2,145.2,145.2,145.2,145.2,145.2,145.2,145.2,145.2
2012-10-01,,,,,,,,,,,,,,,,,,,,,,,,,,,,,,,,,150.3,150.3,149.8,149.8,149.8,149.8,149.8,149.8,149.8,149.8,149.8,149.8,149.8,149.8,149.8,149.8,149.8,149.8,149.8,149.8,149.8,149.8,149.8,149.8,149.8,149.8,149.8,149.8,149.8,149.8,149.8,149.8,149.8,149.8,149.8,149.8,149.8,149.8,149.8,149.8,149.8,149.8,149.8,149.8,149.8,149.8,149.8,149.8,149.8,149.8,149.8,149.8,149.8,149.8,149.8,149.8,149.8,149.8,149.8,149.8,149.8,149.8,149.8,149.8,149.8,149.8,149.8,149.8,149.8,149.8,149.8,149.8,149.8,149.8,149.8,149.8,149.8,149.8,149.8,149.8,149.8,149.8,149.8,149.8,149.8,149.8,149.8,149.8,149.8,149.8,149.8,149.8,149.8,149.8,149.8,149.8,149.8,149.8,149.8,149.8,149.8,149.8,149.8,149.8,149.8,149.8,149.8,149.8,149.8,149.8,149.8,149.8,149.8,149.8,149.8,149.8,149.8,149.8,149.8,149.8,149.8,149.8,149.8,149.8,149.8,149.8,149.8,149.8,149.8,149.8,149.8,149.8,149.8,149.8,149.8,149.8,149.8,149.8,149.8,149.8,149.8,149.8,149.8,149.8,149.8,149.8,149.8,149.8,149.8,149.8,149.8,149.8,149.8,149.8,149.8,149.8,149.8,149.8,149.8,149.8,149.8,149.8,149.8,149.8,149.8,149.8
2012-11-01,,,,,,,,,,,,,,,,,,,,,,,,,,,,,,,,,,151.4,151.8,151.8,151.8,151.8,151.8,151.8,151.8,151.8,151.8,151.8,151.8,151.8,151.8,151.8,151.8,151.8,151.8,151.8,151.8,151.8,151.8,151.8,151.8,151.8,151.8,151.8,151.8,151.8,151.8,151.8,151.8,151.8,151.8,151.8,151.8,151.8,151.8,151.8,151.8,151.8,151.8,151.8,151.8,151.8,151.8,151.8,151.8,151.8,151.8,151.8,151.8,151.8,151.8,151.8,151.8,151.8,151.8,151.8,151.8,151.8,151.8,151.8,151.8,151.8,151.8,151.8,151.8,151.8,151.8,151.8,151.8,151.8,151.8,151.8,151.8,151.8,151.8,151.8,151.8,151.8,151.8,151.8,151.8,151.8,151.8,151.8,151.8,151.8,151.8,151.8,151.8,151.8,151.8,151.8,151.8,151.8,151.8,151.8,151.8,151.8,151.8,151.8,151.8,151.8,151.8,151.8,151.8,151.8,151.8,151.8,151.8,151.8,151.8,151.8,151.8,151.8,151.8,151.8,151.8,151.8,151.8,151.8,151.8,151.8,151.8,151.8,151.8,151.8,151.8,151.8,151.8,151.8,151.8,151.8,151.8,151.8,151.8,151.8,151.8,151.8,151.8,151.8,151.8,151.8,151.8,151.8,151.8,151.8,151.8,151.8,151.8,151.8,151.8,151.8,151.8,151.8,151.8,151.8,151.8,151.8,151.8,151.8,151.8,151.8
2012-12-01,,,,,,,,,,,,,,,,,,,,,,,,,,,,,,,,,,,149.2,149.2,149.2,149.2,149.2,149.2,149.2,149.2,149.2,149.2,149.2,149.2,149.2,149.2,149.2,149.2,149.2,149.2,149.2,149.2,149.2,149.2,149.2,149.2,149.2,149.2,149.2,149.2,149.2,149.2,149.2,149.2,149.2,149.2,149.2,149.2,149.2,149.2,149.2,149.2,149.2,149.2,149.2,149.2,149.2,149.2,149.2,149.2,149.2,149.2,149.2,149.2,149.2,149.2,149.2,149.2,149.2,149.2,149.2,149.2,149.2,149.2,149.2,149.2,149.2,149.2,149.2,149.2,149.2,149.2,149.2,149.2,149.2,149.2,149.2,149.2,149.2,149.2,149.2,149.2,149.2,149.2,149.2,149.2,149.2,149.2,149.2,149.2,149.2,149.2,149.2,149.2,149.2,149.2,149.2,149.2,149.2,149.2,149.2,149.2,149.2,149.2,149.2,149.2,149.2,149.2,149.2,149.2,149.2,149.2,149.2,149.2,149.2,149.2,149.2,149.2,149.2,149.2,149.2,149.2,149.2,149.2,149.2,149.2,149.2,149.2,149.2,149.2,149.2,149.2,149.2,149.2,149.2,149.2,149.2,149.2,149.2,149.2,149.2,149.2,149.2,149.2,149.2,149.2,149.2,149.2,149.2,149.2,149.2,149.2,149.2,149.2,149.2,149.2,149.2,149.2,149.2,149.2,149.2,149.2,149.2,149.2,149.2,149.2
2013-01-01,,,,,,,,,,,,,,,,,,,,,,,,,,,,,,,,,,,,151.4,151.4,151.4,151.4,151.4,151.4,151.4,151.4,151.4,151.4,151.4,151.4,151.4,151.4,151.4,151.4,151.4,151.4,151.4,151.4,151.4,151.4,151.4,151.4,151.4,151.4,151.4,151.4,151.4,151.4,151.4,151.4,151.4,151.4,151.4,151.4,151.4,151.4,151.4,151.4,151.4,151.4,151.4,151.4,151.4,151.4,151.4,151.4,151.4,151.4,151.4,151.4,151.4,151.4,151.4,151.4,151.4,151.4,151.4,151.4,151.4,151.4,151.4,151.4,151.4,151.4,151.4,151.4,151.4,151.4,151.4,151.4,151.4,151.4,151.4,151.4,151.4,151.4,151.4,151.4,151.4,151.4,151.4,151.4,151.4,151.4,151.4,151.4,151.4,151.4,151.4,151.4,151.4,151.4,151.4,151.4,151.4,151.4,151.4,151.4,151.4,151.4,151.4,151.4,151.4,151.4,151.4,151.4,151.4,151.4,151.4,151.4,151.4,151.4,151.4,151.4,151.4,151.4,151.4,151.4,151.4,151.4,151.4,151.4,151.4,151.4,151.4,151.4,151.4,151.4,151.4,151.4,151.4,151.4,151.4,151.4,151.4,151.4,151.4,151.4,151.4,151.4,151.4,151.4,151.4,151.4,151.4,151.4,151.4,151.4,151.4,151.4,151.4,151.4,151.4,151.4,151.4,151.4,151.4,151.4,151.4,151.4,151.4
2013-02-01,,,,,,,,,,,,,,,,,,,,,,,,,,,,,,,,,,,,,152.1,152.1,152.1,152.1,152.1,152.1,152.1,152.1,152.1,152.1,152.1,152.1,152.1,152.1,152.1,152.1,152.1,152.1,152.1,152.1,152.1,152.1,152.1,152.1,152.1,152.1,152.1,152.1,152.1,152.1,152.1,152.1,152.1,152.1,152.1,152.1,152.1,152.1,152.1,152.1,152.1,152.1,152.1,152.1,152.1,152.1,152.1,152.1,152.1,152.1,152.1,152.1,152.1,152.1,152.1,152.1,152.1,152.1,152.1,152.1,152.1,152.1,152.1,152.1,152.1,152.1,152.1,152.1,152.1,152.1,152.1,152.1,152.1,152.1,152.1,152.1,152.1,152.1,152.1,152.1,152.1,152.1,152.1,152.1,152.1,152.1,152.1,152.1,152.1,152.1,152.1,152.1,152.1,152.1,152.1,152.1,152.1,152.1,152.1,152.1,152.1,152.1,152.1,152.1,152.1,152.1,152.1,152.1,152.1,152.1,152.1,152.1,152.1,152.1,152.1,152.1,152.1,152.1,152.1,152.1,152.1,152.1,152.1,152.1,152.1,152.1,152.1,152.1,152.1,152.1,152.1,152.1,152.1,152.1,152.1,152.1,152.1,152.1,152.1,152.1,152.1,152.1,152.1,152.1,152.1,152.1,152.1,152.1,152.1,152.1,152.1,152.1,152.1,152.1,152.1,152.1,152.1,152.1,152.1,152.1,152.1,152.1
2013-03-01,,,,,,,,,,,,,,,,,,,,,,,,,,,,,,,,,,,,,,151.4,151.4,151.4,152.1,152.1,152.1,152.1,152.1,152.1,152.1,152.1,152.1,152.1,152.1,152.1,152.1,152.1,152.1,152.1,152.1,152.1,152.1,152.1,152.1,152.1,152.1,152.1,152.1,152.1,152.1,152.1,152.1,152.1,152.1,152.1,152.1,152.1,152.1,152.1,152.1,152.1,152.1,152.1,152.1,152.1,152.1,152.1,152.1,152.1,152.1,152.1,152.1,152.1,152.1,152.1,152.1,152.1,152.1,152.1,152.1,152.1,152.1,152.1,152.1,152.1,152.1,152.1,152.1,152.1,152.1,152.1,152.1,152.1,152.1,152.1,152.1,152.1,152.1,152.1,152.1,152.1,152.1,152.1,152.1,152.1,152.1,152.1,152.1,152.1,152.1,152.1,152.1,152.1,152.1,152.1,152.1,152.1,152.1,152.1,152.1,152.1,152.1,152.1,152.1,152.1,152.1,152.1,152.1,152.1,152.1,152.1,152.1,152.1,152.1,152.1,152.1,152.1,152.1,152.1,152.1,152.1,152.1,152.1,152.1,152.1,152.1,152.1,152.1,152.1,152.1,152.1,152.1,152.1,152.1,152.1,152.1,152.1,152.1,152.1,152.1,152.1,152.1,152.1,152.1,152.1,152.1,152.1,152.1,152.1,152.1,152.1,152.1,152.1,152.1,152.1,152.1,152.1,152.1,152.1,152.1,152.1
2013-04-01,,,,,,,,,,,,,,,,,,,,,,,,,,,,,,,,,,,,,,,149.1,149.5,148.3,148.3,148.3,148.3,148.3,148.3,148.3,148.3,148.3,148.3,148.3,148.3,148.3,148.3,148.3,148.3,148.3,148.3,148.3,148.3,148.3,148.3,148.3,148.3,148.3,148.3,148.3,148.3,148.3,148.3,148.3,148.3,148.3,148.3,148.3,148.3,148.3,148.3,148.3,148.3,148.3,148.3,148.3,148.3,148.3,148.3,148.3,148.3,148.3,148.3,148.3,148.3,148.3,148.3,148.3,148.3,148.3,148.3,148.3,148.3,148.3,148.3,148.3,148.3,148.3,148.3,148.3,148.3,148.3,148.3,148.3,148.3,148.3,148.3,148.3,148.3,148.3,148.3,148.3,148.3,148.3,148.3,148.3,148.3,148.3,148.3,148.3,148.3,148.3,148.3,148.3,148.3,148.3,148.3,148.3,148.3,148.3,148.3,148.3,148.3,148.3,148.3,148.3,148.3,148.3,148.3,148.3,148.3,148.3,148.3,148.3,148.3,148.3,148.3,148.3,148.3,148.3,148.3,148.3,148.3,148.3,148.3,148.3,148.3,148.3,148.3,148.3,148.3,148.3,148.3,148.3,148.3,148.3,148.3,148.3,148.3,148.3,148.3,148.3,148.3,148.3,148.3,148.3,148.3,148.3,148.3,148.3,148.3,148.3,148.3,148.3,148.3,148.3,148.3,148.3,148.3,148.3,148.3
2013-05-01,,,,,,,,,,,,,,,,,,,,,,,,,,,,,,,,,,,,,,,,149.2,148.4,148.4,148.4,148.4,148.4,148.4,148.4,148.4,148.4,148.4,148.4,148.4,148.4,148.4,148.4,148.4,148.4,148.4,148.4,148.4,148.4,148.4,148.4,148.4,148.4,148.4,148.4,148.4,148.4,148.4,148.4,148.4,148.4,148.4,148.4,148.4,148.4,148.4,148.4,148.4,148.4,148.4,148.4,148.4,148.4,148.4,148.4,148.4,148.4,148.4,148.4,148.4,148.4,148.4,148.4,148.4,148.4,148.4,148.4,148.4,148.4,148.4,148.4,148.4,148.4,148.4,148.4,148.4,148.4,148.4,148.4,148.4,148.4,148.4,148.4,148.4,148.4,148.4,148.4,148.4,148.4,148.4,148.4,148.4,148.4,148.4,148.4,148.4,148.4,148.4,148.4,148.4,148.4,148.4,148.4,148.4,148.4,148.4,148.4,148.4,148.4,148.4,148.4,148.4,148.4,148.4,148.4,148.4,148.4,148.4,148.4,148.4,148.4,148.4,148.4,148.4,148.4,148.4,148.4,148.4,148.4,148.4,148.4,148.4,148.4,148.4,148.4,148.4,148.4,148.4,148.4,148.4,148.4,148.4,148.4,148.4,148.4,148.4,148.4,148.4,148.4,148.4,148.4,148.4,148.4,148.4,148.4,148.4,148.4,148.4,148.4,148.4,148.4,148.4,148.4,148.4,148.4,148.4
2013-06-01,,,,,,,,,,,,,,,,,,,,,,,,,,,,,,,,,,,,,,,,,147.8,147.8,147.8,147.8,147.8,147.8,147.8,147.8,147.8,147.8,147.8,147.8,147.8,147.8,147.8,147.8,147.8,147.8,147.8,147.8,147.8,147.8,147.8,147.8,147.8,147.8,147.8,147.8,147.8,147.8,147.8,147.8,147.8,147.8,147.8,147.8,147.8,147.8,147.8,147.8,147.8,147.8,147.8,147.8,147.8,147.8,147.8,147.8,147.8,147.8,147.8,147.8,147.8,147.8,147.8,147.8,147.8,147.8,147.8,147.8,147.8,147.8,147.8,147.8,147.8,147.8,147.8,147.8,147.8,147.8,147.8,147.8,147.8,147.8,147.8,147.8,147.8,147.8,147.8,147.8,147.8,147.8,147.8,147.8,147.8,147.8,147.8,147.8,147.8,147.8,147.8,147.8,147.8,147.8,147.8,147.8,147.8,147.8,147.8,147.8,147.8,147.8,147.8,147.8,147.8,147.8,147.8,147.8,147.8,147.8,147.8,147.8,147.8,147.8,147.8,147.8,147.8,147.8,147.8,147.8,147.8,147.8,147.8,147.8,147.8,147.8,147.8,147.8,147.8,147.8,147.8,147.8,147.8,147.8,147.8,147.8,147.8,147.8,147.8,147.8,147.8,147.8,147.8,147.8,147.8,147.8,147.8,147.8,147.8,147.8,147.8,147.8,147.8,147.8,147.8,147.8,147.8,147.8
2013-07-01,,,,,,,,,,,,,,,,,,,,,,,,,,,,,,,,,,,,,,,,,,148.2,148.2,148.2,148.2,148.2,148.2,148.2,148.2,148.2,148.2,148.2,148.2,148.2,148.2,148.2,148.2,148.2,148.2,148.2,148.2,148.2,148.2,148.2,148.2,148.2,148.2,148.2,148.2,148.2,148.2,148.2,148.2,148.2,148.2,148.2,148.2,148.2,148.2,148.2,148.2,148.2,148.2,148.2,148.2,148.2,148.2,148.2,148.2,148.2,148.2,148.2,148.2,148.2,148.2,148.2,148.2,148.2,148.2,148.2,148.2,148.2,148.2,148.2,148.2,148.2,148.2,148.2,148.2,148.2,148.2,148.2,148.2,148.2,148.2,148.2,148.2,148.2,148.2,148.2,148.2,148.2,148.2,148.2,148.2,148.2,148.2,148.2,148.2,148.2,148.2,148.2,148.2,148.2,148.2,148.2,148.2,148.2,148.2,148.2,148.2,148.2,148.2,148.2,148.2,148.2,148.2,148.2,148.2,148.2,148.2,148.2,148.2,148.2,148.2,148.2,148.2,148.2,148.2,148.2,148.2,148.2,148.2,148.2,148.2,148.2,148.2,148.2,148.2,148.2,148.2,148.2,148.2,148.2,148.2,148.2,148.2,148.2,148.2,148.2,148.2,148.2,148.2,148.2,148.2,148.2,148.2,148.2,148.2,148.2,148.2,148.2,148.2,148.2,148.2,148.2,148.2,148.2
2013-08-01,,,,,,,,,,,,,,,,,,,,,,,,,,,,,,,,,,,,,,,,,,,147.0,147.0,147.0,147.0,147.0,147.0,147.0,147.0,147.0,147.0,147.0,147.0,147.0,147.0,147.0,147.0,147.0,147.0,147.0,147.0,147.0,147.0,147.0,147.0,147.0,147.0,147.0,147.0,147.0,147.0,147.0,147.0,147.0,147.0,147.0,147.0,147.0,147.0,147.0,147.0,147.0,147.0,147.0,147.0,147.0,147.0,147.0,147.0,147.0,147.0,147.0,147.0,147.0,147.0,147.0,147.0,147.0,147.0,147.0,147.0,147.0,147.0,147.0,147.0,147.0,147.0,147.0,147.0,147.0,147.0,147.0,147.0,147.0,147.0,147.0,147.0,147.0,147.0,147.0,147.0,147.0,147.0,147.0,147.0,147.0,147.0,147.0,147.0,147.0,147.0,147.0,147.0,147.0,147.0,147.0,147.0,147.0,147.0,147.0,147.0,147.0,147.0,147.0,147.0,147.0,147.0,147.0,147.0,147.0,147.0,147.0,147.0,147.0,147.0,147.0,147.0,147.0,147.0,147.0,147.0,147.0,147.0,147.0,147.0,147.0,147.0,147.0,147.0,147.0,147.0,147.0,147.0,147.0,147.0,147.0,147.0,147.0,147.0,147.0,147.0,147.0,147.0,147.0,147.0,147.0,147.0,147.0,147.0,147.0,147.0,147.0,147.0,147.0,147.0,147.0,147.0
2013-09-01,,,,,,,,,,,,,,,,,,,,,,,,,,,,,,,,,,,,,,,,,,,,149.6,149.6,149.6,149.6,149.6,149.6,149.6,149.6,149.6,149.6,149.6,149.6,149.6,149.6,149.6,149.6,149.6,149.6,149.6,149.6,149.6,149.6,149.6,149.6,149.6,149.6,149.6,149.6,149.6,149.6,149.6,149.6,149.6,149.6,149.6,149.6,149.6,149.6,149.6,149.6,149.6,149.6,149.6,149.6,149.6,149.6,149.6,149.6,149.6,149.6,149.6,149.6,149.6,149.6,149.6,149.6,149.6,149.6,149.6,149.6,149.6,149.6,149.6,149.6,149.6,149.6,149.6,149.6,149.6,149.6,149.6,149.6,149.6,149.6,149.6,149.6,149.6,149.6,149.6,149.6,149.6,149.6,149.6,149.6,149.6,149.6,149.6,149.6,149.6,149.6,149.6,149.6,149.6,149.6,149.6,149.6,149.6,149.6,149.6,149.6,149.6,149.6,149.6,149.6,149.6,149.6,149.6,149.6,149.6,149.6,149.6,149.6,149.6,149.6,149.6,149.6,149.6,149.6,149.6,149.6,149.6,149.6,149.6,149.6,149.6,149.6,149.6,149.6,149.6,149.6,149.6,149.6,149.6,149.6,149.6,149.6,149.6,149.6,149.6,149.6,149.6,149.6,149.6,149.6,149.6,149.6,149.6,149.6,149.6,149.6,149.6,149.6,149.6,149.6,149.6
2013-10-01,,,,,,,,,,,,,,,,,,,,,,,,,,,,,,,,,,,,,,,,,,,,,151.0,151.0,151.0,151.0,151.0,151.0,151.0,151.0,151.0,151.0,151.0,151.0,151.0,151.0,151.0,151.0,151.0,151.0,151.0,151.0,151.0,151.0,151.0,151.0,151.0,151.0,151.0,151.0,151.0,151.0,151.0,151.0,151.0,151.0,151.0,151.0,151.0,151.0,151.0,151.0,151.0,151.0,151.0,151.0,151.0,151.0,151.0,151.0,151.0,151.0,151.0,151.0,151.0,151.0,151.0,151.0,151.0,151.0,151.0,151.0,151.0,151.0,151.0,151.0,151.0,151.0,151.0,151.0,151.0,151.0,151.0,151.0,151.0,151.0,151.0,151.0,151.0,151.0,151.0,151.0,151.0,151.0,151.0,151.0,151.0,151.0,151.0,151.0,151.0,151.0,151.0,151.0,151.0,151.0,151.0,151.0,151.0,151.0,151.0,151.0,151.0,151.0,151.0,151.0,151.0,151.0,151.0,151.0,151.0,151.0,151.0,151.0,151.0,151.0,151.0,151.0,151.0,151.0,151.0,151.0,151.0,151.0,151.0,151.0,151.0,151.0,151.0,151.0,151.0,151.0,151.0,151.0,151.0,151.0,151.0,151.0,151.0,151.0,151.0,151.0,151.0,151.0,151.0,151.0,151.0,151.0,151.0,151.0,151.0,151.0,151.0,151.0,151.0,151.0
2013-11-01,,,,,,,,,,,,,,,,,,,,,,,,,,,,,,,,,,,,,,,,,,,,,,155.3,157.8,157.8,157.8,157.8,157.8,157.8,157.8,157.8,157.8,157.8,157.8,157.8,157.8,157.8,157.8,157.8,157.8,157.8,157.8,157.8,157.8,157.8,157.8,157.8,157.8,157.8,157.8,157.8,157.8,157.8,157.8,157.8,157.8,157.8,157.8,157.8,157.8,157.8,157.8,157.8,157.8,157.8,157.8,157.8,157.8,157.8,157.8,157.8,157.8,157.8,157.8,157.8,157.8,157.8,157.8,157.8,157.8,157.8,157.8,157.8,157.8,157.8,157.8,157.8,157.8,157.8,157.8,157.8,157.8,157.8,157.8,157.8,157.8,157.8,157.8,157.8,157.8,157.8,157.8,157.8,157.8,157.8,157.8,157.8,157.8,157.8,157.8,157.8,157.8,157.8,157.8,157.8,157.8,157.8,157.8,157.8,157.8,157.8,157.8,157.8,157.8,157.8,157.8,157.8,157.8,157.8,157.8,157.8,157.8,157.8,157.8,157.8,157.8,157.8,157.8,157.8,157.8,157.8,157.8,157.8,157.8,157.8,157.8,157.8,157.8,157.8,157.8,157.8,157.8,157.8,157.8,157.8,157.8,157.8,157.8,157.8,157.8,157.8,157.8,157.8,157.8,157.8,157.8,157.8,157.8,157.8,157.8,157.8,157.8,157.8,157.8,157.8
2013-12-01,,,,,,,,,,,,,,,,,,,,,,,,,,,,,,,,,,,,,,,,,,,,,,,156.9,156.9,156.9,156.9,156.9,156.9,156.9,156.9,156.9,156.9,156.9,156.9,156.9,156.9,156.9,156.9,156.9,156.9,156.9,156.9,156.9,156.9,156.9,156.9,156.9,156.9,156.9,156.9,156.9,156.9,156.9,156.9,156.9,156.9,156.9,156.9,156.9,156.9,156.9,156.9,156.9,156.9,156.9,156.9,156.9,156.9,156.9,156.9,156.9,156.9,156.9,156.9,156.9,156.9,156.9,156.9,156.9,156.9,156.9,156.9,156.9,156.9,156.9,156.9,156.9,156.9,156.9,156.9,156.9,156.9,156.9,156.9,156.9,156.9,156.9,156.9,156.9,156.9,156.9,156.9,156.9,156.9,156.9,156.9,156.9,156.9,156.9,156.9,156.9,156.9,156.9,156.9,156.9,156.9,156.9,156.9,156.9,156.9,156.9,156.9,156.9,156.9,156.9,156.9,156.9,156.9,156.9,156.9,156.9,156.9,156.9,156.9,156.9,156.9,156.9,156.9,156.9,156.9,156.9,156.9,156.9,156.9,156.9,156.9,156.9,156.9,156.9,156.9,156.9,156.9,156.9,156.9,156.9,156.9,156.9,156.9,156.9,156.9,156.9,156.9,156.9,156.9,156.9,156.9,156.9,156.9,156.9,156.9,156.9,156.9,156.9,156.9
2014-01-01,,,,,,,,,,,,,,,,,,,,,,,,,,,,,,,,,,,,,,,,,,,,,,,,159.9,159.9,159.9,160.0,160.0,160.0,160.0,160.0,160.0,160.0,160.0,160.0,160.0,160.0,160.0,160.0,160.0,160.0,160.0,160.0,160.0,160.0,160.0,160.0,160.0,160.0,160.0,160.0,160.0,160.0,160.0,160.0,160.0,160.0,160.0,160.0,160.0,160.0,160.0,160.0,160.0,160.0,160.0,160.0,160.0,160.0,160.0,160.0,160.0,160.0,160.0,160.0,160.0,160.0,160.0,160.0,160.0,160.0,160.0,160.0,160.0,160.0,160.0,160.0,160.0,160.0,160.0,160.0,160.0,160.0,160.0,160.0,160.0,160.0,160.0,160.0,160.0,160.0,160.0,160.0,160.0,160.0,160.0,160.0,160.0,160.0,160.0,160.0,160.0,160.0,160.0,160.0,160.0,160.0,160.0,160.0,160.0,160.0,160.0,160.0,160.0,160.0,160.0,160.0,160.0,160.0,160.0,160.0,160.0,160.0,160.0,160.0,160.0,160.0,160.0,160.0,160.0,160.0,160.0,160.0,160.0,160.0,160.0,160.0,160.0,160.0,160.0,160.0,160.0,160.0,160.0,160.0,160.0,160.0,160.0,160.0,160.0,160.0,160.0,160.0,160.0,160.0,160.0,160.0,160.0,160.0,160.0,160.0,160.0,160.0,160.0
2014-02-01,,,,,,,,,,,,,,,,,,,,,,,,,,,,,,,,,,,,,,,,,,,,,,,,,159.6,159.6,159.7,159.7,159.7,159.7,159.7,159.7,159.7,159.7,159.7,159.7,159.7,159.7,159.7,159.7,159.7,159.7,159.7,159.7,159.7,159.7,159.7,159.7,159.7,159.7,159.7,159.7,159.7,159.7,159.7,159.7,159.7,159.7,159.7,159.7,159.7,159.7,159.7,159.7,159.7,159.7,159.7,159.7,159.7,159.7,159.7,159.7,159.7,159.7,159.7,159.7,159.7,159.7,159.7,159.7,159.7,159.7,159.7,159.7,159.7,159.7,159.7,159.7,159.7,159.7,159.7,159.7,159.7,159.7,159.7,159.7,159.7,159.7,159.7,159.7,159.7,159.7,159.7,159.7,159.7,159.7,159.7,159.7,159.7,159.7,159.7,159.7,159.7,159.7,159.7,159.7,159.7,159.7,159.7,159.7,159.7,159.7,159.7,159.7,159.7,159.7,159.7,159.7,159.7,159.7,159.7,159.7,159.7,159.7,159.7,159.7,159.7,159.7,159.7,159.7,159.7,159.7,159.7,159.7,159.7,159.7,159.7,159.7,159.7,159.7,159.7,159.7,159.7,159.7,159.7,159.7,159.7,159.7,159.7,159.7,159.7,159.7,159.7,159.7,159.7,159.7,159.7,159.7,159.7,159.7,159.7,159.7,159.7,159.7
2014-03-01,,,,,,,,,,,,,,,,,,,,,,,,,,,,,,,,,,,,,,,,,,,,,,,,,,160.2,159.7,159.7,159.7,159.7,159.7,159.7,159.7,159.7,159.7,159.7,159.7,159.7,159.7,159.7,159.7,159.7,159.7,159.7,159.7,159.7,159.7,159.7,159.7,159.7,159.7,159.7,159.7,159.7,159.7,159.7,159.7,159.7,159.7,159.7,159.7,159.7,159.7,159.7,159.7,159.7,159.7,159.7,159.7,159.7,159.7,159.7,159.7,159.7,159.7,159.7,159.7,159.7,159.7,159.7,159.7,159.7,159.7,159.7,159.7,159.7,159.7,159.7,159.7,159.7,159.7,159.7,159.7,159.7,159.7,159.7,159.7,159.7,159.7,159.7,159.7,159.7,159.7,159.7,159.7,159.7,159.7,159.7,159.7,159.7,159.7,159.7,159.7,159.7,159.7,159.7,159.7,159.7,159.7,159.7,159.7,159.7,159.7,159.7,159.7,159.7,159.7,159.7,159.7,159.7,159.7,159.7,159.7,159.7,159.7,159.7,159.7,159.7,159.7,159.7,159.7,159.7,159.7,159.7,159.7,159.7,159.7,159.7,159.7,159.7,159.7,159.7,159.7,159.7,159.7,159.7,159.7,159.7,159.7,159.7,159.7,159.7,159.7,159.7,159.7,159.7,159.7,159.7,159.7,159.7,159.7,159.7,159.7,159.7
2014-04-01,,,,,,,,,,,,,,,,,,,,,,,,,,,,,,,,,,,,,,,,,,,,,,,,,,,159.3,159.3,159.3,159.3,159.3,159.3,159.3,159.3,159.3,159.3,159.3,159.3,159.3,159.3,159.3,159.3,159.3,159.3,159.3,159.3,159.3,159.3,159.3,159.3,159.3,159.3,159.3,159.3,159.3,159.3,159.3,159.3,159.3,159.3,159.3,159.3,159.3,159.3,159.3,159.3,159.3,159.3,159.3,159.3,159.3,159.3,159.3,159.3,159.3,159.3,159.3,159.3,159.3,159.3,159.3,159.3,159.3,159.3,159.3,159.3,159.3,159.3,159.3,159.3,159.3,159.3,159.3,159.3,159.3,159.3,159.3,159.3,159.3,159.3,159.3,159.3,159.3,159.3,159.3,159.3,159.3,159.3,159.3,159.3,159.3,159.3,159.3,159.3,159.3,159.3,159.3,159.3,159.3,159.3,159.3,159.3,159.3,159.3,159.3,159.3,159.3,159.3,159.3,159.3,159.3,159.3,159.3,159.3,159.3,159.3,159.3,159.3,159.3,159.3,159.3,159.3,159.3,159.3,159.3,159.3,159.3,159.3,159.3,159.3,159.3,159.3,159.3,159.3,159.3,159.3,159.3,159.3,159.3,159.3,159.3,159.3,159.3,159.3,159.3,159.3,159.3,159.3,159.3,159.3,159.3,159.3,159.3,159.3
2014-05-01,,,,,,,,,,,,,,,,,,,,,,,,,,,,,,,,,,,,,,,,,,,,,,,,,,,,159.4,159.4,159.4,159.4,159.4,159.4,159.4,159.4,159.4,159.4,159.4,159.4,159.4,159.4,159.4,159.4,159.4,159.4,159.4,159.4,159.4,159.4,159.4,159.4,159.4,159.4,159.4,159.4,159.4,159.4,159.4,159.4,159.4,159.4,159.4,159.4,159.4,159.4,159.4,159.4,159.4,159.4,159.4,159.4,159.4,159.4,159.4,159.4,159.4,159.4,159.4,159.4,159.4,159.4,159.4,159.4,159.4,159.4,159.4,159.4,159.4,159.4,159.4,159.4,159.4,159.4,159.4,159.4,159.4,159.4,159.4,159.4,159.4,159.4,159.4,159.4,159.4,159.4,159.4,159.4,159.4,159.4,159.4,159.4,159.4,159.4,159.4,159.4,159.4,159.4,159.4,159.4,159.4,159.4,159.4,159.4,159.4,159.4,159.4,159.4,159.4,159.4,159.4,159.4,159.4,159.4,159.4,159.4,159.4,159.4,159.4,159.4,159.4,159.4,159.4,159.4,159.4,159.4,159.4,159.4,159.4,159.4,159.4,159.4,159.4,159.4,159.4,159.4,159.4,159.4,159.4,159.4,159.4,159.4,159.4,159.4,159.4,159.4,159.4,159.4,159.4,159.4,159.4,159.4,159.4,159.4,159.4
2014-06-01,,,,,,,,,,,,,,,,,,,,,,,,,,,,,,,,,,,,,,,,,,,,,,,,,,,,,159.6,159.6,159.6,159.7,159.7,159.7,159.7,159.7,159.7,159.7,159.7,159.7,159.7,159.7,159.7,159.7,159.7,159.7,159.7,159.7,159.7,159.7,159.7,159.7,159.7,159.7,159.7,159.7,159.7,159.7,159.7,159.7,159.7,159.7,159.7,159.7,159.7,159.7,159.7,159.7,159.7,159.7,159.7,159.7,159.7,159.7,159.7,159.7,159.7,159.7,159.7,159.7,159.7,159.7,159.7,159.7,159.7,159.7,159.7,159.7,159.7,159.7,159.7,159.7,159.7,159.7,159.7,159.7,159.7,159.7,159.7,159.7,159.7,159.7,159.7,159.7,159.7,159.7,159.7,159.7,159.7,159.7,159.7,159.7,159.7,159.7,159.7,159.7,159.7,159.7,159.7,159.7,159.7,159.7,159.7,159.7,159.7,159.7,159.7,159.7,159.7,159.7,159.7,159.7,159.7,159.7,159.7,159.7,159.7,159.7,159.7,159.7,159.7,159.7,159.7,159.7,159.7,159.7,159.7,159.7,159.7,159.7,159.7,159.7,159.7,159.7,159.7,159.7,159.7,159.7,159.7,159.7,159.7,159.7,159.7,159.7,159.7,159.7,159.7,159.7,159.7,159.7,159.7,159.7,159.7,159.7
2014-07-01,,,,,,,,,,,,,,,,,,,,,,,,,,,,,,,,,,,,,,,,,,,,,,,,,,,,,,159.2,159.2,159.3,159.9,159.9,159.9,159.9,159.9,159.9,159.9,159.9,159.9,159.9,159.9,159.9,159.9,159.9,159.9,159.9,159.9,159.9,159.9,159.9,159.9,159.9,159.9,159.9,159.9,159.9,159.9,159.9,159.9,159.9,159.9,159.9,159.9,159.9,159.9,159.9,159.9,159.9,159.9,159.9,159.9,159.9,159.9,159.9,159.9,159.9,159.9,159.9,159.9,159.9,159.9,159.9,159.9,159.9,159.9,159.9,159.9,159.9,159.9,159.9,159.9,159.9,159.9,159.9,159.9,159.9,159.9,159.9,159.9,159.9,159.9,159.9,159.9,159.9,159.9,159.9,159.9,159.9,159.9,159.9,159.9,159.9,159.9,159.9,159.9,159.9,159.9,159.9,159.9,159.9,159.9,159.9,159.9,159.9,159.9,159.9,159.9,159.9,159.9,159.9,159.9,159.9,159.9,159.9,159.9,159.9,159.9,159.9,159.9,159.9,159.9,159.9,159.9,159.9,159.9,159.9,159.9,159.9,159.9,159.9,159.9,159.9,159.9,159.9,159.9,159.9,159.9,159.9,159.9,159.9,159.9,159.9,159.9,159.9,159.9,159.9,159.9,159.9,159.9,159.9,159.9,159.9
2014-08-01,,,,,,,,,,,,,,,,,,,,,,,,,,,,,,,,,,,,,,,,,,,,,,,,,,,,,,,158.7,159.0,159.6,159.6,159.6,159.6,159.6,159.6,159.6,159.6,159.6,159.6,159.6,159.6,159.6,159.6,159.6,159.6,159.6,159.6,159.6,159.6,159.6,159.6,159.6,159.6,159.6,159.6,159.6,159.6,159.6,159.6,159.6,159.6,159.6,159.6,159.6,159.6,159.6,159.6,159.6,159.6,159.6,159.6,159.6,159.6,159.6,159.6,159.6,159.6,159.6,159.6,159.6,159.6,159.6,159.6,159.6,159.6,159.6,159.6,159.6,159.6,159.6,159.6,159.6,159.6,159.6,159.6,159.6,159.6,159.6,159.6,159.6,159.6,159.6,159.6,159.6,159.6,159.6,159.6,159.6,159.6,159.6,159.6,159.6,159.6,159.6,159.6,159.6,159.6,159.6,159.6,159.6,159.6,159.6,159.6,159.6,159.6,159.6,159.6,159.6,159.6,159.6,159.6,159.6,159.6,159.6,159.6,159.6,159.6,159.6,159.6,159.6,159.6,159.6,159.6,159.6,159.6,159.6,159.6,159.6,159.6,159.6,159.6,159.6,159.6,159.6,159.6,159.6,159.6,159.6,159.6,159.6,159.6,159.6,159.6,159.6,159.6,159.6,159.6,159.6,159.6,159.6,159.6
2014-09-01,,,,,,,,,,,,,,,,,,,,,,,,,,,,,,,,,,,,,,,,,,,,,,,,,,,,,,,,157.0,157.5,157.5,157.5,157.5,157.5,157.5,157.5,157.5,157.5,157.5,157.5,157.5,157.5,157.5,157.5,157.5,157.5,157.5,157.5,157.5,157.5,157.5,157.5,157.5,157.5,157.5,157.5,157.5,157.5,157.5,157.5,157.5,157.5,157.5,157.5,157.5,157.5,157.5,157.5,157.5,157.5,157.5,157.5,157.5,157.5,157.5,157.5,157.5,157.5,157.5,157.5,157.5,157.5,157.5,157.5,157.5,157.5,157.5,157.5,157.5,157.5,157.5,157.5,157.5,157.5,157.5,157.5,157.5,157.5,157.5,157.5,157.5,157.5,157.5,157.5,157.5,157.5,157.5,157.5,157.5,157.5,157.5,157.5,157.5,157.5,157.5,157.5,157.5,157.5,157.5,157.5,157.5,157.5,157.5,157.5,157.5,157.5,157.5,157.5,157.5,157.5,157.5,157.5,157.5,157.5,157.5,157.5,157.5,157.5,157.5,157.5,157.5,157.5,157.5,157.5,157.5,157.5,157.5,157.5,157.5,157.5,157.5,157.5,157.5,157.5,157.5,157.5,157.5,157.5,157.5,157.5,157.5,157.5,157.5,157.5,157.5,157.5,157.5,157.5,157.5,157.5,157.5
2014-10-01,,,,,,,,,,,,,,,,,,,,,,,,,,,,,,,,,,,,,,,,,,,,,,,,,,,,,,,,,154.7,154.7,154.7,155.4,155.4,155.4,155.4,155.4,155.4,155.4,155.4,155.4,155.4,155.4,155.4,155.4,155.4,155.4,155.4,155.4,155.4,155.4,155.4,155.4,155.4,155.4,155.4,155.4,155.4,155.4,155.4,155.4,155.4,155.4,155.4,155.4,155.4,155.4,155.4,155.4,155.4,155.4,155.4,155.4,155.4,155.4,155.4,155.4,155.4,155.4,155.4,155.4,155.4,155.4,155.4,155.4,155.4,155.4,155.4,155.4,155.4,155.4,155.4,155.4,155.4,155.4,155.4,155.4,155.4,155.4,155.4,155.4,155.4,155.4,155.4,155.4,155.4,155.4,155.4,155.4,155.4,155.4,155.4,155.4,155.4,155.4,155.4,155.4,155.4,155.4,155.4,155.4,155.4,155.4,155.4,155.4,155.4,155.4,155.4,155.4,155.4,155.4,155.4,155.4,155.4,155.4,155.4,155.4,155.4,155.4,155.4,155.4,155.4,155.4,155.4,155.4,155.4,155.4,155.4,155.4,155.4,155.4,155.4,155.4,155.4,155.4,155.4,155.4,155.4,155.4,155.4,155.4,155.4,155.4,155.4,155.4,155.4,155.4,155.4,155.4,155.4,155.4
2014-11-01,,,,,,,,,,,,,,,,,,,,,,,,,,,,,,,,,,,,,,,,,,,,,,,,,,,,,,,,,,152.6,152.6,153.2,153.3,153.3,153.3,153.3,153.3,153.3,153.3,153.3,153.3,153.3,153.3,153.3,153.3,153.3,153.3,153.3,153.3,153.3,153.3,153.3,153.3,153.3,153.3,153.3,153.3,153.3,153.3,153.3,153.3,153.3,153.3,153.3,153.3,153.3,153.3,153.3,153.3,153.3,153.3,153.3,153.3,153.3,153.3,153.3,153.3,153.3,153.3,153.3,153.3,153.3,153.3,153.3,153.3,153.3,153.3,153.3,153.3,153.3,153.3,153.3,153.3,153.3,153.3,153.3,153.3,153.3,153.3,153.3,153.3,153.3,153.3,153.3,153.3,153.3,153.3,153.3,153.3,153.3,153.3,153.3,153.3,153.3,153.3,153.3,153.3,153.3,153.3,153.3,153.3,153.3,153.3,153.3,153.3,153.3,153.3,153.3,153.3,153.3,153.3,153.3,153.3,153.3,153.3,153.3,153.3,153.3,153.3,153.3,153.3,153.3,153.3,153.3,153.3,153.3,153.3,153.3,153.3,153.3,153.3,153.3,153.3,153.3,153.3,153.3,153.3,153.3,153.3,153.3,153.3,153.3,153.3,153.3,153.3,153.3,153.3,153.3,153.3,153.3
2014-12-01,,,,,,,,,,,,,,,,,,,,,,,,,,,,,,,,,,,,,,,,,,,,,,,,,,,,,,,,,,,149.5,150.2,150.2,150.2,150.2,150.2,150.2,150.2,150.2,150.2,150.2,150.2,150.2,150.2,150.2,150.2,150.2,150.2,150.2,150.2,150.2,150.2,150.2,150.2,150.2,150.2,150.2,150.2,150.2,150.2,150.2,150.2,150.2,150.2,150.2,150.2,150.2,150.2,150.2,150.2,150.2,150.2,150.2,150.2,150.2,150.2,150.2,150.2,150.2,150.2,150.2,150.2,150.2,150.2,150.2,150.2,150.2,150.2,150.2,150.2,150.2,150.2,150.2,150.2,150.2,150.2,150.2,150.2,150.2,150.2,150.2,150.2,150.2,150.2,150.2,150.2,150.2,150.2,150.2,150.2,150.2,150.2,150.2,150.2,150.2,150.2,150.2,150.2,150.2,150.2,150.2,150.2,150.2,150.2,150.2,150.2,150.2,150.2,150.2,150.2,150.2,150.2,150.2,150.2,150.2,150.2,150.2,150.2,150.2,150.2,150.2,150.2,150.2,150.2,150.2,150.2,150.2,150.2,150.2,150.2,150.2,150.2,150.2,150.2,150.2,150.2,150.2,150.2,150.2,150.2,150.2,150.2,150.2,150.2,150.2,150.2,150.2,150.2,150.2,150.2
2015-01-01,,,,,,,,,,,,,,,,,,,,,,,,,,,,,,,,,,,,,,,,,,,,,,,,,,,,,,,,,,,,148.3,148.3,148.3,147.8,147.8,147.8,147.8,147.8,147.8,147.8,147.8,147.8,147.8,147.8,147.8,147.8,147.8,147.8,147.8,147.8,147.8,147.8,147.8,147.8,147.8,147.8,147.8,147.8,147.8,147.8,147.8,147.8,147.8,147.8,147.8,147.8,147.8,147.8,147.8,147.8,147.8,147.8,147.8,147.8,147.8,147.8,147.8,147.8,147.8,147.8,147.8,147.8,147.8,147.8,147.8,147.8,147.8,147.8,147.8,147.8,147.8,147.8,147.8,147.8,147.8,147.8,147.8,147.8,147.8,147.8,147.8,147.8,147.8,147.8,147.8,147.8,147.8,147.8,147.8,147.8,147.8,147.8,147.8,147.8,147.8,147.8,147.8,147.8,147.8,147.8,147.8,147.8,147.8,147.8,147.8,147.8,147.8,147.8,147.8,147.8,147.8,147.8,147.8,147.8,147.8,147.8,147.8,147.8,147.8,147.8,147.8,147.8,147.8,147.8,147.8,147.8,147.8,147.8,147.8,147.8,147.8,147.8,147.8,147.8,147.8,147.8,147.8,147.8,147.8,147.8,147.8,147.8,147.8,147.8,147.8,147.8,147.8,147.8,147.8
2015-02-01,,,,,,,,,,,,,,,,,,,,,,,,,,,,,,,,,,,,,,,,,,,,,,,,,,,,,,,,,,,,,142.8,142.8,142.2,142.3,142.3,142.3,142.3,142.3,142.3,142.3,142.3,142.3,142.3,142.3,142.3,142.3,142.3,142.3,142.3,142.3,142.3,142.3,142.3,142.3,142.3,142.3,142.3,142.3,142.3,142.3,142.3,142.3,142.3,142.3,142.3,142.3,142.3,142.3,142.3,142.3,142.3,142.3,142.3,142.3,142.3,142.3,142.3,142.3,142.3,142.3,142.3,142.3,142.3,142.3,142.3,142.3,142.3,142.3,142.3,142.3,142.3,142.3,142.3,142.3,142.3,142.3,142.3,142.3,142.3,142.3,142.3,142.3,142.3,142.3,142.3,142.3,142.3,142.3,142.3,142.3,142.3,142.3,142.3,142.3,142.3,142.3,142.3,142.3,142.3,142.3,142.3,142.3,142.3,142.3,142.3,142.3,142.3,142.3,142.3,142.3,142.3,142.3,142.3,142.3,142.3,142.3,142.3,142.3,142.3,142.3,142.3,142.3,142.3,142.3,142.3,142.3,142.3,142.3,142.3,142.3,142.3,142.3,142.3,142.3,142.3,142.3,142.3,142.3,142.3,142.3,142.3,142.3,142.3,142.3,142.3,142.3,142.3,142.3
2015-03-01,,,,,,,,,,,,,,,,,,,,,,,,,,,,,,,,,,,,,,,,,,,,,,,,,,,,,,,,,,,,,,141.0,140.4,140.5,140.5,140.5,140.5,140.5,140.5,140.5,140.5,140.5,140.5,140.5,140.5,140.5,140.5,140.5,140.5,140.5,140.5,140.5,140.5,140.5,140.5,140.5,140.5,140.5,140.5,140.5,140.5,140.5,140.5,140.5,140.5,140.5,140.5,140.5,140.5,140.5,140.5,140.5,140.5,140.5,140.5,140.5,140.5,140.5,140.5,140.5,140.5,140.5,140.5,140.5,140.5,140.5,140.5,140.5,140.5,140.5,140.5,140.5,140.5,140.5,140.5,140.5,140.5,140.5,140.5,140.5,140.5,140.5,140.5,140.5,140.5,140.5,140.5,140.5,140.5,140.5,140.5,140.5,140.5,140.5,140.5,140.5,140.5,140.5,140.5,140.5,140.5,140.5,140.5,140.5,140.5,140.5,140.5,140.5,140.5,140.5,140.5,140.5,140.5,140.5,140.5,140.5,140.5,140.5,140.5,140.5,140.5,140.5,140.5,140.5,140.5,140.5,140.5,140.5,140.5,140.5,140.5,140.5,140.5,140.5,140.5,140.5,140.5,140.5,140.5,140.5,140.5,140.5,140.5,140.5,140.5,140.5,140.5,140.5
2015-04-01,,,,,,,,,,,,,,,,,,,,,,,,,,,,,,,,,,,,,,,,,,,,,,,,,,,,,,,,,,,,,,,137.9,143.8,143.8,137.3,137.3,137.3,137.3,137.3,137.3,137.3,137.3,137.3,137.3,137.3,137.3,137.3,137.3,137.3,137.3,137.3,137.3,137.3,137.3,137.3,137.3,137.3,137.3,137.3,137.3,137.3,137.3,137.3,137.3,137.3,137.3,137.3,137.3,137.3,137.3,137.3,137.3,137.3,137.3,137.3,137.3,137.3,137.3,137.3,137.3,137.3,137.3,137.3,137.3,137.3,137.3,137.3,137.3,137.3,137.3,137.3,137.3,137.3,137.3,137.3,137.3,137.3,137.3,137.3,137.3,137.3,137.3,137.3,137.3,137.3,137.3,137.3,137.3,137.3,137.3,137.3,137.3,137.3,137.3,137.3,137.3,137.3,137.3,137.3,137.3,137.3,137.3,137.3,137.3,137.3,137.3,137.3,137.3,137.3,137.3,137.3,137.3,137.3,137.3,137.3,137.3,137.3,137.3,137.3,137.3,137.3,137.3,137.3,137.3,137.3,137.3,137.3,137.3,137.3,137.3,137.3,137.3,137.3,137.3,137.3,137.3,137.3,137.3,137.3,137.3,137.3,137.3,137.3,137.3,137.3,137.3,137.3
2015-05-01,,,,,,,,,,,,,,,,,,,,,,,,,,,,,,,,,,,,,,,,,,,,,,,,,,,,,,,,,,,,,,,,144.0,144.0,137.4,137.4,137.4,137.4,137.4,137.4,137.4,137.4,137.4,137.4,137.4,137.4,137.4,137.4,137.4,137.4,137.4,137.4,137.4,137.4,137.4,137.4,137.4,137.4,137.4,137.4,137.4,137.4,137.4,137.4,137.4,137.4,137.4,137.4,137.4,137.4,137.4,137.4,137.4,137.4,137.4,137.4,137.4,137.4,137.4,137.4,137.4,137.4,137.4,137.4,137.4,137.4,137.4,137.4,137.4,137.4,137.4,137.4,137.4,137.4,137.4,137.4,137.4,137.4,137.4,137.4,137.4,137.4,137.4,137.4,137.4,137.4,137.4,137.4,137.4,137.4,137.4,137.4,137.4,137.4,137.4,137.4,137.4,137.4,137.4,137.4,137.4,137.4,137.4,137.4,137.4,137.4,137.4,137.4,137.4,137.4,137.4,137.4,137.4,137.4,137.4,137.4,137.4,137.4,137.4,137.4,137.4,137.4,137.4,137.4,137.4,137.4,137.4,137.4,137.4,137.4,137.4,137.4,137.4,137.4,137.4,137.4,137.4,137.4,137.4,137.4,137.4,137.4,137.4,137.4,137.4,137.4,137.4
2015-06-01,,,,,,,,,,,,,,,,,,,,,,,,,,,,,,,,,,,,,,,,,,,,,,,,,,,,,,,,,,,,,,,,,146.9,140.5,140.5,140.5,140.5,140.5,140.5,140.5,140.5,140.5,140.5,140.5,140.5,140.5,140.5,140.5,140.5,140.5,140.5,140.5,140.5,140.5,140.5,140.5,140.5,140.5,140.5,140.5,140.5,140.5,140.5,140.5,140.5,140.5,140.5,140.5,140.5,140.5,140.5,140.5,140.5,140.5,140.5,140.5,140.5,140.5,140.5,140.5,140.5,140.5,140.5,140.5,140.5,140.5,140.5,140.5,140.5,140.5,140.5,140.5,140.5,140.5,140.5,140.5,140.5,140.5,140.5,140.5,140.5,140.5,140.5,140.5,140.5,140.5,140.5,140.5,140.5,140.5,140.5,140.5,140.5,140.5,140.5,140.5,140.5,140.5,140.5,140.5,140.5,140.5,140.5,140.5,140.5,140.5,140.5,140.5,140.5,140.5,140.5,140.5,140.5,140.5,140.5,140.5,140.5,140.5,140.5,140.5,140.5,140.5,140.5,140.5,140.5,140.5,140.5,140.5,140.5,140.5,140.5,140.5,140.5,140.5,140.5,140.5,140.5,140.5,140.5,140.5,140.5,140.5,140.5,140.5,140.5,140.5
2015-07-01,,,,,,,,,,,,,,,,,,,,,,,,,,,,,,,,,,,,,,,,,,,,,,,,,,,,,,,,,,,,,,,,,,140.6,140.6,140.6,140.6,140.6,140.6,140.6,140.6,140.6,140.6,140.6,140.6,140.6,140.6,140.6,140.6,140.6,140.6,140.6,140.6,140.6,140.6,140.6,140.6,140.6,140.6,140.6,140.6,140.6,140.6,140.6,140.6,140.6,140.6,140.6,140.6,140.6,140.6,140.6,140.6,140.6,140.6,140.6,140.6,140.6,140.6,140.6,140.6,140.6,140.6,140.6,140.6,140.6,140.6,140.6,140.6,140.6,140.6,140.6,140.6,140.6,140.6,140.6,140.6,140.6,140.6,140.6,140.6,140.6,140.6,140.6,140.6,140.6,140.6,140.6,140.6,140.6,140.6,140.6,140.6,140.6,140.6,140.6,140.6,140.6,140.6,140.6,140.6,140.6,140.6,140.6,140.6,140.6,140.6,140.6,140.6,140.6,140.6,140.6,140.6,140.6,140.6,140.6,140.6,140.6,140.6,140.6,140.6,140.6,140.6,140.6,140.6,140.6,140.6,140.6,140.6,140.6,140.6,140.6,140.6,140.6,140.6,140.6,140.6,140.6,140.6,140.6,140.6,140.6,140.6,140.6,140.6,140.6
2015-08-01,,,,,,,,,,,,,,,,,,,,,,,,,,,,,,,,,,,,,,,,,,,,,,,,,,,,,,,,,,,,,,,,,,,138.3,138.3,138.3,139.1,139.1,139.1,139.1,139.1,139.1,139.1,139.1,139.1,139.1,139.1,139.1,139.1,139.1,139.1,139.1,139.1,139.1,139.1,139.1,139.1,139.1,139.1,139.1,139.1,139.1,139.1,139.1,139.1,139.1,139.1,139.1,139.1,139.1,139.1,139.1,139.1,139.1,139.1,139.1,139.1,139.1,139.1,139.1,139.1,139.1,139.1,139.1,139.1,139.1,139.1,139.1,139.1,139.1,139.1,139.1,139.1,139.1,139.1,139.1,139.1,139.1,139.1,139.1,139.1,139.1,139.1,139.1,139.1,139.1,139.1,139.1,139.1,139.1,139.1,139.1,139.1,139.1,139.1,139.1,139.1,139.1,139.1,139.1,139.1,139.1,139.1,139.1,139.1,139.1,139.1,139.1,139.1,139.1,139.1,139.1,139.1,139.1,139.1,139.1,139.1,139.1,139.1,139.1,139.1,139.1,139.1,139.1,139.1,139.1,139.1,139.1,139.1,139.1,139.1,139.1,139.1,139.1,139.1,139.1,139.1,139.1,139.1,139.1,139.1,139.1,139.1,139.1,139.1
2015-09-01,,,,,,,,,,,,,,,,,,,,,,,,,,,,,,,,,,,,,,,,,,,,,,,,,,,,,,,,,,,,,,,,,,,,137.7,137.7,138.7,138.7,138.7,138.7,138.7,138.7,138.7,138.7,138.7,138.7,138.7,138.7,138.7,138.7,138.7,138.7,138.7,138.7,138.7,138.7,138.7,138.7,138.7,138.7,138.7,138.7,138.7,138.7,138.7,138.7,138.7,138.7,138.7,138.7,138.7,138.7,138.7,138.7,138.7,138.7,138.7,138.7,138.7,138.7,138.7,138.7,138.7,138.7,138.7,138.7,138.7,138.7,138.7,138.7,138.7,138.7,138.7,138.7,138.7,138.7,138.7,138.7,138.7,138.7,138.7,138.7,138.7,138.7,138.7,138.7,138.7,138.7,138.7,138.7,138.7,138.7,138.7,138.7,138.7,138.7,138.7,138.7,138.7,138.7,138.7,138.7,138.7,138.7,138.7,138.7,138.7,138.7,138.7,138.7,138.7,138.7,138.7,138.7,138.7,138.7,138.7,138.7,138.7,138.7,138.7,138.7,138.7,138.7,138.7,138.7,138.7,138.7,138.7,138.7,138.7,138.7,138.7,138.7,138.7,138.7,138.7,138.7,138.7,138.7,138.7,138.7,138.7,138.7,138.7
2015-10-01,,,,,,,,,,,,,,,,,,,,,,,,,,,,,,,,,,,,,,,,,,,,,,,,,,,,,,,,,,,,,,,,,,,,,136.7,137.8,137.8,137.8,137.8,137.8,137.8,137.8,137.8,137.8,137.8,137.8,137.8,137.8,137.8,137.8,137.8,137.8,137.8,137.8,137.8,137.8,137.8,137.8,137.8,137.8,137.8,137.8,137.8,137.8,137.8,137.8,137.8,137.8,137.8,137.8,137.8,137.8,137.8,137.8,137.8,137.8,137.8,137.8,137.8,137.8,137.8,137.8,137.8,137.8,137.8,137.8,137.8,137.8,137.8,137.8,137.8,137.8,137.8,137.8,137.8,137.8,137.8,137.8,137.8,137.8,137.8,137.8,137.8,137.8,137.8,137.8,137.8,137.8,137.8,137.8,137.8,137.8,137.8,137.8,137.8,137.8,137.8,137.8,137.8,137.8,137.8,137.8,137.8,137.8,137.8,137.8,137.8,137.8,137.8,137.8,137.8,137.8,137.8,137.8,137.8,137.8,137.8,137.8,137.8,137.8,137.8,137.8,137.8,137.8,137.8,137.8,137.8,137.8,137.8,137.8,137.8,137.8,137.8,137.8,137.8,137.8,137.8,137.8,137.8,137.8,137.8,137.8,137.8,137.8
2015-11-01,,,,,,,,,,,,,,,,,,,,,,,,,,,,,,,,,,,,,,,,,,,,,,,,,,,,,,,,,,,,,,,,,,,,,,137.3,137.8,137.8,137.8,137.8,137.8,137.8,137.8,137.8,137.8,137.8,137.8,137.8,137.8,137.8,137.8,137.8,137.8,137.8,137.8,137.8,137.8,137.8,137.8,137.8,137.8,137.8,137.8,137.8,137.8,137.8,137.8,137.8,137.8,137.8,137.8,137.8,137.8,137.8,137.8,137.8,137.8,137.8,137.8,137.8,137.8,137.8,137.8,137.8,137.8,137.8,137.8,137.8,137.8,137.8,137.8,137.8,137.8,137.8,137.8,137.8,137.8,137.8,137.8,137.8,137.8,137.8,137.8,137.8,137.8,137.8,137.8,137.8,137.8,137.8,137.8,137.8,137.8,137.8,137.8,137.8,137.8,137.8,137.8,137.8,137.8,137.8,137.8,137.8,137.8,137.8,137.8,137.8,137.8,137.8,137.8,137.8,137.8,137.8,137.8,137.8,137.8,137.8,137.8,137.8,137.8,137.8,137.8,137.8,137.8,137.8,137.8,137.8,137.8,137.8,137.8,137.8,137.8,137.8,137.8,137.8,137.8,137.8,137.8,137.8,137.8,137.8,137.8,137.8
2015-12-01,,,,,,,,,,,,,,,,,,,,,,,,,,,,,,,,,,,,,,,,,,,,,,,,,,,,,,,,,,,,,,,,,,,,,,,135.0,135.0,135.0,135.0,135.0,135.0,135.0,135.0,135.0,135.0,135.0,135.0,135.0,135.0,135.0,135.0,135.0,135.0,135.0,135.0,135.0,135.0,135.0,135.0,135.0,135.0,135.0,135.0,135.0,135.0,135.0,135.0,135.0,135.0,135.0,135.0,135.0,135.0,135.0,135.0,135.0,135.0,135.0,135.0,135.0,135.0,135.0,135.0,135.0,135.0,135.0,135.0,135.0,135.0,135.0,135.0,135.0,135.0,135.0,135.0,135.0,135.0,135.0,135.0,135.0,135.0,135.0,135.0,135.0,135.0,135.0,135.0,135.0,135.0,135.0,135.0,135.0,135.0,135.0,135.0,135.0,135.0,135.0,135.0,135.0,135.0,135.0,135.0,135.0,135.0,135.0,135.0,135.0,135.0,135.0,135.0,135.0,135.0,135.0,135.0,135.0,135.0,135.0,135.0,135.0,135.0,135.0,135.0,135.0,135.0,135.0,135.0,135.0,135.0,135.0,135.0,135.0,135.0,135.0,135.0,135.0,135.0,135.0,135.0,135.0,135.0,135.0,135.0
2016-01-01,,,,,,,,,,,,,,,,,,,,,,,,,,,,,,,,,,,,,,,,,,,,,,,,,,,,,,,,,,,,,,,,,,,,,,,,135.4,135.4,135.4,135.4,135.4,135.4,135.4,135.4,135.4,135.4,135.4,135.4,135.4,135.4,135.4,135.4,135.4,135.4,135.4,135.4,135.4,135.4,135.4,135.4,135.4,135.4,135.4,135.4,135.4,135.4,135.4,135.4,135.4,135.4,135.4,135.4,135.4,135.4,135.4,135.4,135.4,135.4,135.4,135.4,135.4,135.4,135.4,135.4,135.4,135.4,135.4,135.4,135.4,135.4,135.4,135.4,135.4,135.4,135.4,135.4,135.4,135.4,135.4,135.4,135.4,135.4,135.4,135.4,135.4,135.4,135.4,135.4,135.4,135.4,135.4,135.4,135.4,135.4,135.4,135.4,135.4,135.4,135.4,135.4,135.4,135.4,135.4,135.4,135.4,135.4,135.4,135.4,135.4,135.4,135.4,135.4,135.4,135.4,135.4,135.4,135.4,135.4,135.4,135.4,135.4,135.4,135.4,135.4,135.4,135.4,135.4,135.4,135.4,135.4,135.4,135.4,135.4,135.4,135.4,135.4,135.4,135.4,135.4,135.4,135.4,135.4,135.4
2016-02-01,,,,,,,,,,,,,,,,,,,,,,,,,,,,,,,,,,,,,,,,,,,,,,,,,,,,,,,,,,,,,,,,,,,,,,,,,133.7,133.7,133.7,133.7,133.7,133.7,133.7,133.7,133.7,133.7,133.7,133.7,133.7,133.7,133.7,133.7,133.7,133.7,133.7,133.7,133.7,133.7,133.7,133.7,133.7,133.7,133.7,133.7,133.7,133.7,133.7,133.7,133.7,133.7,133.7,133.7,133.7,133.7,133.7,133.7,133.7,133.7,133.7,133.7,133.7,133.7,133.7,133.7,133.7,133.7,133.7,133.7,133.7,133.7,133.7,133.7,133.7,133.7,133.7,133.7,133.7,133.7,133.7,133.7,133.7,133.7,133.7,133.7,133.7,133.7,133.7,133.7,133.7,133.7,133.7,133.7,133.7,133.7,133.7,133.7,133.7,133.7,133.7,133.7,133.7,133.7,133.7,133.7,133.7,133.7,133.7,133.7,133.7,133.7,133.7,133.7,133.7,133.7,133.7,133.7,133.7,133.7,133.7,133.7,133.7,133.7,133.7,133.7,133.7,133.7,133.7,133.7,133.7,133.7,133.7,133.7,133.7,133.7,133.7,133.7,133.7,133.7,133.7,133.7,133.7,133.7
2016-03-01,,,,,,,,,,,,,,,,,,,,,,,,,,,,,,,,,,,,,,,,,,,,,,,,,,,,,,,,,,,,,,,,,,,,,,,,,,134.6,134.6,134.6,134.6,134.6,134.6,134.6,134.6,134.6,134.6,134.6,134.6,134.6,134.6,134.6,134.6,134.6,134.6,134.6,134.6,134.6,134.6,134.6,134.6,134.6,134.6,134.6,134.6,134.6,134.6,134.6,134.6,134.6,134.6,134.6,134.6,134.6,134.6,134.6,134.6,134.6,134.6,134.6,134.6,134.6,134.6,134.6,134.6,134.6,134.6,134.6,134.6,134.6,134.6,134.6,134.6,134.6,134.6,134.6,134.6,134.6,134.6,134.6,134.6,134.6,134.6,134.6,134.6,134.6,134.6,134.6,134.6,134.6,134.6,134.6,134.6,134.6,134.6,134.6,134.6,134.6,134.6,134.6,134.6,134.6,134.6,134.6,134.6,134.6,134.6,134.6,134.6,134.6,134.6,134.6,134.6,134.6,134.6,134.6,134.6,134.6,134.6,134.6,134.6,134.6,134.6,134.6,134.6,134.6,134.6,134.6,134.6,134.6,134.6,134.6,134.6,134.6,134.6,134.6,134.6,134.6,134.6,134.6,134.6,134.6
2016-04-01,,,,,,,,,,,,,,,,,,,,,,,,,,,,,,,,,,,,,,,,,,,,,,,,,,,,,,,,,,,,,,,,,,,,,,,,,,,140.1,134.4,134.4,134.4,134.4,134.4,134.4,134.4,134.4,134.4,134.4,134.4,134.4,134.4,134.4,134.4,134.4,134.4,134.4,134.4,134.4,134.4,134.4,134.4,134.4,134.4,134.4,134.4,134.4,134.4,134.4,134.4,134.4,134.4,134.4,134.4,134.4,134.4,134.4,134.4,134.4,134.4,134.4,134.4,134.4,134.4,134.4,134.4,134.4,134.4,134.4,134.4,134.4,134.4,134.4,134.4,134.4,134.4,134.4,134.4,134.4,134.4,134.4,134.4,134.4,134.4,134.4,134.4,134.4,134.4,134.4,134.4,134.4,134.4,134.4,134.4,134.4,134.4,134.4,134.4,134.4,134.4,134.4,134.4,134.4,134.4,134.4,134.4,134.4,134.4,134.4,134.4,134.4,134.4,134.4,134.4,134.4,134.4,134.4,134.4,134.4,134.4,134.4,134.4,134.4,134.4,134.4,134.4,134.4,134.4,134.4,134.4,134.4,134.4,134.4,134.4,134.4,134.4,134.4,134.4,134.4,134.4,134.4,134.4
2016-05-01,,,,,,,,,,,,,,,,,,,,,,,,,,,,,,,,,,,,,,,,,,,,,,,,,,,,,,,,,,,,,,,,,,,,,,,,,,,,135.8,135.4,135.4,135.4,135.4,135.4,135.4,135.4,135.4,135.4,135.4,135.4,135.4,135.4,135.4,135.4,135.4,135.4,135.4,135.4,135.4,135.4,135.4,135.4,135.4,135.4,135.4,135.4,135.4,135.4,135.4,135.4,135.4,135.4,135.4,135.4,135.4,135.4,135.4,135.4,135.4,135.4,135.4,135.4,135.4,135.4,135.4,135.4,135.4,135.4,135.4,135.4,135.4,135.4,135.4,135.4,135.4,135.4,135.4,135.4,135.4,135.4,135.4,135.4,135.4,135.4,135.4,135.4,135.4,135.4,135.4,135.4,135.4,135.4,135.4,135.4,135.4,135.4,135.4,135.4,135.4,135.4,135.4,135.4,135.4,135.4,135.4,135.4,135.4,135.4,135.4,135.4,135.4,135.4,135.4,135.4,135.4,135.4,135.4,135.4,135.4,135.4,135.4,135.4,135.4,135.4,135.4,135.4,135.4,135.4,135.4,135.4,135.4,135.4,135.4,135.4,135.4,135.4,135.4,135.4,135.4,135.4,135.4
2016-06-01,,,,,,,,,,,,,,,,,,,,,,,,,,,,,,,,,,,,,,,,,,,,,,,,,,,,,,,,,,,,,,,,,,,,,,,,,,,,,135.4,135.4,135.4,135.4,135.4,135.4,135.4,135.4,135.4,135.4,135.4,135.4,135.4,135.4,135.4,135.4,135.4,135.4,135.4,135.4,135.4,135.4,135.4,135.4,135.4,135.4,135.4,135.4,135.4,135.4,135.4,135.4,135.4,135.4,135.4,135.4,135.4,135.4,135.4,135.4,135.4,135.4,135.4,135.4,135.4,135.4,135.4,135.4,135.4,135.4,135.4,135.4,135.4,135.4,135.4,135.4,135.4,135.4,135.4,135.4,135.4,135.4,135.4,135.4,135.4,135.4,135.4,135.4,135.4,135.4,135.4,135.4,135.4,135.4,135.4,135.4,135.4,135.4,135.4,135.4,135.4,135.4,135.4,135.4,135.4,135.4,135.4,135.4,135.4,135.4,135.4,135.4,135.4,135.4,135.4,135.4,135.4,135.4,135.4,135.4,135.4,135.4,135.4,135.4,135.4,135.4,135.4,135.4,135.4,135.4,135.4,135.4,135.4,135.4,135.4,135.4,135.4,135.4,135.4,135.4,135.4,135.4
2016-07-01,,,,,,,,,,,,,,,,,,,,,,,,,,,,,,,,,,,,,,,,,,,,,,,,,,,,,,,,,,,,,,,,,,,,,,,,,,,,,,133.4,134.9,134.9,134.9,134.9,134.9,134.9,134.9,134.9,134.9,134.9,134.9,134.9,134.9,134.9,134.9,134.9,134.9,134.9,134.9,134.9,134.9,134.9,134.9,134.9,134.9,134.9,134.9,134.9,134.9,134.9,134.9,134.9,134.9,134.9,134.9,134.9,134.9,134.9,134.9,134.9,134.9,134.9,134.9,134.9,134.9,134.9,134.9,134.9,134.9,134.9,134.9,134.9,134.9,134.9,134.9,134.9,134.9,134.9,134.9,134.9,134.9,134.9,134.9,134.9,134.9,134.9,134.9,134.9,134.9,134.9,134.9,134.9,134.9,134.9,134.9,134.9,134.9,134.9,134.9,134.9,134.9,134.9,134.9,134.9,134.9,134.9,134.9,134.9,134.9,134.9,134.9,134.9,134.9,134.9,134.9,134.9,134.9,134.9,134.9,134.9,134.9,134.9,134.9,134.9,134.9,134.9,134.9,134.9,134.9,134.9,134.9,134.9,134.9,134.9,134.9,134.9,134.9,134.9,134.9,134.9
2016-08-01,,,,,,,,,,,,,,,,,,,,,,,,,,,,,,,,,,,,,,,,,,,,,,,,,,,,,,,,,,,,,,,,,,,,,,,,,,,,,,,134.2,134.2,134.2,134.2,134.2,134.2,134.2,134.2,134.2,134.2,134.2,134.2,134.2,134.2,134.2,134.2,134.2,134.2,134.2,134.2,134.2,134.2,134.2,134.2,134.2,134.2,134.2,134.2,134.2,134.2,134.2,134.2,134.2,134.2,134.2,134.2,134.2,134.2,134.2,134.2,134.2,134.2,134.2,134.2,134.2,134.2,134.2,134.2,134.2,134.2,134.2,134.2,134.2,134.2,134.2,134.2,134.2,134.2,134.2,134.2,134.2,134.2,134.2,134.2,134.2,134.2,134.2,134.2,134.2,134.2,134.2,134.2,134.2,134.2,134.2,134.2,134.2,134.2,134.2,134.2,134.2,134.2,134.2,134.2,134.2,134.2,134.2,134.2,134.2,134.2,134.2,134.2,134.2,134.2,134.2,134.2,134.2,134.2,134.2,134.2,134.2,134.2,134.2,134.2,134.2,134.2,134.2,134.2,134.2,134.2,134.2,134.2,134.2,134.2,134.2,134.2,134.2,134.2,134.2,134.2
2016-09-01,,,,,,,,,,,,,,,,,,,,,,,,,,,,,,,,,,,,,,,,,,,,,,,,,,,,,,,,,,,,,,,,,,,,,,,,,,,,,,,,134.5,134.5,134.6,135.3,135.3,135.3,135.3,135.3,135.3,135.3,135.3,135.3,135.3,135.3,135.3,135.3,135.3,135.3,135.3,135.3,135.3,135.3,135.3,135.3,135.3,135.3,135.3,135.3,135.3,135.3,135.3,135.3,135.3,135.3,135.3,135.3,135.3,135.3,135.3,135.3,135.3,135.3,135.3,135.3,135.3,135.3,135.3,135.3,135.3,135.3,135.3,135.3,135.3,135.3,135.3,135.3,135.3,135.3,135.3,135.3,135.3,135.3,135.3,135.3,135.3,135.3,135.3,135.3,135.3,135.3,135.3,135.3,135.3,135.3,135.3,135.3,135.3,135.3,135.3,135.3,135.3,135.3,135.3,135.3,135.3,135.3,135.3,135.3,135.3,135.3,135.3,135.3,135.3,135.3,135.3,135.3,135.3,135.3,135.3,135.3,135.3,135.3,135.3,135.3,135.3,135.3,135.3,135.3,135.3,135.3,135.3,135.3,135.3,135.3,135.3,135.3,135.3,135.3,135.3
2016-10-01,,,,,,,,,,,,,,,,,,,,,,,,,,,,,,,,,,,,,,,,,,,,,,,,,,,,,,,,,,,,,,,,,,,,,,,,,,,,,,,,,135.0,134.2,134.8,134.8,134.8,134.8,134.8,134.8,134.8,134.8,134.8,134.8,134.8,134.8,134.8,134.8,134.8,134.8,134.8,134.8,134.8,134.8,134.8,134.8,134.8,134.8,134.8,134.8,134.8,134.8,134.8,134.8,134.8,134.8,134.8,134.8,134.8,134.8,134.8,134.8,134.8,134.8,134.8,134.8,134.8,134.8,134.8,134.8,134.8,134.8,134.8,134.8,134.8,134.8,134.8,134.8,134.8,134.8,134.8,134.8,134.8,134.8,134.8,134.8,134.8,134.8,134.8,134.8,134.8,134.8,134.8,134.8,134.8,134.8,134.8,134.8,134.8,134.8,134.8,134.8,134.8,134.8,134.8,134.8,134.8,134.8,134.8,134.8,134.8,134.8,134.8,134.8,134.8,134.8,134.8,134.8,134.8,134.8,134.8,134.8,134.8,134.8,134.8,134.8,134.8,134.8,134.8,134.8,134.8,134.8,134.8,134.8,134.8,134.8,134.8,134.8,134.8,134.8
2016-11-01,,,,,,,,,,,,,,,,,,,,,,,,,,,,,,,,,,,,,,,,,,,,,,,,,,,,,,,,,,,,,,,,,,,,,,,,,,,,,,,,,,134.4,135.0,133.4,133.4,133.4,133.4,133.4,133.4,133.4,133.4,133.4,133.4,133.4,133.4,133.4,133.4,133.4,133.4,133.4,133.4,133.4,133.4,133.4,133.4,133.4,133.4,133.4,133.4,133.4,133.4,133.4,133.4,133.4,133.4,133.4,133.4,133.4,133.4,133.4,133.4,133.4,133.4,133.4,133.4,133.4,133.4,133.4,133.4,133.4,133.4,133.4,133.4,133.4,133.4,133.4,133.4,133.4,133.4,133.4,133.4,133.4,133.4,133.4,133.4,133.4,133.4,133.4,133.4,133.4,133.4,133.4,133.4,133.4,133.4,133.4,133.4,133.4,133.4,133.4,133.4,133.4,133.4,133.4,133.4,133.4,133.4,133.4,133.4,133.4,133.4,133.4,133.4,133.4,133.4,133.4,133.4,133.4,133.4,133.4,133.4,133.4,133.4,133.4,133.4,133.4,133.4,133.4,133.4,133.4,133.4,133.4,133.4,133.4,133.4,133.4,133.4,133.4
2016-12-01,,,,,,,,,,,,,,,,,,,,,,,,,,,,,,,,,,,,,,,,,,,,,,,,,,,,,,,,,,,,,,,,,,,,,,,,,,,,,,,,,,,133.1,131.3,131.3,131.3,131.3,131.3,131.3,131.3,131.3,131.3,131.3,131.3,131.3,131.3,131.3,131.3,131.3,131.3,131.3,131.3,131.3,131.3,131.3,131.3,131.3,131.3,131.3,131.3,131.3,131.3,131.3,131.3,131.3,131.3,131.3,131.3,131.3,131.3,131.3,131.3,131.3,131.3,131.3,131.3,131.3,131.3,131.3,131.3,131.3,131.3,131.3,131.3,131.3,131.3,131.3,131.3,131.3,131.3,131.3,131.3,131.3,131.3,131.3,131.3,131.3,131.3,131.3,131.3,131.3,131.3,131.3,131.3,131.3,131.3,131.3,131.3,131.3,131.3,131.3,131.3,131.3,131.3,131.3,131.3,131.3,131.3,131.3,131.3,131.3,131.3,131.3,131.3,131.3,131.3,131.3,131.3,131.3,131.3,131.3,131.3,131.3,131.3,131.3,131.3,131.3,131.3,131.3,131.3,131.3,131.3,131.3,131.3,131.3,131.3,131.3,131.3
2017-01-01,,,,,,,,,,,,,,,,,,,,,,,,,,,,,,,,,,,,,,,,,,,,,,,,,,,,,,,,,,,,,,,,,,,,,,,,,,,,,,,,,,,,132.3,132.3,132.3,132.3,132.3,132.3,132.3,132.3,132.3,132.3,132.3,132.3,132.3,132.3,132.3,132.3,132.3,132.3,132.3,132.3,132.3,132.3,132.3,132.3,132.3,132.3,132.3,132.3,132.3,132.3,132.3,132.3,132.3,132.3,132.3,132.3,132.3,132.3,132.3,132.3,132.3,132.3,132.3,132.3,132.3,132.3,132.3,132.3,132.3,132.3,132.3,132.3,132.3,132.3,132.3,132.3,132.3,132.3,132.3,132.3,132.3,132.3,132.3,132.3,132.3,132.3,132.3,132.3,132.3,132.3,132.3,132.3,132.3,132.3,132.3,132.3,132.3,132.3,132.3,132.3,132.3,132.3,132.3,132.3,132.3,132.3,132.3,132.3,132.3,132.3,132.3,132.3,132.3,132.3,132.3,132.3,132.3,132.3,132.3,132.3,132.3,132.3,132.3,132.3,132.3,132.3,132.3,132.3,132.3,132.3,132.3,132.3,132.3,132.3,132.3
2017-02-01,,,,,,,,,,,,,,,,,,,,,,,,,,,,,,,,,,,,,,,,,,,,,,,,,,,,,,,,,,,,,,,,,,,,,,,,,,,,,,,,,,,,,132.8,132.8,132.8,132.8,132.8,132.8,132.8,132.8,132.8,132.8,132.8,132.8,132.8,132.8,132.8,132.8,132.8,132.8,132.8,132.8,132.8,132.8,132.8,132.8,132.8,132.8,132.8,132.8,132.8,132.8,132.8,132.8,132.8,132.8,132.8,132.8,132.8,132.8,132.8,132.8,132.8,132.8,132.8,132.8,132.8,132.8,132.8,132.8,132.8,132.8,132.8,132.8,132.8,132.8,132.8,132.8,132.8,132.8,132.8,132.8,132.8,132.8,132.8,132.8,132.8,132.8,132.8,132.8,132.8,132.8,132.8,132.8,132.8,132.8,132.8,132.8,132.8,132.8,132.8,132.8,132.8,132.8,132.8,132.8,132.8,132.8,132.8,132.8,132.8,132.8,132.8,132.8,132.8,132.8,132.8,132.8,132.8,132.8,132.8,132.8,132.8,132.8,132.8,132.8,132.8,132.8,132.8,132.8,132.8,132.8,132.8,132.8,132.8,132.8
2017-03-01,,,,,,,,,,,,,,,,,,,,,,,,,,,,,,,,,,,,,,,,,,,,,,,,,,,,,,,,,,,,,,,,,,,,,,,,,,,,,,,,,,,,,,132.2,132.2,132.2,132.2,132.2,132.2,132.2,132.2,132.2,132.2,132.2,132.2,132.2,132.2,132.2,132.2,132.2,132.2,132.2,132.2,132.2,132.2,132.2,132.2,132.2,132.2,132.2,132.2,132.2,132.2,132.2,132.2,132.2,132.2,132.2,132.2,132.2,132.2,132.2,132.2,132.2,132.2,132.2,132.2,132.2,132.2,132.2,132.2,132.2,132.2,132.2,132.2,132.2,132.2,132.2,132.2,132.2,132.2,132.2,132.2,132.2,132.2,132.2,132.2,132.2,132.2,132.2,132.2,132.2,132.2,132.2,132.2,132.2,132.2,132.2,132.2,132.2,132.2,132.2,132.2,132.2,132.2,132.2,132.2,132.2,132.2,132.2,132.2,132.2,132.2,132.2,132.2,132.2,132.2,132.2,132.2,132.2,132.2,132.2,132.2,132.2,132.2,132.2,132.2,132.2,132.2,132.2,132.2,132.2,132.2,132.2,132.2,132.2
2017-04-01,,,,,,,,,,,,,,,,,,,,,,,,,,,,,,,,,,,,,,,,,,,,,,,,,,,,,,,,,,,,,,,,,,,,,,,,,,,,,,,,,,,,,,,131.1,131.1,133.4,133.4,133.4,133.4,133.4,133.4,133.4,133.4,133.4,133.4,133.4,133.4,133.4,133.4,133.4,133.4,133.4,133.4,133.4,133.4,133.4,133.4,133.4,133.4,133.4,133.4,133.4,133.4,133.4,133.4,133.4,133.4,133.4,133.4,133.4,133.4,133.4,133.4,133.4,133.4,133.4,133.4,133.4,133.4,133.4,133.4,133.4,133.4,133.4,133.4,133.4,133.4,133.4,133.4,133.4,133.4,133.4,133.4,133.4,133.4,133.4,133.4,133.4,133.4,133.4,133.4,133.4,133.4,133.4,133.4,133.4,133.4,133.4,133.4,133.4,133.4,133.4,133.4,133.4,133.4,133.4,133.4,133.4,133.4,133.4,133.4,133.4,133.4,133.4,133.4,133.4,133.4,133.4,133.4,133.4,133.4,133.4,133.4,133.4,133.4,133.4,133.4,133.4,133.4,133.4,133.4,133.4,133.4,133.4,133.4
2017-05-01,,,,,,,,,,,,,,,,,,,,,,,,,,,,,,,,,,,,,,,,,,,,,,,,,,,,,,,,,,,,,,,,,,,,,,,,,,,,,,,,,,,,,,,,130.6,132.3,132.3,132.3,132.3,132.3,132.3,132.3,132.3,132.3,132.3,132.3,132.3,132.3,132.3,132.3,132.3,132.3,132.3,132.3,132.3,132.3,132.3,132.3,132.3,132.3,132.3,132.3,132.3,132.3,132.3,132.3,132.3,132.3,132.3,132.3,132.3,132.3,132.3,132.3,132.3,132.3,132.3,132.3,132.3,132.3,132.3,132.3,132.3,132.3,132.3,132.3,132.3,132.3,132.3,132.3,132.3,132.3,132.3,132.3,132.3,132.3,132.3,132.3,132.3,132.3,132.3,132.3,132.3,132.3,132.3,132.3,132.3,132.3,132.3,132.3,132.3,132.3,132.3,132.3,132.3,132.3,132.3,132.3,132.3,132.3,132.3,132.3,132.3,132.3,132.3,132.3,132.3,132.3,132.3,132.3,132.3,132.3,132.3,132.3,132.3,132.3,132.3,132.3,132.3,132.3,132.3,132.3,132.3,132.3,132.3
2017-06-01,,,,,,,,,,,,,,,,,,,,,,,,,,,,,,,,,,,,,,,,,,,,,,,,,,,,,,,,,,,,,,,,,,,,,,,,,,,,,,,,,,,,,,,,,132.7,130.6,130.6,130.6,130.6,130.6,130.6,130.6,130.6,130.6,130.6,130.6,130.6,130.6,130.6,130.6,130.6,130.6,130.6,130.6,130.6,130.6,130.6,130.6,130.6,130.6,130.6,130.6,130.6,130.6,130.6,130.6,130.6,130.6,130.6,130.6,130.6,130.6,130.6,130.6,130.6,130.6,130.6,130.6,130.6,130.6,130.6,130.6,130.6,130.6,130.6,130.6,130.6,130.6,130.6,130.6,130.6,130.6,130.6,130.6,130.6,130.6,130.6,130.6,130.6,130.6,130.6,130.6,130.6,130.6,130.6,130.6,130.6,130.6,130.6,130.6,130.6,130.6,130.6,130.6,130.6,130.6,130.6,130.6,130.6,130.6,130.6,130.6,130.6,130.6,130.6,130.6,130.6,130.6,130.6,130.6,130.6,130.6,130.6,130.6,130.6,130.6,130.6,130.6,130.6,130.6,130.6,130.6,130.6,130.6
2017-07-01,,,,,,,,,,,,,,,,,,,,,,,,,,,,,,,,,,,,,,,,,,,,,,,,,,,,,,,,,,,,,,,,,,,,,,,,,,,,,,,,,,,,,,,,,,133.6,133.6,133.6,133.6,133.6,133.6,133.6,133.6,133.6,133.6,133.6,133.6,133.6,133.6,133.6,133.6,133.6,133.6,133.6,133.6,133.6,133.6,133.6,133.6,133.6,133.6,133.6,133.6,133.6,133.6,133.6,133.6,133.6,133.6,133.6,133.6,133.6,133.6,133.6,133.6,133.6,133.6,133.6,133.6,133.6,133.6,133.6,133.6,133.6,133.6,133.6,133.6,133.6,133.6,133.6,133.6,133.6,133.6,133.6,133.6,133.6,133.6,133.6,133.6,133.6,133.6,133.6,133.6,133.6,133.6,133.6,133.6,133.6,133.6,133.6,133.6,133.6,133.6,133.6,133.6,133.6,133.6,133.6,133.6,133.6,133.6,133.6,133.6,133.6,133.6,133.6,133.6,133.6,133.6,133.6,133.6,133.6,133.6,133.6,133.6,133.6,133.6,133.6,133.6,133.6,133.6,133.6,133.6,133.6
2017-08-01,,,,,,,,,,,,,,,,,,,,,,,,,,,,,,,,,,,,,,,,,,,,,,,,,,,,,,,,,,,,,,,,,,,,,,,,,,,,,,,,,,,,,,,,,,,134.4,134.4,134.4,134.4,134.4,134.4,134.4,134.4,134.4,134.4,134.4,134.4,134.4,134.4,134.4,134.4,134.4,134.4,134.4,134.4,134.4,134.4,134.4,134.4,134.4,134.4,134.4,134.4,134.4,134.4,134.4,134.4,134.4,134.4,134.4,134.4,134.4,134.4,134.4,134.4,134.4,134.4,134.4,134.4,134.4,134.4,134.4,134.4,134.4,134.4,134.4,134.4,134.4,134.4,134.4,134.4,134.4,134.4,134.4,134.4,134.4,134.4,134.4,134.4,134.4,134.4,134.4,134.4,134.4,134.4,134.4,134.4,134.4,134.4,134.4,134.4,134.4,134.4,134.4,134.4,134.4,134.4,134.4,134.4,134.4,134.4,134.4,134.4,134.4,134.4,134.4,134.4,134.4,134.4,134.4,134.4,134.4,134.4,134.4,134.4,134.4,134.4,134.4,134.4,134.4,134.4,134.4,134.4
2017-09-01,,,,,,,,,,,,,,,,,,,,,,,,,,,,,,,,,,,,,,,,,,,,,,,,,,,,,,,,,,,,,,,,,,,,,,,,,,,,,,,,,,,,,,,,,,,,136.5,136.5,136.5,136.5,136.5,136.5,136.5,136.5,136.5,136.5,136.5,136.5,136.5,136.5,136.5,136.5,136.5,136.5,136.5,136.5,136.5,136.5,136.5,136.5,136.5,136.5,136.5,136.5,136.5,136.5,136.5,136.5,136.5,136.5,136.5,136.5,136.5,136.5,136.5,136.5,136.5,136.5,136.5,136.5,136.5,136.5,136.5,136.5,136.5,136.5,136.5,136.5,136.5,136.5,136.5,136.5,136.5,136.5,136.5,136.5,136.5,136.5,136.5,136.5,136.5,136.5,136.5,136.5,136.5,136.5,136.5,136.5,136.5,136.5,136.5,136.5,136.5,136.5,136.5,136.5,136.5,136.5,136.5,136.5,136.5,136.5,136.5,136.5,136.5,136.5,136.5,136.5,136.5,136.5,136.5,136.5,136.5,136.5,136.5,136.5,136.5,136.5,136.5,136.5,136.5,136.5,136.5
2017-10-01,,,,,,,,,,,,,,,,,,,,,,,,,,,,,,,,,,,,,,,,,,,,,,,,,,,,,,,,,,,,,,,,,,,,,,,,,,,,,,,,,,,,,,,,,,,,,130.8,130.4,129.5,129.5,129.5,129.5,129.5,129.5,129.5,129.5,129.5,129.5,129.5,129.5,129.5,129.5,129.5,129.5,129.5,129.5,129.5,129.5,129.5,129.5,129.5,129.5,129.5,129.5,129.5,129.5,129.5,129.5,129.5,129.5,129.5,129.5,129.5,129.5,129.5,129.5,129.5,129.5,129.5,129.5,129.5,129.5,129.5,129.5,129.5,129.5,129.5,129.5,129.5,129.5,129.5,129.5,129.5,129.5,129.5,129.5,129.5,129.5,129.5,129.5,129.5,129.5,129.5,129.5,129.5,129.5,129.5,129.5,129.5,129.5,129.5,129.5,129.5,129.5,129.5,129.5,129.5,129.5,129.5,129.5,129.5,129.5,129.5,129.5,129.5,129.5,129.5,129.5,129.5,129.5,129.5,129.5,129.5,129.5,129.5,129.5,129.5,129.5,129.5,129.5,129.5,129.5
2017-11-01,,,,,,,,,,,,,,,,,,,,,,,,,,,,,,,,,,,,,,,,,,,,,,,,,,,,,,,,,,,,,,,,,,,,,,,,,,,,,,,,,,,,,,,,,,,,,,128.3,127.3,127.3,127.3,127.3,127.3,127.3,127.3,127.3,127.3,127.3,127.3,127.3,127.3,127.3,127.3,127.3,127.3,127.3,127.3,127.3,127.3,127.3,127.3,127.3,127.3,127.3,127.3,127.3,127.3,127.3,127.3,127.3,127.3,127.3,127.3,127.3,127.3,127.3,127.3,127.3,127.3,127.3,127.3,127.3,127.3,127.3,127.3,127.3,127.3,127.3,127.3,127.3,127.3,127.3,127.3,127.3,127.3,127.3,127.3,127.3,127.3,127.3,127.3,127.3,127.3,127.3,127.3,127.3,127.3,127.3,127.3,127.3,127.3,127.3,127.3,127.3,127.3,127.3,127.3,127.3,127.3,127.3,127.3,127.3,127.3,127.3,127.3,127.3,127.3,127.3,127.3,127.3,127.3,127.3,127.3,127.3,127.3,127.3,127.3,127.3,127.3,127.3,127.3,127.3
2017-12-01,,,,,,,,,,,,,,,,,,,,,,,,,,,,,,,,,,,,,,,,,,,,,,,,,,,,,,,,,,,,,,,,,,,,,,,,,,,,,,,,,,,,,,,,,,,,,,,131.6,131.6,131.6,131.6,131.6,131.6,131.6,131.6,131.6,131.6,131.6,131.6,131.6,131.6,131.6,131.6,131.6,131.6,131.6,131.6,131.6,131.6,131.6,131.6,131.6,131.6,131.6,131.6,131.6,131.6,131.6,131.6,131.6,131.6,131.6,131.6,131.6,131.6,131.6,131.6,131.6,131.6,131.6,131.6,131.6,131.6,131.6,131.6,131.6,131.6,131.6,131.6,131.6,131.6,131.6,131.6,131.6,131.6,131.6,131.6,131.6,131.6,131.6,131.6,131.6,131.6,131.6,131.6,131.6,131.6,131.6,131.6,131.6,131.6,131.6,131.6,131.6,131.6,131.6,131.6,131.6,131.6,131.6,131.6,131.6,131.6,131.6,131.6,131.6,131.6,131.6,131.6,131.6,131.6,131.6,131.6,131.6,131.6,131.6,131.6,131.6,131.6,131.6,131.6
2018-01-01,,,,,,,,,,,,,,,,,,,,,,,,,,,,,,,,,,,,,,,,,,,,,,,,,,,,,,,,,,,,,,,,,,,,,,,,,,,,,,,,,,,,,,,,,,,,,,,,133.0,133.0,133.0,133.1,133.1,133.1,133.1,133.1,133.1,133.1,133.1,133.1,133.1,133.1,133.1,133.1,133.1,133.1,133.1,133.1,133.1,133.1,133.1,133.1,133.1,133.1,133.1,133.1,133.1,133.1,133.1,133.1,133.1,133.1,133.1,133.1,133.1,133.1,133.1,133.1,133.1,133.1,133.1,133.1,133.1,133.1,133.1,133.1,133.1,133.1,133.1,133.1,133.1,133.1,133.1,133.1,133.1,133.1,133.1,133.1,133.1,133.1,133.1,133.1,133.1,133.1,133.1,133.1,133.1,133.1,133.1,133.1,133.1,133.1,133.1,133.1,133.1,133.1,133.1,133.1,133.1,133.1,133.1,133.1,133.1,133.1,133.1,133.1,133.1,133.1,133.1,133.1,133.1,133.1,133.1,133.1,133.1,133.1,133.1,133.1,133.1,133.1,133.1
2018-02-01,,,,,,,,,,,,,,,,,,,,,,,,,,,,,,,,,,,,,,,,,,,,,,,,,,,,,,,,,,,,,,,,,,,,,,,,,,,,,,,,,,,,,,,,,,,,,,,,,140.3,137.4,137.5,137.5,137.5,137.5,137.5,137.5,137.5,137.5,137.5,137.5,137.5,137.5,137.5,137.5,137.5,137.5,137.5,137.5,137.5,137.5,137.5,137.5,137.5,137.5,137.5,137.5,137.5,137.5,137.5,137.5,137.5,137.5,137.5,137.5,137.5,137.5,137.5,137.5,137.5,137.5,137.5,137.5,137.5,137.5,137.5,137.5,137.5,137.5,137.5,137.5,137.5,137.5,137.5,137.5,137.5,137.5,137.5,137.5,137.5,137.5,137.5,137.5,137.5,137.5,137.5,137.5,137.5,137.5,137.5,137.5,137.5,137.5,137.5,137.5,137.5,137.5,137.5,137.5,137.5,137.5,137.5,137.5,137.5,137.5,137.5,137.5,137.5,137.5,137.5,137.5,137.5,137.5,137.5,137.5,137.5,137.5,137.5,137.5,137.5,137.5
2018-03-01,,,,,,,,,,,,,,,,,,,,,,,,,,,,,,,,,,,,,,,,,,,,,,,,,,,,,,,,,,,,,,,,,,,,,,,,,,,,,,,,,,,,,,,,,,,,,,,,,,139.3,138.3,137.5,138.6,138.6,138.6,138.6,138.6,138.6,138.6,138.6,138.6,138.6,138.6,138.6,138.6,138.6,138.6,138.6,138.6,138.6,138.6,138.6,138.6,138.6,138.6,138.6,138.6,138.6,138.6,138.6,138.6,138.6,138.6,138.6,138.6,138.6,138.6,138.6,138.6,138.6,138.6,138.6,138.6,138.6,138.6,138.6,138.6,138.6,138.6,138.6,138.6,138.6,138.6,138.6,138.6,138.6,138.6,138.6,138.6,138.6,138.6,138.6,138.6,138.6,138.6,138.6,138.6,138.6,138.6,138.6,138.6,138.6,138.6,138.6,138.6,138.6,138.6,138.6,138.6,138.6,138.6,138.6,138.6,138.6,138.6,138.6,138.6,138.6,138.6,138.6,138.6,138.6,138.6,138.6,138.6,138.6,138.6,138.6,138.6,138.6
2018-04-01,,,,,,,,,,,,,,,,,,,,,,,,,,,,,,,,,,,,,,,,,,,,,,,,,,,,,,,,,,,,,,,,,,,,,,,,,,,,,,,,,,,,,,,,,,,,,,,,,,,138.9,138.1,138.4,138.3,138.3,138.3,138.3,138.3,138.3,138.3,138.3,138.3,138.3,138.3,138.3,138.3,138.3,138.3,138.3,138.3,138.3,138.3,138.3,138.3,138.3,138.3,138.3,138.3,138.3,138.3,138.3,138.3,138.3,138.3,138.3,138.3,138.3,138.3,138.3,138.3,138.3,138.3,138.3,138.3,138.3,138.3,138.3,138.3,138.3,138.3,138.3,138.3,138.3,138.3,138.3,138.3,138.3,138.3,138.3,138.3,138.3,138.3,138.3,138.3,138.3,138.3,138.3,138.3,138.3,138.3,138.3,138.3,138.3,138.3,138.3,138.3,138.3,138.3,138.3,138.3,138.3,138.3,138.3,138.3,138.3,138.3,138.3,138.3,138.3,138.3,138.3,138.3,138.3,138.3,138.3,138.3,138.3,138.3,138.3,138.3
2018-05-01,,,,,,,,,,,,,,,,,,,,,,,,,,,,,,,,,,,,,,,,,,,,,,,,,,,,,,,,,,,,,,,,,,,,,,,,,,,,,,,,,,,,,,,,,,,,,,,,,,,,139.1,140.0,140.0,140.0,140.0,140.0,140.0,140.0,140.0,140.0,140.0,140.0,140.0,140.0,140.0,140.0,140.0,140.0,140.0,140.0,140.0,140.0,140.0,140.0,140.0,140.0,140.0,140.0,140.0,140.0,140.0,140.0,140.0,140.0,140.0,140.0,140.0,140.0,140.0,140.0,140.0,140.0,140.0,140.0,140.0,140.0,140.0,140.0,140.0,140.0,140.0,140.0,140.0,140.0,140.0,140.0,140.0,140.0,140.0,140.0,140.0,140.0,140.0,140.0,140.0,140.0,140.0,140.0,140.0,140.0,140.0,140.0,140.0,140.0,140.0,140.0,140.0,140.0,140.0,140.0,140.0,140.0,140.0,140.0,140.0,140.0,140.0,140.0,140.0,140.0,140.0,140.0,140.0,140.0,140.0,140.0,140.0,140.0,140.0
2018-06-01,,,,,,,,,,,,,,,,,,,,,,,,,,,,,,,,,,,,,,,,,,,,,,,,,,,,,,,,,,,,,,,,,,,,,,,,,,,,,,,,,,,,,,,,,,,,,,,,,,,,,136.9,136.9,136.9,136.9,136.9,136.9,136.9,136.9,136.9,136.9,136.9,136.9,136.9,136.9,136.9,136.9,136.9,136.9,136.9,136.9,136.9,136.9,136.9,136.9,136.9,136.9,136.9,136.9,136.9,136.9,136.9,136.9,136.9,136.9,136.9,136.9,136.9,136.9,136.9,136.9,136.9,136.9,136.9,136.9,136.9,136.9,136.9,136.9,136.9,136.9,136.9,136.9,136.9,136.9,136.9,136.9,136.9,136.9,136.9,136.9,136.9,136.9,136.9,136.9,136.9,136.9,136.9,136.9,136.9,136.9,136.9,136.9,136.9,136.9,136.9,136.9,136.9,136.9,136.9,136.9,136.9,136.9,136.9,136.9,136.9,136.9,136.9,136.9,136.9,136.9,136.9,136.9,136.9,136.9,136.9,136.9,136.9,136.9
2018-07-01,,,,,,,,,,,,,,,,,,,,,,,,,,,,,,,,,,,,,,,,,,,,,,,,,,,,,,,,,,,,,,,,,,,,,,,,,,,,,,,,,,,,,,,,,,,,,,,,,,,,,,137.1,137.1,136.6,136.6,136.6,136.6,136.6,136.6,136.6,136.6,136.6,136.6,136.6,136.6,136.6,136.6,136.6,136.6,136.6,136.6,136.6,136.6,136.6,136.6,136.6,136.6,136.6,136.6,136.6,136.6,136.6,136.6,136.6,136.6,136.6,136.6,136.6,136.6,136.6,136.6,136.6,136.6,136.6,136.6,136.6,136.6,136.6,136.6,136.6,136.6,136.6,136.6,136.6,136.6,136.6,136.6,136.6,136.6,136.6,136.6,136.6,136.6,136.6,136.6,136.6,136.6,136.6,136.6,136.6,136.6,136.6,136.6,136.6,136.6,136.6,136.6,136.6,136.6,136.6,136.6,136.6,136.6,136.6,136.6,136.6,136.6,136.6,136.6,136.6,136.6,136.6,136.6,136.6,136.6,136.6,136.6,136.6
2018-08-01,,,,,,,,,,,,,,,,,,,,,,,,,,,,,,,,,,,,,,,,,,,,,,,,,,,,,,,,,,,,,,,,,,,,,,,,,,,,,,,,,,,,,,,,,,,,,,,,,,,,,,,135.6,135.7,135.7,135.7,135.7,135.7,135.7,135.7,135.7,135.7,135.7,135.7,135.7,135.7,135.7,135.7,135.7,135.7,135.7,135.7,135.7,135.7,135.7,135.7,135.7,135.7,135.7,135.7,135.7,135.7,135.7,135.7,135.7,135.7,135.7,135.7,135.7,135.7,135.7,135.7,135.7,135.7,135.7,135.7,135.7,135.7,135.7,135.7,135.7,135.7,135.7,135.7,135.7,135.7,135.7,135.7,135.7,135.7,135.7,135.7,135.7,135.7,135.7,135.7,135.7,135.7,135.7,135.7,135.7,135.7,135.7,135.7,135.7,135.7,135.7,135.7,135.7,135.7,135.7,135.7,135.7,135.7,135.7,135.7,135.7,135.7,135.7,135.7,135.7,135.7,135.7,135.7,135.7,135.7,135.7,135.7
2018-09-01,,,,,,,,,,,,,,,,,,,,,,,,,,,,,,,,,,,,,,,,,,,,,,,,,,,,,,,,,,,,,,,,,,,,,,,,,,,,,,,,,,,,,,,,,,,,,,,,,,,,,,,,135.6,135.6,135.6,135.6,135.6,135.6,135.6,135.6,135.6,135.6,135.6,135.6,135.6,135.6,135.6,135.6,135.6,135.6,135.6,135.6,135.6,135.6,135.6,135.6,135.6,135.6,135.6,135.6,135.6,135.6,135.6,135.6,135.6,135.6,135.6,135.6,135.6,135.6,135.6,135.6,135.6,135.6,135.6,135.6,135.6,135.6,135.6,135.6,135.6,135.6,135.6,135.6,135.6,135.6,135.6,135.6,135.6,135.6,135.6,135.6,135.6,135.6,135.6,135.6,135.6,135.6,135.6,135.6,135.6,135.6,135.6,135.6,135.6,135.6,135.6,135.6,135.6,135.6,135.6,135.6,135.6,135.6,135.6,135.6,135.6,135.6,135.6,135.6,135.6,135.6,135.6,135.6,135.6,135.6,135.6
2018-10-01,,,,,,,,,,,,,,,,,,,,,,,,,,,,,,,,,,,,,,,,,,,,,,,,,,,,,,,,,,,,,,,,,,,,,,,,,,,,,,,,,,,,,,,,,,,,,,,,,,,,,,,,,137.5,137.5,137.5,137.5,137.5,137.5,137.5,137.5,137.5,137.5,137.5,137.5,137.5,137.5,137.5,137.5,137.5,137.5,137.5,137.5,137.5,137.5,137.5,137.5,137.5,137.5,137.5,137.5,137.5,137.5,137.5,137.5,137.5,137.5,137.5,137.5,137.5,137.5,137.5,137.5,137.5,137.5,137.5,137.5,137.5,137.5,137.5,137.5,137.5,137.5,137.5,137.5,137.5,137.5,137.5,137.5,137.5,137.5,137.5,137.5,137.5,137.5,137.5,137.5,137.5,137.5,137.5,137.5,137.5,137.5,137.5,137.5,137.5,137.5,137.5,137.5,137.5,137.5,137.5,137.5,137.5,137.5,137.5,137.5,137.5,137.5,137.5,137.5,137.5,137.5,137.5,137.5,137.5,137.5
2018-11-01,,,,,,,,,,,,,,,,,,,,,,,,,,,,,,,,,,,,,,,,,,,,,,,,,,,,,,,,,,,,,,,,,,,,,,,,,,,,,,,,,,,,,,,,,,,,,,,,,,,,,,,,,,137.0,137.0,137.0,137.0,137.0,137.0,137.0,137.0,137.0,137.0,137.0,137.0,137.0,137.0,137.0,137.0,137.0,137.0,137.0,137.0,137.0,137.0,137.0,137.0,137.0,137.0,137.0,137.0,137.0,137.0,137.0,137.0,137.0,137.0,137.0,137.0,137.0,137.0,137.0,137.0,137.0,137.0,137.0,137.0,137.0,137.0,137.0,137.0,137.0,137.0,137.0,137.0,137.0,137.0,137.0,137.0,137.0,137.0,137.0,137.0,137.0,137.0,137.0,137.0,137.0,137.0,137.0,137.0,137.0,137.0,137.0,137.0,137.0,137.0,137.0,137.0,137.0,137.0,137.0,137.0,137.0,137.0,137.0,137.0,137.0,137.0,137.0,137.0,137.0,137.0,137.0,137.0,137.0
2018-12-01,,,,,,,,,,,,,,,,,,,,,,,,,,,,,,,,,,,,,,,,,,,,,,,,,,,,,,,,,,,,,,,,,,,,,,,,,,,,,,,,,,,,,,,,,,,,,,,,,,,,,,,,,,,135.6,135.6,135.6,135.6,135.6,135.6,135.6,135.6,135.6,135.6,135.6,135.6,135.6,135.6,135.6,135.6,135.6,135.6,135.6,135.6,135.6,135.6,135.6,135.6,135.6,135.6,135.6,135.6,135.6,135.6,135.6,135.6,135.6,135.6,135.6,135.6,135.6,135.6,135.6,135.6,135.6,135.6,135.6,135.6,135.6,135.6,135.6,135.6,135.6,135.6,135.6,135.6,135.6,135.6,135.6,135.6,135.6,135.6,135.6,135.6,135.6,135.6,135.6,135.6,135.6,135.6,135.6,135.6,135.6,135.6,135.6,135.6,135.6,135.6,135.6,135.6,135.6,135.6,135.6,135.6,135.6,135.6,135.6,135.6,135.6,135.6,135.6,135.6,135.6,135.6,135.6,135.6
2019-01-01,,,,,,,,,,,,,,,,,,,,,,,,,,,,,,,,,,,,,,,,,,,,,,,,,,,,,,,,,,,,,,,,,,,,,,,,,,,,,,,,,,,,,,,,,,,,,,,,,,,,,,,,,,,,141.5,141.5,141.5,141.5,141.5,141.5,141.5,141.5,141.5,141.5,141.5,141.5,141.5,141.5,141.5,141.5,141.5,141.5,141.5,141.5,141.5,141.5,141.5,141.5,141.5,141.5,141.5,141.5,141.5,141.5,141.5,141.5,141.5,141.5,141.5,141.5,141.5,141.5,141.5,141.5,141.5,141.5,141.5,141.5,141.5,141.5,141.5,141.5,141.5,141.5,141.5,141.5,141.5,141.5,141.5,141.5,141.5,141.5,141.5,141.5,141.5,141.5,141.5,141.5,141.5,141.5,141.5,141.5,141.5,141.5,141.5,141.5,141.5,141.5,141.5,141.5,141.5,141.5,141.5,141.5,141.5,141.5,141.5,141.5,141.5,141.5,141.5,141.5,141.5,141.5,141.5
2019-02-01,,,,,,,,,,,,,,,,,,,,,,,,,,,,,,,,,,,,,,,,,,,,,,,,,,,,,,,,,,,,,,,,,,,,,,,,,,,,,,,,,,,,,,,,,,,,,,,,,,,,,,,,,,,,,138.1,138.1,138.1,138.1,138.1,138.1,138.1,138.1,138.1,138.1,138.1,138.1,138.1,138.1,138.1,138.1,138.1,138.1,138.1,138.1,138.1,138.1,138.1,138.1,138.1,138.1,138.1,138.1,138.1,138.1,138.1,138.1,138.1,138.1,138.1,138.1,138.1,138.1,138.1,138.1,138.1,138.1,138.1,138.1,138.1,138.1,138.1,138.1,138.1,138.1,138.1,138.1,138.1,138.1,138.1,138.1,138.1,138.1,138.1,138.1,138.1,138.1,138.1,138.1,138.1,138.1,138.1,138.1,138.1,138.1,138.1,138.1,138.1,138.1,138.1,138.1,138.1,138.1,138.1,138.1,138.1,138.1,138.1,138.1,138.1,138.1,138.1,138.1,138.1,138.1
2019-03-01,,,,,,,,,,,,,,,,,,,,,,,,,,,,,,,,,,,,,,,,,,,,,,,,,,,,,,,,,,,,,,,,,,,,,,,,,,,,,,,,,,,,,,,,,,,,,,,,,,,,,,,,,,,,,,138.1,137.9,137.9,137.9,137.9,137.9,137.9,137.9,137.9,137.9,137.9,137.9,137.9,137.9,137.9,137.9,137.9,137.9,137.9,137.9,137.9,137.9,137.9,137.9,137.9,137.9,137.9,137.9,137.9,137.9,137.9,137.9,137.9,137.9,137.9,137.9,137.9,137.9,137.9,137.9,137.9,137.9,137.9,137.9,137.9,137.9,137.9,137.9,137.9,137.9,137.9,137.9,137.9,137.9,137.9,137.9,137.9,137.9,137.9,137.9,137.9,137.9,137.9,137.9,137.9,137.9,137.9,137.9,137.9,137.9,137.9,137.9,137.9,137.9,137.9,137.9,137.9,137.9,137.9,137.9,137.9,137.9,137.9,137.9,137.9,137.9,137.9,137.9,137.9
2019-04-01,,,,,,,,,,,,,,,,,,,,,,,,,,,,,,,,,,,,,,,,,,,,,,,,,,,,,,,,,,,,,,,,,,,,,,,,,,,,,,,,,,,,,,,,,,,,,,,,,,,,,,,,,,,,,,,136.2,136.2,136.5,136.5,136.5,136.5,136.5,136.5,136.5,136.5,136.5,136.5,136.5,136.5,136.5,136.5,136.5,136.5,136.5,136.5,136.5,136.5,136.5,136.5,136.5,136.5,136.5,136.5,136.5,136.5,136.5,136.5,136.5,136.5,136.5,136.5,136.5,136.5,136.5,136.5,136.5,136.5,136.5,136.5,136.5,136.5,136.5,136.5,136.5,136.5,136.5,136.5,136.5,136.5,136.5,136.5,136.5,136.5,136.5,136.5,136.5,136.5,136.5,136.5,136.5,136.5,136.5,136.5,136.5,136.5,136.5,136.5,136.5,136.5,136.5,136.5,136.5,136.5,136.5,136.5,136.5,136.5,136.5,136.5,136.5,136.5,136.5,136.5
2019-05-01,,,,,,,,,,,,,,,,,,,,,,,,,,,,,,,,,,,,,,,,,,,,,,,,,,,,,,,,,,,,,,,,,,,,,,,,,,,,,,,,,,,,,,,,,,,,,,,,,,,,,,,,,,,,,,,,137.2,136.1,136.1,136.1,136.1,136.1,136.1,136.1,136.1,136.1,136.1,136.1,136.1,136.1,136.1,136.1,136.1,136.1,136.1,136.1,136.1,136.1,136.1,136.1,136.1,136.1,136.1,136.1,136.1,136.1,136.1,136.1,136.1,136.1,136.1,136.1,136.1,136.1,136.1,136.1,136.1,136.1,136.1,136.1,136.1,136.1,136.1,136.1,136.1,136.1,136.1,136.1,136.1,136.1,136.1,136.1,136.1,136.1,136.1,136.1,136.1,136.1,136.1,136.1,136.1,136.1,136.1,136.1,136.1,136.1,136.1,136.1,136.1,136.1,136.1,136.1,136.1,136.1,136.1,136.1,136.1,136.1,136.1,136.1,136.1,136.1,136.1
2019-06-01,,,,,,,,,,,,,,,,,,,,,,,,,,,,,,,,,,,,,,,,,,,,,,,,,,,,,,,,,,,,,,,,,,,,,,,,,,,,,,,,,,,,,,,,,,,,,,,,,,,,,,,,,,,,,,,,,139.7,138.0,138.0,138.0,138.0,138.0,138.0,138.0,138.0,138.0,138.0,138.0,138.0,138.0,138.0,138.0,138.0,138.0,138.0,138.0,138.0,138.0,138.0,138.0,138.0,138.0,138.0,138.0,138.0,138.0,138.0,138.0,138.0,138.0,138.0,138.0,138.0,138.0,138.0,138.0,138.0,138.0,138.0,138.0,138.0,138.0,138.0,138.0,138.0,138.0,138.0,138.0,138.0,138.0,138.0,138.0,138.0,138.0,138.0,138.0,138.0,138.0,138.0,138.0,138.0,138.0,138.0,138.0,138.0,138.0,138.0,138.0,138.0,138.0,138.0,138.0,138.0,138.0,138.0,138.0,138.0,138.0,138.0,138.0,138.0,138.0
2019-07-01,,,,,,,,,,,,,,,,,,,,,,,,,,,,,,,,,,,,,,,,,,,,,,,,,,,,,,,,,,,,,,,,,,,,,,,,,,,,,,,,,,,,,,,,,,,,,,,,,,,,,,,,,,,,,,,,,,132.1,132.1,132.1,132.1,132.1,132.1,132.1,132.1,132.1,132.1,132.1,132.1,132.1,132.1,132.1,132.1,132.1,132.1,132.1,132.1,132.1,132.1,132.1,132.1,132.1,132.1,132.1,132.1,132.1,132.1,132.1,132.1,132.1,132.1,132.1,132.1,132.1,132.1,132.1,132.1,132.1,132.1,132.1,132.1,132.1,132.1,132.1,132.1,132.1,132.1,132.1,132.1,132.1,132.1,132.1,132.1,132.1,132.1,132.1,132.1,132.1,132.1,132.1,132.1,132.1,132.1,132.1,132.1,132.1,132.1,132.1,132.1,132.1,132.1,132.1,132.1,132.1,132.1,132.1,132.1,132.1,132.1,132.1,132.1,132.1
2019-08-01,,,,,,,,,,,,,,,,,,,,,,,,,,,,,,,,,,,,,,,,,,,,,,,,,,,,,,,,,,,,,,,,,,,,,,,,,,,,,,,,,,,,,,,,,,,,,,,,,,,,,,,,,,,,,,,,,,,132.0,132.0,132.0,132.0,132.0,132.0,132.0,132.0,132.0,132.0,132.0,132.0,132.0,132.0,132.0,132.0,132.0,132.0,132.0,132.0,132.0,132.0,132.0,132.0,132.0,132.0,132.0,132.0,132.0,132.0,132.0,132.0,132.0,132.0,132.0,132.0,132.0,132.0,132.0,132.0,132.0,132.0,132.0,132.0,132.0,132.0,132.0,132.0,132.0,132.0,132.0,132.0,132.0,132.0,132.0,132.0,132.0,132.0,132.0,132.0,132.0,132.0,132.0,132.0,132.0,132.0,132.0,132.0,132.0,132.0,132.0,132.0,132.0,132.0,132.0,132.0,132.0,132.0,132.0,132.0,132.0,132.0,132.0,132.0
2019-09-01,,,,,,,,,,,,,,,,,,,,,,,,,,,,,,,,,,,,,,,,,,,,,,,,,,,,,,,,,,,,,,,,,,,,,,,,,,,,,,,,,,,,,,,,,,,,,,,,,,,,,,,,,,,,,,,,,,,,132.6,132.6,132.6,132.6,132.6,132.6,132.6,132.6,132.6,132.6,132.6,132.6,132.6,132.6,132.6,132.6,132.6,132.6,132.6,132.6,132.6,132.6,132.6,132.6,132.6,132.6,132.6,132.6,132.6,132.6,132.6,132.6,132.6,132.6,132.6,132.6,132.6,132.6,132.6,132.6,132.6,132.6,132.6,132.6,132.6,132.6,132.6,132.6,132.6,132.6,132.6,132.6,132.6,132.6,132.6,132.6,132.6,132.6,132.6,132.6,132.6,132.6,132.6,132.6,132.6,132.6,132.6,132.6,132.6,132.6,132.6,132.6,132.6,132.6,132.6,132.6,132.6,132.6,132.6,132.6,132.6,132.6,132.6
2019-10-01,,,,,,,,,,,,,,,,,,,,,,,,,,,,,,,,,,,,,,,,,,,,,,,,,,,,,,,,,,,,,,,,,,,,,,,,,,,,,,,,,,,,,,,,,,,,,,,,,,,,,,,,,,,,,,,,,,,,,132.7,132.5,132.5,132.5,132.5,132.5,132.5,132.5,132.5,132.5,132.5,132.5,132.5,132.5,132.5,132.5,132.5,132.5,132.5,132.5,132.5,132.5,132.5,132.5,132.5,132.5,132.5,132.5,132.5,132.5,132.5,132.5,132.5,132.5,132.5,132.5,132.5,132.5,132.5,132.5,132.5,132.5,132.5,132.5,132.5,132.5,132.5,132.5,132.5,132.5,132.5,132.5,132.5,132.5,132.5,132.5,132.5,132.5,132.5,132.5,132.5,132.5,132.5,132.5,132.5,132.5,132.5,132.5,132.5,132.5,132.5,132.5,132.5,132.5,132.5,132.5,132.5,132.5,132.5,132.5,132.5,132.5
2019-11-01,,,,,,,,,,,,,,,,,,,,,,,,,,,,,,,,,,,,,,,,,,,,,,,,,,,,,,,,,,,,,,,,,,,,,,,,,,,,,,,,,,,,,,,,,,,,,,,,,,,,,,,,,,,,,,,,,,,,,,131.2,131.2,131.2,131.2,131.2,131.2,131.2,131.2,131.2,131.2,131.2,131.2,131.2,131.2,131.2,131.2,131.2,131.2,131.2,131.2,131.2,131.2,131.2,131.2,131.2,131.2,131.2,131.2,131.2,131.2,131.2,131.2,131.2,131.2,131.2,131.2,131.2,131.2,131.2,131.2,131.2,131.2,131.2,131.2,131.2,131.2,131.2,131.2,131.2,131.2,131.2,131.2,131.2,131.2,131.2,131.2,131.2,131.2,131.2,131.2,131.2,131.2,131.2,131.2,131.2,131.2,131.2,131.2,131.2,131.2,131.2,131.2,131.2,131.2,131.2,131.2,131.2,131.2,131.2,131.2,131.2
2019-12-01,,,,,,,,,,,,,,,,,,,,,,,,,,,,,,,,,,,,,,,,,,,,,,,,,,,,,,,,,,,,,,,,,,,,,,,,,,,,,,,,,,,,,,,,,,,,,,,,,,,,,,,,,,,,,,,,,,,,,,,131.1,131.1,131.1,131.1,131.1,131.1,131.1,131.1,131.1,131.1,131.1,131.1,131.1,131.1,131.1,131.1,131.1,131.1,131.1,131.1,131.1,131.1,131.1,131.1,131.1,131.1,131.1,131.1,131.1,131.1,131.1,131.1,131.1,131.1,131.1,131.1,131.1,131.1,131.1,131.1,131.1,131.1,131.1,131.1,131.1,131.1,131.1,131.1,131.1,131.1,131.1,131.1,131.1,131.1,131.1,131.1,131.1,131.1,131.1,131.1,131.1,131.1,131.1,131.1,131.1,131.1,131.1,131.1,131.1,131.1,131.1,131.1,131.1,131.1,131.1,131.1,131.1,131.1,131.1,131.1
2020-01-01,,,,,,,,,,,,,,,,,,,,,,,,,,,,,,,,,,,,,,,,,,,,,,,,,,,,,,,,,,,,,,,,,,,,,,,,,,,,,,,,,,,,,,,,,,,,,,,,,,,,,,,,,,,,,,,,,,,,,,,,132.8,132.8,132.8,132.8,132.8,132.8,132.8,132.8,132.8,132.8,132.8,132.8,132.8,132.8,132.8,132.8,132.8,132.8,132.8,132.8,132.8,132.8,132.8,132.8,132.8,132.8,132.8,132.8,132.8,132.8,132.8,132.8,132.8,132.8,132.8,132.8,132.8,132.8,132.8,132.8,132.8,132.8,132.8,132.8,132.8,132.8,132.8,132.8,132.8,132.8,132.8,132.8,132.8,132.8,132.8,132.8,132.8,132.8,132.8,132.8,132.8,132.8,132.8,132.8,132.8,132.8,132.8,132.8,132.8,132.8,132.8,132.8,132.8,132.8,132.8,132.8,132.8,132.8,132.8
2020-02-01,,,,,,,,,,,,,,,,,,,,,,,,,,,,,,,,,,,,,,,,,,,,,,,,,,,,,,,,,,,,,,,,,,,,,,,,,,,,,,,,,,,,,,,,,,,,,,,,,,,,,,,,,,,,,,,,,,,,,,,,,132.6,132.6,132.6,132.6,132.6,132.6,132.6,132.6,132.6,132.6,132.6,132.6,132.6,132.6,132.6,132.6,132.6,132.6,132.6,132.6,132.6,132.6,132.6,132.6,132.6,132.6,132.6,132.6,132.6,132.6,132.6,132.6,132.6,132.6,132.6,132.6,132.6,132.6,132.6,132.6,132.6,132.6,132.6,132.6,132.6,132.6,132.6,132.6,132.6,132.6,132.6,132.6,132.6,132.6,132.6,132.6,132.6,132.6,132.6,132.6,132.6,132.6,132.6,132.6,132.6,132.6,132.6,132.6,132.6,132.6,132.6,132.6,132.6,132.6,132.6,132.6,132.6,132.6
2020-03-01,,,,,,,,,,,,,,,,,,,,,,,,,,,,,,,,,,,,,,,,,,,,,,,,,,,,,,,,,,,,,,,,,,,,,,,,,,,,,,,,,,,,,,,,,,,,,,,,,,,,,,,,,,,,,,,,,,,,,,,,,,132.4,132.4,132.4,132.4,132.4,132.4,132.4,132.4,132.4,132.4,132.4,132.4,132.4,132.4,132.4,132.4,132.4,132.4,132.4,132.4,132.4,132.4,132.4,132.4,132.4,132.4,132.4,132.4,132.4,132.4,132.4,132.4,132.4,132.4,132.4,132.4,132.4,132.4,132.4,132.4,132.4,132.4,132.4,132.4,132.4,132.4,132.4,132.4,132.4,132.4,132.4,132.4,132.4,132.4,132.4,132.4,132.4,132.4,132.4,132.4,132.4,132.4,132.4,132.4,132.4,132.4,132.4,132.4,132.4,132.4,132.4,132.4,132.4,132.4,132.4,132.4,132.4
2020-04-01,,,,,,,,,,,,,,,,,,,,,,,,,,,,,,,,,,,,,,,,,,,,,,,,,,,,,,,,,,,,,,,,,,,,,,,,,,,,,,,,,,,,,,,,,,,,,,,,,,,,,,,,,,,,,,,,,,,,,,,,,,,165.8,165.8,165.8,165.8,165.8,165.8,165.8,165.8,165.8,165.8,165.8,165.8,165.8,165.8,165.8,165.8,165.8,165.8,165.8,165.8,165.8,165.8,165.8,165.8,165.8,165.8,165.8,165.8,165.8,165.8,165.8,165.8,165.8,165.8,165.8,165.8,165.8,165.8,165.8,165.8,165.8,165.8,165.8,165.8,165.8,165.8,165.8,165.8,165.8,165.8,165.8,165.8,165.8,165.8,165.8,165.8,165.8,165.8,165.8,165.8,165.8,165.8,165.8,165.8,165.8,165.8,165.8,165.8,165.8,165.8,165.8,165.8,165.8,165.8,165.8,165.8
2020-05-01,,,,,,,,,,,,,,,,,,,,,,,,,,,,,,,,,,,,,,,,,,,,,,,,,,,,,,,,,,,,,,,,,,,,,,,,,,,,,,,,,,,,,,,,,,,,,,,,,,,,,,,,,,,,,,,,,,,,,,,,,,,,164.1,164.1,164.1,164.1,164.1,164.1,164.1,164.1,164.1,164.1,164.1,164.1,164.1,164.1,164.1,164.1,164.1,164.1,164.1,164.1,164.1,164.1,164.1,164.1,164.1,164.1,164.1,164.1,164.1,164.1,164.1,164.1,164.1,164.1,164.1,164.1,164.1,164.1,164.1,164.1,164.1,164.1,164.1,164.1,164.1,164.1,164.1,164.1,164.1,164.1,164.1,164.1,164.1,164.1,164.1,164.1,164.1,164.1,164.1,164.1,164.1,164.1,164.1,164.1,164.1,164.1,164.1,164.1,164.1,164.1,164.1,164.1,164.1,164.1,164.1
2020-06-01,,,,,,,,,,,,,,,,,,,,,,,,,,,,,,,,,,,,,,,,,,,,,,,,,,,,,,,,,,,,,,,,,,,,,,,,,,,,,,,,,,,,,,,,,,,,,,,,,,,,,,,,,,,,,,,,,,,,,,,,,,,,,166.5,166.5,166.5,166.5,166.5,166.5,166.5,166.5,166.5,166.5,166.5,166.5,166.5,166.5,166.5,166.5,166.5,166.5,166.5,166.5,166.5,166.5,166.5,166.5,166.5,166.5,166.5,166.5,166.5,166.5,166.5,166.5,166.5,166.5,166.5,166.5,166.5,166.5,166.5,166.5,166.5,166.5,166.5,166.5,166.5,166.5,166.5,166.5,166.5,166.5,166.5,166.5,166.5,166.5,166.5,166.5,166.5,166.5,166.5,166.5,166.5,166.5,166.5,166.5,166.5,166.5,166.5,166.5,166.5,166.5,166.5,166.5,166.5,166.5
2020-07-01,,,,,,,,,,,,,,,,,,,,,,,,,,,,,,,,,,,,,,,,,,,,,,,,,,,,,,,,,,,,,,,,,,,,,,,,,,,,,,,,,,,,,,,,,,,,,,,,,,,,,,,,,,,,,,,,,,,,,,,,,,,,,,169.6,169.6,169.6,169.6,169.6,169.6,169.6,169.6,169.6,169.6,169.6,169.6,169.6,169.6,169.6,169.6,169.6,169.6,169.6,169.6,169.6,169.6,169.6,169.6,169.6,169.6,169.6,169.6,169.6,169.6,169.6,169.6,169.6,169.6,169.6,169.6,169.6,169.6,169.6,169.6,169.6,169.6,169.6,169.6,169.6,169.6,169.6,169.6,169.6,169.6,169.6,169.6,169.6,169.6,169.6,169.6,169.6,169.6,169.6,169.6,169.6,169.6,169.6,169.6,169.6,169.6,169.6,169.6,169.6,169.6,169.6,169.6,169.6
2020-08-01,,,,,,,,,,,,,,,,,,,,,,,,,,,,,,,,,,,,,,,,,,,,,,,,,,,,,,,,,,,,,,,,,,,,,,,,,,,,,,,,,,,,,,,,,,,,,,,,,,,,,,,,,,,,,,,,,,,,,,,,,,,,,,,170.8,170.8,170.8,170.8,170.8,170.8,170.8,170.8,170.8,170.8,170.8,170.8,170.8,170.8,170.8,170.8,170.8,170.8,170.8,170.8,170.8,170.8,170.8,170.8,170.8,170.8,170.8,170.8,170.8,170.8,170.8,170.8,170.8,170.8,170.8,170.8,170.8,170.8,170.8,170.8,170.8,170.8,170.8,170.8,170.8,170.8,170.8,170.8,170.8,170.8,170.8,170.8,170.8,170.8,170.8,170.8,170.8,170.8,170.8,170.8,170.8,170.8,170.8,170.8,170.8,170.8,170.8,170.8,170.8,170.8,170.8,170.8
2020-09-01,,,,,,,,,,,,,,,,,,,,,,,,,,,,,,,,,,,,,,,,,,,,,,,,,,,,,,,,,,,,,,,,,,,,,,,,,,,,,,,,,,,,,,,,,,,,,,,,,,,,,,,,,,,,,,,,,,,,,,,,,,,,,,,,175.7,157.3,157.3,157.3,157.3,157.3,157.3,157.3,157.3,157.3,157.3,157.3,157.3,157.3,157.3,157.3,157.3,157.3,157.3,157.3,157.3,157.3,157.3,157.3,157.3,157.3,157.3,157.3,157.3,157.3,157.3,157.3,157.3,157.3,157.3,157.3,157.3,157.3,157.3,157.3,157.3,157.3,157.3,157.3,157.3,157.3,157.3,157.3,157.3,157.3,157.3,157.3,157.3,157.3,157.3,157.3,157.3,157.3,157.3,157.3,157.3,157.3,157.3,157.3,157.3,157.3,157.3,157.3,157.3,157.3,157.3
2020-10-01,,,,,,,,,,,,,,,,,,,,,,,,,,,,,,,,,,,,,,,,,,,,,,,,,,,,,,,,,,,,,,,,,,,,,,,,,,,,,,,,,,,,,,,,,,,,,,,,,,,,,,,,,,,,,,,,,,,,,,,,,,,,,,,,,170.3,170.3,170.3,170.3,170.3,170.3,170.3,170.3,170.3,170.3,170.3,170.3,170.3,170.3,170.3,170.3,170.3,170.3,170.3,170.3,170.3,170.3,170.3,170.3,170.3,170.3,170.3,170.3,170.3,170.3,170.3,170.3,170.3,170.3,170.3,170.3,170.3,170.3,170.3,170.3,170.3,170.3,170.3,170.3,170.3,170.3,170.3,170.3,170.3,170.3,170.3,170.3,170.3,170.3,170.3,170.3,170.3,170.3,170.3,170.3,170.3,170.3,170.3,170.3,170.3,170.3,170.3,170.3,170.3,170.3
2020-11-01,,,,,,,,,,,,,,,,,,,,,,,,,,,,,,,,,,,,,,,,,,,,,,,,,,,,,,,,,,,,,,,,,,,,,,,,,,,,,,,,,,,,,,,,,,,,,,,,,,,,,,,,,,,,,,,,,,,,,,,,,,,,,,,,,,168.9,168.9,168.9,168.9,168.9,168.9,168.9,168.9,168.9,168.9,168.9,168.9,168.9,168.9,168.9,168.9,168.9,168.9,168.9,168.9,168.9,168.9,168.9,168.9,168.9,168.9,168.9,168.9,168.9,168.9,168.9,168.9,168.9,168.9,168.9,168.9,168.9,168.9,168.9,168.9,168.9,168.9,168.9,168.9,168.9,168.9,168.9,168.9,168.9,168.9,168.9,168.9,168.9,168.9,168.9,168.9,168.9,168.9,168.9,168.9,168.9,168.9,168.9,168.9,168.9,168.9,168.9,168.9,168.9
2020-12-01,,,,,,,,,,,,,,,,,,,,,,,,,,,,,,,,,,,,,,,,,,,,,,,,,,,,,,,,,,,,,,,,,,,,,,,,,,,,,,,,,,,,,,,,,,,,,,,,,,,,,,,,,,,,,,,,,,,,,,,,,,,,,,,,,,,167.6,168.9,168.9,168.9,168.9,168.9,168.9,168.9,168.9,168.9,168.9,168.9,168.9,168.9,168.9,168.9,168.9,168.9,168.9,168.9,168.9,168.9,168.9,168.9,168.9,168.9,168.9,168.9,168.9,168.9,168.9,168.9,168.9,168.9,168.9,168.9,168.9,168.9,168.9,168.9,168.9,168.9,168.9,168.9,168.9,168.9,168.9,168.9,168.9,168.9,168.9,168.9,168.9,168.9,168.9,168.9,168.9,168.9,168.9,168.9,168.9,168.9,168.9,168.9,168.9,168.9,168.9,168.9
2021-01-01,,,,,,,,,,,,,,,,,,,,,,,,,,,,,,,,,,,,,,,,,,,,,,,,,,,,,,,,,,,,,,,,,,,,,,,,,,,,,,,,,,,,,,,,,,,,,,,,,,,,,,,,,,,,,,,,,,,,,,,,,,,,,,,,,,,,178.0,178.0,178.0,178.0,178.0,178.0,178.0,178.0,178.0,178.0,178.0,178.0,178.0,178.0,178.0,178.0,178.0,178.0,178.0,178.0,178.0,178.0,178.0,178.0,178.0,178.0,178.0,178.0,178.0,178.0,178.0,178.0,178.0,178.0,178.0,178.0,178.0,178.0,178.0,178.0,178.0,178.0,178.0,178.0,178.0,178.0,178.0,178.0,178.0,178.0,178.0,178.0,178.0,178.0,178.0,178.0,178.0,178.0,178.0,178.0,178.0,178.0,178.0,178.0,178.0,178.0,178.0
2021-02-01,,,,,,,,,,,,,,,,,,,,,,,,,,,,,,,,,,,,,,,,,,,,,,,,,,,,,,,,,,,,,,,,,,,,,,,,,,,,,,,,,,,,,,,,,,,,,,,,,,,,,,,,,,,,,,,,,,,,,,,,,,,,,,,,,,,,,173.7,173.7,173.7,178.0,178.0,178.0,178.0,178.0,178.0,178.0,178.0,178.0,178.0,178.0,178.0,178.0,178.0,178.0,178.0,178.0,178.0,178.0,178.0,178.0,178.0,178.0,178.0,178.0,178.0,178.0,178.0,178.0,178.0,178.0,178.0,178.0,178.0,178.0,178.0,178.0,178.0,178.0,178.0,178.0,178.0,178.0,178.0,178.0,178.0,178.0,178.0,178.0,178.0,178.0,178.0,178.0,178.0,178.0,178.0,178.0,178.0,178.0,178.0,178.0,178.0,178.0
2021-03-01,,,,,,,,,,,,,,,,,,,,,,,,,,,,,,,,,,,,,,,,,,,,,,,,,,,,,,,,,,,,,,,,,,,,,,,,,,,,,,,,,,,,,,,,,,,,,,,,,,,,,,,,,,,,,,,,,,,,,,,,,,,,,,,,,,,,,,173.0,173.0,175.1,175.1,175.1,175.1,175.1,175.1,175.1,175.1,175.1,175.1,175.1,175.1,175.1,175.1,175.1,175.1,175.1,175.1,175.1,175.1,175.1,175.1,175.1,175.1,175.1,175.1,175.1,175.1,175.1,175.1,175.1,175.1,175.1,175.1,175.1,175.1,175.1,175.1,175.1,175.1,175.1,175.1,175.1,175.1,175.1,175.1,175.1,175.1,175.1,175.1,175.1,175.1,175.1,175.1,175.1,175.1,175.1,175.1,175.1,175.1,175.1,175.1,175.1
2021-04-01,,,,,,,,,,,,,,,,,,,,,,,,,,,,,,,,,,,,,,,,,,,,,,,,,,,,,,,,,,,,,,,,,,,,,,,,,,,,,,,,,,,,,,,,,,,,,,,,,,,,,,,,,,,,,,,,,,,,,,,,,,,,,,,,,,,,,,,173.8,173.5,173.5,173.5,173.5,173.5,173.5,173.5,173.5,173.5,173.5,173.5,173.5,173.5,173.5,173.5,173.5,173.5,173.5,173.5,173.5,173.5,173.5,173.5,173.5,173.5,173.5,173.5,173.5,173.5,173.5,173.5,173.5,173.5,173.5,173.5,173.5,173.5,173.5,173.5,173.5,173.5,173.5,173.5,173.5,173.5,173.5,173.5,173.5,173.5,173.5,173.5,173.5,173.5,173.5,173.5,173.5,173.5,173.5,173.5,173.5,173.5,173.5,173.5
2021-05-01,,,,,,,,,,,,,,,,,,,,,,,,,,,,,,,,,,,,,,,,,,,,,,,,,,,,,,,,,,,,,,,,,,,,,,,,,,,,,,,,,,,,,,,,,,,,,,,,,,,,,,,,,,,,,,,,,,,,,,,,,,,,,,,,,,,,,,,,174.3,174.3,174.3,174.3,174.3,174.3,174.3,174.3,174.3,174.3,174.3,174.3,174.3,174.3,174.3,174.3,174.3,174.3,174.3,174.3,174.3,174.3,174.3,174.3,174.3,174.3,174.3,174.3,174.3,174.3,174.3,174.3,174.3,174.3,174.3,174.3,174.3,174.3,174.3,174.3,174.3,174.3,174.3,174.3,174.3,174.3,174.3,174.3,174.3,174.3,174.3,174.3,174.3,174.3,174.3,174.3,174.3,174.3,174.3,174.3,174.3,174.3,174.3
2021-06-01,,,,,,,,,,,,,,,,,,,,,,,,,,,,,,,,,,,,,,,,,,,,,,,,,,,,,,,,,,,,,,,,,,,,,,,,,,,,,,,,,,,,,,,,,,,,,,,,,,,,,,,,,,,,,,,,,,,,,,,,,,,,,,,,,,,,,,,,,176.3,176.3,176.3,176.3,176.3,176.3,176.3,176.3,176.3,176.3,176.3,176.3,176.3,176.3,176.3,176.3,176.3,176.3,176.3,176.3,176.3,176.3,176.3,176.3,176.3,176.3,176.3,176.3,176.3,176.3,176.3,176.3,176.3,176.3,176.3,176.3,176.3,176.3,176.3,176.3,176.3,176.3,176.3,176.3,176.3,176.3,176.3,176.3,176.3,176.3,176.3,176.3,176.3,176.3,176.3,176.3,176.3,176.3,176.3,176.3,176.3,176.3
2021-07-01,,,,,,,,,,,,,,,,,,,,,,,,,,,,,,,,,,,,,,,,,,,,,,,,,,,,,,,,,,,,,,,,,,,,,,,,,,,,,,,,,,,,,,,,,,,,,,,,,,,,,,,,,,,,,,,,,,,,,,,,,,,,,,,,,,,,,,,,,,175.4,175.4,175.4,175.4,175.4,175.4,175.4,175.4,175.4,175.4,175.4,175.4,175.4,175.4,175.4,175.4,175.4,175.4,175.4,175.4,175.4,175.4,175.4,175.4,175.4,175.4,175.4,175.4,175.4,175.4,175.4,175.4,175.4,175.4,175.4,175.4,175.4,175.4,175.4,175.4,175.4,175.4,175.4,175.4,175.4,175.4,175.4,175.4,175.4,175.4,175.4,175.4,175.4,175.4,175.4,175.4,175.4,175.4,175.4,175.4,175.4
2021-08-01,,,,,,,,,,,,,,,,,,,,,,,,,,,,,,,,,,,,,,,,,,,,,,,,,,,,,,,,,,,,,,,,,,,,,,,,,,,,,,,,,,,,,,,,,,,,,,,,,,,,,,,,,,,,,,,,,,,,,,,,,,,,,,,,,,,,,,,,,,,173.5,173.5,173.5,173.5,173.5,173.5,173.5,173.5,173.5,173.5,173.5,173.5,173.5,173.5,173.5,173.5,173.5,173.5,173.5,173.5,173.5,173.5,173.5,173.5,173.5,173.5,173.5,173.5,173.5,173.5,173.5,173.5,173.5,173.5,173.5,173.5,173.5,173.5,173.5,173.5,173.5,173.5,173.5,173.5,173.5,173.5,173.5,173.5,173.5,173.5,173.5,173.5,173.5,173.5,173.5,173.5,173.5,173.5,173.5,173.5
2021-09-01,,,,,,,,,,,,,,,,,,,,,,,,,,,,,,,,,,,,,,,,,,,,,,,,,,,,,,,,,,,,,,,,,,,,,,,,,,,,,,,,,,,,,,,,,,,,,,,,,,,,,,,,,,,,,,,,,,,,,,,,,,,,,,,,,,,,,,,,,,,,173.7,175.2,175.2,174.5,174.5,174.5,174.5,174.5,174.5,174.5,174.5,174.5,174.5,174.5,174.5,174.5,174.5,174.5,174.5,174.5,174.5,174.5,174.5,174.5,174.5,174.5,174.5,174.5,174.5,174.5,174.5,174.5,174.5,174.5,174.5,174.5,174.5,174.5,174.5,174.5,174.5,174.5,174.5,174.5,174.5,174.5,174.5,174.5,174.5,174.5,174.5,174.5,174.5,174.5,174.5,174.5,174.5,174.5,174.5
2021-10-01,,,,,,,,,,,,,,,,,,,,,,,,,,,,,,,,,,,,,,,,,,,,,,,,,,,,,,,,,,,,,,,,,,,,,,,,,,,,,,,,,,,,,,,,,,,,,,,,,,,,,,,,,,,,,,,,,,,,,,,,,,,,,,,,,,,,,,,,,,,,,177.6,177.6,178.0,178.0,178.0,178.0,178.0,178.0,178.0,178.0,178.0,178.0,178.0,178.0,178.0,178.0,178.0,178.0,178.0,178.0,178.0,178.0,178.0,178.0,178.0,178.0,178.0,178.0,178.0,178.0,178.0,178.0,178.0,178.0,178.0,178.0,178.0,178.0,178.0,178.0,178.0,178.0,178.0,178.0,178.0,178.0,178.0,178.0,178.0,178.0,178.0,178.0,178.0,178.0,178.0,178.0,178.0,178.0
2021-11-01,,,,,,,,,,,,,,,,,,,,,,,,,,,,,,,,,,,,,,,,,,,,,,,,,,,,,,,,,,,,,,,,,,,,,,,,,,,,,,,,,,,,,,,,,,,,,,,,,,,,,,,,,,,,,,,,,,,,,,,,,,,,,,,,,,,,,,,,,,,,,,202.9,203.4,202.7,202.6,202.6,202.6,202.6,202.6,202.6,202.6,202.6,202.6,202.6,202.6,202.6,202.6,202.6,202.6,202.6,202.6,202.6,202.6,202.6,202.6,202.6,202.6,202.6,202.6,202.6,202.6,202.6,202.6,202.6,202.6,202.6,202.6,202.6,202.6,202.6,202.6,202.6,202.6,202.6,202.6,202.6,202.6,202.6,202.6,202.6,202.6,202.6,202.6,202.6,202.6,202.6,202.6,202.6
2021-12-01,,,,,,,,,,,,,,,,,,,,,,,,,,,,,,,,,,,,,,,,,,,,,,,,,,,,,,,,,,,,,,,,,,,,,,,,,,,,,,,,,,,,,,,,,,,,,,,,,,,,,,,,,,,,,,,,,,,,,,,,,,,,,,,,,,,,,,,,,,,,,,,202.6,201.8,209.5,209.4,209.4,209.4,209.4,209.4,209.4,209.4,209.4,209.4,209.4,209.4,209.4,209.4,209.4,209.4,209.4,209.4,209.4,209.4,209.4,209.4,209.4,209.4,209.4,209.4,209.4,209.4,209.4,209.4,209.4,209.4,209.4,209.4,209.4,209.4,209.4,209.4,209.4,209.4,209.4,209.4,209.4,209.4,209.4,209.4,209.4,209.4,209.4,209.4,209.4,209.4,209.4,209.4
2022-01-01,,,,,,,,,,,,,,,,,,,,,,,,,,,,,,,,,,,,,,,,,,,,,,,,,,,,,,,,,,,,,,,,,,,,,,,,,,,,,,,,,,,,,,,,,,,,,,,,,,,,,,,,,,,,,,,,,,,,,,,,,,,,,,,,,,,,,,,,,,,,,,,,206.9,201.5,201.5,201.5,201.5,201.5,201.5,201.5,201.5,201.5,201.5,201.5,201.5,201.5,201.5,201.5,201.5,201.5,201.5,201.5,201.5,201.5,201.5,201.5,201.5,201.5,201.5,201.5,201.5,201.5,201.5,201.5,201.5,201.5,201.5,201.5,201.5,201.5,201.5,201.5,201.5,201.5,201.5,201.5,201.5,201.5,201.5,201.5,201.5,201.5,201.5,201.5,201.5,201.5,201.5
2022-02-01,,,,,,,,,,,,,,,,,,,,,,,,,,,,,,,,,,,,,,,,,,,,,,,,,,,,,,,,,,,,,,,,,,,,,,,,,,,,,,,,,,,,,,,,,,,,,,,,,,,,,,,,,,,,,,,,,,,,,,,,,,,,,,,,,,,,,,,,,,,,,,,,,204.0,204.0,204.4,204.4,204.4,204.4,204.4,204.4,204.4,204.4,204.4,204.4,204.4,204.4,204.4,204.4,204.4,204.4,204.4,204.4,204.4,204.4,204.4,204.4,204.4,204.4,204.4,204.4,204.4,204.4,204.4,204.4,204.4,204.4,204.4,204.4,204.4,204.4,204.4,204.4,204.4,204.4,204.4,204.4,204.4,204.4,204.4,204.4,204.4,204.4,204.4,204.4,204.4,204.4
2022-03-01,,,,,,,,,,,,,,,,,,,,,,,,,,,,,,,,,,,,,,,,,,,,,,,,,,,,,,,,,,,,,,,,,,,,,,,,,,,,,,,,,,,,,,,,,,,,,,,,,,,,,,,,,,,,,,,,,,,,,,,,,,,,,,,,,,,,,,,,,,,,,,,,,,205.6,218.7,218.7,218.7,218.7,218.7,218.7,218.7,218.7,218.7,218.7,218.7,218.7,218.7,218.7,218.7,218.7,218.7,218.7,218.7,218.7,218.7,218.7,218.7,218.7,218.7,218.7,218.7,218.7,218.7,218.7,218.7,218.7,218.7,218.7,218.7,218.7,218.7,218.7,218.7,218.7,218.7,218.7,218.7,218.7,218.7,218.7,218.7,218.7,218.7,218.7,218.7,218.7
2022-04-01,,,,,,,,,,,,,,,,,,,,,,,,,,,,,,,,,,,,,,,,,,,,,,,,,,,,,,,,,,,,,,,,,,,,,,,,,,,,,,,,,,,,,,,,,,,,,,,,,,,,,,,,,,,,,,,,,,,,,,,,,,,,,,,,,,,,,,,,,,,,,,,,,,,214.3,215.0,215.0,224.6,224.6,224.6,224.6,224.6,224.6,224.6,224.6,224.6,224.6,224.6,224.6,224.6,224.6,224.6,224.6,224.6,224.6,224.6,224.6,224.6,224.6,224.6,224.6,224.6,224.6,224.6,224.6,224.6,224.6,224.6,224.6,224.6,224.6,224.6,224.6,224.6,224.6,224.6,224.6,224.6,224.6,224.6,224.6,224.6,224.6,224.6,224.6,224.6
2022-05-01,,,,,,,,,,,,,,,,,,,,,,,,,,,,,,,,,,,,,,,,,,,,,,,,,,,,,,,,,,,,,,,,,,,,,,,,,,,,,,,,,,,,,,,,,,,,,,,,,,,,,,,,,,,,,,,,,,,,,,,,,,,,,,,,,,,,,,,,,,,,,,,,,,,,216.3,218.9,229.7,229.7,229.7,229.7,229.7,229.7,229.7,229.7,229.7,229.7,229.7,229.7,229.7,229.7,229.7,229.7,229.7,229.7,229.7,229.7,229.7,229.7,229.7,229.7,229.7,229.7,229.7,229.7,229.7,229.7,229.7,229.7,229.7,229.7,229.7,229.7,229.7,229.7,229.7,229.7,229.7,229.7,229.7,229.7,229.7,229.7,229.7,229.7,229.7
2022-06-01,,,,,,,,,,,,,,,,,,,,,,,,,,,,,,,,,,,,,,,,,,,,,,,,,,,,,,,,,,,,,,,,,,,,,,,,,,,,,,,,,,,,,,,,,,,,,,,,,,,,,,,,,,,,,,,,,,,,,,,,,,,,,,,,,,,,,,,,,,,,,,,,,,,,,200.8,201.9,201.9,201.9,201.9,201.9,201.9,201.9,201.9,201.9,201.9,201.9,201.9,201.9,201.9,201.9,201.9,201.9,201.9,201.9,201.9,201.9,201.9,201.9,201.9,201.9,201.9,201.9,201.9,201.9,201.9,201.9,201.9,201.9,201.9,201.9,201.9,201.9,201.9,201.9,201.9,201.9,201.9,201.9,201.9,201.9,201.9,201.9,201.9,201.9
2022-07-01,,,,,,,,,,,,,,,,,,,,,,,,,,,,,,,,,,,,,,,,,,,,,,,,,,,,,,,,,,,,,,,,,,,,,,,,,,,,,,,,,,,,,,,,,,,,,,,,,,,,,,,,,,,,,,,,,,,,,,,,,,,,,,,,,,,,,,,,,,,,,,,,,,,,,,203.8,185.1,185.1,185.1,185.1,185.1,185.1,185.1,185.1,185.1,185.1,185.1,185.1,185.1,185.1,185.1,185.1,185.1,185.1,185.1,185.1,185.1,185.1,185.1,185.1,185.1,185.1,185.1,185.1,185.1,185.1,185.1,185.1,185.1,185.1,185.1,185.1,185.1,185.1,185.1,185.1,185.1,185.1,185.1,185.1,185.1,185.1,185.1,185.1
2022-08-01,,,,,,,,,,,,,,,,,,,,,,,,,,,,,,,,,,,,,,,,,,,,,,,,,,,,,,,,,,,,,,,,,,,,,,,,,,,,,,,,,,,,,,,,,,,,,,,,,,,,,,,,,,,,,,,,,,,,,,,,,,,,,,,,,,,,,,,,,,,,,,,,,,,,,,,180.7,178.1,178.1,178.1,178.1,178.1,178.1,178.1,178.1,178.1,178.1,178.1,178.1,178.1,178.1,178.1,178.1,178.1,178.1,178.1,178.1,178.1,178.1,178.1,178.1,178.1,178.1,178.1,178.1,178.1,178.1,178.1,178.1,178.1,178.1,178.1,178.1,178.1,178.1,178.1,178.1,178.1,178.1,178.1,178.1,178.1,178.1,178.1
2022-09-01,,,,,,,,,,,,,,,,,,,,,,,,,,,,,,,,,,,,,,,,,,,,,,,,,,,,,,,,,,,,,,,,,,,,,,,,,,,,,,,,,,,,,,,,,,,,,,,,,,,,,,,,,,,,,,,,,,,,,,,,,,,,,,,,,,,,,,,,,,,,,,,,,,,,,,,,189.6,181.7,181.7,181.7,181.7,181.7,181.7,181.7,181.7,181.7,181.7,181.7,181.7,181.7,181.7,181.7,181.7,181.7,181.7,181.7,181.7,181.7,181.7,181.7,181.7,181.7,181.7,181.7,181.7,181.7,181.7,181.7,181.7,181.7,181.7,181.7,181.7,181.7,181.7,181.7,181.7,181.7,181.7,181.7,181.7,181.7,181.7
2022-10-01,,,,,,,,,,,,,,,,,,,,,,,,,,,,,,,,,,,,,,,,,,,,,,,,,,,,,,,,,,,,,,,,,,,,,,,,,,,,,,,,,,,,,,,,,,,,,,,,,,,,,,,,,,,,,,,,,,,,,,,,,,,,,,,,,,,,,,,,,,,,,,,,,,,,,,,,,175.0,169.6,169.6,169.6,169.6,169.6,169.6,169.6,169.6,169.6,169.6,169.6,169.6,169.6,169.6,169.6,169.6,169.6,169.6,169.6,169.6,169.6,169.6,169.6,169.6,169.6,169.6,169.6,169.6,169.6,169.6,169.6,169.6,169.6,169.6,169.6,169.6,169.6,169.6,169.6,169.6,169.6,169.6,169.6,169.6,169.6
2022-11-01,,,,,,,,,,,,,,,,,,,,,,,,,,,,,,,,,,,,,,,,,,,,,,,,,,,,,,,,,,,,,,,,,,,,,,,,,,,,,,,,,,,,,,,,,,,,,,,,,,,,,,,,,,,,,,,,,,,,,,,,,,,,,,,,,,,,,,,,,,,,,,,,,,,,,,,,,,167.0,166.6,166.6,171.9,171.9,171.9,171.9,171.9,171.9,171.9,171.9,171.9,171.9,171.9,171.9,171.9,171.9,171.9,171.9,171.9,171.9,171.9,171.9,171.9,171.9,171.9,171.9,171.9,171.9,171.9,171.9,171.9,171.9,171.9,171.9,171.9,171.9,171.9,171.9,171.9,171.9,171.9,171.9,171.9,171.9
2022-12-01,,,,,,,,,,,,,,,,,,,,,,,,,,,,,,,,,,,,,,,,,,,,,,,,,,,,,,,,,,,,,,,,,,,,,,,,,,,,,,,,,,,,,,,,,,,,,,,,,,,,,,,,,,,,,,,,,,,,,,,,,,,,,,,,,,,,,,,,,,,,,,,,,,,,,,,,,,,185.5,170.9,174.4,174.4,174.4,174.4,174.4,174.4,174.4,174.4,174.4,174.4,174.4,174.4,174.4,174.4,174.4,174.4,174.4,174.4,174.4,174.4,174.4,174.4,174.4,174.4,174.4,174.4,174.4,174.4,174.4,174.4,174.4,174.4,174.4,174.4,174.4,174.4,174.4,174.4,174.4,174.4,174.4,174.4
2023-01-01,,,,,,,,,,,,,,,,,,,,,,,,,,,,,,,,,,,,,,,,,,,,,,,,,,,,,,,,,,,,,,,,,,,,,,,,,,,,,,,,,,,,,,,,,,,,,,,,,,,,,,,,,,,,,,,,,,,,,,,,,,,,,,,,,,,,,,,,,,,,,,,,,,,,,,,,,,,,183.3,187.1,187.5,187.5,187.5,187.5,187.5,187.5,187.5,187.5,187.5,187.5,187.5,187.5,187.5,187.5,187.5,187.5,187.5,187.5,187.5,187.5,187.5,187.5,187.5,187.5,187.5,187.5,187.5,187.5,187.5,187.5,187.5,187.5,187.5,187.5,187.5,187.5,187.5,187.5,187.5,187.5,187.5
2023-02-01,,,,,,,,,,,,,,,,,,,,,,,,,,,,,,,,,,,,,,,,,,,,,,,,,,,,,,,,,,,,,,,,,,,,,,,,,,,,,,,,,,,,,,,,,,,,,,,,,,,,,,,,,,,,,,,,,,,,,,,,,,,,,,,,,,,,,,,,,,,,,,,,,,,,,,,,,,,,,186.4,186.5,183.9,183.9,183.9,183.9,183.9,183.9,183.9,183.9,183.9,183.9,183.9,183.9,183.9,183.9,183.9,183.9,183.9,183.9,183.9,183.9,183.9,183.9,183.9,183.9,183.9,183.9,183.9,183.9,183.9,183.9,183.9,183.9,183.9,183.9,183.9,183.9,183.9,183.9,183.9,183.9
2023-03-01,,,,,,,,,,,,,,,,,,,,,,,,,,,,,,,,,,,,,,,,,,,,,,,,,,,,,,,,,,,,,,,,,,,,,,,,,,,,,,,,,,,,,,,,,,,,,,,,,,,,,,,,,,,,,,,,,,,,,,,,,,,,,,,,,,,,,,,,,,,,,,,,,,,,,,,,,,,,,,181.2,178.9,178.9,178.9,178.9,178.9,178.9,178.9,178.9,178.9,178.9,178.9,178.9,178.9,178.9,178.9,178.9,178.9,178.9,178.9,178.9,178.9,178.9,178.9,178.9,178.9,178.9,178.9,178.9,178.9,178.9,178.9,178.9,178.9,178.9,178.9,178.9,178.9,178.9,178.9,178.9
2023-04-01,,,,,,,,,,,,,,,,,,,,,,,,,,,,,,,,,,,,,,,,,,,,,,,,,,,,,,,,,,,,,,,,,,,,,,,,,,,,,,,,,,,,,,,,,,,,,,,,,,,,,,,,,,,,,,,,,,,,,,,,,,,,,,,,,,,,,,,,,,,,,,,,,,,,,,,,,,,,,,,161.0,159.5,159.5,159.5,159.5,159.5,159.5,159.5,159.5,159.5,159.5,159.5,159.5,159.5,159.5,159.5,159.5,159.5,159.5,159.5,159.5,159.5,159.5,159.5,159.5,159.5,159.5,159.5,159.5,159.5,159.5,159.5,159.5,159.5,159.5,159.5,159.5,159.5,159.5,159.5
2023-05-01,,,,,,,,,,,,,,,,,,,,,,,,,,,,,,,,,,,,,,,,,,,,,,,,,,,,,,,,,,,,,,,,,,,,,,,,,,,,,,,,,,,,,,,,,,,,,,,,,,,,,,,,,,,,,,,,,,,,,,,,,,,,,,,,,,,,,,,,,,,,,,,,,,,,,,,,,,,,,,,,163.8,161.9,157.8,157.8,157.8,157.8,157.8,157.8,157.8,157.8,157.8,157.8,157.8,157.8,157.8,157.8,157.8,157.8,157.8,157.8,157.8,157.8,157.8,157.8,157.8,157.8,157.8,157.8,157.8,157.8,157.8,157.8,157.8,157.8,157.8,157.8,157.8,157.8,157.8
2023-06-01,,,,,,,,,,,,,,,,,,,,,,,,,,,,,,,,,,,,,,,,,,,,,,,,,,,,,,,,,,,,,,,,,,,,,,,,,,,,,,,,,,,,,,,,,,,,,,,,,,,,,,,,,,,,,,,,,,,,,,,,,,,,,,,,,,,,,,,,,,,,,,,,,,,,,,,,,,,,,,,,,163.6,160.0,160.0,160.0,160.0,160.0,160.0,160.0,160.0,160.0,160.0,160.0,160.0,160.0,160.0,160.0,160.0,160.0,160.0,160.0,160.0,160.0,160.0,160.0,160.0,160.0,160.0,160.0,160.0,160.0,160.0,160.0,160.0,160.0,160.0,160.0,160.0,160.0
2023-07-01,,,,,,,,,,,,,,,,,,,,,,,,,,,,,,,,,,,,,,,,,,,,,,,,,,,,,,,,,,,,,,,,,,,,,,,,,,,,,,,,,,,,,,,,,,,,,,,,,,,,,,,,,,,,,,,,,,,,,,,,,,,,,,,,,,,,,,,,,,,,,,,,,,,,,,,,,,,,,,,,,,148.1,147.6,147.6,150.0,150.0,150.0,150.0,150.0,150.0,150.0,150.0,150.0,150.0,150.0,150.0,150.0,150.0,150.0,150.0,150.0,150.0,150.0,150.0,150.0,150.0,150.0,150.0,150.0,150.0,150.0,150.0,150.0,150.0,150.0,150.0,150.0,150.0
2023-08-01,,,,,,,,,,,,,,,,,,,,,,,,,,,,,,,,,,,,,,,,,,,,,,,,,,,,,,,,,,,,,,,,,,,,,,,,,,,,,,,,,,,,,,,,,,,,,,,,,,,,,,,,,,,,,,,,,,,,,,,,,,,,,,,,,,,,,,,,,,,,,,,,,,,,,,,,,,,,,,,,,,,156.7,156.5,159.1,159.1,159.1,159.1,159.1,159.1,159.1,159.1,159.1,159.1,159.1,159.1,159.1,159.1,159.1,159.1,159.1,159.1,159.1,159.1,159.1,159.1,159.1,159.1,159.1,159.1,159.1,159.1,159.1,159.1,159.1,159.1,159.1,159.1
2023-09-01,,,,,,,,,,,,,,,,,,,,,,,,,,,,,,,,,,,,,,,,,,,,,,,,,,,,,,,,,,,,,,,,,,,,,,,,,,,,,,,,,,,,,,,,,,,,,,,,,,,,,,,,,,,,,,,,,,,,,,,,,,,,,,,,,,,,,,,,,,,,,,,,,,,,,,,,,,,,,,,,,,,,148.0,148.9,148.9,148.9,148.9,148.9,148.9,148.9,148.9,148.9,148.9,148.9,148.9,148.9,148.9,148.9,148.9,148.9,148.9,148.9,148.9,148.9,148.9,148.9,148.9,148.9,148.9,148.9,148.9,148.9,148.9,148.9,148.9,148.9,148.9
2023-10-01,,,,,,,,,,,,,,,,,,,,,,,,,,,,,,,,,,,,,,,,,,,,,,,,,,,,,,,,,,,,,,,,,,,,,,,,,,,,,,,,,,,,,,,,,,,,,,,,,,,,,,,,,,,,,,,,,,,,,,,,,,,,,,,,,,,,,,,,,,,,,,,,,,,,,,,,,,,,,,,,,,,,,147.7,144.5,144.5,144.5,144.5,144.5,144.5,144.5,144.5,144.5,144.5,144.5,144.5,144.5,144.5,144.5,144.5,144.5,144.5,144.5,144.5,144.5,144.5,144.5,144.5,144.5,144.5,144.5,144.5,144.5,144.5,144.5,144.5,144.5
2023-11-01,,,,,,,,,,,,,,,,,,,,,,,,,,,,,,,,,,,,,,,,,,,,,,,,,,,,,,,,,,,,,,,,,,,,,,,,,,,,,,,,,,,,,,,,,,,,,,,,,,,,,,,,,,,,,,,,,,,,,,,,,,,,,,,,,,,,,,,,,,,,,,,,,,,,,,,,,,,,,,,,,,,,,,142.8,143.6,143.6,143.6,143.6,143.6,143.6,143.6,143.6,143.6,143.6,143.6,143.6,143.6,143.6,143.6,143.6,143.6,143.6,143.6,143.6,143.6,143.6,143.6,143.6,143.6,143.6,143.6,143.6,143.6,143.6,143.6,143.6
2023-12-01,,,,,,,,,,,,,,,,,,,,,,,,,,,,,,,,,,,,,,,,,,,,,,,,,,,,,,,,,,,,,,,,,,,,,,,,,,,,,,,,,,,,,,,,,,,,,,,,,,,,,,,,,,,,,,,,,,,,,,,,,,,,,,,,,,,,,,,,,,,,,,,,,,,,,,,,,,,,,,,,,,,,,,,149.7,147.4,147.4,147.4,147.4,147.4,147.4,147.4,147.4,147.4,147.4,147.4,147.4,147.4,147.4,147.4,147.4,147.4,147.4,147.4,147.4,147.4,147.4,147.4,147.4,147.4,147.4,147.4,147.4,147.4,147.4,147.4
2024-01-01,,,,,,,,,,,,,,,,,,,,,,,,,,,,,,,,,,,,,,,,,,,,,,,,,,,,,,,,,,,,,,,,,,,,,,,,,,,,,,,,,,,,,,,,,,,,,,,,,,,,,,,,,,,,,,,,,,,,,,,,,,,,,,,,,,,,,,,,,,,,,,,,,,,,,,,,,,,,,,,,,,,,,,,,151.5,134.2,131.3,131.3,131.3,131.3,131.3,131.3,131.3,131.3,131.3,131.3,131.3,131.3,131.3,131.3,131.3,131.3,131.3,131.3,131.3,131.3,131.3,131.3,131.3,131.3,131.3,131.3,131.3,131.3,131.3
2024-02-01,,,,,,,,,,,,,,,,,,,,,,,,,,,,,,,,,,,,,,,,,,,,,,,,,,,,,,,,,,,,,,,,,,,,,,,,,,,,,,,,,,,,,,,,,,,,,,,,,,,,,,,,,,,,,,,,,,,,,,,,,,,,,,,,,,,,,,,,,,,,,,,,,,,,,,,,,,,,,,,,,,,,,,,,,140.7,137.3,136.9,137.1,137.1,137.1,137.1,137.1,137.1,137.1,137.1,137.1,137.1,137.1,137.1,137.1,137.1,137.1,137.1,137.1,137.1,137.1,137.1,137.1,137.1,137.1,137.1,137.1,137.1,137.1
2024-03-01,,,,,,,,,,,,,,,,,,,,,,,,,,,,,,,,,,,,,,,,,,,,,,,,,,,,,,,,,,,,,,,,,,,,,,,,,,,,,,,,,,,,,,,,,,,,,,,,,,,,,,,,,,,,,,,,,,,,,,,,,,,,,,,,,,,,,,,,,,,,,,,,,,,,,,,,,,,,,,,,,,,,,,,,,,139.9,148.0,148.3,148.3,148.3,148.3,148.3,148.3,148.3,148.3,148.3,148.3,148.3,148.3,148.3,148.3,148.3,148.3,148.3,148.3,148.3,148.3,148.3,148.3,148.3,148.3,148.3,148.3,148.3
2024-04-01,,,,,,,,,,,,,,,,,,,,,,,,,,,,,,,,,,,,,,,,,,,,,,,,,,,,,,,,,,,,,,,,,,,,,,,,,,,,,,,,,,,,,,,,,,,,,,,,,,,,,,,,,,,,,,,,,,,,,,,,,,,,,,,,,,,,,,,,,,,,,,,,,,,,,,,,,,,,,,,,,,,,,,,,,,,149.8,135.0,135.0,135.0,135.0,135.0,135.0,135.0,135.0,135.0,135.0,135.0,135.0,135.0,135.0,135.0,135.0,135.0,135.0,135.0,135.0,135.0,135.0,135.0,135.0,135.0,135.0,135.0
2024-05-01,,,,,,,,,,,,,,,,,,,,,,,,,,,,,,,,,,,,,,,,,,,,,,,,,,,,,,,,,,,,,,,,,,,,,,,,,,,,,,,,,,,,,,,,,,,,,,,,,,,,,,,,,,,,,,,,,,,,,,,,,,,,,,,,,,,,,,,,,,,,,,,,,,,,,,,,,,,,,,,,,,,,,,,,,,,,126.8,138.7,138.7,138.7,138.7,138.7,138.7,138.7,138.7,138.7,138.7,138.7,138.7,138.7,138.7,138.7,138.7,138.7,138.7,138.7,138.7,138.7,138.7,138.7,138.7,138.7,138.7
2024-06-01,,,,,,,,,,,,,,,,,,,,,,,,,,,,,,,,,,,,,,,,,,,,,,,,,,,,,,,,,,,,,,,,,,,,,,,,,,,,,,,,,,,,,,,,,,,,,,,,,,,,,,,,,,,,,,,,,,,,,,,,,,,,,,,,,,,,,,,,,,,,,,,,,,,,,,,,,,,,,,,,,,,,,,,,,,,,,128.7,129.6,129.6,129.6,129.6,129.6,129.6,129.6,129.6,129.6,129.6,129.6,129.6,129.6,129.6,129.6,129.6,129.6,129.6,129.6,129.6,129.6,129.6,129.6,129.6,129.6
2024-07-01,,,,,,,,,,,,,,,,,,,,,,,,,,,,,,,,,,,,,,,,,,,,,,,,,,,,,,,,,,,,,,,,,,,,,,,,,,,,,,,,,,,,,,,,,,,,,,,,,,,,,,,,,,,,,,,,,,,,,,,,,,,,,,,,,,,,,,,,,,,,,,,,,,,,,,,,,,,,,,,,,,,,,,,,,,,,,,133.8,137.0,137.0,137.0,137.0,137.0,137.0,137.0,137.0,137.0,137.0,137.0,137.0,137.0,137.0,137.0,137.0,137.0,137.0,137.0,137.0,137.0,137.0,137.0,137.0
2024-08-01,,,,,,,,,,,,,,,,,,,,,,,,,,,,,,,,,,,,,,,,,,,,,,,,,,,,,,,,,,,,,,,,,,,,,,,,,,,,,,,,,,,,,,,,,,,,,,,,,,,,,,,,,,,,,,,,,,,,,,,,,,,,,,,,,,,,,,,,,,,,,,,,,,,,,,,,,,,,,,,,,,,,,,,,,,,,,,,130.9,131.1,131.1,131.1,131.1,131.1,131.1,131.1,131.1,131.1,131.1,131.1,131.1,131.1,131.1,131.1,131.1,131.1,131.1,131.1,131.1,131.1,131.1,131.1
2024-09-01,,,,,,,,,,,,,,,,,,,,,,,,,,,,,,,,,,,,,,,,,,,,,,,,,,,,,,,,,,,,,,,,,,,,,,,,,,,,,,,,,,,,,,,,,,,,,,,,,,,,,,,,,,,,,,,,,,,,,,,,,,,,,,,,,,,,,,,,,,,,,,,,,,,,,,,,,,,,,,,,,,,,,,,,,,,,,,,,127.2,129.3,129.3,129.3,129.3,129.3,129.3,129.3,129.3,129.3,129.3,129.3,129.3,129.3,129.3,129.3,129.3,129.3,129.3,129.3,129.3,129.3,129.3
2024-10-01,,,,,,,,,,,,,,,,,,,,,,,,,,,,,,,,,,,,,,,,,,,,,,,,,,,,,,,,,,,,,,,,,,,,,,,,,,,,,,,,,,,,,,,,,,,,,,,,,,,,,,,,,,,,,,,,,,,,,,,,,,,,,,,,,,,,,,,,,,,,,,,,,,,,,,,,,,,,,,,,,,,,,,,,,,,,,,,,,140.4,139.6,139.6,139.6,139.6,139.6,139.6,139.6,139.6,139.6,139.6,139.6,139.6,139.6,139.6,139.6,139.6,139.6,139.6,139.6,139.6,139.6
2024-11-01,,,,,,,,,,,,,,,,,,,,,,,,,,,,,,,,,,,,,,,,,,,,,,,,,,,,,,,,,,,,,,,,,,,,,,,,,,,,,,,,,,,,,,,,,,,,,,,,,,,,,,,,,,,,,,,,,,,,,,,,,,,,,,,,,,,,,,,,,,,,,,,,,,,,,,,,,,,,,,,,,,,,,,,,,,,,,,,,,,146.5,138.7,138.7,138.7,138.7,138.7,138.7,138.7,138.7,138.7,138.7,138.7,138.7,138.7,138.7,138.7,138.7,138.7,138.7,138.7,138.7
2024-12-01,,,,,,,,,,,,,,,,,,,,,,,,,,,,,,,,,,,,,,,,,,,,,,,,,,,,,,,,,,,,,,,,,,,,,,,,,,,,,,,,,,,,,,,,,,,,,,,,,,,,,,,,,,,,,,,,,,,,,,,,,,,,,,,,,,,,,,,,,,,,,,,,,,,,,,,,,,,,,,,,,,,,,,,,,,,,,,,,,,,143.6,139.2,139.2,139.2,139.2,139.2,139.2,139.2,139.2,139.2,139.2,139.2,139.2,139.2,139.2,139.2,139.2,139.2,139.2,139.2
2025-01-01,,,,,,,,,,,,,,,,,,,,,,,,,,,,,,,,,,,,,,,,,,,,,,,,,,,,,,,,,,,,,,,,,,,,,,,,,,,,,,,,,,,,,,,,,,,,,,,,,,,,,,,,,,,,,,,,,,,,,,,,,,,,,,,,,,,,,,,,,,,,,,,,,,,,,,,,,,,,,,,,,,,,,,,,,,,,,,,,,,,,129.9,133.0,140.5,140.5,140.5,140.5,140.5,140.5,140.5,140.5,140.5,140.5,140.5,140.5,140.5,140.5,140.5,140.5,140.5
2025-02-01,,,,,,,,,,,,,,,,,,,,,,,,,,,,,,,,,,,,,,,,,,,,,,,,,,,,,,,,,,,,,,,,,,,,,,,,,,,,,,,,,,,,,,,,,,,,,,,,,,,,,,,,,,,,,,,,,,,,,,,,,,,,,,,,,,,,,,,,,,,,,,,,,,,,,,,,,,,,,,,,,,,,,,,,,,,,,,,,,,,,,138.5,144.7,144.7,144.7,144.7,144.7,144.7,144.7,144.7,144.7,144.7,144.7,144.7,144.7,144.7,144.7,144.7,144.7
2025-03-01,,,,,,,,,,,,,,,,,,,,,,,,,,,,,,,,,,,,,,,,,,,,,,,,,,,,,,,,,,,,,,,,,,,,,,,,,,,,,,,,,,,,,,,,,,,,,,,,,,,,,,,,,,,,,,,,,,,,,,,,,,,,,,,,,,,,,,,,,,,,,,,,,,,,,,,,,,,,,,,,,,,,,,,,,,,,,,,,,,,,,,137.6,135.2,135.2,135.2,135.2,135.2,135.2,135.2,135.2,135.2,135.2,135.2,135.2,135.2,135.2,135.2,135.2
2025-04-01,,,,,,,,,,,,,,,,,,,,,,,,,,,,,,,,,,,,,,,,,,,,,,,,,,,,,,,,,,,,,,,,,,,,,,,,,,,,,,,,,,,,,,,,,,,,,,,,,,,,,,,,,,,,,,,,,,,,,,,,,,,,,,,,,,,,,,,,,,,,,,,,,,,,,,,,,,,,,,,,,,,,,,,,,,,,,,,,,,,,,,,139.5,153.6,153.6,158.3,158.3,158.3,158.3,158.3,158.3,158.3,158.3,158.3,158.3,158.3,158.3,158.3
2025-05-01,,,,,,,,,,,,,,,,,,,,,,,,,,,,,,,,,,,,,,,,,,,,,,,,,,,,,,,,,,,,,,,,,,,,,,,,,,,,,,,,,,,,,,,,,,,,,,,,,,,,,,,,,,,,,,,,,,,,,,,,,,,,,,,,,,,,,,,,,,,,,,,,,,,,,,,,,,,,,,,,,,,,,,,,,,,,,,,,,,,,,,,,163.4,158.2,163.1,163.1,163.1,163.1,163.1,163.1,163.1,163.1,163.1,163.1,163.1,163.1,163.1
2025-06-01,,,,,,,,,,,,,,,,,,,,,,,,,,,,,,,,,,,,,,,,,,,,,,,,,,,,,,,,,,,,,,,,,,,,,,,,,,,,,,,,,,,,,,,,,,,,,,,,,,,,,,,,,,,,,,,,,,,,,,,,,,,,,,,,,,,,,,,,,,,,,,,,,,,,,,,,,,,,,,,,,,,,,,,,,,,,,,,,,,,,,,,,,161.2,152.4,152.4,140.8,140.8,140.8,140.8,140.8,140.8,140.8,140.8,140.8,140.8,140.8
2025-07-01,,,,,,,,,,,,,,,,,,,,,,,,,,,,,,,,,,,,,,,,,,,,,,,,,,,,,,,,,,,,,,,,,,,,,,,,,,,,,,,,,,,,,,,,,,,,,,,,,,,,,,,,,,,,,,,,,,,,,,,,,,,,,,,,,,,,,,,,,,,,,,,,,,,,,,,,,,,,,,,,,,,,,,,,,,,,,,,,,,,,,,,,,,165.3,166.4,161.0,160.9,160.9,160.9,160.9,160.9,160.9,160.9,160.9,160.9,160.9
2025-08-01,,,,,,,,,,,,,,,,,,,,,,,,,,,,,,,,,,,,,,,,,,,,,,,,,,,,,,,,,,,,,,,,,,,,,,,,,,,,,,,,,,,,,,,,,,,,,,,,,,,,,,,,,,,,,,,,,,,,,,,,,,,,,,,,,,,,,,,,,,,,,,,,,,,,,,,,,,,,,,,,,,,,,,,,,,,,,,,,,,,,,,,,,,,163.3,158.4,158.4,158.4,158.4,158.4,158.4,158.4,158.4,158.4,158.4,158.4
2025-09-01,,,,,,,,,,,,,,,,,,,,,,,,,,,,,,,,,,,,,,,,,,,,,,,,,,,,,,,,,,,,,,,,,,,,,,,,,,,,,,,,,,,,,,,,,,,,,,,,,,,,,,,,,,,,,,,,,,,,,,,,,,,,,,,,,,,,,,,,,,,,,,,,,,,,,,,,,,,,,,,,,,,,,,,,,,,,,,,,,,,,,,,,,,,,152.4,157.1,157.1,157.1,157.1,157.1,157.1,157.1,157.1,157.1,157.1
2025-10-01,,,,,,,,,,,,,,,,,,,,,,,,,,,,,,,,,,,,,,,,,,,,,,,,,,,,,,,,,,,,,,,,,,,,,,,,,,,,,,,,,,,,,,,,,,,,,,,,,,,,,,,,,,,,,,,,,,,,,,,,,,,,,,,,,,,,,,,,,,,,,,,,,,,,,,,,,,,,,,,,,,,,,,,,,,,,,,,,,,,,,,,,,,,,,,,,,,,,,,
2025-11-01,,,,,,,,,,,,,,,,,,,,,,,,,,,,,,,,,,,,,,,,,,,,,,,,,,,,,,,,,,,,,,,,,,,,,,,,,,,,,,,,,,,,,,,,,,,,,,,,,,,,,,,,,,,,,,,,,,,,,,,,,,,,,,,,,,,,,,,,,,,,,,,,,,,,,,,,,,,,,,,,,,,,,,,,,,,,,,,,,,,,,,,,,,,,,160.8,160.8,160.8,160.8,160.8,160.8,160.8,160.8,160.8,160.8
2025-12-01,,,,,,,,,,,,,,,,,,,,,,,,,,,,,,,,,,,,,,,,,,,,,,,,,,,,,,,,,,,,,,,,,,,,,,,,,,,,,,,,,,,,,,,,,,,,,,,,,,,,,,,,,,,,,,,,,,,,,,,,,,,,,,,,,,,,,,,,,,,,,,,,,,,,,,,,,,,,,,,,,,,,,,,,,,,,,,,,,,,,,,,,,,,,,,,167.7,167.7,167.7,167.7,167.7,167.7,167.7,167.7
2026-01-01,,,,,,,,,,,,,,,,,,,,,,,,,,,,,,,,,,,,,,,,,,,,,,,,,,,,,,,,,,,,,,,,,,,,,,,,,,,,,,,,,,,,,,,,,,,,,,,,,,,,,,,,,,,,,,,,,,,,,,,,,,,,,,,,,,,,,,,,,,,,,,,,,,,,,,,,,,,,,,,,,,,,,,,,,,,,,,,,,,,,,,,,,,,,,,,174.8,176.7,176.7,173.0,173.0,173.0,173.0,173.0
2026-02-01,,,,,,,,,,,,,,,,,,,,,,,,,,,,,,,,,,,,,,,,,,,,,,,,,,,,,,,,,,,,,,,,,,,,,,,,,,,,,,,,,,,,,,,,,,,,,,,,,,,,,,,,,,,,,,,,,,,,,,,,,,,,,,,,,,,,,,,,,,,,,,,,,,,,,,,,,,,,,,,,,,,,,,,,,,,,,,,,,,,,,,,,,,,,,,,,174.6,167.8,168.7,168.7,168.7,168.7,168.7
2026-03-01,,,,,,,,,,,,,,,,,,,,,,,,,,,,,,,,,,,,,,,,,,,,,,,,,,,,,,,,,,,,,,,,,,,,,,,,,,,,,,,,,,,,,,,,,,,,,,,,,,,,,,,,,,,,,,,,,,,,,,,,,,,,,,,,,,,,,,,,,,,,,,,,,,,,,,,,,,,,,,,,,,,,,,,,,,,,,,,,,,,,,,,,,,,,,,,,,179.9,184.3,184.3,184.3,184.3,184.3
2026-04-01,,,,,,,,,,,,,,,,,,,,,,,,,,,,,,,,,,,,,,,,,,,,,,,,,,,,,,,,,,,,,,,,,,,,,,,,,,,,,,,,,,,,,,,,,,,,,,,,,,,,,,,,,,,,,,,,,,,,,,,,,,,,,,,,,,,,,,,,,,,,,,,,,,,,,,,,,,,,,,,,,,,,,,,,,,,,,,,,,,,,,,,,,,,,,,,,,,180.8,178.7,178.7,178.7,178.7
2026-05-01,,,,,,,,,,,,,,,,,,,,,,,,,,,,,,,,,,,,,,,,,,,,,,,,,,,,,,,,,,,,,,,,,,,,,,,,,,,,,,,,,,,,,,,,,,,,,,,,,,,,,,,,,,,,,,,,,,,,,,,,,,,,,,,,,,,,,,,,,,,,,,,,,,,,,,,,,,,,,,,,,,,,,,,,,,,,,,,,,,,,,,,,,,,,,,,,,,,188.2,190.1,190.1,190.1
2026-06-01,,,,,,,,,,,,,,,,,,,,,,,,,,,,,,,,,,,,,,,,,,,,,,,,,,,,,,,,,,,,,,,,,,,,,,,,,,,,,,,,,,,,,,,,,,,,,,,,,,,,,,,,,,,,,,,,,,,,,,,,,,,,,,,,,,,,,,,,,,,,,,,,,,,,,,,,,,,,,,,,,,,,,,,,,,,,,,,,,,,,,,,,,,,,,,,,,,,,183.8,182.5,182.5
2026-07-01,,,,,,,,,,,,,,,,,,,,,,,,,,,,,,,,,,,,,,,,,,,,,,,,,,,,,,,,,,,,,,,,,,,,,,,,,,,,,,,,,,,,,,,,,,,,,,,,,,,,,,,,,,,,,,,,,,,,,,,,,,,,,,,,,,,,,,,,,,,,,,,,,,,,,,,,,,,,,,,,,,,,,,,,,,,,,,,,,,,,,,,,,,,,,,,,,,,,,174.9,187.4
2026-08-01,,,,,,,,,,,,,,,,,,,,,,,,,,,,,,,,,,,,,,,,,,,,,,,,,,,,,,,,,,,,,,,,,,,,,,,,,,,,,,,,,,,,,,,,,,,,,,,,,,,,,,,,,,,,,,,,,,,,,,,,,,,,,,,,,,,,,,,,,,,,,,,,,,,,,,,,,,,,,,,,,,,,,,,,,,,,,,,,,,,,,,,,,,,,,,,,,,,,,,197.3
