observation_date,IS2312_20100316,IS2312_20100413,IS2312_20100513,IS2312_20100615,IS2312_20100714,IS2312_20100812,IS2312_20100915,IS2312_20101013,IS2312_20101110,IS2312_20101210,IS2312_20110112,IS2312_20110215,IS2312_20110315,IS2312_20110412,IS2312_20110510,IS2312_20110610,IS2312_20110713,IS2312_20110816,IS2312_20110913,IS2312_20111014,IS2312_20111110,IS2312_20111214,IS2312_20120113,IS2312_20120214,IS2312_20120314,IS2312_20120411,IS2312_20120510,IS2312_20120612,IS2312_20120712,IS2312_20120810,IS2312_20120912,IS2312_20121011,IS2312_20121109,IS2312_20121212,IS2312_20130111,IS2312_20130213,IS2312_20130313,IS2312_20130411,IS2312_20130514,IS2312_20130613,IS2312_20130711,IS2312_20130813,IS2312_20130912,IS2312_20131023,IS2312_20131115,IS2312_20131212,IS2312_20140114,IS2312_20140214,IS2312_20140313,IS2312_20140410,IS2312_20140513,IS2312_20140612,IS2312_20140715,IS2312_20140814,IS2312_20140912,IS2312_20141010,IS2312_20141114,IS2312_20141211,IS2312_20150114,IS2312_20150213,IS2312_20150312,IS2312_20150410,IS2312_20150513,IS2312_20150611,IS2312_20150714,IS2312_20150813,IS2312_20150910,IS2312_20151009,IS2312_20151110,IS2312_20151210,IS2312_20160114,IS2312_20160212,IS2312_20160311,IS2312_20160412,IS2312_20160512,IS2312_20160614,IS2312_20160713,IS2312_20160811,IS2312_20160914,IS2312_20161013,IS2312_20161115,IS2312_20161213,IS2312_20170112,IS2312_20170210,IS2312_20170309,IS2312_20170412,IS2312_20170510,IS2312_20170615,IS2312_20170718,IS2312_20170815,IS2312_20170919,IS2312_20171017,IS2312_20171116,IS2312_20171214,IS2312_20180110,IS2312_20180216,IS2312_20180315,IS2312_20180412,IS2312_20180511,IS2312_20180614,IS2312_20180713,IS2312_20180814,IS2312_20180914,IS2312_20181012,IS2312_20181115,IS2312_20181213,IS2312_20190116,IS2312_20190215,IS2312_20190314,IS2312_20190412,IS2312_20190514,IS2312_20190613,IS2312_20190716,IS2312_20190814,IS2312_20190913,IS2312_20191011,IS2312_20191115,IS2312_20191213,IS2312_20200116,IS2312_20200214,IS2312_20200313,IS2312_20200414,IS2312_20200514,IS2312_20200612,IS2312_20200715,IS2312_20200813,IS2312_20200915,IS2312_20201015,IS2312_20201117,IS2312_20201215,IS2312_20210114,IS2312_20210218,IS2312_20210316,IS2312_20210414,IS2312_20210514,IS2312_20210616,IS2312_20210715,IS2312_20210813,IS2312_20210915,IS2312_20211015,IS2312_20211116,IS2312_20211215,IS2312_20220114,IS2312_20220216,IS2312_20220316,IS2312_20220414,IS2312_20220513,IS2312_20220615,IS2312_20220715,IS2312_20220812,IS2312_20220915,IS2312_20221014,IS2312_20221116,IS2312_20221214,IS2312_20230113,IS2312_20230217,IS2312_20230316,IS2312_20230414,IS2312_20230512,IS2312_20230615,IS2312_20230714,IS2312_20230815,IS2312_20230915,IS2312_20231013,IS2312_20231116,IS2312_20231214,IS2312_20240117,IS2312_20240215,IS2312_20240315,IS2312_20240412,IS2312_20240516,IS2312_20240614,IS2312_20240716,IS2312_20240815,IS2312_20240913,IS2312_20241016,IS2312_20241115,IS2312_20241213,IS2312_20250116,IS2312_20250214,IS2312_20250318,IS2312_20250415,IS2312_20250516,IS2312_20250617,IS2312_20250717,IS2312_20250815,IS2312_20250916,IS2312_20251203,IS2312_20260115,IS2312_20260210,IS2312_20260305,IS2312_20260325,IS2312_20260415,IS2312_20260514,IS2312_20260616,IS2312_20260717,IS2312_20260818,IS2312_20260916
1992-09-01,120.9,120.9,120.9,120.9,120.9,120.9,120.9,120.9,120.9,120.9,120.9,120.9,120.9,120.9,120.9,120.9,120.9,120.9,120.9,120.9,120.9,120.9,120.9,120.9,120.9,120.9,120.9,120.9,120.9,120.9,120.9,120.9,120.9,120.9,120.9,120.9,120.9,120.9,120.9,120.9,120.9,120.9,120.9,120.9,120.9,120.9,120.9,120.9,120.9,120.9,120.9,120.9,120.9,120.9,120.9,120.9,120.9,120.9,120.9,120.9,120.9,120.9,120.9,120.9,120.9,120.9,120.9,120.9,120.9,120.9,120.9,120.9,120.9,120.9,120.9,120.9,120.9,120.9,120.9,120.9,120.9,120.9,120.9,120.9,120.9,120.9,120.9,120.9,120.9,120.9,120.9,120.9,120.9,120.9,120.9,120.9,120.9,120.9,120.9,120.9,120.9,120.9,120.9,120.9,120.9,120.9,120.9,120.9,120.9,120.9,120.9,120.9,120.9,120.9,120.9,120.9,120.9,120.9,120.9,120.9,120.9,120.9,120.9,120.9,120.9,120.9,120.9,120.9,120.9,120.9,120.9,120.9,120.9,120.9,120.9,120.9,120.9,120.9,120.9,120.9,120.9,120.9,120.9,120.9,120.9,120.9,120.9,120.9,120.9,120.9,120.9,120.9,120.9,120.9,120.9,120.9,120.9,120.9,120.9,120.9,120.9,120.9,120.9,120.9,120.9,120.9,120.9,120.9,120.9,120.9,120.9,120.9,120.9,120.9,120.9,120.9,120.9,120.9,120.9,120.9,120.9,120.9,120.9,120.9,120.9,120.9,120.9,120.9,120.9,120.9,120.9,120.9,120.9,120.9,120.9,120.9,120.9,120.9
1992-10-01,,,,,,,,,,,,,,,,,,,,,,,,,,,,,,,,,,,,,,,,,,,,,,,,,,,,,,,,,,,,,,,,,,,,,,,,,,,,,,,,,,,,,,,,,,,,,,,,,,,,,,,,,,,,,,,,,,,,,,,,,,,,,,,,,,,,,,,,,,,,,,,,,,,,,,,,,,,,,,,,,,,,,,,,,,,,,,,,,,,,,,,,,,,,,,,,,,,,,,
1992-11-01,,,,,,,,,,,,,,,,,,,,,,,,,,,,,,,,,,,,,,,,,,,,,,,,,,,,,,,,,,,,,,,,,,,,,,,,,,,,,,,,,,,,,,,,,,,,,,,,,,,,,,,,,,,,,,,,,,,,,,,,,,,,,,,,,,,,,,,,,,,,,,,,,,,,,,,,,,,,,,,,,,,,,,,,,,,,,,,,,,,,,,,,,,,,,,,,,,,,,,
1992-12-01,118.6,118.6,118.6,118.6,118.6,118.6,118.6,118.6,118.6,118.6,118.6,118.6,118.6,118.6,118.6,118.6,118.6,118.6,118.6,118.6,118.6,118.6,118.6,118.6,118.6,118.6,118.6,118.6,118.6,118.6,118.6,118.6,118.6,118.6,118.6,118.6,118.6,118.6,118.6,118.6,118.6,118.6,118.6,118.6,118.6,118.6,118.6,118.6,118.6,118.6,118.6,118.6,118.6,118.6,118.6,118.6,118.6,118.6,118.6,118.6,118.6,118.6,118.6,118.6,118.6,118.6,118.6,118.6,118.6,118.6,118.6,118.6,118.6,118.6,118.6,118.6,118.6,118.6,118.6,118.6,118.6,118.6,118.6,118.6,118.6,118.6,118.6,118.6,118.6,118.6,118.6,118.6,118.6,118.6,118.6,118.6,118.6,118.6,118.6,118.6,118.6,118.6,118.6,118.6,118.6,118.6,118.6,118.6,118.6,118.6,118.6,118.6,118.6,118.6,118.6,118.6,118.6,118.6,118.6,118.6,118.6,118.6,118.6,118.6,118.6,118.6,118.6,118.6,118.6,118.6,118.6,118.6,118.6,118.6,118.6,118.6,118.6,118.6,118.6,118.6,118.6,118.6,118.6,118.6,118.6,118.6,118.6,118.6,118.6,118.6,118.6,118.6,118.6,118.6,118.6,118.6,118.6,118.6,118.6,118.6,118.6,118.6,118.6,118.6,118.6,118.6,118.6,118.6,118.6,118.6,118.6,118.6,118.6,118.6,118.6,118.6,118.6,118.6,118.6,118.6,118.6,118.6,118.6,118.6,118.6,118.6,118.6,118.6,118.6,118.6,118.6,118.6,118.6,118.6,118.6,118.6,118.6,118.6
1993-01-01,,,,,,,,,,,,,,,,,,,,,,,,,,,,,,,,,,,,,,,,,,,,,,,,,,,,,,,,,,,,,,,,,,,,,,,,,,,,,,,,,,,,,,,,,,,,,,,,,,,,,,,,,,,,,,,,,,,,,,,,,,,,,,,,,,,,,,,,,,,,,,,,,,,,,,,,,,,,,,,,,,,,,,,,,,,,,,,,,,,,,,,,,,,,,,,,,,,,,,
1993-02-01,,,,,,,,,,,,,,,,,,,,,,,,,,,,,,,,,,,,,,,,,,,,,,,,,,,,,,,,,,,,,,,,,,,,,,,,,,,,,,,,,,,,,,,,,,,,,,,,,,,,,,,,,,,,,,,,,,,,,,,,,,,,,,,,,,,,,,,,,,,,,,,,,,,,,,,,,,,,,,,,,,,,,,,,,,,,,,,,,,,,,,,,,,,,,,,,,,,,,,
1993-03-01,117.9,117.9,117.9,117.9,117.9,117.9,117.9,117.9,117.9,117.9,117.9,117.9,117.9,117.9,117.9,117.9,117.9,117.9,117.9,117.9,117.9,117.9,117.9,117.9,117.9,117.9,117.9,117.9,117.9,117.9,117.9,117.9,117.9,117.9,117.9,117.9,117.9,117.9,117.9,117.9,117.9,117.9,117.9,117.9,117.9,117.9,117.9,117.9,117.9,117.9,117.9,117.9,117.9,117.9,117.9,117.9,117.9,117.9,117.9,117.9,117.9,117.9,117.9,117.9,117.9,117.9,117.9,117.9,117.9,117.9,117.9,117.9,117.9,117.9,117.9,117.9,117.9,117.9,117.9,117.9,117.9,117.9,117.9,117.9,117.9,117.9,117.9,117.9,117.9,117.9,117.9,117.9,117.9,117.9,117.9,117.9,117.9,117.9,117.9,117.9,117.9,117.9,117.9,117.9,117.9,117.9,117.9,117.9,117.9,117.9,117.9,117.9,117.9,117.9,117.9,117.9,117.9,117.9,117.9,117.9,117.9,117.9,117.9,117.9,117.9,117.9,117.9,117.9,117.9,117.9,117.9,117.9,117.9,117.9,117.9,117.9,117.9,117.9,117.9,117.9,117.9,117.9,117.9,117.9,117.9,117.9,117.9,117.9,117.9,117.9,117.9,117.9,117.9,117.9,117.9,117.9,117.9,117.9,117.9,117.9,117.9,117.9,117.9,117.9,117.9,117.9,117.9,117.9,117.9,117.9,117.9,117.9,117.9,117.9,117.9,117.9,117.9,117.9,117.9,117.9,117.9,117.9,117.9,117.9,117.9,117.9,117.9,117.9,117.9,117.9,117.9,117.9,117.9,117.9,117.9,117.9,117.9,117.9
1993-04-01,,,,,,,,,,,,,,,,,,,,,,,,,,,,,,,,,,,,,,,,,,,,,,,,,,,,,,,,,,,,,,,,,,,,,,,,,,,,,,,,,,,,,,,,,,,,,,,,,,,,,,,,,,,,,,,,,,,,,,,,,,,,,,,,,,,,,,,,,,,,,,,,,,,,,,,,,,,,,,,,,,,,,,,,,,,,,,,,,,,,,,,,,,,,,,,,,,,,,,
1993-05-01,,,,,,,,,,,,,,,,,,,,,,,,,,,,,,,,,,,,,,,,,,,,,,,,,,,,,,,,,,,,,,,,,,,,,,,,,,,,,,,,,,,,,,,,,,,,,,,,,,,,,,,,,,,,,,,,,,,,,,,,,,,,,,,,,,,,,,,,,,,,,,,,,,,,,,,,,,,,,,,,,,,,,,,,,,,,,,,,,,,,,,,,,,,,,,,,,,,,,,
1993-06-01,116.7,116.7,116.7,116.7,116.7,116.7,116.7,116.7,116.7,116.7,116.7,116.7,116.7,116.7,116.7,116.7,116.7,116.7,116.7,116.7,116.7,116.7,116.7,116.7,116.7,116.7,116.7,116.7,116.7,116.7,116.7,116.7,116.7,116.7,116.7,116.7,116.7,116.7,116.7,116.7,116.7,116.7,116.7,116.7,116.7,116.7,116.7,116.7,116.7,116.7,116.7,116.7,116.7,116.7,116.7,116.7,116.7,116.7,116.7,116.7,116.7,116.7,116.7,116.7,116.7,116.7,116.7,116.7,116.7,116.7,116.7,116.7,116.7,116.7,116.7,116.7,116.7,116.7,116.7,116.7,116.7,116.7,116.7,116.7,116.7,116.7,116.7,116.7,116.7,116.7,116.7,116.7,116.7,116.7,116.7,116.7,116.7,116.7,116.7,116.7,116.7,116.7,116.7,116.7,116.7,116.7,116.7,116.7,116.7,116.7,116.7,116.7,116.7,116.7,116.7,116.7,116.7,116.7,116.7,116.7,116.7,116.7,116.7,116.7,116.7,116.7,116.7,116.7,116.7,116.7,116.7,116.7,116.7,116.7,116.7,116.7,116.7,116.7,116.7,116.7,116.7,116.7,116.7,116.7,116.7,116.7,116.7,116.7,116.7,116.7,116.7,116.7,116.7,116.7,116.7,116.7,116.7,116.7,116.7,116.7,116.7,116.7,116.7,116.7,116.7,116.7,116.7,116.7,116.7,116.7,116.7,116.7,116.7,116.7,116.7,116.7,116.7,116.7,116.7,116.7,116.7,116.7,116.7,116.7,116.7,116.7,116.7,116.7,116.7,116.7,116.7,116.7,116.7,116.7,116.7,116.7,116.7,116.7
1993-07-01,,,,,,,,,,,,,,,,,,,,,,,,,,,,,,,,,,,,,,,,,,,,,,,,,,,,,,,,,,,,,,,,,,,,,,,,,,,,,,,,,,,,,,,,,,,,,,,,,,,,,,,,,,,,,,,,,,,,,,,,,,,,,,,,,,,,,,,,,,,,,,,,,,,,,,,,,,,,,,,,,,,,,,,,,,,,,,,,,,,,,,,,,,,,,,,,,,,,,,
1993-08-01,,,,,,,,,,,,,,,,,,,,,,,,,,,,,,,,,,,,,,,,,,,,,,,,,,,,,,,,,,,,,,,,,,,,,,,,,,,,,,,,,,,,,,,,,,,,,,,,,,,,,,,,,,,,,,,,,,,,,,,,,,,,,,,,,,,,,,,,,,,,,,,,,,,,,,,,,,,,,,,,,,,,,,,,,,,,,,,,,,,,,,,,,,,,,,,,,,,,,,
1993-09-01,115.9,115.9,115.9,115.9,115.9,115.9,115.9,115.9,115.9,115.9,115.9,115.9,115.9,115.9,115.9,115.9,115.9,115.9,115.9,115.9,115.9,115.9,115.9,115.9,115.9,115.9,115.9,115.9,115.9,115.9,115.9,115.9,115.9,115.9,115.9,115.9,115.9,115.9,115.9,115.9,115.9,115.9,115.9,115.9,115.9,115.9,115.9,115.9,115.9,115.9,115.9,115.9,115.9,115.9,115.9,115.9,115.9,115.9,115.9,115.9,115.9,115.9,115.9,115.9,115.9,115.9,115.9,115.9,115.9,115.9,115.9,115.9,115.9,115.9,115.9,115.9,115.9,115.9,115.9,115.9,115.9,115.9,115.9,115.9,115.9,115.9,115.9,115.9,115.9,115.9,115.9,115.9,115.9,115.9,115.9,115.9,115.9,115.9,115.9,115.9,115.9,115.9,115.9,115.9,115.9,115.9,115.9,115.9,115.9,115.9,115.9,115.9,115.9,115.9,115.9,115.9,115.9,115.9,115.9,115.9,115.9,115.9,115.9,115.9,115.9,115.9,115.9,115.9,115.9,115.9,115.9,115.9,115.9,115.9,115.9,115.9,115.9,115.9,115.9,115.9,115.9,115.9,115.9,115.9,115.9,115.9,115.9,115.9,115.9,115.9,115.9,115.9,115.9,115.9,115.9,115.9,115.9,115.9,115.9,115.9,115.9,115.9,115.9,115.9,115.9,115.9,115.9,115.9,115.9,115.9,115.9,115.9,115.9,115.9,115.9,115.9,115.9,115.9,115.9,115.9,115.9,115.9,115.9,115.9,115.9,115.9,115.9,115.9,115.9,115.9,115.9,115.9,115.9,115.9,115.9,115.9,115.9,115.9
1993-10-01,,,,,,,,,,,,,,,,,,,,,,,,,,,,,,,,,,,,,,,,,,,,,,,,,,,,,,,,,,,,,,,,,,,,,,,,,,,,,,,,,,,,,,,,,,,,,,,,,,,,,,,,,,,,,,,,,,,,,,,,,,,,,,,,,,,,,,,,,,,,,,,,,,,,,,,,,,,,,,,,,,,,,,,,,,,,,,,,,,,,,,,,,,,,,,,,,,,,,,
1993-11-01,,,,,,,,,,,,,,,,,,,,,,,,,,,,,,,,,,,,,,,,,,,,,,,,,,,,,,,,,,,,,,,,,,,,,,,,,,,,,,,,,,,,,,,,,,,,,,,,,,,,,,,,,,,,,,,,,,,,,,,,,,,,,,,,,,,,,,,,,,,,,,,,,,,,,,,,,,,,,,,,,,,,,,,,,,,,,,,,,,,,,,,,,,,,,,,,,,,,,,
1993-12-01,116.1,116.1,116.1,116.1,116.1,116.1,116.1,116.1,116.1,116.1,116.1,116.1,116.1,116.1,116.1,116.1,116.1,116.1,116.1,116.1,116.1,116.1,116.1,116.1,116.1,116.1,116.1,116.1,116.1,116.1,116.1,116.1,116.1,116.1,116.1,116.1,116.1,116.1,116.1,116.1,116.1,116.1,116.1,116.1,116.1,116.1,116.1,116.1,116.1,116.1,116.1,116.1,116.1,116.1,116.1,116.1,116.1,116.1,116.1,116.1,116.1,116.1,116.1,116.1,116.1,116.1,116.1,116.1,116.1,116.1,116.1,116.1,116.1,116.1,116.1,116.1,116.1,116.1,116.1,116.1,116.1,116.1,116.1,116.1,116.1,116.1,116.1,116.1,116.1,116.1,116.1,116.1,116.1,116.1,116.1,116.1,116.1,116.1,116.1,116.1,116.1,116.1,116.1,116.1,116.1,116.1,116.1,116.1,116.1,116.1,116.1,116.1,116.1,116.1,116.1,116.1,116.1,116.1,116.1,116.1,116.1,116.1,116.1,116.1,116.1,116.1,116.1,116.1,116.1,116.1,116.1,116.1,116.1,116.1,116.1,116.1,116.1,116.1,116.1,116.1,116.1,116.1,116.1,116.1,116.1,116.1,116.1,116.1,116.1,116.1,116.1,116.1,116.1,116.1,116.1,116.1,116.1,116.1,116.1,116.1,116.1,116.1,116.1,116.1,116.1,116.1,116.1,116.1,116.1,116.1,116.1,116.1,116.1,116.1,116.1,116.1,116.1,116.1,116.1,116.1,116.1,116.1,116.1,116.1,116.1,116.1,116.1,116.1,116.1,116.1,116.1,116.1,116.1,116.1,116.1,116.1,116.1,116.1
1994-01-01,,,,,,,,,,,,,,,,,,,,,,,,,,,,,,,,,,,,,,,,,,,,,,,,,,,,,,,,,,,,,,,,,,,,,,,,,,,,,,,,,,,,,,,,,,,,,,,,,,,,,,,,,,,,,,,,,,,,,,,,,,,,,,,,,,,,,,,,,,,,,,,,,,,,,,,,,,,,,,,,,,,,,,,,,,,,,,,,,,,,,,,,,,,,,,,,,,,,,,
1994-02-01,,,,,,,,,,,,,,,,,,,,,,,,,,,,,,,,,,,,,,,,,,,,,,,,,,,,,,,,,,,,,,,,,,,,,,,,,,,,,,,,,,,,,,,,,,,,,,,,,,,,,,,,,,,,,,,,,,,,,,,,,,,,,,,,,,,,,,,,,,,,,,,,,,,,,,,,,,,,,,,,,,,,,,,,,,,,,,,,,,,,,,,,,,,,,,,,,,,,,,
1994-03-01,115.9,115.9,115.9,115.9,115.9,115.9,115.9,115.9,115.9,115.9,115.9,115.9,115.9,115.9,115.9,115.9,115.9,115.9,115.9,115.9,115.9,115.9,115.9,115.9,115.9,115.9,115.9,115.9,115.9,115.9,115.9,115.9,115.9,115.9,115.9,115.9,115.9,115.9,115.9,115.9,115.9,115.9,115.9,115.9,115.9,115.9,115.9,115.9,115.9,115.9,115.9,115.9,115.9,115.9,115.9,115.9,115.9,115.9,115.9,115.9,115.9,115.9,115.9,115.9,115.9,115.9,115.9,115.9,115.9,115.9,115.9,115.9,115.9,115.9,115.9,115.9,115.9,115.9,115.9,115.9,115.9,115.9,115.9,115.9,115.9,115.9,115.9,115.9,115.9,115.9,115.9,115.9,115.9,115.9,115.9,115.9,115.9,115.9,115.9,115.9,115.9,115.9,115.9,115.9,115.9,115.9,115.9,115.9,115.9,115.9,115.9,115.9,115.9,115.9,115.9,115.9,115.9,115.9,115.9,115.9,115.9,115.9,115.9,115.9,115.9,115.9,115.9,115.9,115.9,115.9,115.9,115.9,115.9,115.9,115.9,115.9,115.9,115.9,115.9,115.9,115.9,115.9,115.9,115.9,115.9,115.9,115.9,115.9,115.9,115.9,115.9,115.9,115.9,115.9,115.9,115.9,115.9,115.9,115.9,115.9,115.9,115.9,115.9,115.9,115.9,115.9,115.9,115.9,115.9,115.9,115.9,115.9,115.9,115.9,115.9,115.9,115.9,115.9,115.9,115.9,115.9,115.9,115.9,115.9,115.9,115.9,115.9,115.9,115.9,115.9,115.9,115.9,115.9,115.9,115.9,115.9,115.9,115.9
1994-04-01,,,,,,,,,,,,,,,,,,,,,,,,,,,,,,,,,,,,,,,,,,,,,,,,,,,,,,,,,,,,,,,,,,,,,,,,,,,,,,,,,,,,,,,,,,,,,,,,,,,,,,,,,,,,,,,,,,,,,,,,,,,,,,,,,,,,,,,,,,,,,,,,,,,,,,,,,,,,,,,,,,,,,,,,,,,,,,,,,,,,,,,,,,,,,,,,,,,,,,
1994-05-01,,,,,,,,,,,,,,,,,,,,,,,,,,,,,,,,,,,,,,,,,,,,,,,,,,,,,,,,,,,,,,,,,,,,,,,,,,,,,,,,,,,,,,,,,,,,,,,,,,,,,,,,,,,,,,,,,,,,,,,,,,,,,,,,,,,,,,,,,,,,,,,,,,,,,,,,,,,,,,,,,,,,,,,,,,,,,,,,,,,,,,,,,,,,,,,,,,,,,,
1994-06-01,115.5,115.5,115.5,115.5,115.5,115.5,115.5,115.5,115.5,115.5,115.5,115.5,115.5,115.5,115.5,115.5,115.5,115.5,115.5,115.5,115.5,115.5,115.5,115.5,115.5,115.5,115.5,115.5,115.5,115.5,115.5,115.5,115.5,115.5,115.5,115.5,115.5,115.5,115.5,115.5,115.5,115.5,115.5,115.5,115.5,115.5,115.5,115.5,115.5,115.5,115.5,115.5,115.5,115.5,115.5,115.5,115.5,115.5,115.5,115.5,115.5,115.5,115.5,115.5,115.5,115.5,115.5,115.5,115.5,115.5,115.5,115.5,115.5,115.5,115.5,115.5,115.5,115.5,115.5,115.5,115.5,115.5,115.5,115.5,115.5,115.5,115.5,115.5,115.5,115.5,115.5,115.5,115.5,115.5,115.5,115.5,115.5,115.5,115.5,115.5,115.5,115.5,115.5,115.5,115.5,115.5,115.5,115.5,115.5,115.5,115.5,115.5,115.5,115.5,115.5,115.5,115.5,115.5,115.5,115.5,115.5,115.5,115.5,115.5,115.5,115.5,115.5,115.5,115.5,115.5,115.5,115.5,115.5,115.5,115.5,115.5,115.5,115.5,115.5,115.5,115.5,115.5,115.5,115.5,115.5,115.5,115.5,115.5,115.5,115.5,115.5,115.5,115.5,115.5,115.5,115.5,115.5,115.5,115.5,115.5,115.5,115.5,115.5,115.5,115.5,115.5,115.5,115.5,115.5,115.5,115.5,115.5,115.5,115.5,115.5,115.5,115.5,115.5,115.5,115.5,115.5,115.5,115.5,115.5,115.5,115.5,115.5,115.5,115.5,115.5,115.5,115.5,115.5,115.5,115.5,115.5,115.5,115.5
1994-07-01,,,,,,,,,,,,,,,,,,,,,,,,,,,,,,,,,,,,,,,,,,,,,,,,,,,,,,,,,,,,,,,,,,,,,,,,,,,,,,,,,,,,,,,,,,,,,,,,,,,,,,,,,,,,,,,,,,,,,,,,,,,,,,,,,,,,,,,,,,,,,,,,,,,,,,,,,,,,,,,,,,,,,,,,,,,,,,,,,,,,,,,,,,,,,,,,,,,,,,
1994-08-01,,,,,,,,,,,,,,,,,,,,,,,,,,,,,,,,,,,,,,,,,,,,,,,,,,,,,,,,,,,,,,,,,,,,,,,,,,,,,,,,,,,,,,,,,,,,,,,,,,,,,,,,,,,,,,,,,,,,,,,,,,,,,,,,,,,,,,,,,,,,,,,,,,,,,,,,,,,,,,,,,,,,,,,,,,,,,,,,,,,,,,,,,,,,,,,,,,,,,,
1994-09-01,115.4,115.4,115.4,115.4,115.4,115.4,115.4,115.4,115.4,115.4,115.4,115.4,115.4,115.4,115.4,115.4,115.4,115.4,115.4,115.4,115.4,115.4,115.4,115.4,115.4,115.4,115.4,115.4,115.4,115.4,115.4,115.4,115.4,115.4,115.4,115.4,115.4,115.4,115.4,115.4,115.4,115.4,115.4,115.4,115.4,115.4,115.4,115.4,115.4,115.4,115.4,115.4,115.4,115.4,115.4,115.4,115.4,115.4,115.4,115.4,115.4,115.4,115.4,115.4,115.4,115.4,115.4,115.4,115.4,115.4,115.4,115.4,115.4,115.4,115.4,115.4,115.4,115.4,115.4,115.4,115.4,115.4,115.4,115.4,115.4,115.4,115.4,115.4,115.4,115.4,115.4,115.4,115.4,115.4,115.4,115.4,115.4,115.4,115.4,115.4,115.4,115.4,115.4,115.4,115.4,115.4,115.4,115.4,115.4,115.4,115.4,115.4,115.4,115.4,115.4,115.4,115.4,115.4,115.4,115.4,115.4,115.4,115.4,115.4,115.4,115.4,115.4,115.4,115.4,115.4,115.4,115.4,115.4,115.4,115.4,115.4,115.4,115.4,115.4,115.4,115.4,115.4,115.4,115.4,115.4,115.4,115.4,115.4,115.4,115.4,115.4,115.4,115.4,115.4,115.4,115.4,115.4,115.4,115.4,115.4,115.4,115.4,115.4,115.4,115.4,115.4,115.4,115.4,115.4,115.4,115.4,115.4,115.4,115.4,115.4,115.4,115.4,115.4,115.4,115.4,115.4,115.4,115.4,115.4,115.4,115.4,115.4,115.4,115.4,115.4,115.4,115.4,115.4,115.4,115.4,115.4,115.4,115.4
1994-10-01,,,,,,,,,,,,,,,,,,,,,,,,,,,,,,,,,,,,,,,,,,,,,,,,,,,,,,,,,,,,,,,,,,,,,,,,,,,,,,,,,,,,,,,,,,,,,,,,,,,,,,,,,,,,,,,,,,,,,,,,,,,,,,,,,,,,,,,,,,,,,,,,,,,,,,,,,,,,,,,,,,,,,,,,,,,,,,,,,,,,,,,,,,,,,,,,,,,,,,
1994-11-01,,,,,,,,,,,,,,,,,,,,,,,,,,,,,,,,,,,,,,,,,,,,,,,,,,,,,,,,,,,,,,,,,,,,,,,,,,,,,,,,,,,,,,,,,,,,,,,,,,,,,,,,,,,,,,,,,,,,,,,,,,,,,,,,,,,,,,,,,,,,,,,,,,,,,,,,,,,,,,,,,,,,,,,,,,,,,,,,,,,,,,,,,,,,,,,,,,,,,,
1994-12-01,116.7,116.7,116.7,116.7,116.7,116.7,116.7,116.7,116.7,116.7,116.7,116.7,116.7,116.7,116.7,116.7,116.7,116.7,116.7,116.7,116.7,116.7,116.7,116.7,116.7,116.7,116.7,116.7,116.7,116.7,116.7,116.7,116.7,116.7,116.7,116.7,116.7,116.7,116.7,116.7,116.7,116.7,116.7,116.7,116.7,116.7,116.7,116.7,116.7,116.7,116.7,116.7,116.7,116.7,116.7,116.7,116.7,116.7,116.7,116.7,116.7,116.7,116.7,116.7,116.7,116.7,116.7,116.7,116.7,116.7,116.7,116.7,116.7,116.7,116.7,116.7,116.7,116.7,116.7,116.7,116.7,116.7,116.7,116.7,116.7,116.7,116.7,116.7,116.7,116.7,116.7,116.7,116.7,116.7,116.7,116.7,116.7,116.7,116.7,116.7,116.7,116.7,116.7,116.7,116.7,116.7,116.7,116.7,116.7,116.7,116.7,116.7,116.7,116.7,116.7,116.7,116.7,116.7,116.7,116.7,116.7,116.7,116.7,116.7,116.7,116.7,116.7,116.7,116.7,116.7,116.7,116.7,116.7,116.7,116.7,116.7,116.7,116.7,116.7,116.7,116.7,116.7,116.7,116.7,116.7,116.7,116.7,116.7,116.7,116.7,116.7,116.7,116.7,116.7,116.7,116.7,116.7,116.7,116.7,116.7,116.7,116.7,116.7,116.7,116.7,116.7,116.7,116.7,116.7,116.7,116.7,116.7,116.7,116.7,116.7,116.7,116.7,116.7,116.7,116.7,116.7,116.7,116.7,116.7,116.7,116.7,116.7,116.7,116.7,116.7,116.7,116.7,116.7,116.7,116.7,116.7,116.7,116.7
1995-01-01,,,,,,,,,,,,,,,,,,,,,,,,,,,,,,,,,,,,,,,,,,,,,,,,,,,,,,,,,,,,,,,,,,,,,,,,,,,,,,,,,,,,,,,,,,,,,,,,,,,,,,,,,,,,,,,,,,,,,,,,,,,,,,,,,,,,,,,,,,,,,,,,,,,,,,,,,,,,,,,,,,,,,,,,,,,,,,,,,,,,,,,,,,,,,,,,,,,,,,
1995-02-01,,,,,,,,,,,,,,,,,,,,,,,,,,,,,,,,,,,,,,,,,,,,,,,,,,,,,,,,,,,,,,,,,,,,,,,,,,,,,,,,,,,,,,,,,,,,,,,,,,,,,,,,,,,,,,,,,,,,,,,,,,,,,,,,,,,,,,,,,,,,,,,,,,,,,,,,,,,,,,,,,,,,,,,,,,,,,,,,,,,,,,,,,,,,,,,,,,,,,,
1995-03-01,116.7,116.7,116.7,116.7,116.7,116.7,116.7,116.7,116.7,116.7,116.7,116.7,116.7,116.7,116.7,116.7,116.7,116.7,116.7,116.7,116.7,116.7,116.7,116.7,116.7,116.7,116.7,116.7,116.7,116.7,116.7,116.7,116.7,116.7,116.7,116.7,116.7,116.7,116.7,116.7,116.7,116.7,116.7,116.7,116.7,116.7,116.7,116.7,116.7,116.7,116.7,116.7,116.7,116.7,116.7,116.7,116.7,116.7,116.7,116.7,116.7,116.7,116.7,116.7,116.7,116.7,116.7,116.7,116.7,116.7,116.7,116.7,116.7,116.7,116.7,116.7,116.7,116.7,116.7,116.7,116.7,116.7,116.7,116.7,116.7,116.7,116.7,116.7,116.7,116.7,116.7,116.7,116.7,116.7,116.7,116.7,116.7,116.7,116.7,116.7,116.7,116.7,116.7,116.7,116.7,116.7,116.7,116.7,116.7,116.7,116.7,116.7,116.7,116.7,116.7,116.7,116.7,116.7,116.7,116.7,116.7,116.7,116.7,116.7,116.7,116.7,116.7,116.7,116.7,116.7,116.7,116.7,116.7,116.7,116.7,116.7,116.7,116.7,116.7,116.7,116.7,116.7,116.7,116.7,116.7,116.7,116.7,116.7,116.7,116.7,116.7,116.7,116.7,116.7,116.7,116.7,116.7,116.7,116.7,116.7,116.7,116.7,116.7,116.7,116.7,116.7,116.7,116.7,116.7,116.7,116.7,116.7,116.7,116.7,116.7,116.7,116.7,116.7,116.7,116.7,116.7,116.7,116.7,116.7,116.7,116.7,116.7,116.7,116.7,116.7,116.7,116.7,116.7,116.7,116.7,116.7,116.7,116.7
1995-04-01,,,,,,,,,,,,,,,,,,,,,,,,,,,,,,,,,,,,,,,,,,,,,,,,,,,,,,,,,,,,,,,,,,,,,,,,,,,,,,,,,,,,,,,,,,,,,,,,,,,,,,,,,,,,,,,,,,,,,,,,,,,,,,,,,,,,,,,,,,,,,,,,,,,,,,,,,,,,,,,,,,,,,,,,,,,,,,,,,,,,,,,,,,,,,,,,,,,,,,
1995-05-01,,,,,,,,,,,,,,,,,,,,,,,,,,,,,,,,,,,,,,,,,,,,,,,,,,,,,,,,,,,,,,,,,,,,,,,,,,,,,,,,,,,,,,,,,,,,,,,,,,,,,,,,,,,,,,,,,,,,,,,,,,,,,,,,,,,,,,,,,,,,,,,,,,,,,,,,,,,,,,,,,,,,,,,,,,,,,,,,,,,,,,,,,,,,,,,,,,,,,,
1995-06-01,117.6,117.6,117.6,117.6,117.6,117.6,117.6,117.6,117.6,117.6,117.6,117.6,117.6,117.6,117.6,117.6,117.6,117.6,117.6,117.6,117.6,117.6,117.6,117.6,117.6,117.6,117.6,117.6,117.6,117.6,117.6,117.6,117.6,117.6,117.6,117.6,117.6,117.6,117.6,117.6,117.6,117.6,117.6,117.6,117.6,117.6,117.6,117.6,117.6,117.6,117.6,117.6,117.6,117.6,117.6,117.6,117.6,117.6,117.6,117.6,117.6,117.6,117.6,117.6,117.6,117.6,117.6,117.6,117.6,117.6,117.6,117.6,117.6,117.6,117.6,117.6,117.6,117.6,117.6,117.6,117.6,117.6,117.6,117.6,117.6,117.6,117.6,117.6,117.6,117.6,117.6,117.6,117.6,117.6,117.6,117.6,117.6,117.6,117.6,117.6,117.6,117.6,117.6,117.6,117.6,117.6,117.6,117.6,117.6,117.6,117.6,117.6,117.6,117.6,117.6,117.6,117.6,117.6,117.6,117.6,117.6,117.6,117.6,117.6,117.6,117.6,117.6,117.6,117.6,117.6,117.6,117.6,117.6,117.6,117.6,117.6,117.6,117.6,117.6,117.6,117.6,117.6,117.6,117.6,117.6,117.6,117.6,117.6,117.6,117.6,117.6,117.6,117.6,117.6,117.6,117.6,117.6,117.6,117.6,117.6,117.6,117.6,117.6,117.6,117.6,117.6,117.6,117.6,117.6,117.6,117.6,117.6,117.6,117.6,117.6,117.6,117.6,117.6,117.6,117.6,117.6,117.6,117.6,117.6,117.6,117.6,117.6,117.6,117.6,117.6,117.6,117.6,117.6,117.6,117.6,117.6,117.6,117.6
1995-07-01,,,,,,,,,,,,,,,,,,,,,,,,,,,,,,,,,,,,,,,,,,,,,,,,,,,,,,,,,,,,,,,,,,,,,,,,,,,,,,,,,,,,,,,,,,,,,,,,,,,,,,,,,,,,,,,,,,,,,,,,,,,,,,,,,,,,,,,,,,,,,,,,,,,,,,,,,,,,,,,,,,,,,,,,,,,,,,,,,,,,,,,,,,,,,,,,,,,,,,
1995-08-01,,,,,,,,,,,,,,,,,,,,,,,,,,,,,,,,,,,,,,,,,,,,,,,,,,,,,,,,,,,,,,,,,,,,,,,,,,,,,,,,,,,,,,,,,,,,,,,,,,,,,,,,,,,,,,,,,,,,,,,,,,,,,,,,,,,,,,,,,,,,,,,,,,,,,,,,,,,,,,,,,,,,,,,,,,,,,,,,,,,,,,,,,,,,,,,,,,,,,,
1995-09-01,116.6,116.6,116.6,116.6,116.6,116.6,116.6,116.6,116.6,116.6,116.6,116.6,116.6,116.6,116.6,116.6,116.6,116.6,116.6,116.6,116.6,116.6,116.6,116.6,116.6,116.6,116.6,116.6,116.6,116.6,116.6,116.6,116.6,116.6,116.6,116.6,116.6,116.6,116.6,116.6,116.6,116.6,116.6,116.6,116.6,116.6,116.6,116.6,116.6,116.6,116.6,116.6,116.6,116.6,116.6,116.6,116.6,116.6,116.6,116.6,116.6,116.6,116.6,116.6,116.6,116.6,116.6,116.6,116.6,116.6,116.6,116.6,116.6,116.6,116.6,116.6,116.6,116.6,116.6,116.6,116.6,116.6,116.6,116.6,116.6,116.6,116.6,116.6,116.6,116.6,116.6,116.6,116.6,116.6,116.6,116.6,116.6,116.6,116.6,116.6,116.6,116.6,116.6,116.6,116.6,116.6,116.6,116.6,116.6,116.6,116.6,116.6,116.6,116.6,116.6,116.6,116.6,116.6,116.6,116.6,116.6,116.6,116.6,116.6,116.6,116.6,116.6,116.6,116.6,116.6,116.6,116.6,116.6,116.6,116.6,116.6,116.6,116.6,116.6,116.6,116.6,116.6,116.6,116.6,116.6,116.6,116.6,116.6,116.6,116.6,116.6,116.6,116.6,116.6,116.6,116.6,116.6,116.6,116.6,116.6,116.6,116.6,116.6,116.6,116.6,116.6,116.6,116.6,116.6,116.6,116.6,116.6,116.6,116.6,116.6,116.6,116.6,116.6,116.6,116.6,116.6,116.6,116.6,116.6,116.6,116.6,116.6,116.6,116.6,116.6,116.6,116.6,116.6,116.6,116.6,116.6,116.6,116.6
1995-10-01,,,,,,,,,,,,,,,,,,,,,,,,,,,,,,,,,,,,,,,,,,,,,,,,,,,,,,,,,,,,,,,,,,,,,,,,,,,,,,,,,,,,,,,,,,,,,,,,,,,,,,,,,,,,,,,,,,,,,,,,,,,,,,,,,,,,,,,,,,,,,,,,,,,,,,,,,,,,,,,,,,,,,,,,,,,,,,,,,,,,,,,,,,,,,,,,,,,,,,
1995-11-01,,,,,,,,,,,,,,,,,,,,,,,,,,,,,,,,,,,,,,,,,,,,,,,,,,,,,,,,,,,,,,,,,,,,,,,,,,,,,,,,,,,,,,,,,,,,,,,,,,,,,,,,,,,,,,,,,,,,,,,,,,,,,,,,,,,,,,,,,,,,,,,,,,,,,,,,,,,,,,,,,,,,,,,,,,,,,,,,,,,,,,,,,,,,,,,,,,,,,,
1995-12-01,117.6,117.6,117.6,117.6,117.6,117.6,117.6,117.6,117.6,117.6,117.6,117.6,117.6,117.6,117.6,117.6,117.6,117.6,117.6,117.6,117.6,117.6,117.6,117.6,117.6,117.6,117.6,117.6,117.6,117.6,117.6,117.6,117.6,117.6,117.6,117.6,117.6,117.6,117.6,117.6,117.6,117.6,117.6,117.6,117.6,117.6,117.6,117.6,117.6,117.6,117.6,117.6,117.6,117.6,117.6,117.6,117.6,117.6,117.6,117.6,117.6,117.6,117.6,117.6,117.6,117.6,117.6,117.6,117.6,117.6,117.6,117.6,117.6,117.6,117.6,117.6,117.6,117.6,117.6,117.6,117.6,117.6,117.6,117.6,117.6,117.6,117.6,117.6,117.6,117.6,117.6,117.6,117.6,117.6,117.6,117.6,117.6,117.6,117.6,117.6,117.6,117.6,117.6,117.6,117.6,117.6,117.6,117.6,117.6,117.6,117.6,117.6,117.6,117.6,117.6,117.6,117.6,117.6,117.6,117.6,117.6,117.6,117.6,117.6,117.6,117.6,117.6,117.6,117.6,117.6,117.6,117.6,117.6,117.6,117.6,117.6,117.6,117.6,117.6,117.6,117.6,117.6,117.6,117.6,117.6,117.6,117.6,117.6,117.6,117.6,117.6,117.6,117.6,117.6,117.6,117.6,117.6,117.6,117.6,117.6,117.6,117.6,117.6,117.6,117.6,117.6,117.6,117.6,117.6,117.6,117.6,117.6,117.6,117.6,117.6,117.6,117.6,117.6,117.6,117.6,117.6,117.6,117.6,117.6,117.6,117.6,117.6,117.6,117.6,117.6,117.6,117.6,117.6,117.6,117.6,117.6,117.6,117.6
1996-01-01,,,,,,,,,,,,,,,,,,,,,,,,,,,,,,,,,,,,,,,,,,,,,,,,,,,,,,,,,,,,,,,,,,,,,,,,,,,,,,,,,,,,,,,,,,,,,,,,,,,,,,,,,,,,,,,,,,,,,,,,,,,,,,,,,,,,,,,,,,,,,,,,,,,,,,,,,,,,,,,,,,,,,,,,,,,,,,,,,,,,,,,,,,,,,,,,,,,,,,
1996-02-01,,,,,,,,,,,,,,,,,,,,,,,,,,,,,,,,,,,,,,,,,,,,,,,,,,,,,,,,,,,,,,,,,,,,,,,,,,,,,,,,,,,,,,,,,,,,,,,,,,,,,,,,,,,,,,,,,,,,,,,,,,,,,,,,,,,,,,,,,,,,,,,,,,,,,,,,,,,,,,,,,,,,,,,,,,,,,,,,,,,,,,,,,,,,,,,,,,,,,,
1996-03-01,117.9,117.9,117.9,117.9,117.9,117.9,117.9,117.9,117.9,117.9,117.9,117.9,117.9,117.9,117.9,117.9,117.9,117.9,117.9,117.9,117.9,117.9,117.9,117.9,117.9,117.9,117.9,117.9,117.9,117.9,117.9,117.9,117.9,117.9,117.9,117.9,117.9,117.9,117.9,117.9,117.9,117.9,117.9,117.9,117.9,117.9,117.9,117.9,117.9,117.9,117.9,117.9,117.9,117.9,117.9,117.9,117.9,117.9,117.9,117.9,117.9,117.9,117.9,117.9,117.9,117.9,117.9,117.9,117.9,117.9,117.9,117.9,117.9,117.9,117.9,117.9,117.9,117.9,117.9,117.9,117.9,117.9,117.9,117.9,117.9,117.9,117.9,117.9,117.9,117.9,117.9,117.9,117.9,117.9,117.9,117.9,117.9,117.9,117.9,117.9,117.9,117.9,117.9,117.9,117.9,117.9,117.9,117.9,117.9,117.9,117.9,117.9,117.9,117.9,117.9,117.9,117.9,117.9,117.9,117.9,117.9,117.9,117.9,117.9,117.9,117.9,117.9,117.9,117.9,117.9,117.9,117.9,117.9,117.9,117.9,117.9,117.9,117.9,117.9,117.9,117.9,117.9,117.9,117.9,117.9,117.9,117.9,117.9,117.9,117.9,117.9,117.9,117.9,117.9,117.9,117.9,117.9,117.9,117.9,117.9,117.9,117.9,117.9,117.9,117.9,117.9,117.9,117.9,117.9,117.9,117.9,117.9,117.9,117.9,117.9,117.9,117.9,117.9,117.9,117.9,117.9,117.9,117.9,117.9,117.9,117.9,117.9,117.9,117.9,117.9,117.9,117.9,117.9,117.9,117.9,117.9,117.9,117.9
1996-04-01,,,,,,,,,,,,,,,,,,,,,,,,,,,,,,,,,,,,,,,,,,,,,,,,,,,,,,,,,,,,,,,,,,,,,,,,,,,,,,,,,,,,,,,,,,,,,,,,,,,,,,,,,,,,,,,,,,,,,,,,,,,,,,,,,,,,,,,,,,,,,,,,,,,,,,,,,,,,,,,,,,,,,,,,,,,,,,,,,,,,,,,,,,,,,,,,,,,,,,
1996-05-01,,,,,,,,,,,,,,,,,,,,,,,,,,,,,,,,,,,,,,,,,,,,,,,,,,,,,,,,,,,,,,,,,,,,,,,,,,,,,,,,,,,,,,,,,,,,,,,,,,,,,,,,,,,,,,,,,,,,,,,,,,,,,,,,,,,,,,,,,,,,,,,,,,,,,,,,,,,,,,,,,,,,,,,,,,,,,,,,,,,,,,,,,,,,,,,,,,,,,,
1996-06-01,118.0,118.0,118.0,118.0,118.0,118.0,118.0,118.0,118.0,118.0,118.0,118.0,118.0,118.0,118.0,118.0,118.0,118.0,118.0,118.0,118.0,118.0,118.0,118.0,118.0,118.0,118.0,118.0,118.0,118.0,118.0,118.0,118.0,118.0,118.0,118.0,118.0,118.0,118.0,118.0,118.0,118.0,118.0,118.0,118.0,118.0,118.0,118.0,118.0,118.0,118.0,118.0,118.0,118.0,118.0,118.0,118.0,118.0,118.0,118.0,118.0,118.0,118.0,118.0,118.0,118.0,118.0,118.0,118.0,118.0,118.0,118.0,118.0,118.0,118.0,118.0,118.0,118.0,118.0,118.0,118.0,118.0,118.0,118.0,118.0,118.0,118.0,118.0,118.0,118.0,118.0,118.0,118.0,118.0,118.0,118.0,118.0,118.0,118.0,118.0,118.0,118.0,118.0,118.0,118.0,118.0,118.0,118.0,118.0,118.0,118.0,118.0,118.0,118.0,118.0,118.0,118.0,118.0,118.0,118.0,118.0,118.0,118.0,118.0,118.0,118.0,118.0,118.0,118.0,118.0,118.0,118.0,118.0,118.0,118.0,118.0,118.0,118.0,118.0,118.0,118.0,118.0,118.0,118.0,118.0,118.0,118.0,118.0,118.0,118.0,118.0,118.0,118.0,118.0,118.0,118.0,118.0,118.0,118.0,118.0,118.0,118.0,118.0,118.0,118.0,118.0,118.0,118.0,118.0,118.0,118.0,118.0,118.0,118.0,118.0,118.0,118.0,118.0,118.0,118.0,118.0,118.0,118.0,118.0,118.0,118.0,118.0,118.0,118.0,118.0,118.0,118.0,118.0,118.0,118.0,118.0,118.0,118.0
1996-07-01,,,,,,,,,,,,,,,,,,,,,,,,,,,,,,,,,,,,,,,,,,,,,,,,,,,,,,,,,,,,,,,,,,,,,,,,,,,,,,,,,,,,,,,,,,,,,,,,,,,,,,,,,,,,,,,,,,,,,,,,,,,,,,,,,,,,,,,,,,,,,,,,,,,,,,,,,,,,,,,,,,,,,,,,,,,,,,,,,,,,,,,,,,,,,,,,,,,,,,
1996-08-01,,,,,,,,,,,,,,,,,,,,,,,,,,,,,,,,,,,,,,,,,,,,,,,,,,,,,,,,,,,,,,,,,,,,,,,,,,,,,,,,,,,,,,,,,,,,,,,,,,,,,,,,,,,,,,,,,,,,,,,,,,,,,,,,,,,,,,,,,,,,,,,,,,,,,,,,,,,,,,,,,,,,,,,,,,,,,,,,,,,,,,,,,,,,,,,,,,,,,,
1996-09-01,116.9,116.9,116.9,116.9,116.9,116.9,116.9,116.9,116.9,116.9,116.9,116.9,116.9,116.9,116.9,116.9,116.9,116.9,116.9,116.9,116.9,116.9,116.9,116.9,116.9,116.9,116.9,116.9,116.9,116.9,116.9,116.9,116.9,116.9,116.9,116.9,116.9,116.9,116.9,116.9,116.9,116.9,116.9,116.9,116.9,116.9,116.9,116.9,116.9,116.9,116.9,116.9,116.9,116.9,116.9,116.9,116.9,116.9,116.9,116.9,116.9,116.9,116.9,116.9,116.9,116.9,116.9,116.9,116.9,116.9,116.9,116.9,116.9,116.9,116.9,116.9,116.9,116.9,116.9,116.9,116.9,116.9,116.9,116.9,116.9,116.9,116.9,116.9,116.9,116.9,116.9,116.9,116.9,116.9,116.9,116.9,116.9,116.9,116.9,116.9,116.9,116.9,116.9,116.9,116.9,116.9,116.9,116.9,116.9,116.9,116.9,116.9,116.9,116.9,116.9,116.9,116.9,116.9,116.9,116.9,116.9,116.9,116.9,116.9,116.9,116.9,116.9,116.9,116.9,116.9,116.9,116.9,116.9,116.9,116.9,116.9,116.9,116.9,116.9,116.9,116.9,116.9,116.9,116.9,116.9,116.9,116.9,116.9,116.9,116.9,116.9,116.9,116.9,116.9,116.9,116.9,116.9,116.9,116.9,116.9,116.9,116.9,116.9,116.9,116.9,116.9,116.9,116.9,116.9,116.9,116.9,116.9,116.9,116.9,116.9,116.9,116.9,116.9,116.9,116.9,116.9,116.9,116.9,116.9,116.9,116.9,116.9,116.9,116.9,116.9,116.9,116.9,116.9,116.9,116.9,116.9,116.9,116.9
1996-10-01,,,,,,,,,,,,,,,,,,,,,,,,,,,,,,,,,,,,,,,,,,,,,,,,,,,,,,,,,,,,,,,,,,,,,,,,,,,,,,,,,,,,,,,,,,,,,,,,,,,,,,,,,,,,,,,,,,,,,,,,,,,,,,,,,,,,,,,,,,,,,,,,,,,,,,,,,,,,,,,,,,,,,,,,,,,,,,,,,,,,,,,,,,,,,,,,,,,,,,
1996-11-01,,,,,,,,,,,,,,,,,,,,,,,,,,,,,,,,,,,,,,,,,,,,,,,,,,,,,,,,,,,,,,,,,,,,,,,,,,,,,,,,,,,,,,,,,,,,,,,,,,,,,,,,,,,,,,,,,,,,,,,,,,,,,,,,,,,,,,,,,,,,,,,,,,,,,,,,,,,,,,,,,,,,,,,,,,,,,,,,,,,,,,,,,,,,,,,,,,,,,,
1996-12-01,117.3,117.3,117.3,117.3,117.3,117.3,117.3,117.3,117.3,117.3,117.3,117.3,117.3,117.3,117.3,117.3,117.3,117.3,117.3,117.3,117.3,117.3,117.3,117.3,117.3,117.3,117.3,117.3,117.3,117.3,117.3,117.3,117.3,117.3,117.3,117.3,117.3,117.3,117.3,117.3,117.3,117.3,117.3,117.3,117.3,117.3,117.3,117.3,117.3,117.3,117.3,117.3,117.3,117.3,117.3,117.3,117.3,117.3,117.3,117.3,117.3,117.3,117.3,117.3,117.3,117.3,117.3,117.3,117.3,117.3,117.3,117.3,117.3,117.3,117.3,117.3,117.3,117.3,117.3,117.3,117.3,117.3,117.3,117.3,117.3,117.3,117.3,117.3,117.3,117.3,117.3,117.3,117.3,117.3,117.3,117.3,117.3,117.3,117.3,117.3,117.3,117.3,117.3,117.3,117.3,117.3,117.3,117.3,117.3,117.3,117.3,117.3,117.3,117.3,117.3,117.3,117.3,117.3,117.3,117.3,117.3,117.3,117.3,117.3,117.3,117.3,117.3,117.3,117.3,117.3,117.3,117.3,117.3,117.3,117.3,117.3,117.3,117.3,117.3,117.3,117.3,117.3,117.3,117.3,117.3,117.3,117.3,117.3,117.3,117.3,117.3,117.3,117.3,117.3,117.3,117.3,117.3,117.3,117.3,117.3,117.3,117.3,117.3,117.3,117.3,117.3,117.3,117.3,117.3,117.3,117.3,117.3,117.3,117.3,117.3,117.3,117.3,117.3,117.3,117.3,117.3,117.3,117.3,117.3,117.3,117.3,117.3,117.3,117.3,117.3,117.3,117.3,117.3,117.3,117.3,117.3,117.3,117.3
1997-01-01,,,,,,,,,,,,,,,,,,,,,,,,,,,,,,,,,,,,,,,,,,,,,,,,,,,,,,,,,,,,,,,,,,,,,,,,,,,,,,,,,,,,,,,,,,,,,,,,,,,,,,,,,,,,,,,,,,,,,,,,,,,,,,,,,,,,,,,,,,,,,,,,,,,,,,,,,,,,,,,,,,,,,,,,,,,,,,,,,,,,,,,,,,,,,,,,,,,,,,
1997-02-01,,,,,,,,,,,,,,,,,,,,,,,,,,,,,,,,,,,,,,,,,,,,,,,,,,,,,,,,,,,,,,,,,,,,,,,,,,,,,,,,,,,,,,,,,,,,,,,,,,,,,,,,,,,,,,,,,,,,,,,,,,,,,,,,,,,,,,,,,,,,,,,,,,,,,,,,,,,,,,,,,,,,,,,,,,,,,,,,,,,,,,,,,,,,,,,,,,,,,,
1997-03-01,117.5,117.5,117.5,117.5,117.5,117.5,117.5,117.5,117.5,117.5,117.5,117.5,117.5,117.5,117.5,117.5,117.5,117.5,117.5,117.5,117.5,117.5,117.5,117.5,117.5,117.5,117.5,117.5,117.5,117.5,117.5,117.5,117.5,117.5,117.5,117.5,117.5,117.5,117.5,117.5,117.5,117.5,117.5,117.5,117.5,117.5,117.5,117.5,117.5,117.5,117.5,117.5,117.5,117.5,117.5,117.5,117.5,117.5,117.5,117.5,117.5,117.5,117.5,117.5,117.5,117.5,117.5,117.5,117.5,117.5,117.5,117.5,117.5,117.5,117.5,117.5,117.5,117.5,117.5,117.5,117.5,117.5,117.5,117.5,117.5,117.5,117.5,117.5,117.5,117.5,117.5,117.5,117.5,117.5,117.5,117.5,117.5,117.5,117.5,117.5,117.5,117.5,117.5,117.5,117.5,117.5,117.5,117.5,117.5,117.5,117.5,117.5,117.5,117.5,117.5,117.5,117.5,117.5,117.5,117.5,117.5,117.5,117.5,117.5,117.5,117.5,117.5,117.5,117.5,117.5,117.5,117.5,117.5,117.5,117.5,117.5,117.5,117.5,117.5,117.5,117.5,117.5,117.5,117.5,117.5,117.5,117.5,117.5,117.5,117.5,117.5,117.5,117.5,117.5,117.5,117.5,117.5,117.5,117.5,117.5,117.5,117.5,117.5,117.5,117.5,117.5,117.5,117.5,117.5,117.5,117.5,117.5,117.5,117.5,117.5,117.5,117.5,117.5,117.5,117.5,117.5,117.5,117.5,117.5,117.5,117.5,117.5,117.5,117.5,117.5,117.5,117.5,117.5,117.5,117.5,117.5,117.5,117.5
1997-04-01,,,,,,,,,,,,,,,,,,,,,,,,,,,,,,,,,,,,,,,,,,,,,,,,,,,,,,,,,,,,,,,,,,,,,,,,,,,,,,,,,,,,,,,,,,,,,,,,,,,,,,,,,,,,,,,,,,,,,,,,,,,,,,,,,,,,,,,,,,,,,,,,,,,,,,,,,,,,,,,,,,,,,,,,,,,,,,,,,,,,,,,,,,,,,,,,,,,,,,
1997-05-01,,,,,,,,,,,,,,,,,,,,,,,,,,,,,,,,,,,,,,,,,,,,,,,,,,,,,,,,,,,,,,,,,,,,,,,,,,,,,,,,,,,,,,,,,,,,,,,,,,,,,,,,,,,,,,,,,,,,,,,,,,,,,,,,,,,,,,,,,,,,,,,,,,,,,,,,,,,,,,,,,,,,,,,,,,,,,,,,,,,,,,,,,,,,,,,,,,,,,,
1997-06-01,117.1,117.1,117.1,117.1,117.1,117.1,117.1,117.1,117.1,117.1,117.1,117.1,117.1,117.1,117.1,117.1,117.1,117.1,117.1,117.1,117.1,117.1,117.1,117.1,117.1,117.1,117.1,117.1,117.1,117.1,117.1,117.1,117.1,117.1,117.1,117.1,117.1,117.1,117.1,117.1,117.1,117.1,117.1,117.1,117.1,117.1,117.1,117.1,117.1,117.1,117.1,117.1,117.1,117.1,117.1,117.1,117.1,117.1,117.1,117.1,117.1,117.1,117.1,117.1,117.1,117.1,117.1,117.1,117.1,117.1,117.1,117.1,117.1,117.1,117.1,117.1,117.1,117.1,117.1,117.1,117.1,117.1,117.1,117.1,117.1,117.1,117.1,117.1,117.1,117.1,117.1,117.1,117.1,117.1,117.1,117.1,117.1,117.1,117.1,117.1,117.1,117.1,117.1,117.1,117.1,117.1,117.1,117.1,117.1,117.1,117.1,117.1,117.1,117.1,117.1,117.1,117.1,117.1,117.1,117.1,117.1,117.1,117.1,117.1,117.1,117.1,117.1,117.1,117.1,117.1,117.1,117.1,117.1,117.1,117.1,117.1,117.1,117.1,117.1,117.1,117.1,117.1,117.1,117.1,117.1,117.1,117.1,117.1,117.1,117.1,117.1,117.1,117.1,117.1,117.1,117.1,117.1,117.1,117.1,117.1,117.1,117.1,117.1,117.1,117.1,117.1,117.1,117.1,117.1,117.1,117.1,117.1,117.1,117.1,117.1,117.1,117.1,117.1,117.1,117.1,117.1,117.1,117.1,117.1,117.1,117.1,117.1,117.1,117.1,117.1,117.1,117.1,117.1,117.1,117.1,117.1,117.1,117.1
1997-07-01,,,,,,,,,,,,,,,,,,,,,,,,,,,,,,,,,,,,,,,,,,,,,,,,,,,,,,,,,,,,,,,,,,,,,,,,,,,,,,,,,,,,,,,,,,,,,,,,,,,,,,,,,,,,,,,,,,,,,,,,,,,,,,,,,,,,,,,,,,,,,,,,,,,,,,,,,,,,,,,,,,,,,,,,,,,,,,,,,,,,,,,,,,,,,,,,,,,,,,
1997-08-01,,,,,,,,,,,,,,,,,,,,,,,,,,,,,,,,,,,,,,,,,,,,,,,,,,,,,,,,,,,,,,,,,,,,,,,,,,,,,,,,,,,,,,,,,,,,,,,,,,,,,,,,,,,,,,,,,,,,,,,,,,,,,,,,,,,,,,,,,,,,,,,,,,,,,,,,,,,,,,,,,,,,,,,,,,,,,,,,,,,,,,,,,,,,,,,,,,,,,,
1997-09-01,116.8,116.8,116.8,116.8,116.8,116.8,116.8,116.8,116.8,116.8,116.8,116.8,116.8,116.8,116.8,116.8,116.8,116.8,116.8,116.8,116.8,116.8,116.8,116.8,116.8,116.8,116.8,116.8,116.8,116.8,116.8,116.8,116.8,116.8,116.8,116.8,116.8,116.8,116.8,116.8,116.8,116.8,116.8,116.8,116.8,116.8,116.8,116.8,116.8,116.8,116.8,116.8,116.8,116.8,116.8,116.8,116.8,116.8,116.8,116.8,116.8,116.8,116.8,116.8,116.8,116.8,116.8,116.8,116.8,116.8,116.8,116.8,116.8,116.8,116.8,116.8,116.8,116.8,116.8,116.8,116.8,116.8,116.8,116.8,116.8,116.8,116.8,116.8,116.8,116.8,116.8,116.8,116.8,116.8,116.8,116.8,116.8,116.8,116.8,116.8,116.8,116.8,116.8,116.8,116.8,116.8,116.8,116.8,116.8,116.8,116.8,116.8,116.8,116.8,116.8,116.8,116.8,116.8,116.8,116.8,116.8,116.8,116.8,116.8,116.8,116.8,116.8,116.8,116.8,116.8,116.8,116.8,116.8,116.8,116.8,116.8,116.8,116.8,116.8,116.8,116.8,116.8,116.8,116.8,116.8,116.8,116.8,116.8,116.8,116.8,116.8,116.8,116.8,116.8,116.8,116.8,116.8,116.8,116.8,116.8,116.8,116.8,116.8,116.8,116.8,116.8,116.8,116.8,116.8,116.8,116.8,116.8,116.8,116.8,116.8,116.8,116.8,116.8,116.8,116.8,116.8,116.8,116.8,116.8,116.8,116.8,116.8,116.8,116.8,116.8,116.8,116.8,116.8,116.8,116.8,116.8,116.8,116.8
1997-10-01,,,,,,,,,,,,,,,,,,,,,,,,,,,,,,,,,,,,,,,,,,,,,,,,,,,,,,,,,,,,,,,,,,,,,,,,,,,,,,,,,,,,,,,,,,,,,,,,,,,,,,,,,,,,,,,,,,,,,,,,,,,,,,,,,,,,,,,,,,,,,,,,,,,,,,,,,,,,,,,,,,,,,,,,,,,,,,,,,,,,,,,,,,,,,,,,,,,,,,
1997-11-01,,,,,,,,,,,,,,,,,,,,,,,,,,,,,,,,,,,,,,,,,,,,,,,,,,,,,,,,,,,,,,,,,,,,,,,,,,,,,,,,,,,,,,,,,,,,,,,,,,,,,,,,,,,,,,,,,,,,,,,,,,,,,,,,,,,,,,,,,,,,,,,,,,,,,,,,,,,,,,,,,,,,,,,,,,,,,,,,,,,,,,,,,,,,,,,,,,,,,,
1997-12-01,112.8,112.8,112.8,112.8,112.8,112.8,112.8,112.8,112.8,112.8,112.8,112.8,112.8,112.8,112.8,112.8,112.8,112.8,112.8,112.8,112.8,112.8,112.8,112.8,112.8,112.8,112.8,112.8,112.8,112.8,112.8,112.8,112.8,112.8,112.8,112.8,112.8,112.8,112.8,112.8,112.8,112.8,112.8,112.8,112.8,112.8,112.8,112.8,112.8,112.8,112.8,112.8,112.8,112.8,112.8,112.8,112.8,112.8,112.8,112.8,112.8,112.8,112.8,112.8,112.8,112.8,112.8,112.8,112.8,112.8,112.8,112.8,112.8,112.8,112.8,112.8,112.8,112.8,112.8,112.8,112.8,112.8,112.8,112.8,112.8,112.8,112.8,112.8,112.8,112.8,112.8,112.8,112.8,112.8,112.8,112.8,112.8,112.8,112.8,112.8,112.8,112.8,112.8,112.8,112.8,112.8,112.8,112.8,112.8,112.8,112.8,112.8,112.8,112.8,112.8,112.8,112.8,112.8,112.8,112.8,112.8,112.8,112.8,112.8,112.8,112.8,112.8,112.8,112.8,112.8,112.8,112.8,112.8,112.8,112.8,112.8,112.8,112.8,112.8,112.8,112.8,112.8,112.8,112.8,112.8,112.8,112.8,112.8,112.8,112.8,112.8,112.8,112.8,112.8,112.8,112.8,112.8,112.8,112.8,112.8,112.8,112.8,112.8,112.8,112.8,112.8,112.8,112.8,112.8,112.8,112.8,112.8,112.8,112.8,112.8,112.8,112.8,112.8,112.8,112.8,112.8,112.8,112.8,112.8,112.8,112.8,112.8,112.8,112.8,112.8,112.8,112.8,112.8,112.8,112.8,112.8,112.8,112.8
1998-01-01,,,,,,,,,,,,,,,,,,,,,,,,,,,,,,,,,,,,,,,,,,,,,,,,,,,,,,,,,,,,,,,,,,,,,,,,,,,,,,,,,,,,,,,,,,,,,,,,,,,,,,,,,,,,,,,,,,,,,,,,,,,,,,,,,,,,,,,,,,,,,,,,,,,,,,,,,,,,,,,,,,,,,,,,,,,,,,,,,,,,,,,,,,,,,,,,,,,,,,
1998-02-01,,,,,,,,,,,,,,,,,,,,,,,,,,,,,,,,,,,,,,,,,,,,,,,,,,,,,,,,,,,,,,,,,,,,,,,,,,,,,,,,,,,,,,,,,,,,,,,,,,,,,,,,,,,,,,,,,,,,,,,,,,,,,,,,,,,,,,,,,,,,,,,,,,,,,,,,,,,,,,,,,,,,,,,,,,,,,,,,,,,,,,,,,,,,,,,,,,,,,,
1998-03-01,111.8,111.8,111.8,111.8,111.8,111.8,111.8,111.8,111.8,111.8,111.8,111.8,111.8,111.8,111.8,111.8,111.8,111.8,111.8,111.8,111.8,111.8,111.8,111.8,111.8,111.8,111.8,111.8,111.8,111.8,111.8,111.8,111.8,111.8,111.8,111.8,111.8,111.8,111.8,111.8,111.8,111.8,111.8,111.8,111.8,111.8,111.8,111.8,111.8,111.8,111.8,111.8,111.8,111.8,111.8,111.8,111.8,111.8,111.8,111.8,111.8,111.8,111.8,111.8,111.8,111.8,111.8,111.8,111.8,111.8,111.8,111.8,111.8,111.8,111.8,111.8,111.8,111.8,111.8,111.8,111.8,111.8,111.8,111.8,111.8,111.8,111.8,111.8,111.8,111.8,111.8,111.8,111.8,111.8,111.8,111.8,111.8,111.8,111.8,111.8,111.8,111.8,111.8,111.8,111.8,111.8,111.8,111.8,111.8,111.8,111.8,111.8,111.8,111.8,111.8,111.8,111.8,111.8,111.8,111.8,111.8,111.8,111.8,111.8,111.8,111.8,111.8,111.8,111.8,111.8,111.8,111.8,111.8,111.8,111.8,111.8,111.8,111.8,111.8,111.8,111.8,111.8,111.8,111.8,111.8,111.8,111.8,111.8,111.8,111.8,111.8,111.8,111.8,111.8,111.8,111.8,111.8,111.8,111.8,111.8,111.8,111.8,111.8,111.8,111.8,111.8,111.8,111.8,111.8,111.8,111.8,111.8,111.8,111.8,111.8,111.8,111.8,111.8,111.8,111.8,111.8,111.8,111.8,111.8,111.8,111.8,111.8,111.8,111.8,111.8,111.8,111.8,111.8,111.8,111.8,111.8,111.8,111.8
1998-04-01,,,,,,,,,,,,,,,,,,,,,,,,,,,,,,,,,,,,,,,,,,,,,,,,,,,,,,,,,,,,,,,,,,,,,,,,,,,,,,,,,,,,,,,,,,,,,,,,,,,,,,,,,,,,,,,,,,,,,,,,,,,,,,,,,,,,,,,,,,,,,,,,,,,,,,,,,,,,,,,,,,,,,,,,,,,,,,,,,,,,,,,,,,,,,,,,,,,,,,
1998-05-01,,,,,,,,,,,,,,,,,,,,,,,,,,,,,,,,,,,,,,,,,,,,,,,,,,,,,,,,,,,,,,,,,,,,,,,,,,,,,,,,,,,,,,,,,,,,,,,,,,,,,,,,,,,,,,,,,,,,,,,,,,,,,,,,,,,,,,,,,,,,,,,,,,,,,,,,,,,,,,,,,,,,,,,,,,,,,,,,,,,,,,,,,,,,,,,,,,,,,,
1998-06-01,108.2,108.2,108.2,108.2,108.2,108.2,108.2,108.2,108.2,108.2,108.2,108.2,108.2,108.2,108.2,108.2,108.2,108.2,108.2,108.2,108.2,108.2,108.2,108.2,108.2,108.2,108.2,108.2,108.2,108.2,108.2,108.2,108.2,108.2,108.2,108.2,108.2,108.2,108.2,108.2,108.2,108.2,108.2,108.2,108.2,108.2,108.2,108.2,108.2,108.2,108.2,108.2,108.2,108.2,108.2,108.2,108.2,108.2,108.2,108.2,108.2,108.2,108.2,108.2,108.2,108.2,108.2,108.2,108.2,108.2,108.2,108.2,108.2,108.2,108.2,108.2,108.2,108.2,108.2,108.2,108.2,108.2,108.2,108.2,108.2,108.2,108.2,108.2,108.2,108.2,108.2,108.2,108.2,108.2,108.2,108.2,108.2,108.2,108.2,108.2,108.2,108.2,108.2,108.2,108.2,108.2,108.2,108.2,108.2,108.2,108.2,108.2,108.2,108.2,108.2,108.2,108.2,108.2,108.2,108.2,108.2,108.2,108.2,108.2,108.2,108.2,108.2,108.2,108.2,108.2,108.2,108.2,108.2,108.2,108.2,108.2,108.2,108.2,108.2,108.2,108.2,108.2,108.2,108.2,108.2,108.2,108.2,108.2,108.2,108.2,108.2,108.2,108.2,108.2,108.2,108.2,108.2,108.2,108.2,108.2,108.2,108.2,108.2,108.2,108.2,108.2,108.2,108.2,108.2,108.2,108.2,108.2,108.2,108.2,108.2,108.2,108.2,108.2,108.2,108.2,108.2,108.2,108.2,108.2,108.2,108.2,108.2,108.2,108.2,108.2,108.2,108.2,108.2,108.2,108.2,108.2,108.2,108.2
1998-07-01,,,,,,,,,,,,,,,,,,,,,,,,,,,,,,,,,,,,,,,,,,,,,,,,,,,,,,,,,,,,,,,,,,,,,,,,,,,,,,,,,,,,,,,,,,,,,,,,,,,,,,,,,,,,,,,,,,,,,,,,,,,,,,,,,,,,,,,,,,,,,,,,,,,,,,,,,,,,,,,,,,,,,,,,,,,,,,,,,,,,,,,,,,,,,,,,,,,,,,
1998-08-01,,,,,,,,,,,,,,,,,,,,,,,,,,,,,,,,,,,,,,,,,,,,,,,,,,,,,,,,,,,,,,,,,,,,,,,,,,,,,,,,,,,,,,,,,,,,,,,,,,,,,,,,,,,,,,,,,,,,,,,,,,,,,,,,,,,,,,,,,,,,,,,,,,,,,,,,,,,,,,,,,,,,,,,,,,,,,,,,,,,,,,,,,,,,,,,,,,,,,,
1998-09-01,107.1,107.1,107.1,107.1,107.1,107.1,107.1,107.1,107.1,107.1,107.1,107.1,107.1,107.1,107.1,107.1,107.1,107.1,107.1,107.1,107.1,107.1,107.1,107.1,107.1,107.1,107.1,107.1,107.1,107.1,107.1,107.1,107.1,107.1,107.1,107.1,107.1,107.1,107.1,107.1,107.1,107.1,107.1,107.1,107.1,107.1,107.1,107.1,107.1,107.1,107.1,107.1,107.1,107.1,107.1,107.1,107.1,107.1,107.1,107.1,107.1,107.1,107.1,107.1,107.1,107.1,107.1,107.1,107.1,107.1,107.1,107.1,107.1,107.1,107.1,107.1,107.1,107.1,107.1,107.1,107.1,107.1,107.1,107.1,107.1,107.1,107.1,107.1,107.1,107.1,107.1,107.1,107.1,107.1,107.1,107.1,107.1,107.1,107.1,107.1,107.1,107.1,107.1,107.1,107.1,107.1,107.1,107.1,107.1,107.1,107.1,107.1,107.1,107.1,107.1,107.1,107.1,107.1,107.1,107.1,107.1,107.1,107.1,107.1,107.1,107.1,107.1,107.1,107.1,107.1,107.1,107.1,107.1,107.1,107.1,107.1,107.1,107.1,107.1,107.1,107.1,107.1,107.1,107.1,107.1,107.1,107.1,107.1,107.1,107.1,107.1,107.1,107.1,107.1,107.1,107.1,107.1,107.1,107.1,107.1,107.1,107.1,107.1,107.1,107.1,107.1,107.1,107.1,107.1,107.1,107.1,107.1,107.1,107.1,107.1,107.1,107.1,107.1,107.1,107.1,107.1,107.1,107.1,107.1,107.1,107.1,107.1,107.1,107.1,107.1,107.1,107.1,107.1,107.1,107.1,107.1,107.1,107.1
1998-10-01,,,,,,,,,,,,,,,,,,,,,,,,,,,,,,,,,,,,,,,,,,,,,,,,,,,,,,,,,,,,,,,,,,,,,,,,,,,,,,,,,,,,,,,,,,,,,,,,,,,,,,,,,,,,,,,,,,,,,,,,,,,,,,,,,,,,,,,,,,,,,,,,,,,,,,,,,,,,,,,,,,,,,,,,,,,,,,,,,,,,,,,,,,,,,,,,,,,,,,
1998-11-01,,,,,,,,,,,,,,,,,,,,,,,,,,,,,,,,,,,,,,,,,,,,,,,,,,,,,,,,,,,,,,,,,,,,,,,,,,,,,,,,,,,,,,,,,,,,,,,,,,,,,,,,,,,,,,,,,,,,,,,,,,,,,,,,,,,,,,,,,,,,,,,,,,,,,,,,,,,,,,,,,,,,,,,,,,,,,,,,,,,,,,,,,,,,,,,,,,,,,,
1998-12-01,105.1,105.1,105.1,105.1,105.1,105.1,105.1,105.1,105.1,105.1,105.1,105.1,105.1,105.1,105.1,105.1,105.1,105.1,105.1,105.1,105.1,105.1,105.1,105.1,105.1,105.1,105.1,105.1,105.1,105.1,105.1,105.1,105.1,105.1,105.1,105.1,105.1,105.1,105.1,105.1,105.1,105.1,105.1,105.1,105.1,105.1,105.1,105.1,105.1,105.1,105.1,105.1,105.1,105.1,105.1,105.1,105.1,105.1,105.1,105.1,105.1,105.1,105.1,105.1,105.1,105.1,105.1,105.1,105.1,105.1,105.1,105.1,105.1,105.1,105.1,105.1,105.1,105.1,105.1,105.1,105.1,105.1,105.1,105.1,105.1,105.1,105.1,105.1,105.1,105.1,105.1,105.1,105.1,105.1,105.1,105.1,105.1,105.1,105.1,105.1,105.1,105.1,105.1,105.1,105.1,105.1,105.1,105.1,105.1,105.1,105.1,105.1,105.1,105.1,105.1,105.1,105.1,105.1,105.1,105.1,105.1,105.1,105.1,105.1,105.1,105.1,105.1,105.1,105.1,105.1,105.1,105.1,105.1,105.1,105.1,105.1,105.1,105.1,105.1,105.1,105.1,105.1,105.1,105.1,105.1,105.1,105.1,105.1,105.1,105.1,105.1,105.1,105.1,105.1,105.1,105.1,105.1,105.1,105.1,105.1,105.1,105.1,105.1,105.1,105.1,105.1,105.1,105.1,105.1,105.1,105.1,105.1,105.1,105.1,105.1,105.1,105.1,105.1,105.1,105.1,105.1,105.1,105.1,105.1,105.1,105.1,105.1,105.1,105.1,105.1,105.1,105.1,105.1,105.1,105.1,105.1,105.1,105.1
1999-01-01,,,,,,,,,,,,,,,,,,,,,,,,,,,,,,,,,,,,,,,,,,,,,,,,,,,,,,,,,,,,,,,,,,,,,,,,,,,,,,,,,,,,,,,,,,,,,,,,,,,,,,,,,,,,,,,,,,,,,,,,,,,,,,,,,,,,,,,,,,,,,,,,,,,,,,,,,,,,,,,,,,,,,,,,,,,,,,,,,,,,,,,,,,,,,,,,,,,,,,
1999-02-01,,,,,,,,,,,,,,,,,,,,,,,,,,,,,,,,,,,,,,,,,,,,,,,,,,,,,,,,,,,,,,,,,,,,,,,,,,,,,,,,,,,,,,,,,,,,,,,,,,,,,,,,,,,,,,,,,,,,,,,,,,,,,,,,,,,,,,,,,,,,,,,,,,,,,,,,,,,,,,,,,,,,,,,,,,,,,,,,,,,,,,,,,,,,,,,,,,,,,,
1999-03-01,99.9,99.9,99.9,99.9,99.9,99.9,99.9,99.9,99.9,99.9,99.9,99.9,99.9,99.9,99.9,99.9,99.9,99.9,99.9,99.9,99.9,99.9,99.9,99.9,99.9,99.9,99.9,99.9,99.9,99.9,99.9,99.9,99.9,99.9,99.9,99.9,99.9,99.9,99.9,99.9,99.9,99.9,99.9,99.9,99.9,99.9,99.9,99.9,99.9,99.9,99.9,99.9,99.9,99.9,99.9,99.9,99.9,99.9,99.9,99.9,99.9,99.9,99.9,99.9,99.9,99.9,99.9,99.9,99.9,99.9,99.9,99.9,99.9,99.9,99.9,99.9,99.9,99.9,99.9,99.9,99.9,99.9,99.9,99.9,99.9,99.9,99.9,99.9,99.9,99.9,99.9,99.9,99.9,99.9,99.9,99.9,99.9,99.9,99.9,99.9,99.9,99.9,99.9,99.9,99.9,99.9,99.9,99.9,99.9,99.9,99.9,99.9,99.9,99.9,99.9,99.9,99.9,99.9,99.9,99.9,99.9,99.9,99.9,99.9,99.9,99.9,99.9,99.9,99.9,99.9,99.9,99.9,99.9,99.9,99.9,99.9,99.9,99.9,99.9,99.9,99.9,99.9,99.9,99.9,99.9,99.9,99.9,99.9,99.9,99.9,99.9,99.9,99.9,99.9,99.9,99.9,99.9,99.9,99.9,99.9,99.9,99.9,99.9,99.9,99.9,99.9,99.9,99.9,99.9,99.9,99.9,99.9,99.9,99.9,99.9,99.9,99.9,99.9,99.9,99.9,99.9,99.9,99.9,99.9,99.9,99.9,99.9,99.9,99.9,99.9,99.9,99.9,99.9,99.9,99.9,99.9,99.9,99.9
1999-04-01,,,,,,,,,,,,,,,,,,,,,,,,,,,,,,,,,,,,,,,,,,,,,,,,,,,,,,,,,,,,,,,,,,,,,,,,,,,,,,,,,,,,,,,,,,,,,,,,,,,,,,,,,,,,,,,,,,,,,,,,,,,,,,,,,,,,,,,,,,,,,,,,,,,,,,,,,,,,,,,,,,,,,,,,,,,,,,,,,,,,,,,,,,,,,,,,,,,,,,
1999-05-01,,,,,,,,,,,,,,,,,,,,,,,,,,,,,,,,,,,,,,,,,,,,,,,,,,,,,,,,,,,,,,,,,,,,,,,,,,,,,,,,,,,,,,,,,,,,,,,,,,,,,,,,,,,,,,,,,,,,,,,,,,,,,,,,,,,,,,,,,,,,,,,,,,,,,,,,,,,,,,,,,,,,,,,,,,,,,,,,,,,,,,,,,,,,,,,,,,,,,,
1999-06-01,99.9,99.9,99.9,99.9,99.9,99.9,99.9,99.9,99.9,99.9,99.9,99.9,99.9,99.9,99.9,99.9,99.9,99.9,99.9,99.9,99.9,99.9,99.9,99.9,99.9,99.9,99.9,99.9,99.9,99.9,99.9,99.9,99.9,99.9,99.9,99.9,99.9,99.9,99.9,99.9,99.9,99.9,99.9,99.9,99.9,99.9,99.9,99.9,99.9,99.9,99.9,99.9,99.9,99.9,99.9,99.9,99.9,99.9,99.9,99.9,99.9,99.9,99.9,99.9,99.9,99.9,99.9,99.9,99.9,99.9,99.9,99.9,99.9,99.9,99.9,99.9,99.9,99.9,99.9,99.9,99.9,99.9,99.9,99.9,99.9,99.9,99.9,99.9,99.9,99.9,99.9,99.9,99.9,99.9,99.9,99.9,99.9,99.9,99.9,99.9,99.9,99.9,99.9,99.9,99.9,99.9,99.9,99.9,99.9,99.9,99.9,99.9,99.9,99.9,99.9,99.9,99.9,99.9,99.9,99.9,99.9,99.9,99.9,99.9,99.9,99.9,99.9,99.9,99.9,99.9,99.9,99.9,99.9,99.9,99.9,99.9,99.9,99.9,99.9,99.9,99.9,99.9,99.9,99.9,99.9,99.9,99.9,99.9,99.9,99.9,99.9,99.9,99.9,99.9,99.9,99.9,99.9,99.9,99.9,99.9,99.9,99.9,99.9,99.9,99.9,99.9,99.9,99.9,99.9,99.9,99.9,99.9,99.9,99.9,99.9,99.9,99.9,99.9,99.9,99.9,99.9,99.9,99.9,99.9,99.9,99.9,99.9,99.9,99.9,99.9,99.9,99.9,99.9,99.9,99.9,99.9,99.9,99.9
1999-07-01,,,,,,,,,,,,,,,,,,,,,,,,,,,,,,,,,,,,,,,,,,,,,,,,,,,,,,,,,,,,,,,,,,,,,,,,,,,,,,,,,,,,,,,,,,,,,,,,,,,,,,,,,,,,,,,,,,,,,,,,,,,,,,,,,,,,,,,,,,,,,,,,,,,,,,,,,,,,,,,,,,,,,,,,,,,,,,,,,,,,,,,,,,,,,,,,,,,,,,
1999-08-01,,,,,,,,,,,,,,,,,,,,,,,,,,,,,,,,,,,,,,,,,,,,,,,,,,,,,,,,,,,,,,,,,,,,,,,,,,,,,,,,,,,,,,,,,,,,,,,,,,,,,,,,,,,,,,,,,,,,,,,,,,,,,,,,,,,,,,,,,,,,,,,,,,,,,,,,,,,,,,,,,,,,,,,,,,,,,,,,,,,,,,,,,,,,,,,,,,,,,,
1999-09-01,99.5,99.5,99.5,99.5,99.5,99.5,99.5,99.5,99.5,99.5,99.5,99.5,99.5,99.5,99.5,99.5,99.5,99.5,99.5,99.5,99.5,99.5,99.5,99.5,99.5,99.5,99.5,99.5,99.5,99.5,99.5,99.5,99.5,99.5,99.5,99.5,99.5,99.5,99.5,99.5,99.5,99.5,99.5,99.5,99.5,99.5,99.5,99.5,99.5,99.5,99.5,99.5,99.5,99.5,99.5,99.5,99.5,99.5,99.5,99.5,99.5,99.5,99.5,99.5,99.5,99.5,99.5,99.5,99.5,99.5,99.5,99.5,99.5,99.5,99.5,99.5,99.5,99.5,99.5,99.5,99.5,99.5,99.5,99.5,99.5,99.5,99.5,99.5,99.5,99.5,99.5,99.5,99.5,99.5,99.5,99.5,99.5,99.5,99.5,99.5,99.5,99.5,99.5,99.5,99.5,99.5,99.5,99.5,99.5,99.5,99.5,99.5,99.5,99.5,99.5,99.5,99.5,99.5,99.5,99.5,99.5,99.5,99.5,99.5,99.5,99.5,99.5,99.5,99.5,99.5,99.5,99.5,99.5,99.5,99.5,99.5,99.5,99.5,99.5,99.5,99.5,99.5,99.5,99.5,99.5,99.5,99.5,99.5,99.5,99.5,99.5,99.5,99.5,99.5,99.5,99.5,99.5,99.5,99.5,99.5,99.5,99.5,99.5,99.5,99.5,99.5,99.5,99.5,99.5,99.5,99.5,99.5,99.5,99.5,99.5,99.5,99.5,99.5,99.5,99.5,99.5,99.5,99.5,99.5,99.5,99.5,99.5,99.5,99.5,99.5,99.5,99.5,99.5,99.5,99.5,99.5,99.5,99.5
1999-10-01,,,,,,,,,,,,,,,,,,,,,,,,,,,,,,,,,,,,,,,,,,,,,,,,,,,,,,,,,,,,,,,,,,,,,,,,,,,,,,,,,,,,,,,,,,,,,,,,,,,,,,,,,,,,,,,,,,,,,,,,,,,,,,,,,,,,,,,,,,,,,,,,,,,,,,,,,,,,,,,,,,,,,,,,,,,,,,,,,,,,,,,,,,,,,,,,,,,,,,
1999-11-01,,,,,,,,,,,,,,,,,,,,,,,,,,,,,,,,,,,,,,,,,,,,,,,,,,,,,,,,,,,,,,,,,,,,,,,,,,,,,,,,,,,,,,,,,,,,,,,,,,,,,,,,,,,,,,,,,,,,,,,,,,,,,,,,,,,,,,,,,,,,,,,,,,,,,,,,,,,,,,,,,,,,,,,,,,,,,,,,,,,,,,,,,,,,,,,,,,,,,,
1999-12-01,99.4,99.4,99.4,99.4,99.4,99.4,99.4,99.4,99.4,99.4,99.4,99.4,99.4,99.4,99.4,99.4,99.4,99.4,99.4,99.4,99.4,99.4,99.4,99.4,99.4,99.4,99.4,99.4,99.4,99.4,99.4,99.4,99.4,99.4,99.4,99.4,99.4,99.4,99.4,99.4,99.4,99.4,99.4,99.4,99.4,99.4,99.4,99.4,99.4,99.4,99.4,99.4,99.4,99.4,99.4,99.4,99.4,99.4,99.4,99.4,99.4,99.4,99.4,99.4,99.4,99.4,99.4,99.4,99.4,99.4,99.4,99.4,99.4,99.4,99.4,99.4,99.4,99.4,99.4,99.4,99.4,99.4,99.4,99.4,99.4,99.4,99.4,99.4,99.4,99.4,99.4,99.4,99.4,99.4,99.4,99.4,99.4,99.4,99.4,99.4,99.4,99.4,99.4,99.4,99.4,99.4,99.4,99.4,99.4,99.4,99.4,99.4,99.4,99.4,99.4,99.4,99.4,99.4,99.4,99.4,99.4,99.4,99.4,99.4,99.4,99.4,99.4,99.4,99.4,99.4,99.4,99.4,99.4,99.4,99.4,99.4,99.4,99.4,99.4,99.4,99.4,99.4,99.4,99.4,99.4,99.4,99.4,99.4,99.4,99.4,99.4,99.4,99.4,99.4,99.4,99.4,99.4,99.4,99.4,99.4,99.4,99.4,99.4,99.4,99.4,99.4,99.4,99.4,99.4,99.4,99.4,99.4,99.4,99.4,99.4,99.4,99.4,99.4,99.4,99.4,99.4,99.4,99.4,99.4,99.4,99.4,99.4,99.4,99.4,99.4,99.4,99.4,99.4,99.4,99.4,99.4,99.4,99.4
2000-01-01,,,,,,,,,,,,,,,,,,,,,,,,,,,,,,,,,,,,,,,,,,,,,,,,,,,,,,,,,,,,,,,,,,,,,,,,,,,,,,,,,,,,,,,,,,,,,,,,,,,,,,,,,,,,,,,,,,,,,,,,,,,,,,,,,,,,,,,,,,,,,,,,,,,,,,,,,,,,,,,,,,,,,,,,,,,,,,,,,,,,,,,,,,,,,,,,,,,,,,
2000-02-01,,,,,,,,,,,,,,,,,,,,,,,,,,,,,,,,,,,,,,,,,,,,,,,,,,,,,,,,,,,,,,,,,,,,,,,,,,,,,,,,,,,,,,,,,,,,,,,,,,,,,,,,,,,,,,,,,,,,,,,,,,,,,,,,,,,,,,,,,,,,,,,,,,,,,,,,,,,,,,,,,,,,,,,,,,,,,,,,,,,,,,,,,,,,,,,,,,,,,,
2000-03-01,99.2,99.2,99.2,99.2,99.2,99.2,99.2,99.2,99.2,99.2,99.2,99.2,99.2,99.2,99.2,99.2,99.2,99.2,99.2,99.2,99.2,99.2,99.2,99.2,99.2,99.2,99.2,99.2,99.2,99.2,99.2,99.2,99.2,99.2,99.2,99.2,99.2,99.2,99.2,99.2,99.2,99.2,99.2,99.2,99.2,99.2,99.2,99.2,99.2,99.2,99.2,99.2,99.2,99.2,99.2,99.2,99.2,99.2,99.2,99.2,99.2,99.2,99.2,99.2,99.2,99.2,99.2,99.2,99.2,99.2,99.2,99.2,99.2,99.2,99.2,99.2,99.2,99.2,99.2,99.2,99.2,99.2,99.2,99.2,99.2,99.2,99.2,99.2,99.2,99.2,99.2,99.2,99.2,99.2,99.2,99.2,99.2,99.2,99.2,99.2,99.2,99.2,99.2,99.2,99.2,99.2,99.2,99.2,99.2,99.2,99.2,99.2,99.2,99.2,99.2,99.2,99.2,99.2,99.2,99.2,99.2,99.2,99.2,99.2,99.2,99.2,99.2,99.2,99.2,99.2,99.2,99.2,99.2,99.2,99.2,99.2,99.2,99.2,99.2,99.2,99.2,99.2,99.2,99.2,99.2,99.2,99.2,99.2,99.2,99.2,99.2,99.2,99.2,99.2,99.2,99.2,99.2,99.2,99.2,99.2,99.2,99.2,99.2,99.2,99.2,99.2,99.2,99.2,99.2,99.2,99.2,99.2,99.2,99.2,99.2,99.2,99.2,99.2,99.2,99.2,99.2,99.2,99.2,99.2,99.2,99.2,99.2,99.2,99.2,99.2,99.2,99.2,99.2,99.2,99.2,99.2,99.2,99.2
2000-04-01,,,,,,,,,,,,,,,,,,,,,,,,,,,,,,,,,,,,,,,,,,,,,,,,,,,,,,,,,,,,,,,,,,,,,,,,,,,,,,,,,,,,,,,,,,,,,,,,,,,,,,,,,,,,,,,,,,,,,,,,,,,,,,,,,,,,,,,,,,,,,,,,,,,,,,,,,,,,,,,,,,,,,,,,,,,,,,,,,,,,,,,,,,,,,,,,,,,,,,
2000-05-01,,,,,,,,,,,,,,,,,,,,,,,,,,,,,,,,,,,,,,,,,,,,,,,,,,,,,,,,,,,,,,,,,,,,,,,,,,,,,,,,,,,,,,,,,,,,,,,,,,,,,,,,,,,,,,,,,,,,,,,,,,,,,,,,,,,,,,,,,,,,,,,,,,,,,,,,,,,,,,,,,,,,,,,,,,,,,,,,,,,,,,,,,,,,,,,,,,,,,,
2000-06-01,100.3,100.3,100.3,100.3,100.3,100.3,100.3,100.3,100.3,100.3,100.3,100.3,100.3,100.3,100.3,100.3,100.3,100.3,100.3,100.3,100.3,100.3,100.3,100.3,100.3,100.3,100.3,100.3,100.3,100.3,100.3,100.3,100.3,100.3,100.3,100.3,100.3,100.3,100.3,100.3,100.3,100.3,100.3,100.3,100.3,100.3,100.3,100.3,100.3,100.3,100.3,100.3,100.3,100.3,100.3,100.3,100.3,100.3,100.3,100.3,100.3,100.3,100.3,100.3,100.3,100.3,100.3,100.3,100.3,100.3,100.3,100.3,100.3,100.3,100.3,100.3,100.3,100.3,100.3,100.3,100.3,100.3,100.3,100.3,100.3,100.3,100.3,100.3,100.3,100.3,100.3,100.3,100.3,100.3,100.3,100.3,100.3,100.3,100.3,100.3,100.3,100.3,100.3,100.3,100.3,100.3,100.3,100.3,100.3,100.3,100.3,100.3,100.3,100.3,100.3,100.3,100.3,100.3,100.3,100.3,100.3,100.3,100.3,100.3,100.3,100.3,100.3,100.3,100.3,100.3,100.3,100.3,100.3,100.3,100.3,100.3,100.3,100.3,100.3,100.3,100.3,100.3,100.3,100.3,100.3,100.3,100.3,100.3,100.3,100.3,100.3,100.3,100.3,100.3,100.3,100.3,100.3,100.3,100.3,100.3,100.3,100.3,100.3,100.3,100.3,100.3,100.3,100.3,100.3,100.3,100.3,100.3,100.3,100.3,100.3,100.3,100.3,100.3,100.3,100.3,100.3,100.3,100.3,100.3,100.3,100.3,100.3,100.3,100.3,100.3,100.3,100.3,100.3,100.3,100.3,100.3,100.3,100.3
2000-07-01,,,,,,,,,,,,,,,,,,,,,,,,,,,,,,,,,,,,,,,,,,,,,,,,,,,,,,,,,,,,,,,,,,,,,,,,,,,,,,,,,,,,,,,,,,,,,,,,,,,,,,,,,,,,,,,,,,,,,,,,,,,,,,,,,,,,,,,,,,,,,,,,,,,,,,,,,,,,,,,,,,,,,,,,,,,,,,,,,,,,,,,,,,,,,,,,,,,,,,
2000-08-01,,,,,,,,,,,,,,,,,,,,,,,,,,,,,,,,,,,,,,,,,,,,,,,,,,,,,,,,,,,,,,,,,,,,,,,,,,,,,,,,,,,,,,,,,,,,,,,,,,,,,,,,,,,,,,,,,,,,,,,,,,,,,,,,,,,,,,,,,,,,,,,,,,,,,,,,,,,,,,,,,,,,,,,,,,,,,,,,,,,,,,,,,,,,,,,,,,,,,,
2000-09-01,100.1,100.1,100.1,100.1,100.1,100.1,100.1,100.1,100.1,100.1,100.1,100.1,100.1,100.1,100.1,100.1,100.1,100.1,100.1,100.1,100.1,100.1,100.1,100.1,100.1,100.1,100.1,100.1,100.1,100.1,100.1,100.1,100.1,100.1,100.1,100.1,100.1,100.1,100.1,100.1,100.1,100.1,100.1,100.1,100.1,100.1,100.1,100.1,100.1,100.1,100.1,100.1,100.1,100.1,100.1,100.1,100.1,100.1,100.1,100.1,100.1,100.1,100.1,100.1,100.1,100.1,100.1,100.1,100.1,100.1,100.1,100.1,100.1,100.1,100.1,100.1,100.1,100.1,100.1,100.1,100.1,100.1,100.1,100.1,100.1,100.1,100.1,100.1,100.1,100.1,100.1,100.1,100.1,100.1,100.1,100.1,100.1,100.1,100.1,100.1,100.1,100.1,100.1,100.1,100.1,100.1,100.1,100.1,100.1,100.1,100.1,100.1,100.1,100.1,100.1,100.1,100.1,100.1,100.1,100.1,100.1,100.1,100.1,100.1,100.1,100.1,100.1,100.1,100.1,100.1,100.1,100.1,100.1,100.1,100.1,100.1,100.1,100.1,100.1,100.1,100.1,100.1,100.1,100.1,100.1,100.1,100.1,100.1,100.1,100.1,100.1,100.1,100.1,100.1,100.1,100.1,100.1,100.1,100.1,100.1,100.1,100.1,100.1,100.1,100.1,100.1,100.1,100.1,100.1,100.1,100.1,100.1,100.1,100.1,100.1,100.1,100.1,100.1,100.1,100.1,100.1,100.1,100.1,100.1,100.1,100.1,100.1,100.1,100.1,100.1,100.1,100.1,100.1,100.1,100.1,100.1,100.1,100.1
2000-10-01,,,,,,,,,,,,,,,,,,,,,,,,,,,,,,,,,,,,,,,,,,,,,,,,,,,,,,,,,,,,,,,,,,,,,,,,,,,,,,,,,,,,,,,,,,,,,,,,,,,,,,,,,,,,,,,,,,,,,,,,,,,,,,,,,,,,,,,,,,,,,,,,,,,,,,,,,,,,,,,,,,,,,,,,,,,,,,,,,,,,,,,,,,,,,,,,,,,,,,
2000-11-01,,,,,,,,,,,,,,,,,,,,,,,,,,,,,,,,,,,,,,,,,,,,,,,,,,,,,,,,,,,,,,,,,,,,,,,,,,,,,,,,,,,,,,,,,,,,,,,,,,,,,,,,,,,,,,,,,,,,,,,,,,,,,,,,,,,,,,,,,,,,,,,,,,,,,,,,,,,,,,,,,,,,,,,,,,,,,,,,,,,,,,,,,,,,,,,,,,,,,,
2000-12-01,100.3,100.3,100.3,100.3,100.3,100.3,100.3,100.3,100.3,100.3,100.3,100.3,100.3,100.3,100.3,100.3,100.3,100.3,100.3,100.3,100.3,100.3,100.3,100.3,100.3,100.3,100.3,100.3,100.3,100.3,100.3,100.3,100.3,100.3,100.3,100.3,100.3,100.3,100.3,100.3,100.3,100.3,100.3,100.3,100.3,100.3,100.3,100.3,100.3,100.3,100.3,100.3,100.3,100.3,100.3,100.3,100.3,100.3,100.3,100.3,100.3,100.3,100.3,100.3,100.3,100.3,100.3,100.3,100.3,100.3,100.3,100.3,100.3,100.3,100.3,100.3,100.3,100.3,100.3,100.3,100.3,100.3,100.3,100.3,100.3,100.3,100.3,100.3,100.3,100.3,100.3,100.3,100.3,100.3,100.3,100.3,100.3,100.3,100.3,100.3,100.3,100.3,100.3,100.3,100.3,100.3,100.3,100.3,100.3,100.3,100.3,100.3,100.3,100.3,100.3,100.3,100.3,100.3,100.3,100.3,100.3,100.3,100.3,100.3,100.3,100.3,100.3,100.3,100.3,100.3,100.3,100.3,100.3,100.3,100.3,100.3,100.3,100.3,100.3,100.3,100.3,100.3,100.3,100.3,100.3,100.3,100.3,100.3,100.3,100.3,100.3,100.3,100.3,100.3,100.3,100.3,100.3,100.3,100.3,100.3,100.3,100.3,100.3,100.3,100.3,100.3,100.3,100.3,100.3,100.3,100.3,100.3,100.3,100.3,100.3,100.3,100.3,100.3,100.3,100.3,100.3,100.3,100.3,100.3,100.3,100.3,100.3,100.3,100.3,100.3,100.3,100.3,100.3,100.3,100.3,100.3,100.3,100.3
2001-01-01,,,,,,,,,,,,,,,,,,,,,,,,,,,,,,,,,,,,,,,,,,,,,,,,,,,,,,,,,,,,,,,,,,,,,,,,,,,,,,,,,,,,,,,,,,,,,,,,,,,,,,,,,,,,,,,,,,,,,,,,,,,,,,,,,,,,,,,,,,,,,,,,,,,,,,,,,,,,,,,,,,,,,,,,,,,,,,,,,,,,,,,,,,,,,,,,,,,,,,
2001-02-01,,,,,,,,,,,,,,,,,,,,,,,,,,,,,,,,,,,,,,,,,,,,,,,,,,,,,,,,,,,,,,,,,,,,,,,,,,,,,,,,,,,,,,,,,,,,,,,,,,,,,,,,,,,,,,,,,,,,,,,,,,,,,,,,,,,,,,,,,,,,,,,,,,,,,,,,,,,,,,,,,,,,,,,,,,,,,,,,,,,,,,,,,,,,,,,,,,,,,,
2001-03-01,100.4,100.4,100.4,100.4,100.4,100.4,100.4,100.4,100.4,100.4,100.4,100.4,100.4,100.4,100.4,100.4,100.4,100.4,100.4,100.4,100.4,100.4,100.4,100.4,100.4,100.4,100.4,100.4,100.4,100.4,100.4,100.4,100.4,100.4,100.4,100.4,100.4,100.4,100.4,100.4,100.4,100.4,100.4,100.4,100.4,100.4,100.4,100.4,100.4,100.4,100.4,100.4,100.4,100.4,100.4,100.4,100.4,100.4,100.4,100.4,100.4,100.4,100.4,100.4,100.4,100.4,100.4,100.4,100.4,100.4,100.4,100.4,100.4,100.4,100.4,100.4,100.4,100.4,100.4,100.4,100.4,100.4,100.4,100.4,100.4,100.4,100.4,100.4,100.4,100.4,100.4,100.4,100.4,100.4,100.4,100.4,100.4,100.4,100.4,100.4,100.4,100.4,100.4,100.4,100.4,100.4,100.4,100.4,100.4,100.4,100.4,100.4,100.4,100.4,100.4,100.4,100.4,100.4,100.4,100.4,100.4,100.4,100.4,100.4,100.4,100.4,100.4,100.4,100.4,100.4,100.4,100.4,100.4,100.4,100.4,100.4,100.4,100.4,100.4,100.4,100.4,100.4,100.4,100.4,100.4,100.4,100.4,100.4,100.4,100.4,100.4,100.4,100.4,100.4,100.4,100.4,100.4,100.4,100.4,100.4,100.4,100.4,100.4,100.4,100.4,100.4,100.4,100.4,100.4,100.4,100.4,100.4,100.4,100.4,100.4,100.4,100.4,100.4,100.4,100.4,100.4,100.4,100.4,100.4,100.4,100.4,100.4,100.4,100.4,100.4,100.4,100.4,100.4,100.4,100.4,100.4,100.4,100.4
2001-04-01,,,,,,,,,,,,,,,,,,,,,,,,,,,,,,,,,,,,,,,,,,,,,,,,,,,,,,,,,,,,,,,,,,,,,,,,,,,,,,,,,,,,,,,,,,,,,,,,,,,,,,,,,,,,,,,,,,,,,,,,,,,,,,,,,,,,,,,,,,,,,,,,,,,,,,,,,,,,,,,,,,,,,,,,,,,,,,,,,,,,,,,,,,,,,,,,,,,,,,
2001-05-01,,,,,,,,,,,,,,,,,,,,,,,,,,,,,,,,,,,,,,,,,,,,,,,,,,,,,,,,,,,,,,,,,,,,,,,,,,,,,,,,,,,,,,,,,,,,,,,,,,,,,,,,,,,,,,,,,,,,,,,,,,,,,,,,,,,,,,,,,,,,,,,,,,,,,,,,,,,,,,,,,,,,,,,,,,,,,,,,,,,,,,,,,,,,,,,,,,,,,,
2001-06-01,98.4,98.4,98.4,98.4,98.4,98.4,98.4,98.4,98.4,98.4,98.4,98.4,98.4,98.4,98.4,98.4,98.4,98.4,98.4,98.4,98.4,98.4,98.4,98.4,98.4,98.4,98.4,98.4,98.4,98.4,98.4,98.4,98.4,98.4,98.4,98.4,98.4,98.4,98.4,98.4,98.4,98.4,98.4,98.4,98.4,98.4,98.4,98.4,98.4,98.4,98.4,98.4,98.4,98.4,98.4,98.4,98.4,98.4,98.4,98.4,98.4,98.4,98.4,98.4,98.4,98.4,98.4,98.4,98.4,98.4,98.4,98.4,98.4,98.4,98.4,98.4,98.4,98.4,98.4,98.4,98.4,98.4,98.4,98.4,98.4,98.4,98.4,98.4,98.4,98.4,98.4,98.4,98.4,98.4,98.4,98.4,98.4,98.4,98.4,98.4,98.4,98.4,98.4,98.4,98.4,98.4,98.4,98.4,98.4,98.4,98.4,98.4,98.4,98.4,98.4,98.4,98.4,98.4,98.4,98.4,98.4,98.4,98.4,98.4,98.4,98.4,98.4,98.4,98.4,98.4,98.4,98.4,98.4,98.4,98.4,98.4,98.4,98.4,98.4,98.4,98.4,98.4,98.4,98.4,98.4,98.4,98.4,98.4,98.4,98.4,98.4,98.4,98.4,98.4,98.4,98.4,98.4,98.4,98.4,98.4,98.4,98.4,98.4,98.4,98.4,98.4,98.4,98.4,98.4,98.4,98.4,98.4,98.4,98.4,98.4,98.4,98.4,98.4,98.4,98.4,98.4,98.4,98.4,98.4,98.4,98.4,98.4,98.4,98.4,98.4,98.4,98.4,98.4,98.4,98.4,98.4,98.4,98.4
2001-07-01,,,,,,,,,,,,,,,,,,,,,,,,,,,,,,,,,,,,,,,,,,,,,,,,,,,,,,,,,,,,,,,,,,,,,,,,,,,,,,,,,,,,,,,,,,,,,,,,,,,,,,,,,,,,,,,,,,,,,,,,,,,,,,,,,,,,,,,,,,,,,,,,,,,,,,,,,,,,,,,,,,,,,,,,,,,,,,,,,,,,,,,,,,,,,,,,,,,,,,
2001-08-01,,,,,,,,,,,,,,,,,,,,,,,,,,,,,,,,,,,,,,,,,,,,,,,,,,,,,,,,,,,,,,,,,,,,,,,,,,,,,,,,,,,,,,,,,,,,,,,,,,,,,,,,,,,,,,,,,,,,,,,,,,,,,,,,,,,,,,,,,,,,,,,,,,,,,,,,,,,,,,,,,,,,,,,,,,,,,,,,,,,,,,,,,,,,,,,,,,,,,,
2001-09-01,98.2,98.2,98.2,98.2,98.2,98.2,98.2,98.2,98.2,98.2,98.2,98.2,98.2,98.2,98.2,98.2,98.2,98.2,98.2,98.2,98.2,98.2,98.2,98.2,98.2,98.2,98.2,98.2,98.2,98.2,98.2,98.2,98.2,98.2,98.2,98.2,98.2,98.2,98.2,98.2,98.2,98.2,98.2,98.2,98.2,98.2,98.2,98.2,98.2,98.2,98.2,98.2,98.2,98.2,98.2,98.2,98.2,98.2,98.2,98.2,98.2,98.2,98.2,98.2,98.2,98.2,98.2,98.2,98.2,98.2,98.2,98.2,98.2,98.2,98.2,98.2,98.2,98.2,98.2,98.2,98.2,98.2,98.2,98.2,98.2,98.2,98.2,98.2,98.2,98.2,98.2,98.2,98.2,98.2,98.2,98.2,98.2,98.2,98.2,98.2,98.2,98.2,98.2,98.2,98.2,98.2,98.2,98.2,98.2,98.2,98.2,98.2,98.2,98.2,98.2,98.2,98.2,98.2,98.2,98.2,98.2,98.2,98.2,98.2,98.2,98.2,98.2,98.2,98.2,98.2,98.2,98.2,98.2,98.2,98.2,98.2,98.2,98.2,98.2,98.2,98.2,98.2,98.2,98.2,98.2,98.2,98.2,98.2,98.2,98.2,98.2,98.2,98.2,98.2,98.2,98.2,98.2,98.2,98.2,98.2,98.2,98.2,98.2,98.2,98.2,98.2,98.2,98.2,98.2,98.2,98.2,98.2,98.2,98.2,98.2,98.2,98.2,98.2,98.2,98.2,98.2,98.2,98.2,98.2,98.2,98.2,98.2,98.2,98.2,98.2,98.2,98.2,98.2,98.2,98.2,98.2,98.2,98.2
2001-10-01,,,,,,,,,,,,,,,,,,,,,,,,,,,,,,,,,,,,,,,,,,,,,,,,,,,,,,,,,,,,,,,,,,,,,,,,,,,,,,,,,,,,,,,,,,,,,,,,,,,,,,,,,,,,,,,,,,,,,,,,,,,,,,,,,,,,,,,,,,,,,,,,,,,,,,,,,,,,,,,,,,,,,,,,,,,,,,,,,,,,,,,,,,,,,,,,,,,,,,
2001-11-01,,,,,,,,,,,,,,,,,,,,,,,,,,,,,,,,,,,,,,,,,,,,,,,,,,,,,,,,,,,,,,,,,,,,,,,,,,,,,,,,,,,,,,,,,,,,,,,,,,,,,,,,,,,,,,,,,,,,,,,,,,,,,,,,,,,,,,,,,,,,,,,,,,,,,,,,,,,,,,,,,,,,,,,,,,,,,,,,,,,,,,,,,,,,,,,,,,,,,,
2001-12-01,98.1,98.1,98.1,98.1,98.1,98.1,98.1,98.1,98.1,98.1,98.1,98.1,98.1,98.1,98.1,98.1,98.1,98.1,98.1,98.1,98.1,98.1,98.1,98.1,98.1,98.1,98.1,98.1,98.1,98.1,98.1,98.1,98.1,98.1,98.1,98.1,98.1,98.1,98.1,98.1,98.1,98.1,98.1,98.1,98.1,98.1,98.1,98.1,98.1,98.1,98.1,98.1,98.1,98.1,98.1,98.1,98.1,98.1,98.1,98.1,98.1,98.1,98.1,98.1,98.1,98.1,98.1,98.1,98.1,98.1,98.1,98.1,98.1,98.1,98.1,98.1,98.1,98.1,98.1,98.1,98.1,98.1,98.1,98.1,98.1,98.1,98.1,98.1,98.1,98.1,98.1,98.1,98.1,98.1,98.1,98.1,98.1,98.1,98.1,98.1,98.1,98.1,98.1,98.1,98.1,98.1,98.1,98.1,98.1,98.1,98.1,98.1,98.1,98.1,98.1,98.1,98.1,98.1,98.1,98.1,98.1,98.1,98.1,98.1,98.1,98.1,98.1,98.1,98.1,98.1,98.1,98.1,98.1,98.1,98.1,98.1,98.1,98.1,98.1,98.1,98.1,98.1,98.1,98.1,98.1,98.1,98.1,98.1,98.1,98.1,98.1,98.1,98.1,98.1,98.1,98.1,98.1,98.1,98.1,98.1,98.1,98.1,98.1,98.1,98.1,98.1,98.1,98.1,98.1,98.1,98.1,98.1,98.1,98.1,98.1,98.1,98.1,98.1,98.1,98.1,98.1,98.1,98.1,98.1,98.1,98.1,98.1,98.1,98.1,98.1,98.1,98.1,98.1,98.1,98.1,98.1,98.1,98.1
2002-01-01,,,,,,,,,,,,,,,,,,,,,,,,,,,,,,,,,,,,,,,,,,,,,,,,,,,,,,,,,,,,,,,,,,,,,,,,,,,,,,,,,,,,,,,,,,,,,,,,,,,,,,,,,,,,,,,,,,,,,,,,,,,,,,,,,,,,,,,,,,,,,,,,,,,,,,,,,,,,,,,,,,,,,,,,,,,,,,,,,,,,,,,,,,,,,,,,,,,,,,
2002-02-01,,,,,,,,,,,,,,,,,,,,,,,,,,,,,,,,,,,,,,,,,,,,,,,,,,,,,,,,,,,,,,,,,,,,,,,,,,,,,,,,,,,,,,,,,,,,,,,,,,,,,,,,,,,,,,,,,,,,,,,,,,,,,,,,,,,,,,,,,,,,,,,,,,,,,,,,,,,,,,,,,,,,,,,,,,,,,,,,,,,,,,,,,,,,,,,,,,,,,,
2002-03-01,95.5,95.5,95.5,95.5,95.5,95.5,95.5,95.5,95.5,95.5,95.5,95.5,95.5,95.5,95.5,95.5,95.5,95.5,95.5,95.5,95.5,95.5,95.5,95.5,95.5,95.5,95.5,95.5,95.5,95.5,95.5,95.5,95.5,95.5,95.5,95.5,95.5,95.5,95.5,95.5,95.5,95.5,95.5,95.5,95.5,95.5,95.5,95.5,95.5,95.5,95.5,95.5,95.5,95.5,95.5,95.5,95.5,95.5,95.5,95.5,95.5,95.5,95.5,95.5,95.5,95.5,95.5,95.5,95.5,95.5,95.5,95.5,95.5,95.5,95.5,95.5,95.5,95.5,95.5,95.5,95.5,95.5,95.5,95.5,95.5,95.5,95.5,95.5,95.5,95.5,95.5,95.5,95.5,95.5,95.5,95.5,95.5,95.5,95.5,95.5,95.5,95.5,95.5,95.5,95.5,95.5,95.5,95.5,95.5,95.5,95.5,95.5,95.5,95.5,95.5,95.5,95.5,95.5,95.5,95.5,95.5,95.5,95.5,95.5,95.5,95.5,95.5,95.5,95.5,95.5,95.5,95.5,95.5,95.5,95.5,95.5,95.5,95.5,95.5,95.5,95.5,95.5,95.5,95.5,95.5,95.5,95.5,95.5,95.5,95.5,95.5,95.5,95.5,95.5,95.5,95.5,95.5,95.5,95.5,95.5,95.5,95.5,95.5,95.5,95.5,95.5,95.5,95.5,95.5,95.5,95.5,95.5,95.5,95.5,95.5,95.5,95.5,95.5,95.5,95.5,95.5,95.5,95.5,95.5,95.5,95.5,95.5,95.5,95.5,95.5,95.5,95.5,95.5,95.5,95.5,95.5,95.5,95.5
2002-04-01,,,,,,,,,,,,,,,,,,,,,,,,,,,,,,,,,,,,,,,,,,,,,,,,,,,,,,,,,,,,,,,,,,,,,,,,,,,,,,,,,,,,,,,,,,,,,,,,,,,,,,,,,,,,,,,,,,,,,,,,,,,,,,,,,,,,,,,,,,,,,,,,,,,,,,,,,,,,,,,,,,,,,,,,,,,,,,,,,,,,,,,,,,,,,,,,,,,,,,
2002-05-01,,,,,,,,,,,,,,,,,,,,,,,,,,,,,,,,,,,,,,,,,,,,,,,,,,,,,,,,,,,,,,,,,,,,,,,,,,,,,,,,,,,,,,,,,,,,,,,,,,,,,,,,,,,,,,,,,,,,,,,,,,,,,,,,,,,,,,,,,,,,,,,,,,,,,,,,,,,,,,,,,,,,,,,,,,,,,,,,,,,,,,,,,,,,,,,,,,,,,,
2002-06-01,98.7,98.7,98.7,98.7,98.7,98.7,98.7,98.7,98.7,98.7,98.7,98.7,98.7,98.7,98.7,98.7,98.7,98.7,98.7,98.7,98.7,98.7,98.7,98.7,98.7,98.7,98.7,98.7,98.7,98.7,98.7,98.7,98.7,98.7,98.7,98.7,98.7,98.7,98.7,98.7,98.7,98.7,98.7,98.7,98.7,98.7,98.7,98.7,98.7,98.7,98.7,98.7,98.7,98.7,98.7,98.7,98.7,98.7,98.7,98.7,98.7,98.7,98.7,98.7,98.7,98.7,98.7,98.7,98.7,98.7,98.7,98.7,98.7,98.7,98.7,98.7,98.7,98.7,98.7,98.7,98.7,98.7,98.7,98.7,98.7,98.7,98.7,98.7,98.7,98.7,98.7,98.7,98.7,98.7,98.7,98.7,98.7,98.7,98.7,98.7,98.7,98.7,98.7,98.7,98.7,98.7,98.7,98.7,98.7,98.7,98.7,98.7,98.7,98.7,98.7,98.7,98.7,98.7,98.7,98.7,98.7,98.7,98.7,98.7,98.7,98.7,98.7,98.7,98.7,98.7,98.7,98.7,98.7,98.7,98.7,98.7,98.7,98.7,98.7,98.7,98.7,98.7,98.7,98.7,98.7,98.7,98.7,98.7,98.7,98.7,98.7,98.7,98.7,98.7,98.7,98.7,98.7,98.7,98.7,98.7,98.7,98.7,98.7,98.7,98.7,98.7,98.7,98.7,98.7,98.7,98.7,98.7,98.7,98.7,98.7,98.7,98.7,98.7,98.7,98.7,98.7,98.7,98.7,98.7,98.7,98.7,98.7,98.7,98.7,98.7,98.7,98.7,98.7,98.7,98.7,98.7,98.7,98.7
2002-07-01,,,,,,,,,,,,,,,,,,,,,,,,,,,,,,,,,,,,,,,,,,,,,,,,,,,,,,,,,,,,,,,,,,,,,,,,,,,,,,,,,,,,,,,,,,,,,,,,,,,,,,,,,,,,,,,,,,,,,,,,,,,,,,,,,,,,,,,,,,,,,,,,,,,,,,,,,,,,,,,,,,,,,,,,,,,,,,,,,,,,,,,,,,,,,,,,,,,,,,
2002-08-01,,,,,,,,,,,,,,,,,,,,,,,,,,,,,,,,,,,,,,,,,,,,,,,,,,,,,,,,,,,,,,,,,,,,,,,,,,,,,,,,,,,,,,,,,,,,,,,,,,,,,,,,,,,,,,,,,,,,,,,,,,,,,,,,,,,,,,,,,,,,,,,,,,,,,,,,,,,,,,,,,,,,,,,,,,,,,,,,,,,,,,,,,,,,,,,,,,,,,,
2002-09-01,96.5,96.5,96.5,96.5,96.5,96.5,96.5,96.5,96.5,96.5,96.5,96.5,96.5,96.5,96.5,96.5,96.5,96.5,96.5,96.5,96.5,96.5,96.5,96.5,96.5,96.5,96.5,96.5,96.5,96.5,96.5,96.5,96.5,96.5,96.5,96.5,96.5,96.5,96.5,96.5,96.5,96.5,96.5,96.5,96.5,96.5,96.5,96.5,96.5,96.5,96.5,96.5,96.5,96.5,96.5,96.5,96.5,96.5,96.5,96.5,96.5,96.5,96.5,96.5,96.5,96.5,96.5,96.5,96.5,96.5,96.5,96.5,96.5,96.5,96.5,96.5,96.5,96.5,96.5,96.5,96.5,96.5,96.5,96.5,96.5,96.5,96.5,96.5,96.5,96.5,96.5,96.5,96.5,96.5,96.5,96.5,96.5,96.5,96.5,96.5,96.5,96.5,96.5,96.5,96.5,96.5,96.5,96.5,96.5,96.5,96.5,96.5,96.5,96.5,96.5,96.5,96.5,96.5,96.5,96.5,96.5,96.5,96.5,96.5,96.5,96.5,96.5,96.5,96.5,96.5,96.5,96.5,96.5,96.5,96.5,96.5,96.5,96.5,96.5,96.5,96.5,96.5,96.5,96.5,96.5,96.5,96.5,96.5,96.5,96.5,96.5,96.5,96.5,96.5,96.5,96.5,96.5,96.5,96.5,96.5,96.5,96.5,96.5,96.5,96.5,96.5,96.5,96.5,96.5,96.5,96.5,96.5,96.5,96.5,96.5,96.5,96.5,96.5,96.5,96.5,96.5,96.5,96.5,96.5,96.5,96.5,96.5,96.5,96.5,96.5,96.5,96.5,96.5,96.5,96.5,96.5,96.5,96.5
2002-10-01,,,,,,,,,,,,,,,,,,,,,,,,,,,,,,,,,,,,,,,,,,,,,,,,,,,,,,,,,,,,,,,,,,,,,,,,,,,,,,,,,,,,,,,,,,,,,,,,,,,,,,,,,,,,,,,,,,,,,,,,,,,,,,,,,,,,,,,,,,,,,,,,,,,,,,,,,,,,,,,,,,,,,,,,,,,,,,,,,,,,,,,,,,,,,,,,,,,,,,
2002-11-01,,,,,,,,,,,,,,,,,,,,,,,,,,,,,,,,,,,,,,,,,,,,,,,,,,,,,,,,,,,,,,,,,,,,,,,,,,,,,,,,,,,,,,,,,,,,,,,,,,,,,,,,,,,,,,,,,,,,,,,,,,,,,,,,,,,,,,,,,,,,,,,,,,,,,,,,,,,,,,,,,,,,,,,,,,,,,,,,,,,,,,,,,,,,,,,,,,,,,,
2002-12-01,95.1,95.1,95.1,95.1,95.1,95.1,95.1,95.1,95.1,95.1,95.1,95.1,95.1,95.1,95.1,95.1,95.1,95.1,95.1,95.1,95.1,95.1,95.1,95.1,95.1,95.1,95.1,95.1,95.1,95.1,95.1,95.1,95.1,95.1,95.1,95.1,95.1,95.1,95.1,95.1,95.1,95.1,95.1,95.1,95.1,95.1,95.1,95.1,95.1,95.1,95.1,95.1,95.1,95.1,95.1,95.1,95.1,95.1,95.1,95.1,95.1,95.1,95.1,95.1,95.1,95.1,95.1,95.1,95.1,95.1,95.1,95.1,95.1,95.1,95.1,95.1,95.1,95.1,95.1,95.1,95.1,95.1,95.1,95.1,95.1,95.1,95.1,95.1,95.1,95.1,95.1,95.1,95.1,95.1,95.1,95.1,95.1,95.1,95.1,95.1,95.1,95.1,95.1,95.1,95.1,95.1,95.1,95.1,95.1,95.1,95.1,95.1,95.1,95.1,95.1,95.1,95.1,95.1,95.1,95.1,95.1,95.1,95.1,95.1,95.1,95.1,95.1,95.1,95.1,95.1,95.1,95.1,95.1,95.1,95.1,95.1,95.1,95.1,95.1,95.1,95.1,95.1,95.1,95.1,95.1,95.1,95.1,95.1,95.1,95.1,95.1,95.1,95.1,95.1,95.1,95.1,95.1,95.1,95.1,95.1,95.1,95.1,95.1,95.1,95.1,95.1,95.1,95.1,95.1,95.1,95.1,95.1,95.1,95.1,95.1,95.1,95.1,95.1,95.1,95.1,95.1,95.1,95.1,95.1,95.1,95.1,95.1,95.1,95.1,95.1,95.1,95.1,95.1,95.1,95.1,95.1,95.1,95.1
2003-01-01,,,,,,,,,,,,,,,,,,,,,,,,,,,,,,,,,,,,,,,,,,,,,,,,,,,,,,,,,,,,,,,,,,,,,,,,,,,,,,,,,,,,,,,,,,,,,,,,,,,,,,,,,,,,,,,,,,,,,,,,,,,,,,,,,,,,,,,,,,,,,,,,,,,,,,,,,,,,,,,,,,,,,,,,,,,,,,,,,,,,,,,,,,,,,,,,,,,,,,
2003-02-01,,,,,,,,,,,,,,,,,,,,,,,,,,,,,,,,,,,,,,,,,,,,,,,,,,,,,,,,,,,,,,,,,,,,,,,,,,,,,,,,,,,,,,,,,,,,,,,,,,,,,,,,,,,,,,,,,,,,,,,,,,,,,,,,,,,,,,,,,,,,,,,,,,,,,,,,,,,,,,,,,,,,,,,,,,,,,,,,,,,,,,,,,,,,,,,,,,,,,,
2003-03-01,97.6,97.6,97.6,97.6,97.6,97.6,97.6,97.6,97.6,97.6,97.6,97.6,97.6,97.6,97.6,97.6,97.6,97.6,97.6,97.6,97.6,97.6,97.6,97.6,97.6,97.6,97.6,97.6,97.6,97.6,97.6,97.6,97.6,97.6,97.6,97.6,97.6,97.6,97.6,97.6,97.6,97.6,97.6,97.6,97.6,97.6,97.6,97.6,97.6,97.6,97.6,97.6,97.6,97.6,97.6,97.6,97.6,97.6,97.6,97.6,97.6,97.6,97.6,97.6,97.6,97.6,97.6,97.6,97.6,97.6,97.6,97.6,97.6,97.6,97.6,97.6,97.6,97.6,97.6,97.6,97.6,97.6,97.6,97.6,97.6,97.6,97.6,97.6,97.6,97.6,97.6,97.6,97.6,97.6,97.6,97.6,97.6,97.6,97.6,97.6,97.6,97.6,97.6,97.6,97.6,97.6,97.6,97.6,97.6,97.6,97.6,97.6,97.6,97.6,97.6,97.6,97.6,97.6,97.6,97.6,97.6,97.6,97.6,97.6,97.6,97.6,97.6,97.6,97.6,97.6,97.6,97.6,97.6,97.6,97.6,97.6,97.6,97.6,97.6,97.6,97.6,97.6,97.6,97.6,97.6,97.6,97.6,97.6,97.6,97.6,97.6,97.6,97.6,97.6,97.6,97.6,97.6,97.6,97.6,97.6,97.6,97.6,97.6,97.6,97.6,97.6,97.6,97.6,97.6,97.6,97.6,97.6,97.6,97.6,97.6,97.6,97.6,97.6,97.6,97.6,97.6,97.6,97.6,97.6,97.6,97.6,97.6,97.6,97.6,97.6,97.6,97.6,97.6,97.6,97.6,97.6,97.6,97.6
2003-04-01,,,,,,,,,,,,,,,,,,,,,,,,,,,,,,,,,,,,,,,,,,,,,,,,,,,,,,,,,,,,,,,,,,,,,,,,,,,,,,,,,,,,,,,,,,,,,,,,,,,,,,,,,,,,,,,,,,,,,,,,,,,,,,,,,,,,,,,,,,,,,,,,,,,,,,,,,,,,,,,,,,,,,,,,,,,,,,,,,,,,,,,,,,,,,,,,,,,,,,
2003-05-01,,,,,,,,,,,,,,,,,,,,,,,,,,,,,,,,,,,,,,,,,,,,,,,,,,,,,,,,,,,,,,,,,,,,,,,,,,,,,,,,,,,,,,,,,,,,,,,,,,,,,,,,,,,,,,,,,,,,,,,,,,,,,,,,,,,,,,,,,,,,,,,,,,,,,,,,,,,,,,,,,,,,,,,,,,,,,,,,,,,,,,,,,,,,,,,,,,,,,,
2003-06-01,95.3,95.3,95.3,95.3,95.3,95.3,95.3,95.3,95.3,95.3,95.3,95.3,95.3,95.3,95.3,95.3,95.3,95.3,95.3,95.3,95.3,95.3,95.3,95.3,95.3,95.3,95.3,95.3,95.3,95.3,95.3,95.3,95.3,95.3,95.3,95.3,95.3,95.3,95.3,95.3,95.3,95.3,95.3,95.3,95.3,95.3,95.3,95.3,95.3,95.3,95.3,95.3,95.3,95.3,95.3,95.3,95.3,95.3,95.3,95.3,95.3,95.3,95.3,95.3,95.3,95.3,95.3,95.3,95.3,95.3,95.3,95.3,95.3,95.3,95.3,95.3,95.3,95.3,95.3,95.3,95.3,95.3,95.3,95.3,95.3,95.3,95.3,95.3,95.3,95.3,95.3,95.3,95.3,95.3,95.3,95.3,95.3,95.3,95.3,95.3,95.3,95.3,95.3,95.3,95.3,95.3,95.3,95.3,95.3,95.3,95.3,95.3,95.3,95.3,95.3,95.3,95.3,95.3,95.3,95.3,95.3,95.3,95.3,95.3,95.3,95.3,95.3,95.3,95.3,95.3,95.3,95.3,95.3,95.3,95.3,95.3,95.3,95.3,95.3,95.3,95.3,95.3,95.3,95.3,95.3,95.3,95.3,95.3,95.3,95.3,95.3,95.3,95.3,95.3,95.3,95.3,95.3,95.3,95.3,95.3,95.3,95.3,95.3,95.3,95.3,95.3,95.3,95.3,95.3,95.3,95.3,95.3,95.3,95.3,95.3,95.3,95.3,95.3,95.3,95.3,95.3,95.3,95.3,95.3,95.3,95.3,95.3,95.3,95.3,95.3,95.3,95.3,95.3,95.3,95.3,95.3,95.3,95.3
2003-07-01,,,,,,,,,,,,,,,,,,,,,,,,,,,,,,,,,,,,,,,,,,,,,,,,,,,,,,,,,,,,,,,,,,,,,,,,,,,,,,,,,,,,,,,,,,,,,,,,,,,,,,,,,,,,,,,,,,,,,,,,,,,,,,,,,,,,,,,,,,,,,,,,,,,,,,,,,,,,,,,,,,,,,,,,,,,,,,,,,,,,,,,,,,,,,,,,,,,,,,
2003-08-01,,,,,,,,,,,,,,,,,,,,,,,,,,,,,,,,,,,,,,,,,,,,,,,,,,,,,,,,,,,,,,,,,,,,,,,,,,,,,,,,,,,,,,,,,,,,,,,,,,,,,,,,,,,,,,,,,,,,,,,,,,,,,,,,,,,,,,,,,,,,,,,,,,,,,,,,,,,,,,,,,,,,,,,,,,,,,,,,,,,,,,,,,,,,,,,,,,,,,,
2003-09-01,95.7,95.7,95.7,95.7,95.7,95.7,95.7,95.7,95.7,95.7,95.7,95.7,95.7,95.7,95.7,95.7,95.7,95.7,95.7,95.7,95.7,95.7,95.7,95.7,95.7,95.7,95.7,95.7,95.7,95.7,95.7,95.7,95.7,95.7,95.7,95.7,95.7,95.7,95.7,95.7,95.7,95.7,95.7,95.7,95.7,95.7,95.7,95.7,95.7,95.7,95.7,95.7,95.7,95.7,95.7,95.7,95.7,95.7,95.7,95.7,95.7,95.7,95.7,95.7,95.7,95.7,95.7,95.7,95.7,95.7,95.7,95.7,95.7,95.7,95.7,95.7,95.7,95.7,95.7,95.7,95.7,95.7,95.7,95.7,95.7,95.7,95.7,95.7,95.7,95.7,95.7,95.7,95.7,95.7,95.7,95.7,95.7,95.7,95.7,95.7,95.7,95.7,95.7,95.7,95.7,95.7,95.7,95.7,95.7,95.7,95.7,95.7,95.7,95.7,95.7,95.7,95.7,95.7,95.7,95.7,95.7,95.7,95.7,95.7,95.7,95.7,95.7,95.7,95.7,95.7,95.7,95.7,95.7,95.7,95.7,95.7,95.7,95.7,95.7,95.7,95.7,95.7,95.7,95.7,95.7,95.7,95.7,95.7,95.7,95.7,95.7,95.7,95.7,95.7,95.7,95.7,95.7,95.7,95.7,95.7,95.7,95.7,95.7,95.7,95.7,95.7,95.7,95.7,95.7,95.7,95.7,95.7,95.7,95.7,95.7,95.7,95.7,95.7,95.7,95.7,95.7,95.7,95.7,95.7,95.7,95.7,95.7,95.7,95.7,95.7,95.7,95.7,95.7,95.7,95.7,95.7,95.7,95.7
2003-10-01,,,,,,,,,,,,,,,,,,,,,,,,,,,,,,,,,,,,,,,,,,,,,,,,,,,,,,,,,,,,,,,,,,,,,,,,,,,,,,,,,,,,,,,,,,,,,,,,,,,,,,,,,,,,,,,,,,,,,,,,,,,,,,,,,,,,,,,,,,,,,,,,,,,,,,,,,,,,,,,,,,,,,,,,,,,,,,,,,,,,,,,,,,,,,,,,,,,,,,
2003-11-01,,,,,,,,,,,,,,,,,,,,,,,,,,,,,,,,,,,,,,,,,,,,,,,,,,,,,,,,,,,,,,,,,,,,,,,,,,,,,,,,,,,,,,,,,,,,,,,,,,,,,,,,,,,,,,,,,,,,,,,,,,,,,,,,,,,,,,,,,,,,,,,,,,,,,,,,,,,,,,,,,,,,,,,,,,,,,,,,,,,,,,,,,,,,,,,,,,,,,,
2003-12-01,95.4,95.4,95.4,95.4,95.4,95.4,95.4,95.4,95.4,95.4,95.4,95.4,95.4,95.4,95.4,95.4,95.4,95.4,95.4,95.4,95.4,95.4,95.4,95.4,95.4,95.4,95.4,95.4,95.4,95.4,95.4,95.4,95.4,95.4,95.4,95.4,95.4,95.4,95.4,95.4,95.4,95.4,95.4,95.4,95.4,95.4,95.4,95.4,95.4,95.4,95.4,95.4,95.4,95.4,95.4,95.4,95.4,95.4,95.4,95.4,95.4,95.4,95.4,95.4,95.4,95.4,95.4,95.4,95.4,95.4,95.4,95.4,95.4,95.4,95.4,95.4,95.4,95.4,95.4,95.4,95.4,95.4,95.4,95.4,95.4,95.4,95.4,95.4,95.4,95.4,95.4,95.4,95.4,95.4,95.4,95.4,95.4,95.4,95.4,95.4,95.4,95.4,95.4,95.4,95.4,95.4,95.4,95.4,95.4,95.4,95.4,95.4,95.4,95.4,95.4,95.4,95.4,95.4,95.4,95.4,95.4,95.4,95.4,95.4,95.4,95.4,95.4,95.4,95.4,95.4,95.4,95.4,95.4,95.4,95.4,95.4,95.4,95.4,95.4,95.4,95.4,95.4,95.4,95.4,95.4,95.4,95.4,95.4,95.4,95.4,95.4,95.4,95.4,95.4,95.4,95.4,95.4,95.4,95.4,95.4,95.4,95.4,95.4,95.4,95.4,95.4,95.4,95.4,95.4,95.4,95.4,95.4,95.4,95.4,95.4,95.4,95.4,95.4,95.4,95.4,95.4,95.4,95.4,95.4,95.4,95.4,95.4,95.4,95.4,95.4,95.4,95.4,95.4,95.4,95.4,95.4,95.4,95.4
2004-01-01,,,,,,,,,,,,,,,,,,,,,,,,,,,,,,,,,,,,,,,,,,,,,,,,,,,,,,,,,,,,,,,,,,,,,,,,,,,,,,,,,,,,,,,,,,,,,,,,,,,,,,,,,,,,,,,,,,,,,,,,,,,,,,,,,,,,,,,,,,,,,,,,,,,,,,,,,,,,,,,,,,,,,,,,,,,,,,,,,,,,,,,,,,,,,,,,,,,,,,
2004-02-01,,,,,,,,,,,,,,,,,,,,,,,,,,,,,,,,,,,,,,,,,,,,,,,,,,,,,,,,,,,,,,,,,,,,,,,,,,,,,,,,,,,,,,,,,,,,,,,,,,,,,,,,,,,,,,,,,,,,,,,,,,,,,,,,,,,,,,,,,,,,,,,,,,,,,,,,,,,,,,,,,,,,,,,,,,,,,,,,,,,,,,,,,,,,,,,,,,,,,,
2004-03-01,96.0,96.0,96.0,96.0,96.0,96.0,96.0,96.0,96.0,96.0,96.0,96.0,96.0,96.0,96.0,96.0,96.0,96.0,96.0,96.0,96.0,96.0,96.0,96.0,96.0,96.0,96.0,96.0,96.0,96.0,96.0,96.0,96.0,96.0,96.0,96.0,96.0,96.0,96.0,96.0,96.0,96.0,96.0,96.0,96.0,96.0,96.0,96.0,96.0,96.0,96.0,96.0,96.0,96.0,96.0,96.0,96.0,96.0,96.0,96.0,96.0,96.0,96.0,96.0,96.0,96.0,96.0,96.0,96.0,96.0,96.0,96.0,96.0,96.0,96.0,96.0,96.0,96.0,96.0,96.0,96.0,96.0,96.0,96.0,96.0,96.0,96.0,96.0,96.0,96.0,96.0,96.0,96.0,96.0,96.0,96.0,96.0,96.0,96.0,96.0,96.0,96.0,96.0,96.0,96.0,96.0,96.0,96.0,96.0,96.0,96.0,96.0,96.0,96.0,96.0,96.0,96.0,96.0,96.0,96.0,96.0,96.0,96.0,96.0,96.0,96.0,96.0,96.0,96.0,96.0,96.0,96.0,96.0,96.0,96.0,96.0,96.0,96.0,96.0,96.0,96.0,96.0,96.0,96.0,96.0,96.0,96.0,96.0,96.0,96.0,96.0,96.0,96.0,96.0,96.0,96.0,96.0,96.0,96.0,96.0,96.0,96.0,96.0,96.0,96.0,96.0,96.0,96.0,96.0,96.0,96.0,96.0,96.0,96.0,96.0,96.0,96.0,96.0,96.0,96.0,96.0,96.0,96.0,96.0,96.0,96.0,96.0,96.0,96.0,96.0,96.0,96.0,96.0,96.0,96.0,96.0,96.0,96.0
2004-04-01,,,,,,,,,,,,,,,,,,,,,,,,,,,,,,,,,,,,,,,,,,,,,,,,,,,,,,,,,,,,,,,,,,,,,,,,,,,,,,,,,,,,,,,,,,,,,,,,,,,,,,,,,,,,,,,,,,,,,,,,,,,,,,,,,,,,,,,,,,,,,,,,,,,,,,,,,,,,,,,,,,,,,,,,,,,,,,,,,,,,,,,,,,,,,,,,,,,,,,
2004-05-01,,,,,,,,,,,,,,,,,,,,,,,,,,,,,,,,,,,,,,,,,,,,,,,,,,,,,,,,,,,,,,,,,,,,,,,,,,,,,,,,,,,,,,,,,,,,,,,,,,,,,,,,,,,,,,,,,,,,,,,,,,,,,,,,,,,,,,,,,,,,,,,,,,,,,,,,,,,,,,,,,,,,,,,,,,,,,,,,,,,,,,,,,,,,,,,,,,,,,,
2004-06-01,97.6,97.6,97.6,97.6,97.6,97.6,97.6,97.6,97.6,97.6,97.6,97.6,97.6,97.6,97.6,97.6,97.6,97.6,97.6,97.6,97.6,97.6,97.6,97.6,97.6,97.6,97.6,97.6,97.6,97.6,97.6,97.6,97.6,97.6,97.6,97.6,97.6,97.6,97.6,97.6,97.6,97.6,97.6,97.6,97.6,97.6,97.6,97.6,97.6,97.6,97.6,97.6,97.6,97.6,97.6,97.6,97.6,97.6,97.6,97.6,97.6,97.6,97.6,97.6,97.6,97.6,97.6,97.6,97.6,97.6,97.6,97.6,97.6,97.6,97.6,97.6,97.6,97.6,97.6,97.6,97.6,97.6,97.6,97.6,97.6,97.6,97.6,97.6,97.6,97.6,97.6,97.6,97.6,97.6,97.6,97.6,97.6,97.6,97.6,97.6,97.6,97.6,97.6,97.6,97.6,97.6,97.6,97.6,97.6,97.6,97.6,97.6,97.6,97.6,97.6,97.6,97.6,97.6,97.6,97.6,97.6,97.6,97.6,97.6,97.6,97.6,97.6,97.6,97.6,97.6,97.6,97.6,97.6,97.6,97.6,97.6,97.6,97.6,97.6,97.6,97.6,97.6,97.6,97.6,97.6,97.6,97.6,97.6,97.6,97.6,97.6,97.6,97.6,97.6,97.6,97.6,97.6,97.6,97.6,97.6,97.6,97.6,97.6,97.6,97.6,97.6,97.6,97.6,97.6,97.6,97.6,97.6,97.6,97.6,97.6,97.6,97.6,97.6,97.6,97.6,97.6,97.6,97.6,97.6,97.6,97.6,97.6,97.6,97.6,97.6,97.6,97.6,97.6,97.6,97.6,97.6,97.6,97.6
2004-07-01,,,,,,,,,,,,,,,,,,,,,,,,,,,,,,,,,,,,,,,,,,,,,,,,,,,,,,,,,,,,,,,,,,,,,,,,,,,,,,,,,,,,,,,,,,,,,,,,,,,,,,,,,,,,,,,,,,,,,,,,,,,,,,,,,,,,,,,,,,,,,,,,,,,,,,,,,,,,,,,,,,,,,,,,,,,,,,,,,,,,,,,,,,,,,,,,,,,,,,
2004-08-01,,,,,,,,,,,,,,,,,,,,,,,,,,,,,,,,,,,,,,,,,,,,,,,,,,,,,,,,,,,,,,,,,,,,,,,,,,,,,,,,,,,,,,,,,,,,,,,,,,,,,,,,,,,,,,,,,,,,,,,,,,,,,,,,,,,,,,,,,,,,,,,,,,,,,,,,,,,,,,,,,,,,,,,,,,,,,,,,,,,,,,,,,,,,,,,,,,,,,,
2004-09-01,98.5,98.5,98.5,98.5,98.5,98.5,98.5,98.5,98.5,98.5,98.5,98.5,98.5,98.5,98.5,98.5,98.5,98.5,98.5,98.5,98.5,98.5,98.5,98.5,98.5,98.5,98.5,98.5,98.5,98.5,98.5,98.5,98.5,98.5,98.5,98.5,98.5,98.5,98.5,98.5,98.5,98.5,98.5,98.5,98.5,98.5,98.5,98.5,98.5,98.5,98.5,98.5,98.5,98.5,98.5,98.5,98.5,98.5,98.5,98.5,98.5,98.5,98.5,98.5,98.5,98.5,98.5,98.5,98.5,98.5,98.5,98.5,98.5,98.5,98.5,98.5,98.5,98.5,98.5,98.5,98.5,98.5,98.5,98.5,98.5,98.5,98.5,98.5,98.5,98.5,98.5,98.5,98.5,98.5,98.5,98.5,98.5,98.5,98.5,98.5,98.5,98.5,98.5,98.5,98.5,98.5,98.5,98.5,98.5,98.5,98.5,98.5,98.5,98.5,98.5,98.5,98.5,98.5,98.5,98.5,98.5,98.5,98.5,98.5,98.5,98.5,98.5,98.5,98.5,98.5,98.5,98.5,98.5,98.5,98.5,98.5,98.5,98.5,98.5,98.5,98.5,98.5,98.5,98.5,98.5,98.5,98.5,98.5,98.5,98.5,98.5,98.5,98.5,98.5,98.5,98.5,98.5,98.5,98.5,98.5,98.5,98.5,98.5,98.5,98.5,98.5,98.5,98.5,98.5,98.5,98.5,98.5,98.5,98.5,98.5,98.5,98.5,98.5,98.5,98.5,98.5,98.5,98.5,98.5,98.5,98.5,98.5,98.5,98.5,98.5,98.5,98.5,98.5,98.5,98.5,98.5,98.5,98.5
2004-10-01,,,,,,,,,,,,,,,,,,,,,,,,,,,,,,,,,,,,,,,,,,,,,,,,,,,,,,,,,,,,,,,,,,,,,,,,,,,,,,,,,,,,,,,,,,,,,,,,,,,,,,,,,,,,,,,,,,,,,,,,,,,,,,,,,,,,,,,,,,,,,,,,,,,,,,,,,,,,,,,,,,,,,,,,,,,,,,,,,,,,,,,,,,,,,,,,,,,,,,
2004-11-01,,,,,,,,,,,,,,,,,,,,,,,,,,,,,,,,,,,,,,,,,,,,,,,,,,,,,,,,,,,,,,,,,,,,,,,,,,,,,,,,,,,,,,,,,,,,,,,,,,,,,,,,,,,,,,,,,,,,,,,,,,,,,,,,,,,,,,,,,,,,,,,,,,,,,,,,,,,,,,,,,,,,,,,,,,,,,,,,,,,,,,,,,,,,,,,,,,,,,,
2004-12-01,103.7,103.7,103.7,103.7,103.7,103.7,103.7,103.7,103.7,103.7,103.7,103.7,103.7,103.7,103.7,103.7,103.7,103.7,103.7,103.7,103.7,103.7,103.7,103.7,103.7,103.7,103.7,103.7,103.7,103.7,103.7,103.7,103.7,103.7,103.7,103.7,103.7,103.7,103.7,103.7,103.7,103.7,103.7,103.7,103.7,103.7,103.7,103.7,103.7,103.7,103.7,103.7,103.7,103.7,103.7,103.7,103.7,103.7,103.7,103.7,103.7,103.7,103.7,103.7,103.7,103.7,103.7,103.7,103.7,103.7,103.7,103.7,103.7,103.7,103.7,103.7,103.7,103.7,103.7,103.7,103.7,103.7,103.7,103.7,103.7,103.7,103.7,103.7,103.7,103.7,103.7,103.7,103.7,103.7,103.7,103.7,103.7,103.7,103.7,103.7,103.7,103.7,103.7,103.7,103.7,103.7,103.7,103.7,103.7,103.7,103.7,103.7,103.7,103.7,103.7,103.7,103.7,103.7,103.7,103.7,103.7,103.7,103.7,103.7,103.7,103.7,103.7,103.7,103.7,103.7,103.7,103.7,103.7,103.7,103.7,103.7,103.7,103.7,103.7,103.7,103.7,103.7,103.7,103.7,103.7,103.7,103.7,103.7,103.7,103.7,103.7,103.7,103.7,103.7,103.7,103.7,103.7,103.7,103.7,103.7,103.7,103.7,103.7,103.7,103.7,103.7,103.7,103.7,103.7,103.7,103.7,103.7,103.7,103.7,103.7,103.7,103.7,103.7,103.7,103.7,103.7,103.7,103.7,103.7,103.7,103.7,103.7,103.7,103.7,103.7,103.7,103.7,103.7,103.7,103.7,103.7,103.7,103.7
2005-01-01,,,,,,,,,,,,,,,,,,,,,,,,,,,,,,,,,,,,,,,,,,,,,,,,,,,,,,,,,,,,,,,,,,,,,,,,,,,,,,,,,,,,,,,,,,,,,,,,,,,,,,,,,,,,,,,,,,,,,,,,,,,,,,,,,,,,,,,,,,,,,,,,,,,,,,,,,,,,,,,,,,,,,,,,,,,,,,,,,,,,,,,,,,,,,,,,,,,,,,
2005-02-01,,,,,,,,,,,,,,,,,,,,,,,,,,,,,,,,,,,,,,,,,,,,,,,,,,,,,,,,,,,,,,,,,,,,,,,,,,,,,,,,,,,,,,,,,,,,,,,,,,,,,,,,,,,,,,,,,,,,,,,,,,,,,,,,,,,,,,,,,,,,,,,,,,,,,,,,,,,,,,,,,,,,,,,,,,,,,,,,,,,,,,,,,,,,,,,,,,,,,,
2005-03-01,100.5,100.5,100.5,100.5,100.5,100.5,100.5,100.5,100.5,100.5,100.5,100.5,100.5,100.5,100.5,100.5,100.5,100.5,100.5,100.5,100.5,100.5,100.5,100.5,100.5,100.5,100.5,100.5,100.5,100.5,100.5,100.5,100.5,100.5,100.5,100.5,100.5,100.5,100.5,100.5,100.5,100.5,100.5,100.5,100.5,100.5,100.5,100.5,100.5,100.5,100.5,100.5,100.5,100.5,100.5,100.5,100.5,100.5,100.5,100.5,100.5,100.5,100.5,100.5,100.5,100.5,100.5,100.5,100.5,100.5,100.5,100.5,100.5,100.5,100.5,100.5,100.5,100.5,100.5,100.5,100.5,100.5,100.5,100.5,100.5,100.5,100.5,100.5,100.5,100.5,100.5,100.5,100.5,100.5,100.5,100.5,100.5,100.5,100.5,100.5,100.5,100.5,100.5,100.5,100.5,100.5,100.5,100.5,100.5,100.5,100.5,100.5,100.5,100.5,100.5,100.5,100.5,100.5,100.5,100.5,100.5,100.5,100.5,100.5,100.5,100.5,100.5,100.5,100.5,100.5,100.5,100.5,100.5,100.5,100.5,100.5,100.5,100.5,100.5,100.5,100.5,100.5,100.5,100.5,100.5,100.5,100.5,100.5,100.5,100.5,100.5,100.5,100.5,100.5,100.5,100.5,100.5,100.5,100.5,100.5,100.5,100.5,100.5,100.5,100.5,100.5,100.5,100.5,100.5,100.5,100.5,100.5,100.5,100.5,100.5,100.5,100.5,100.5,100.5,100.5,100.5,100.5,100.5,100.5,100.5,100.5,100.5,100.5,100.5,100.5,100.5,100.5,100.5,100.5,100.5,100.5,100.5,100.5
2005-04-01,,,,,,,,,,,,,,,,,,,,,,,,,,,,,,,,,,,,,,,,,,,,,,,,,,,,,,,,,,,,,,,,,,,,,,,,,,,,,,,,,,,,,,,,,,,,,,,,,,,,,,,,,,,,,,,,,,,,,,,,,,,,,,,,,,,,,,,,,,,,,,,,,,,,,,,,,,,,,,,,,,,,,,,,,,,,,,,,,,,,,,,,,,,,,,,,,,,,,,
2005-05-01,,,,,,,,,,,,,,,,,,,,,,,,,,,,,,,,,,,,,,,,,,,,,,,,,,,,,,,,,,,,,,,,,,,,,,,,,,,,,,,,,,,,,,,,,,,,,,,,,,,,,,,,,,,,,,,,,,,,,,,,,,,,,,,,,,,,,,,,,,,,,,,,,,,,,,,,,,,,,,,,,,,,,,,,,,,,,,,,,,,,,,,,,,,,,,,,,,,,,,
2005-06-01,102.6,102.6,102.6,102.6,102.6,102.6,102.6,102.6,102.6,102.6,102.6,102.6,102.6,102.6,102.6,102.6,102.6,102.6,102.6,102.6,102.6,102.6,102.6,102.6,102.6,102.6,102.6,102.6,102.6,102.6,102.6,102.6,102.6,102.6,102.6,102.6,102.6,102.6,102.6,102.6,102.6,102.6,102.6,102.6,102.6,102.6,102.6,102.6,102.6,102.6,102.6,102.6,102.6,102.6,102.6,102.6,102.6,102.6,102.6,102.6,102.6,102.6,102.6,102.6,102.6,102.6,102.6,102.6,102.6,102.6,102.6,102.6,102.6,102.6,102.6,102.6,102.6,102.6,102.6,102.6,102.6,102.6,102.6,102.6,102.6,102.6,102.6,102.6,102.6,102.6,102.6,102.6,102.6,102.6,102.6,102.6,102.6,102.6,102.6,102.6,102.6,102.6,102.6,102.6,102.6,102.6,102.6,102.6,102.6,102.6,102.6,102.6,102.6,102.6,102.6,102.6,102.6,102.6,102.6,102.6,102.6,102.6,102.6,102.6,102.6,102.6,102.6,102.6,102.6,102.6,102.6,102.6,102.6,102.6,102.6,102.6,102.6,102.6,102.6,102.6,102.6,102.6,102.6,102.6,102.6,102.6,102.6,102.6,102.6,102.6,102.6,102.6,102.6,102.6,102.6,102.6,102.6,102.6,102.6,102.6,102.6,102.6,102.6,102.6,102.6,102.6,102.6,102.6,102.6,102.6,102.6,102.6,102.6,102.6,102.6,102.6,102.6,102.6,102.6,102.6,102.6,102.6,102.6,102.6,102.6,102.6,102.6,102.6,102.6,102.6,102.6,102.6,102.6,102.6,102.6,102.6,102.6,102.6
2005-07-01,,,,,,,,,,,,,,,,,,,,,,,,,,,,,,,,,,,,,,,,,,,,,,,,,,,,,,,,,,,,,,,,,,,,,,,,,,,,,,,,,,,,,,,,,,,,,,,,,,,,,,,,,,,,,,,,,,,,,,,,,,,,,,,,,,,,,,,,,,,,,,,,,,,,,,,,,,,,,,,,,,,,,,,,,,,,,,,,,,,,,,,,,,,,,,,,,,,,,,
2005-08-01,,,,,,,,,,,,,,,,,,,,,,,,,,,,,,,,,,,,,,,,,,,,,,,,,,,,,,,,,,,,,,,,,,,,,,,,,,,,,,,,,,,,,,,,,,,,,,,,,,,,,,,,,,,,,,,,,,,,,,,,,,,,,,,,,,,,,,,,,,,,,,,,,,,,,,,,,,,,,,,,,,,,,,,,,,,,,,,,,,,,,,,,,,,,,,,,,,,,,,
2005-09-01,106.4,106.4,106.4,106.4,106.4,106.4,106.4,106.4,106.4,106.4,106.4,106.4,106.4,106.4,106.4,106.4,106.4,106.4,106.4,106.4,106.4,106.4,106.4,106.4,106.4,106.4,106.4,106.4,106.4,106.4,106.4,106.4,106.4,106.4,106.4,106.4,106.4,106.4,106.4,106.4,106.4,106.4,106.4,106.4,106.4,106.4,106.4,106.4,106.4,106.4,106.4,106.4,106.4,106.4,106.4,106.4,106.4,106.4,106.4,106.4,106.4,106.4,106.4,106.4,106.4,106.4,106.4,106.4,106.4,106.4,106.4,106.4,106.4,106.4,106.4,106.4,106.4,106.4,106.4,106.4,106.4,106.4,106.4,106.4,106.4,106.4,106.4,106.4,106.4,106.4,106.4,106.4,106.4,106.4,106.4,106.4,106.4,106.4,106.4,106.4,106.4,106.4,106.4,106.4,106.4,106.4,106.4,106.4,106.4,106.4,106.4,106.4,106.4,106.4,106.4,106.4,106.4,106.4,106.4,106.4,106.4,106.4,106.4,106.4,106.4,106.4,106.4,106.4,106.4,106.4,106.4,106.4,106.4,106.4,106.4,106.4,106.4,106.4,106.4,106.4,106.4,106.4,106.4,106.4,106.4,106.4,106.4,106.4,106.4,106.4,106.4,106.4,106.4,106.4,106.4,106.4,106.4,106.4,106.4,106.4,106.4,106.4,106.4,106.4,106.4,106.4,106.4,106.4,106.4,106.4,106.4,106.4,106.4,106.4,106.4,106.4,106.4,106.4,106.4,106.4,106.4,106.4,106.4,106.4,106.4,106.4,106.4,106.4,106.4,106.4,106.4,106.4,106.4,106.4,106.4,106.4,106.4,106.4
2005-10-01,,,,,,,,,,,,,,,,,,,,,,,,,,,,,,,,,,,,,,,,,,,,,,,,,,,,,,,,,,,,,,,,,,,,,,,,,,,,,,,,,,,,,,,,,,,,,,,,,,,,,,,,,,,,,,,,,,,,,,,,,,,,,,,,,,,,,,,,,,,,,,,,,,,,,,,,,,,,,,,,,,,,,,,,,,,,,,,,,,,,,,,,,,,,,,,,,,,,,,
2005-11-01,,,,,,,,,,,,,,,,,,,,,,,,,,,,,,,,,,,,,,,,,,,,,,,,,,,,,,,,,,,,,,,,,,,,,,,,,,,,,,,,,,,,,,,,,,,,,,,,,,,,,,,,,,,,,,,,,,,,,,,,,,,,,,,,,,,,,,,,,,,,,,,,,,,,,,,,,,,,,,,,,,,,,,,,,,,,,,,,,,,,,,,,,,,,,,,,,,,,,,
2005-12-01,104.9,104.9,104.9,104.9,104.9,104.9,104.9,104.9,104.9,104.9,104.9,104.9,104.9,104.9,104.9,104.9,104.9,104.9,104.9,104.9,104.9,104.9,104.9,104.9,104.9,104.9,104.9,104.9,104.9,104.9,104.9,104.9,104.9,104.9,104.9,104.9,104.9,104.9,104.9,104.9,104.9,104.9,104.9,104.9,104.9,104.9,104.9,104.9,104.9,104.9,104.9,104.9,104.9,104.9,104.9,104.9,104.9,104.9,104.9,104.9,104.9,104.9,104.9,104.9,104.9,104.9,104.9,104.9,104.9,104.9,104.9,104.9,104.9,104.9,104.9,104.9,104.9,104.9,104.9,104.9,104.9,104.9,104.9,104.9,104.9,104.9,104.9,104.9,104.9,104.9,104.9,104.9,104.9,104.9,104.9,104.9,104.9,104.9,104.9,104.9,104.9,104.9,104.9,104.9,104.9,104.9,104.9,104.9,104.9,104.9,104.9,104.9,104.9,104.9,104.9,104.9,104.9,104.9,104.9,104.9,104.9,104.9,104.9,104.9,104.9,104.9,104.9,104.9,104.9,104.9,104.9,104.9,104.9,104.9,104.9,104.9,104.9,104.9,104.9,104.9,104.9,104.9,104.9,104.9,104.9,104.9,104.9,104.9,104.9,104.9,104.9,104.9,104.9,104.9,104.9,104.9,104.9,104.9,104.9,104.9,104.9,104.9,104.9,104.9,104.9,104.9,104.9,104.9,104.9,104.9,104.9,104.9,104.9,104.9,104.9,104.9,104.9,104.9,104.9,104.9,104.9,104.9,104.9,104.9,104.9,104.9,104.9,104.9,104.9,104.9,104.9,104.9,104.9,104.9,104.9,104.9,104.9,104.9
2006-01-01,104.7,104.7,104.7,104.7,104.7,104.7,104.7,104.7,104.7,104.7,104.7,104.7,104.7,104.7,104.7,104.7,104.7,104.7,104.7,104.7,104.7,104.7,104.7,104.7,104.7,104.7,104.7,104.7,104.7,104.7,104.7,104.7,104.7,104.7,104.7,104.7,104.7,104.7,104.7,104.7,104.7,104.7,104.7,104.7,104.7,104.7,104.7,104.7,104.7,104.7,104.7,104.7,104.7,104.7,104.7,104.7,104.7,104.7,104.7,104.7,104.7,104.7,104.7,104.7,104.7,104.7,104.7,104.7,104.7,104.7,104.7,104.7,104.7,104.7,104.7,104.7,104.7,104.7,104.7,104.7,104.7,104.7,104.7,104.7,104.7,104.7,104.7,104.7,104.7,104.7,104.7,104.7,104.7,104.7,104.7,104.7,104.7,104.7,104.7,104.7,104.7,104.7,104.7,104.7,104.7,104.7,104.7,104.7,104.7,104.7,104.7,104.7,104.7,104.7,104.7,104.7,104.7,104.7,104.7,104.7,104.7,104.7,104.7,104.7,104.7,104.7,104.7,104.7,104.7,104.7,104.7,104.7,104.7,104.7,104.7,104.7,104.7,104.7,104.7,104.7,104.7,104.7,104.7,104.7,104.7,104.7,104.7,104.7,104.7,104.7,104.7,104.7,104.7,104.7,104.7,104.7,104.7,104.7,104.7,104.7,104.7,104.7,104.7,104.7,104.7,104.7,104.7,104.7,104.7,104.7,104.7,104.7,104.7,104.7,104.7,104.7,104.7,104.7,104.7,104.7,104.7,104.7,104.7,104.7,104.7,104.7,104.7,104.7,104.7,104.7,104.7,104.7,104.7,104.7,104.7,104.7,104.7,104.7
2006-02-01,105.2,105.2,105.2,105.2,105.2,105.2,105.2,105.2,105.2,105.2,105.2,105.2,105.2,105.2,105.2,105.2,105.2,105.2,105.2,105.2,105.2,105.2,105.2,105.2,105.2,105.2,105.2,105.2,105.2,105.2,105.2,105.2,105.2,105.2,105.2,105.2,105.2,105.2,105.2,105.2,105.2,105.2,105.2,105.2,105.2,105.2,105.2,105.2,105.2,105.2,105.2,105.2,105.2,105.2,105.2,105.2,105.2,105.2,105.2,105.2,105.2,105.2,105.2,105.2,105.2,105.2,105.2,105.2,105.2,105.2,105.2,105.2,105.2,105.2,105.2,105.2,105.2,105.2,105.2,105.2,105.2,105.2,105.2,105.2,105.2,105.2,105.2,105.2,105.2,105.2,105.2,105.2,105.2,105.2,105.2,105.2,105.2,105.2,105.2,105.2,105.2,105.2,105.2,105.2,105.2,105.2,105.2,105.2,105.2,105.2,105.2,105.2,105.2,105.2,105.2,105.2,105.2,105.2,105.2,105.2,105.2,105.2,105.2,105.2,105.2,105.2,105.2,105.2,105.2,105.2,105.2,105.2,105.2,105.2,105.2,105.2,105.2,105.2,105.2,105.2,105.2,105.2,105.2,105.2,105.2,105.2,105.2,105.2,105.2,105.2,105.2,105.2,105.2,105.2,105.2,105.2,105.2,105.2,105.2,105.2,105.2,105.2,105.2,105.2,105.2,105.2,105.2,105.2,105.2,105.2,105.2,105.2,105.2,105.2,105.2,105.2,105.2,105.2,105.2,105.2,105.2,105.2,105.2,105.2,105.2,105.2,105.2,105.2,105.2,105.2,105.2,105.2,105.2,105.2,105.2,105.2,105.2,105.2
2006-03-01,105.9,105.9,105.9,105.9,105.9,105.9,105.9,105.9,105.9,105.9,105.9,105.9,105.9,105.9,105.9,105.9,105.9,105.9,105.9,105.9,105.9,105.9,105.9,105.9,105.9,105.9,105.9,105.9,105.9,105.9,105.9,105.9,105.9,105.9,105.9,105.9,105.9,105.9,105.9,105.9,105.9,105.9,105.9,105.9,105.9,105.9,105.9,105.9,105.9,105.9,105.9,105.9,105.9,105.9,105.9,105.9,105.9,105.9,105.9,105.9,105.9,105.9,105.9,105.9,105.9,105.9,105.9,105.9,105.9,105.9,105.9,105.9,105.9,105.9,105.9,105.9,105.9,105.9,105.9,105.9,105.9,105.9,105.9,105.9,105.9,105.9,105.9,105.9,105.9,105.9,105.9,105.9,105.9,105.9,105.9,105.9,105.9,105.9,105.9,105.9,105.9,105.9,105.9,105.9,105.9,105.9,105.9,105.9,105.9,105.9,105.9,105.9,105.9,105.9,105.9,105.9,105.9,105.9,105.9,105.9,105.9,105.9,105.9,105.9,105.9,105.9,105.9,105.9,105.9,105.9,105.9,105.9,105.9,105.9,105.9,105.9,105.9,105.9,105.9,105.9,105.9,105.9,105.9,105.9,105.9,105.9,105.9,105.9,105.9,105.9,105.9,105.9,105.9,105.9,105.9,105.9,105.9,105.9,105.9,105.9,105.9,105.9,105.9,105.9,105.9,105.9,105.9,105.9,105.9,105.9,105.9,105.9,105.9,105.9,105.9,105.9,105.9,105.9,105.9,105.9,105.9,105.9,105.9,105.9,105.9,105.9,105.9,105.9,105.9,105.9,105.9,105.9,105.9,105.9,105.9,105.9,105.9,105.9
2006-04-01,105.7,105.7,105.7,105.7,105.7,105.7,105.7,105.7,105.7,105.7,105.7,105.7,105.7,105.7,105.7,105.7,105.7,105.7,105.7,105.7,105.7,105.7,105.7,105.7,105.7,105.7,105.7,105.7,105.7,105.7,105.7,105.7,105.7,105.7,105.7,105.7,105.7,105.7,105.7,105.7,105.7,105.7,105.7,105.7,105.7,105.7,105.7,105.7,105.7,105.7,105.7,105.7,105.7,105.7,105.7,105.7,105.7,105.7,105.7,105.7,105.7,105.7,105.7,105.7,105.7,105.7,105.7,105.7,105.7,105.7,105.7,105.7,105.7,105.7,105.7,105.7,105.7,105.7,105.7,105.7,105.7,105.7,105.7,105.7,105.7,105.7,105.7,105.7,105.7,105.7,105.7,105.7,105.7,105.7,105.7,105.7,105.7,105.7,105.7,105.7,105.7,105.7,105.7,105.7,105.7,105.7,105.7,105.7,105.7,105.7,105.7,105.7,105.7,105.7,105.7,105.7,105.7,105.7,105.7,105.7,105.7,105.7,105.7,105.7,105.7,105.7,105.7,105.7,105.7,105.7,105.7,105.7,105.7,105.7,105.7,105.7,105.7,105.7,105.7,105.7,105.7,105.7,105.7,105.7,105.7,105.7,105.7,105.7,105.7,105.7,105.7,105.7,105.7,105.7,105.7,105.7,105.7,105.7,105.7,105.7,105.7,105.7,105.7,105.7,105.7,105.7,105.7,105.7,105.7,105.7,105.7,105.7,105.7,105.7,105.7,105.7,105.7,105.7,105.7,105.7,105.7,105.7,105.7,105.7,105.7,105.7,105.7,105.7,105.7,105.7,105.7,105.7,105.7,105.7,105.7,105.7,105.7,105.7
2006-05-01,107.4,107.4,107.4,107.4,107.4,107.4,107.4,107.4,107.4,107.4,107.4,107.4,107.4,107.4,107.4,107.4,107.4,107.4,107.4,107.4,107.4,107.4,107.4,107.4,107.4,107.4,107.4,107.4,107.4,107.4,107.4,107.4,107.4,107.4,107.4,107.4,107.4,107.4,107.4,107.4,107.4,107.4,107.4,107.4,107.4,107.4,107.4,107.4,107.4,107.4,107.4,107.4,107.4,107.4,107.4,107.4,107.4,107.4,107.4,107.4,107.4,107.4,107.4,107.4,107.4,107.4,107.4,107.4,107.4,107.4,107.4,107.4,107.4,107.4,107.4,107.4,107.4,107.4,107.4,107.4,107.4,107.4,107.4,107.4,107.4,107.4,107.4,107.4,107.4,107.4,107.4,107.4,107.4,107.4,107.4,107.4,107.4,107.4,107.4,107.4,107.4,107.4,107.4,107.4,107.4,107.4,107.4,107.4,107.4,107.4,107.4,107.4,107.4,107.4,107.4,107.4,107.4,107.4,107.4,107.4,107.4,107.4,107.4,107.4,107.4,107.4,107.4,107.4,107.4,107.4,107.4,107.4,107.4,107.4,107.4,107.4,107.4,107.4,107.4,107.4,107.4,107.4,107.4,107.4,107.4,107.4,107.4,107.4,107.4,107.4,107.4,107.4,107.4,107.4,107.4,107.4,107.4,107.4,107.4,107.4,107.4,107.4,107.4,107.4,107.4,107.4,107.4,107.4,107.4,107.4,107.4,107.4,107.4,107.4,107.4,107.4,107.4,107.4,107.4,107.4,107.4,107.4,107.4,107.4,107.4,107.4,107.4,107.4,107.4,107.4,107.4,107.4,107.4,107.4,107.4,107.4,107.4,107.4
2006-06-01,109.2,109.2,109.2,109.2,109.2,109.2,109.2,109.2,109.2,109.2,109.2,109.2,109.2,109.2,109.2,109.2,109.2,109.2,109.2,109.2,109.2,109.2,109.2,109.2,109.2,109.2,109.2,109.2,109.2,109.2,109.2,109.2,109.2,109.2,109.2,109.2,109.2,109.2,109.2,109.2,109.2,109.2,109.2,109.2,109.2,109.2,109.2,109.2,109.2,109.2,109.2,109.2,109.2,109.2,109.2,109.2,109.2,109.2,109.2,109.2,109.2,109.2,109.2,109.2,109.2,109.2,109.2,109.2,109.2,109.2,109.2,109.2,109.2,109.2,109.2,109.2,109.2,109.2,109.2,109.2,109.2,109.2,109.2,109.2,109.2,109.2,109.2,109.2,109.2,109.2,109.2,109.2,109.2,109.2,109.2,109.2,109.2,109.2,109.2,109.2,109.2,109.2,109.2,109.2,109.2,109.2,109.2,109.2,109.2,109.2,109.2,109.2,109.2,109.2,109.2,109.2,109.2,109.2,109.2,109.2,109.2,109.2,109.2,109.2,109.2,109.2,109.2,109.2,109.2,109.2,109.2,109.2,109.2,109.2,109.2,109.2,109.2,109.2,109.2,109.2,109.2,109.2,109.2,109.2,109.2,109.2,109.2,109.2,109.2,109.2,109.2,109.2,109.2,109.2,109.2,109.2,109.2,109.2,109.2,109.2,109.2,109.2,109.2,109.2,109.2,109.2,109.2,109.2,109.2,109.2,109.2,109.2,109.2,109.2,109.2,109.2,109.2,109.2,109.2,109.2,109.2,109.2,109.2,109.2,109.2,109.2,109.2,109.2,109.2,109.2,109.2,109.2,109.2,109.2,109.2,109.2,109.2,109.2
2006-07-01,109.4,109.4,109.4,109.4,109.4,109.4,109.4,109.4,109.4,109.4,109.4,109.4,109.4,109.4,109.4,109.4,109.4,109.4,109.4,109.4,109.4,109.4,109.4,109.4,109.4,109.4,109.4,109.4,109.4,109.4,109.4,109.4,109.4,109.4,109.4,109.4,109.4,109.4,109.4,109.4,109.4,109.4,109.4,109.4,109.4,109.4,109.4,109.4,109.4,109.4,109.4,109.4,109.4,109.4,109.4,109.4,109.4,109.4,109.4,109.4,109.4,109.4,109.4,109.4,109.4,109.4,109.4,109.4,109.4,109.4,109.4,109.4,109.4,109.4,109.4,109.4,109.4,109.4,109.4,109.4,109.4,109.4,109.4,109.4,109.4,109.4,109.4,109.4,109.4,109.4,109.4,109.4,109.4,109.4,109.4,109.4,109.4,109.4,109.4,109.4,109.4,109.4,109.4,109.4,109.4,109.4,109.4,109.4,109.4,109.4,109.4,109.4,109.4,109.4,109.4,109.4,109.4,109.4,109.4,109.4,109.4,109.4,109.4,109.4,109.4,109.4,109.4,109.4,109.4,109.4,109.4,109.4,109.4,109.4,109.4,109.4,109.4,109.4,109.4,109.4,109.4,109.4,109.4,109.4,109.4,109.4,109.4,109.4,109.4,109.4,109.4,109.4,109.4,109.4,109.4,109.4,109.4,109.4,109.4,109.4,109.4,109.4,109.4,109.4,109.4,109.4,109.4,109.4,109.4,109.4,109.4,109.4,109.4,109.4,109.4,109.4,109.4,109.4,109.4,109.4,109.4,109.4,109.4,109.4,109.4,109.4,109.4,109.4,109.4,109.4,109.4,109.4,109.4,109.4,109.4,109.4,109.4,109.4
2006-08-01,108.0,108.0,108.0,108.0,108.0,108.0,108.0,108.0,108.0,108.0,108.0,108.0,108.0,108.0,108.0,108.0,108.0,108.0,108.0,108.0,108.0,108.0,108.0,108.0,108.0,108.0,108.0,108.0,108.0,108.0,108.0,108.0,108.0,108.0,108.0,108.0,108.0,108.0,108.0,108.0,108.0,108.0,108.0,108.0,108.0,108.0,108.0,108.0,108.0,108.0,108.0,108.0,108.0,108.0,108.0,108.0,108.0,108.0,108.0,108.0,108.0,108.0,108.0,108.0,108.0,108.0,108.0,108.0,108.0,108.0,108.0,108.0,108.0,108.0,108.0,108.0,108.0,108.0,108.0,108.0,108.0,108.0,108.0,108.0,108.0,108.0,108.0,108.0,108.0,108.0,108.0,108.0,108.0,108.0,108.0,108.0,108.0,108.0,108.0,108.0,108.0,108.0,108.0,108.0,108.0,108.0,108.0,108.0,108.0,108.0,108.0,108.0,108.0,108.0,108.0,108.0,108.0,108.0,108.0,108.0,108.0,108.0,108.0,108.0,108.0,108.0,108.0,108.0,108.0,108.0,108.0,108.0,108.0,108.0,108.0,108.0,108.0,108.0,108.0,108.0,108.0,108.0,108.0,108.0,108.0,108.0,108.0,108.0,108.0,108.0,108.0,108.0,108.0,108.0,108.0,108.0,108.0,108.0,108.0,108.0,108.0,108.0,108.0,108.0,108.0,108.0,108.0,108.0,108.0,108.0,108.0,108.0,108.0,108.0,108.0,108.0,108.0,108.0,108.0,108.0,108.0,108.0,108.0,108.0,108.0,108.0,108.0,108.0,108.0,108.0,108.0,108.0,108.0,108.0,108.0,108.0,108.0,108.0
2006-09-01,107.4,107.4,107.4,107.4,107.4,107.4,107.4,107.4,107.4,107.4,107.4,107.4,107.4,107.4,107.4,107.4,107.4,107.4,107.4,107.4,107.4,107.4,107.4,107.4,107.4,107.4,107.4,107.4,107.4,107.4,107.4,107.4,107.4,107.4,107.4,107.4,107.4,107.4,107.4,107.4,107.4,107.4,107.4,107.4,107.4,107.4,107.4,107.4,107.4,107.4,107.4,107.4,107.4,107.4,107.4,107.4,107.4,107.4,107.4,107.4,107.4,107.4,107.4,107.4,107.4,107.4,107.4,107.4,107.4,107.4,107.4,107.4,107.4,107.4,107.4,107.4,107.4,107.4,107.4,107.4,107.4,107.4,107.4,107.4,107.4,107.4,107.4,107.4,107.4,107.4,107.4,107.4,107.4,107.4,107.4,107.4,107.4,107.4,107.4,107.4,107.4,107.4,107.4,107.4,107.4,107.4,107.4,107.4,107.4,107.4,107.4,107.4,107.4,107.4,107.4,107.4,107.4,107.4,107.4,107.4,107.4,107.4,107.4,107.4,107.4,107.4,107.4,107.4,107.4,107.4,107.4,107.4,107.4,107.4,107.4,107.4,107.4,107.4,107.4,107.4,107.4,107.4,107.4,107.4,107.4,107.4,107.4,107.4,107.4,107.4,107.4,107.4,107.4,107.4,107.4,107.4,107.4,107.4,107.4,107.4,107.4,107.4,107.4,107.4,107.4,107.4,107.4,107.4,107.4,107.4,107.4,107.4,107.4,107.4,107.4,107.4,107.4,107.4,107.4,107.4,107.4,107.4,107.4,107.4,107.4,107.4,107.4,107.4,107.4,107.4,107.4,107.4,107.4,107.4,107.4,107.4,107.4,107.4
2006-10-01,106.6,106.6,106.6,106.6,106.6,106.6,106.6,106.6,106.6,106.6,106.6,106.6,106.6,106.6,106.6,106.6,106.6,106.6,106.6,106.6,106.6,106.6,106.6,106.6,106.6,106.6,106.6,106.6,106.6,106.6,106.6,106.6,106.6,106.6,106.6,106.6,106.6,106.6,106.6,106.6,106.6,106.6,106.6,106.6,106.6,106.6,106.6,106.6,106.6,106.6,106.6,106.6,106.6,106.6,106.6,106.6,106.6,106.6,106.6,106.6,106.6,106.6,106.6,106.6,106.6,106.6,106.6,106.6,106.6,106.6,106.6,106.6,106.6,106.6,106.6,106.6,106.6,106.6,106.6,106.6,106.6,106.6,106.6,106.6,106.6,106.6,106.6,106.6,106.6,106.6,106.6,106.6,106.6,106.6,106.6,106.6,106.6,106.6,106.6,106.6,106.6,106.6,106.6,106.6,106.6,106.6,106.6,106.6,106.6,106.6,106.6,106.6,106.6,106.6,106.6,106.6,106.6,106.6,106.6,106.6,106.6,106.6,106.6,106.6,106.6,106.6,106.6,106.6,106.6,106.6,106.6,106.6,106.6,106.6,106.6,106.6,106.6,106.6,106.6,106.6,106.6,106.6,106.6,106.6,106.6,106.6,106.6,106.6,106.6,106.6,106.6,106.6,106.6,106.6,106.6,106.6,106.6,106.6,106.6,106.6,106.6,106.6,106.6,106.6,106.6,106.6,106.6,106.6,106.6,106.6,106.6,106.6,106.6,106.6,106.6,106.6,106.6,106.6,106.6,106.6,106.6,106.6,106.6,106.6,106.6,106.6,106.6,106.6,106.6,106.6,106.6,106.6,106.6,106.6,106.6,106.6,106.6,106.6
2006-11-01,104.9,104.9,104.9,104.9,104.9,104.9,104.9,104.9,104.9,104.9,104.9,104.9,104.9,104.9,104.9,104.9,104.9,104.9,104.9,104.9,104.9,104.9,104.9,104.9,104.9,104.9,104.9,104.9,104.9,104.9,104.9,104.9,104.9,104.9,104.9,104.9,104.9,104.9,104.9,104.9,104.9,104.9,104.9,104.9,104.9,104.9,104.9,104.9,104.9,104.9,104.9,104.9,104.9,104.9,104.9,104.9,104.9,104.9,104.9,104.9,104.9,104.9,104.9,104.9,104.9,104.9,104.9,104.9,104.9,104.9,104.9,104.9,104.9,104.9,104.9,104.9,104.9,104.9,104.9,104.9,104.9,104.9,104.9,104.9,104.9,104.9,104.9,104.9,104.9,104.9,104.9,104.9,104.9,104.9,104.9,104.9,104.9,104.9,104.9,104.9,104.9,104.9,104.9,104.9,104.9,104.9,104.9,104.9,104.9,104.9,104.9,104.9,104.9,104.9,104.9,104.9,104.9,104.9,104.9,104.9,104.9,104.9,104.9,104.9,104.9,104.9,104.9,104.9,104.9,104.9,104.9,104.9,104.9,104.9,104.9,104.9,104.9,104.9,104.9,104.9,104.9,104.9,104.9,104.9,104.9,104.9,104.9,104.9,104.9,104.9,104.9,104.9,104.9,104.9,104.9,104.9,104.9,104.9,104.9,104.9,104.9,104.9,104.9,104.9,104.9,104.9,104.9,104.9,104.9,104.9,104.9,104.9,104.9,104.9,104.9,104.9,104.9,104.9,104.9,104.9,104.9,104.9,104.9,104.9,104.9,104.9,104.9,104.9,104.9,104.9,104.9,104.9,104.9,104.9,104.9,104.9,104.9,104.9
2006-12-01,104.1,104.1,104.1,104.1,104.1,104.1,104.1,104.1,104.1,104.1,104.1,104.1,104.1,104.1,104.1,104.1,104.1,104.1,104.1,104.1,104.1,104.1,104.1,104.1,104.1,104.1,104.1,104.1,104.1,104.1,104.1,104.1,104.1,104.1,104.1,104.1,104.1,104.1,104.1,104.1,104.1,104.1,104.1,104.1,104.1,104.1,104.1,104.1,104.1,104.1,104.1,104.1,104.1,104.1,104.1,104.1,104.1,104.1,104.1,104.1,104.1,104.1,104.1,104.1,104.1,104.1,104.1,104.1,104.1,104.1,104.1,104.1,104.1,104.1,104.1,104.1,104.1,104.1,104.1,104.1,104.1,104.1,104.1,104.1,104.1,104.1,104.1,104.1,104.1,104.1,104.1,104.1,104.1,104.1,104.1,104.1,104.1,104.1,104.1,104.1,104.1,104.1,104.1,104.1,104.1,104.1,104.1,104.1,104.1,104.1,104.1,104.1,104.1,104.1,104.1,104.1,104.1,104.1,104.1,104.1,104.1,104.1,104.1,104.1,104.1,104.1,104.1,104.1,104.1,104.1,104.1,104.1,104.1,104.1,104.1,104.1,104.1,104.1,104.1,104.1,104.1,104.1,104.1,104.1,104.1,104.1,104.1,104.1,104.1,104.1,104.1,104.1,104.1,104.1,104.1,104.1,104.1,104.1,104.1,104.1,104.1,104.1,104.1,104.1,104.1,104.1,104.1,104.1,104.1,104.1,104.1,104.1,104.1,104.1,104.1,104.1,104.1,104.1,104.1,104.1,104.1,104.1,104.1,104.1,104.1,104.1,104.1,104.1,104.1,104.1,104.1,104.1,104.1,104.1,104.1,104.1,104.1,104.1
2007-01-01,103.8,103.8,103.8,103.8,103.8,103.8,103.8,103.8,103.8,103.8,103.8,103.8,103.8,103.8,103.8,103.8,103.8,103.8,103.8,103.8,103.8,103.8,103.8,103.8,103.8,103.8,103.8,103.8,103.8,103.8,103.8,103.8,103.8,103.8,103.8,103.8,103.8,103.8,103.8,103.8,103.8,103.8,103.8,103.8,103.8,103.8,103.8,103.8,103.8,103.8,103.8,103.8,103.8,103.8,103.8,103.8,103.8,103.8,103.8,103.8,103.8,103.8,103.8,103.8,103.8,103.8,103.8,103.8,103.8,103.8,103.8,103.8,103.8,103.8,103.8,103.8,103.8,103.8,103.8,103.8,103.8,103.8,103.8,103.8,103.8,103.8,103.8,103.8,103.8,103.8,103.8,103.8,103.8,103.8,103.8,103.8,103.8,103.8,103.8,103.8,103.8,103.8,103.8,103.8,103.8,103.8,103.8,103.8,103.8,103.8,103.8,103.8,103.8,103.8,103.8,103.8,103.8,103.8,103.8,103.8,103.8,103.8,103.8,103.8,103.8,103.8,103.8,103.8,103.8,103.8,103.8,103.8,103.8,103.8,103.8,103.8,103.8,103.8,103.8,103.8,103.8,103.8,103.8,103.8,103.8,103.8,103.8,103.8,103.8,103.8,103.8,103.8,103.8,103.8,103.8,103.8,103.8,103.8,103.8,103.8,103.8,103.8,103.8,103.8,103.8,103.8,103.8,103.8,103.8,103.8,103.8,103.8,103.8,103.8,103.8,103.8,103.8,103.8,103.8,103.8,103.8,103.8,103.8,103.8,103.8,103.8,103.8,103.8,103.8,103.8,103.8,103.8,103.8,103.8,103.8,103.8,103.8,103.8
2007-02-01,103.0,103.0,103.0,103.0,103.0,103.0,103.0,103.0,103.0,103.0,103.0,103.0,103.0,103.0,103.0,103.0,103.0,103.0,103.0,103.0,103.0,103.0,103.0,103.0,103.0,103.0,103.0,103.0,103.0,103.0,103.0,103.0,103.0,103.0,103.0,103.0,103.0,103.0,103.0,103.0,103.0,103.0,103.0,103.0,103.0,103.0,103.0,103.0,103.0,103.0,103.0,103.0,103.0,103.0,103.0,103.0,103.0,103.0,103.0,103.0,103.0,103.0,103.0,103.0,103.0,103.0,103.0,103.0,103.0,103.0,103.0,103.0,103.0,103.0,103.0,103.0,103.0,103.0,103.0,103.0,103.0,103.0,103.0,103.0,103.0,103.0,103.0,103.0,103.0,103.0,103.0,103.0,103.0,103.0,103.0,103.0,103.0,103.0,103.0,103.0,103.0,103.0,103.0,103.0,103.0,103.0,103.0,103.0,103.0,103.0,103.0,103.0,103.0,103.0,103.0,103.0,103.0,103.0,103.0,103.0,103.0,103.0,103.0,103.0,103.0,103.0,103.0,103.0,103.0,103.0,103.0,103.0,103.0,103.0,103.0,103.0,103.0,103.0,103.0,103.0,103.0,103.0,103.0,103.0,103.0,103.0,103.0,103.0,103.0,103.0,103.0,103.0,103.0,103.0,103.0,103.0,103.0,103.0,103.0,103.0,103.0,103.0,103.0,103.0,103.0,103.0,103.0,103.0,103.0,103.0,103.0,103.0,103.0,103.0,103.0,103.0,103.0,103.0,103.0,103.0,103.0,103.0,103.0,103.0,103.0,103.0,103.0,103.0,103.0,103.0,103.0,103.0,103.0,103.0,103.0,103.0,103.0,103.0
2007-03-01,102.9,102.9,102.9,102.9,102.9,102.9,102.9,102.9,102.9,102.9,102.9,102.9,102.9,102.9,102.9,102.9,102.9,102.9,102.9,102.9,102.9,102.9,102.9,102.9,102.9,102.9,102.9,102.9,102.9,102.9,102.9,102.9,102.9,102.9,102.9,102.9,102.9,102.9,102.9,102.9,102.9,102.9,102.9,102.9,102.9,102.9,102.9,102.9,102.9,102.9,102.9,102.9,102.9,102.9,102.9,102.9,102.9,102.9,102.9,102.9,102.9,102.9,102.9,102.9,102.9,102.9,102.9,102.9,102.9,102.9,102.9,102.9,102.9,102.9,102.9,102.9,102.9,102.9,102.9,102.9,102.9,102.9,102.9,102.9,102.9,102.9,102.9,102.9,102.9,102.9,102.9,102.9,102.9,102.9,102.9,102.9,102.9,102.9,102.9,102.9,102.9,102.9,102.9,102.9,102.9,102.9,102.9,102.9,102.9,102.9,102.9,102.9,102.9,102.9,102.9,102.9,102.9,102.9,102.9,102.9,102.9,102.9,102.9,102.9,102.9,102.9,102.9,102.9,102.9,102.9,102.9,102.9,102.9,102.9,102.9,102.9,102.9,102.9,102.9,102.9,102.9,102.9,102.9,102.9,102.9,102.9,102.9,102.9,102.9,102.9,102.9,102.9,102.9,102.9,102.9,102.9,102.9,102.9,102.9,102.9,102.9,102.9,102.9,102.9,102.9,102.9,102.9,102.9,102.9,102.9,102.9,102.9,102.9,102.9,102.9,102.9,102.9,102.9,102.9,102.9,102.9,102.9,102.9,102.9,102.9,102.9,102.9,102.9,102.9,102.9,102.9,102.9,102.9,102.9,102.9,102.9,102.9,102.9
2007-04-01,103.5,103.5,103.5,103.5,103.5,103.5,103.5,103.5,103.5,103.5,103.5,103.5,103.5,103.5,103.5,103.5,103.5,103.5,103.5,103.5,103.5,103.5,103.5,103.5,103.5,103.5,103.5,103.5,103.5,103.5,103.5,103.5,103.5,103.5,103.5,103.5,103.5,103.5,103.5,103.5,103.5,103.5,103.5,103.5,103.5,103.5,103.5,103.5,103.5,103.5,103.5,103.5,103.5,103.5,103.5,103.5,103.5,103.5,103.5,103.5,103.5,103.5,103.5,103.5,103.5,103.5,103.5,103.5,103.5,103.5,103.5,103.5,103.5,103.5,103.5,103.5,103.5,103.5,103.5,103.5,103.5,103.5,103.5,103.5,103.5,103.5,103.5,103.5,103.5,103.5,103.5,103.5,103.5,103.5,103.5,103.5,103.5,103.5,103.5,103.5,103.5,103.5,103.5,103.5,103.5,103.5,103.5,103.5,103.5,103.5,103.5,103.5,103.5,103.5,103.5,103.5,103.5,103.5,103.5,103.5,103.5,103.5,103.5,103.5,103.5,103.5,103.5,103.5,103.5,103.5,103.5,103.5,103.5,103.5,103.5,103.5,103.5,103.5,103.5,103.5,103.5,103.5,103.5,103.5,103.5,103.5,103.5,103.5,103.5,103.5,103.5,103.5,103.5,103.5,103.5,103.5,103.5,103.5,103.5,103.5,103.5,103.5,103.5,103.5,103.5,103.5,103.5,103.5,103.5,103.5,103.5,103.5,103.5,103.5,103.5,103.5,103.5,103.5,103.5,103.5,103.5,103.5,103.5,103.5,103.5,103.5,103.5,103.5,103.5,103.5,103.5,103.5,103.5,103.5,103.5,103.5,103.5,103.5
2007-05-01,104.6,104.6,104.6,104.6,104.6,104.6,104.6,104.6,104.6,104.6,104.6,104.6,104.6,104.6,104.6,104.6,104.6,104.6,104.6,104.6,104.6,104.6,104.6,104.6,104.6,104.6,104.6,104.6,104.6,104.6,104.6,104.6,104.6,104.6,104.6,104.6,104.6,104.6,104.6,104.6,104.6,104.6,104.6,104.6,104.6,104.6,104.6,104.6,104.6,104.6,104.6,104.6,104.6,104.6,104.6,104.6,104.6,104.6,104.6,104.6,104.6,104.6,104.6,104.6,104.6,104.6,104.6,104.6,104.6,104.6,104.6,104.6,104.6,104.6,104.6,104.6,104.6,104.6,104.6,104.6,104.6,104.6,104.6,104.6,104.6,104.6,104.6,104.6,104.6,104.6,104.6,104.6,104.6,104.6,104.6,104.6,104.6,104.6,104.6,104.6,104.6,104.6,104.6,104.6,104.6,104.6,104.6,104.6,104.6,104.6,104.6,104.6,104.6,104.6,104.6,104.6,104.6,104.6,104.6,104.6,104.6,104.6,104.6,104.6,104.6,104.6,104.6,104.6,104.6,104.6,104.6,104.6,104.6,104.6,104.6,104.6,104.6,104.6,104.6,104.6,104.6,104.6,104.6,104.6,104.6,104.6,104.6,104.6,104.6,104.6,104.6,104.6,104.6,104.6,104.6,104.6,104.6,104.6,104.6,104.6,104.6,104.6,104.6,104.6,104.6,104.6,104.6,104.6,104.6,104.6,104.6,104.6,104.6,104.6,104.6,104.6,104.6,104.6,104.6,104.6,104.6,104.6,104.6,104.6,104.6,104.6,104.6,104.6,104.6,104.6,104.6,104.6,104.6,104.6,104.6,104.6,104.6,104.6
2007-06-01,104.4,104.4,104.4,104.4,104.4,104.4,104.4,104.4,104.4,104.4,104.4,104.4,104.4,104.4,104.4,104.4,104.4,104.4,104.4,104.4,104.4,104.4,104.4,104.4,104.4,104.4,104.4,104.4,104.4,104.4,104.4,104.4,104.4,104.4,104.4,104.4,104.4,104.4,104.4,104.4,104.4,104.4,104.4,104.4,104.4,104.4,104.4,104.4,104.4,104.4,104.4,104.4,104.4,104.4,104.4,104.4,104.4,104.4,104.4,104.4,104.4,104.4,104.4,104.4,104.4,104.4,104.4,104.4,104.4,104.4,104.4,104.4,104.4,104.4,104.4,104.4,104.4,104.4,104.4,104.4,104.4,104.4,104.4,104.4,104.4,104.4,104.4,104.4,104.4,104.4,104.4,104.4,104.4,104.4,104.4,104.4,104.4,104.4,104.4,104.4,104.4,104.4,104.4,104.4,104.4,104.4,104.4,104.4,104.4,104.4,104.4,104.4,104.4,104.4,104.4,104.4,104.4,104.4,104.4,104.4,104.4,104.4,104.4,104.4,104.4,104.4,104.4,104.4,104.4,104.4,104.4,104.4,104.4,104.4,104.4,104.4,104.4,104.4,104.4,104.4,104.4,104.4,104.4,104.4,104.4,104.4,104.4,104.4,104.4,104.4,104.4,104.4,104.4,104.4,104.4,104.4,104.4,104.4,104.4,104.4,104.4,104.4,104.4,104.4,104.4,104.4,104.4,104.4,104.4,104.4,104.4,104.4,104.4,104.4,104.4,104.4,104.4,104.4,104.4,104.4,104.4,104.4,104.4,104.4,104.4,104.4,104.4,104.4,104.4,104.4,104.4,104.4,104.4,104.4,104.4,104.4,104.4,104.4
2007-07-01,104.6,104.6,104.6,104.6,104.6,104.6,104.6,104.6,104.6,104.6,104.6,104.6,104.6,104.6,104.6,104.6,104.6,104.6,104.6,104.6,104.6,104.6,104.6,104.6,104.6,104.6,104.6,104.6,104.6,104.6,104.6,104.6,104.6,104.6,104.6,104.6,104.6,104.6,104.6,104.6,104.6,104.6,104.6,104.6,104.6,104.6,104.6,104.6,104.6,104.6,104.6,104.6,104.6,104.6,104.6,104.6,104.6,104.6,104.6,104.6,104.6,104.6,104.6,104.6,104.6,104.6,104.6,104.6,104.6,104.6,104.6,104.6,104.6,104.6,104.6,104.6,104.6,104.6,104.6,104.6,104.6,104.6,104.6,104.6,104.6,104.6,104.6,104.6,104.6,104.6,104.6,104.6,104.6,104.6,104.6,104.6,104.6,104.6,104.6,104.6,104.6,104.6,104.6,104.6,104.6,104.6,104.6,104.6,104.6,104.6,104.6,104.6,104.6,104.6,104.6,104.6,104.6,104.6,104.6,104.6,104.6,104.6,104.6,104.6,104.6,104.6,104.6,104.6,104.6,104.6,104.6,104.6,104.6,104.6,104.6,104.6,104.6,104.6,104.6,104.6,104.6,104.6,104.6,104.6,104.6,104.6,104.6,104.6,104.6,104.6,104.6,104.6,104.6,104.6,104.6,104.6,104.6,104.6,104.6,104.6,104.6,104.6,104.6,104.6,104.6,104.6,104.6,104.6,104.6,104.6,104.6,104.6,104.6,104.6,104.6,104.6,104.6,104.6,104.6,104.6,104.6,104.6,104.6,104.6,104.6,104.6,104.6,104.6,104.6,104.6,104.6,104.6,104.6,104.6,104.6,104.6,104.6,104.6
2007-08-01,105.9,105.9,105.9,105.9,105.9,105.9,105.9,105.9,105.9,105.9,105.9,105.9,105.9,105.9,105.9,105.9,105.9,105.9,105.9,105.9,105.9,105.9,105.9,105.9,105.9,105.9,105.9,105.9,105.9,105.9,105.9,105.9,105.9,105.9,105.9,105.9,105.9,105.9,105.9,105.9,105.9,105.9,105.9,105.9,105.9,105.9,105.9,105.9,105.9,105.9,105.9,105.9,105.9,105.9,105.9,105.9,105.9,105.9,105.9,105.9,105.9,105.9,105.9,105.9,105.9,105.9,105.9,105.9,105.9,105.9,105.9,105.9,105.9,105.9,105.9,105.9,105.9,105.9,105.9,105.9,105.9,105.9,105.9,105.9,105.9,105.9,105.9,105.9,105.9,105.9,105.9,105.9,105.9,105.9,105.9,105.9,105.9,105.9,105.9,105.9,105.9,105.9,105.9,105.9,105.9,105.9,105.9,105.9,105.9,105.9,105.9,105.9,105.9,105.9,105.9,105.9,105.9,105.9,105.9,105.9,105.9,105.9,105.9,105.9,105.9,105.9,105.9,105.9,105.9,105.9,105.9,105.9,105.9,105.9,105.9,105.9,105.9,105.9,105.9,105.9,105.9,105.9,105.9,105.9,105.9,105.9,105.9,105.9,105.9,105.9,105.9,105.9,105.9,105.9,105.9,105.9,105.9,105.9,105.9,105.9,105.9,105.9,105.9,105.9,105.9,105.9,105.9,105.9,105.9,105.9,105.9,105.9,105.9,105.9,105.9,105.9,105.9,105.9,105.9,105.9,105.9,105.9,105.9,105.9,105.9,105.9,105.9,105.9,105.9,105.9,105.9,105.9,105.9,105.9,105.9,105.9,105.9,105.9
2007-09-01,105.7,105.7,105.7,105.7,105.7,105.7,105.7,105.7,105.7,105.7,105.7,105.7,105.7,105.7,105.7,105.7,105.7,105.7,105.7,105.7,105.7,105.7,105.7,105.7,105.7,105.7,105.7,105.7,105.7,105.7,105.7,105.7,105.7,105.7,105.7,105.7,105.7,105.7,105.7,105.7,105.7,105.7,105.7,105.7,105.7,105.7,105.7,105.7,105.7,105.7,105.7,105.7,105.7,105.7,105.7,105.7,105.7,105.7,105.7,105.7,105.7,105.7,105.7,105.7,105.7,105.7,105.7,105.7,105.7,105.7,105.7,105.7,105.7,105.7,105.7,105.7,105.7,105.7,105.7,105.7,105.7,105.7,105.7,105.7,105.7,105.7,105.7,105.7,105.7,105.7,105.7,105.7,105.7,105.7,105.7,105.7,105.7,105.7,105.7,105.7,105.7,105.7,105.7,105.7,105.7,105.7,105.7,105.7,105.7,105.7,105.7,105.7,105.7,105.7,105.7,105.7,105.7,105.7,105.7,105.7,105.7,105.7,105.7,105.7,105.7,105.7,105.7,105.7,105.7,105.7,105.7,105.7,105.7,105.7,105.7,105.7,105.7,105.7,105.7,105.7,105.7,105.7,105.7,105.7,105.7,105.7,105.7,105.7,105.7,105.7,105.7,105.7,105.7,105.7,105.7,105.7,105.7,105.7,105.7,105.7,105.7,105.7,105.7,105.7,105.7,105.7,105.7,105.7,105.7,105.7,105.7,105.7,105.7,105.7,105.7,105.7,105.7,105.7,105.7,105.7,105.7,105.7,105.7,105.7,105.7,105.7,105.7,105.7,105.7,105.7,105.7,105.7,105.7,105.7,105.7,105.7,105.7,105.7
2007-10-01,106.7,106.7,106.7,106.7,106.7,106.7,106.7,106.7,106.7,106.7,106.7,106.7,106.7,106.7,106.7,106.7,106.7,106.7,106.7,106.7,106.7,106.7,106.7,106.7,106.7,106.7,106.7,106.7,106.7,106.7,106.7,106.7,106.7,106.7,106.7,106.7,106.7,106.7,106.7,106.7,106.7,106.7,106.7,106.7,106.7,106.7,106.7,106.7,106.7,106.7,106.7,106.7,106.7,106.7,106.7,106.7,106.7,106.7,106.7,106.7,106.7,106.7,106.7,106.7,106.7,106.7,106.7,106.7,106.7,106.7,106.7,106.7,106.7,106.7,106.7,106.7,106.7,106.7,106.7,106.7,106.7,106.7,106.7,106.7,106.7,106.7,106.7,106.7,106.7,106.7,106.7,106.7,106.7,106.7,106.7,106.7,106.7,106.7,106.7,106.7,106.7,106.7,106.7,106.7,106.7,106.7,106.7,106.7,106.7,106.7,106.7,106.7,106.7,106.7,106.7,106.7,106.7,106.7,106.7,106.7,106.7,106.7,106.7,106.7,106.7,106.7,106.7,106.7,106.7,106.7,106.7,106.7,106.7,106.7,106.7,106.7,106.7,106.7,106.7,106.7,106.7,106.7,106.7,106.7,106.7,106.7,106.7,106.7,106.7,106.7,106.7,106.7,106.7,106.7,106.7,106.7,106.7,106.7,106.7,106.7,106.7,106.7,106.7,106.7,106.7,106.7,106.7,106.7,106.7,106.7,106.7,106.7,106.7,106.7,106.7,106.7,106.7,106.7,106.7,106.7,106.7,106.7,106.7,106.7,106.7,106.7,106.7,106.7,106.7,106.7,106.7,106.7,106.7,106.7,106.7,106.7,106.7,106.7
2007-11-01,108.0,108.0,108.0,108.0,108.0,108.0,108.0,108.0,108.0,108.0,108.0,108.0,108.0,108.0,108.0,108.0,108.0,108.0,108.0,108.0,108.0,108.0,108.0,108.0,108.0,108.0,108.0,108.0,108.0,108.0,108.0,108.0,108.0,108.0,108.0,108.0,108.0,108.0,108.0,108.0,108.0,108.0,108.0,108.0,108.0,108.0,108.0,108.0,108.0,108.0,108.0,108.0,108.0,108.0,108.0,108.0,108.0,108.0,108.0,108.0,108.0,108.0,108.0,108.0,108.0,108.0,108.0,108.0,108.0,108.0,108.0,108.0,108.0,108.0,108.0,108.0,108.0,108.0,108.0,108.0,108.0,108.0,108.0,108.0,108.0,108.0,108.0,108.0,108.0,108.0,108.0,108.0,108.0,108.0,108.0,108.0,108.0,108.0,108.0,108.0,108.0,108.0,108.0,108.0,108.0,108.0,108.0,108.0,108.0,108.0,108.0,108.0,108.0,108.0,108.0,108.0,108.0,108.0,108.0,108.0,108.0,108.0,108.0,108.0,108.0,108.0,108.0,108.0,108.0,108.0,108.0,108.0,108.0,108.0,108.0,108.0,108.0,108.0,108.0,108.0,108.0,108.0,108.0,108.0,108.0,108.0,108.0,108.0,108.0,108.0,108.0,108.0,108.0,108.0,108.0,108.0,108.0,108.0,108.0,108.0,108.0,108.0,108.0,108.0,108.0,108.0,108.0,108.0,108.0,108.0,108.0,108.0,108.0,108.0,108.0,108.0,108.0,108.0,108.0,108.0,108.0,108.0,108.0,108.0,108.0,108.0,108.0,108.0,108.0,108.0,108.0,108.0,108.0,108.0,108.0,108.0,108.0,108.0
2007-12-01,110.9,110.9,110.9,110.9,110.9,110.9,110.9,110.9,110.9,110.9,110.9,110.9,110.9,110.9,110.9,110.9,110.9,110.9,110.9,110.9,110.9,110.9,110.9,110.9,110.9,110.9,110.9,110.9,110.9,110.9,110.9,110.9,110.9,110.9,110.9,110.9,110.9,110.9,110.9,110.9,110.9,110.9,110.9,110.9,110.9,110.9,110.9,110.9,110.9,110.9,110.9,110.9,110.9,110.9,110.9,110.9,110.9,110.9,110.9,110.9,110.9,110.9,110.9,110.9,110.9,110.9,110.9,110.9,110.9,110.9,110.9,110.9,110.9,110.9,110.9,110.9,110.9,110.9,110.9,110.9,110.9,110.9,110.9,110.9,110.9,110.9,110.9,110.9,110.9,110.9,110.9,110.9,110.9,110.9,110.9,110.9,110.9,110.9,110.9,110.9,110.9,110.9,110.9,110.9,110.9,110.9,110.9,110.9,110.9,110.9,110.9,110.9,110.9,110.9,110.9,110.9,110.9,110.9,110.9,110.9,110.9,110.9,110.9,110.9,110.9,110.9,110.9,110.9,110.9,110.9,110.9,110.9,110.9,110.9,110.9,110.9,110.9,110.9,110.9,110.9,110.9,110.9,110.9,110.9,110.9,110.9,110.9,110.9,110.9,110.9,110.9,110.9,110.9,110.9,110.9,110.9,110.9,110.9,110.9,110.9,110.9,110.9,110.9,110.9,110.9,110.9,110.9,110.9,110.9,110.9,110.9,110.9,110.9,110.9,110.9,110.9,110.9,110.9,110.9,110.9,110.9,110.9,110.9,110.9,110.9,110.9,110.9,110.9,110.9,110.9,110.9,110.9,110.9,110.9,110.9,110.9,110.9,110.9
2008-01-01,112.6,112.6,112.6,112.6,112.6,112.6,112.6,112.6,112.6,112.6,112.6,112.6,112.6,112.6,112.6,112.6,112.6,112.6,112.6,112.6,112.6,112.6,112.6,112.6,112.6,112.6,112.6,112.6,112.6,112.6,112.6,112.6,112.6,112.6,112.6,112.6,112.6,112.6,112.6,112.6,112.6,112.6,112.6,112.6,112.6,112.6,112.6,112.6,112.6,112.6,112.6,112.6,112.6,112.6,112.6,112.6,112.6,112.6,112.6,112.6,112.6,112.6,112.6,112.6,112.6,112.6,112.6,112.6,112.6,112.6,112.6,112.6,112.6,112.6,112.6,112.6,112.6,112.6,112.6,112.6,112.6,112.6,112.6,112.6,112.6,112.6,112.6,112.6,112.6,112.6,112.6,112.6,112.6,112.6,112.6,112.6,112.6,112.6,112.6,112.6,112.6,112.6,112.6,112.6,112.6,112.6,112.6,112.6,112.6,112.6,112.6,112.6,112.6,112.6,112.6,112.6,112.6,112.6,112.6,112.6,112.6,112.6,112.6,112.6,112.6,112.6,112.6,112.6,112.6,112.6,112.6,112.6,112.6,112.6,112.6,112.6,112.6,112.6,112.6,112.6,112.6,112.6,112.6,112.6,112.6,112.6,112.6,112.6,112.6,112.6,112.6,112.6,112.6,112.6,112.6,112.6,112.6,112.6,112.6,112.6,112.6,112.6,112.6,112.6,112.6,112.6,112.6,112.6,112.6,112.6,112.6,112.6,112.6,112.6,112.6,112.6,112.6,112.6,112.6,112.6,112.6,112.6,112.6,112.6,112.6,112.6,112.6,112.6,112.6,112.6,112.6,112.6,112.6,112.6,112.6,112.6,112.6,112.6
2008-02-01,113.3,113.3,113.3,113.3,113.3,113.3,113.3,113.3,113.3,113.3,113.3,113.3,113.3,113.3,113.3,113.3,113.3,113.3,113.3,113.3,113.3,113.3,113.3,113.3,113.3,113.3,113.3,113.3,113.3,113.3,113.3,113.3,113.3,113.3,113.3,113.3,113.3,113.3,113.3,113.3,113.3,113.3,113.3,113.3,113.3,113.3,113.3,113.3,113.3,113.3,113.3,113.3,113.3,113.3,113.3,113.3,113.3,113.3,113.3,113.3,113.3,113.3,113.3,113.3,113.3,113.3,113.3,113.3,113.3,113.3,113.3,113.3,113.3,113.3,113.3,113.3,113.3,113.3,113.3,113.3,113.3,113.3,113.3,113.3,113.3,113.3,113.3,113.3,113.3,113.3,113.3,113.3,113.3,113.3,113.3,113.3,113.3,113.3,113.3,113.3,113.3,113.3,113.3,113.3,113.3,113.3,113.3,113.3,113.3,113.3,113.3,113.3,113.3,113.3,113.3,113.3,113.3,113.3,113.3,113.3,113.3,113.3,113.3,113.3,113.3,113.3,113.3,113.3,113.3,113.3,113.3,113.3,113.3,113.3,113.3,113.3,113.3,113.3,113.3,113.3,113.3,113.3,113.3,113.3,113.3,113.3,113.3,113.3,113.3,113.3,113.3,113.3,113.3,113.3,113.3,113.3,113.3,113.3,113.3,113.3,113.3,113.3,113.3,113.3,113.3,113.3,113.3,113.3,113.3,113.3,113.3,113.3,113.3,113.3,113.3,113.3,113.3,113.3,113.3,113.3,113.3,113.3,113.3,113.3,113.3,113.3,113.3,113.3,113.3,113.3,113.3,113.3,113.3,113.3,113.3,113.3,113.3,113.3
2008-03-01,115.7,115.7,115.7,115.7,115.7,115.7,115.7,115.7,115.7,115.7,115.7,115.7,115.7,115.7,115.7,115.7,115.7,115.7,115.7,115.7,115.7,115.7,115.7,115.7,115.7,115.7,115.7,115.7,115.7,115.7,115.7,115.7,115.7,115.7,115.7,115.7,115.7,115.7,115.7,115.7,115.7,115.7,115.7,115.7,115.7,115.7,115.7,115.7,115.7,115.7,115.7,115.7,115.7,115.7,115.7,115.7,115.7,115.7,115.7,115.7,115.7,115.7,115.7,115.7,115.7,115.7,115.7,115.7,115.7,115.7,115.7,115.7,115.7,115.7,115.7,115.7,115.7,115.7,115.7,115.7,115.7,115.7,115.7,115.7,115.7,115.7,115.7,115.7,115.7,115.7,115.7,115.7,115.7,115.7,115.7,115.7,115.7,115.7,115.7,115.7,115.7,115.7,115.7,115.7,115.7,115.7,115.7,115.7,115.7,115.7,115.7,115.7,115.7,115.7,115.7,115.7,115.7,115.7,115.7,115.7,115.7,115.7,115.7,115.7,115.7,115.7,115.7,115.7,115.7,115.7,115.7,115.7,115.7,115.7,115.7,115.7,115.7,115.7,115.7,115.7,115.7,115.7,115.7,115.7,115.7,115.7,115.7,115.7,115.7,115.7,115.7,115.7,115.7,115.7,115.7,115.7,115.7,115.7,115.7,115.7,115.7,115.7,115.7,115.7,115.7,115.7,115.7,115.7,115.7,115.7,115.7,115.7,115.7,115.7,115.7,115.7,115.7,115.7,115.7,115.7,115.7,115.7,115.7,115.7,115.7,115.7,115.7,115.7,115.7,115.7,115.7,115.7,115.7,115.7,115.7,115.7,115.7,115.7
2008-04-01,117.3,117.3,117.3,117.3,117.3,117.3,117.3,117.3,117.3,117.3,117.3,117.3,117.3,117.3,117.3,117.3,117.3,117.3,117.3,117.3,117.3,117.3,117.3,117.3,117.3,117.3,117.3,117.3,117.3,117.3,117.3,117.3,117.3,117.3,117.3,117.3,117.3,117.3,117.3,117.3,117.3,117.3,117.3,117.3,117.3,117.3,117.3,117.3,117.3,117.3,117.3,117.3,117.3,117.3,117.3,117.3,117.3,117.3,117.3,117.3,117.3,117.3,117.3,117.3,117.3,117.3,117.3,117.3,117.3,117.3,117.3,117.3,117.3,117.3,117.3,117.3,117.3,117.3,117.3,117.3,117.3,117.3,117.3,117.3,117.3,117.3,117.3,117.3,117.3,117.3,117.3,117.3,117.3,117.3,117.3,117.3,117.3,117.3,117.3,117.3,117.3,117.3,117.3,117.3,117.3,117.3,117.3,117.3,117.3,117.3,117.3,117.3,117.3,117.3,117.3,117.3,117.3,117.3,117.3,117.3,117.3,117.3,117.3,117.3,117.3,117.3,117.3,117.3,117.3,117.3,117.3,117.3,117.3,117.3,117.3,117.3,117.3,117.3,117.3,117.3,117.3,117.3,117.3,117.3,117.3,117.3,117.3,117.3,117.3,117.3,117.3,117.3,117.3,117.3,117.3,117.3,117.3,117.3,117.3,117.3,117.3,117.3,117.3,117.3,117.3,117.3,117.3,117.3,117.3,117.3,117.3,117.3,117.3,117.3,117.3,117.3,117.3,117.3,117.3,117.3,117.3,117.3,117.3,117.3,117.3,117.3,117.3,117.3,117.3,117.3,117.3,117.3,117.3,117.3,117.3,117.3,117.3,117.3
2008-05-01,122.6,122.6,122.6,122.6,122.6,122.6,122.6,122.6,122.6,122.6,122.6,122.6,122.6,122.6,122.6,122.6,122.6,122.6,122.6,122.6,122.6,122.6,122.6,122.6,122.6,122.6,122.6,122.6,122.6,122.6,122.6,122.6,122.6,122.6,122.6,122.6,122.6,122.6,122.6,122.6,122.6,122.6,122.6,122.6,122.6,122.6,122.6,122.6,122.6,122.6,122.6,122.6,122.6,122.6,122.6,122.6,122.6,122.6,122.6,122.6,122.6,122.6,122.6,122.6,122.6,122.6,122.6,122.6,122.6,122.6,122.6,122.6,122.6,122.6,122.6,122.6,122.6,122.6,122.6,122.6,122.6,122.6,122.6,122.6,122.6,122.6,122.6,122.6,122.6,122.6,122.6,122.6,122.6,122.6,122.6,122.6,122.6,122.6,122.6,122.6,122.6,122.6,122.6,122.6,122.6,122.6,122.6,122.6,122.6,122.6,122.6,122.6,122.6,122.6,122.6,122.6,122.6,122.6,122.6,122.6,122.6,122.6,122.6,122.6,122.6,122.6,122.6,122.6,122.6,122.6,122.6,122.6,122.6,122.6,122.6,122.6,122.6,122.6,122.6,122.6,122.6,122.6,122.6,122.6,122.6,122.6,122.6,122.6,122.6,122.6,122.6,122.6,122.6,122.6,122.6,122.6,122.6,122.6,122.6,122.6,122.6,122.6,122.6,122.6,122.6,122.6,122.6,122.6,122.6,122.6,122.6,122.6,122.6,122.6,122.6,122.6,122.6,122.6,122.6,122.6,122.6,122.6,122.6,122.6,122.6,122.6,122.6,122.6,122.6,122.6,122.6,122.6,122.6,122.6,122.6,122.6,122.6,122.6
2008-06-01,128.8,128.8,128.8,128.8,128.8,128.8,128.8,128.8,128.8,128.8,128.8,128.8,128.8,128.8,128.8,128.8,128.8,128.8,128.8,128.8,128.8,128.8,128.8,128.8,128.8,128.8,128.8,128.8,128.8,128.8,128.8,128.8,128.8,128.8,128.8,128.8,128.8,128.8,128.8,128.8,128.8,128.8,128.8,128.8,128.8,128.8,128.8,128.8,128.8,128.8,128.8,128.8,128.8,128.8,128.8,128.8,128.8,128.8,128.8,128.8,128.8,128.8,128.8,128.8,128.8,128.8,128.8,128.8,128.8,128.8,128.8,128.8,128.8,128.8,128.8,128.8,128.8,128.8,128.8,128.8,128.8,128.8,128.8,128.8,128.8,128.8,128.8,128.8,128.8,128.8,128.8,128.8,128.8,128.8,128.8,128.8,128.8,128.8,128.8,128.8,128.8,128.8,128.8,128.8,128.8,128.8,128.8,128.8,128.8,128.8,128.8,128.8,128.8,128.8,128.8,128.8,128.8,128.8,128.8,128.8,128.8,128.8,128.8,128.8,128.8,128.8,128.8,128.8,128.8,128.8,128.8,128.8,128.8,128.8,128.8,128.8,128.8,128.8,128.8,128.8,128.8,128.8,128.8,128.8,128.8,128.8,128.8,128.8,128.8,128.8,128.8,128.8,128.8,128.8,128.8,128.8,128.8,128.8,128.8,128.8,128.8,128.8,128.8,128.8,128.8,128.8,128.8,128.8,128.8,128.8,128.8,128.8,128.8,128.8,128.8,128.8,128.8,128.8,128.8,128.8,128.8,128.8,128.8,128.8,128.8,128.8,128.8,128.8,128.8,128.8,128.8,128.8,128.8,128.8,128.8,128.8,128.8,128.8
2008-07-01,134.4,134.4,134.4,134.4,134.4,134.4,134.4,134.4,134.4,134.4,134.4,134.4,134.4,134.4,134.4,134.4,134.4,134.4,134.4,134.4,134.4,134.4,134.4,134.4,134.4,134.4,134.4,134.4,134.4,134.4,134.4,134.4,134.4,134.4,134.4,134.4,134.4,134.4,134.4,134.4,134.4,134.4,134.4,134.4,134.4,134.4,134.4,134.4,134.4,134.4,134.4,134.4,134.4,134.4,134.4,134.4,134.4,134.4,134.4,134.4,134.4,134.4,134.4,134.4,134.4,134.4,134.4,134.4,134.4,134.4,134.4,134.4,134.4,134.4,134.4,134.4,134.4,134.4,134.4,134.4,134.4,134.4,134.4,134.4,134.4,134.4,134.4,134.4,134.4,134.4,134.4,134.4,134.4,134.4,134.4,134.4,134.4,134.4,134.4,134.4,134.4,134.4,134.4,134.4,134.4,134.4,134.4,134.4,134.4,134.4,134.4,134.4,134.4,134.4,134.4,134.4,134.4,134.4,134.4,134.4,134.4,134.4,134.4,134.4,134.4,134.4,134.4,134.4,134.4,134.4,134.4,134.4,134.4,134.4,134.4,134.4,134.4,134.4,134.4,134.4,134.4,134.4,134.4,134.4,134.4,134.4,134.4,134.4,134.4,134.4,134.4,134.4,134.4,134.4,134.4,134.4,134.4,134.4,134.4,134.4,134.4,134.4,134.4,134.4,134.4,134.4,134.4,134.4,134.4,134.4,134.4,134.4,134.4,134.4,134.4,134.4,134.4,134.4,134.4,134.4,134.4,134.4,134.4,134.4,134.4,134.4,134.4,134.4,134.4,134.4,134.4,134.4,134.4,134.4,134.4,134.4,134.4,134.4
2008-08-01,133.1,133.1,133.1,133.1,133.1,133.1,133.1,133.1,133.1,133.1,133.1,133.1,133.1,133.1,133.1,133.1,133.1,133.1,133.1,133.1,133.1,133.1,133.1,133.1,133.1,133.1,133.1,133.1,133.1,133.1,133.1,133.1,133.1,133.1,133.1,133.1,133.1,133.1,133.1,133.1,133.1,133.1,133.1,133.1,133.1,133.1,133.1,133.1,133.1,133.1,133.1,133.1,133.1,133.1,133.1,133.1,133.1,133.1,133.1,133.1,133.1,133.1,133.1,133.1,133.1,133.1,133.1,133.1,133.1,133.1,133.1,133.1,133.1,133.1,133.1,133.1,133.1,133.1,133.1,133.1,133.1,133.1,133.1,133.1,133.1,133.1,133.1,133.1,133.1,133.1,133.1,133.1,133.1,133.1,133.1,133.1,133.1,133.1,133.1,133.1,133.1,133.1,133.1,133.1,133.1,133.1,133.1,133.1,133.1,133.1,133.1,133.1,133.1,133.1,133.1,133.1,133.1,133.1,133.1,133.1,133.1,133.1,133.1,133.1,133.1,133.1,133.1,133.1,133.1,133.1,133.1,133.1,133.1,133.1,133.1,133.1,133.1,133.1,133.1,133.1,133.1,133.1,133.1,133.1,133.1,133.1,133.1,133.1,133.1,133.1,133.1,133.1,133.1,133.1,133.1,133.1,133.1,133.1,133.1,133.1,133.1,133.1,133.1,133.1,133.1,133.1,133.1,133.1,133.1,133.1,133.1,133.1,133.1,133.1,133.1,133.1,133.1,133.1,133.1,133.1,133.1,133.1,133.1,133.1,133.1,133.1,133.1,133.1,133.1,133.1,133.1,133.1,133.1,133.1,133.1,133.1,133.1,133.1
2008-09-01,131.6,131.6,131.6,131.6,131.6,131.6,131.6,131.6,131.6,131.6,131.6,131.6,131.6,131.6,131.6,131.6,131.6,131.6,131.6,131.6,131.6,131.6,131.6,131.6,131.6,131.6,131.6,131.6,131.6,131.6,131.6,131.6,131.6,131.6,131.6,131.6,131.6,131.6,131.6,131.6,131.6,131.6,131.6,131.6,131.6,131.6,131.6,131.6,131.6,131.6,131.6,131.6,131.6,131.6,131.6,131.6,131.6,131.6,131.6,131.6,131.6,131.6,131.6,131.6,131.6,131.6,131.6,131.6,131.6,131.6,131.6,131.6,131.6,131.6,131.6,131.6,131.6,131.6,131.6,131.6,131.6,131.6,131.6,131.6,131.6,131.6,131.6,131.6,131.6,131.6,131.6,131.6,131.6,131.6,131.6,131.6,131.6,131.6,131.6,131.6,131.6,131.6,131.6,131.6,131.6,131.6,131.6,131.6,131.6,131.6,131.6,131.6,131.6,131.6,131.6,131.6,131.6,131.6,131.6,131.6,131.6,131.6,131.6,131.6,131.6,131.6,131.6,131.6,131.6,131.6,131.6,131.6,131.6,131.6,131.6,131.6,131.6,131.6,131.6,131.6,131.6,131.6,131.6,131.6,131.6,131.6,131.6,131.6,131.6,131.6,131.6,131.6,131.6,131.6,131.6,131.6,131.6,131.6,131.6,131.6,131.6,131.6,131.6,131.6,131.6,131.6,131.6,131.6,131.6,131.6,131.6,131.6,131.6,131.6,131.6,131.6,131.6,131.6,131.6,131.6,131.6,131.6,131.6,131.6,131.6,131.6,131.6,131.6,131.6,131.6,131.6,131.6,131.6,131.6,131.6,131.6,131.6,131.6
2008-10-01,127.7,127.7,127.7,127.7,127.7,127.7,127.7,127.7,127.7,127.7,127.7,127.7,127.7,127.7,127.7,127.7,127.7,127.7,127.7,127.7,127.7,127.7,127.7,127.7,127.7,127.7,127.7,127.7,127.7,127.7,127.7,127.7,127.7,127.7,127.7,127.7,127.7,127.7,127.7,127.7,127.7,127.7,127.7,127.7,127.7,127.7,127.7,127.7,127.7,127.7,127.7,127.7,127.7,127.7,127.7,127.7,127.7,127.7,127.7,127.7,127.7,127.7,127.7,127.7,127.7,127.7,127.7,127.7,127.7,127.7,127.7,127.7,127.7,127.7,127.7,127.7,127.7,127.7,127.7,127.7,127.7,127.7,127.7,127.7,127.7,127.7,127.7,127.7,127.7,127.7,127.7,127.7,127.7,127.7,127.7,127.7,127.7,127.7,127.7,127.7,127.7,127.7,127.7,127.7,127.7,127.7,127.7,127.7,127.7,127.7,127.7,127.7,127.7,127.7,127.7,127.7,127.7,127.7,127.7,127.7,127.7,127.7,127.7,127.7,127.7,127.7,127.7,127.7,127.7,127.7,127.7,127.7,127.7,127.7,127.7,127.7,127.7,127.7,127.7,127.7,127.7,127.7,127.7,127.7,127.7,127.7,127.7,127.7,127.7,127.7,127.7,127.7,127.7,127.7,127.7,127.7,127.7,127.7,127.7,127.7,127.7,127.7,127.7,127.7,127.7,127.7,127.7,127.7,127.7,127.7,127.7,127.7,127.7,127.7,127.7,127.7,127.7,127.7,127.7,127.7,127.7,127.7,127.7,127.7,127.7,127.7,127.7,127.7,127.7,127.7,127.7,127.7,127.7,127.7,127.7,127.7,127.7,127.7
2008-11-01,124.0,124.0,124.0,124.0,124.0,124.0,124.0,124.0,124.0,124.0,124.0,124.0,124.0,124.0,124.0,124.0,124.0,124.0,124.0,124.0,124.0,124.0,124.0,124.0,124.0,124.0,124.0,124.0,124.0,124.0,124.0,124.0,124.0,124.0,124.0,124.0,124.0,124.0,124.0,124.0,124.0,124.0,124.0,124.0,124.0,124.0,124.0,124.0,124.0,124.0,124.0,124.0,124.0,124.0,124.0,124.0,124.0,124.0,124.0,124.0,124.0,124.0,124.0,124.0,124.0,124.0,124.0,124.0,124.0,124.0,124.0,124.0,124.0,124.0,124.0,124.0,124.0,124.0,124.0,124.0,124.0,124.0,124.0,124.0,124.0,124.0,124.0,124.0,124.0,124.0,124.0,124.0,124.0,124.0,124.0,124.0,124.0,124.0,124.0,124.0,124.0,124.0,124.0,124.0,124.0,124.0,124.0,124.0,124.0,124.0,124.0,124.0,124.0,124.0,124.0,124.0,124.0,124.0,124.0,124.0,124.0,124.0,124.0,124.0,124.0,124.0,124.0,124.0,124.0,124.0,124.0,124.0,124.0,124.0,124.0,124.0,124.0,124.0,124.0,124.0,124.0,124.0,124.0,124.0,124.0,124.0,124.0,124.0,124.0,124.0,124.0,124.0,124.0,124.0,124.0,124.0,124.0,124.0,124.0,124.0,124.0,124.0,124.0,124.0,124.0,124.0,124.0,124.0,124.0,124.0,124.0,124.0,124.0,124.0,124.0,124.0,124.0,124.0,124.0,124.0,124.0,124.0,124.0,124.0,124.0,124.0,124.0,124.0,124.0,124.0,124.0,124.0,124.0,124.0,124.0,124.0,124.0,124.0
2008-12-01,113.9,113.9,113.9,113.9,113.9,113.9,113.9,113.9,113.9,113.9,113.9,113.9,113.9,113.9,113.9,113.9,113.9,113.9,113.9,113.9,113.9,113.9,113.9,113.9,113.9,113.9,113.9,113.9,113.9,113.9,113.9,113.9,113.9,113.9,113.9,113.9,113.9,113.9,113.9,113.9,113.9,113.9,113.9,113.9,113.9,113.9,113.9,113.9,113.9,113.9,113.9,113.9,113.9,113.9,113.9,113.9,113.9,113.9,113.9,113.9,113.9,113.9,113.9,113.9,113.9,113.9,113.9,113.9,113.9,113.9,113.9,113.9,113.9,113.9,113.9,113.9,113.9,113.9,113.9,113.9,113.9,113.9,113.9,113.9,113.9,113.9,113.9,113.9,113.9,113.9,113.9,113.9,113.9,113.9,113.9,113.9,113.9,113.9,113.9,113.9,113.9,113.9,113.9,113.9,113.9,113.9,113.9,113.9,113.9,113.9,113.9,113.9,113.9,113.9,113.9,113.9,113.9,113.9,113.9,113.9,113.9,113.9,113.9,113.9,113.9,113.9,113.9,113.9,113.9,113.9,113.9,113.9,113.9,113.9,113.9,113.9,113.9,113.9,113.9,113.9,113.9,113.9,113.9,113.9,113.9,113.9,113.9,113.9,113.9,113.9,113.9,113.9,113.9,113.9,113.9,113.9,113.9,113.9,113.9,113.9,113.9,113.9,113.9,113.9,113.9,113.9,113.9,113.9,113.9,113.9,113.9,113.9,113.9,113.9,113.9,113.9,113.9,113.9,113.9,113.9,113.9,113.9,113.9,113.9,113.9,113.9,113.9,113.9,113.9,113.9,113.9,113.9,113.9,113.9,113.9,113.9,113.9,113.9
2009-01-01,108.2,108.2,108.2,108.2,108.2,108.2,108.2,108.2,108.2,108.2,108.2,108.2,108.2,108.2,108.2,108.2,108.2,108.2,108.2,108.2,108.2,108.2,108.2,108.2,108.2,108.2,108.2,108.2,108.2,108.2,108.2,108.2,108.2,108.2,108.2,108.2,108.2,108.2,108.2,108.2,108.2,108.2,108.2,108.2,108.2,108.2,108.2,108.2,108.2,108.2,108.2,108.2,108.2,108.2,108.2,108.2,108.2,108.2,108.2,108.2,108.2,108.2,108.2,108.2,108.2,108.2,108.2,108.2,108.2,108.2,108.2,108.2,108.2,108.2,108.2,108.2,108.2,108.2,108.2,108.2,108.2,108.2,108.2,108.2,108.2,108.2,108.2,108.2,108.2,108.2,108.2,108.2,108.2,108.2,108.2,108.2,108.2,108.2,108.2,108.2,108.2,108.2,108.2,108.2,108.2,108.2,108.2,108.2,108.2,108.2,108.2,108.2,108.2,108.2,108.2,108.2,108.2,108.2,108.2,108.2,108.2,108.2,108.2,108.2,108.2,108.2,108.2,108.2,108.2,108.2,108.2,108.2,108.2,108.2,108.2,108.2,108.2,108.2,108.2,108.2,108.2,108.2,108.2,108.2,108.2,108.2,108.2,108.2,108.2,108.2,108.2,108.2,108.2,108.2,108.2,108.2,108.2,108.2,108.2,108.2,108.2,108.2,108.2,108.2,108.2,108.2,108.2,108.2,108.2,108.2,108.2,108.2,108.2,108.2,108.2,108.2,108.2,108.2,108.2,108.2,108.2,108.2,108.2,108.2,108.2,108.2,108.2,108.2,108.2,108.2,108.2,108.2,108.2,108.2,108.2,108.2,108.2,108.2
2009-02-01,107.8,107.8,107.8,107.8,107.8,107.8,107.8,107.8,107.8,107.8,107.8,107.8,107.8,107.8,107.8,107.8,107.8,107.8,107.8,107.8,107.8,107.8,107.8,107.8,107.8,107.8,107.8,107.8,107.8,107.8,107.8,107.8,107.8,107.8,107.8,107.8,107.8,107.8,107.8,107.8,107.8,107.8,107.8,107.8,107.8,107.8,107.8,107.8,107.8,107.8,107.8,107.8,107.8,107.8,107.8,107.8,107.8,107.8,107.8,107.8,107.8,107.8,107.8,107.8,107.8,107.8,107.8,107.8,107.8,107.8,107.8,107.8,107.8,107.8,107.8,107.8,107.8,107.8,107.8,107.8,107.8,107.8,107.8,107.8,107.8,107.8,107.8,107.8,107.8,107.8,107.8,107.8,107.8,107.8,107.8,107.8,107.8,107.8,107.8,107.8,107.8,107.8,107.8,107.8,107.8,107.8,107.8,107.8,107.8,107.8,107.8,107.8,107.8,107.8,107.8,107.8,107.8,107.8,107.8,107.8,107.8,107.8,107.8,107.8,107.8,107.8,107.8,107.8,107.8,107.8,107.8,107.8,107.8,107.8,107.8,107.8,107.8,107.8,107.8,107.8,107.8,107.8,107.8,107.8,107.8,107.8,107.8,107.8,107.8,107.8,107.8,107.8,107.8,107.8,107.8,107.8,107.8,107.8,107.8,107.8,107.8,107.8,107.8,107.8,107.8,107.8,107.8,107.8,107.8,107.8,107.8,107.8,107.8,107.8,107.8,107.8,107.8,107.8,107.8,107.8,107.8,107.8,107.8,107.8,107.8,107.8,107.8,107.8,107.8,107.8,107.8,107.8,107.8,107.8,107.8,107.8,107.8,107.8
2009-03-01,105.1,105.1,105.1,105.1,105.1,105.1,105.1,105.1,105.1,105.1,105.1,105.1,105.1,105.1,105.1,105.1,105.1,105.1,105.1,105.1,105.1,105.1,105.1,105.1,105.1,105.1,105.1,105.1,105.1,105.1,105.1,105.1,105.1,105.1,105.1,105.1,105.1,105.1,105.1,105.1,105.1,105.1,105.1,105.1,105.1,105.1,105.1,105.1,105.1,105.1,105.1,105.1,105.1,105.1,105.1,105.1,105.1,105.1,105.1,105.1,105.1,105.1,105.1,105.1,105.1,105.1,105.1,105.1,105.1,105.1,105.1,105.1,105.1,105.1,105.1,105.1,105.1,105.1,105.1,105.1,105.1,105.1,105.1,105.1,105.1,105.1,105.1,105.1,105.1,105.1,105.1,105.1,105.1,105.1,105.1,105.1,105.1,105.1,105.1,105.1,105.1,105.1,105.1,105.1,105.1,105.1,105.1,105.1,105.1,105.1,105.1,105.1,105.1,105.1,105.1,105.1,105.1,105.1,105.1,105.1,105.1,105.1,105.1,105.1,105.1,105.1,105.1,105.1,105.1,105.1,105.1,105.1,105.1,105.1,105.1,105.1,105.1,105.1,105.1,105.1,105.1,105.1,105.1,105.1,105.1,105.1,105.1,105.1,105.1,105.1,105.1,105.1,105.1,105.1,105.1,105.1,105.1,105.1,105.1,105.1,105.1,105.1,105.1,105.1,105.1,105.1,105.1,105.1,105.1,105.1,105.1,105.1,105.1,105.1,105.1,105.1,105.1,105.1,105.1,105.1,105.1,105.1,105.1,105.1,105.1,105.1,105.1,105.1,105.1,105.1,105.1,105.1,105.1,105.1,105.1,105.1,105.1,105.1
2009-04-01,103.7,103.7,103.7,103.7,103.7,103.7,103.7,103.7,103.7,103.7,103.7,103.7,103.7,103.7,103.7,103.7,103.7,103.7,103.7,103.7,103.7,103.7,103.7,103.7,103.7,103.7,103.7,103.7,103.7,103.7,103.7,103.7,103.7,103.7,103.7,103.7,103.7,103.7,103.7,103.7,103.7,103.7,103.7,103.7,103.7,103.7,103.7,103.7,103.7,103.7,103.7,103.7,103.7,103.7,103.7,103.7,103.7,103.7,103.7,103.7,103.7,103.7,103.7,103.7,103.7,103.7,103.7,103.7,103.7,103.7,103.7,103.7,103.7,103.7,103.7,103.7,103.7,103.7,103.7,103.7,103.7,103.7,103.7,103.7,103.7,103.7,103.7,103.7,103.7,103.7,103.7,103.7,103.7,103.7,103.7,103.7,103.7,103.7,103.7,103.7,103.7,103.7,103.7,103.7,103.7,103.7,103.7,103.7,103.7,103.7,103.7,103.7,103.7,103.7,103.7,103.7,103.7,103.7,103.7,103.7,103.7,103.7,103.7,103.7,103.7,103.7,103.7,103.7,103.7,103.7,103.7,103.7,103.7,103.7,103.7,103.7,103.7,103.7,103.7,103.7,103.7,103.7,103.7,103.7,103.7,103.7,103.7,103.7,103.7,103.7,103.7,103.7,103.7,103.7,103.7,103.7,103.7,103.7,103.7,103.7,103.7,103.7,103.7,103.7,103.7,103.7,103.7,103.7,103.7,103.7,103.7,103.7,103.7,103.7,103.7,103.7,103.7,103.7,103.7,103.7,103.7,103.7,103.7,103.7,103.7,103.7,103.7,103.7,103.7,103.7,103.7,103.7,103.7,103.7,103.7,103.7,103.7,103.7
2009-05-01,100.6,100.6,100.6,100.6,100.6,100.6,100.6,100.6,100.6,100.6,100.6,100.6,100.6,100.6,100.6,100.6,100.6,100.6,100.6,100.6,100.6,100.6,100.6,100.6,100.6,100.6,100.6,100.6,100.6,100.6,100.6,100.6,100.6,100.6,100.6,100.6,100.6,100.6,100.6,100.6,100.6,100.6,100.6,100.6,100.6,100.6,100.6,100.6,100.6,100.6,100.6,100.6,100.6,100.6,100.6,100.6,100.6,100.6,100.6,100.6,100.6,100.6,100.6,100.6,100.6,100.6,100.6,100.6,100.6,100.6,100.6,100.6,100.6,100.6,100.6,100.6,100.6,100.6,100.6,100.6,100.6,100.6,100.6,100.6,100.6,100.6,100.6,100.6,100.6,100.6,100.6,100.6,100.6,100.6,100.6,100.6,100.6,100.6,100.6,100.6,100.6,100.6,100.6,100.6,100.6,100.6,100.6,100.6,100.6,100.6,100.6,100.6,100.6,100.6,100.6,100.6,100.6,100.6,100.6,100.6,100.6,100.6,100.6,100.6,100.6,100.6,100.6,100.6,100.6,100.6,100.6,100.6,100.6,100.6,100.6,100.6,100.6,100.6,100.6,100.6,100.6,100.6,100.6,100.6,100.6,100.6,100.6,100.6,100.6,100.6,100.6,100.6,100.6,100.6,100.6,100.6,100.6,100.6,100.6,100.6,100.6,100.6,100.6,100.6,100.6,100.6,100.6,100.6,100.6,100.6,100.6,100.6,100.6,100.6,100.6,100.6,100.6,100.6,100.6,100.6,100.6,100.6,100.6,100.6,100.6,100.6,100.6,100.6,100.6,100.6,100.6,100.6,100.6,100.6,100.6,100.6,100.6,100.6
2009-06-01,102.7,102.7,102.7,102.7,102.7,102.7,102.7,102.7,102.7,102.7,102.7,102.7,102.7,102.7,102.7,102.7,102.7,102.7,102.7,102.7,102.7,102.7,102.7,102.7,102.7,102.7,102.7,102.7,102.7,102.7,102.7,102.7,102.7,102.7,102.7,102.7,102.7,102.7,102.7,102.7,102.7,102.7,102.7,102.7,102.7,102.7,102.7,102.7,102.7,102.7,102.7,102.7,102.7,102.7,102.7,102.7,102.7,102.7,102.7,102.7,102.7,102.7,102.7,102.7,102.7,102.7,102.7,102.7,102.7,102.7,102.7,102.7,102.7,102.7,102.7,102.7,102.7,102.7,102.7,102.7,102.7,102.7,102.7,102.7,102.7,102.7,102.7,102.7,102.7,102.7,102.7,102.7,102.7,102.7,102.7,102.7,102.7,102.7,102.7,102.7,102.7,102.7,102.7,102.7,102.7,102.7,102.7,102.7,102.7,102.7,102.7,102.7,102.7,102.7,102.7,102.7,102.7,102.7,102.7,102.7,102.7,102.7,102.7,102.7,102.7,102.7,102.7,102.7,102.7,102.7,102.7,102.7,102.7,102.7,102.7,102.7,102.7,102.7,102.7,102.7,102.7,102.7,102.7,102.7,102.7,102.7,102.7,102.7,102.7,102.7,102.7,102.7,102.7,102.7,102.7,102.7,102.7,102.7,102.7,102.7,102.7,102.7,102.7,102.7,102.7,102.7,102.7,102.7,102.7,102.7,102.7,102.7,102.7,102.7,102.7,102.7,102.7,102.7,102.7,102.7,102.7,102.7,102.7,102.7,102.7,102.7,102.7,102.7,102.7,102.7,102.7,102.7,102.7,102.7,102.7,102.7,102.7,102.7
2009-07-01,102.3,102.3,102.3,102.3,102.3,102.3,102.3,102.3,102.3,102.3,102.3,102.3,102.3,102.3,102.3,102.3,102.3,102.3,102.3,102.3,102.3,102.3,102.3,102.3,102.3,102.3,102.3,102.3,102.3,102.3,102.3,102.3,102.3,102.3,102.3,102.3,102.3,102.3,102.3,102.3,102.3,102.3,102.3,102.3,102.3,102.3,102.3,102.3,102.3,102.3,102.3,102.3,102.3,102.3,102.3,102.3,102.3,102.3,102.3,102.3,102.3,102.3,102.3,102.3,102.3,102.3,102.3,102.3,102.3,102.3,102.3,102.3,102.3,102.3,102.3,102.3,102.3,102.3,102.3,102.3,102.3,102.3,102.3,102.3,102.3,102.3,102.3,102.3,102.3,102.3,102.3,102.3,102.3,102.3,102.3,102.3,102.3,102.3,102.3,102.3,102.3,102.3,102.3,102.3,102.3,102.3,102.3,102.3,102.3,102.3,102.3,102.3,102.3,102.3,102.3,102.3,102.3,102.3,102.3,102.3,102.3,102.3,102.3,102.3,102.3,102.3,102.3,102.3,102.3,102.3,102.3,102.3,102.3,102.3,102.3,102.3,102.3,102.3,102.3,102.3,102.3,102.3,102.3,102.3,102.3,102.3,102.3,102.3,102.3,102.3,102.3,102.3,102.3,102.3,102.3,102.3,102.3,102.3,102.3,102.3,102.3,102.3,102.3,102.3,102.3,102.3,102.3,102.3,102.3,102.3,102.3,102.3,102.3,102.3,102.3,102.3,102.3,102.3,102.3,102.3,102.3,102.3,102.3,102.3,102.3,102.3,102.3,102.3,102.3,102.3,102.3,102.3,102.3,102.3,102.3,102.3,102.3,102.3
2009-08-01,102.2,102.2,102.2,102.2,102.2,102.2,102.2,102.2,102.2,102.2,102.2,102.2,102.2,102.2,102.2,102.2,102.2,102.2,102.2,102.2,102.2,102.2,102.2,102.2,102.2,102.2,102.2,102.2,102.2,102.2,102.2,102.2,102.2,102.2,102.2,102.2,102.2,102.2,102.2,102.2,102.2,102.2,102.2,102.2,102.2,102.2,102.2,102.2,102.2,102.2,102.2,102.2,102.2,102.2,102.2,102.2,102.2,102.2,102.2,102.2,102.2,102.2,102.2,102.2,102.2,102.2,102.2,102.2,102.2,102.2,102.2,102.2,102.2,102.2,102.2,102.2,102.2,102.2,102.2,102.2,102.2,102.2,102.2,102.2,102.2,102.2,102.2,102.2,102.2,102.2,102.2,102.2,102.2,102.2,102.2,102.2,102.2,102.2,102.2,102.2,102.2,102.2,102.2,102.2,102.2,102.2,102.2,102.2,102.2,102.2,102.2,102.2,102.2,102.2,102.2,102.2,102.2,102.2,102.2,102.2,102.2,102.2,102.2,102.2,102.2,102.2,102.2,102.2,102.2,102.2,102.2,102.2,102.2,102.2,102.2,102.2,102.2,102.2,102.2,102.2,102.2,102.2,102.2,102.2,102.2,102.2,102.2,102.2,102.2,102.2,102.2,102.2,102.2,102.2,102.2,102.2,102.2,102.2,102.2,102.2,102.2,102.2,102.2,102.2,102.2,102.2,102.2,102.2,102.2,102.2,102.2,102.2,102.2,102.2,102.2,102.2,102.2,102.2,102.2,102.2,102.2,102.2,102.2,102.2,102.2,102.2,102.2,102.2,102.2,102.2,102.2,102.2,102.2,102.2,102.2,102.2,102.2,102.2
2009-09-01,102.8,102.8,102.8,102.8,102.8,102.8,102.8,102.8,102.8,102.8,102.8,102.8,102.8,102.8,102.8,102.8,102.8,102.8,102.8,102.8,102.8,102.8,102.8,102.8,102.8,102.8,102.8,102.8,102.8,102.8,102.8,102.8,102.8,102.8,102.8,102.8,102.8,102.8,102.8,102.8,102.8,102.8,102.8,102.8,102.8,102.8,102.8,102.8,102.8,102.8,102.8,102.8,102.8,102.8,102.8,102.8,102.8,102.8,102.8,102.8,102.8,102.8,102.8,102.8,102.8,102.8,102.8,102.8,102.8,102.8,102.8,102.8,102.8,102.8,102.8,102.8,102.8,102.8,102.8,102.8,102.8,102.8,102.8,102.8,102.8,102.8,102.8,102.8,102.8,102.8,102.8,102.8,102.8,102.8,102.8,102.8,102.8,102.8,102.8,102.8,102.8,102.8,102.8,102.8,102.8,102.8,102.8,102.8,102.8,102.8,102.8,102.8,102.8,102.8,102.8,102.8,102.8,102.8,102.8,102.8,102.8,102.8,102.8,102.8,102.8,102.8,102.8,102.8,102.8,102.8,102.8,102.8,102.8,102.8,102.8,102.8,102.8,102.8,102.8,102.8,102.8,102.8,102.8,102.8,102.8,102.8,102.8,102.8,102.8,102.8,102.8,102.8,102.8,102.8,102.8,102.8,102.8,102.8,102.8,102.8,102.8,102.8,102.8,102.8,102.8,102.8,102.8,102.8,102.8,102.8,102.8,102.8,102.8,102.8,102.8,102.8,102.8,102.8,102.8,102.8,102.8,102.8,102.8,102.8,102.8,102.8,102.8,102.8,102.8,102.8,102.8,102.8,102.8,102.8,102.8,102.8,102.8,102.8
2009-10-01,103.0,103.0,103.0,103.0,103.0,103.0,103.0,103.0,103.0,103.0,103.0,103.0,103.0,103.0,103.0,103.0,103.0,103.0,103.0,103.0,103.0,103.0,103.0,103.0,103.0,103.0,103.0,103.0,103.0,103.0,103.0,103.0,103.0,103.0,103.0,103.0,103.0,103.0,103.0,103.0,103.0,103.0,103.0,103.0,103.0,103.0,103.0,103.0,103.0,103.0,103.0,103.0,103.0,103.0,103.0,103.0,103.0,103.0,103.0,103.0,103.0,103.0,103.0,103.0,103.0,103.0,103.0,103.0,103.0,103.0,103.0,103.0,103.0,103.0,103.0,103.0,103.0,103.0,103.0,103.0,103.0,103.0,103.0,103.0,103.0,103.0,103.0,103.0,103.0,103.0,103.0,103.0,103.0,103.0,103.0,103.0,103.0,103.0,103.0,103.0,103.0,103.0,103.0,103.0,103.0,103.0,103.0,103.0,103.0,103.0,103.0,103.0,103.0,103.0,103.0,103.0,103.0,103.0,103.0,103.0,103.0,103.0,103.0,103.0,103.0,103.0,103.0,103.0,103.0,103.0,103.0,103.0,103.0,103.0,103.0,103.0,103.0,103.0,103.0,103.0,103.0,103.0,103.0,103.0,103.0,103.0,103.0,103.0,103.0,103.0,103.0,103.0,103.0,103.0,103.0,103.0,103.0,103.0,103.0,103.0,103.0,103.0,103.0,103.0,103.0,103.0,103.0,103.0,103.0,103.0,103.0,103.0,103.0,103.0,103.0,103.0,103.0,103.0,103.0,103.0,103.0,103.0,103.0,103.0,103.0,103.0,103.0,103.0,103.0,103.0,103.0,103.0,103.0,103.0,103.0,103.0,103.0,103.0
2009-11-01,104.1,104.1,104.1,104.1,104.1,104.1,104.1,104.1,104.1,104.1,104.1,104.1,104.1,104.1,104.1,104.1,104.1,104.1,104.1,104.1,104.1,104.1,104.1,104.1,104.1,104.1,104.1,104.1,104.1,104.1,104.1,104.1,104.1,104.1,104.1,104.1,104.1,104.1,104.1,104.1,104.1,104.1,104.1,104.1,104.1,104.1,104.1,104.1,104.1,104.1,104.1,104.1,104.1,104.1,104.1,104.1,104.1,104.1,104.1,104.1,104.1,104.1,104.1,104.1,104.1,104.1,104.1,104.1,104.1,104.1,104.1,104.1,104.1,104.1,104.1,104.1,104.1,104.1,104.1,104.1,104.1,104.1,104.1,104.1,104.1,104.1,104.1,104.1,104.1,104.1,104.1,104.1,104.1,104.1,104.1,104.1,104.1,104.1,104.1,104.1,104.1,104.1,104.1,104.1,104.1,104.1,104.1,104.1,104.1,104.1,104.1,104.1,104.1,104.1,104.1,104.1,104.1,104.1,104.1,104.1,104.1,104.1,104.1,104.1,104.1,104.1,104.1,104.1,104.1,104.1,104.1,104.1,104.1,104.1,104.1,104.1,104.1,104.1,104.1,104.1,104.1,104.1,104.1,104.1,104.1,104.1,104.1,104.1,104.1,104.1,104.1,104.1,104.1,104.1,104.1,104.1,104.1,104.1,104.1,104.1,104.1,104.1,104.1,104.1,104.1,104.1,104.1,104.1,104.1,104.1,104.1,104.1,104.1,104.1,104.1,104.1,104.1,104.1,104.1,104.1,104.1,104.1,104.1,104.1,104.1,104.1,104.1,104.1,104.1,104.1,104.1,104.1,104.1,104.1,104.1,104.1,104.1,104.1
2009-12-01,105.1,105.1,105.1,105.1,105.1,105.1,105.1,105.1,105.1,105.1,105.1,105.1,105.1,105.1,105.1,105.1,105.1,105.1,105.1,105.1,105.1,105.1,105.1,105.1,105.1,105.1,105.1,105.1,105.1,105.1,105.1,105.1,105.1,105.1,105.1,105.1,105.1,105.1,105.1,105.1,105.1,105.1,105.1,105.1,105.1,105.1,105.1,105.1,105.1,105.1,105.1,105.1,105.1,105.1,105.1,105.1,105.1,105.1,105.1,105.1,105.1,105.1,105.1,105.1,105.1,105.1,105.1,105.1,105.1,105.1,105.1,105.1,105.1,105.1,105.1,105.1,105.1,105.1,105.1,105.1,105.1,105.1,105.1,105.1,105.1,105.1,105.1,105.1,105.1,105.1,105.1,105.1,105.1,105.1,105.1,105.1,105.1,105.1,105.1,105.1,105.1,105.1,105.1,105.1,105.1,105.1,105.1,105.1,105.1,105.1,105.1,105.1,105.1,105.1,105.1,105.1,105.1,105.1,105.1,105.1,105.1,105.1,105.1,105.1,105.1,105.1,105.1,105.1,105.1,105.1,105.1,105.1,105.1,105.1,105.1,105.1,105.1,105.1,105.1,105.1,105.1,105.1,105.1,105.1,105.1,105.1,105.1,105.1,105.1,105.1,105.1,105.1,105.1,105.1,105.1,105.1,105.1,105.1,105.1,105.1,105.1,105.1,105.1,105.1,105.1,105.1,105.1,105.1,105.1,105.1,105.1,105.1,105.1,105.1,105.1,105.1,105.1,105.1,105.1,105.1,105.1,105.1,105.1,105.1,105.1,105.1,105.1,105.1,105.1,105.1,105.1,105.1,105.1,105.1,105.1,105.1,105.1,105.1
2010-01-01,105.7,105.9,105.8,105.8,105.8,105.8,105.8,105.8,105.8,105.8,105.8,105.8,105.8,105.8,105.8,105.8,105.8,105.8,105.8,105.8,105.8,105.8,105.8,105.8,105.8,105.8,105.8,105.8,105.8,105.8,105.8,105.8,105.8,105.8,105.8,105.8,105.8,105.8,105.8,105.8,105.8,105.8,105.8,105.8,105.8,105.8,105.8,105.8,105.8,105.8,105.8,105.8,105.8,105.8,105.8,105.8,105.8,105.8,105.8,105.8,105.8,105.8,105.8,105.8,105.8,105.8,105.8,105.8,105.8,105.8,105.8,105.8,105.8,105.8,105.8,105.8,105.8,105.8,105.8,105.8,105.8,105.8,105.8,105.8,105.8,105.8,105.8,105.8,105.8,105.8,105.8,105.8,105.8,105.8,105.8,105.8,105.8,105.8,105.8,105.8,105.8,105.8,105.8,105.8,105.8,105.8,105.8,105.8,105.8,105.8,105.8,105.8,105.8,105.8,105.8,105.8,105.8,105.8,105.8,105.8,105.8,105.8,105.8,105.8,105.8,105.8,105.8,105.8,105.8,105.8,105.8,105.8,105.8,105.8,105.8,105.8,105.8,105.8,105.8,105.8,105.8,105.8,105.8,105.8,105.8,105.8,105.8,105.8,105.8,105.8,105.8,105.8,105.8,105.8,105.8,105.8,105.8,105.8,105.8,105.8,105.8,105.8,105.8,105.8,105.8,105.8,105.8,105.8,105.8,105.8,105.8,105.8,105.8,105.8,105.8,105.8,105.8,105.8,105.8,105.8,105.8,105.8,105.8,105.8,105.8,105.8,105.8,105.8,105.8,105.8,105.8,105.8,105.8,105.8,105.8,105.8,105.8,105.8
2010-02-01,107.4,107.2,107.2,106.9,106.9,106.9,106.9,106.9,106.9,106.9,106.9,106.9,106.9,106.9,106.9,106.9,106.9,106.9,106.9,106.9,106.9,106.9,106.9,106.9,106.9,106.9,106.9,106.9,106.9,106.9,106.9,106.9,106.9,106.9,106.9,106.9,106.9,106.9,106.9,106.9,106.9,106.9,106.9,106.9,106.9,106.9,106.9,106.9,106.9,106.9,106.9,106.9,106.9,106.9,106.9,106.9,106.9,106.9,106.9,106.9,106.9,106.9,106.9,106.9,106.9,106.9,106.9,106.9,106.9,106.9,106.9,106.9,106.9,106.9,106.9,106.9,106.9,106.9,106.9,106.9,106.9,106.9,106.9,106.9,106.9,106.9,106.9,106.9,106.9,106.9,106.9,106.9,106.9,106.9,106.9,106.9,106.9,106.9,106.9,106.9,106.9,106.9,106.9,106.9,106.9,106.9,106.9,106.9,106.9,106.9,106.9,106.9,106.9,106.9,106.9,106.9,106.9,106.9,106.9,106.9,106.9,106.9,106.9,106.9,106.9,106.9,106.9,106.9,106.9,106.9,106.9,106.9,106.9,106.9,106.9,106.9,106.9,106.9,106.9,106.9,106.9,106.9,106.9,106.9,106.9,106.9,106.9,106.9,106.9,106.9,106.9,106.9,106.9,106.9,106.9,106.9,106.9,106.9,106.9,106.9,106.9,106.9,106.9,106.9,106.9,106.9,106.9,106.9,106.9,106.9,106.9,106.9,106.9,106.9,106.9,106.9,106.9,106.9,106.9,106.9,106.9,106.9,106.9,106.9,106.9,106.9,106.9,106.9,106.9,106.9,106.9,106.9,106.9,106.9,106.9,106.9,106.9,106.9
2010-03-01,,108.3,108.6,108.4,108.4,108.4,108.4,108.4,108.4,108.4,108.4,108.4,108.4,108.4,108.4,108.4,108.4,108.4,108.4,108.4,108.4,108.4,108.4,108.4,108.4,108.4,108.4,108.4,108.4,108.4,108.4,108.4,108.4,108.4,108.4,108.4,108.4,108.4,108.4,108.4,108.4,108.4,108.4,108.4,108.4,108.4,108.4,108.4,108.4,108.4,108.4,108.4,108.4,108.4,108.4,108.4,108.4,108.4,108.4,108.4,108.4,108.4,108.4,108.4,108.4,108.4,108.4,108.4,108.4,108.4,108.4,108.4,108.4,108.4,108.4,108.4,108.4,108.4,108.4,108.4,108.4,108.4,108.4,108.4,108.4,108.4,108.4,108.4,108.4,108.4,108.4,108.4,108.4,108.4,108.4,108.4,108.4,108.4,108.4,108.4,108.4,108.4,108.4,108.4,108.4,108.4,108.4,108.4,108.4,108.4,108.4,108.4,108.4,108.4,108.4,108.4,108.4,108.4,108.4,108.4,108.4,108.4,108.4,108.4,108.4,108.4,108.4,108.4,108.4,108.4,108.4,108.4,108.4,108.4,108.4,108.4,108.4,108.4,108.4,108.4,108.4,108.4,108.4,108.4,108.4,108.4,108.4,108.4,108.4,108.4,108.4,108.4,108.4,108.4,108.4,108.4,108.4,108.4,108.4,108.4,108.4,108.4,108.4,108.4,108.4,108.4,108.4,108.4,108.4,108.4,108.4,108.4,108.4,108.4,108.4,108.4,108.4,108.4,108.4,108.4,108.4,108.4,108.4,108.4,108.4,108.4,108.4,108.4,108.4,108.4,108.4,108.4,108.4,108.4,108.4,108.4,108.4,108.4
2010-04-01,,,107.8,107.9,107.9,107.9,107.9,107.9,107.9,107.9,107.9,107.9,107.9,107.9,107.9,107.9,107.9,107.9,107.9,107.9,107.9,107.9,107.9,107.9,107.9,107.9,107.9,107.9,107.9,107.9,107.9,107.9,107.9,107.9,107.9,107.9,107.9,107.9,107.9,107.9,107.9,107.9,107.9,107.9,107.9,107.9,107.9,107.9,107.9,107.9,107.9,107.9,107.9,107.9,107.9,107.9,107.9,107.9,107.9,107.9,107.9,107.9,107.9,107.9,107.9,107.9,107.9,107.9,107.9,107.9,107.9,107.9,107.9,107.9,107.9,107.9,107.9,107.9,107.9,107.9,107.9,107.9,107.9,107.9,107.9,107.9,107.9,107.9,107.9,107.9,107.9,107.9,107.9,107.9,107.9,107.9,107.9,107.9,107.9,107.9,107.9,107.9,107.9,107.9,107.9,107.9,107.9,107.9,107.9,107.9,107.9,107.9,107.9,107.9,107.9,107.9,107.9,107.9,107.9,107.9,107.9,107.9,107.9,107.9,107.9,107.9,107.9,107.9,107.9,107.9,107.9,107.9,107.9,107.9,107.9,107.9,107.9,107.9,107.9,107.9,107.9,107.9,107.9,107.9,107.9,107.9,107.9,107.9,107.9,107.9,107.9,107.9,107.9,107.9,107.9,107.9,107.9,107.9,107.9,107.9,107.9,107.9,107.9,107.9,107.9,107.9,107.9,107.9,107.9,107.9,107.9,107.9,107.9,107.9,107.9,107.9,107.9,107.9,107.9,107.9,107.9,107.9,107.9,107.9,107.9,107.9,107.9,107.9,107.9,107.9,107.9,107.9,107.9,107.9,107.9,107.9,107.9,107.9
2010-05-01,,,,110.0,110.0,110.0,110.0,110.0,110.0,110.0,110.0,110.0,110.0,110.0,110.0,110.0,110.0,110.0,110.0,110.0,110.0,110.0,110.0,110.0,110.0,110.0,110.0,110.0,110.0,110.0,110.0,110.0,110.0,110.0,110.0,110.0,110.0,110.0,110.0,110.0,110.0,110.0,110.0,110.0,110.0,110.0,110.0,110.0,110.0,110.0,110.0,110.0,110.0,110.0,110.0,110.0,110.0,110.0,110.0,110.0,110.0,110.0,110.0,110.0,110.0,110.0,110.0,110.0,110.0,110.0,110.0,110.0,110.0,110.0,110.0,110.0,110.0,110.0,110.0,110.0,110.0,110.0,110.0,110.0,110.0,110.0,110.0,110.0,110.0,110.0,110.0,110.0,110.0,110.0,110.0,110.0,110.0,110.0,110.0,110.0,110.0,110.0,110.0,110.0,110.0,110.0,110.0,110.0,110.0,110.0,110.0,110.0,110.0,110.0,110.0,110.0,110.0,110.0,110.0,110.0,110.0,110.0,110.0,110.0,110.0,110.0,110.0,110.0,110.0,110.0,110.0,110.0,110.0,110.0,110.0,110.0,110.0,110.0,110.0,110.0,110.0,110.0,110.0,110.0,110.0,110.0,110.0,110.0,110.0,110.0,110.0,110.0,110.0,110.0,110.0,110.0,110.0,110.0,110.0,110.0,110.0,110.0,110.0,110.0,110.0,110.0,110.0,110.0,110.0,110.0,110.0,110.0,110.0,110.0,110.0,110.0,110.0,110.0,110.0,110.0,110.0,110.0,110.0,110.0,110.0,110.0,110.0,110.0,110.0,110.0,110.0,110.0,110.0,110.0,110.0,110.0,110.0,110.0
2010-06-01,,,,,110.9,110.9,110.9,110.9,110.9,110.9,110.9,110.9,110.9,110.9,110.9,110.9,110.9,110.9,110.9,110.9,110.9,110.9,110.9,110.9,110.9,110.9,110.9,110.9,110.9,110.9,110.9,110.9,110.9,110.9,110.9,110.9,110.9,110.9,110.9,110.9,110.9,110.9,110.9,110.9,110.9,110.9,110.9,110.9,110.9,110.9,110.9,110.9,110.9,110.9,110.9,110.9,110.9,110.9,110.9,110.9,110.9,110.9,110.9,110.9,110.9,110.9,110.9,110.9,110.9,110.9,110.9,110.9,110.9,110.9,110.9,110.9,110.9,110.9,110.9,110.9,110.9,110.9,110.9,110.9,110.9,110.9,110.9,110.9,110.9,110.9,110.9,110.9,110.9,110.9,110.9,110.9,110.9,110.9,110.9,110.9,110.9,110.9,110.9,110.9,110.9,110.9,110.9,110.9,110.9,110.9,110.9,110.9,110.9,110.9,110.9,110.9,110.9,110.9,110.9,110.9,110.9,110.9,110.9,110.9,110.9,110.9,110.9,110.9,110.9,110.9,110.9,110.9,110.9,110.9,110.9,110.9,110.9,110.9,110.9,110.9,110.9,110.9,110.9,110.9,110.9,110.9,110.9,110.9,110.9,110.9,110.9,110.9,110.9,110.9,110.9,110.9,110.9,110.9,110.9,110.9,110.9,110.9,110.9,110.9,110.9,110.9,110.9,110.9,110.9,110.9,110.9,110.9,110.9,110.9,110.9,110.9,110.9,110.9,110.9,110.9,110.9,110.9,110.9,110.9,110.9,110.9,110.9,110.9,110.9,110.9,110.9,110.9,110.9,110.9,110.9,110.9,110.9,110.9
2010-07-01,,,,,,110.1,110.1,110.1,110.1,110.1,110.1,110.1,110.1,110.1,110.1,110.1,110.1,110.1,110.1,110.1,110.1,110.1,110.1,110.1,110.1,110.1,110.1,110.1,110.1,110.1,110.1,110.1,110.1,110.1,110.1,110.1,110.1,110.1,110.1,110.1,110.1,110.1,110.1,110.1,110.1,110.1,110.1,110.1,110.1,110.1,110.1,110.1,110.1,110.1,110.1,110.1,110.1,110.1,110.1,110.1,110.1,110.1,110.1,110.1,110.1,110.1,110.1,110.1,110.1,110.1,110.1,110.1,110.1,110.1,110.1,110.1,110.1,110.1,110.1,110.1,110.1,110.1,110.1,110.1,110.1,110.1,110.1,110.1,110.1,110.1,110.1,110.1,110.1,110.1,110.1,110.1,110.1,110.1,110.1,110.1,110.1,110.1,110.1,110.1,110.1,110.1,110.1,110.1,110.1,110.1,110.1,110.1,110.1,110.1,110.1,110.1,110.1,110.1,110.1,110.1,110.1,110.1,110.1,110.1,110.1,110.1,110.1,110.1,110.1,110.1,110.1,110.1,110.1,110.1,110.1,110.1,110.1,110.1,110.1,110.1,110.1,110.1,110.1,110.1,110.1,110.1,110.1,110.1,110.1,110.1,110.1,110.1,110.1,110.1,110.1,110.1,110.1,110.1,110.1,110.1,110.1,110.1,110.1,110.1,110.1,110.1,110.1,110.1,110.1,110.1,110.1,110.1,110.1,110.1,110.1,110.1,110.1,110.1,110.1,110.1,110.1,110.1,110.1,110.1,110.1,110.1,110.1,110.1,110.1,110.1,110.1,110.1,110.1,110.1,110.1,110.1,110.1,110.1
2010-08-01,,,,,,,110.2,110.2,110.2,110.2,110.2,110.2,110.2,110.2,110.2,110.2,110.2,110.2,110.2,110.2,110.2,110.2,110.2,110.2,110.2,110.2,110.2,110.2,110.2,110.2,110.2,110.2,110.2,110.2,110.2,110.2,110.2,110.2,110.2,110.2,110.2,110.2,110.2,110.2,110.2,110.2,110.2,110.2,110.2,110.2,110.2,110.2,110.2,110.2,110.2,110.2,110.2,110.2,110.2,110.2,110.2,110.2,110.2,110.2,110.2,110.2,110.2,110.2,110.2,110.2,110.2,110.2,110.2,110.2,110.2,110.2,110.2,110.2,110.2,110.2,110.2,110.2,110.2,110.2,110.2,110.2,110.2,110.2,110.2,110.2,110.2,110.2,110.2,110.2,110.2,110.2,110.2,110.2,110.2,110.2,110.2,110.2,110.2,110.2,110.2,110.2,110.2,110.2,110.2,110.2,110.2,110.2,110.2,110.2,110.2,110.2,110.2,110.2,110.2,110.2,110.2,110.2,110.2,110.2,110.2,110.2,110.2,110.2,110.2,110.2,110.2,110.2,110.2,110.2,110.2,110.2,110.2,110.2,110.2,110.2,110.2,110.2,110.2,110.2,110.2,110.2,110.2,110.2,110.2,110.2,110.2,110.2,110.2,110.2,110.2,110.2,110.2,110.2,110.2,110.2,110.2,110.2,110.2,110.2,110.2,110.2,110.2,110.2,110.2,110.2,110.2,110.2,110.2,110.2,110.2,110.2,110.2,110.2,110.2,110.2,110.2,110.2,110.2,110.2,110.2,110.2,110.2,110.2,110.2,110.2,110.2,110.2,110.2,110.2,110.2,110.2,110.2,110.2
2010-09-01,,,,,,,,110.9,111.6,111.6,111.6,111.6,111.6,111.6,111.6,111.6,111.6,111.6,111.6,111.6,111.6,111.6,111.6,111.6,111.6,111.6,111.6,111.6,111.6,111.6,111.6,111.6,111.6,111.6,111.6,111.6,111.6,111.6,111.6,111.6,111.6,111.6,111.6,111.6,111.6,111.6,111.6,111.6,111.6,111.6,111.6,111.6,111.6,111.6,111.6,111.6,111.6,111.6,111.6,111.6,111.6,111.6,111.6,111.6,111.6,111.6,111.6,111.6,111.6,111.6,111.6,111.6,111.6,111.6,111.6,111.6,111.6,111.6,111.6,111.6,111.6,111.6,111.6,111.6,111.6,111.6,111.6,111.6,111.6,111.6,111.6,111.6,111.6,111.6,111.6,111.6,111.6,111.6,111.6,111.6,111.6,111.6,111.6,111.6,111.6,111.6,111.6,111.6,111.6,111.6,111.6,111.6,111.6,111.6,111.6,111.6,111.6,111.6,111.6,111.6,111.6,111.6,111.6,111.6,111.6,111.6,111.6,111.6,111.6,111.6,111.6,111.6,111.6,111.6,111.6,111.6,111.6,111.6,111.6,111.6,111.6,111.6,111.6,111.6,111.6,111.6,111.6,111.6,111.6,111.6,111.6,111.6,111.6,111.6,111.6,111.6,111.6,111.6,111.6,111.6,111.6,111.6,111.6,111.6,111.6,111.6,111.6,111.6,111.6,111.6,111.6,111.6,111.6,111.6,111.6,111.6,111.6,111.6,111.6,111.6,111.6,111.6,111.6,111.6,111.6,111.6,111.6,111.6,111.6,111.6,111.6,111.6,111.6,111.6,111.6,111.6,111.6,111.6
2010-10-01,,,,,,,,,112.9,113.1,113.1,113.1,113.1,113.1,113.1,113.1,113.1,113.1,113.1,113.1,113.1,113.1,113.1,113.1,113.1,113.1,113.1,113.1,113.1,113.1,113.1,113.1,113.1,113.1,113.1,113.1,113.1,113.1,113.1,113.1,113.1,113.1,113.1,113.1,113.1,113.1,113.1,113.1,113.1,113.1,113.1,113.1,113.1,113.1,113.1,113.1,113.1,113.1,113.1,113.1,113.1,113.1,113.1,113.1,113.1,113.1,113.1,113.1,113.1,113.1,113.1,113.1,113.1,113.1,113.1,113.1,113.1,113.1,113.1,113.1,113.1,113.1,113.1,113.1,113.1,113.1,113.1,113.1,113.1,113.1,113.1,113.1,113.1,113.1,113.1,113.1,113.1,113.1,113.1,113.1,113.1,113.1,113.1,113.1,113.1,113.1,113.1,113.1,113.1,113.1,113.1,113.1,113.1,113.1,113.1,113.1,113.1,113.1,113.1,113.1,113.1,113.1,113.1,113.1,113.1,113.1,113.1,113.1,113.1,113.1,113.1,113.1,113.1,113.1,113.1,113.1,113.1,113.1,113.1,113.1,113.1,113.1,113.1,113.1,113.1,113.1,113.1,113.1,113.1,113.1,113.1,113.1,113.1,113.1,113.1,113.1,113.1,113.1,113.1,113.1,113.1,113.1,113.1,113.1,113.1,113.1,113.1,113.1,113.1,113.1,113.1,113.1,113.1,113.1,113.1,113.1,113.1,113.1,113.1,113.1,113.1,113.1,113.1,113.1,113.1,113.1,113.1,113.1,113.1,113.1,113.1,113.1,113.1,113.1,113.1,113.1,113.1,113.1
2010-11-01,,,,,,,,,,113.4,113.3,113.3,113.3,113.3,113.3,113.3,113.3,113.3,113.3,113.3,113.3,113.3,113.3,113.3,113.3,113.3,113.3,113.3,113.3,113.3,113.3,113.3,113.3,113.3,113.3,113.3,113.3,113.3,113.3,113.3,113.3,113.3,113.3,113.3,113.3,113.3,113.3,113.3,113.3,113.3,113.3,113.3,113.3,113.3,113.3,113.3,113.3,113.3,113.3,113.3,113.3,113.3,113.3,113.3,113.3,113.3,113.3,113.3,113.3,113.3,113.3,113.3,113.3,113.3,113.3,113.3,113.3,113.3,113.3,113.3,113.3,113.3,113.3,113.3,113.3,113.3,113.3,113.3,113.3,113.3,113.3,113.3,113.3,113.3,113.3,113.3,113.3,113.3,113.3,113.3,113.3,113.3,113.3,113.3,113.3,113.3,113.3,113.3,113.3,113.3,113.3,113.3,113.3,113.3,113.3,113.3,113.3,113.3,113.3,113.3,113.3,113.3,113.3,113.3,113.3,113.3,113.3,113.3,113.3,113.3,113.3,113.3,113.3,113.3,113.3,113.3,113.3,113.3,113.3,113.3,113.3,113.3,113.3,113.3,113.3,113.3,113.3,113.3,113.3,113.3,113.3,113.3,113.3,113.3,113.3,113.3,113.3,113.3,113.3,113.3,113.3,113.3,113.3,113.3,113.3,113.3,113.3,113.3,113.3,113.3,113.3,113.3,113.3,113.3,113.3,113.3,113.3,113.3,113.3,113.3,113.3,113.3,113.3,113.3,113.3,113.3,113.3,113.3,113.3,113.3,113.3,113.3,113.3,113.3,113.3,113.3,113.3,113.3
2010-12-01,,,,,,,,,,,113.0,114.2,114.2,114.3,114.3,114.3,114.3,114.3,114.3,114.3,114.3,114.3,114.3,114.3,114.3,114.3,114.3,114.3,114.3,114.3,114.3,114.3,114.3,114.3,114.3,114.3,114.3,114.3,114.3,114.3,114.3,114.3,114.3,114.3,114.3,114.3,114.3,114.3,114.3,114.3,114.3,114.3,114.3,114.3,114.3,114.3,114.3,114.3,114.3,114.3,114.3,114.3,114.3,114.3,114.3,114.3,114.3,114.3,114.3,114.3,114.3,114.3,114.3,114.3,114.3,114.3,114.3,114.3,114.3,114.3,114.3,114.3,114.3,114.3,114.3,114.3,114.3,114.3,114.3,114.3,114.3,114.3,114.3,114.3,114.3,114.3,114.3,114.3,114.3,114.3,114.3,114.3,114.3,114.3,114.3,114.3,114.3,114.3,114.3,114.3,114.3,114.3,114.3,114.3,114.3,114.3,114.3,114.3,114.3,114.3,114.3,114.3,114.3,114.3,114.3,114.3,114.3,114.3,114.3,114.3,114.3,114.3,114.3,114.3,114.3,114.3,114.3,114.3,114.3,114.3,114.3,114.3,114.3,114.3,114.3,114.3,114.3,114.3,114.3,114.3,114.3,114.3,114.3,114.3,114.3,114.3,114.3,114.3,114.3,114.3,114.3,114.3,114.3,114.3,114.3,114.3,114.3,114.3,114.3,114.3,114.3,114.3,114.3,114.3,114.3,114.3,114.3,114.3,114.3,114.3,114.3,114.3,114.3,114.3,114.3,114.3,114.3,114.3,114.3,114.3,114.3,114.3,114.3,114.3,114.3,114.3,114.3,114.3
2011-01-01,,,,,,,,,,,,118.3,119.1,119.3,119.3,119.3,119.3,119.3,119.3,119.3,119.3,119.3,119.3,119.3,119.3,119.3,119.3,119.3,119.3,119.3,119.3,119.3,119.3,119.3,119.3,119.3,119.3,119.3,119.3,119.3,119.3,119.3,119.3,119.3,119.3,119.3,119.3,119.3,119.3,119.3,119.3,119.3,119.3,119.3,119.3,119.3,119.3,119.3,119.3,119.3,119.3,119.3,119.3,119.3,119.3,119.3,119.3,119.3,119.3,119.3,119.3,119.3,119.3,119.3,119.3,119.3,119.3,119.3,119.3,119.3,119.3,119.3,119.3,119.3,119.3,119.3,119.3,119.3,119.3,119.3,119.3,119.3,119.3,119.3,119.3,119.3,119.3,119.3,119.3,119.3,119.3,119.3,119.3,119.3,119.3,119.3,119.3,119.3,119.3,119.3,119.3,119.3,119.3,119.3,119.3,119.3,119.3,119.3,119.3,119.3,119.3,119.3,119.3,119.3,119.3,119.3,119.3,119.3,119.3,119.3,119.3,119.3,119.3,119.3,119.3,119.3,119.3,119.3,119.3,119.3,119.3,119.3,119.3,119.3,119.3,119.3,119.3,119.3,119.3,119.3,119.3,119.3,119.3,119.3,119.3,119.3,119.3,119.3,119.3,119.3,119.3,119.3,119.3,119.3,119.3,119.3,119.3,119.3,119.3,119.3,119.3,119.3,119.3,119.3,119.3,119.3,119.3,119.3,119.3,119.3,119.3,119.3,119.3,119.3,119.3,119.3,119.3,119.3,119.3,119.3,119.3,119.3,119.3,119.3,119.3,119.3,119.3,119.3
2011-02-01,,,,,,,,,,,,,122.0,122.4,122.7,122.7,122.7,122.7,122.7,122.7,122.7,122.7,122.7,122.7,122.7,122.7,122.7,122.7,122.7,122.7,122.7,122.7,122.7,122.7,122.7,122.7,122.7,122.7,122.7,122.7,122.7,122.7,122.7,122.7,122.7,122.7,122.7,122.7,122.7,122.7,122.7,122.7,122.7,122.7,122.7,122.7,122.7,122.7,122.7,122.7,122.7,122.7,122.7,122.7,122.7,122.7,122.7,122.7,122.7,122.7,122.7,122.7,122.7,122.7,122.7,122.7,122.7,122.7,122.7,122.7,122.7,122.7,122.7,122.7,122.7,122.7,122.7,122.7,122.7,122.7,122.7,122.7,122.7,122.7,122.7,122.7,122.7,122.7,122.7,122.7,122.7,122.7,122.7,122.7,122.7,122.7,122.7,122.7,122.7,122.7,122.7,122.7,122.7,122.7,122.7,122.7,122.7,122.7,122.7,122.7,122.7,122.7,122.7,122.7,122.7,122.7,122.7,122.7,122.7,122.7,122.7,122.7,122.7,122.7,122.7,122.7,122.7,122.7,122.7,122.7,122.7,122.7,122.7,122.7,122.7,122.7,122.7,122.7,122.7,122.7,122.7,122.7,122.7,122.7,122.7,122.7,122.7,122.7,122.7,122.7,122.7,122.7,122.7,122.7,122.7,122.7,122.7,122.7,122.7,122.7,122.7,122.7,122.7,122.7,122.7,122.7,122.7,122.7,122.7,122.7,122.7,122.7,122.7,122.7,122.7,122.7,122.7,122.7,122.7,122.7,122.7,122.7,122.7,122.7,122.7,122.7,122.7,122.7
2011-03-01,,,,,,,,,,,,,,125.6,126.5,126.5,126.5,126.5,126.5,126.5,126.5,126.5,126.5,126.5,126.5,126.5,126.5,126.5,126.5,126.5,126.5,126.5,126.5,126.5,126.5,126.5,126.5,126.5,126.5,126.5,126.5,126.5,126.5,126.5,126.5,126.5,126.5,126.5,126.5,126.5,126.5,126.5,126.5,126.5,126.5,126.5,126.5,126.5,126.5,126.5,126.5,126.5,126.5,126.5,126.5,126.5,126.5,126.5,126.5,126.5,126.5,126.5,126.5,126.5,126.5,126.5,126.5,126.5,126.5,126.5,126.5,126.5,126.5,126.5,126.5,126.5,126.5,126.5,126.5,126.5,126.5,126.5,126.5,126.5,126.5,126.5,126.5,126.5,126.5,126.5,126.5,126.5,126.5,126.5,126.5,126.5,126.5,126.5,126.5,126.5,126.5,126.5,126.5,126.5,126.5,126.5,126.5,126.5,126.5,126.5,126.5,126.5,126.5,126.5,126.5,126.5,126.5,126.5,126.5,126.5,126.5,126.5,126.5,126.5,126.5,126.5,126.5,126.5,126.5,126.5,126.5,126.5,126.5,126.5,126.5,126.5,126.5,126.5,126.5,126.5,126.5,126.5,126.5,126.5,126.5,126.5,126.5,126.5,126.5,126.5,126.5,126.5,126.5,126.5,126.5,126.5,126.5,126.5,126.5,126.5,126.5,126.5,126.5,126.5,126.5,126.5,126.5,126.5,126.5,126.5,126.5,126.5,126.5,126.5,126.5,126.5,126.5,126.5,126.5,126.5,126.5,126.5,126.5,126.5,126.5,126.5,126.5,126.5
2011-04-01,,,,,,,,,,,,,,,130.8,130.8,130.8,130.8,130.8,130.8,130.8,130.8,130.8,130.8,130.8,130.8,130.8,130.8,130.8,130.8,130.8,130.8,130.8,130.8,130.8,130.8,130.8,130.8,130.8,130.8,130.8,130.8,130.8,130.8,130.8,130.8,130.8,130.8,130.8,130.8,130.8,130.8,130.8,130.8,130.8,130.8,130.8,130.8,130.8,130.8,130.8,130.8,130.8,130.8,130.8,130.8,130.8,130.8,130.8,130.8,130.8,130.8,130.8,130.8,130.8,130.8,130.8,130.8,130.8,130.8,130.8,130.8,130.8,130.8,130.8,130.8,130.8,130.8,130.8,130.8,130.8,130.8,130.8,130.8,130.8,130.8,130.8,130.8,130.8,130.8,130.8,130.8,130.8,130.8,130.8,130.8,130.8,130.8,130.8,130.8,130.8,130.8,130.8,130.8,130.8,130.8,130.8,130.8,130.8,130.8,130.8,130.8,130.8,130.8,130.8,130.8,130.8,130.8,130.8,130.8,130.8,130.8,130.8,130.8,130.8,130.8,130.8,130.8,130.8,130.8,130.8,130.8,130.8,130.8,130.8,130.8,130.8,130.8,130.8,130.8,130.8,130.8,130.8,130.8,130.8,130.8,130.8,130.8,130.8,130.8,130.8,130.8,130.8,130.8,130.8,130.8,130.8,130.8,130.8,130.8,130.8,130.8,130.8,130.8,130.8,130.8,130.8,130.8,130.8,130.8,130.8,130.8,130.8,130.8,130.8,130.8,130.8,130.8,130.8,130.8,130.8,130.8,130.8,130.8,130.8,130.8,130.8,130.8
2011-05-01,,,,,,,,,,,,,,,,135.7,136.2,136.2,136.2,136.2,136.2,136.2,136.2,136.2,136.2,136.2,136.2,136.2,136.2,136.2,136.2,136.2,136.2,136.2,136.2,136.2,136.2,136.2,136.2,136.2,136.2,136.2,136.2,136.2,136.2,136.2,136.2,136.2,136.2,136.2,136.2,136.2,136.2,136.2,136.2,136.2,136.2,136.2,136.2,136.2,136.2,136.2,136.2,136.2,136.2,136.2,136.2,136.2,136.2,136.2,136.2,136.2,136.2,136.2,136.2,136.2,136.2,136.2,136.2,136.2,136.2,136.2,136.2,136.2,136.2,136.2,136.2,136.2,136.2,136.2,136.2,136.2,136.2,136.2,136.2,136.2,136.2,136.2,136.2,136.2,136.2,136.2,136.2,136.2,136.2,136.2,136.2,136.2,136.2,136.2,136.2,136.2,136.2,136.2,136.2,136.2,136.2,136.2,136.2,136.2,136.2,136.2,136.2,136.2,136.2,136.2,136.2,136.2,136.2,136.2,136.2,136.2,136.2,136.2,136.2,136.2,136.2,136.2,136.2,136.2,136.2,136.2,136.2,136.2,136.2,136.2,136.2,136.2,136.2,136.2,136.2,136.2,136.2,136.2,136.2,136.2,136.2,136.2,136.2,136.2,136.2,136.2,136.2,136.2,136.2,136.2,136.2,136.2,136.2,136.2,136.2,136.2,136.2,136.2,136.2,136.2,136.2,136.2,136.2,136.2,136.2,136.2,136.2,136.2,136.2,136.2,136.2,136.2,136.2,136.2,136.2,136.2,136.2,136.2,136.2,136.2,136.2,136.2
2011-06-01,,,,,,,,,,,,,,,,,134.5,134.5,134.5,134.5,134.5,134.5,134.5,134.5,134.5,134.5,134.5,134.5,134.5,134.5,134.5,134.5,134.5,134.5,134.5,134.5,134.5,134.5,134.5,134.5,134.5,134.5,134.5,134.5,134.5,134.5,134.5,134.5,134.5,134.5,134.5,134.5,134.5,134.5,134.5,134.5,134.5,134.5,134.5,134.5,134.5,134.5,134.5,134.5,134.5,134.5,134.5,134.5,134.5,134.5,134.5,134.5,134.5,134.5,134.5,134.5,134.5,134.5,134.5,134.5,134.5,134.5,134.5,134.5,134.5,134.5,134.5,134.5,134.5,134.5,134.5,134.5,134.5,134.5,134.5,134.5,134.5,134.5,134.5,134.5,134.5,134.5,134.5,134.5,134.5,134.5,134.5,134.5,134.5,134.5,134.5,134.5,134.5,134.5,134.5,134.5,134.5,134.5,134.5,134.5,134.5,134.5,134.5,134.5,134.5,134.5,134.5,134.5,134.5,134.5,134.5,134.5,134.5,134.5,134.5,134.5,134.5,134.5,134.5,134.5,134.5,134.5,134.5,134.5,134.5,134.5,134.5,134.5,134.5,134.5,134.5,134.5,134.5,134.5,134.5,134.5,134.5,134.5,134.5,134.5,134.5,134.5,134.5,134.5,134.5,134.5,134.5,134.5,134.5,134.5,134.5,134.5,134.5,134.5,134.5,134.5,134.5,134.5,134.5,134.5,134.5,134.5,134.5,134.5,134.5,134.5,134.5,134.5,134.5,134.5,134.5,134.5,134.5,134.5,134.5,134.5,134.5,134.5
2011-07-01,,,,,,,,,,,,,,,,,,134.8,134.1,134.1,134.1,134.1,134.1,134.1,134.1,134.1,134.1,134.1,134.1,134.1,134.1,134.1,134.1,134.1,134.1,134.1,134.1,134.1,134.1,134.1,134.1,134.1,134.1,134.1,134.1,134.1,134.1,134.1,134.1,134.1,134.1,134.1,134.1,134.1,134.1,134.1,134.1,134.1,134.1,134.1,134.1,134.1,134.1,134.1,134.1,134.1,134.1,134.1,134.1,134.1,134.1,134.1,134.1,134.1,134.1,134.1,134.1,134.1,134.1,134.1,134.1,134.1,134.1,134.1,134.1,134.1,134.1,134.1,134.1,134.1,134.1,134.1,134.1,134.1,134.1,134.1,134.1,134.1,134.1,134.1,134.1,134.1,134.1,134.1,134.1,134.1,134.1,134.1,134.1,134.1,134.1,134.1,134.1,134.1,134.1,134.1,134.1,134.1,134.1,134.1,134.1,134.1,134.1,134.1,134.1,134.1,134.1,134.1,134.1,134.1,134.1,134.1,134.1,134.1,134.1,134.1,134.1,134.1,134.1,134.1,134.1,134.1,134.1,134.1,134.1,134.1,134.1,134.1,134.1,134.1,134.1,134.1,134.1,134.1,134.1,134.1,134.1,134.1,134.1,134.1,134.1,134.1,134.1,134.1,134.1,134.1,134.1,134.1,134.1,134.1,134.1,134.1,134.1,134.1,134.1,134.1,134.1,134.1,134.1,134.1,134.1,134.1,134.1,134.1,134.1,134.1,134.1,134.1,134.1,134.1,134.1,134.1,134.1,134.1,134.1,134.1,134.1,134.1
2011-08-01,,,,,,,,,,,,,,,,,,,133.9,136.0,136.0,136.0,136.0,136.0,136.0,136.0,136.0,136.0,136.0,136.0,136.0,136.0,136.0,136.0,136.0,136.0,136.0,136.0,136.0,136.0,136.0,136.0,136.0,136.0,136.0,136.0,136.0,136.0,136.0,136.0,136.0,136.0,136.0,136.0,136.0,136.0,136.0,136.0,136.0,136.0,136.0,136.0,136.0,136.0,136.0,136.0,136.0,136.0,136.0,136.0,136.0,136.0,136.0,136.0,136.0,136.0,136.0,136.0,136.0,136.0,136.0,136.0,136.0,136.0,136.0,136.0,136.0,136.0,136.0,136.0,136.0,136.0,136.0,136.0,136.0,136.0,136.0,136.0,136.0,136.0,136.0,136.0,136.0,136.0,136.0,136.0,136.0,136.0,136.0,136.0,136.0,136.0,136.0,136.0,136.0,136.0,136.0,136.0,136.0,136.0,136.0,136.0,136.0,136.0,136.0,136.0,136.0,136.0,136.0,136.0,136.0,136.0,136.0,136.0,136.0,136.0,136.0,136.0,136.0,136.0,136.0,136.0,136.0,136.0,136.0,136.0,136.0,136.0,136.0,136.0,136.0,136.0,136.0,136.0,136.0,136.0,136.0,136.0,136.0,136.0,136.0,136.0,136.0,136.0,136.0,136.0,136.0,136.0,136.0,136.0,136.0,136.0,136.0,136.0,136.0,136.0,136.0,136.0,136.0,136.0,136.0,136.0,136.0,136.0,136.0,136.0,136.0,136.0,136.0,136.0,136.0,136.0,136.0,136.0,136.0,136.0,136.0,136.0
2011-09-01,,,,,,,,,,,,,,,,,,,,137.2,137.2,137.2,137.2,137.2,137.2,137.2,137.2,137.2,137.2,137.2,137.2,137.2,137.2,137.2,137.2,137.2,137.2,137.2,137.2,137.2,137.2,137.2,137.2,137.2,137.2,137.2,137.2,137.2,137.2,137.2,137.2,137.2,137.2,137.2,137.2,137.2,137.2,137.2,137.2,137.2,137.2,137.2,137.2,137.2,137.2,137.2,137.2,137.2,137.2,137.2,137.2,137.2,137.2,137.2,137.2,137.2,137.2,137.2,137.2,137.2,137.2,137.2,137.2,137.2,137.2,137.2,137.2,137.2,137.2,137.2,137.2,137.2,137.2,137.2,137.2,137.2,137.2,137.2,137.2,137.2,137.2,137.2,137.2,137.2,137.2,137.2,137.2,137.2,137.2,137.2,137.2,137.2,137.2,137.2,137.2,137.2,137.2,137.2,137.2,137.2,137.2,137.2,137.2,137.2,137.2,137.2,137.2,137.2,137.2,137.2,137.2,137.2,137.2,137.2,137.2,137.2,137.2,137.2,137.2,137.2,137.2,137.2,137.2,137.2,137.2,137.2,137.2,137.2,137.2,137.2,137.2,137.2,137.2,137.2,137.2,137.2,137.2,137.2,137.2,137.2,137.2,137.2,137.2,137.2,137.2,137.2,137.2,137.2,137.2,137.2,137.2,137.2,137.2,137.2,137.2,137.2,137.2,137.2,137.2,137.2,137.2,137.2,137.2,137.2,137.2,137.2,137.2,137.2,137.2,137.2,137.2,137.2,137.2,137.2,137.2,137.2,137.2,137.2
2011-10-01,,,,,,,,,,,,,,,,,,,,,135.0,135.0,135.0,135.0,135.0,135.0,135.0,135.0,135.0,135.0,135.0,135.0,135.0,135.0,135.0,135.0,135.0,135.0,135.0,135.0,135.0,135.0,135.0,135.0,135.0,135.0,135.0,135.0,135.0,135.0,135.0,135.0,135.0,135.0,135.0,135.0,135.0,135.0,135.0,135.0,135.0,135.0,135.0,135.0,135.0,135.0,135.0,135.0,135.0,135.0,135.0,135.0,135.0,135.0,135.0,135.0,135.0,135.0,135.0,135.0,135.0,135.0,135.0,135.0,135.0,135.0,135.0,135.0,135.0,135.0,135.0,135.0,135.0,135.0,135.0,135.0,135.0,135.0,135.0,135.0,135.0,135.0,135.0,135.0,135.0,135.0,135.0,135.0,135.0,135.0,135.0,135.0,135.0,135.0,135.0,135.0,135.0,135.0,135.0,135.0,135.0,135.0,135.0,135.0,135.0,135.0,135.0,135.0,135.0,135.0,135.0,135.0,135.0,135.0,135.0,135.0,135.0,135.0,135.0,135.0,135.0,135.0,135.0,135.0,135.0,135.0,135.0,135.0,135.0,135.0,135.0,135.0,135.0,135.0,135.0,135.0,135.0,135.0,135.0,135.0,135.0,135.0,135.0,135.0,135.0,135.0,135.0,135.0,135.0,135.0,135.0,135.0,135.0,135.0,135.0,135.0,135.0,135.0,135.0,135.0,135.0,135.0,135.0,135.0,135.0,135.0,135.0,135.0,135.0,135.0,135.0,135.0,135.0,135.0,135.0,135.0,135.0,135.0
2011-11-01,,,,,,,,,,,,,,,,,,,,,,133.4,133.4,133.7,133.7,133.7,133.7,133.7,133.7,133.7,133.7,133.7,133.7,133.7,133.7,133.7,133.7,133.7,133.7,133.7,133.7,133.7,133.7,133.7,133.7,133.7,133.7,133.7,133.7,133.7,133.7,133.7,133.7,133.7,133.7,133.7,133.7,133.7,133.7,133.7,133.7,133.7,133.7,133.7,133.7,133.7,133.7,133.7,133.7,133.7,133.7,133.7,133.7,133.7,133.7,133.7,133.7,133.7,133.7,133.7,133.7,133.7,133.7,133.7,133.7,133.7,133.7,133.7,133.7,133.7,133.7,133.7,133.7,133.7,133.7,133.7,133.7,133.7,133.7,133.7,133.7,133.7,133.7,133.7,133.7,133.7,133.7,133.7,133.7,133.7,133.7,133.7,133.7,133.7,133.7,133.7,133.7,133.7,133.7,133.7,133.7,133.7,133.7,133.7,133.7,133.7,133.7,133.7,133.7,133.7,133.7,133.7,133.7,133.7,133.7,133.7,133.7,133.7,133.7,133.7,133.7,133.7,133.7,133.7,133.7,133.7,133.7,133.7,133.7,133.7,133.7,133.7,133.7,133.7,133.7,133.7,133.7,133.7,133.7,133.7,133.7,133.7,133.7,133.7,133.7,133.7,133.7,133.7,133.7,133.7,133.7,133.7,133.7,133.7,133.7,133.7,133.7,133.7,133.7,133.7,133.7,133.7,133.7,133.7,133.7,133.7,133.7,133.7,133.7,133.7,133.7,133.7,133.7,133.7,133.7,133.7,133.7,133.7
2011-12-01,,,,,,,,,,,,,,,,,,,,,,,134.6,135.2,135.2,135.2,135.2,135.2,135.2,135.2,135.2,135.2,135.2,135.2,135.2,135.2,135.2,135.2,135.2,135.2,135.2,135.2,135.2,135.2,135.2,135.2,135.2,135.2,135.2,135.2,135.2,135.2,135.2,135.2,135.2,135.2,135.2,135.2,135.2,135.2,135.2,135.2,135.2,135.2,135.2,135.2,135.2,135.2,135.2,135.2,135.2,135.2,135.2,135.2,135.2,135.2,135.2,135.2,135.2,135.2,135.2,135.2,135.2,135.2,135.2,135.2,135.2,135.2,135.2,135.2,135.2,135.2,135.2,135.2,135.2,135.2,135.2,135.2,135.2,135.2,135.2,135.2,135.2,135.2,135.2,135.2,135.2,135.2,135.2,135.2,135.2,135.2,135.2,135.2,135.2,135.2,135.2,135.2,135.2,135.2,135.2,135.2,135.2,135.2,135.2,135.2,135.2,135.2,135.2,135.2,135.2,135.2,135.2,135.2,135.2,135.2,135.2,135.2,135.2,135.2,135.2,135.2,135.2,135.2,135.2,135.2,135.2,135.2,135.2,135.2,135.2,135.2,135.2,135.2,135.2,135.2,135.2,135.2,135.2,135.2,135.2,135.2,135.2,135.2,135.2,135.2,135.2,135.2,135.2,135.2,135.2,135.2,135.2,135.2,135.2,135.2,135.2,135.2,135.2,135.2,135.2,135.2,135.2,135.2,135.2,135.2,135.2,135.2,135.2,135.2,135.2,135.2,135.2,135.2,135.2,135.2,135.2,135.2
2012-01-01,,,,,,,,,,,,,,,,,,,,,,,,135.0,135.0,135.0,135.0,135.0,135.0,135.0,135.0,135.0,135.0,135.0,135.0,135.0,135.0,135.0,135.0,135.0,135.0,135.0,135.0,135.0,135.0,135.0,135.0,135.0,135.0,135.0,135.0,135.0,135.0,135.0,135.0,135.0,135.0,135.0,135.0,135.0,135.0,135.0,135.0,135.0,135.0,135.0,135.0,135.0,135.0,135.0,135.0,135.0,135.0,135.0,135.0,135.0,135.0,135.0,135.0,135.0,135.0,135.0,135.0,135.0,135.0,135.0,135.0,135.0,135.0,135.0,135.0,135.0,135.0,135.0,135.0,135.0,135.0,135.0,135.0,135.0,135.0,135.0,135.0,135.0,135.0,135.0,135.0,135.0,135.0,135.0,135.0,135.0,135.0,135.0,135.0,135.0,135.0,135.0,135.0,135.0,135.0,135.0,135.0,135.0,135.0,135.0,135.0,135.0,135.0,135.0,135.0,135.0,135.0,135.0,135.0,135.0,135.0,135.0,135.0,135.0,135.0,135.0,135.0,135.0,135.0,135.0,135.0,135.0,135.0,135.0,135.0,135.0,135.0,135.0,135.0,135.0,135.0,135.0,135.0,135.0,135.0,135.0,135.0,135.0,135.0,135.0,135.0,135.0,135.0,135.0,135.0,135.0,135.0,135.0,135.0,135.0,135.0,135.0,135.0,135.0,135.0,135.0,135.0,135.0,135.0,135.0,135.0,135.0,135.0,135.0,135.0,135.0,135.0,135.0,135.0,135.0,135.0,135.0
2012-02-01,,,,,,,,,,,,,,,,,,,,,,,,,135.2,135.2,135.3,135.3,135.3,135.3,135.3,135.3,135.3,135.3,135.3,135.3,135.3,135.3,135.3,135.3,135.3,135.3,135.3,135.3,135.3,135.3,135.3,135.3,135.3,135.3,135.3,135.3,135.3,135.3,135.3,135.3,135.3,135.3,135.3,135.3,135.3,135.3,135.3,135.3,135.3,135.3,135.3,135.3,135.3,135.3,135.3,135.3,135.3,135.3,135.3,135.3,135.3,135.3,135.3,135.3,135.3,135.3,135.3,135.3,135.3,135.3,135.3,135.3,135.3,135.3,135.3,135.3,135.3,135.3,135.3,135.3,135.3,135.3,135.3,135.3,135.3,135.3,135.3,135.3,135.3,135.3,135.3,135.3,135.3,135.3,135.3,135.3,135.3,135.3,135.3,135.3,135.3,135.3,135.3,135.3,135.3,135.3,135.3,135.3,135.3,135.3,135.3,135.3,135.3,135.3,135.3,135.3,135.3,135.3,135.3,135.3,135.3,135.3,135.3,135.3,135.3,135.3,135.3,135.3,135.3,135.3,135.3,135.3,135.3,135.3,135.3,135.3,135.3,135.3,135.3,135.3,135.3,135.3,135.3,135.3,135.3,135.3,135.3,135.3,135.3,135.3,135.3,135.3,135.3,135.3,135.3,135.3,135.3,135.3,135.3,135.3,135.3,135.3,135.3,135.3,135.3,135.3,135.3,135.3,135.3,135.3,135.3,135.3,135.3,135.3,135.3,135.3,135.3,135.3,135.3,135.3,135.3,135.3
2012-03-01,,,,,,,,,,,,,,,,,,,,,,,,,,137.3,137.4,137.2,137.2,137.2,137.2,137.2,137.2,137.2,137.2,137.2,137.2,137.2,137.2,137.2,137.2,137.2,137.2,137.2,137.2,137.2,137.2,137.2,137.2,137.2,137.2,137.2,137.2,137.2,137.2,137.2,137.2,137.2,137.2,137.2,137.2,137.2,137.2,137.2,137.2,137.2,137.2,137.2,137.2,137.2,137.2,137.2,137.2,137.2,137.2,137.2,137.2,137.2,137.2,137.2,137.2,137.2,137.2,137.2,137.2,137.2,137.2,137.2,137.2,137.2,137.2,137.2,137.2,137.2,137.2,137.2,137.2,137.2,137.2,137.2,137.2,137.2,137.2,137.2,137.2,137.2,137.2,137.2,137.2,137.2,137.2,137.2,137.2,137.2,137.2,137.2,137.2,137.2,137.2,137.2,137.2,137.2,137.2,137.2,137.2,137.2,137.2,137.2,137.2,137.2,137.2,137.2,137.2,137.2,137.2,137.2,137.2,137.2,137.2,137.2,137.2,137.2,137.2,137.2,137.2,137.2,137.2,137.2,137.2,137.2,137.2,137.2,137.2,137.2,137.2,137.2,137.2,137.2,137.2,137.2,137.2,137.2,137.2,137.2,137.2,137.2,137.2,137.2,137.2,137.2,137.2,137.2,137.2,137.2,137.2,137.2,137.2,137.2,137.2,137.2,137.2,137.2,137.2,137.2,137.2,137.2,137.2,137.2,137.2,137.2,137.2,137.2,137.2,137.2,137.2,137.2,137.2,137.2
2012-04-01,,,,,,,,,,,,,,,,,,,,,,,,,,,143.5,143.5,143.5,143.5,143.5,143.5,143.5,143.5,143.5,143.5,143.5,143.5,143.5,143.5,143.5,143.5,143.5,143.5,143.5,143.5,143.5,143.5,143.5,143.5,143.5,143.5,143.5,143.5,143.5,143.5,143.5,143.5,143.5,143.5,143.5,143.5,143.5,143.5,143.5,143.5,143.5,143.5,143.5,143.5,143.5,143.5,143.5,143.5,143.5,143.5,143.5,143.5,143.5,143.5,143.5,143.5,143.5,143.5,143.5,143.5,143.5,143.5,143.5,143.5,143.5,143.5,143.5,143.5,143.5,143.5,143.5,143.5,143.5,143.5,143.5,143.5,143.5,143.5,143.5,143.5,143.5,143.5,143.5,143.5,143.5,143.5,143.5,143.5,143.5,143.5,143.5,143.5,143.5,143.5,143.5,143.5,143.5,143.5,143.5,143.5,143.5,143.5,143.5,143.5,143.5,143.5,143.5,143.5,143.5,143.5,143.5,143.5,143.5,143.5,143.5,143.5,143.5,143.5,143.5,143.5,143.5,143.5,143.5,143.5,143.5,143.5,143.5,143.5,143.5,143.5,143.5,143.5,143.5,143.5,143.5,143.5,143.5,143.5,143.5,143.5,143.5,143.5,143.5,143.5,143.5,143.5,143.5,143.5,143.5,143.5,143.5,143.5,143.5,143.5,143.5,143.5,143.5,143.5,143.5,143.5,143.5,143.5,143.5,143.5,143.5,143.5,143.5,143.5,143.5,143.5,143.5,143.5
2012-05-01,,,,,,,,,,,,,,,,,,,,,,,,,,,,143.4,143.5,143.5,143.5,143.5,143.5,143.5,143.5,143.5,143.5,143.5,143.5,143.5,143.5,143.5,143.5,143.5,143.5,143.5,143.5,143.5,143.5,143.5,143.5,143.5,143.5,143.5,143.5,143.5,143.5,143.5,143.5,143.5,143.5,143.5,143.5,143.5,143.5,143.5,143.5,143.5,143.5,143.5,143.5,143.5,143.5,143.5,143.5,143.5,143.5,143.5,143.5,143.5,143.5,143.5,143.5,143.5,143.5,143.5,143.5,143.5,143.5,143.5,143.5,143.5,143.5,143.5,143.5,143.5,143.5,143.5,143.5,143.5,143.5,143.5,143.5,143.5,143.5,143.5,143.5,143.5,143.5,143.5,143.5,143.5,143.5,143.5,143.5,143.5,143.5,143.5,143.5,143.5,143.5,143.5,143.5,143.5,143.5,143.5,143.5,143.5,143.5,143.5,143.5,143.5,143.5,143.5,143.5,143.5,143.5,143.5,143.5,143.5,143.5,143.5,143.5,143.5,143.5,143.5,143.5,143.5,143.5,143.5,143.5,143.5,143.5,143.5,143.5,143.5,143.5,143.5,143.5,143.5,143.5,143.5,143.5,143.5,143.5,143.5,143.5,143.5,143.5,143.5,143.5,143.5,143.5,143.5,143.5,143.5,143.5,143.5,143.5,143.5,143.5,143.5,143.5,143.5,143.5,143.5,143.5,143.5,143.5,143.5,143.5,143.5,143.5,143.5,143.5,143.5,143.5,143.5
2012-06-01,,,,,,,,,,,,,,,,,,,,,,,,,,,,,142.5,142.5,142.5,142.5,142.5,142.5,142.5,142.5,142.5,142.5,142.5,142.5,142.5,142.5,142.5,142.5,142.5,142.5,142.5,142.5,142.5,142.5,142.5,142.5,142.5,142.5,142.5,142.5,142.5,142.5,142.5,142.5,142.5,142.5,142.5,142.5,142.5,142.5,142.5,142.5,142.5,142.5,142.5,142.5,142.5,142.5,142.5,142.5,142.5,142.5,142.5,142.5,142.5,142.5,142.5,142.5,142.5,142.5,142.5,142.5,142.5,142.5,142.5,142.5,142.5,142.5,142.5,142.5,142.5,142.5,142.5,142.5,142.5,142.5,142.5,142.5,142.5,142.5,142.5,142.5,142.5,142.5,142.5,142.5,142.5,142.5,142.5,142.5,142.5,142.5,142.5,142.5,142.5,142.5,142.5,142.5,142.5,142.5,142.5,142.5,142.5,142.5,142.5,142.5,142.5,142.5,142.5,142.5,142.5,142.5,142.5,142.5,142.5,142.5,142.5,142.5,142.5,142.5,142.5,142.5,142.5,142.5,142.5,142.5,142.5,142.5,142.5,142.5,142.5,142.5,142.5,142.5,142.5,142.5,142.5,142.5,142.5,142.5,142.5,142.5,142.5,142.5,142.5,142.5,142.5,142.5,142.5,142.5,142.5,142.5,142.5,142.5,142.5,142.5,142.5,142.5,142.5,142.5,142.5,142.5,142.5,142.5,142.5,142.5,142.5,142.5,142.5,142.5,142.5,142.5
2012-07-01,,,,,,,,,,,,,,,,,,,,,,,,,,,,,,136.5,136.5,136.5,136.5,136.5,136.5,136.5,136.5,136.5,136.5,136.5,136.5,136.5,136.5,136.5,136.5,136.5,136.5,136.5,136.5,136.5,136.5,136.5,136.5,136.5,136.5,136.5,136.5,136.5,136.5,136.5,136.5,136.5,136.5,136.5,136.5,136.5,136.5,136.5,136.5,136.5,136.5,136.5,136.5,136.5,136.5,136.5,136.5,136.5,136.5,136.5,136.5,136.5,136.5,136.5,136.5,136.5,136.5,136.5,136.5,136.5,136.5,136.5,136.5,136.5,136.5,136.5,136.5,136.5,136.5,136.5,136.5,136.5,136.5,136.5,136.5,136.5,136.5,136.5,136.5,136.5,136.5,136.5,136.5,136.5,136.5,136.5,136.5,136.5,136.5,136.5,136.5,136.5,136.5,136.5,136.5,136.5,136.5,136.5,136.5,136.5,136.5,136.5,136.5,136.5,136.5,136.5,136.5,136.5,136.5,136.5,136.5,136.5,136.5,136.5,136.5,136.5,136.5,136.5,136.5,136.5,136.5,136.5,136.5,136.5,136.5,136.5,136.5,136.5,136.5,136.5,136.5,136.5,136.5,136.5,136.5,136.5,136.5,136.5,136.5,136.5,136.5,136.5,136.5,136.5,136.5,136.5,136.5,136.5,136.5,136.5,136.5,136.5,136.5,136.5,136.5,136.5,136.5,136.5,136.5,136.5,136.5,136.5,136.5,136.5,136.5,136.5,136.5,136.5
2012-08-01,,,,,,,,,,,,,,,,,,,,,,,,,,,,,,,136.3,136.3,136.3,136.3,136.3,136.3,136.3,136.3,136.3,136.3,136.3,136.3,136.3,136.3,136.3,136.3,136.3,136.3,136.3,136.3,136.3,136.3,136.3,136.3,136.3,136.3,136.3,136.3,136.3,136.3,136.3,136.3,136.3,136.3,136.3,136.3,136.3,136.3,136.3,136.3,136.3,136.3,136.3,136.3,136.3,136.3,136.3,136.3,136.3,136.3,136.3,136.3,136.3,136.3,136.3,136.3,136.3,136.3,136.3,136.3,136.3,136.3,136.3,136.3,136.3,136.3,136.3,136.3,136.3,136.3,136.3,136.3,136.3,136.3,136.3,136.3,136.3,136.3,136.3,136.3,136.3,136.3,136.3,136.3,136.3,136.3,136.3,136.3,136.3,136.3,136.3,136.3,136.3,136.3,136.3,136.3,136.3,136.3,136.3,136.3,136.3,136.3,136.3,136.3,136.3,136.3,136.3,136.3,136.3,136.3,136.3,136.3,136.3,136.3,136.3,136.3,136.3,136.3,136.3,136.3,136.3,136.3,136.3,136.3,136.3,136.3,136.3,136.3,136.3,136.3,136.3,136.3,136.3,136.3,136.3,136.3,136.3,136.3,136.3,136.3,136.3,136.3,136.3,136.3,136.3,136.3,136.3,136.3,136.3,136.3,136.3,136.3,136.3,136.3,136.3,136.3,136.3,136.3,136.3,136.3,136.3,136.3,136.3,136.3,136.3,136.3,136.3,136.3
2012-09-01,,,,,,,,,,,,,,,,,,,,,,,,,,,,,,,,138.9,138.7,138.7,138.7,138.7,138.7,138.7,138.7,138.7,138.7,138.7,138.7,138.7,138.7,138.7,138.7,138.7,138.7,138.7,138.7,138.7,138.7,138.7,138.7,138.7,138.7,138.7,138.7,138.7,138.7,138.7,138.7,138.7,138.7,138.7,138.7,138.7,138.7,138.7,138.7,138.7,138.7,138.7,138.7,138.7,138.7,138.7,138.7,138.7,138.7,138.7,138.7,138.7,138.7,138.7,138.7,138.7,138.7,138.7,138.7,138.7,138.7,138.7,138.7,138.7,138.7,138.7,138.7,138.7,138.7,138.7,138.7,138.7,138.7,138.7,138.7,138.7,138.7,138.7,138.7,138.7,138.7,138.7,138.7,138.7,138.7,138.7,138.7,138.7,138.7,138.7,138.7,138.7,138.7,138.7,138.7,138.7,138.7,138.7,138.7,138.7,138.7,138.7,138.7,138.7,138.7,138.7,138.7,138.7,138.7,138.7,138.7,138.7,138.7,138.7,138.7,138.7,138.7,138.7,138.7,138.7,138.7,138.7,138.7,138.7,138.7,138.7,138.7,138.7,138.7,138.7,138.7,138.7,138.7,138.7,138.7,138.7,138.7,138.7,138.7,138.7,138.7,138.7,138.7,138.7,138.7,138.7,138.7,138.7,138.7,138.7,138.7,138.7,138.7,138.7,138.7,138.7,138.7,138.7,138.7,138.7,138.7,138.7,138.7,138.7,138.7,138.7
2012-10-01,,,,,,,,,,,,,,,,,,,,,,,,,,,,,,,,,140.1,140.1,139.9,139.9,139.9,139.9,139.9,139.9,139.9,139.9,139.9,139.9,139.9,139.9,139.9,139.9,139.9,139.9,139.9,139.9,139.9,139.9,139.9,139.9,139.9,139.9,139.9,139.9,139.9,139.9,139.9,139.9,139.9,139.9,139.9,139.9,139.9,139.9,139.9,139.9,139.9,139.9,139.9,139.9,139.9,139.9,139.9,139.9,139.9,139.9,139.9,139.9,139.9,139.9,139.9,139.9,139.9,139.9,139.9,139.9,139.9,139.9,139.9,139.9,139.9,139.9,139.9,139.9,139.9,139.9,139.9,139.9,139.9,139.9,139.9,139.9,139.9,139.9,139.9,139.9,139.9,139.9,139.9,139.9,139.9,139.9,139.9,139.9,139.9,139.9,139.9,139.9,139.9,139.9,139.9,139.9,139.9,139.9,139.9,139.9,139.9,139.9,139.9,139.9,139.9,139.9,139.9,139.9,139.9,139.9,139.9,139.9,139.9,139.9,139.9,139.9,139.9,139.9,139.9,139.9,139.9,139.9,139.9,139.9,139.9,139.9,139.9,139.9,139.9,139.9,139.9,139.9,139.9,139.9,139.9,139.9,139.9,139.9,139.9,139.9,139.9,139.9,139.9,139.9,139.9,139.9,139.9,139.9,139.9,139.9,139.9,139.9,139.9,139.9,139.9,139.9,139.9,139.9,139.9,139.9,139.9,139.9,139.9,139.9,139.9,139.9
2012-11-01,,,,,,,,,,,,,,,,,,,,,,,,,,,,,,,,,,143.1,143.1,143.1,143.1,143.1,143.1,143.1,143.1,143.1,143.1,143.1,143.1,143.1,143.1,143.1,143.1,143.1,143.1,143.1,143.1,143.1,143.1,143.1,143.1,143.1,143.1,143.1,143.1,143.1,143.1,143.1,143.1,143.1,143.1,143.1,143.1,143.1,143.1,143.1,143.1,143.1,143.1,143.1,143.1,143.1,143.1,143.1,143.1,143.1,143.1,143.1,143.1,143.1,143.1,143.1,143.1,143.1,143.1,143.1,143.1,143.1,143.1,143.1,143.1,143.1,143.1,143.1,143.1,143.1,143.1,143.1,143.1,143.1,143.1,143.1,143.1,143.1,143.1,143.1,143.1,143.1,143.1,143.1,143.1,143.1,143.1,143.1,143.1,143.1,143.1,143.1,143.1,143.1,143.1,143.1,143.1,143.1,143.1,143.1,143.1,143.1,143.1,143.1,143.1,143.1,143.1,143.1,143.1,143.1,143.1,143.1,143.1,143.1,143.1,143.1,143.1,143.1,143.1,143.1,143.1,143.1,143.1,143.1,143.1,143.1,143.1,143.1,143.1,143.1,143.1,143.1,143.1,143.1,143.1,143.1,143.1,143.1,143.1,143.1,143.1,143.1,143.1,143.1,143.1,143.1,143.1,143.1,143.1,143.1,143.1,143.1,143.1,143.1,143.1,143.1,143.1,143.1,143.1,143.1,143.1,143.1,143.1,143.1,143.1,143.1
2012-12-01,,,,,,,,,,,,,,,,,,,,,,,,,,,,,,,,,,,141.6,141.6,141.6,141.6,141.6,141.6,141.6,141.6,141.6,141.6,141.6,141.6,141.6,141.6,141.6,141.6,141.6,141.6,141.6,141.6,141.6,141.6,141.6,141.6,141.6,141.6,141.6,141.6,141.6,141.6,141.6,141.6,141.6,141.6,141.6,141.6,141.6,141.6,141.6,141.6,141.6,141.6,141.6,141.6,141.6,141.6,141.6,141.6,141.6,141.6,141.6,141.6,141.6,141.6,141.6,141.6,141.6,141.6,141.6,141.6,141.6,141.6,141.6,141.6,141.6,141.6,141.6,141.6,141.6,141.6,141.6,141.6,141.6,141.6,141.6,141.6,141.6,141.6,141.6,141.6,141.6,141.6,141.6,141.6,141.6,141.6,141.6,141.6,141.6,141.6,141.6,141.6,141.6,141.6,141.6,141.6,141.6,141.6,141.6,141.6,141.6,141.6,141.6,141.6,141.6,141.6,141.6,141.6,141.6,141.6,141.6,141.6,141.6,141.6,141.6,141.6,141.6,141.6,141.6,141.6,141.6,141.6,141.6,141.6,141.6,141.6,141.6,141.6,141.6,141.6,141.6,141.6,141.6,141.6,141.6,141.6,141.6,141.6,141.6,141.6,141.6,141.6,141.6,141.6,141.6,141.6,141.6,141.6,141.6,141.6,141.6,141.6,141.6,141.6,141.6,141.6,141.6,141.6,141.6,141.6,141.6,141.6,141.6,141.6
2013-01-01,,,,,,,,,,,,,,,,,,,,,,,,,,,,,,,,,,,,141.8,141.1,141.1,141.1,141.1,141.1,141.1,141.1,141.1,141.1,141.1,141.1,141.1,141.1,141.1,141.1,141.1,141.1,141.1,141.1,141.1,141.1,141.1,141.1,141.1,141.1,141.1,141.1,141.1,141.1,141.1,141.1,141.1,141.1,141.1,141.1,141.1,141.1,141.1,141.1,141.1,141.1,141.1,141.1,141.1,141.1,141.1,141.1,141.1,141.1,141.1,141.1,141.1,141.1,141.1,141.1,141.1,141.1,141.1,141.1,141.1,141.1,141.1,141.1,141.1,141.1,141.1,141.1,141.1,141.1,141.1,141.1,141.1,141.1,141.1,141.1,141.1,141.1,141.1,141.1,141.1,141.1,141.1,141.1,141.1,141.1,141.1,141.1,141.1,141.1,141.1,141.1,141.1,141.1,141.1,141.1,141.1,141.1,141.1,141.1,141.1,141.1,141.1,141.1,141.1,141.1,141.1,141.1,141.1,141.1,141.1,141.1,141.1,141.1,141.1,141.1,141.1,141.1,141.1,141.1,141.1,141.1,141.1,141.1,141.1,141.1,141.1,141.1,141.1,141.1,141.1,141.1,141.1,141.1,141.1,141.1,141.1,141.1,141.1,141.1,141.1,141.1,141.1,141.1,141.1,141.1,141.1,141.1,141.1,141.1,141.1,141.1,141.1,141.1,141.1,141.1,141.1,141.1,141.1,141.1,141.1,141.1,141.1
2013-02-01,,,,,,,,,,,,,,,,,,,,,,,,,,,,,,,,,,,,,141.3,141.3,141.3,141.3,141.3,141.3,141.3,141.3,141.3,141.3,141.3,141.3,141.3,141.3,141.3,141.3,141.3,141.3,141.3,141.3,141.3,141.3,141.3,141.3,141.3,141.3,141.3,141.3,141.3,141.3,141.3,141.3,141.3,141.3,141.3,141.3,141.3,141.3,141.3,141.3,141.3,141.3,141.3,141.3,141.3,141.3,141.3,141.3,141.3,141.3,141.3,141.3,141.3,141.3,141.3,141.3,141.3,141.3,141.3,141.3,141.3,141.3,141.3,141.3,141.3,141.3,141.3,141.3,141.3,141.3,141.3,141.3,141.3,141.3,141.3,141.3,141.3,141.3,141.3,141.3,141.3,141.3,141.3,141.3,141.3,141.3,141.3,141.3,141.3,141.3,141.3,141.3,141.3,141.3,141.3,141.3,141.3,141.3,141.3,141.3,141.3,141.3,141.3,141.3,141.3,141.3,141.3,141.3,141.3,141.3,141.3,141.3,141.3,141.3,141.3,141.3,141.3,141.3,141.3,141.3,141.3,141.3,141.3,141.3,141.3,141.3,141.3,141.3,141.3,141.3,141.3,141.3,141.3,141.3,141.3,141.3,141.3,141.3,141.3,141.3,141.3,141.3,141.3,141.3,141.3,141.3,141.3,141.3,141.3,141.3,141.3,141.3,141.3,141.3,141.3,141.3,141.3,141.3,141.3,141.3,141.3,141.3
2013-03-01,,,,,,,,,,,,,,,,,,,,,,,,,,,,,,,,,,,,,,142.8,142.8,142.8,142.8,142.8,142.8,142.8,142.8,142.8,142.8,142.8,142.8,142.8,142.8,142.8,142.8,142.8,142.8,142.8,142.8,142.8,142.8,142.8,142.8,142.8,142.8,142.8,142.8,142.8,142.8,142.8,142.8,142.8,142.8,142.8,142.8,142.8,142.8,142.8,142.8,142.8,142.8,142.8,142.8,142.8,142.8,142.8,142.8,142.8,142.8,142.8,142.8,142.8,142.8,142.8,142.8,142.8,142.8,142.8,142.8,142.8,142.8,142.8,142.8,142.8,142.8,142.8,142.8,142.8,142.8,142.8,142.8,142.8,142.8,142.8,142.8,142.8,142.8,142.8,142.8,142.8,142.8,142.8,142.8,142.8,142.8,142.8,142.8,142.8,142.8,142.8,142.8,142.8,142.8,142.8,142.8,142.8,142.8,142.8,142.8,142.8,142.8,142.8,142.8,142.8,142.8,142.8,142.8,142.8,142.8,142.8,142.8,142.8,142.8,142.8,142.8,142.8,142.8,142.8,142.8,142.8,142.8,142.8,142.8,142.8,142.8,142.8,142.8,142.8,142.8,142.8,142.8,142.8,142.8,142.8,142.8,142.8,142.8,142.8,142.8,142.8,142.8,142.8,142.8,142.8,142.8,142.8,142.8,142.8,142.8,142.8,142.8,142.8,142.8,142.8,142.8,142.8,142.8,142.8,142.8,142.8
2013-04-01,,,,,,,,,,,,,,,,,,,,,,,,,,,,,,,,,,,,,,,143.0,143.0,142.9,142.9,142.9,142.9,142.9,142.9,142.9,142.9,142.9,142.9,142.9,142.9,142.9,142.9,142.9,142.9,142.9,142.9,142.9,142.9,142.9,142.9,142.9,142.9,142.9,142.9,142.9,142.9,142.9,142.9,142.9,142.9,142.9,142.9,142.9,142.9,142.9,142.9,142.9,142.9,142.9,142.9,142.9,142.9,142.9,142.9,142.9,142.9,142.9,142.9,142.9,142.9,142.9,142.9,142.9,142.9,142.9,142.9,142.9,142.9,142.9,142.9,142.9,142.9,142.9,142.9,142.9,142.9,142.9,142.9,142.9,142.9,142.9,142.9,142.9,142.9,142.9,142.9,142.9,142.9,142.9,142.9,142.9,142.9,142.9,142.9,142.9,142.9,142.9,142.9,142.9,142.9,142.9,142.9,142.9,142.9,142.9,142.9,142.9,142.9,142.9,142.9,142.9,142.9,142.9,142.9,142.9,142.9,142.9,142.9,142.9,142.9,142.9,142.9,142.9,142.9,142.9,142.9,142.9,142.9,142.9,142.9,142.9,142.9,142.9,142.9,142.9,142.9,142.9,142.9,142.9,142.9,142.9,142.9,142.9,142.9,142.9,142.9,142.9,142.9,142.9,142.9,142.9,142.9,142.9,142.9,142.9,142.9,142.9,142.9,142.9,142.9,142.9,142.9,142.9,142.9,142.9,142.9
2013-05-01,,,,,,,,,,,,,,,,,,,,,,,,,,,,,,,,,,,,,,,,141.0,140.9,141.0,141.0,141.0,141.0,141.0,141.0,141.0,141.0,141.0,141.0,141.0,141.0,141.0,141.0,141.0,141.0,141.0,141.0,141.0,141.0,141.0,141.0,141.0,141.0,141.0,141.0,141.0,141.0,141.0,141.0,141.0,141.0,141.0,141.0,141.0,141.0,141.0,141.0,141.0,141.0,141.0,141.0,141.0,141.0,141.0,141.0,141.0,141.0,141.0,141.0,141.0,141.0,141.0,141.0,141.0,141.0,141.0,141.0,141.0,141.0,141.0,141.0,141.0,141.0,141.0,141.0,141.0,141.0,141.0,141.0,141.0,141.0,141.0,141.0,141.0,141.0,141.0,141.0,141.0,141.0,141.0,141.0,141.0,141.0,141.0,141.0,141.0,141.0,141.0,141.0,141.0,141.0,141.0,141.0,141.0,141.0,141.0,141.0,141.0,141.0,141.0,141.0,141.0,141.0,141.0,141.0,141.0,141.0,141.0,141.0,141.0,141.0,141.0,141.0,141.0,141.0,141.0,141.0,141.0,141.0,141.0,141.0,141.0,141.0,141.0,141.0,141.0,141.0,141.0,141.0,141.0,141.0,141.0,141.0,141.0,141.0,141.0,141.0,141.0,141.0,141.0,141.0,141.0,141.0,141.0,141.0,141.0,141.0,141.0,141.0,141.0,141.0,141.0,141.0,141.0,141.0,141.0
2013-06-01,,,,,,,,,,,,,,,,,,,,,,,,,,,,,,,,,,,,,,,,,138.4,138.4,138.4,138.4,138.4,138.4,138.4,138.4,138.4,138.4,138.4,138.4,138.4,138.4,138.4,138.4,138.4,138.4,138.4,138.4,138.4,138.4,138.4,138.4,138.4,138.4,138.4,138.4,138.4,138.4,138.4,138.4,138.4,138.4,138.4,138.4,138.4,138.4,138.4,138.4,138.4,138.4,138.4,138.4,138.4,138.4,138.4,138.4,138.4,138.4,138.4,138.4,138.4,138.4,138.4,138.4,138.4,138.4,138.4,138.4,138.4,138.4,138.4,138.4,138.4,138.4,138.4,138.4,138.4,138.4,138.4,138.4,138.4,138.4,138.4,138.4,138.4,138.4,138.4,138.4,138.4,138.4,138.4,138.4,138.4,138.4,138.4,138.4,138.4,138.4,138.4,138.4,138.4,138.4,138.4,138.4,138.4,138.4,138.4,138.4,138.4,138.4,138.4,138.4,138.4,138.4,138.4,138.4,138.4,138.4,138.4,138.4,138.4,138.4,138.4,138.4,138.4,138.4,138.4,138.4,138.4,138.4,138.4,138.4,138.4,138.4,138.4,138.4,138.4,138.4,138.4,138.4,138.4,138.4,138.4,138.4,138.4,138.4,138.4,138.4,138.4,138.4,138.4,138.4,138.4,138.4,138.4,138.4,138.4,138.4,138.4,138.4,138.4,138.4,138.4,138.4,138.4,138.4
2013-07-01,,,,,,,,,,,,,,,,,,,,,,,,,,,,,,,,,,,,,,,,,,138.1,138.1,138.8,138.8,138.8,138.8,138.8,138.8,138.8,138.8,138.8,138.8,138.8,138.8,138.8,138.8,138.8,138.8,138.8,138.8,138.8,138.8,138.8,138.8,138.8,138.8,138.8,138.8,138.8,138.8,138.8,138.8,138.8,138.8,138.8,138.8,138.8,138.8,138.8,138.8,138.8,138.8,138.8,138.8,138.8,138.8,138.8,138.8,138.8,138.8,138.8,138.8,138.8,138.8,138.8,138.8,138.8,138.8,138.8,138.8,138.8,138.8,138.8,138.8,138.8,138.8,138.8,138.8,138.8,138.8,138.8,138.8,138.8,138.8,138.8,138.8,138.8,138.8,138.8,138.8,138.8,138.8,138.8,138.8,138.8,138.8,138.8,138.8,138.8,138.8,138.8,138.8,138.8,138.8,138.8,138.8,138.8,138.8,138.8,138.8,138.8,138.8,138.8,138.8,138.8,138.8,138.8,138.8,138.8,138.8,138.8,138.8,138.8,138.8,138.8,138.8,138.8,138.8,138.8,138.8,138.8,138.8,138.8,138.8,138.8,138.8,138.8,138.8,138.8,138.8,138.8,138.8,138.8,138.8,138.8,138.8,138.8,138.8,138.8,138.8,138.8,138.8,138.8,138.8,138.8,138.8,138.8,138.8,138.8,138.8,138.8,138.8,138.8,138.8,138.8,138.8,138.8
2013-08-01,,,,,,,,,,,,,,,,,,,,,,,,,,,,,,,,,,,,,,,,,,,138.7,139.1,139.1,139.1,139.1,139.1,139.1,139.1,139.1,139.1,139.1,139.1,139.1,139.1,139.1,139.1,139.1,139.1,139.1,139.1,139.1,139.1,139.1,139.1,139.1,139.1,139.1,139.1,139.1,139.1,139.1,139.1,139.1,139.1,139.1,139.1,139.1,139.1,139.1,139.1,139.1,139.1,139.1,139.1,139.1,139.1,139.1,139.1,139.1,139.1,139.1,139.1,139.1,139.1,139.1,139.1,139.1,139.1,139.1,139.1,139.1,139.1,139.1,139.1,139.1,139.1,139.1,139.1,139.1,139.1,139.1,139.1,139.1,139.1,139.1,139.1,139.1,139.1,139.1,139.1,139.1,139.1,139.1,139.1,139.1,139.1,139.1,139.1,139.1,139.1,139.1,139.1,139.1,139.1,139.1,139.1,139.1,139.1,139.1,139.1,139.1,139.1,139.1,139.1,139.1,139.1,139.1,139.1,139.1,139.1,139.1,139.1,139.1,139.1,139.1,139.1,139.1,139.1,139.1,139.1,139.1,139.1,139.1,139.1,139.1,139.1,139.1,139.1,139.1,139.1,139.1,139.1,139.1,139.1,139.1,139.1,139.1,139.1,139.1,139.1,139.1,139.1,139.1,139.1,139.1,139.1,139.1,139.1,139.1,139.1,139.1,139.1,139.1,139.1,139.1,139.1
2013-09-01,,,,,,,,,,,,,,,,,,,,,,,,,,,,,,,,,,,,,,,,,,,,139.1,139.0,139.0,139.0,139.0,139.0,139.0,139.0,139.0,139.0,139.0,139.0,139.0,139.0,139.0,139.0,139.0,139.0,139.0,139.0,139.0,139.0,139.0,139.0,139.0,139.0,139.0,139.0,139.0,139.0,139.0,139.0,139.0,139.0,139.0,139.0,139.0,139.0,139.0,139.0,139.0,139.0,139.0,139.0,139.0,139.0,139.0,139.0,139.0,139.0,139.0,139.0,139.0,139.0,139.0,139.0,139.0,139.0,139.0,139.0,139.0,139.0,139.0,139.0,139.0,139.0,139.0,139.0,139.0,139.0,139.0,139.0,139.0,139.0,139.0,139.0,139.0,139.0,139.0,139.0,139.0,139.0,139.0,139.0,139.0,139.0,139.0,139.0,139.0,139.0,139.0,139.0,139.0,139.0,139.0,139.0,139.0,139.0,139.0,139.0,139.0,139.0,139.0,139.0,139.0,139.0,139.0,139.0,139.0,139.0,139.0,139.0,139.0,139.0,139.0,139.0,139.0,139.0,139.0,139.0,139.0,139.0,139.0,139.0,139.0,139.0,139.0,139.0,139.0,139.0,139.0,139.0,139.0,139.0,139.0,139.0,139.0,139.0,139.0,139.0,139.0,139.0,139.0,139.0,139.0,139.0,139.0,139.0,139.0,139.0,139.0,139.0,139.0,139.0,139.0
2013-10-01,,,,,,,,,,,,,,,,,,,,,,,,,,,,,,,,,,,,,,,,,,,,,139.5,139.5,139.5,139.5,139.5,139.5,139.5,139.5,139.5,139.5,139.5,139.5,139.5,139.5,139.5,139.5,139.5,139.5,139.5,139.5,139.5,139.5,139.5,139.5,139.5,139.5,139.5,139.5,139.5,139.5,139.5,139.5,139.5,139.5,139.5,139.5,139.5,139.5,139.5,139.5,139.5,139.5,139.5,139.5,139.5,139.5,139.5,139.5,139.5,139.5,139.5,139.5,139.5,139.5,139.5,139.5,139.5,139.5,139.5,139.5,139.5,139.5,139.5,139.5,139.5,139.5,139.5,139.5,139.5,139.5,139.5,139.5,139.5,139.5,139.5,139.5,139.5,139.5,139.5,139.5,139.5,139.5,139.5,139.5,139.5,139.5,139.5,139.5,139.5,139.5,139.5,139.5,139.5,139.5,139.5,139.5,139.5,139.5,139.5,139.5,139.5,139.5,139.5,139.5,139.5,139.5,139.5,139.5,139.5,139.5,139.5,139.5,139.5,139.5,139.5,139.5,139.5,139.5,139.5,139.5,139.5,139.5,139.5,139.5,139.5,139.5,139.5,139.5,139.5,139.5,139.5,139.5,139.5,139.5,139.5,139.5,139.5,139.5,139.5,139.5,139.5,139.5,139.5,139.5,139.5,139.5,139.5,139.5,139.5,139.5,139.5,139.5,139.5,139.5
2013-11-01,,,,,,,,,,,,,,,,,,,,,,,,,,,,,,,,,,,,,,,,,,,,,,139.3,139.3,139.3,138.9,138.9,138.9,138.9,138.9,138.9,138.9,138.9,138.9,138.9,138.9,138.9,138.9,138.9,138.9,138.9,138.9,138.9,138.9,138.9,138.9,138.9,138.9,138.9,138.9,138.9,138.9,138.9,138.9,138.9,138.9,138.9,138.9,138.9,138.9,138.9,138.9,138.9,138.9,138.9,138.9,138.9,138.9,138.9,138.9,138.9,138.9,138.9,138.9,138.9,138.9,138.9,138.9,138.9,138.9,138.9,138.9,138.9,138.9,138.9,138.9,138.9,138.9,138.9,138.9,138.9,138.9,138.9,138.9,138.9,138.9,138.9,138.9,138.9,138.9,138.9,138.9,138.9,138.9,138.9,138.9,138.9,138.9,138.9,138.9,138.9,138.9,138.9,138.9,138.9,138.9,138.9,138.9,138.9,138.9,138.9,138.9,138.9,138.9,138.9,138.9,138.9,138.9,138.9,138.9,138.9,138.9,138.9,138.9,138.9,138.9,138.9,138.9,138.9,138.9,138.9,138.9,138.9,138.9,138.9,138.9,138.9,138.9,138.9,138.9,138.9,138.9,138.9,138.9,138.9,138.9,138.9,138.9,138.9,138.9,138.9,138.9,138.9,138.9,138.9,138.9,138.9,138.9,138.9,138.9,138.9,138.9,138.9,138.9,138.9
2013-12-01,,,,,,,,,,,,,,,,,,,,,,,,,,,,,,,,,,,,,,,,,,,,,,,139.6,139.6,139.2,139.2,139.2,139.2,139.2,139.2,139.2,139.2,139.2,139.2,139.2,139.2,139.2,139.2,139.2,139.2,139.2,139.2,139.2,139.2,139.2,139.2,139.2,139.2,139.2,139.2,139.2,139.2,139.2,139.2,139.2,139.2,139.2,139.2,139.2,139.2,139.2,139.2,139.2,139.2,139.2,139.2,139.2,139.2,139.2,139.2,139.2,139.2,139.2,139.2,139.2,139.2,139.2,139.2,139.2,139.2,139.2,139.2,139.2,139.2,139.2,139.2,139.2,139.2,139.2,139.2,139.2,139.2,139.2,139.2,139.2,139.2,139.2,139.2,139.2,139.2,139.2,139.2,139.2,139.2,139.2,139.2,139.2,139.2,139.2,139.2,139.2,139.2,139.2,139.2,139.2,139.2,139.2,139.2,139.2,139.2,139.2,139.2,139.2,139.2,139.2,139.2,139.2,139.2,139.2,139.2,139.2,139.2,139.2,139.2,139.2,139.2,139.2,139.2,139.2,139.2,139.2,139.2,139.2,139.2,139.2,139.2,139.2,139.2,139.2,139.2,139.2,139.2,139.2,139.2,139.2,139.2,139.2,139.2,139.2,139.2,139.2,139.2,139.2,139.2,139.2,139.2,139.2,139.2,139.2,139.2,139.2,139.2,139.2,139.2
2014-01-01,,,,,,,,,,,,,,,,,,,,,,,,,,,,,,,,,,,,,,,,,,,,,,,,140.6,140.3,140.3,140.3,140.3,140.3,140.3,140.3,140.3,140.3,140.3,140.3,140.3,140.3,140.3,140.3,140.3,140.3,140.3,140.3,140.3,140.3,140.3,140.3,140.3,140.3,140.3,140.3,140.3,140.3,140.3,140.3,140.3,140.3,140.3,140.3,140.3,140.3,140.3,140.3,140.3,140.3,140.3,140.3,140.3,140.3,140.3,140.3,140.3,140.3,140.3,140.3,140.3,140.3,140.3,140.3,140.3,140.3,140.3,140.3,140.3,140.3,140.3,140.3,140.3,140.3,140.3,140.3,140.3,140.3,140.3,140.3,140.3,140.3,140.3,140.3,140.3,140.3,140.3,140.3,140.3,140.3,140.3,140.3,140.3,140.3,140.3,140.3,140.3,140.3,140.3,140.3,140.3,140.3,140.3,140.3,140.3,140.3,140.3,140.3,140.3,140.3,140.3,140.3,140.3,140.3,140.3,140.3,140.3,140.3,140.3,140.3,140.3,140.3,140.3,140.3,140.3,140.3,140.3,140.3,140.3,140.3,140.3,140.3,140.3,140.3,140.3,140.3,140.3,140.3,140.3,140.3,140.3,140.3,140.3,140.3,140.3,140.3,140.3,140.3,140.3,140.3,140.3,140.3,140.3,140.3,140.3,140.3,140.3,140.3,140.3
2014-02-01,,,,,,,,,,,,,,,,,,,,,,,,,,,,,,,,,,,,,,,,,,,,,,,,,140.5,140.5,140.5,140.5,140.5,140.5,140.5,140.5,140.5,140.5,140.5,140.5,140.5,140.5,140.5,140.5,140.5,140.5,140.5,140.5,140.5,140.5,140.5,140.5,140.5,140.5,140.5,140.5,140.5,140.5,140.5,140.5,140.5,140.5,140.5,140.5,140.5,140.5,140.5,140.5,140.5,140.5,140.5,140.5,140.5,140.5,140.5,140.5,140.5,140.5,140.5,140.5,140.5,140.5,140.5,140.5,140.5,140.5,140.5,140.5,140.5,140.5,140.5,140.5,140.5,140.5,140.5,140.5,140.5,140.5,140.5,140.5,140.5,140.5,140.5,140.5,140.5,140.5,140.5,140.5,140.5,140.5,140.5,140.5,140.5,140.5,140.5,140.5,140.5,140.5,140.5,140.5,140.5,140.5,140.5,140.5,140.5,140.5,140.5,140.5,140.5,140.5,140.5,140.5,140.5,140.5,140.5,140.5,140.5,140.5,140.5,140.5,140.5,140.5,140.5,140.5,140.5,140.5,140.5,140.5,140.5,140.5,140.5,140.5,140.5,140.5,140.5,140.5,140.5,140.5,140.5,140.5,140.5,140.5,140.5,140.5,140.5,140.5,140.5,140.5,140.5,140.5,140.5,140.5,140.5,140.5,140.5,140.5,140.5,140.5
2014-03-01,,,,,,,,,,,,,,,,,,,,,,,,,,,,,,,,,,,,,,,,,,,,,,,,,,141.5,141.5,141.5,141.5,141.5,141.5,141.5,141.5,141.5,141.5,141.5,141.5,141.5,141.5,141.5,141.5,141.5,141.5,141.5,141.5,141.5,141.5,141.5,141.5,141.5,141.5,141.5,141.5,141.5,141.5,141.5,141.5,141.5,141.5,141.5,141.5,141.5,141.5,141.5,141.5,141.5,141.5,141.5,141.5,141.5,141.5,141.5,141.5,141.5,141.5,141.5,141.5,141.5,141.5,141.5,141.5,141.5,141.5,141.5,141.5,141.5,141.5,141.5,141.5,141.5,141.5,141.5,141.5,141.5,141.5,141.5,141.5,141.5,141.5,141.5,141.5,141.5,141.5,141.5,141.5,141.5,141.5,141.5,141.5,141.5,141.5,141.5,141.5,141.5,141.5,141.5,141.5,141.5,141.5,141.5,141.5,141.5,141.5,141.5,141.5,141.5,141.5,141.5,141.5,141.5,141.5,141.5,141.5,141.5,141.5,141.5,141.5,141.5,141.5,141.5,141.5,141.5,141.5,141.5,141.5,141.5,141.5,141.5,141.5,141.5,141.5,141.5,141.5,141.5,141.5,141.5,141.5,141.5,141.5,141.5,141.5,141.5,141.5,141.5,141.5,141.5,141.5,141.5,141.5,141.5,141.5,141.5,141.5,141.5
2014-04-01,,,,,,,,,,,,,,,,,,,,,,,,,,,,,,,,,,,,,,,,,,,,,,,,,,,141.0,141.0,141.0,141.0,141.0,141.0,141.0,141.0,141.0,141.0,141.0,141.0,141.0,141.0,141.0,141.0,141.0,141.0,141.0,141.0,141.0,141.0,141.0,141.0,141.0,141.0,141.0,141.0,141.0,141.0,141.0,141.0,141.0,141.0,141.0,141.0,141.0,141.0,141.0,141.0,141.0,141.0,141.0,141.0,141.0,141.0,141.0,141.0,141.0,141.0,141.0,141.0,141.0,141.0,141.0,141.0,141.0,141.0,141.0,141.0,141.0,141.0,141.0,141.0,141.0,141.0,141.0,141.0,141.0,141.0,141.0,141.0,141.0,141.0,141.0,141.0,141.0,141.0,141.0,141.0,141.0,141.0,141.0,141.0,141.0,141.0,141.0,141.0,141.0,141.0,141.0,141.0,141.0,141.0,141.0,141.0,141.0,141.0,141.0,141.0,141.0,141.0,141.0,141.0,141.0,141.0,141.0,141.0,141.0,141.0,141.0,141.0,141.0,141.0,141.0,141.0,141.0,141.0,141.0,141.0,141.0,141.0,141.0,141.0,141.0,141.0,141.0,141.0,141.0,141.0,141.0,141.0,141.0,141.0,141.0,141.0,141.0,141.0,141.0,141.0,141.0,141.0,141.0,141.0,141.0,141.0,141.0,141.0
2014-05-01,,,,,,,,,,,,,,,,,,,,,,,,,,,,,,,,,,,,,,,,,,,,,,,,,,,,145.3,145.1,145.1,145.1,145.1,145.1,145.1,145.1,145.1,145.1,145.1,145.1,145.1,145.1,145.1,145.1,145.1,145.1,145.1,145.1,145.1,145.1,145.1,145.1,145.1,145.1,145.1,145.1,145.1,145.1,145.1,145.1,145.1,145.1,145.1,145.1,145.1,145.1,145.1,145.1,145.1,145.1,145.1,145.1,145.1,145.1,145.1,145.1,145.1,145.1,145.1,145.1,145.1,145.1,145.1,145.1,145.1,145.1,145.1,145.1,145.1,145.1,145.1,145.1,145.1,145.1,145.1,145.1,145.1,145.1,145.1,145.1,145.1,145.1,145.1,145.1,145.1,145.1,145.1,145.1,145.1,145.1,145.1,145.1,145.1,145.1,145.1,145.1,145.1,145.1,145.1,145.1,145.1,145.1,145.1,145.1,145.1,145.1,145.1,145.1,145.1,145.1,145.1,145.1,145.1,145.1,145.1,145.1,145.1,145.1,145.1,145.1,145.1,145.1,145.1,145.1,145.1,145.1,145.1,145.1,145.1,145.1,145.1,145.1,145.1,145.1,145.1,145.1,145.1,145.1,145.1,145.1,145.1,145.1,145.1,145.1,145.1,145.1,145.1,145.1,145.1,145.1,145.1,145.1,145.1,145.1,145.1
2014-06-01,,,,,,,,,,,,,,,,,,,,,,,,,,,,,,,,,,,,,,,,,,,,,,,,,,,,,145.2,145.2,145.2,145.2,145.2,145.2,145.2,145.2,145.2,145.2,145.2,145.2,145.2,145.2,145.2,145.2,145.2,145.2,145.2,145.2,145.2,145.2,145.2,145.2,145.2,145.2,145.2,145.2,145.2,145.2,145.2,145.2,145.2,145.2,145.2,145.2,145.2,145.2,145.2,145.2,145.2,145.2,145.2,145.2,145.2,145.2,145.2,145.2,145.2,145.2,145.2,145.2,145.2,145.2,145.2,145.2,145.2,145.2,145.2,145.2,145.2,145.2,145.2,145.2,145.2,145.2,145.2,145.2,145.2,145.2,145.2,145.2,145.2,145.2,145.2,145.2,145.2,145.2,145.2,145.2,145.2,145.2,145.2,145.2,145.2,145.2,145.2,145.2,145.2,145.2,145.2,145.2,145.2,145.2,145.2,145.2,145.2,145.2,145.2,145.2,145.2,145.2,145.2,145.2,145.2,145.2,145.2,145.2,145.2,145.2,145.2,145.2,145.2,145.2,145.2,145.2,145.2,145.2,145.2,145.2,145.2,145.2,145.2,145.2,145.2,145.2,145.2,145.2,145.2,145.2,145.2,145.2,145.2,145.2,145.2,145.2,145.2,145.2,145.2,145.2,145.2,145.2,145.2,145.2,145.2,145.2
2014-07-01,,,,,,,,,,,,,,,,,,,,,,,,,,,,,,,,,,,,,,,,,,,,,,,,,,,,,,145.2,145.2,145.2,145.0,145.0,145.0,145.0,145.0,145.0,145.0,145.0,145.0,145.0,145.0,145.0,145.0,145.0,145.0,145.0,145.0,145.0,145.0,145.0,145.0,145.0,145.0,145.0,145.0,145.0,145.0,145.0,145.0,145.0,145.0,145.0,145.0,145.0,145.0,145.0,145.0,145.0,145.0,145.0,145.0,145.0,145.0,145.0,145.0,145.0,145.0,145.0,145.0,145.0,145.0,145.0,145.0,145.0,145.0,145.0,145.0,145.0,145.0,145.0,145.0,145.0,145.0,145.0,145.0,145.0,145.0,145.0,145.0,145.0,145.0,145.0,145.0,145.0,145.0,145.0,145.0,145.0,145.0,145.0,145.0,145.0,145.0,145.0,145.0,145.0,145.0,145.0,145.0,145.0,145.0,145.0,145.0,145.0,145.0,145.0,145.0,145.0,145.0,145.0,145.0,145.0,145.0,145.0,145.0,145.0,145.0,145.0,145.0,145.0,145.0,145.0,145.0,145.0,145.0,145.0,145.0,145.0,145.0,145.0,145.0,145.0,145.0,145.0,145.0,145.0,145.0,145.0,145.0,145.0,145.0,145.0,145.0,145.0,145.0,145.0,145.0,145.0,145.0,145.0,145.0,145.0
2014-08-01,,,,,,,,,,,,,,,,,,,,,,,,,,,,,,,,,,,,,,,,,,,,,,,,,,,,,,,145.2,145.2,145.0,145.0,145.0,145.0,145.0,145.0,145.0,145.0,145.0,145.0,145.0,145.0,145.0,145.0,145.0,145.0,145.0,145.0,145.0,145.0,145.0,145.0,145.0,145.0,145.0,145.0,145.0,145.0,145.0,145.0,145.0,145.0,145.0,145.0,145.0,145.0,145.0,145.0,145.0,145.0,145.0,145.0,145.0,145.0,145.0,145.0,145.0,145.0,145.0,145.0,145.0,145.0,145.0,145.0,145.0,145.0,145.0,145.0,145.0,145.0,145.0,145.0,145.0,145.0,145.0,145.0,145.0,145.0,145.0,145.0,145.0,145.0,145.0,145.0,145.0,145.0,145.0,145.0,145.0,145.0,145.0,145.0,145.0,145.0,145.0,145.0,145.0,145.0,145.0,145.0,145.0,145.0,145.0,145.0,145.0,145.0,145.0,145.0,145.0,145.0,145.0,145.0,145.0,145.0,145.0,145.0,145.0,145.0,145.0,145.0,145.0,145.0,145.0,145.0,145.0,145.0,145.0,145.0,145.0,145.0,145.0,145.0,145.0,145.0,145.0,145.0,145.0,145.0,145.0,145.0,145.0,145.0,145.0,145.0,145.0,145.0,145.0,145.0,145.0,145.0,145.0,145.0
2014-09-01,,,,,,,,,,,,,,,,,,,,,,,,,,,,,,,,,,,,,,,,,,,,,,,,,,,,,,,,145.1,144.9,144.9,144.9,144.9,144.9,144.9,144.9,144.9,144.9,144.9,144.9,144.9,144.9,144.9,144.9,144.9,144.9,144.9,144.9,144.9,144.9,144.9,144.9,144.9,144.9,144.9,144.9,144.9,144.9,144.9,144.9,144.9,144.9,144.9,144.9,144.9,144.9,144.9,144.9,144.9,144.9,144.9,144.9,144.9,144.9,144.9,144.9,144.9,144.9,144.9,144.9,144.9,144.9,144.9,144.9,144.9,144.9,144.9,144.9,144.9,144.9,144.9,144.9,144.9,144.9,144.9,144.9,144.9,144.9,144.9,144.9,144.9,144.9,144.9,144.9,144.9,144.9,144.9,144.9,144.9,144.9,144.9,144.9,144.9,144.9,144.9,144.9,144.9,144.9,144.9,144.9,144.9,144.9,144.9,144.9,144.9,144.9,144.9,144.9,144.9,144.9,144.9,144.9,144.9,144.9,144.9,144.9,144.9,144.9,144.9,144.9,144.9,144.9,144.9,144.9,144.9,144.9,144.9,144.9,144.9,144.9,144.9,144.9,144.9,144.9,144.9,144.9,144.9,144.9,144.9,144.9,144.9,144.9,144.9,144.9,144.9,144.9,144.9,144.9,144.9,144.9,144.9
2014-10-01,,,,,,,,,,,,,,,,,,,,,,,,,,,,,,,,,,,,,,,,,,,,,,,,,,,,,,,,,144.9,144.9,144.9,144.9,144.9,144.9,144.9,144.9,144.9,144.9,144.9,144.9,144.9,144.9,144.9,144.9,144.9,144.9,144.9,144.9,144.9,144.9,144.9,144.9,144.9,144.9,144.9,144.9,144.9,144.9,144.9,144.9,144.9,144.9,144.9,144.9,144.9,144.9,144.9,144.9,144.9,144.9,144.9,144.9,144.9,144.9,144.9,144.9,144.9,144.9,144.9,144.9,144.9,144.9,144.9,144.9,144.9,144.9,144.9,144.9,144.9,144.9,144.9,144.9,144.9,144.9,144.9,144.9,144.9,144.9,144.9,144.9,144.9,144.9,144.9,144.9,144.9,144.9,144.9,144.9,144.9,144.9,144.9,144.9,144.9,144.9,144.9,144.9,144.9,144.9,144.9,144.9,144.9,144.9,144.9,144.9,144.9,144.9,144.9,144.9,144.9,144.9,144.9,144.9,144.9,144.9,144.9,144.9,144.9,144.9,144.9,144.9,144.9,144.9,144.9,144.9,144.9,144.9,144.9,144.9,144.9,144.9,144.9,144.9,144.9,144.9,144.9,144.9,144.9,144.9,144.9,144.9,144.9,144.9,144.9,144.9,144.9,144.9,144.9,144.9,144.9,144.9
2014-11-01,,,,,,,,,,,,,,,,,,,,,,,,,,,,,,,,,,,,,,,,,,,,,,,,,,,,,,,,,,144.6,144.6,144.6,144.6,144.6,144.6,144.6,144.6,144.6,144.6,144.6,144.6,144.6,144.6,144.6,144.6,144.6,144.6,144.6,144.6,144.6,144.6,144.6,144.6,144.6,144.6,144.6,144.6,144.6,144.6,144.6,144.6,144.6,144.6,144.6,144.6,144.6,144.6,144.6,144.6,144.6,144.6,144.6,144.6,144.6,144.6,144.6,144.6,144.6,144.6,144.6,144.6,144.6,144.6,144.6,144.6,144.6,144.6,144.6,144.6,144.6,144.6,144.6,144.6,144.6,144.6,144.6,144.6,144.6,144.6,144.6,144.6,144.6,144.6,144.6,144.6,144.6,144.6,144.6,144.6,144.6,144.6,144.6,144.6,144.6,144.6,144.6,144.6,144.6,144.6,144.6,144.6,144.6,144.6,144.6,144.6,144.6,144.6,144.6,144.6,144.6,144.6,144.6,144.6,144.6,144.6,144.6,144.6,144.6,144.6,144.6,144.6,144.6,144.6,144.6,144.6,144.6,144.6,144.6,144.6,144.6,144.6,144.6,144.6,144.6,144.6,144.6,144.6,144.6,144.6,144.6,144.6,144.6,144.6,144.6,144.6,144.6,144.6,144.6,144.6,144.6
2014-12-01,,,,,,,,,,,,,,,,,,,,,,,,,,,,,,,,,,,,,,,,,,,,,,,,,,,,,,,,,,,143.8,143.8,143.8,143.8,143.8,143.8,143.8,143.8,143.8,143.8,143.8,143.8,143.8,143.8,143.8,143.8,143.8,143.8,143.8,143.8,143.8,143.8,143.8,143.8,143.8,143.8,143.8,143.8,143.8,143.8,143.8,143.8,143.8,143.8,143.8,143.8,143.8,143.8,143.8,143.8,143.8,143.8,143.8,143.8,143.8,143.8,143.8,143.8,143.8,143.8,143.8,143.8,143.8,143.8,143.8,143.8,143.8,143.8,143.8,143.8,143.8,143.8,143.8,143.8,143.8,143.8,143.8,143.8,143.8,143.8,143.8,143.8,143.8,143.8,143.8,143.8,143.8,143.8,143.8,143.8,143.8,143.8,143.8,143.8,143.8,143.8,143.8,143.8,143.8,143.8,143.8,143.8,143.8,143.8,143.8,143.8,143.8,143.8,143.8,143.8,143.8,143.8,143.8,143.8,143.8,143.8,143.8,143.8,143.8,143.8,143.8,143.8,143.8,143.8,143.8,143.8,143.8,143.8,143.8,143.8,143.8,143.8,143.8,143.8,143.8,143.8,143.8,143.8,143.8,143.8,143.8,143.8,143.8,143.8,143.8,143.8,143.8,143.8,143.8,143.8
2015-01-01,,,,,,,,,,,,,,,,,,,,,,,,,,,,,,,,,,,,,,,,,,,,,,,,,,,,,,,,,,,,141.9,142.5,142.2,142.2,142.2,142.2,142.2,142.2,142.2,142.2,142.2,142.2,142.2,142.2,142.2,142.2,142.2,142.2,142.2,142.2,142.2,142.2,142.2,142.2,142.2,142.2,142.2,142.2,142.2,142.2,142.2,142.2,142.2,142.2,142.2,142.2,142.2,142.2,142.2,142.2,142.2,142.2,142.2,142.2,142.2,142.2,142.2,142.2,142.2,142.2,142.2,142.2,142.2,142.2,142.2,142.2,142.2,142.2,142.2,142.2,142.2,142.2,142.2,142.2,142.2,142.2,142.2,142.2,142.2,142.2,142.2,142.2,142.2,142.2,142.2,142.2,142.2,142.2,142.2,142.2,142.2,142.2,142.2,142.2,142.2,142.2,142.2,142.2,142.2,142.2,142.2,142.2,142.2,142.2,142.2,142.2,142.2,142.2,142.2,142.2,142.2,142.2,142.2,142.2,142.2,142.2,142.2,142.2,142.2,142.2,142.2,142.2,142.2,142.2,142.2,142.2,142.2,142.2,142.2,142.2,142.2,142.2,142.2,142.2,142.2,142.2,142.2,142.2,142.2,142.2,142.2,142.2,142.2,142.2,142.2,142.2,142.2,142.2,142.2
2015-02-01,,,,,,,,,,,,,,,,,,,,,,,,,,,,,,,,,,,,,,,,,,,,,,,,,,,,,,,,,,,,,141.4,141.0,141.0,141.0,141.0,141.0,141.0,141.0,141.0,141.0,141.0,141.0,141.0,141.0,141.0,141.0,141.0,141.0,141.0,141.0,141.0,141.0,141.0,141.0,141.0,141.0,141.0,141.0,141.0,141.0,141.0,141.0,141.0,141.0,141.0,141.0,141.0,141.0,141.0,141.0,141.0,141.0,141.0,141.0,141.0,141.0,141.0,141.0,141.0,141.0,141.0,141.0,141.0,141.0,141.0,141.0,141.0,141.0,141.0,141.0,141.0,141.0,141.0,141.0,141.0,141.0,141.0,141.0,141.0,141.0,141.0,141.0,141.0,141.0,141.0,141.0,141.0,141.0,141.0,141.0,141.0,141.0,141.0,141.0,141.0,141.0,141.0,141.0,141.0,141.0,141.0,141.0,141.0,141.0,141.0,141.0,141.0,141.0,141.0,141.0,141.0,141.0,141.0,141.0,141.0,141.0,141.0,141.0,141.0,141.0,141.0,141.0,141.0,141.0,141.0,141.0,141.0,141.0,141.0,141.0,141.0,141.0,141.0,141.0,141.0,141.0,141.0,141.0,141.0,141.0,141.0,141.0,141.0,141.0,141.0,141.0,141.0,141.0
2015-03-01,,,,,,,,,,,,,,,,,,,,,,,,,,,,,,,,,,,,,,,,,,,,,,,,,,,,,,,,,,,,,,140.4,140.4,140.4,140.4,140.4,140.4,140.4,140.4,140.4,140.4,140.4,140.4,140.4,140.4,140.4,140.4,140.4,140.4,140.4,140.4,140.4,140.4,140.4,140.4,140.4,140.4,140.4,140.4,140.4,140.4,140.4,140.4,140.4,140.4,140.4,140.4,140.4,140.4,140.4,140.4,140.4,140.4,140.4,140.4,140.4,140.4,140.4,140.4,140.4,140.4,140.4,140.4,140.4,140.4,140.4,140.4,140.4,140.4,140.4,140.4,140.4,140.4,140.4,140.4,140.4,140.4,140.4,140.4,140.4,140.4,140.4,140.4,140.4,140.4,140.4,140.4,140.4,140.4,140.4,140.4,140.4,140.4,140.4,140.4,140.4,140.4,140.4,140.4,140.4,140.4,140.4,140.4,140.4,140.4,140.4,140.4,140.4,140.4,140.4,140.4,140.4,140.4,140.4,140.4,140.4,140.4,140.4,140.4,140.4,140.4,140.4,140.4,140.4,140.4,140.4,140.4,140.4,140.4,140.4,140.4,140.4,140.4,140.4,140.4,140.4,140.4,140.4,140.4,140.4,140.4,140.4,140.4,140.4,140.4,140.4,140.4,140.4
2015-04-01,,,,,,,,,,,,,,,,,,,,,,,,,,,,,,,,,,,,,,,,,,,,,,,,,,,,,,,,,,,,,,,141.0,141.0,141.0,141.0,141.0,141.0,141.0,141.0,141.0,141.0,141.0,141.0,141.0,141.0,141.0,141.0,141.0,141.0,141.0,141.0,141.0,141.0,141.0,141.0,141.0,141.0,141.0,141.0,141.0,141.0,141.0,141.0,141.0,141.0,141.0,141.0,141.0,141.0,141.0,141.0,141.0,141.0,141.0,141.0,141.0,141.0,141.0,141.0,141.0,141.0,141.0,141.0,141.0,141.0,141.0,141.0,141.0,141.0,141.0,141.0,141.0,141.0,141.0,141.0,141.0,141.0,141.0,141.0,141.0,141.0,141.0,141.0,141.0,141.0,141.0,141.0,141.0,141.0,141.0,141.0,141.0,141.0,141.0,141.0,141.0,141.0,141.0,141.0,141.0,141.0,141.0,141.0,141.0,141.0,141.0,141.0,141.0,141.0,141.0,141.0,141.0,141.0,141.0,141.0,141.0,141.0,141.0,141.0,141.0,141.0,141.0,141.0,141.0,141.0,141.0,141.0,141.0,141.0,141.0,141.0,141.0,141.0,141.0,141.0,141.0,141.0,141.0,141.0,141.0,141.0,141.0,141.0,141.0,141.0,141.0,141.0
2015-05-01,,,,,,,,,,,,,,,,,,,,,,,,,,,,,,,,,,,,,,,,,,,,,,,,,,,,,,,,,,,,,,,,141.1,140.7,140.7,141.8,141.8,141.8,141.8,141.8,141.8,141.8,141.8,141.8,141.8,141.8,141.8,141.8,141.8,141.8,141.8,141.8,141.8,141.8,141.8,141.8,141.8,141.8,141.8,141.8,141.8,141.8,141.8,141.8,141.8,141.8,141.8,141.8,141.8,141.8,141.8,141.8,141.8,141.8,141.8,141.8,141.8,141.8,141.8,141.8,141.8,141.8,141.8,141.8,141.8,141.8,141.8,141.8,141.8,141.8,141.8,141.8,141.8,141.8,141.8,141.8,141.8,141.8,141.8,141.8,141.8,141.8,141.8,141.8,141.8,141.8,141.8,141.8,141.8,141.8,141.8,141.8,141.8,141.8,141.8,141.8,141.8,141.8,141.8,141.8,141.8,141.8,141.8,141.8,141.8,141.8,141.8,141.8,141.8,141.8,141.8,141.8,141.8,141.8,141.8,141.8,141.8,141.8,141.8,141.8,141.8,141.8,141.8,141.8,141.8,141.8,141.8,141.8,141.8,141.8,141.8,141.8,141.8,141.8,141.8,141.8,141.8,141.8,141.8,141.8,141.8,141.8,141.8,141.8,141.8,141.8,141.8
2015-06-01,,,,,,,,,,,,,,,,,,,,,,,,,,,,,,,,,,,,,,,,,,,,,,,,,,,,,,,,,,,,,,,,,140.8,140.8,142.0,142.0,142.0,142.0,142.0,142.0,142.0,142.0,142.0,142.0,142.0,142.0,142.0,142.0,142.0,142.0,142.0,142.0,142.0,142.0,142.0,142.0,142.0,142.0,142.0,142.0,142.0,142.0,142.0,142.0,142.0,142.0,142.0,142.0,142.0,142.0,142.0,142.0,142.0,142.0,142.0,142.0,142.0,142.0,142.0,142.0,142.0,142.0,142.0,142.0,142.0,142.0,142.0,142.0,142.0,142.0,142.0,142.0,142.0,142.0,142.0,142.0,142.0,142.0,142.0,142.0,142.0,142.0,142.0,142.0,142.0,142.0,142.0,142.0,142.0,142.0,142.0,142.0,142.0,142.0,142.0,142.0,142.0,142.0,142.0,142.0,142.0,142.0,142.0,142.0,142.0,142.0,142.0,142.0,142.0,142.0,142.0,142.0,142.0,142.0,142.0,142.0,142.0,142.0,142.0,142.0,142.0,142.0,142.0,142.0,142.0,142.0,142.0,142.0,142.0,142.0,142.0,142.0,142.0,142.0,142.0,142.0,142.0,142.0,142.0,142.0,142.0,142.0,142.0,142.0,142.0,142.0
2015-07-01,,,,,,,,,,,,,,,,,,,,,,,,,,,,,,,,,,,,,,,,,,,,,,,,,,,,,,,,,,,,,,,,,,145.3,146.4,146.4,146.2,146.2,146.2,146.2,146.2,146.2,146.2,146.2,146.2,146.2,146.2,146.2,146.2,146.2,146.2,146.2,146.2,146.2,146.2,146.2,146.2,146.2,146.2,146.2,146.2,146.2,146.2,146.2,146.2,146.2,146.2,146.2,146.2,146.2,146.2,146.2,146.2,146.2,146.2,146.2,146.2,146.2,146.2,146.2,146.2,146.2,146.2,146.2,146.2,146.2,146.2,146.2,146.2,146.2,146.2,146.2,146.2,146.2,146.2,146.2,146.2,146.2,146.2,146.2,146.2,146.2,146.2,146.2,146.2,146.2,146.2,146.2,146.2,146.2,146.2,146.2,146.2,146.2,146.2,146.2,146.2,146.2,146.2,146.2,146.2,146.2,146.2,146.2,146.2,146.2,146.2,146.2,146.2,146.2,146.2,146.2,146.2,146.2,146.2,146.2,146.2,146.2,146.2,146.2,146.2,146.2,146.2,146.2,146.2,146.2,146.2,146.2,146.2,146.2,146.2,146.2,146.2,146.2,146.2,146.2,146.2,146.2,146.2,146.2,146.2,146.2,146.2,146.2,146.2,146.2
2015-08-01,,,,,,,,,,,,,,,,,,,,,,,,,,,,,,,,,,,,,,,,,,,,,,,,,,,,,,,,,,,,,,,,,,,143.6,143.6,143.4,143.4,143.4,143.4,143.4,143.4,143.4,143.4,143.4,143.4,143.4,143.4,143.4,143.4,143.4,143.4,143.4,143.4,143.4,143.4,143.4,143.4,143.4,143.4,143.4,143.4,143.4,143.4,143.4,143.4,143.4,143.4,143.4,143.4,143.4,143.4,143.4,143.4,143.4,143.4,143.4,143.4,143.4,143.4,143.4,143.4,143.4,143.4,143.4,143.4,143.4,143.4,143.4,143.4,143.4,143.4,143.4,143.4,143.4,143.4,143.4,143.4,143.4,143.4,143.4,143.4,143.4,143.4,143.4,143.4,143.4,143.4,143.4,143.4,143.4,143.4,143.4,143.4,143.4,143.4,143.4,143.4,143.4,143.4,143.4,143.4,143.4,143.4,143.4,143.4,143.4,143.4,143.4,143.4,143.4,143.4,143.4,143.4,143.4,143.4,143.4,143.4,143.4,143.4,143.4,143.4,143.4,143.4,143.4,143.4,143.4,143.4,143.4,143.4,143.4,143.4,143.4,143.4,143.4,143.4,143.4,143.4,143.4,143.4,143.4,143.4,143.4,143.4,143.4,143.4
2015-09-01,,,,,,,,,,,,,,,,,,,,,,,,,,,,,,,,,,,,,,,,,,,,,,,,,,,,,,,,,,,,,,,,,,,,142.9,142.6,142.6,142.6,142.6,142.6,142.6,142.6,142.6,142.6,142.6,142.6,142.6,142.6,142.6,142.6,142.6,142.6,142.6,142.6,142.6,142.6,142.6,142.6,142.6,142.6,142.6,142.6,142.6,142.6,142.6,142.6,142.6,142.6,142.6,142.6,142.6,142.6,142.6,142.6,142.6,142.6,142.6,142.6,142.6,142.6,142.6,142.6,142.6,142.6,142.6,142.6,142.6,142.6,142.6,142.6,142.6,142.6,142.6,142.6,142.6,142.6,142.6,142.6,142.6,142.6,142.6,142.6,142.6,142.6,142.6,142.6,142.6,142.6,142.6,142.6,142.6,142.6,142.6,142.6,142.6,142.6,142.6,142.6,142.6,142.6,142.6,142.6,142.6,142.6,142.6,142.6,142.6,142.6,142.6,142.6,142.6,142.6,142.6,142.6,142.6,142.6,142.6,142.6,142.6,142.6,142.6,142.6,142.6,142.6,142.6,142.6,142.6,142.6,142.6,142.6,142.6,142.6,142.6,142.6,142.6,142.6,142.6,142.6,142.6,142.6,142.6,142.6,142.6,142.6,142.6
2015-10-01,,,,,,,,,,,,,,,,,,,,,,,,,,,,,,,,,,,,,,,,,,,,,,,,,,,,,,,,,,,,,,,,,,,,,136.0,136.0,136.0,137.4,137.4,137.4,137.4,137.4,137.4,137.4,137.4,137.4,137.4,137.4,137.4,137.4,137.4,137.4,137.4,137.4,137.4,137.4,137.4,137.4,137.4,137.4,137.4,137.4,137.4,137.4,137.4,137.4,137.4,137.4,137.4,137.4,137.4,137.4,137.4,137.4,137.4,137.4,137.4,137.4,137.4,137.4,137.4,137.4,137.4,137.4,137.4,137.4,137.4,137.4,137.4,137.4,137.4,137.4,137.4,137.4,137.4,137.4,137.4,137.4,137.4,137.4,137.4,137.4,137.4,137.4,137.4,137.4,137.4,137.4,137.4,137.4,137.4,137.4,137.4,137.4,137.4,137.4,137.4,137.4,137.4,137.4,137.4,137.4,137.4,137.4,137.4,137.4,137.4,137.4,137.4,137.4,137.4,137.4,137.4,137.4,137.4,137.4,137.4,137.4,137.4,137.4,137.4,137.4,137.4,137.4,137.4,137.4,137.4,137.4,137.4,137.4,137.4,137.4,137.4,137.4,137.4,137.4,137.4,137.4,137.4,137.4,137.4,137.4,137.4,137.4
2015-11-01,,,,,,,,,,,,,,,,,,,,,,,,,,,,,,,,,,,,,,,,,,,,,,,,,,,,,,,,,,,,,,,,,,,,,,136.5,136.5,135.5,135.5,135.5,135.5,135.5,135.5,135.5,135.5,135.5,135.5,135.5,135.5,135.5,135.5,135.5,135.5,135.5,135.5,135.5,135.5,135.5,135.5,135.5,135.5,135.5,135.5,135.5,135.5,135.5,135.5,135.5,135.5,135.5,135.5,135.5,135.5,135.5,135.5,135.5,135.5,135.5,135.5,135.5,135.5,135.5,135.5,135.5,135.5,135.5,135.5,135.5,135.5,135.5,135.5,135.5,135.5,135.5,135.5,135.5,135.5,135.5,135.5,135.5,135.5,135.5,135.5,135.5,135.5,135.5,135.5,135.5,135.5,135.5,135.5,135.5,135.5,135.5,135.5,135.5,135.5,135.5,135.5,135.5,135.5,135.5,135.5,135.5,135.5,135.5,135.5,135.5,135.5,135.5,135.5,135.5,135.5,135.5,135.5,135.5,135.5,135.5,135.5,135.5,135.5,135.5,135.5,135.5,135.5,135.5,135.5,135.5,135.5,135.5,135.5,135.5,135.5,135.5,135.5,135.5,135.5,135.5,135.5,135.5,135.5,135.5,135.5,135.5
2015-12-01,,,,,,,,,,,,,,,,,,,,,,,,,,,,,,,,,,,,,,,,,,,,,,,,,,,,,,,,,,,,,,,,,,,,,,,134.9,134.2,134.2,134.2,134.2,134.2,134.2,134.2,134.2,134.2,134.2,134.2,134.2,134.2,134.2,134.2,134.2,134.2,134.2,134.2,134.2,134.2,134.2,134.2,134.2,134.2,134.2,134.2,134.2,134.2,134.2,134.2,134.2,134.2,134.2,134.2,134.2,134.2,134.2,134.2,134.2,134.2,134.2,134.2,134.2,134.2,134.2,134.2,134.2,134.2,134.2,134.2,134.2,134.2,134.2,134.2,134.2,134.2,134.2,134.2,134.2,134.2,134.2,134.2,134.2,134.2,134.2,134.2,134.2,134.2,134.2,134.2,134.2,134.2,134.2,134.2,134.2,134.2,134.2,134.2,134.2,134.2,134.2,134.2,134.2,134.2,134.2,134.2,134.2,134.2,134.2,134.2,134.2,134.2,134.2,134.2,134.2,134.2,134.2,134.2,134.2,134.2,134.2,134.2,134.2,134.2,134.2,134.2,134.2,134.2,134.2,134.2,134.2,134.2,134.2,134.2,134.2,134.2,134.2,134.2,134.2,134.2,134.2,134.2,134.2,134.2,134.2,134.2
2016-01-01,,,,,,,,,,,,,,,,,,,,,,,,,,,,,,,,,,,,,,,,,,,,,,,,,,,,,,,,,,,,,,,,,,,,,,,,133.1,133.1,133.1,134.2,134.2,134.2,134.2,134.2,134.2,134.2,134.2,134.2,134.2,134.2,134.2,134.2,134.2,134.2,134.2,134.2,134.2,134.2,134.2,134.2,134.2,134.2,134.2,134.2,134.2,134.2,134.2,134.2,134.2,134.2,134.2,134.2,134.2,134.2,134.2,134.2,134.2,134.2,134.2,134.2,134.2,134.2,134.2,134.2,134.2,134.2,134.2,134.2,134.2,134.2,134.2,134.2,134.2,134.2,134.2,134.2,134.2,134.2,134.2,134.2,134.2,134.2,134.2,134.2,134.2,134.2,134.2,134.2,134.2,134.2,134.2,134.2,134.2,134.2,134.2,134.2,134.2,134.2,134.2,134.2,134.2,134.2,134.2,134.2,134.2,134.2,134.2,134.2,134.2,134.2,134.2,134.2,134.2,134.2,134.2,134.2,134.2,134.2,134.2,134.2,134.2,134.2,134.2,134.2,134.2,134.2,134.2,134.2,134.2,134.2,134.2,134.2,134.2,134.2,134.2,134.2,134.2,134.2,134.2,134.2,134.2,134.2,134.2
2016-02-01,,,,,,,,,,,,,,,,,,,,,,,,,,,,,,,,,,,,,,,,,,,,,,,,,,,,,,,,,,,,,,,,,,,,,,,,,133.4,133.3,137.5,137.5,137.5,137.5,137.5,137.5,137.5,137.5,137.5,137.5,137.5,137.5,137.5,137.5,137.5,137.5,137.5,137.5,137.5,137.5,137.5,137.5,137.5,137.5,137.5,137.5,137.5,137.5,137.5,137.5,137.5,137.5,137.5,137.5,137.5,137.5,137.5,137.5,137.5,137.5,137.5,137.5,137.5,137.5,137.5,137.5,137.5,137.5,137.5,137.5,137.5,137.5,137.5,137.5,137.5,137.5,137.5,137.5,137.5,137.5,137.5,137.5,137.5,137.5,137.5,137.5,137.5,137.5,137.5,137.5,137.5,137.5,137.5,137.5,137.5,137.5,137.5,137.5,137.5,137.5,137.5,137.5,137.5,137.5,137.5,137.5,137.5,137.5,137.5,137.5,137.5,137.5,137.5,137.5,137.5,137.5,137.5,137.5,137.5,137.5,137.5,137.5,137.5,137.5,137.5,137.5,137.5,137.5,137.5,137.5,137.5,137.5,137.5,137.5,137.5,137.5,137.5,137.5,137.5,137.5,137.5,137.5,137.5,137.5
2016-03-01,,,,,,,,,,,,,,,,,,,,,,,,,,,,,,,,,,,,,,,,,,,,,,,,,,,,,,,,,,,,,,,,,,,,,,,,,,126.7,130.2,130.2,131.6,131.6,131.6,131.6,131.6,131.6,131.6,131.6,131.6,131.6,131.6,131.6,131.6,131.6,131.6,131.6,131.6,131.6,131.6,131.6,131.6,131.6,131.6,131.6,131.6,131.6,131.6,131.6,131.6,131.6,131.6,131.6,131.6,131.6,131.6,131.6,131.6,131.6,131.6,131.6,131.6,131.6,131.6,131.6,131.6,131.6,131.6,131.6,131.6,131.6,131.6,131.6,131.6,131.6,131.6,131.6,131.6,131.6,131.6,131.6,131.6,131.6,131.6,131.6,131.6,131.6,131.6,131.6,131.6,131.6,131.6,131.6,131.6,131.6,131.6,131.6,131.6,131.6,131.6,131.6,131.6,131.6,131.6,131.6,131.6,131.6,131.6,131.6,131.6,131.6,131.6,131.6,131.6,131.6,131.6,131.6,131.6,131.6,131.6,131.6,131.6,131.6,131.6,131.6,131.6,131.6,131.6,131.6,131.6,131.6,131.6,131.6,131.6,131.6,131.6,131.6,131.6,131.6,131.6,131.6,131.6,131.6
2016-04-01,,,,,,,,,,,,,,,,,,,,,,,,,,,,,,,,,,,,,,,,,,,,,,,,,,,,,,,,,,,,,,,,,,,,,,,,,,,130.2,130.2,131.6,131.6,131.6,131.6,131.6,131.6,131.6,131.6,131.6,131.6,131.6,131.6,131.6,131.6,131.6,131.6,131.6,131.6,131.6,131.6,131.6,131.6,131.6,131.6,131.6,131.6,131.6,131.6,131.6,131.6,131.6,131.6,131.6,131.6,131.6,131.6,131.6,131.6,131.6,131.6,131.6,131.6,131.6,131.6,131.6,131.6,131.6,131.6,131.6,131.6,131.6,131.6,131.6,131.6,131.6,131.6,131.6,131.6,131.6,131.6,131.6,131.6,131.6,131.6,131.6,131.6,131.6,131.6,131.6,131.6,131.6,131.6,131.6,131.6,131.6,131.6,131.6,131.6,131.6,131.6,131.6,131.6,131.6,131.6,131.6,131.6,131.6,131.6,131.6,131.6,131.6,131.6,131.6,131.6,131.6,131.6,131.6,131.6,131.6,131.6,131.6,131.6,131.6,131.6,131.6,131.6,131.6,131.6,131.6,131.6,131.6,131.6,131.6,131.6,131.6,131.6,131.6,131.6,131.6,131.6,131.6,131.6
2016-05-01,,,,,,,,,,,,,,,,,,,,,,,,,,,,,,,,,,,,,,,,,,,,,,,,,,,,,,,,,,,,,,,,,,,,,,,,,,,,130.2,131.6,131.6,131.6,131.6,131.6,131.6,131.6,131.6,131.6,131.6,131.6,131.6,131.6,131.6,131.6,131.6,131.6,131.6,131.6,131.6,131.6,131.6,131.6,131.6,131.6,131.6,131.6,131.6,131.6,131.6,131.6,131.6,131.6,131.6,131.6,131.6,131.6,131.6,131.6,131.6,131.6,131.6,131.6,131.6,131.6,131.6,131.6,131.6,131.6,131.6,131.6,131.6,131.6,131.6,131.6,131.6,131.6,131.6,131.6,131.6,131.6,131.6,131.6,131.6,131.6,131.6,131.6,131.6,131.6,131.6,131.6,131.6,131.6,131.6,131.6,131.6,131.6,131.6,131.6,131.6,131.6,131.6,131.6,131.6,131.6,131.6,131.6,131.6,131.6,131.6,131.6,131.6,131.6,131.6,131.6,131.6,131.6,131.6,131.6,131.6,131.6,131.6,131.6,131.6,131.6,131.6,131.6,131.6,131.6,131.6,131.6,131.6,131.6,131.6,131.6,131.6,131.6,131.6,131.6,131.6,131.6,131.6
2016-06-01,,,,,,,,,,,,,,,,,,,,,,,,,,,,,,,,,,,,,,,,,,,,,,,,,,,,,,,,,,,,,,,,,,,,,,,,,,,,,131.9,131.6,131.6,131.6,131.6,131.6,131.6,131.6,131.6,131.6,131.6,131.6,131.6,131.6,131.6,131.6,131.6,131.6,131.6,131.6,131.6,131.6,131.6,131.6,131.6,131.6,131.6,131.6,131.6,131.6,131.6,131.6,131.6,131.6,131.6,131.6,131.6,131.6,131.6,131.6,131.6,131.6,131.6,131.6,131.6,131.6,131.6,131.6,131.6,131.6,131.6,131.6,131.6,131.6,131.6,131.6,131.6,131.6,131.6,131.6,131.6,131.6,131.6,131.6,131.6,131.6,131.6,131.6,131.6,131.6,131.6,131.6,131.6,131.6,131.6,131.6,131.6,131.6,131.6,131.6,131.6,131.6,131.6,131.6,131.6,131.6,131.6,131.6,131.6,131.6,131.6,131.6,131.6,131.6,131.6,131.6,131.6,131.6,131.6,131.6,131.6,131.6,131.6,131.6,131.6,131.6,131.6,131.6,131.6,131.6,131.6,131.6,131.6,131.6,131.6,131.6,131.6,131.6,131.6,131.6,131.6,131.6
2016-07-01,,,,,,,,,,,,,,,,,,,,,,,,,,,,,,,,,,,,,,,,,,,,,,,,,,,,,,,,,,,,,,,,,,,,,,,,,,,,,,129.2,129.8,129.8,129.8,129.8,129.8,129.8,129.8,129.8,129.8,129.8,129.8,129.8,129.8,129.8,129.8,129.8,129.8,129.8,129.8,129.8,129.8,129.8,129.8,129.8,129.8,129.8,129.8,129.8,129.8,129.8,129.8,129.8,129.8,129.8,129.8,129.8,129.8,129.8,129.8,129.8,129.8,129.8,129.8,129.8,129.8,129.8,129.8,129.8,129.8,129.8,129.8,129.8,129.8,129.8,129.8,129.8,129.8,129.8,129.8,129.8,129.8,129.8,129.8,129.8,129.8,129.8,129.8,129.8,129.8,129.8,129.8,129.8,129.8,129.8,129.8,129.8,129.8,129.8,129.8,129.8,129.8,129.8,129.8,129.8,129.8,129.8,129.8,129.8,129.8,129.8,129.8,129.8,129.8,129.8,129.8,129.8,129.8,129.8,129.8,129.8,129.8,129.8,129.8,129.8,129.8,129.8,129.8,129.8,129.8,129.8,129.8,129.8,129.8,129.8,129.8,129.8,129.8,129.8,129.8,129.8
2016-08-01,,,,,,,,,,,,,,,,,,,,,,,,,,,,,,,,,,,,,,,,,,,,,,,,,,,,,,,,,,,,,,,,,,,,,,,,,,,,,,,124.9,128.5,128.5,128.5,128.5,128.5,128.5,128.5,128.5,128.5,128.5,128.5,128.5,128.5,128.5,128.5,128.5,128.5,128.5,128.5,128.5,128.5,128.5,128.5,128.5,128.5,128.5,128.5,128.5,128.5,128.5,128.5,128.5,128.5,128.5,128.5,128.5,128.5,128.5,128.5,128.5,128.5,128.5,128.5,128.5,128.5,128.5,128.5,128.5,128.5,128.5,128.5,128.5,128.5,128.5,128.5,128.5,128.5,128.5,128.5,128.5,128.5,128.5,128.5,128.5,128.5,128.5,128.5,128.5,128.5,128.5,128.5,128.5,128.5,128.5,128.5,128.5,128.5,128.5,128.5,128.5,128.5,128.5,128.5,128.5,128.5,128.5,128.5,128.5,128.5,128.5,128.5,128.5,128.5,128.5,128.5,128.5,128.5,128.5,128.5,128.5,128.5,128.5,128.5,128.5,128.5,128.5,128.5,128.5,128.5,128.5,128.5,128.5,128.5,128.5,128.5,128.5,128.5,128.5,128.5
2016-09-01,,,,,,,,,,,,,,,,,,,,,,,,,,,,,,,,,,,,,,,,,,,,,,,,,,,,,,,,,,,,,,,,,,,,,,,,,,,,,,,,128.1,128.2,128.2,128.2,128.2,128.2,128.2,128.2,128.2,128.2,128.2,128.2,128.2,128.2,128.2,128.2,128.2,128.2,128.2,128.2,128.2,128.2,128.2,128.2,128.2,128.2,128.2,128.2,128.2,128.2,128.2,128.2,128.2,128.2,128.2,128.2,128.2,128.2,128.2,128.2,128.2,128.2,128.2,128.2,128.2,128.2,128.2,128.2,128.2,128.2,128.2,128.2,128.2,128.2,128.2,128.2,128.2,128.2,128.2,128.2,128.2,128.2,128.2,128.2,128.2,128.2,128.2,128.2,128.2,128.2,128.2,128.2,128.2,128.2,128.2,128.2,128.2,128.2,128.2,128.2,128.2,128.2,128.2,128.2,128.2,128.2,128.2,128.2,128.2,128.2,128.2,128.2,128.2,128.2,128.2,128.2,128.2,128.2,128.2,128.2,128.2,128.2,128.2,128.2,128.2,128.2,128.2,128.2,128.2,128.2,128.2,128.2,128.2,128.2,128.2,128.2,128.2,128.2,128.2
2016-10-01,,,,,,,,,,,,,,,,,,,,,,,,,,,,,,,,,,,,,,,,,,,,,,,,,,,,,,,,,,,,,,,,,,,,,,,,,,,,,,,,,125.3,128.7,128.7,128.7,128.7,128.7,128.7,128.7,128.7,128.7,128.7,128.7,128.7,128.7,128.7,128.7,128.7,128.7,128.7,128.7,128.7,128.7,128.7,128.7,128.7,128.7,128.7,128.7,128.7,128.7,128.7,128.7,128.7,128.7,128.7,128.7,128.7,128.7,128.7,128.7,128.7,128.7,128.7,128.7,128.7,128.7,128.7,128.7,128.7,128.7,128.7,128.7,128.7,128.7,128.7,128.7,128.7,128.7,128.7,128.7,128.7,128.7,128.7,128.7,128.7,128.7,128.7,128.7,128.7,128.7,128.7,128.7,128.7,128.7,128.7,128.7,128.7,128.7,128.7,128.7,128.7,128.7,128.7,128.7,128.7,128.7,128.7,128.7,128.7,128.7,128.7,128.7,128.7,128.7,128.7,128.7,128.7,128.7,128.7,128.7,128.7,128.7,128.7,128.7,128.7,128.7,128.7,128.7,128.7,128.7,128.7,128.7,128.7,128.7,128.7,128.7,128.7,128.7
2016-11-01,,,,,,,,,,,,,,,,,,,,,,,,,,,,,,,,,,,,,,,,,,,,,,,,,,,,,,,,,,,,,,,,,,,,,,,,,,,,,,,,,,128.6,128.6,128.6,128.6,128.6,128.6,128.6,128.6,128.6,128.6,128.6,128.6,128.6,128.6,128.6,128.6,128.6,128.6,128.6,128.6,128.6,128.6,128.6,128.6,128.6,128.6,128.6,128.6,128.6,128.6,128.6,128.6,128.6,128.6,128.6,128.6,128.6,128.6,128.6,128.6,128.6,128.6,128.6,128.6,128.6,128.6,128.6,128.6,128.6,128.6,128.6,128.6,128.6,128.6,128.6,128.6,128.6,128.6,128.6,128.6,128.6,128.6,128.6,128.6,128.6,128.6,128.6,128.6,128.6,128.6,128.6,128.6,128.6,128.6,128.6,128.6,128.6,128.6,128.6,128.6,128.6,128.6,128.6,128.6,128.6,128.6,128.6,128.6,128.6,128.6,128.6,128.6,128.6,128.6,128.6,128.6,128.6,128.6,128.6,128.6,128.6,128.6,128.6,128.6,128.6,128.6,128.6,128.6,128.6,128.6,128.6,128.6,128.6,128.6,128.6,128.6,128.6
2016-12-01,,,,,,,,,,,,,,,,,,,,,,,,,,,,,,,,,,,,,,,,,,,,,,,,,,,,,,,,,,,,,,,,,,,,,,,,,,,,,,,,,,,128.7,128.7,128.7,128.7,128.7,128.7,128.7,128.7,128.7,128.7,128.7,128.7,128.7,128.7,128.7,128.7,128.7,128.7,128.7,128.7,128.7,128.7,128.7,128.7,128.7,128.7,128.7,128.7,128.7,128.7,128.7,128.7,128.7,128.7,128.7,128.7,128.7,128.7,128.7,128.7,128.7,128.7,128.7,128.7,128.7,128.7,128.7,128.7,128.7,128.7,128.7,128.7,128.7,128.7,128.7,128.7,128.7,128.7,128.7,128.7,128.7,128.7,128.7,128.7,128.7,128.7,128.7,128.7,128.7,128.7,128.7,128.7,128.7,128.7,128.7,128.7,128.7,128.7,128.7,128.7,128.7,128.7,128.7,128.7,128.7,128.7,128.7,128.7,128.7,128.7,128.7,128.7,128.7,128.7,128.7,128.7,128.7,128.7,128.7,128.7,128.7,128.7,128.7,128.7,128.7,128.7,128.7,128.7,128.7,128.7,128.7,128.7,128.7,128.7,128.7,128.7
2017-01-01,,,,,,,,,,,,,,,,,,,,,,,,,,,,,,,,,,,,,,,,,,,,,,,,,,,,,,,,,,,,,,,,,,,,,,,,,,,,,,,,,,,,131.6,134.2,133.9,133.8,133.8,133.8,133.8,133.8,133.8,133.8,133.8,133.8,133.8,133.8,133.8,133.8,133.8,133.8,133.8,133.8,133.8,133.8,133.8,133.8,133.8,133.8,133.8,133.8,133.8,133.8,133.8,133.8,133.8,133.8,133.8,133.8,133.8,133.8,133.8,133.8,133.8,133.8,133.8,133.8,133.8,133.8,133.8,133.8,133.8,133.8,133.8,133.8,133.8,133.8,133.8,133.8,133.8,133.8,133.8,133.8,133.8,133.8,133.8,133.8,133.8,133.8,133.8,133.8,133.8,133.8,133.8,133.8,133.8,133.8,133.8,133.8,133.8,133.8,133.8,133.8,133.8,133.8,133.8,133.8,133.8,133.8,133.8,133.8,133.8,133.8,133.8,133.8,133.8,133.8,133.8,133.8,133.8,133.8,133.8,133.8,133.8,133.8,133.8,133.8,133.8,133.8,133.8,133.8,133.8,133.8,133.8,133.8,133.8,133.8,133.8
2017-02-01,,,,,,,,,,,,,,,,,,,,,,,,,,,,,,,,,,,,,,,,,,,,,,,,,,,,,,,,,,,,,,,,,,,,,,,,,,,,,,,,,,,,,134.4,134.0,134.0,134.0,134.0,134.0,134.0,134.0,134.0,134.0,134.0,134.0,134.0,134.0,134.0,134.0,134.0,134.0,134.0,134.0,134.0,134.0,134.0,134.0,134.0,134.0,134.0,134.0,134.0,134.0,134.0,134.0,134.0,134.0,134.0,134.0,134.0,134.0,134.0,134.0,134.0,134.0,134.0,134.0,134.0,134.0,134.0,134.0,134.0,134.0,134.0,134.0,134.0,134.0,134.0,134.0,134.0,134.0,134.0,134.0,134.0,134.0,134.0,134.0,134.0,134.0,134.0,134.0,134.0,134.0,134.0,134.0,134.0,134.0,134.0,134.0,134.0,134.0,134.0,134.0,134.0,134.0,134.0,134.0,134.0,134.0,134.0,134.0,134.0,134.0,134.0,134.0,134.0,134.0,134.0,134.0,134.0,134.0,134.0,134.0,134.0,134.0,134.0,134.0,134.0,134.0,134.0,134.0,134.0,134.0,134.0,134.0,134.0,134.0
2017-03-01,,,,,,,,,,,,,,,,,,,,,,,,,,,,,,,,,,,,,,,,,,,,,,,,,,,,,,,,,,,,,,,,,,,,,,,,,,,,,,,,,,,,,,134.4,134.4,134.4,134.4,134.4,134.4,134.4,134.4,134.4,134.4,134.4,134.4,134.4,134.4,134.4,134.4,134.4,134.4,134.4,134.4,134.4,134.4,134.4,134.4,134.4,134.4,134.4,134.4,134.4,134.4,134.4,134.4,134.4,134.4,134.4,134.4,134.4,134.4,134.4,134.4,134.4,134.4,134.4,134.4,134.4,134.4,134.4,134.4,134.4,134.4,134.4,134.4,134.4,134.4,134.4,134.4,134.4,134.4,134.4,134.4,134.4,134.4,134.4,134.4,134.4,134.4,134.4,134.4,134.4,134.4,134.4,134.4,134.4,134.4,134.4,134.4,134.4,134.4,134.4,134.4,134.4,134.4,134.4,134.4,134.4,134.4,134.4,134.4,134.4,134.4,134.4,134.4,134.4,134.4,134.4,134.4,134.4,134.4,134.4,134.4,134.4,134.4,134.4,134.4,134.4,134.4,134.4,134.4,134.4,134.4,134.4,134.4,134.4
2017-04-01,,,,,,,,,,,,,,,,,,,,,,,,,,,,,,,,,,,,,,,,,,,,,,,,,,,,,,,,,,,,,,,,,,,,,,,,,,,,,,,,,,,,,,,127.8,129.0,129.0,129.0,129.0,129.0,129.0,129.0,129.0,129.0,129.0,129.0,129.0,129.0,129.0,129.0,129.0,129.0,129.0,129.0,129.0,129.0,129.0,129.0,129.0,129.0,129.0,129.0,129.0,129.0,129.0,129.0,129.0,129.0,129.0,129.0,129.0,129.0,129.0,129.0,129.0,129.0,129.0,129.0,129.0,129.0,129.0,129.0,129.0,129.0,129.0,129.0,129.0,129.0,129.0,129.0,129.0,129.0,129.0,129.0,129.0,129.0,129.0,129.0,129.0,129.0,129.0,129.0,129.0,129.0,129.0,129.0,129.0,129.0,129.0,129.0,129.0,129.0,129.0,129.0,129.0,129.0,129.0,129.0,129.0,129.0,129.0,129.0,129.0,129.0,129.0,129.0,129.0,129.0,129.0,129.0,129.0,129.0,129.0,129.0,129.0,129.0,129.0,129.0,129.0,129.0,129.0,129.0,129.0,129.0,129.0,129.0
2017-05-01,,,,,,,,,,,,,,,,,,,,,,,,,,,,,,,,,,,,,,,,,,,,,,,,,,,,,,,,,,,,,,,,,,,,,,,,,,,,,,,,,,,,,,,,135.6,134.1,134.1,134.1,134.1,134.1,134.1,134.1,134.1,134.1,134.1,134.1,134.1,134.1,134.1,134.1,134.1,134.1,134.1,134.1,134.1,134.1,134.1,134.1,134.1,134.1,134.1,134.1,134.1,134.1,134.1,134.1,134.1,134.1,134.1,134.1,134.1,134.1,134.1,134.1,134.1,134.1,134.1,134.1,134.1,134.1,134.1,134.1,134.1,134.1,134.1,134.1,134.1,134.1,134.1,134.1,134.1,134.1,134.1,134.1,134.1,134.1,134.1,134.1,134.1,134.1,134.1,134.1,134.1,134.1,134.1,134.1,134.1,134.1,134.1,134.1,134.1,134.1,134.1,134.1,134.1,134.1,134.1,134.1,134.1,134.1,134.1,134.1,134.1,134.1,134.1,134.1,134.1,134.1,134.1,134.1,134.1,134.1,134.1,134.1,134.1,134.1,134.1,134.1,134.1,134.1,134.1,134.1,134.1,134.1,134.1
2017-06-01,,,,,,,,,,,,,,,,,,,,,,,,,,,,,,,,,,,,,,,,,,,,,,,,,,,,,,,,,,,,,,,,,,,,,,,,,,,,,,,,,,,,,,,,,132.7,137.4,137.4,137.4,137.4,137.4,137.4,137.4,137.4,137.4,137.4,137.4,137.4,137.4,137.4,137.4,137.4,137.4,137.4,137.4,137.4,137.4,137.4,137.4,137.4,137.4,137.4,137.4,137.4,137.4,137.4,137.4,137.4,137.4,137.4,137.4,137.4,137.4,137.4,137.4,137.4,137.4,137.4,137.4,137.4,137.4,137.4,137.4,137.4,137.4,137.4,137.4,137.4,137.4,137.4,137.4,137.4,137.4,137.4,137.4,137.4,137.4,137.4,137.4,137.4,137.4,137.4,137.4,137.4,137.4,137.4,137.4,137.4,137.4,137.4,137.4,137.4,137.4,137.4,137.4,137.4,137.4,137.4,137.4,137.4,137.4,137.4,137.4,137.4,137.4,137.4,137.4,137.4,137.4,137.4,137.4,137.4,137.4,137.4,137.4,137.4,137.4,137.4,137.4,137.4,137.4,137.4,137.4,137.4,137.4
2017-07-01,,,,,,,,,,,,,,,,,,,,,,,,,,,,,,,,,,,,,,,,,,,,,,,,,,,,,,,,,,,,,,,,,,,,,,,,,,,,,,,,,,,,,,,,,,141.4,141.4,141.4,141.4,141.4,141.4,141.4,141.4,141.4,141.4,141.4,141.4,141.4,141.4,141.4,141.4,141.4,141.4,141.4,141.4,141.4,141.4,141.4,141.4,141.4,141.4,141.4,141.4,141.4,141.4,141.4,141.4,141.4,141.4,141.4,141.4,141.4,141.4,141.4,141.4,141.4,141.4,141.4,141.4,141.4,141.4,141.4,141.4,141.4,141.4,141.4,141.4,141.4,141.4,141.4,141.4,141.4,141.4,141.4,141.4,141.4,141.4,141.4,141.4,141.4,141.4,141.4,141.4,141.4,141.4,141.4,141.4,141.4,141.4,141.4,141.4,141.4,141.4,141.4,141.4,141.4,141.4,141.4,141.4,141.4,141.4,141.4,141.4,141.4,141.4,141.4,141.4,141.4,141.4,141.4,141.4,141.4,141.4,141.4,141.4,141.4,141.4,141.4,141.4,141.4,141.4,141.4,141.4,141.4
2017-08-01,,,,,,,,,,,,,,,,,,,,,,,,,,,,,,,,,,,,,,,,,,,,,,,,,,,,,,,,,,,,,,,,,,,,,,,,,,,,,,,,,,,,,,,,,,,137.0,137.0,137.0,137.0,137.0,137.0,137.0,137.0,137.0,137.0,137.0,137.0,137.0,137.0,137.0,137.0,137.0,137.0,137.0,137.0,137.0,137.0,137.0,137.0,137.0,137.0,137.0,137.0,137.0,137.0,137.0,137.0,137.0,137.0,137.0,137.0,137.0,137.0,137.0,137.0,137.0,137.0,137.0,137.0,137.0,137.0,137.0,137.0,137.0,137.0,137.0,137.0,137.0,137.0,137.0,137.0,137.0,137.0,137.0,137.0,137.0,137.0,137.0,137.0,137.0,137.0,137.0,137.0,137.0,137.0,137.0,137.0,137.0,137.0,137.0,137.0,137.0,137.0,137.0,137.0,137.0,137.0,137.0,137.0,137.0,137.0,137.0,137.0,137.0,137.0,137.0,137.0,137.0,137.0,137.0,137.0,137.0,137.0,137.0,137.0,137.0,137.0,137.0,137.0,137.0,137.0,137.0,137.0
2017-09-01,,,,,,,,,,,,,,,,,,,,,,,,,,,,,,,,,,,,,,,,,,,,,,,,,,,,,,,,,,,,,,,,,,,,,,,,,,,,,,,,,,,,,,,,,,,,133.7,133.7,133.7,133.7,133.7,133.7,133.7,133.7,133.7,133.7,133.7,133.7,133.7,133.7,133.7,133.7,133.7,133.7,133.7,133.7,133.7,133.7,133.7,133.7,133.7,133.7,133.7,133.7,133.7,133.7,133.7,133.7,133.7,133.7,133.7,133.7,133.7,133.7,133.7,133.7,133.7,133.7,133.7,133.7,133.7,133.7,133.7,133.7,133.7,133.7,133.7,133.7,133.7,133.7,133.7,133.7,133.7,133.7,133.7,133.7,133.7,133.7,133.7,133.7,133.7,133.7,133.7,133.7,133.7,133.7,133.7,133.7,133.7,133.7,133.7,133.7,133.7,133.7,133.7,133.7,133.7,133.7,133.7,133.7,133.7,133.7,133.7,133.7,133.7,133.7,133.7,133.7,133.7,133.7,133.7,133.7,133.7,133.7,133.7,133.7,133.7,133.7,133.7,133.7,133.7,133.7,133.7
2017-10-01,,,,,,,,,,,,,,,,,,,,,,,,,,,,,,,,,,,,,,,,,,,,,,,,,,,,,,,,,,,,,,,,,,,,,,,,,,,,,,,,,,,,,,,,,,,,,134.0,134.0,134.0,134.0,134.0,134.0,134.0,134.0,134.0,134.0,134.0,134.0,134.0,134.0,134.0,134.0,134.0,134.0,134.0,134.0,134.0,134.0,134.0,134.0,134.0,134.0,134.0,134.0,134.0,134.0,134.0,134.0,134.0,134.0,134.0,134.0,134.0,134.0,134.0,134.0,134.0,134.0,134.0,134.0,134.0,134.0,134.0,134.0,134.0,134.0,134.0,134.0,134.0,134.0,134.0,134.0,134.0,134.0,134.0,134.0,134.0,134.0,134.0,134.0,134.0,134.0,134.0,134.0,134.0,134.0,134.0,134.0,134.0,134.0,134.0,134.0,134.0,134.0,134.0,134.0,134.0,134.0,134.0,134.0,134.0,134.0,134.0,134.0,134.0,134.0,134.0,134.0,134.0,134.0,134.0,134.0,134.0,134.0,134.0,134.0,134.0,134.0,134.0,134.0,134.0,134.0
2017-11-01,,,,,,,,,,,,,,,,,,,,,,,,,,,,,,,,,,,,,,,,,,,,,,,,,,,,,,,,,,,,,,,,,,,,,,,,,,,,,,,,,,,,,,,,,,,,,,136.8,136.8,136.8,136.8,136.8,136.8,136.8,136.8,136.8,136.8,136.8,136.8,136.8,136.8,136.8,136.8,136.8,136.8,136.8,136.8,136.8,136.8,136.8,136.8,136.8,136.8,136.8,136.8,136.8,136.8,136.8,136.8,136.8,136.8,136.8,136.8,136.8,136.8,136.8,136.8,136.8,136.8,136.8,136.8,136.8,136.8,136.8,136.8,136.8,136.8,136.8,136.8,136.8,136.8,136.8,136.8,136.8,136.8,136.8,136.8,136.8,136.8,136.8,136.8,136.8,136.8,136.8,136.8,136.8,136.8,136.8,136.8,136.8,136.8,136.8,136.8,136.8,136.8,136.8,136.8,136.8,136.8,136.8,136.8,136.8,136.8,136.8,136.8,136.8,136.8,136.8,136.8,136.8,136.8,136.8,136.8,136.8,136.8,136.8,136.8,136.8,136.8,136.8,136.8,136.8
2017-12-01,,,,,,,,,,,,,,,,,,,,,,,,,,,,,,,,,,,,,,,,,,,,,,,,,,,,,,,,,,,,,,,,,,,,,,,,,,,,,,,,,,,,,,,,,,,,,,,136.1,136.1,136.1,136.5,136.5,136.5,136.5,136.5,136.5,136.5,136.5,136.5,136.5,136.5,136.5,136.5,136.5,136.5,136.5,136.5,136.5,136.5,136.5,136.5,136.5,136.5,136.5,136.5,136.5,136.5,136.5,136.5,136.5,136.5,136.5,136.5,136.5,136.5,136.5,136.5,136.5,136.5,136.5,136.5,136.5,136.5,136.5,136.5,136.5,136.5,136.5,136.5,136.5,136.5,136.5,136.5,136.5,136.5,136.5,136.5,136.5,136.5,136.5,136.5,136.5,136.5,136.5,136.5,136.5,136.5,136.5,136.5,136.5,136.5,136.5,136.5,136.5,136.5,136.5,136.5,136.5,136.5,136.5,136.5,136.5,136.5,136.5,136.5,136.5,136.5,136.5,136.5,136.5,136.5,136.5,136.5,136.5,136.5,136.5,136.5,136.5,136.5,136.5,136.5
2018-01-01,,,,,,,,,,,,,,,,,,,,,,,,,,,,,,,,,,,,,,,,,,,,,,,,,,,,,,,,,,,,,,,,,,,,,,,,,,,,,,,,,,,,,,,,,,,,,,,,136.4,136.4,136.7,136.7,136.7,136.7,136.7,136.7,136.7,136.7,136.7,136.7,136.7,136.7,136.7,136.7,136.7,136.7,136.7,136.7,136.7,136.7,136.7,136.7,136.7,136.7,136.7,136.7,136.7,136.7,136.7,136.7,136.7,136.7,136.7,136.7,136.7,136.7,136.7,136.7,136.7,136.7,136.7,136.7,136.7,136.7,136.7,136.7,136.7,136.7,136.7,136.7,136.7,136.7,136.7,136.7,136.7,136.7,136.7,136.7,136.7,136.7,136.7,136.7,136.7,136.7,136.7,136.7,136.7,136.7,136.7,136.7,136.7,136.7,136.7,136.7,136.7,136.7,136.7,136.7,136.7,136.7,136.7,136.7,136.7,136.7,136.7,136.7,136.7,136.7,136.7,136.7,136.7,136.7,136.7,136.7,136.7,136.7,136.7,136.7,136.7,136.7,136.7
2018-02-01,,,,,,,,,,,,,,,,,,,,,,,,,,,,,,,,,,,,,,,,,,,,,,,,,,,,,,,,,,,,,,,,,,,,,,,,,,,,,,,,,,,,,,,,,,,,,,,,,130.4,130.2,130.2,130.2,130.2,130.2,130.2,130.2,130.2,130.2,130.2,130.2,130.2,130.2,130.2,130.2,130.2,130.2,130.2,130.2,130.2,130.2,130.2,130.2,130.2,130.2,130.2,130.2,130.2,130.2,130.2,130.2,130.2,130.2,130.2,130.2,130.2,130.2,130.2,130.2,130.2,130.2,130.2,130.2,130.2,130.2,130.2,130.2,130.2,130.2,130.2,130.2,130.2,130.2,130.2,130.2,130.2,130.2,130.2,130.2,130.2,130.2,130.2,130.2,130.2,130.2,130.2,130.2,130.2,130.2,130.2,130.2,130.2,130.2,130.2,130.2,130.2,130.2,130.2,130.2,130.2,130.2,130.2,130.2,130.2,130.2,130.2,130.2,130.2,130.2,130.2,130.2,130.2,130.2,130.2,130.2,130.2,130.2,130.2,130.2,130.2,130.2
2018-03-01,,,,,,,,,,,,,,,,,,,,,,,,,,,,,,,,,,,,,,,,,,,,,,,,,,,,,,,,,,,,,,,,,,,,,,,,,,,,,,,,,,,,,,,,,,,,,,,,,,137.7,137.7,137.7,137.7,137.7,137.7,137.7,137.7,137.7,137.7,137.7,137.7,137.7,137.7,137.7,137.7,137.7,137.7,137.7,137.7,137.7,137.7,137.7,137.7,137.7,137.7,137.7,137.7,137.7,137.7,137.7,137.7,137.7,137.7,137.7,137.7,137.7,137.7,137.7,137.7,137.7,137.7,137.7,137.7,137.7,137.7,137.7,137.7,137.7,137.7,137.7,137.7,137.7,137.7,137.7,137.7,137.7,137.7,137.7,137.7,137.7,137.7,137.7,137.7,137.7,137.7,137.7,137.7,137.7,137.7,137.7,137.7,137.7,137.7,137.7,137.7,137.7,137.7,137.7,137.7,137.7,137.7,137.7,137.7,137.7,137.7,137.7,137.7,137.7,137.7,137.7,137.7,137.7,137.7,137.7,137.7,137.7,137.7,137.7,137.7,137.7
2018-04-01,,,,,,,,,,,,,,,,,,,,,,,,,,,,,,,,,,,,,,,,,,,,,,,,,,,,,,,,,,,,,,,,,,,,,,,,,,,,,,,,,,,,,,,,,,,,,,,,,,,137.2,137.1,137.1,137.1,137.1,137.1,137.1,137.1,137.1,137.1,137.1,137.1,137.1,137.1,137.1,137.1,137.1,137.1,137.1,137.1,137.1,137.1,137.1,137.1,137.1,137.1,137.1,137.1,137.1,137.1,137.1,137.1,137.1,137.1,137.1,137.1,137.1,137.1,137.1,137.1,137.1,137.1,137.1,137.1,137.1,137.1,137.1,137.1,137.1,137.1,137.1,137.1,137.1,137.1,137.1,137.1,137.1,137.1,137.1,137.1,137.1,137.1,137.1,137.1,137.1,137.1,137.1,137.1,137.1,137.1,137.1,137.1,137.1,137.1,137.1,137.1,137.1,137.1,137.1,137.1,137.1,137.1,137.1,137.1,137.1,137.1,137.1,137.1,137.1,137.1,137.1,137.1,137.1,137.1,137.1,137.1,137.1,137.1,137.1,137.1
2018-05-01,,,,,,,,,,,,,,,,,,,,,,,,,,,,,,,,,,,,,,,,,,,,,,,,,,,,,,,,,,,,,,,,,,,,,,,,,,,,,,,,,,,,,,,,,,,,,,,,,,,,132.0,132.0,132.0,132.0,132.0,132.0,132.0,132.0,132.0,132.0,132.0,132.0,132.0,132.0,132.0,132.0,132.0,132.0,132.0,132.0,132.0,132.0,132.0,132.0,132.0,132.0,132.0,132.0,132.0,132.0,132.0,132.0,132.0,132.0,132.0,132.0,132.0,132.0,132.0,132.0,132.0,132.0,132.0,132.0,132.0,132.0,132.0,132.0,132.0,132.0,132.0,132.0,132.0,132.0,132.0,132.0,132.0,132.0,132.0,132.0,132.0,132.0,132.0,132.0,132.0,132.0,132.0,132.0,132.0,132.0,132.0,132.0,132.0,132.0,132.0,132.0,132.0,132.0,132.0,132.0,132.0,132.0,132.0,132.0,132.0,132.0,132.0,132.0,132.0,132.0,132.0,132.0,132.0,132.0,132.0,132.0,132.0,132.0,132.0
2018-06-01,,,,,,,,,,,,,,,,,,,,,,,,,,,,,,,,,,,,,,,,,,,,,,,,,,,,,,,,,,,,,,,,,,,,,,,,,,,,,,,,,,,,,,,,,,,,,,,,,,,,,131.2,131.2,131.2,131.2,131.2,131.2,131.2,131.2,131.2,131.2,131.2,131.2,131.2,131.2,131.2,131.2,131.2,131.2,131.2,131.2,131.2,131.2,131.2,131.2,131.2,131.2,131.2,131.2,131.2,131.2,131.2,131.2,131.2,131.2,131.2,131.2,131.2,131.2,131.2,131.2,131.2,131.2,131.2,131.2,131.2,131.2,131.2,131.2,131.2,131.2,131.2,131.2,131.2,131.2,131.2,131.2,131.2,131.2,131.2,131.2,131.2,131.2,131.2,131.2,131.2,131.2,131.2,131.2,131.2,131.2,131.2,131.2,131.2,131.2,131.2,131.2,131.2,131.2,131.2,131.2,131.2,131.2,131.2,131.2,131.2,131.2,131.2,131.2,131.2,131.2,131.2,131.2,131.2,131.2,131.2,131.2,131.2,131.2
2018-07-01,,,,,,,,,,,,,,,,,,,,,,,,,,,,,,,,,,,,,,,,,,,,,,,,,,,,,,,,,,,,,,,,,,,,,,,,,,,,,,,,,,,,,,,,,,,,,,,,,,,,,,142.2,142.2,142.2,142.3,142.3,142.3,142.3,142.3,142.3,142.3,142.3,142.3,142.3,142.3,142.3,142.3,142.3,142.3,142.3,142.3,142.3,142.3,142.3,142.3,142.3,142.3,142.3,142.3,142.3,142.3,142.3,142.3,142.3,142.3,142.3,142.3,142.3,142.3,142.3,142.3,142.3,142.3,142.3,142.3,142.3,142.3,142.3,142.3,142.3,142.3,142.3,142.3,142.3,142.3,142.3,142.3,142.3,142.3,142.3,142.3,142.3,142.3,142.3,142.3,142.3,142.3,142.3,142.3,142.3,142.3,142.3,142.3,142.3,142.3,142.3,142.3,142.3,142.3,142.3,142.3,142.3,142.3,142.3,142.3,142.3,142.3,142.3,142.3,142.3,142.3,142.3,142.3,142.3,142.3,142.3,142.3,142.3
2018-08-01,,,,,,,,,,,,,,,,,,,,,,,,,,,,,,,,,,,,,,,,,,,,,,,,,,,,,,,,,,,,,,,,,,,,,,,,,,,,,,,,,,,,,,,,,,,,,,,,,,,,,,,152.7,152.7,153.2,153.2,153.2,153.2,153.2,153.2,153.2,153.2,153.2,153.2,153.2,153.2,153.2,153.2,153.2,153.2,153.2,153.2,153.2,153.2,153.2,153.2,153.2,153.2,153.2,153.2,153.2,153.2,153.2,153.2,153.2,153.2,153.2,153.2,153.2,153.2,153.2,153.2,153.2,153.2,153.2,153.2,153.2,153.2,153.2,153.2,153.2,153.2,153.2,153.2,153.2,153.2,153.2,153.2,153.2,153.2,153.2,153.2,153.2,153.2,153.2,153.2,153.2,153.2,153.2,153.2,153.2,153.2,153.2,153.2,153.2,153.2,153.2,153.2,153.2,153.2,153.2,153.2,153.2,153.2,153.2,153.2,153.2,153.2,153.2,153.2,153.2,153.2,153.2,153.2,153.2,153.2,153.2,153.2
2018-09-01,,,,,,,,,,,,,,,,,,,,,,,,,,,,,,,,,,,,,,,,,,,,,,,,,,,,,,,,,,,,,,,,,,,,,,,,,,,,,,,,,,,,,,,,,,,,,,,,,,,,,,,,142.4,142.9,142.9,142.9,142.9,142.9,142.9,142.9,142.9,142.9,142.9,142.9,142.9,142.9,142.9,142.9,142.9,142.9,142.9,142.9,142.9,142.9,142.9,142.9,142.9,142.9,142.9,142.9,142.9,142.9,142.9,142.9,142.9,142.9,142.9,142.9,142.9,142.9,142.9,142.9,142.9,142.9,142.9,142.9,142.9,142.9,142.9,142.9,142.9,142.9,142.9,142.9,142.9,142.9,142.9,142.9,142.9,142.9,142.9,142.9,142.9,142.9,142.9,142.9,142.9,142.9,142.9,142.9,142.9,142.9,142.9,142.9,142.9,142.9,142.9,142.9,142.9,142.9,142.9,142.9,142.9,142.9,142.9,142.9,142.9,142.9,142.9,142.9,142.9,142.9,142.9,142.9,142.9,142.9,142.9
2018-10-01,,,,,,,,,,,,,,,,,,,,,,,,,,,,,,,,,,,,,,,,,,,,,,,,,,,,,,,,,,,,,,,,,,,,,,,,,,,,,,,,,,,,,,,,,,,,,,,,,,,,,,,,,140.3,140.3,140.3,140.3,140.3,140.3,140.3,140.3,140.3,140.3,140.3,140.3,140.3,140.3,140.3,140.3,140.3,140.3,140.3,140.3,140.3,140.3,140.3,140.3,140.3,140.3,140.3,140.3,140.3,140.3,140.3,140.3,140.3,140.3,140.3,140.3,140.3,140.3,140.3,140.3,140.3,140.3,140.3,140.3,140.3,140.3,140.3,140.3,140.3,140.3,140.3,140.3,140.3,140.3,140.3,140.3,140.3,140.3,140.3,140.3,140.3,140.3,140.3,140.3,140.3,140.3,140.3,140.3,140.3,140.3,140.3,140.3,140.3,140.3,140.3,140.3,140.3,140.3,140.3,140.3,140.3,140.3,140.3,140.3,140.3,140.3,140.3,140.3,140.3,140.3,140.3,140.3,140.3,140.3
2018-11-01,,,,,,,,,,,,,,,,,,,,,,,,,,,,,,,,,,,,,,,,,,,,,,,,,,,,,,,,,,,,,,,,,,,,,,,,,,,,,,,,,,,,,,,,,,,,,,,,,,,,,,,,,,144.9,144.9,144.9,144.9,144.9,144.9,144.9,144.9,144.9,144.9,144.9,144.9,144.9,144.9,144.9,144.9,144.9,144.9,144.9,144.9,144.9,144.9,144.9,144.9,144.9,144.9,144.9,144.9,144.9,144.9,144.9,144.9,144.9,144.9,144.9,144.9,144.9,144.9,144.9,144.9,144.9,144.9,144.9,144.9,144.9,144.9,144.9,144.9,144.9,144.9,144.9,144.9,144.9,144.9,144.9,144.9,144.9,144.9,144.9,144.9,144.9,144.9,144.9,144.9,144.9,144.9,144.9,144.9,144.9,144.9,144.9,144.9,144.9,144.9,144.9,144.9,144.9,144.9,144.9,144.9,144.9,144.9,144.9,144.9,144.9,144.9,144.9,144.9,144.9,144.9,144.9,144.9,144.9
2018-12-01,,,,,,,,,,,,,,,,,,,,,,,,,,,,,,,,,,,,,,,,,,,,,,,,,,,,,,,,,,,,,,,,,,,,,,,,,,,,,,,,,,,,,,,,,,,,,,,,,,,,,,,,,,,145.1,144.9,144.9,144.9,144.9,144.9,144.9,144.9,144.9,144.9,144.9,144.9,144.9,144.9,144.9,144.9,144.9,144.9,144.9,144.9,144.9,144.9,144.9,144.9,144.9,144.9,144.9,144.9,144.9,144.9,144.9,144.9,144.9,144.9,144.9,144.9,144.9,144.9,144.9,144.9,144.9,144.9,144.9,144.9,144.9,144.9,144.9,144.9,144.9,144.9,144.9,144.9,144.9,144.9,144.9,144.9,144.9,144.9,144.9,144.9,144.9,144.9,144.9,144.9,144.9,144.9,144.9,144.9,144.9,144.9,144.9,144.9,144.9,144.9,144.9,144.9,144.9,144.9,144.9,144.9,144.9,144.9,144.9,144.9,144.9,144.9,144.9,144.9,144.9,144.9,144.9,144.9
2019-01-01,,,,,,,,,,,,,,,,,,,,,,,,,,,,,,,,,,,,,,,,,,,,,,,,,,,,,,,,,,,,,,,,,,,,,,,,,,,,,,,,,,,,,,,,,,,,,,,,,,,,,,,,,,,,135.9,138.6,138.6,138.6,138.6,138.6,138.6,138.6,138.6,138.6,138.6,138.6,138.6,138.6,138.6,138.6,138.6,138.6,138.6,138.6,138.6,138.6,138.6,138.6,138.6,138.6,138.6,138.6,138.6,138.6,138.6,138.6,138.6,138.6,138.6,138.6,138.6,138.6,138.6,138.6,138.6,138.6,138.6,138.6,138.6,138.6,138.6,138.6,138.6,138.6,138.6,138.6,138.6,138.6,138.6,138.6,138.6,138.6,138.6,138.6,138.6,138.6,138.6,138.6,138.6,138.6,138.6,138.6,138.6,138.6,138.6,138.6,138.6,138.6,138.6,138.6,138.6,138.6,138.6,138.6,138.6,138.6,138.6,138.6,138.6,138.6,138.6,138.6,138.6,138.6,138.6
2019-02-01,,,,,,,,,,,,,,,,,,,,,,,,,,,,,,,,,,,,,,,,,,,,,,,,,,,,,,,,,,,,,,,,,,,,,,,,,,,,,,,,,,,,,,,,,,,,,,,,,,,,,,,,,,,,,140.5,140.5,140.5,140.5,140.5,140.5,140.5,140.5,140.5,140.5,140.5,140.5,140.5,140.5,140.5,140.5,140.5,140.5,140.5,140.5,140.5,140.5,140.5,140.5,140.5,140.5,140.5,140.5,140.5,140.5,140.5,140.5,140.5,140.5,140.5,140.5,140.5,140.5,140.5,140.5,140.5,140.5,140.5,140.5,140.5,140.5,140.5,140.5,140.5,140.5,140.5,140.5,140.5,140.5,140.5,140.5,140.5,140.5,140.5,140.5,140.5,140.5,140.5,140.5,140.5,140.5,140.5,140.5,140.5,140.5,140.5,140.5,140.5,140.5,140.5,140.5,140.5,140.5,140.5,140.5,140.5,140.5,140.5,140.5,140.5,140.5,140.5,140.5,140.5,140.5
2019-03-01,,,,,,,,,,,,,,,,,,,,,,,,,,,,,,,,,,,,,,,,,,,,,,,,,,,,,,,,,,,,,,,,,,,,,,,,,,,,,,,,,,,,,,,,,,,,,,,,,,,,,,,,,,,,,,140.5,140.5,140.5,140.5,140.5,140.5,140.5,140.5,140.5,140.5,140.5,140.5,140.5,140.5,140.5,140.5,140.5,140.5,140.5,140.5,140.5,140.5,140.5,140.5,140.5,140.5,140.5,140.5,140.5,140.5,140.5,140.5,140.5,140.5,140.5,140.5,140.5,140.5,140.5,140.5,140.5,140.5,140.5,140.5,140.5,140.5,140.5,140.5,140.5,140.5,140.5,140.5,140.5,140.5,140.5,140.5,140.5,140.5,140.5,140.5,140.5,140.5,140.5,140.5,140.5,140.5,140.5,140.5,140.5,140.5,140.5,140.5,140.5,140.5,140.5,140.5,140.5,140.5,140.5,140.5,140.5,140.5,140.5,140.5,140.5,140.5,140.5,140.5,140.5
2019-04-01,,,,,,,,,,,,,,,,,,,,,,,,,,,,,,,,,,,,,,,,,,,,,,,,,,,,,,,,,,,,,,,,,,,,,,,,,,,,,,,,,,,,,,,,,,,,,,,,,,,,,,,,,,,,,,,137.5,137.5,137.5,137.5,137.5,137.5,137.5,137.5,137.5,137.5,137.5,137.5,137.5,137.5,137.5,137.5,137.5,137.5,137.5,137.5,137.5,137.5,137.5,137.5,137.5,137.5,137.5,137.5,137.5,137.5,137.5,137.5,137.5,137.5,137.5,137.5,137.5,137.5,137.5,137.5,137.5,137.5,137.5,137.5,137.5,137.5,137.5,137.5,137.5,137.5,137.5,137.5,137.5,137.5,137.5,137.5,137.5,137.5,137.5,137.5,137.5,137.5,137.5,137.5,137.5,137.5,137.5,137.5,137.5,137.5,137.5,137.5,137.5,137.5,137.5,137.5,137.5,137.5,137.5,137.5,137.5,137.5,137.5,137.5,137.5,137.5,137.5,137.5
2019-05-01,,,,,,,,,,,,,,,,,,,,,,,,,,,,,,,,,,,,,,,,,,,,,,,,,,,,,,,,,,,,,,,,,,,,,,,,,,,,,,,,,,,,,,,,,,,,,,,,,,,,,,,,,,,,,,,,137.5,137.5,137.5,137.5,137.5,137.5,137.5,137.5,137.5,137.5,137.5,137.5,137.5,137.5,137.5,137.5,137.5,137.5,137.5,137.5,137.5,137.5,137.5,137.5,137.5,137.5,137.5,137.5,137.5,137.5,137.5,137.5,137.5,137.5,137.5,137.5,137.5,137.5,137.5,137.5,137.5,137.5,137.5,137.5,137.5,137.5,137.5,137.5,137.5,137.5,137.5,137.5,137.5,137.5,137.5,137.5,137.5,137.5,137.5,137.5,137.5,137.5,137.5,137.5,137.5,137.5,137.5,137.5,137.5,137.5,137.5,137.5,137.5,137.5,137.5,137.5,137.5,137.5,137.5,137.5,137.5,137.5,137.5,137.5,137.5,137.5,137.5
2019-06-01,,,,,,,,,,,,,,,,,,,,,,,,,,,,,,,,,,,,,,,,,,,,,,,,,,,,,,,,,,,,,,,,,,,,,,,,,,,,,,,,,,,,,,,,,,,,,,,,,,,,,,,,,,,,,,,,,138.0,138.0,138.0,138.0,138.0,138.0,138.0,138.0,138.0,138.0,138.0,138.0,138.0,138.0,138.0,138.0,138.0,138.0,138.0,138.0,138.0,138.0,138.0,138.0,138.0,138.0,138.0,138.0,138.0,138.0,138.0,138.0,138.0,138.0,138.0,138.0,138.0,138.0,138.0,138.0,138.0,138.0,138.0,138.0,138.0,138.0,138.0,138.0,138.0,138.0,138.0,138.0,138.0,138.0,138.0,138.0,138.0,138.0,138.0,138.0,138.0,138.0,138.0,138.0,138.0,138.0,138.0,138.0,138.0,138.0,138.0,138.0,138.0,138.0,138.0,138.0,138.0,138.0,138.0,138.0,138.0,138.0,138.0,138.0,138.0,138.0
2019-07-01,,,,,,,,,,,,,,,,,,,,,,,,,,,,,,,,,,,,,,,,,,,,,,,,,,,,,,,,,,,,,,,,,,,,,,,,,,,,,,,,,,,,,,,,,,,,,,,,,,,,,,,,,,,,,,,,,,146.5,146.5,146.5,146.5,146.5,146.5,146.5,146.5,146.5,146.5,146.5,146.5,146.5,146.5,146.5,146.5,146.5,146.5,146.5,146.5,146.5,146.5,146.5,146.5,146.5,146.5,146.5,146.5,146.5,146.5,146.5,146.5,146.5,146.5,146.5,146.5,146.5,146.5,146.5,146.5,146.5,146.5,146.5,146.5,146.5,146.5,146.5,146.5,146.5,146.5,146.5,146.5,146.5,146.5,146.5,146.5,146.5,146.5,146.5,146.5,146.5,146.5,146.5,146.5,146.5,146.5,146.5,146.5,146.5,146.5,146.5,146.5,146.5,146.5,146.5,146.5,146.5,146.5,146.5,146.5,146.5,146.5,146.5,146.5,146.5
2019-08-01,,,,,,,,,,,,,,,,,,,,,,,,,,,,,,,,,,,,,,,,,,,,,,,,,,,,,,,,,,,,,,,,,,,,,,,,,,,,,,,,,,,,,,,,,,,,,,,,,,,,,,,,,,,,,,,,,,,141.0,141.0,141.0,141.0,141.0,141.0,141.0,141.0,141.0,141.0,141.0,141.0,141.0,141.0,141.0,141.0,141.0,141.0,141.0,141.0,141.0,141.0,141.0,141.0,141.0,141.0,141.0,141.0,141.0,141.0,141.0,141.0,141.0,141.0,141.0,141.0,141.0,141.0,141.0,141.0,141.0,141.0,141.0,141.0,141.0,141.0,141.0,141.0,141.0,141.0,141.0,141.0,141.0,141.0,141.0,141.0,141.0,141.0,141.0,141.0,141.0,141.0,141.0,141.0,141.0,141.0,141.0,141.0,141.0,141.0,141.0,141.0,141.0,141.0,141.0,141.0,141.0,141.0,141.0,141.0,141.0,141.0,141.0,141.0
2019-09-01,,,,,,,,,,,,,,,,,,,,,,,,,,,,,,,,,,,,,,,,,,,,,,,,,,,,,,,,,,,,,,,,,,,,,,,,,,,,,,,,,,,,,,,,,,,,,,,,,,,,,,,,,,,,,,,,,,,,131.5,131.5,131.5,131.5,131.5,131.5,131.5,131.5,131.5,131.5,131.5,131.5,131.5,131.5,131.5,131.5,131.5,131.5,131.5,131.5,131.5,131.5,131.5,131.5,131.5,131.5,131.5,131.5,131.5,131.5,131.5,131.5,131.5,131.5,131.5,131.5,131.5,131.5,131.5,131.5,131.5,131.5,131.5,131.5,131.5,131.5,131.5,131.5,131.5,131.5,131.5,131.5,131.5,131.5,131.5,131.5,131.5,131.5,131.5,131.5,131.5,131.5,131.5,131.5,131.5,131.5,131.5,131.5,131.5,131.5,131.5,131.5,131.5,131.5,131.5,131.5,131.5,131.5,131.5,131.5,131.5,131.5,131.5
2019-10-01,,,,,,,,,,,,,,,,,,,,,,,,,,,,,,,,,,,,,,,,,,,,,,,,,,,,,,,,,,,,,,,,,,,,,,,,,,,,,,,,,,,,,,,,,,,,,,,,,,,,,,,,,,,,,,,,,,,,,133.9,133.9,133.9,133.9,133.9,133.9,133.9,133.9,133.9,133.9,133.9,133.9,133.9,133.9,133.9,133.9,133.9,133.9,133.9,133.9,133.9,133.9,133.9,133.9,133.9,133.9,133.9,133.9,133.9,133.9,133.9,133.9,133.9,133.9,133.9,133.9,133.9,133.9,133.9,133.9,133.9,133.9,133.9,133.9,133.9,133.9,133.9,133.9,133.9,133.9,133.9,133.9,133.9,133.9,133.9,133.9,133.9,133.9,133.9,133.9,133.9,133.9,133.9,133.9,133.9,133.9,133.9,133.9,133.9,133.9,133.9,133.9,133.9,133.9,133.9,133.9,133.9,133.9,133.9,133.9,133.9,133.9
2019-11-01,,,,,,,,,,,,,,,,,,,,,,,,,,,,,,,,,,,,,,,,,,,,,,,,,,,,,,,,,,,,,,,,,,,,,,,,,,,,,,,,,,,,,,,,,,,,,,,,,,,,,,,,,,,,,,,,,,,,,,139.7,139.7,139.7,139.7,139.7,139.7,139.7,139.7,139.7,139.7,139.7,139.7,139.7,139.7,139.7,139.7,139.7,139.7,139.7,139.7,139.7,139.7,139.7,139.7,139.7,139.7,139.7,139.7,139.7,139.7,139.7,139.7,139.7,139.7,139.7,139.7,139.7,139.7,139.7,139.7,139.7,139.7,139.7,139.7,139.7,139.7,139.7,139.7,139.7,139.7,139.7,139.7,139.7,139.7,139.7,139.7,139.7,139.7,139.7,139.7,139.7,139.7,139.7,139.7,139.7,139.7,139.7,139.7,139.7,139.7,139.7,139.7,139.7,139.7,139.7,139.7,139.7,139.7,139.7,139.7,139.7
2019-12-01,,,,,,,,,,,,,,,,,,,,,,,,,,,,,,,,,,,,,,,,,,,,,,,,,,,,,,,,,,,,,,,,,,,,,,,,,,,,,,,,,,,,,,,,,,,,,,,,,,,,,,,,,,,,,,,,,,,,,,,141.1,141.1,141.1,141.1,141.1,141.1,141.1,141.1,141.1,141.1,141.1,141.1,141.1,141.1,141.1,141.1,141.1,141.1,141.1,141.1,141.1,141.1,141.1,141.1,141.1,141.1,141.1,141.1,141.1,141.1,141.1,141.1,141.1,141.1,141.1,141.1,141.1,141.1,141.1,141.1,141.1,141.1,141.1,141.1,141.1,141.1,141.1,141.1,141.1,141.1,141.1,141.1,141.1,141.1,141.1,141.1,141.1,141.1,141.1,141.1,141.1,141.1,141.1,141.1,141.1,141.1,141.1,141.1,141.1,141.1,141.1,141.1,141.1,141.1,141.1,141.1,141.1,141.1,141.1,141.1
2020-01-01,,,,,,,,,,,,,,,,,,,,,,,,,,,,,,,,,,,,,,,,,,,,,,,,,,,,,,,,,,,,,,,,,,,,,,,,,,,,,,,,,,,,,,,,,,,,,,,,,,,,,,,,,,,,,,,,,,,,,,,,143.0,143.0,143.0,143.0,143.0,143.0,143.0,143.0,143.0,143.0,143.0,143.0,143.0,143.0,143.0,143.0,143.0,143.0,143.0,143.0,143.0,143.0,143.0,143.0,143.0,143.0,143.0,143.0,143.0,143.0,143.0,143.0,143.0,143.0,143.0,143.0,143.0,143.0,143.0,143.0,143.0,143.0,143.0,143.0,143.0,143.0,143.0,143.0,143.0,143.0,143.0,143.0,143.0,143.0,143.0,143.0,143.0,143.0,143.0,143.0,143.0,143.0,143.0,143.0,143.0,143.0,143.0,143.0,143.0,143.0,143.0,143.0,143.0,143.0,143.0,143.0,143.0,143.0,143.0
2020-02-01,,,,,,,,,,,,,,,,,,,,,,,,,,,,,,,,,,,,,,,,,,,,,,,,,,,,,,,,,,,,,,,,,,,,,,,,,,,,,,,,,,,,,,,,,,,,,,,,,,,,,,,,,,,,,,,,,,,,,,,,,227.3,227.3,227.3,227.5,227.5,227.5,227.5,227.5,227.5,227.5,227.5,227.5,227.5,227.5,227.5,227.5,227.5,227.5,227.5,227.5,227.5,227.5,227.5,227.5,227.5,227.5,227.5,227.5,227.5,227.5,227.5,227.5,227.5,227.5,227.5,227.5,227.5,227.5,227.5,227.5,227.5,227.5,227.5,227.5,227.5,227.5,227.5,227.5,227.5,227.5,227.5,227.5,227.5,227.5,227.5,227.5,227.5,227.5,227.5,227.5,227.5,227.5,227.5,227.5,227.5,227.5,227.5,227.5,227.5,227.5,227.5,227.5,227.5,227.5,227.5,227.5,227.5,227.5
2020-03-01,,,,,,,,,,,,,,,,,,,,,,,,,,,,,,,,,,,,,,,,,,,,,,,,,,,,,,,,,,,,,,,,,,,,,,,,,,,,,,,,,,,,,,,,,,,,,,,,,,,,,,,,,,,,,,,,,,,,,,,,,,152.2,152.2,152.2,152.2,152.2,152.2,152.2,152.2,152.2,152.2,152.2,152.2,152.2,152.2,152.2,152.2,152.2,152.2,152.2,152.2,152.2,152.2,152.2,152.2,152.2,152.2,152.2,152.2,152.2,152.2,152.2,152.2,152.2,152.2,152.2,152.2,152.2,152.2,152.2,152.2,152.2,152.2,152.2,152.2,152.2,152.2,152.2,152.2,152.2,152.2,152.2,152.2,152.2,152.2,152.2,152.2,152.2,152.2,152.2,152.2,152.2,152.2,152.2,152.2,152.2,152.2,152.2,152.2,152.2,152.2,152.2,152.2,152.2,152.2,152.2,152.2,152.2
2020-04-01,,,,,,,,,,,,,,,,,,,,,,,,,,,,,,,,,,,,,,,,,,,,,,,,,,,,,,,,,,,,,,,,,,,,,,,,,,,,,,,,,,,,,,,,,,,,,,,,,,,,,,,,,,,,,,,,,,,,,,,,,,,151.3,151.5,151.5,151.5,151.5,151.5,151.5,151.5,151.5,151.5,151.5,151.5,151.5,151.5,151.5,151.5,151.5,151.5,151.5,151.5,151.5,151.5,151.5,151.5,151.5,151.5,151.5,151.5,151.5,151.5,151.5,151.5,151.5,151.5,151.5,151.5,151.5,151.5,151.5,151.5,151.5,151.5,151.5,151.5,151.5,151.5,151.5,151.5,151.5,151.5,151.5,151.5,151.5,151.5,151.5,151.5,151.5,151.5,151.5,151.5,151.5,151.5,151.5,151.5,151.5,151.5,151.5,151.5,151.5,151.5,151.5,151.5,151.5,151.5,151.5,151.5
2020-05-01,,,,,,,,,,,,,,,,,,,,,,,,,,,,,,,,,,,,,,,,,,,,,,,,,,,,,,,,,,,,,,,,,,,,,,,,,,,,,,,,,,,,,,,,,,,,,,,,,,,,,,,,,,,,,,,,,,,,,,,,,,,,153.2,153.2,153.2,153.2,153.2,153.2,153.2,153.2,153.2,153.2,153.2,153.2,153.2,153.2,153.2,153.2,153.2,153.2,153.2,153.2,153.2,153.2,153.2,153.2,153.2,153.2,153.2,153.2,153.2,153.2,153.2,153.2,153.2,153.2,153.2,153.2,153.2,153.2,153.2,153.2,153.2,153.2,153.2,153.2,153.2,153.2,153.2,153.2,153.2,153.2,153.2,153.2,153.2,153.2,153.2,153.2,153.2,153.2,153.2,153.2,153.2,153.2,153.2,153.2,153.2,153.2,153.2,153.2,153.2,153.2,153.2,153.2,153.2,153.2,153.2
2020-06-01,,,,,,,,,,,,,,,,,,,,,,,,,,,,,,,,,,,,,,,,,,,,,,,,,,,,,,,,,,,,,,,,,,,,,,,,,,,,,,,,,,,,,,,,,,,,,,,,,,,,,,,,,,,,,,,,,,,,,,,,,,,,,141.4,134.9,134.9,134.9,134.9,134.9,134.9,134.9,134.9,134.9,134.9,134.9,134.9,134.9,134.9,134.9,134.9,134.9,134.9,134.9,134.9,134.9,134.9,134.9,134.9,134.9,134.9,134.9,134.9,134.9,134.9,134.9,134.9,134.9,134.9,134.9,134.9,134.9,134.9,134.9,134.9,134.9,134.9,134.9,134.9,134.9,134.9,134.9,134.9,134.9,134.9,134.9,134.9,134.9,134.9,134.9,134.9,134.9,134.9,134.9,134.9,134.9,134.9,134.9,134.9,134.9,134.9,134.9,134.9,134.9,134.9,134.9,134.9,134.9
2020-07-01,,,,,,,,,,,,,,,,,,,,,,,,,,,,,,,,,,,,,,,,,,,,,,,,,,,,,,,,,,,,,,,,,,,,,,,,,,,,,,,,,,,,,,,,,,,,,,,,,,,,,,,,,,,,,,,,,,,,,,,,,,,,,,137.0,137.0,137.0,137.0,137.0,137.0,137.0,137.0,137.0,137.0,137.0,137.0,137.0,137.0,137.0,137.0,137.0,137.0,137.0,137.0,137.0,137.0,137.0,137.0,137.0,137.0,137.0,137.0,137.0,137.0,137.0,137.0,137.0,137.0,137.0,137.0,137.0,137.0,137.0,137.0,137.0,137.0,137.0,137.0,137.0,137.0,137.0,137.0,137.0,137.0,137.0,137.0,137.0,137.0,137.0,137.0,137.0,137.0,137.0,137.0,137.0,137.0,137.0,137.0,137.0,137.0,137.0,137.0,137.0,137.0,137.0,137.0,137.0
2020-08-01,,,,,,,,,,,,,,,,,,,,,,,,,,,,,,,,,,,,,,,,,,,,,,,,,,,,,,,,,,,,,,,,,,,,,,,,,,,,,,,,,,,,,,,,,,,,,,,,,,,,,,,,,,,,,,,,,,,,,,,,,,,,,,,135.3,135.3,135.3,135.3,135.3,135.3,135.3,135.3,135.3,135.3,135.3,135.3,135.3,135.3,135.3,135.3,135.3,135.3,135.3,135.3,135.3,135.3,135.3,135.3,135.3,135.3,135.3,135.3,135.3,135.3,135.3,135.3,135.3,135.3,135.3,135.3,135.3,135.3,135.3,135.3,135.3,135.3,135.3,135.3,135.3,135.3,135.3,135.3,135.3,135.3,135.3,135.3,135.3,135.3,135.3,135.3,135.3,135.3,135.3,135.3,135.3,135.3,135.3,135.3,135.3,135.3,135.3,135.3,135.3,135.3,135.3,135.3
2020-09-01,,,,,,,,,,,,,,,,,,,,,,,,,,,,,,,,,,,,,,,,,,,,,,,,,,,,,,,,,,,,,,,,,,,,,,,,,,,,,,,,,,,,,,,,,,,,,,,,,,,,,,,,,,,,,,,,,,,,,,,,,,,,,,,,130.8,126.7,126.7,126.7,126.7,126.7,126.7,126.7,126.7,126.7,126.7,126.7,126.7,126.7,126.7,126.7,126.7,126.7,126.7,126.7,126.7,126.7,126.7,126.7,126.7,126.7,126.7,126.7,126.7,126.7,126.7,126.7,126.7,126.7,126.7,126.7,126.7,126.7,126.7,126.7,126.7,126.7,126.7,126.7,126.7,126.7,126.7,126.7,126.7,126.7,126.7,126.7,126.7,126.7,126.7,126.7,126.7,126.7,126.7,126.7,126.7,126.7,126.7,126.7,126.7,126.7,126.7,126.7,126.7,126.7,126.7
2020-10-01,,,,,,,,,,,,,,,,,,,,,,,,,,,,,,,,,,,,,,,,,,,,,,,,,,,,,,,,,,,,,,,,,,,,,,,,,,,,,,,,,,,,,,,,,,,,,,,,,,,,,,,,,,,,,,,,,,,,,,,,,,,,,,,,,131.8,131.8,131.8,131.8,131.8,131.8,131.8,131.8,131.8,131.8,131.8,131.8,131.8,131.8,131.8,131.8,131.8,131.8,131.8,131.8,131.8,131.8,131.8,131.8,131.8,131.8,131.8,131.8,131.8,131.8,131.8,131.8,131.8,131.8,131.8,131.8,131.8,131.8,131.8,131.8,131.8,131.8,131.8,131.8,131.8,131.8,131.8,131.8,131.8,131.8,131.8,131.8,131.8,131.8,131.8,131.8,131.8,131.8,131.8,131.8,131.8,131.8,131.8,131.8,131.8,131.8,131.8,131.8,131.8,131.8
2020-11-01,,,,,,,,,,,,,,,,,,,,,,,,,,,,,,,,,,,,,,,,,,,,,,,,,,,,,,,,,,,,,,,,,,,,,,,,,,,,,,,,,,,,,,,,,,,,,,,,,,,,,,,,,,,,,,,,,,,,,,,,,,,,,,,,,,136.1,136.1,136.1,136.1,136.1,136.1,136.1,136.1,136.1,136.1,136.1,136.1,136.1,136.1,136.1,136.1,136.1,136.1,136.1,136.1,136.1,136.1,136.1,136.1,136.1,136.1,136.1,136.1,136.1,136.1,136.1,136.1,136.1,136.1,136.1,136.1,136.1,136.1,136.1,136.1,136.1,136.1,136.1,136.1,136.1,136.1,136.1,136.1,136.1,136.1,136.1,136.1,136.1,136.1,136.1,136.1,136.1,136.1,136.1,136.1,136.1,136.1,136.1,136.1,136.1,136.1,136.1,136.1,136.1
2020-12-01,,,,,,,,,,,,,,,,,,,,,,,,,,,,,,,,,,,,,,,,,,,,,,,,,,,,,,,,,,,,,,,,,,,,,,,,,,,,,,,,,,,,,,,,,,,,,,,,,,,,,,,,,,,,,,,,,,,,,,,,,,,,,,,,,,,146.1,144.7,144.7,144.7,144.7,144.7,144.7,144.7,144.7,144.7,144.7,144.7,144.7,144.7,144.7,144.7,144.7,144.7,144.7,144.7,144.7,144.7,144.7,144.7,144.7,144.7,144.7,144.7,144.7,144.7,144.7,144.7,144.7,144.7,144.7,144.7,144.7,144.7,144.7,144.7,144.7,144.7,144.7,144.7,144.7,144.7,144.7,144.7,144.7,144.7,144.7,144.7,144.7,144.7,144.7,144.7,144.7,144.7,144.7,144.7,144.7,144.7,144.7,144.7,144.7,144.7,144.7,144.7
2021-01-01,,,,,,,,,,,,,,,,,,,,,,,,,,,,,,,,,,,,,,,,,,,,,,,,,,,,,,,,,,,,,,,,,,,,,,,,,,,,,,,,,,,,,,,,,,,,,,,,,,,,,,,,,,,,,,,,,,,,,,,,,,,,,,,,,,,,144.7,144.7,144.7,144.7,144.7,144.7,144.7,144.7,144.7,144.7,144.7,144.7,144.7,144.7,144.7,144.7,144.7,144.7,144.7,144.7,144.7,144.7,144.7,144.7,144.7,144.7,144.7,144.7,144.7,144.7,144.7,144.7,144.7,144.7,144.7,144.7,144.7,144.7,144.7,144.7,144.7,144.7,144.7,144.7,144.7,144.7,144.7,144.7,144.7,144.7,144.7,144.7,144.7,144.7,144.7,144.7,144.7,144.7,144.7,144.7,144.7,144.7,144.7,144.7,144.7,144.7,144.7
2021-02-01,,,,,,,,,,,,,,,,,,,,,,,,,,,,,,,,,,,,,,,,,,,,,,,,,,,,,,,,,,,,,,,,,,,,,,,,,,,,,,,,,,,,,,,,,,,,,,,,,,,,,,,,,,,,,,,,,,,,,,,,,,,,,,,,,,,,,133.0,162.6,162.6,163.4,163.4,163.4,163.4,163.4,163.4,163.4,163.4,163.4,163.4,163.4,163.4,163.4,163.4,163.4,163.4,163.4,163.4,163.4,163.4,163.4,163.4,163.4,163.4,163.4,163.4,163.4,163.4,163.4,163.4,163.4,163.4,163.4,163.4,163.4,163.4,163.4,163.4,163.4,163.4,163.4,163.4,163.4,163.4,163.4,163.4,163.4,163.4,163.4,163.4,163.4,163.4,163.4,163.4,163.4,163.4,163.4,163.4,163.4,163.4,163.4,163.4,163.4
2021-03-01,,,,,,,,,,,,,,,,,,,,,,,,,,,,,,,,,,,,,,,,,,,,,,,,,,,,,,,,,,,,,,,,,,,,,,,,,,,,,,,,,,,,,,,,,,,,,,,,,,,,,,,,,,,,,,,,,,,,,,,,,,,,,,,,,,,,,,165.5,164.4,164.9,164.9,164.9,164.9,164.9,164.9,164.9,164.9,164.9,164.9,164.9,164.9,164.9,164.9,164.9,164.9,164.9,164.9,164.9,164.9,164.9,164.9,164.9,164.9,164.9,164.9,164.9,164.9,164.9,164.9,164.9,164.9,164.9,164.9,164.9,164.9,164.9,164.9,164.9,164.9,164.9,164.9,164.9,164.9,164.9,164.9,164.9,164.9,164.9,164.9,164.9,164.9,164.9,164.9,164.9,164.9,164.9,164.9,164.9,164.9,164.9,164.9,164.9
2021-04-01,,,,,,,,,,,,,,,,,,,,,,,,,,,,,,,,,,,,,,,,,,,,,,,,,,,,,,,,,,,,,,,,,,,,,,,,,,,,,,,,,,,,,,,,,,,,,,,,,,,,,,,,,,,,,,,,,,,,,,,,,,,,,,,,,,,,,,,163.6,165.7,165.7,165.7,165.7,165.7,165.7,165.7,165.7,165.7,165.7,165.7,165.7,165.7,165.7,165.7,165.7,165.7,165.7,165.7,165.7,165.7,165.7,165.7,165.7,165.7,165.7,165.7,165.7,165.7,165.7,165.7,165.7,165.7,165.7,165.7,165.7,165.7,165.7,165.7,165.7,165.7,165.7,165.7,165.7,165.7,165.7,165.7,165.7,165.7,165.7,165.7,165.7,165.7,165.7,165.7,165.7,165.7,165.7,165.7,165.7,165.7,165.7,165.7
2021-05-01,,,,,,,,,,,,,,,,,,,,,,,,,,,,,,,,,,,,,,,,,,,,,,,,,,,,,,,,,,,,,,,,,,,,,,,,,,,,,,,,,,,,,,,,,,,,,,,,,,,,,,,,,,,,,,,,,,,,,,,,,,,,,,,,,,,,,,,,139.6,139.6,139.6,139.6,139.6,139.6,139.6,139.6,139.6,139.6,139.6,139.6,139.6,139.6,139.6,139.6,139.6,139.6,139.6,139.6,139.6,139.6,139.6,139.6,139.6,139.6,139.6,139.6,139.6,139.6,139.6,139.6,139.6,139.6,139.6,139.6,139.6,139.6,139.6,139.6,139.6,139.6,139.6,139.6,139.6,139.6,139.6,139.6,139.6,139.6,139.6,139.6,139.6,139.6,139.6,139.6,139.6,139.6,139.6,139.6,139.6,139.6,139.6
2021-06-01,,,,,,,,,,,,,,,,,,,,,,,,,,,,,,,,,,,,,,,,,,,,,,,,,,,,,,,,,,,,,,,,,,,,,,,,,,,,,,,,,,,,,,,,,,,,,,,,,,,,,,,,,,,,,,,,,,,,,,,,,,,,,,,,,,,,,,,,,124.1,124.1,124.1,124.1,124.1,124.1,124.1,124.1,124.1,124.1,124.1,124.1,124.1,124.1,124.1,124.1,124.1,124.1,124.1,124.1,124.1,124.1,124.1,124.1,124.1,124.1,124.1,124.1,124.1,124.1,124.1,124.1,124.1,124.1,124.1,124.1,124.1,124.1,124.1,124.1,124.1,124.1,124.1,124.1,124.1,124.1,124.1,124.1,124.1,124.1,124.1,124.1,124.1,124.1,124.1,124.1,124.1,124.1,124.1,124.1,124.1,124.1
2021-07-01,,,,,,,,,,,,,,,,,,,,,,,,,,,,,,,,,,,,,,,,,,,,,,,,,,,,,,,,,,,,,,,,,,,,,,,,,,,,,,,,,,,,,,,,,,,,,,,,,,,,,,,,,,,,,,,,,,,,,,,,,,,,,,,,,,,,,,,,,,133.7,133.7,133.7,133.7,133.7,133.7,133.7,133.7,133.7,133.7,133.7,133.7,133.7,133.7,133.7,133.7,133.7,133.7,133.7,133.7,133.7,133.7,133.7,133.7,133.7,133.7,133.7,133.7,133.7,133.7,133.7,133.7,133.7,133.7,133.7,133.7,133.7,133.7,133.7,133.7,133.7,133.7,133.7,133.7,133.7,133.7,133.7,133.7,133.7,133.7,133.7,133.7,133.7,133.7,133.7,133.7,133.7,133.7,133.7,133.7,133.7
2021-08-01,,,,,,,,,,,,,,,,,,,,,,,,,,,,,,,,,,,,,,,,,,,,,,,,,,,,,,,,,,,,,,,,,,,,,,,,,,,,,,,,,,,,,,,,,,,,,,,,,,,,,,,,,,,,,,,,,,,,,,,,,,,,,,,,,,,,,,,,,,,146.9,146.9,146.9,322.6,322.6,322.6,322.6,322.6,322.6,322.6,322.6,322.6,322.6,322.6,322.6,322.6,322.6,322.6,322.6,322.6,322.6,322.6,322.6,322.6,322.6,322.6,322.6,322.6,322.6,322.6,322.6,322.6,322.6,322.6,322.6,322.6,322.6,322.6,322.6,322.6,322.6,322.6,322.6,322.6,322.6,322.6,322.6,322.6,322.6,322.6,322.6,322.6,322.6,322.6,322.6,322.6,322.6,322.6,322.6,322.6
2021-09-01,,,,,,,,,,,,,,,,,,,,,,,,,,,,,,,,,,,,,,,,,,,,,,,,,,,,,,,,,,,,,,,,,,,,,,,,,,,,,,,,,,,,,,,,,,,,,,,,,,,,,,,,,,,,,,,,,,,,,,,,,,,,,,,,,,,,,,,,,,,,136.9,136.9,136.9,136.9,136.9,136.9,136.9,136.9,136.9,136.9,136.9,136.9,136.9,136.9,136.9,136.9,136.9,136.9,136.9,136.9,136.9,136.9,136.9,136.9,136.9,136.9,136.9,136.9,136.9,136.9,136.9,136.9,136.9,136.9,136.9,136.9,136.9,136.9,136.9,136.9,136.9,136.9,136.9,136.9,136.9,136.9,136.9,136.9,136.9,136.9,136.9,136.9,136.9,136.9,136.9,136.9,136.9,136.9,136.9
2021-10-01,,,,,,,,,,,,,,,,,,,,,,,,,,,,,,,,,,,,,,,,,,,,,,,,,,,,,,,,,,,,,,,,,,,,,,,,,,,,,,,,,,,,,,,,,,,,,,,,,,,,,,,,,,,,,,,,,,,,,,,,,,,,,,,,,,,,,,,,,,,,,140.3,140.3,140.3,140.3,140.3,140.3,140.3,140.3,140.3,140.3,140.3,140.3,140.3,140.3,140.3,140.3,140.3,140.3,140.3,140.3,140.3,140.3,140.3,140.3,140.3,140.3,140.3,140.3,140.3,140.3,140.3,140.3,140.3,140.3,140.3,140.3,140.3,140.3,140.3,140.3,140.3,140.3,140.3,140.3,140.3,140.3,140.3,140.3,140.3,140.3,140.3,140.3,140.3,140.3,140.3,140.3,140.3,140.3
2021-11-01,,,,,,,,,,,,,,,,,,,,,,,,,,,,,,,,,,,,,,,,,,,,,,,,,,,,,,,,,,,,,,,,,,,,,,,,,,,,,,,,,,,,,,,,,,,,,,,,,,,,,,,,,,,,,,,,,,,,,,,,,,,,,,,,,,,,,,,,,,,,,,334.8,334.8,239.7,239.7,239.7,239.7,239.7,239.7,239.7,239.7,239.7,239.7,239.7,239.7,239.7,239.7,239.7,239.7,239.7,239.7,239.7,239.7,239.7,239.7,239.7,239.7,239.7,239.7,239.7,239.7,239.7,239.7,239.7,239.7,239.7,239.7,239.7,239.7,239.7,239.7,239.7,239.7,239.7,239.7,239.7,239.7,239.7,239.7,239.7,239.7,239.7,239.7,239.7,239.7,239.7,239.7,239.7
2021-12-01,,,,,,,,,,,,,,,,,,,,,,,,,,,,,,,,,,,,,,,,,,,,,,,,,,,,,,,,,,,,,,,,,,,,,,,,,,,,,,,,,,,,,,,,,,,,,,,,,,,,,,,,,,,,,,,,,,,,,,,,,,,,,,,,,,,,,,,,,,,,,,,339.2,253.1,253.1,253.1,253.1,253.1,253.1,253.1,253.1,253.1,253.1,253.1,253.1,253.1,253.1,253.1,253.1,253.1,253.1,253.1,253.1,253.1,253.1,253.1,253.1,253.1,253.1,253.1,253.1,253.1,253.1,253.1,253.1,253.1,253.1,253.1,253.1,253.1,253.1,253.1,253.1,253.1,253.1,253.1,253.1,253.1,253.1,253.1,253.1,253.1,253.1,253.1,253.1,253.1,253.1,253.1
2022-01-01,,,,,,,,,,,,,,,,,,,,,,,,,,,,,,,,,,,,,,,,,,,,,,,,,,,,,,,,,,,,,,,,,,,,,,,,,,,,,,,,,,,,,,,,,,,,,,,,,,,,,,,,,,,,,,,,,,,,,,,,,,,,,,,,,,,,,,,,,,,,,,,,277.4,277.4,277.4,277.4,277.4,277.4,277.4,277.4,277.4,277.4,277.4,277.4,277.4,277.4,277.4,277.4,277.4,277.4,277.4,277.4,277.4,277.4,277.4,277.4,277.4,277.4,277.4,277.4,277.4,277.4,277.4,277.4,277.4,277.4,277.4,277.4,277.4,277.4,277.4,277.4,277.4,277.4,277.4,277.4,277.4,277.4,277.4,277.4,277.4,277.4,277.4,277.4,277.4,277.4,277.4
2022-02-01,,,,,,,,,,,,,,,,,,,,,,,,,,,,,,,,,,,,,,,,,,,,,,,,,,,,,,,,,,,,,,,,,,,,,,,,,,,,,,,,,,,,,,,,,,,,,,,,,,,,,,,,,,,,,,,,,,,,,,,,,,,,,,,,,,,,,,,,,,,,,,,,,225.4,225.0,225.0,225.0,225.0,225.0,225.0,225.0,225.0,225.0,225.0,225.0,225.0,225.0,225.0,225.0,225.0,225.0,225.0,225.0,225.0,225.0,225.0,225.0,225.0,225.0,225.0,225.0,225.0,225.0,225.0,225.0,225.0,225.0,225.0,225.0,225.0,225.0,225.0,225.0,225.0,225.0,225.0,225.0,225.0,225.0,225.0,225.0,225.0,225.0,225.0,225.0,225.0,225.0
2022-03-01,,,,,,,,,,,,,,,,,,,,,,,,,,,,,,,,,,,,,,,,,,,,,,,,,,,,,,,,,,,,,,,,,,,,,,,,,,,,,,,,,,,,,,,,,,,,,,,,,,,,,,,,,,,,,,,,,,,,,,,,,,,,,,,,,,,,,,,,,,,,,,,,,,231.8,244.6,244.6,244.6,244.6,244.6,244.6,244.6,244.6,244.6,244.6,244.6,244.6,244.6,244.6,244.6,244.6,244.6,244.6,244.6,244.6,244.6,244.6,244.6,244.6,244.6,244.6,244.6,244.6,244.6,244.6,244.6,244.6,244.6,244.6,244.6,244.6,244.6,244.6,244.6,244.6,244.6,244.6,244.6,244.6,244.6,244.6,244.6,244.6,244.6,244.6,244.6,244.6
2022-04-01,,,,,,,,,,,,,,,,,,,,,,,,,,,,,,,,,,,,,,,,,,,,,,,,,,,,,,,,,,,,,,,,,,,,,,,,,,,,,,,,,,,,,,,,,,,,,,,,,,,,,,,,,,,,,,,,,,,,,,,,,,,,,,,,,,,,,,,,,,,,,,,,,,,252.6,250.1,250.1,250.1,250.1,250.1,250.1,250.1,250.1,250.1,250.1,250.1,250.1,250.1,250.1,250.1,250.1,250.1,250.1,250.1,250.1,250.1,250.1,250.1,250.1,250.1,250.1,250.1,250.1,250.1,250.1,250.1,250.1,250.1,250.1,250.1,250.1,250.1,250.1,250.1,250.1,250.1,250.1,250.1,250.1,250.1,250.1,250.1,250.1,250.1,250.1,250.1
2022-05-01,,,,,,,,,,,,,,,,,,,,,,,,,,,,,,,,,,,,,,,,,,,,,,,,,,,,,,,,,,,,,,,,,,,,,,,,,,,,,,,,,,,,,,,,,,,,,,,,,,,,,,,,,,,,,,,,,,,,,,,,,,,,,,,,,,,,,,,,,,,,,,,,,,,,236.9,239.3,239.3,239.3,239.3,239.3,239.3,239.3,239.3,239.3,239.3,239.3,239.3,239.3,239.3,239.3,239.3,239.3,239.3,239.3,239.3,239.3,239.3,239.3,239.3,239.3,239.3,239.3,239.3,239.3,239.3,239.3,239.3,239.3,239.3,239.3,239.3,239.3,239.3,239.3,239.3,239.3,239.3,239.3,239.3,239.3,239.3,239.3,239.3,239.3,239.3
2022-06-01,,,,,,,,,,,,,,,,,,,,,,,,,,,,,,,,,,,,,,,,,,,,,,,,,,,,,,,,,,,,,,,,,,,,,,,,,,,,,,,,,,,,,,,,,,,,,,,,,,,,,,,,,,,,,,,,,,,,,,,,,,,,,,,,,,,,,,,,,,,,,,,,,,,,,253.5,260.4,260.4,260.4,260.4,260.4,260.4,260.4,260.4,260.4,260.4,260.4,260.4,260.4,260.4,260.4,260.4,260.4,260.4,260.4,260.4,260.4,260.4,260.4,260.4,260.4,260.4,260.4,260.4,260.4,260.4,260.4,260.4,260.4,260.4,260.4,260.4,260.4,260.4,260.4,260.4,260.4,260.4,260.4,260.4,260.4,260.4,260.4,260.4,260.4
2022-07-01,,,,,,,,,,,,,,,,,,,,,,,,,,,,,,,,,,,,,,,,,,,,,,,,,,,,,,,,,,,,,,,,,,,,,,,,,,,,,,,,,,,,,,,,,,,,,,,,,,,,,,,,,,,,,,,,,,,,,,,,,,,,,,,,,,,,,,,,,,,,,,,,,,,,,,233.7,236.4,236.4,236.4,236.4,236.4,236.4,236.4,236.4,236.4,236.4,236.4,236.4,236.4,236.4,236.4,236.4,236.4,236.4,236.4,236.4,236.4,236.4,236.4,236.4,236.4,236.4,236.4,236.4,236.4,236.4,236.4,236.4,236.4,236.4,236.4,236.4,236.4,236.4,236.4,236.4,236.4,236.4,236.4,236.4,236.4,236.4,236.4,236.4
2022-08-01,,,,,,,,,,,,,,,,,,,,,,,,,,,,,,,,,,,,,,,,,,,,,,,,,,,,,,,,,,,,,,,,,,,,,,,,,,,,,,,,,,,,,,,,,,,,,,,,,,,,,,,,,,,,,,,,,,,,,,,,,,,,,,,,,,,,,,,,,,,,,,,,,,,,,,,243.2,242.5,242.5,242.5,242.5,242.5,242.5,242.5,242.5,242.5,242.5,242.5,242.5,242.5,242.5,242.5,242.5,242.5,242.5,242.5,242.5,242.5,242.5,242.5,242.5,242.5,242.5,242.5,242.5,242.5,242.5,242.5,242.5,242.5,242.5,242.5,242.5,242.5,242.5,242.5,242.5,242.5,242.5,242.5,242.5,242.5,242.5,242.5
2022-09-01,,,,,,,,,,,,,,,,,,,,,,,,,,,,,,,,,,,,,,,,,,,,,,,,,,,,,,,,,,,,,,,,,,,,,,,,,,,,,,,,,,,,,,,,,,,,,,,,,,,,,,,,,,,,,,,,,,,,,,,,,,,,,,,,,,,,,,,,,,,,,,,,,,,,,,,,228.1,270.2,270.2,270.2,270.2,270.2,270.2,270.2,270.2,270.2,270.2,270.2,270.2,270.2,270.2,270.2,270.2,270.2,270.2,270.2,270.2,270.2,270.2,270.2,270.2,270.2,270.2,270.2,270.2,270.2,270.2,270.2,270.2,270.2,270.2,270.2,270.2,270.2,270.2,270.2,270.2,270.2,270.2,270.2,270.2,270.2,270.2
2022-10-01,,,,,,,,,,,,,,,,,,,,,,,,,,,,,,,,,,,,,,,,,,,,,,,,,,,,,,,,,,,,,,,,,,,,,,,,,,,,,,,,,,,,,,,,,,,,,,,,,,,,,,,,,,,,,,,,,,,,,,,,,,,,,,,,,,,,,,,,,,,,,,,,,,,,,,,,,268.0,271.1,271.1,271.1,271.1,271.1,271.1,271.1,271.1,271.1,271.1,271.1,271.1,271.1,271.1,271.1,271.1,271.1,271.1,271.1,271.1,271.1,271.1,271.1,271.1,271.1,271.1,271.1,271.1,271.1,271.1,271.1,271.1,271.1,271.1,271.1,271.1,271.1,271.1,271.1,271.1,271.1,271.1,271.1,271.1,271.1
2022-11-01,,,,,,,,,,,,,,,,,,,,,,,,,,,,,,,,,,,,,,,,,,,,,,,,,,,,,,,,,,,,,,,,,,,,,,,,,,,,,,,,,,,,,,,,,,,,,,,,,,,,,,,,,,,,,,,,,,,,,,,,,,,,,,,,,,,,,,,,,,,,,,,,,,,,,,,,,,266.8,211.8,211.8,211.8,211.8,211.8,211.8,211.8,211.8,211.8,211.8,211.8,211.8,211.8,211.8,211.8,211.8,211.8,211.8,211.8,211.8,211.8,211.8,211.8,211.8,211.8,211.8,211.8,211.8,211.8,211.8,211.8,211.8,211.8,211.8,211.8,211.8,211.8,211.8,211.8,211.8,211.8,211.8,211.8,211.8
2022-12-01,,,,,,,,,,,,,,,,,,,,,,,,,,,,,,,,,,,,,,,,,,,,,,,,,,,,,,,,,,,,,,,,,,,,,,,,,,,,,,,,,,,,,,,,,,,,,,,,,,,,,,,,,,,,,,,,,,,,,,,,,,,,,,,,,,,,,,,,,,,,,,,,,,,,,,,,,,,227.2,228.8,228.8,228.8,228.8,228.8,228.8,228.8,228.8,228.8,228.8,228.8,228.8,228.8,228.8,228.8,228.8,228.8,228.8,228.8,228.8,228.8,228.8,228.8,228.8,228.8,228.8,228.8,228.8,228.8,228.8,228.8,228.8,228.8,228.8,228.8,228.8,228.8,228.8,228.8,228.8,228.8,228.8,228.8
2023-01-01,,,,,,,,,,,,,,,,,,,,,,,,,,,,,,,,,,,,,,,,,,,,,,,,,,,,,,,,,,,,,,,,,,,,,,,,,,,,,,,,,,,,,,,,,,,,,,,,,,,,,,,,,,,,,,,,,,,,,,,,,,,,,,,,,,,,,,,,,,,,,,,,,,,,,,,,,,,,206.2,207.4,207.4,207.4,207.4,207.4,207.4,207.4,207.4,207.4,207.4,207.4,207.4,207.4,207.4,207.4,207.4,207.4,207.4,207.4,207.4,207.4,207.4,207.4,207.4,207.4,207.4,207.4,207.4,207.4,207.4,207.4,207.4,207.4,207.4,207.4,207.4,207.4,207.4,207.4,207.4,207.4,207.4
2023-02-01,,,,,,,,,,,,,,,,,,,,,,,,,,,,,,,,,,,,,,,,,,,,,,,,,,,,,,,,,,,,,,,,,,,,,,,,,,,,,,,,,,,,,,,,,,,,,,,,,,,,,,,,,,,,,,,,,,,,,,,,,,,,,,,,,,,,,,,,,,,,,,,,,,,,,,,,,,,,,245.7,241.6,241.6,241.1,241.1,241.1,241.1,241.1,241.1,241.1,241.1,241.1,241.1,241.1,241.1,241.1,241.1,241.1,241.1,241.1,241.1,241.1,241.1,241.1,241.1,241.1,241.1,241.1,241.1,241.1,241.1,241.1,241.1,241.1,241.1,241.1,241.1,241.1,241.1,241.1,241.1,241.1
2023-03-01,,,,,,,,,,,,,,,,,,,,,,,,,,,,,,,,,,,,,,,,,,,,,,,,,,,,,,,,,,,,,,,,,,,,,,,,,,,,,,,,,,,,,,,,,,,,,,,,,,,,,,,,,,,,,,,,,,,,,,,,,,,,,,,,,,,,,,,,,,,,,,,,,,,,,,,,,,,,,,234.1,228.2,215.8,215.7,215.7,215.7,215.7,215.7,215.7,215.7,215.7,215.7,215.7,215.7,215.7,215.7,215.7,215.7,215.7,215.7,215.7,215.7,215.7,215.7,215.7,215.7,215.7,215.7,215.7,215.7,215.7,215.7,215.7,215.7,215.7,215.7,215.7,215.7,215.7,215.7,215.7
2023-04-01,,,,,,,,,,,,,,,,,,,,,,,,,,,,,,,,,,,,,,,,,,,,,,,,,,,,,,,,,,,,,,,,,,,,,,,,,,,,,,,,,,,,,,,,,,,,,,,,,,,,,,,,,,,,,,,,,,,,,,,,,,,,,,,,,,,,,,,,,,,,,,,,,,,,,,,,,,,,,,,211.1,204.1,203.3,203.3,203.3,203.3,203.3,203.3,203.3,203.3,203.3,203.3,203.3,203.3,203.3,203.3,203.3,203.3,203.3,203.3,203.3,203.3,203.3,203.3,203.3,203.3,203.3,203.3,203.3,203.3,203.3,203.3,203.3,203.3,203.3,203.3,203.3,203.3,203.3,203.3
2023-05-01,,,,,,,,,,,,,,,,,,,,,,,,,,,,,,,,,,,,,,,,,,,,,,,,,,,,,,,,,,,,,,,,,,,,,,,,,,,,,,,,,,,,,,,,,,,,,,,,,,,,,,,,,,,,,,,,,,,,,,,,,,,,,,,,,,,,,,,,,,,,,,,,,,,,,,,,,,,,,,,,190.7,188.8,188.8,188.8,188.8,188.8,188.8,188.8,188.8,188.8,188.8,188.8,188.8,188.8,188.8,188.8,188.8,188.8,188.8,188.8,188.8,188.8,188.8,188.8,188.8,188.8,188.8,188.8,188.8,188.8,188.8,188.8,188.8,188.8,188.8,188.8,188.8,188.8,188.8
2023-06-01,,,,,,,,,,,,,,,,,,,,,,,,,,,,,,,,,,,,,,,,,,,,,,,,,,,,,,,,,,,,,,,,,,,,,,,,,,,,,,,,,,,,,,,,,,,,,,,,,,,,,,,,,,,,,,,,,,,,,,,,,,,,,,,,,,,,,,,,,,,,,,,,,,,,,,,,,,,,,,,,,193.2,197.1,200.0,201.7,201.7,201.7,201.7,201.7,201.7,201.7,201.7,201.7,201.7,201.7,201.7,201.7,201.7,201.7,201.7,201.7,201.7,201.7,201.7,201.7,201.7,201.7,201.7,201.7,201.7,201.7,201.7,201.7,201.7,201.7,201.7,201.7,201.7,201.7
2023-07-01,,,,,,,,,,,,,,,,,,,,,,,,,,,,,,,,,,,,,,,,,,,,,,,,,,,,,,,,,,,,,,,,,,,,,,,,,,,,,,,,,,,,,,,,,,,,,,,,,,,,,,,,,,,,,,,,,,,,,,,,,,,,,,,,,,,,,,,,,,,,,,,,,,,,,,,,,,,,,,,,,,170.9,175.4,175.2,175.2,175.2,175.2,175.2,175.2,175.2,175.2,175.2,175.2,175.2,175.2,175.2,175.2,175.2,175.2,175.2,175.2,175.2,175.2,175.2,175.2,175.2,175.2,175.2,175.2,175.2,175.2,175.2,175.2,175.2,175.2,175.2,175.2,175.2
2023-08-01,,,,,,,,,,,,,,,,,,,,,,,,,,,,,,,,,,,,,,,,,,,,,,,,,,,,,,,,,,,,,,,,,,,,,,,,,,,,,,,,,,,,,,,,,,,,,,,,,,,,,,,,,,,,,,,,,,,,,,,,,,,,,,,,,,,,,,,,,,,,,,,,,,,,,,,,,,,,,,,,,,,178.8,179.0,175.3,175.3,175.3,175.3,175.3,175.3,175.3,175.3,175.3,175.3,175.3,175.3,175.3,175.3,175.3,175.3,175.3,175.3,175.3,175.3,175.3,175.3,175.3,175.3,175.3,175.3,175.3,175.3,175.3,175.3,175.3,175.3,175.3,175.3
2023-09-01,,,,,,,,,,,,,,,,,,,,,,,,,,,,,,,,,,,,,,,,,,,,,,,,,,,,,,,,,,,,,,,,,,,,,,,,,,,,,,,,,,,,,,,,,,,,,,,,,,,,,,,,,,,,,,,,,,,,,,,,,,,,,,,,,,,,,,,,,,,,,,,,,,,,,,,,,,,,,,,,,,,,191.0,198.1,198.1,198.1,198.1,198.1,198.1,198.1,198.1,198.1,198.1,198.1,198.1,198.1,198.1,198.1,198.1,198.1,198.1,198.1,198.1,198.1,198.1,198.1,198.1,198.1,198.1,198.1,198.1,198.1,198.1,198.1,198.1,198.1,198.1
2023-10-01,,,,,,,,,,,,,,,,,,,,,,,,,,,,,,,,,,,,,,,,,,,,,,,,,,,,,,,,,,,,,,,,,,,,,,,,,,,,,,,,,,,,,,,,,,,,,,,,,,,,,,,,,,,,,,,,,,,,,,,,,,,,,,,,,,,,,,,,,,,,,,,,,,,,,,,,,,,,,,,,,,,,,211.6,207.8,204.4,203.2,203.2,203.2,203.2,203.2,203.2,203.2,203.2,203.2,203.2,203.2,203.2,203.2,203.2,203.2,203.2,203.2,203.2,203.2,203.2,203.2,203.2,203.2,203.2,203.2,203.2,203.2,203.2,203.2,203.2,203.2
2023-11-01,,,,,,,,,,,,,,,,,,,,,,,,,,,,,,,,,,,,,,,,,,,,,,,,,,,,,,,,,,,,,,,,,,,,,,,,,,,,,,,,,,,,,,,,,,,,,,,,,,,,,,,,,,,,,,,,,,,,,,,,,,,,,,,,,,,,,,,,,,,,,,,,,,,,,,,,,,,,,,,,,,,,,,188.9,184.2,199.2,199.2,199.2,199.2,199.2,199.2,199.2,199.2,199.2,199.2,199.2,199.2,199.2,199.2,199.2,199.2,199.2,199.2,199.2,199.2,199.2,199.2,199.2,199.2,199.2,199.2,199.2,199.2,199.2,199.2,199.2
2023-12-01,,,,,,,,,,,,,,,,,,,,,,,,,,,,,,,,,,,,,,,,,,,,,,,,,,,,,,,,,,,,,,,,,,,,,,,,,,,,,,,,,,,,,,,,,,,,,,,,,,,,,,,,,,,,,,,,,,,,,,,,,,,,,,,,,,,,,,,,,,,,,,,,,,,,,,,,,,,,,,,,,,,,,,,185.5,195.3,197.6,197.6,197.6,197.6,197.6,197.6,197.6,197.6,197.6,197.6,197.6,197.6,197.6,197.6,197.6,197.6,197.6,197.6,197.6,197.6,197.6,197.6,197.6,197.6,197.6,197.6,197.6,197.6,197.6,197.6
2024-01-01,,,,,,,,,,,,,,,,,,,,,,,,,,,,,,,,,,,,,,,,,,,,,,,,,,,,,,,,,,,,,,,,,,,,,,,,,,,,,,,,,,,,,,,,,,,,,,,,,,,,,,,,,,,,,,,,,,,,,,,,,,,,,,,,,,,,,,,,,,,,,,,,,,,,,,,,,,,,,,,,,,,,,,,,192.7,203.3,203.3,179.2,179.2,179.2,179.2,179.2,179.2,179.2,179.2,179.2,179.2,179.2,179.2,179.2,179.2,179.2,179.2,179.2,179.2,179.2,179.2,179.2,179.2,179.2,179.2,179.2,179.2,179.2,179.2
2024-02-01,,,,,,,,,,,,,,,,,,,,,,,,,,,,,,,,,,,,,,,,,,,,,,,,,,,,,,,,,,,,,,,,,,,,,,,,,,,,,,,,,,,,,,,,,,,,,,,,,,,,,,,,,,,,,,,,,,,,,,,,,,,,,,,,,,,,,,,,,,,,,,,,,,,,,,,,,,,,,,,,,,,,,,,,,209.9,208.6,186.8,186.8,186.8,186.8,186.8,186.8,186.8,186.8,186.8,186.8,186.8,186.8,186.8,186.8,186.8,186.8,186.8,186.8,186.8,186.8,186.8,186.8,186.8,186.8,186.8,186.8,186.8,186.8
2024-03-01,,,,,,,,,,,,,,,,,,,,,,,,,,,,,,,,,,,,,,,,,,,,,,,,,,,,,,,,,,,,,,,,,,,,,,,,,,,,,,,,,,,,,,,,,,,,,,,,,,,,,,,,,,,,,,,,,,,,,,,,,,,,,,,,,,,,,,,,,,,,,,,,,,,,,,,,,,,,,,,,,,,,,,,,,,204.7,179.4,179.4,179.4,179.4,179.4,179.4,179.4,179.4,179.4,179.4,179.4,179.4,179.4,179.4,179.4,179.4,179.4,179.4,179.4,179.4,179.4,179.4,179.4,179.4,179.4,179.4,179.4,179.4
2024-04-01,,,,,,,,,,,,,,,,,,,,,,,,,,,,,,,,,,,,,,,,,,,,,,,,,,,,,,,,,,,,,,,,,,,,,,,,,,,,,,,,,,,,,,,,,,,,,,,,,,,,,,,,,,,,,,,,,,,,,,,,,,,,,,,,,,,,,,,,,,,,,,,,,,,,,,,,,,,,,,,,,,,,,,,,,,,185.4,182.1,182.1,182.1,182.1,182.1,182.1,182.1,182.1,182.1,182.1,182.1,182.1,182.1,182.1,182.1,182.1,182.1,182.1,182.1,182.1,182.1,182.1,182.1,182.1,182.1,182.1,182.1
2024-05-01,,,,,,,,,,,,,,,,,,,,,,,,,,,,,,,,,,,,,,,,,,,,,,,,,,,,,,,,,,,,,,,,,,,,,,,,,,,,,,,,,,,,,,,,,,,,,,,,,,,,,,,,,,,,,,,,,,,,,,,,,,,,,,,,,,,,,,,,,,,,,,,,,,,,,,,,,,,,,,,,,,,,,,,,,,,,184.9,179.2,179.2,179.2,179.2,179.2,179.2,179.2,179.2,179.2,179.2,179.2,179.2,179.2,179.2,179.2,179.2,179.2,179.2,179.2,179.2,179.2,179.2,179.2,179.2,179.2,179.2
2024-06-01,,,,,,,,,,,,,,,,,,,,,,,,,,,,,,,,,,,,,,,,,,,,,,,,,,,,,,,,,,,,,,,,,,,,,,,,,,,,,,,,,,,,,,,,,,,,,,,,,,,,,,,,,,,,,,,,,,,,,,,,,,,,,,,,,,,,,,,,,,,,,,,,,,,,,,,,,,,,,,,,,,,,,,,,,,,,,186.6,186.4,186.1,187.3,187.3,187.3,187.3,187.3,187.3,187.3,187.3,187.3,187.3,187.3,187.3,187.3,187.3,187.3,187.3,187.3,187.3,187.3,187.3,187.3,187.3,187.3
2024-07-01,,,,,,,,,,,,,,,,,,,,,,,,,,,,,,,,,,,,,,,,,,,,,,,,,,,,,,,,,,,,,,,,,,,,,,,,,,,,,,,,,,,,,,,,,,,,,,,,,,,,,,,,,,,,,,,,,,,,,,,,,,,,,,,,,,,,,,,,,,,,,,,,,,,,,,,,,,,,,,,,,,,,,,,,,,,,,,176.1,171.7,172.9,172.9,172.9,172.9,172.9,172.9,172.9,172.9,172.9,172.9,172.9,172.9,172.9,172.9,172.9,172.9,172.9,172.9,172.9,172.9,172.9,172.9,172.9
2024-08-01,,,,,,,,,,,,,,,,,,,,,,,,,,,,,,,,,,,,,,,,,,,,,,,,,,,,,,,,,,,,,,,,,,,,,,,,,,,,,,,,,,,,,,,,,,,,,,,,,,,,,,,,,,,,,,,,,,,,,,,,,,,,,,,,,,,,,,,,,,,,,,,,,,,,,,,,,,,,,,,,,,,,,,,,,,,,,,,176.1,186.7,186.7,186.7,186.7,186.7,186.7,186.7,186.7,186.7,186.7,186.7,186.7,186.7,186.7,186.7,186.7,186.7,186.7,186.7,186.7,186.7,186.7,186.7
2024-09-01,,,,,,,,,,,,,,,,,,,,,,,,,,,,,,,,,,,,,,,,,,,,,,,,,,,,,,,,,,,,,,,,,,,,,,,,,,,,,,,,,,,,,,,,,,,,,,,,,,,,,,,,,,,,,,,,,,,,,,,,,,,,,,,,,,,,,,,,,,,,,,,,,,,,,,,,,,,,,,,,,,,,,,,,,,,,,,,,181.1,178.5,180.7,182.5,182.5,182.5,182.5,182.5,182.5,182.5,182.5,182.5,182.5,182.5,182.5,182.5,182.5,182.5,182.5,182.5,182.5,182.5,182.5
2024-10-01,,,,,,,,,,,,,,,,,,,,,,,,,,,,,,,,,,,,,,,,,,,,,,,,,,,,,,,,,,,,,,,,,,,,,,,,,,,,,,,,,,,,,,,,,,,,,,,,,,,,,,,,,,,,,,,,,,,,,,,,,,,,,,,,,,,,,,,,,,,,,,,,,,,,,,,,,,,,,,,,,,,,,,,,,,,,,,,,,181.0,184.0,186.1,186.1,186.1,186.1,186.1,186.1,186.1,186.1,186.1,186.1,186.1,186.1,186.1,186.1,186.1,186.1,186.1,186.1,186.1,186.1
2024-11-01,,,,,,,,,,,,,,,,,,,,,,,,,,,,,,,,,,,,,,,,,,,,,,,,,,,,,,,,,,,,,,,,,,,,,,,,,,,,,,,,,,,,,,,,,,,,,,,,,,,,,,,,,,,,,,,,,,,,,,,,,,,,,,,,,,,,,,,,,,,,,,,,,,,,,,,,,,,,,,,,,,,,,,,,,,,,,,,,,,183.3,192.0,192.0,192.0,192.0,192.0,192.0,192.0,192.0,192.0,192.0,192.0,192.0,192.0,192.0,192.0,192.0,192.0,192.0,192.0,192.0
2024-12-01,,,,,,,,,,,,,,,,,,,,,,,,,,,,,,,,,,,,,,,,,,,,,,,,,,,,,,,,,,,,,,,,,,,,,,,,,,,,,,,,,,,,,,,,,,,,,,,,,,,,,,,,,,,,,,,,,,,,,,,,,,,,,,,,,,,,,,,,,,,,,,,,,,,,,,,,,,,,,,,,,,,,,,,,,,,,,,,,,,,174.0,171.9,171.9,175.6,175.6,175.6,175.6,175.6,175.6,175.6,175.6,175.6,175.6,175.6,175.6,175.6,175.6,175.6,175.6,175.6
2025-01-01,,,,,,,,,,,,,,,,,,,,,,,,,,,,,,,,,,,,,,,,,,,,,,,,,,,,,,,,,,,,,,,,,,,,,,,,,,,,,,,,,,,,,,,,,,,,,,,,,,,,,,,,,,,,,,,,,,,,,,,,,,,,,,,,,,,,,,,,,,,,,,,,,,,,,,,,,,,,,,,,,,,,,,,,,,,,,,,,,,,,185.7,186.9,182.8,182.8,182.8,182.8,182.8,182.8,182.8,182.8,182.8,182.8,182.8,182.8,182.8,182.8,182.8,182.8,182.8
2025-02-01,,,,,,,,,,,,,,,,,,,,,,,,,,,,,,,,,,,,,,,,,,,,,,,,,,,,,,,,,,,,,,,,,,,,,,,,,,,,,,,,,,,,,,,,,,,,,,,,,,,,,,,,,,,,,,,,,,,,,,,,,,,,,,,,,,,,,,,,,,,,,,,,,,,,,,,,,,,,,,,,,,,,,,,,,,,,,,,,,,,,,182.3,176.1,177.3,177.4,177.4,177.4,177.4,177.4,177.4,177.4,177.4,177.4,177.4,177.4,177.4,177.4,177.4,177.4
2025-03-01,,,,,,,,,,,,,,,,,,,,,,,,,,,,,,,,,,,,,,,,,,,,,,,,,,,,,,,,,,,,,,,,,,,,,,,,,,,,,,,,,,,,,,,,,,,,,,,,,,,,,,,,,,,,,,,,,,,,,,,,,,,,,,,,,,,,,,,,,,,,,,,,,,,,,,,,,,,,,,,,,,,,,,,,,,,,,,,,,,,,,,173.6,177.9,177.9,177.9,177.9,177.9,177.9,177.9,177.9,177.9,177.9,177.9,177.9,177.9,177.9,177.9,177.9
2025-04-01,,,,,,,,,,,,,,,,,,,,,,,,,,,,,,,,,,,,,,,,,,,,,,,,,,,,,,,,,,,,,,,,,,,,,,,,,,,,,,,,,,,,,,,,,,,,,,,,,,,,,,,,,,,,,,,,,,,,,,,,,,,,,,,,,,,,,,,,,,,,,,,,,,,,,,,,,,,,,,,,,,,,,,,,,,,,,,,,,,,,,,,181.3,177.7,178.5,178.5,178.5,178.5,178.5,178.5,178.5,178.5,178.5,178.5,178.5,178.5,178.5,178.5
2025-05-01,,,,,,,,,,,,,,,,,,,,,,,,,,,,,,,,,,,,,,,,,,,,,,,,,,,,,,,,,,,,,,,,,,,,,,,,,,,,,,,,,,,,,,,,,,,,,,,,,,,,,,,,,,,,,,,,,,,,,,,,,,,,,,,,,,,,,,,,,,,,,,,,,,,,,,,,,,,,,,,,,,,,,,,,,,,,,,,,,,,,,,,,162.8,163.4,163.4,163.4,163.4,163.4,163.4,163.4,163.4,163.4,163.4,163.4,163.4,163.4,163.4
2025-06-01,,,,,,,,,,,,,,,,,,,,,,,,,,,,,,,,,,,,,,,,,,,,,,,,,,,,,,,,,,,,,,,,,,,,,,,,,,,,,,,,,,,,,,,,,,,,,,,,,,,,,,,,,,,,,,,,,,,,,,,,,,,,,,,,,,,,,,,,,,,,,,,,,,,,,,,,,,,,,,,,,,,,,,,,,,,,,,,,,,,,,,,,,174.1,175.8,175.8,172.6,172.6,172.6,172.6,172.6,172.6,172.6,172.6,172.6,172.6,172.6
2025-07-01,,,,,,,,,,,,,,,,,,,,,,,,,,,,,,,,,,,,,,,,,,,,,,,,,,,,,,,,,,,,,,,,,,,,,,,,,,,,,,,,,,,,,,,,,,,,,,,,,,,,,,,,,,,,,,,,,,,,,,,,,,,,,,,,,,,,,,,,,,,,,,,,,,,,,,,,,,,,,,,,,,,,,,,,,,,,,,,,,,,,,,,,,,179.4,180.5,163.4,163.4,163.4,163.4,163.4,163.4,163.4,163.4,163.4,163.4,163.4
2025-08-01,,,,,,,,,,,,,,,,,,,,,,,,,,,,,,,,,,,,,,,,,,,,,,,,,,,,,,,,,,,,,,,,,,,,,,,,,,,,,,,,,,,,,,,,,,,,,,,,,,,,,,,,,,,,,,,,,,,,,,,,,,,,,,,,,,,,,,,,,,,,,,,,,,,,,,,,,,,,,,,,,,,,,,,,,,,,,,,,,,,,,,,,,,,172.2,161.7,161.7,161.7,161.7,161.7,161.7,161.7,161.7,161.7,161.7,161.7
2025-09-01,,,,,,,,,,,,,,,,,,,,,,,,,,,,,,,,,,,,,,,,,,,,,,,,,,,,,,,,,,,,,,,,,,,,,,,,,,,,,,,,,,,,,,,,,,,,,,,,,,,,,,,,,,,,,,,,,,,,,,,,,,,,,,,,,,,,,,,,,,,,,,,,,,,,,,,,,,,,,,,,,,,,,,,,,,,,,,,,,,,,,,,,,,,,160.5,156.4,156.4,156.3,156.3,156.3,156.3,156.3,156.3,156.3,156.3
2025-10-01,,,,,,,,,,,,,,,,,,,,,,,,,,,,,,,,,,,,,,,,,,,,,,,,,,,,,,,,,,,,,,,,,,,,,,,,,,,,,,,,,,,,,,,,,,,,,,,,,,,,,,,,,,,,,,,,,,,,,,,,,,,,,,,,,,,,,,,,,,,,,,,,,,,,,,,,,,,,,,,,,,,,,,,,,,,,,,,,,,,,,,,,,,,,,,,,,,,,,,
2025-11-01,,,,,,,,,,,,,,,,,,,,,,,,,,,,,,,,,,,,,,,,,,,,,,,,,,,,,,,,,,,,,,,,,,,,,,,,,,,,,,,,,,,,,,,,,,,,,,,,,,,,,,,,,,,,,,,,,,,,,,,,,,,,,,,,,,,,,,,,,,,,,,,,,,,,,,,,,,,,,,,,,,,,,,,,,,,,,,,,,,,,,,,,,,,,,158.2,158.2,155.1,155.1,155.1,155.1,155.1,155.1,155.1,155.1
2025-12-01,,,,,,,,,,,,,,,,,,,,,,,,,,,,,,,,,,,,,,,,,,,,,,,,,,,,,,,,,,,,,,,,,,,,,,,,,,,,,,,,,,,,,,,,,,,,,,,,,,,,,,,,,,,,,,,,,,,,,,,,,,,,,,,,,,,,,,,,,,,,,,,,,,,,,,,,,,,,,,,,,,,,,,,,,,,,,,,,,,,,,,,,,,,,,,,155.6,155.6,155.6,155.6,155.6,155.6,155.6,155.6
2026-01-01,,,,,,,,,,,,,,,,,,,,,,,,,,,,,,,,,,,,,,,,,,,,,,,,,,,,,,,,,,,,,,,,,,,,,,,,,,,,,,,,,,,,,,,,,,,,,,,,,,,,,,,,,,,,,,,,,,,,,,,,,,,,,,,,,,,,,,,,,,,,,,,,,,,,,,,,,,,,,,,,,,,,,,,,,,,,,,,,,,,,,,,,,,,,,,,156.8,156.1,155.7,155.7,155.7,155.7,155.7,155.7
2026-02-01,,,,,,,,,,,,,,,,,,,,,,,,,,,,,,,,,,,,,,,,,,,,,,,,,,,,,,,,,,,,,,,,,,,,,,,,,,,,,,,,,,,,,,,,,,,,,,,,,,,,,,,,,,,,,,,,,,,,,,,,,,,,,,,,,,,,,,,,,,,,,,,,,,,,,,,,,,,,,,,,,,,,,,,,,,,,,,,,,,,,,,,,,,,,,,,,156.7,159.4,159.4,159.5,159.5,159.5,159.5
2026-03-01,,,,,,,,,,,,,,,,,,,,,,,,,,,,,,,,,,,,,,,,,,,,,,,,,,,,,,,,,,,,,,,,,,,,,,,,,,,,,,,,,,,,,,,,,,,,,,,,,,,,,,,,,,,,,,,,,,,,,,,,,,,,,,,,,,,,,,,,,,,,,,,,,,,,,,,,,,,,,,,,,,,,,,,,,,,,,,,,,,,,,,,,,,,,,,,,,160.8,160.7,160.7,160.7,160.7,160.7
2026-04-01,,,,,,,,,,,,,,,,,,,,,,,,,,,,,,,,,,,,,,,,,,,,,,,,,,,,,,,,,,,,,,,,,,,,,,,,,,,,,,,,,,,,,,,,,,,,,,,,,,,,,,,,,,,,,,,,,,,,,,,,,,,,,,,,,,,,,,,,,,,,,,,,,,,,,,,,,,,,,,,,,,,,,,,,,,,,,,,,,,,,,,,,,,,,,,,,,,178.6,178.4,172.0,176.8,176.8
2026-05-01,,,,,,,,,,,,,,,,,,,,,,,,,,,,,,,,,,,,,,,,,,,,,,,,,,,,,,,,,,,,,,,,,,,,,,,,,,,,,,,,,,,,,,,,,,,,,,,,,,,,,,,,,,,,,,,,,,,,,,,,,,,,,,,,,,,,,,,,,,,,,,,,,,,,,,,,,,,,,,,,,,,,,,,,,,,,,,,,,,,,,,,,,,,,,,,,,,,179.1,173.9,177.3,177.3
2026-06-01,,,,,,,,,,,,,,,,,,,,,,,,,,,,,,,,,,,,,,,,,,,,,,,,,,,,,,,,,,,,,,,,,,,,,,,,,,,,,,,,,,,,,,,,,,,,,,,,,,,,,,,,,,,,,,,,,,,,,,,,,,,,,,,,,,,,,,,,,,,,,,,,,,,,,,,,,,,,,,,,,,,,,,,,,,,,,,,,,,,,,,,,,,,,,,,,,,,,170.8,174.5,174.5
2026-07-01,,,,,,,,,,,,,,,,,,,,,,,,,,,,,,,,,,,,,,,,,,,,,,,,,,,,,,,,,,,,,,,,,,,,,,,,,,,,,,,,,,,,,,,,,,,,,,,,,,,,,,,,,,,,,,,,,,,,,,,,,,,,,,,,,,,,,,,,,,,,,,,,,,,,,,,,,,,,,,,,,,,,,,,,,,,,,,,,,,,,,,,,,,,,,,,,,,,,,176.2,183.2
2026-08-01,,,,,,,,,,,,,,,,,,,,,,,,,,,,,,,,,,,,,,,,,,,,,,,,,,,,,,,,,,,,,,,,,,,,,,,,,,,,,,,,,,,,,,,,,,,,,,,,,,,,,,,,,,,,,,,,,,,,,,,,,,,,,,,,,,,,,,,,,,,,,,,,,,,,,,,,,,,,,,,,,,,,,,,,,,,,,,,,,,,,,,,,,,,,,,,,,,,,,,182.9
