observation_date,IS2311_20100316,IS2311_20100413,IS2311_20100513,IS2311_20100615,IS2311_20100714,IS2311_20100812,IS2311_20100915,IS2311_20101013,IS2311_20101110,IS2311_20101210,IS2311_20110112,IS2311_20110215,IS2311_20110315,IS2311_20110412,IS2311_20110510,IS2311_20110610,IS2311_20110713,IS2311_20110816,IS2311_20110913,IS2311_20111014,IS2311_20111110,IS2311_20111214,IS2311_20120113,IS2311_20120214,IS2311_20120314,IS2311_20120411,IS2311_20120510,IS2311_20120612,IS2311_20120712,IS2311_20120810,IS2311_20120912,IS2311_20121011,IS2311_20121109,IS2311_20121212,IS2311_20130111,IS2311_20130213,IS2311_20130313,IS2311_20130411,IS2311_20130514,IS2311_20130613,IS2311_20130711,IS2311_20130813,IS2311_20130912,IS2311_20131023,IS2311_20131115,IS2311_20131212,IS2311_20140114,IS2311_20140214,IS2311_20140313,IS2311_20140410,IS2311_20140513,IS2311_20140612,IS2311_20140715,IS2311_20140814,IS2311_20140912,IS2311_20141010,IS2311_20141114,IS2311_20141211,IS2311_20150114,IS2311_20150213,IS2311_20150312,IS2311_20150410,IS2311_20150513,IS2311_20150611,IS2311_20150714,IS2311_20150813,IS2311_20150910,IS2311_20151009,IS2311_20151110,IS2311_20151210,IS2311_20160114,IS2311_20160212,IS2311_20160311,IS2311_20160412,IS2311_20160512,IS2311_20160614,IS2311_20160713,IS2311_20160811,IS2311_20160914,IS2311_20161013,IS2311_20161115,IS2311_20161213,IS2311_20170112,IS2311_20170210,IS2311_20170309,IS2311_20170412,IS2311_20170510,IS2311_20170615,IS2311_20170718,IS2311_20170815,IS2311_20170919,IS2311_20171017,IS2311_20171116,IS2311_20171214,IS2311_20180110,IS2311_20180216,IS2311_20180315,IS2311_20180412,IS2311_20180511,IS2311_20180614,IS2311_20180713,IS2311_20180814,IS2311_20180914,IS2311_20181012,IS2311_20181115,IS2311_20181213,IS2311_20190116,IS2311_20190215,IS2311_20190314,IS2311_20190412,IS2311_20190514,IS2311_20190613,IS2311_20190716,IS2311_20190814,IS2311_20190913,IS2311_20191011,IS2311_20191115,IS2311_20191213,IS2311_20200116,IS2311_20200214,IS2311_20200313,IS2311_20200414,IS2311_20200514,IS2311_20200612,IS2311_20200715,IS2311_20200813,IS2311_20200915,IS2311_20201015,IS2311_20201117,IS2311_20201215,IS2311_20210114,IS2311_20210218,IS2311_20210316,IS2311_20210414,IS2311_20210514,IS2311_20210616,IS2311_20210715,IS2311_20210813,IS2311_20210915,IS2311_20211015,IS2311_20211116,IS2311_20211215,IS2311_20220114,IS2311_20220216,IS2311_20220316,IS2311_20220414,IS2311_20220513,IS2311_20220615,IS2311_20220715,IS2311_20220812,IS2311_20220915,IS2311_20221014,IS2311_20221116,IS2311_20221214,IS2311_20230113,IS2311_20230217,IS2311_20230316,IS2311_20230414,IS2311_20230512,IS2311_20230615,IS2311_20230714,IS2311_20230815,IS2311_20230915,IS2311_20231013,IS2311_20231116,IS2311_20231214,IS2311_20240117,IS2311_20240215,IS2311_20240315,IS2311_20240412,IS2311_20240516,IS2311_20240614,IS2311_20240716,IS2311_20240815,IS2311_20240913,IS2311_20241016,IS2311_20241115,IS2311_20241213,IS2311_20250116,IS2311_20250214,IS2311_20250318,IS2311_20250415,IS2311_20250516,IS2311_20250617,IS2311_20250717,IS2311_20250815,IS2311_20250916,IS2311_20251203,IS2311_20260115,IS2311_20260210,IS2311_20260305,IS2311_20260325,IS2311_20260415,IS2311_20260514,IS2311_20260616,IS2311_20260717,IS2311_20260818,IS2311_20260916
2003-12-01,100.0,100.0,100.0,100.0,100.0,100.0,100.0,100.0,100.0,100.0,100.0,100.0,100.0,100.0,100.0,100.0,100.0,100.0,100.0,100.0,100.0,100.0,100.0,100.0,100.0,100.0,100.0,100.0,100.0,100.0,100.0,100.0,100.0,100.0,100.0,100.0,100.0,100.0,100.0,100.0,100.0,100.0,100.0,100.0,100.0,100.0,100.0,100.0,100.0,100.0,100.0,100.0,100.0,100.0,100.0,100.0,100.0,100.0,100.0,100.0,100.0,100.0,100.0,100.0,100.0,100.0,100.0,100.0,100.0,100.0,100.0,100.0,100.0,100.0,100.0,100.0,100.0,100.0,100.0,100.0,100.0,100.0,100.0,100.0,100.0,100.0,100.0,100.0,100.0,100.0,100.0,100.0,100.0,100.0,100.0,100.0,100.0,100.0,100.0,100.0,100.0,100.0,100.0,100.0,100.0,100.0,100.0,100.0,100.0,100.0,100.0,100.0,100.0,100.0,100.0,100.0,100.0,100.0,100.0,100.0,100.0,100.0,100.0,100.0,100.0,100.0,100.0,100.0,100.0,100.0,100.0,100.0,100.0,100.0,100.0,100.0,100.0,100.0,100.0,100.0,100.0,100.0,100.0,100.0,100.0,100.0,100.0,100.0,100.0,100.0,100.0,100.0,100.0,100.0,100.0,100.0,100.0,100.0,100.0,100.0,100.0,100.0,100.0,100.0,100.0,100.0,100.0,100.0,100.0,100.0,100.0,100.0,100.0,100.0,100.0,100.0,100.0,100.0,100.0,100.0,100.0,100.0,100.0,100.0,100.0,100.0,100.0,100.0,100.0,100.0,100.0,100.0,100.0,100.0,100.0,100.0,100.0,100.0
2004-01-01,,,,,,,,,,,,,,,,,,,,,,,,,,,,,,,,,,,,,,,,,,,,,,,,,,,,,,,,,,,,,,,,,,,,,,,,,,,,,,,,,,,,,,,,,,,,,,,,,,,,,,,,,,,,,,,,,,,,,,,,,,,,,,,,,,,,,,,,,,,,,,,,,,,,,,,,,,,,,,,,,,,,,,,,,,,,,,,,,,,,,,,,,,,,,,,,,,,,,,
2004-02-01,,,,,,,,,,,,,,,,,,,,,,,,,,,,,,,,,,,,,,,,,,,,,,,,,,,,,,,,,,,,,,,,,,,,,,,,,,,,,,,,,,,,,,,,,,,,,,,,,,,,,,,,,,,,,,,,,,,,,,,,,,,,,,,,,,,,,,,,,,,,,,,,,,,,,,,,,,,,,,,,,,,,,,,,,,,,,,,,,,,,,,,,,,,,,,,,,,,,,,
2004-03-01,101.8,101.8,101.8,101.8,101.8,101.8,101.8,101.8,101.8,101.8,101.8,101.8,101.8,101.8,101.8,101.8,101.8,101.8,101.8,101.8,101.8,101.8,101.8,101.8,101.8,101.8,101.8,101.8,101.8,101.8,101.8,101.8,101.8,101.8,101.8,101.8,101.8,101.8,101.8,101.8,101.8,101.8,101.8,101.8,101.8,101.8,101.8,101.8,101.8,101.8,101.8,101.8,101.8,101.8,101.8,101.8,101.8,101.8,101.8,101.8,101.8,101.8,101.8,101.8,101.8,101.8,101.8,101.8,101.8,101.8,101.8,101.8,101.8,101.8,101.8,101.8,101.8,101.8,101.8,101.8,101.8,101.8,101.8,101.8,101.8,101.8,101.8,101.8,101.8,101.8,101.8,101.8,101.8,101.8,101.8,101.8,101.8,101.8,101.8,101.8,101.8,101.8,101.8,101.8,101.8,101.8,101.8,101.8,101.8,101.8,101.8,101.8,101.8,101.8,101.8,101.8,101.8,101.8,101.8,101.8,101.8,101.8,101.8,101.8,101.8,101.8,101.8,101.8,101.8,101.8,101.8,101.8,101.8,101.8,101.8,101.8,101.8,101.8,101.8,101.8,101.8,101.8,101.8,101.8,101.8,101.8,101.8,101.8,101.8,101.8,101.8,101.8,101.8,101.8,101.8,101.8,101.8,101.8,101.8,101.8,101.8,101.8,101.8,101.8,101.8,101.8,101.8,101.8,101.8,101.8,101.8,101.8,101.8,101.8,101.8,101.8,101.8,101.8,101.8,101.8,101.8,101.8,101.8,101.8,101.8,101.8,101.8,101.8,101.8,101.8,101.8,101.8,101.8,101.8,101.8,101.8,101.8,101.8
2004-04-01,,,,,,,,,,,,,,,,,,,,,,,,,,,,,,,,,,,,,,,,,,,,,,,,,,,,,,,,,,,,,,,,,,,,,,,,,,,,,,,,,,,,,,,,,,,,,,,,,,,,,,,,,,,,,,,,,,,,,,,,,,,,,,,,,,,,,,,,,,,,,,,,,,,,,,,,,,,,,,,,,,,,,,,,,,,,,,,,,,,,,,,,,,,,,,,,,,,,,,
2004-05-01,,,,,,,,,,,,,,,,,,,,,,,,,,,,,,,,,,,,,,,,,,,,,,,,,,,,,,,,,,,,,,,,,,,,,,,,,,,,,,,,,,,,,,,,,,,,,,,,,,,,,,,,,,,,,,,,,,,,,,,,,,,,,,,,,,,,,,,,,,,,,,,,,,,,,,,,,,,,,,,,,,,,,,,,,,,,,,,,,,,,,,,,,,,,,,,,,,,,,,
2004-06-01,106.7,106.7,106.7,106.7,106.7,106.7,106.7,106.7,106.7,106.7,106.7,106.7,106.7,106.7,106.7,106.7,106.7,106.7,106.7,106.7,106.7,106.7,106.7,106.7,106.7,106.7,106.7,106.7,106.7,106.7,106.7,106.7,106.7,106.7,106.7,106.7,106.7,106.7,106.7,106.7,106.7,106.7,106.7,106.7,106.7,106.7,106.7,106.7,106.7,106.7,106.7,106.7,106.7,106.7,106.7,106.7,106.7,106.7,106.7,106.7,106.7,106.7,106.7,106.7,106.7,106.7,106.7,106.7,106.7,106.7,106.7,106.7,106.7,106.7,106.7,106.7,106.7,106.7,106.7,106.7,106.7,106.7,106.7,106.7,106.7,106.7,106.7,106.7,106.7,106.7,106.7,106.7,106.7,106.7,106.7,106.7,106.7,106.7,106.7,106.7,106.7,106.7,106.7,106.7,106.7,106.7,106.7,106.7,106.7,106.7,106.7,106.7,106.7,106.7,106.7,106.7,106.7,106.7,106.7,106.7,106.7,106.7,106.7,106.7,106.7,106.7,106.7,106.7,106.7,106.7,106.7,106.7,106.7,106.7,106.7,106.7,106.7,106.7,106.7,106.7,106.7,106.7,106.7,106.7,106.7,106.7,106.7,106.7,106.7,106.7,106.7,106.7,106.7,106.7,106.7,106.7,106.7,106.7,106.7,106.7,106.7,106.7,106.7,106.7,106.7,106.7,106.7,106.7,106.7,106.7,106.7,106.7,106.7,106.7,106.7,106.7,106.7,106.7,106.7,106.7,106.7,106.7,106.7,106.7,106.7,106.7,106.7,106.7,106.7,106.7,106.7,106.7,106.7,106.7,106.7,106.7,106.7,106.7
2004-07-01,,,,,,,,,,,,,,,,,,,,,,,,,,,,,,,,,,,,,,,,,,,,,,,,,,,,,,,,,,,,,,,,,,,,,,,,,,,,,,,,,,,,,,,,,,,,,,,,,,,,,,,,,,,,,,,,,,,,,,,,,,,,,,,,,,,,,,,,,,,,,,,,,,,,,,,,,,,,,,,,,,,,,,,,,,,,,,,,,,,,,,,,,,,,,,,,,,,,,,
2004-08-01,,,,,,,,,,,,,,,,,,,,,,,,,,,,,,,,,,,,,,,,,,,,,,,,,,,,,,,,,,,,,,,,,,,,,,,,,,,,,,,,,,,,,,,,,,,,,,,,,,,,,,,,,,,,,,,,,,,,,,,,,,,,,,,,,,,,,,,,,,,,,,,,,,,,,,,,,,,,,,,,,,,,,,,,,,,,,,,,,,,,,,,,,,,,,,,,,,,,,,
2004-09-01,108.6,108.6,108.6,108.6,108.6,108.6,108.6,108.6,108.6,108.6,108.6,108.6,108.6,108.6,108.6,108.6,108.6,108.6,108.6,108.6,108.6,108.6,108.6,108.6,108.6,108.6,108.6,108.6,108.6,108.6,108.6,108.6,108.6,108.6,108.6,108.6,108.6,108.6,108.6,108.6,108.6,108.6,108.6,108.6,108.6,108.6,108.6,108.6,108.6,108.6,108.6,108.6,108.6,108.6,108.6,108.6,108.6,108.6,108.6,108.6,108.6,108.6,108.6,108.6,108.6,108.6,108.6,108.6,108.6,108.6,108.6,108.6,108.6,108.6,108.6,108.6,108.6,108.6,108.6,108.6,108.6,108.6,108.6,108.6,108.6,108.6,108.6,108.6,108.6,108.6,108.6,108.6,108.6,108.6,108.6,108.6,108.6,108.6,108.6,108.6,108.6,108.6,108.6,108.6,108.6,108.6,108.6,108.6,108.6,108.6,108.6,108.6,108.6,108.6,108.6,108.6,108.6,108.6,108.6,108.6,108.6,108.6,108.6,108.6,108.6,108.6,108.6,108.6,108.6,108.6,108.6,108.6,108.6,108.6,108.6,108.6,108.6,108.6,108.6,108.6,108.6,108.6,108.6,108.6,108.6,108.6,108.6,108.6,108.6,108.6,108.6,108.6,108.6,108.6,108.6,108.6,108.6,108.6,108.6,108.6,108.6,108.6,108.6,108.6,108.6,108.6,108.6,108.6,108.6,108.6,108.6,108.6,108.6,108.6,108.6,108.6,108.6,108.6,108.6,108.6,108.6,108.6,108.6,108.6,108.6,108.6,108.6,108.6,108.6,108.6,108.6,108.6,108.6,108.6,108.6,108.6,108.6,108.6
2004-10-01,,,,,,,,,,,,,,,,,,,,,,,,,,,,,,,,,,,,,,,,,,,,,,,,,,,,,,,,,,,,,,,,,,,,,,,,,,,,,,,,,,,,,,,,,,,,,,,,,,,,,,,,,,,,,,,,,,,,,,,,,,,,,,,,,,,,,,,,,,,,,,,,,,,,,,,,,,,,,,,,,,,,,,,,,,,,,,,,,,,,,,,,,,,,,,,,,,,,,,
2004-11-01,,,,,,,,,,,,,,,,,,,,,,,,,,,,,,,,,,,,,,,,,,,,,,,,,,,,,,,,,,,,,,,,,,,,,,,,,,,,,,,,,,,,,,,,,,,,,,,,,,,,,,,,,,,,,,,,,,,,,,,,,,,,,,,,,,,,,,,,,,,,,,,,,,,,,,,,,,,,,,,,,,,,,,,,,,,,,,,,,,,,,,,,,,,,,,,,,,,,,,
2004-12-01,112.9,112.9,112.9,112.9,112.9,112.9,112.9,112.9,112.9,112.9,112.9,112.9,112.9,112.9,112.9,112.9,112.9,112.9,112.9,112.9,112.9,112.9,112.9,112.9,112.9,112.9,112.9,112.9,112.9,112.9,112.9,112.9,112.9,112.9,112.9,112.9,112.9,112.9,112.9,112.9,112.9,112.9,112.9,112.9,112.9,112.9,112.9,112.9,112.9,112.9,112.9,112.9,112.9,112.9,112.9,112.9,112.9,112.9,112.9,112.9,112.9,112.9,112.9,112.9,112.9,112.9,112.9,112.9,112.9,112.9,112.9,112.9,112.9,112.9,112.9,112.9,112.9,112.9,112.9,112.9,112.9,112.9,112.9,112.9,112.9,112.9,112.9,112.9,112.9,112.9,112.9,112.9,112.9,112.9,112.9,112.9,112.9,112.9,112.9,112.9,112.9,112.9,112.9,112.9,112.9,112.9,112.9,112.9,112.9,112.9,112.9,112.9,112.9,112.9,112.9,112.9,112.9,112.9,112.9,112.9,112.9,112.9,112.9,112.9,112.9,112.9,112.9,112.9,112.9,112.9,112.9,112.9,112.9,112.9,112.9,112.9,112.9,112.9,112.9,112.9,112.9,112.9,112.9,112.9,112.9,112.9,112.9,112.9,112.9,112.9,112.9,112.9,112.9,112.9,112.9,112.9,112.9,112.9,112.9,112.9,112.9,112.9,112.9,112.9,112.9,112.9,112.9,112.9,112.9,112.9,112.9,112.9,112.9,112.9,112.9,112.9,112.9,112.9,112.9,112.9,112.9,112.9,112.9,112.9,112.9,112.9,112.9,112.9,112.9,112.9,112.9,112.9,112.9,112.9,112.9,112.9,112.9,112.9
2005-01-01,,,,,,,,,,,,,,,,,,,,,,,,,,,,,,,,,,,,,,,,,,,,,,,,,,,,,,,,,,,,,,,,,,,,,,,,,,,,,,,,,,,,,,,,,,,,,,,,,,,,,,,,,,,,,,,,,,,,,,,,,,,,,,,,,,,,,,,,,,,,,,,,,,,,,,,,,,,,,,,,,,,,,,,,,,,,,,,,,,,,,,,,,,,,,,,,,,,,,,
2005-02-01,,,,,,,,,,,,,,,,,,,,,,,,,,,,,,,,,,,,,,,,,,,,,,,,,,,,,,,,,,,,,,,,,,,,,,,,,,,,,,,,,,,,,,,,,,,,,,,,,,,,,,,,,,,,,,,,,,,,,,,,,,,,,,,,,,,,,,,,,,,,,,,,,,,,,,,,,,,,,,,,,,,,,,,,,,,,,,,,,,,,,,,,,,,,,,,,,,,,,,
2005-03-01,114.2,114.2,114.2,114.2,114.2,114.2,114.2,114.2,114.2,114.2,114.2,114.2,114.2,114.2,114.2,114.2,114.2,114.2,114.2,114.2,114.2,114.2,114.2,114.2,114.2,114.2,114.2,114.2,114.2,114.2,114.2,114.2,114.2,114.2,114.2,114.2,114.2,114.2,114.2,114.2,114.2,114.2,114.2,114.2,114.2,114.2,114.2,114.2,114.2,114.2,114.2,114.2,114.2,114.2,114.2,114.2,114.2,114.2,114.2,114.2,114.2,114.2,114.2,114.2,114.2,114.2,114.2,114.2,114.2,114.2,114.2,114.2,114.2,114.2,114.2,114.2,114.2,114.2,114.2,114.2,114.2,114.2,114.2,114.2,114.2,114.2,114.2,114.2,114.2,114.2,114.2,114.2,114.2,114.2,114.2,114.2,114.2,114.2,114.2,114.2,114.2,114.2,114.2,114.2,114.2,114.2,114.2,114.2,114.2,114.2,114.2,114.2,114.2,114.2,114.2,114.2,114.2,114.2,114.2,114.2,114.2,114.2,114.2,114.2,114.2,114.2,114.2,114.2,114.2,114.2,114.2,114.2,114.2,114.2,114.2,114.2,114.2,114.2,114.2,114.2,114.2,114.2,114.2,114.2,114.2,114.2,114.2,114.2,114.2,114.2,114.2,114.2,114.2,114.2,114.2,114.2,114.2,114.2,114.2,114.2,114.2,114.2,114.2,114.2,114.2,114.2,114.2,114.2,114.2,114.2,114.2,114.2,114.2,114.2,114.2,114.2,114.2,114.2,114.2,114.2,114.2,114.2,114.2,114.2,114.2,114.2,114.2,114.2,114.2,114.2,114.2,114.2,114.2,114.2,114.2,114.2,114.2,114.2
2005-04-01,,,,,,,,,,,,,,,,,,,,,,,,,,,,,,,,,,,,,,,,,,,,,,,,,,,,,,,,,,,,,,,,,,,,,,,,,,,,,,,,,,,,,,,,,,,,,,,,,,,,,,,,,,,,,,,,,,,,,,,,,,,,,,,,,,,,,,,,,,,,,,,,,,,,,,,,,,,,,,,,,,,,,,,,,,,,,,,,,,,,,,,,,,,,,,,,,,,,,,
2005-05-01,,,,,,,,,,,,,,,,,,,,,,,,,,,,,,,,,,,,,,,,,,,,,,,,,,,,,,,,,,,,,,,,,,,,,,,,,,,,,,,,,,,,,,,,,,,,,,,,,,,,,,,,,,,,,,,,,,,,,,,,,,,,,,,,,,,,,,,,,,,,,,,,,,,,,,,,,,,,,,,,,,,,,,,,,,,,,,,,,,,,,,,,,,,,,,,,,,,,,,
2005-06-01,118.9,118.9,118.9,118.9,118.9,118.9,118.9,118.9,118.9,118.9,118.9,118.9,118.9,118.9,118.9,118.9,118.9,118.9,118.9,118.9,118.9,118.9,118.9,118.9,118.9,118.9,118.9,118.9,118.9,118.9,118.9,118.9,118.9,118.9,118.9,118.9,118.9,118.9,118.9,118.9,118.9,118.9,118.9,118.9,118.9,118.9,118.9,118.9,118.9,118.9,118.9,118.9,118.9,118.9,118.9,118.9,118.9,118.9,118.9,118.9,118.9,118.9,118.9,118.9,118.9,118.9,118.9,118.9,118.9,118.9,118.9,118.9,118.9,118.9,118.9,118.9,118.9,118.9,118.9,118.9,118.9,118.9,118.9,118.9,118.9,118.9,118.9,118.9,118.9,118.9,118.9,118.9,118.9,118.9,118.9,118.9,118.9,118.9,118.9,118.9,118.9,118.9,118.9,118.9,118.9,118.9,118.9,118.9,118.9,118.9,118.9,118.9,118.9,118.9,118.9,118.9,118.9,118.9,118.9,118.9,118.9,118.9,118.9,118.9,118.9,118.9,118.9,118.9,118.9,118.9,118.9,118.9,118.9,118.9,118.9,118.9,118.9,118.9,118.9,118.9,118.9,118.9,118.9,118.9,118.9,118.9,118.9,118.9,118.9,118.9,118.9,118.9,118.9,118.9,118.9,118.9,118.9,118.9,118.9,118.9,118.9,118.9,118.9,118.9,118.9,118.9,118.9,118.9,118.9,118.9,118.9,118.9,118.9,118.9,118.9,118.9,118.9,118.9,118.9,118.9,118.9,118.9,118.9,118.9,118.9,118.9,118.9,118.9,118.9,118.9,118.9,118.9,118.9,118.9,118.9,118.9,118.9,118.9
2005-07-01,,,,,,,,,,,,,,,,,,,,,,,,,,,,,,,,,,,,,,,,,,,,,,,,,,,,,,,,,,,,,,,,,,,,,,,,,,,,,,,,,,,,,,,,,,,,,,,,,,,,,,,,,,,,,,,,,,,,,,,,,,,,,,,,,,,,,,,,,,,,,,,,,,,,,,,,,,,,,,,,,,,,,,,,,,,,,,,,,,,,,,,,,,,,,,,,,,,,,,
2005-08-01,,,,,,,,,,,,,,,,,,,,,,,,,,,,,,,,,,,,,,,,,,,,,,,,,,,,,,,,,,,,,,,,,,,,,,,,,,,,,,,,,,,,,,,,,,,,,,,,,,,,,,,,,,,,,,,,,,,,,,,,,,,,,,,,,,,,,,,,,,,,,,,,,,,,,,,,,,,,,,,,,,,,,,,,,,,,,,,,,,,,,,,,,,,,,,,,,,,,,,
2005-09-01,126.1,126.1,126.1,126.1,126.1,126.1,126.1,126.1,126.1,126.1,126.1,126.1,126.1,126.1,126.1,126.1,126.1,126.1,126.1,126.1,126.1,126.1,126.1,126.1,126.1,126.1,126.1,126.1,126.1,126.1,126.1,126.1,126.1,126.1,126.1,126.1,126.1,126.1,126.1,126.1,126.1,126.1,126.1,126.1,126.1,126.1,126.1,126.1,126.1,126.1,126.1,126.1,126.1,126.1,126.1,126.1,126.1,126.1,126.1,126.1,126.1,126.1,126.1,126.1,126.1,126.1,126.1,126.1,126.1,126.1,126.1,126.1,126.1,126.1,126.1,126.1,126.1,126.1,126.1,126.1,126.1,126.1,126.1,126.1,126.1,126.1,126.1,126.1,126.1,126.1,126.1,126.1,126.1,126.1,126.1,126.1,126.1,126.1,126.1,126.1,126.1,126.1,126.1,126.1,126.1,126.1,126.1,126.1,126.1,126.1,126.1,126.1,126.1,126.1,126.1,126.1,126.1,126.1,126.1,126.1,126.1,126.1,126.1,126.1,126.1,126.1,126.1,126.1,126.1,126.1,126.1,126.1,126.1,126.1,126.1,126.1,126.1,126.1,126.1,126.1,126.1,126.1,126.1,126.1,126.1,126.1,126.1,126.1,126.1,126.1,126.1,126.1,126.1,126.1,126.1,126.1,126.1,126.1,126.1,126.1,126.1,126.1,126.1,126.1,126.1,126.1,126.1,126.1,126.1,126.1,126.1,126.1,126.1,126.1,126.1,126.1,126.1,126.1,126.1,126.1,126.1,126.1,126.1,126.1,126.1,126.1,126.1,126.1,126.1,126.1,126.1,126.1,126.1,126.1,126.1,126.1,126.1,126.1
2005-10-01,,,,,,,,,,,,,,,,,,,,,,,,,,,,,,,,,,,,,,,,,,,,,,,,,,,,,,,,,,,,,,,,,,,,,,,,,,,,,,,,,,,,,,,,,,,,,,,,,,,,,,,,,,,,,,,,,,,,,,,,,,,,,,,,,,,,,,,,,,,,,,,,,,,,,,,,,,,,,,,,,,,,,,,,,,,,,,,,,,,,,,,,,,,,,,,,,,,,,,
2005-11-01,,,,,,,,,,,,,,,,,,,,,,,,,,,,,,,,,,,,,,,,,,,,,,,,,,,,,,,,,,,,,,,,,,,,,,,,,,,,,,,,,,,,,,,,,,,,,,,,,,,,,,,,,,,,,,,,,,,,,,,,,,,,,,,,,,,,,,,,,,,,,,,,,,,,,,,,,,,,,,,,,,,,,,,,,,,,,,,,,,,,,,,,,,,,,,,,,,,,,,
2005-12-01,126.4,126.4,126.4,126.4,126.4,126.4,126.4,126.4,126.4,126.4,126.4,126.4,126.4,126.4,126.4,126.4,126.4,126.4,126.4,126.4,126.4,126.4,126.4,126.4,126.4,126.4,126.4,126.4,126.4,126.4,126.4,126.4,126.4,126.4,126.4,126.4,126.4,126.4,126.4,126.4,126.4,126.4,126.4,126.4,126.4,126.4,126.4,126.4,126.4,126.4,126.4,126.4,126.4,126.4,126.4,126.4,126.4,126.4,126.4,126.4,126.4,126.4,126.4,126.4,126.4,126.4,126.4,126.4,126.4,126.4,126.4,126.4,126.4,126.4,126.4,126.4,126.4,126.4,126.4,126.4,126.4,126.4,126.4,126.4,126.4,126.4,126.4,126.4,126.4,126.4,126.4,126.4,126.4,126.4,126.4,126.4,126.4,126.4,126.4,126.4,126.4,126.4,126.4,126.4,126.4,126.4,126.4,126.4,126.4,126.4,126.4,126.4,126.4,126.4,126.4,126.4,126.4,126.4,126.4,126.4,126.4,126.4,126.4,126.4,126.4,126.4,126.4,126.4,126.4,126.4,126.4,126.4,126.4,126.4,126.4,126.4,126.4,126.4,126.4,126.4,126.4,126.4,126.4,126.4,126.4,126.4,126.4,126.4,126.4,126.4,126.4,126.4,126.4,126.4,126.4,126.4,126.4,126.4,126.4,126.4,126.4,126.4,126.4,126.4,126.4,126.4,126.4,126.4,126.4,126.4,126.4,126.4,126.4,126.4,126.4,126.4,126.4,126.4,126.4,126.4,126.4,126.4,126.4,126.4,126.4,126.4,126.4,126.4,126.4,126.4,126.4,126.4,126.4,126.4,126.4,126.4,126.4,126.4
2006-01-01,125.0,125.0,125.0,125.0,125.0,125.0,125.0,125.0,125.0,125.0,125.0,125.0,125.0,125.0,125.0,125.0,125.0,125.0,125.0,125.0,125.0,125.0,125.0,125.0,125.0,125.0,125.0,125.0,125.0,125.0,125.0,125.0,125.0,125.0,125.0,125.0,125.0,125.0,125.0,125.0,125.0,125.0,125.0,125.0,125.0,125.0,125.0,125.0,125.0,125.0,125.0,125.0,125.0,125.0,125.0,125.0,125.0,125.0,125.0,125.0,125.0,125.0,125.0,125.0,125.0,125.0,125.0,125.0,125.0,125.0,125.0,125.0,125.0,125.0,125.0,125.0,125.0,125.0,125.0,125.0,125.0,125.0,125.0,125.0,125.0,125.0,125.0,125.0,125.0,125.0,125.0,125.0,125.0,125.0,125.0,125.0,125.0,125.0,125.0,125.0,125.0,125.0,125.0,125.0,125.0,125.0,125.0,125.0,125.0,125.0,125.0,125.0,125.0,125.0,125.0,125.0,125.0,125.0,125.0,125.0,125.0,125.0,125.0,125.0,125.0,125.0,125.0,125.0,125.0,125.0,125.0,125.0,125.0,125.0,125.0,125.0,125.0,125.0,125.0,125.0,125.0,125.0,125.0,125.0,125.0,125.0,125.0,125.0,125.0,125.0,125.0,125.0,125.0,125.0,125.0,125.0,125.0,125.0,125.0,125.0,125.0,125.0,125.0,125.0,125.0,125.0,125.0,125.0,125.0,125.0,125.0,125.0,125.0,125.0,125.0,125.0,125.0,125.0,125.0,125.0,125.0,125.0,125.0,125.0,125.0,125.0,125.0,125.0,125.0,125.0,125.0,125.0,125.0,125.0,125.0,125.0,125.0,125.0
2006-02-01,127.3,127.3,127.3,127.3,127.3,127.3,127.3,127.3,127.3,127.3,127.3,127.3,127.3,127.3,127.3,127.3,127.3,127.3,127.3,127.3,127.3,127.3,127.3,127.3,127.3,127.3,127.3,127.3,127.3,127.3,127.3,127.3,127.3,127.3,127.3,127.3,127.3,127.3,127.3,127.3,127.3,127.3,127.3,127.3,127.3,127.3,127.3,127.3,127.3,127.3,127.3,127.3,127.3,127.3,127.3,127.3,127.3,127.3,127.3,127.3,127.3,127.3,127.3,127.3,127.3,127.3,127.3,127.3,127.3,127.3,127.3,127.3,127.3,127.3,127.3,127.3,127.3,127.3,127.3,127.3,127.3,127.3,127.3,127.3,127.3,127.3,127.3,127.3,127.3,127.3,127.3,127.3,127.3,127.3,127.3,127.3,127.3,127.3,127.3,127.3,127.3,127.3,127.3,127.3,127.3,127.3,127.3,127.3,127.3,127.3,127.3,127.3,127.3,127.3,127.3,127.3,127.3,127.3,127.3,127.3,127.3,127.3,127.3,127.3,127.3,127.3,127.3,127.3,127.3,127.3,127.3,127.3,127.3,127.3,127.3,127.3,127.3,127.3,127.3,127.3,127.3,127.3,127.3,127.3,127.3,127.3,127.3,127.3,127.3,127.3,127.3,127.3,127.3,127.3,127.3,127.3,127.3,127.3,127.3,127.3,127.3,127.3,127.3,127.3,127.3,127.3,127.3,127.3,127.3,127.3,127.3,127.3,127.3,127.3,127.3,127.3,127.3,127.3,127.3,127.3,127.3,127.3,127.3,127.3,127.3,127.3,127.3,127.3,127.3,127.3,127.3,127.3,127.3,127.3,127.3,127.3,127.3,127.3
2006-03-01,127.4,127.4,127.4,127.4,127.4,127.4,127.4,127.4,127.4,127.4,127.4,127.4,127.4,127.4,127.4,127.4,127.4,127.4,127.4,127.4,127.4,127.4,127.4,127.4,127.4,127.4,127.4,127.4,127.4,127.4,127.4,127.4,127.4,127.4,127.4,127.4,127.4,127.4,127.4,127.4,127.4,127.4,127.4,127.4,127.4,127.4,127.4,127.4,127.4,127.4,127.4,127.4,127.4,127.4,127.4,127.4,127.4,127.4,127.4,127.4,127.4,127.4,127.4,127.4,127.4,127.4,127.4,127.4,127.4,127.4,127.4,127.4,127.4,127.4,127.4,127.4,127.4,127.4,127.4,127.4,127.4,127.4,127.4,127.4,127.4,127.4,127.4,127.4,127.4,127.4,127.4,127.4,127.4,127.4,127.4,127.4,127.4,127.4,127.4,127.4,127.4,127.4,127.4,127.4,127.4,127.4,127.4,127.4,127.4,127.4,127.4,127.4,127.4,127.4,127.4,127.4,127.4,127.4,127.4,127.4,127.4,127.4,127.4,127.4,127.4,127.4,127.4,127.4,127.4,127.4,127.4,127.4,127.4,127.4,127.4,127.4,127.4,127.4,127.4,127.4,127.4,127.4,127.4,127.4,127.4,127.4,127.4,127.4,127.4,127.4,127.4,127.4,127.4,127.4,127.4,127.4,127.4,127.4,127.4,127.4,127.4,127.4,127.4,127.4,127.4,127.4,127.4,127.4,127.4,127.4,127.4,127.4,127.4,127.4,127.4,127.4,127.4,127.4,127.4,127.4,127.4,127.4,127.4,127.4,127.4,127.4,127.4,127.4,127.4,127.4,127.4,127.4,127.4,127.4,127.4,127.4,127.4,127.4
2006-04-01,128.1,128.1,128.1,128.1,128.1,128.1,128.1,128.1,128.1,128.1,128.1,128.1,128.1,128.1,128.1,128.1,128.1,128.1,128.1,128.1,128.1,128.1,128.1,128.1,128.1,128.1,128.1,128.1,128.1,128.1,128.1,128.1,128.1,128.1,128.1,128.1,128.1,128.1,128.1,128.1,128.1,128.1,128.1,128.1,128.1,128.1,128.1,128.1,128.1,128.1,128.1,128.1,128.1,128.1,128.1,128.1,128.1,128.1,128.1,128.1,128.1,128.1,128.1,128.1,128.1,128.1,128.1,128.1,128.1,128.1,128.1,128.1,128.1,128.1,128.1,128.1,128.1,128.1,128.1,128.1,128.1,128.1,128.1,128.1,128.1,128.1,128.1,128.1,128.1,128.1,128.1,128.1,128.1,128.1,128.1,128.1,128.1,128.1,128.1,128.1,128.1,128.1,128.1,128.1,128.1,128.1,128.1,128.1,128.1,128.1,128.1,128.1,128.1,128.1,128.1,128.1,128.1,128.1,128.1,128.1,128.1,128.1,128.1,128.1,128.1,128.1,128.1,128.1,128.1,128.1,128.1,128.1,128.1,128.1,128.1,128.1,128.1,128.1,128.1,128.1,128.1,128.1,128.1,128.1,128.1,128.1,128.1,128.1,128.1,128.1,128.1,128.1,128.1,128.1,128.1,128.1,128.1,128.1,128.1,128.1,128.1,128.1,128.1,128.1,128.1,128.1,128.1,128.1,128.1,128.1,128.1,128.1,128.1,128.1,128.1,128.1,128.1,128.1,128.1,128.1,128.1,128.1,128.1,128.1,128.1,128.1,128.1,128.1,128.1,128.1,128.1,128.1,128.1,128.1,128.1,128.1,128.1,128.1
2006-05-01,132.1,132.1,132.1,132.1,132.1,132.1,132.1,132.1,132.1,132.1,132.1,132.1,132.1,132.1,132.1,132.1,132.1,132.1,132.1,132.1,132.1,132.1,132.1,132.1,132.1,132.1,132.1,132.1,132.1,132.1,132.1,132.1,132.1,132.1,132.1,132.1,132.1,132.1,132.1,132.1,132.1,132.1,132.1,132.1,132.1,132.1,132.1,132.1,132.1,132.1,132.1,132.1,132.1,132.1,132.1,132.1,132.1,132.1,132.1,132.1,132.1,132.1,132.1,132.1,132.1,132.1,132.1,132.1,132.1,132.1,132.1,132.1,132.1,132.1,132.1,132.1,132.1,132.1,132.1,132.1,132.1,132.1,132.1,132.1,132.1,132.1,132.1,132.1,132.1,132.1,132.1,132.1,132.1,132.1,132.1,132.1,132.1,132.1,132.1,132.1,132.1,132.1,132.1,132.1,132.1,132.1,132.1,132.1,132.1,132.1,132.1,132.1,132.1,132.1,132.1,132.1,132.1,132.1,132.1,132.1,132.1,132.1,132.1,132.1,132.1,132.1,132.1,132.1,132.1,132.1,132.1,132.1,132.1,132.1,132.1,132.1,132.1,132.1,132.1,132.1,132.1,132.1,132.1,132.1,132.1,132.1,132.1,132.1,132.1,132.1,132.1,132.1,132.1,132.1,132.1,132.1,132.1,132.1,132.1,132.1,132.1,132.1,132.1,132.1,132.1,132.1,132.1,132.1,132.1,132.1,132.1,132.1,132.1,132.1,132.1,132.1,132.1,132.1,132.1,132.1,132.1,132.1,132.1,132.1,132.1,132.1,132.1,132.1,132.1,132.1,132.1,132.1,132.1,132.1,132.1,132.1,132.1,132.1
2006-06-01,134.0,134.0,134.0,134.0,134.0,134.0,134.0,134.0,134.0,134.0,134.0,134.0,134.0,134.0,134.0,134.0,134.0,134.0,134.0,134.0,134.0,134.0,134.0,134.0,134.0,134.0,134.0,134.0,134.0,134.0,134.0,134.0,134.0,134.0,134.0,134.0,134.0,134.0,134.0,134.0,134.0,134.0,134.0,134.0,134.0,134.0,134.0,134.0,134.0,134.0,134.0,134.0,134.0,134.0,134.0,134.0,134.0,134.0,134.0,134.0,134.0,134.0,134.0,134.0,134.0,134.0,134.0,134.0,134.0,134.0,134.0,134.0,134.0,134.0,134.0,134.0,134.0,134.0,134.0,134.0,134.0,134.0,134.0,134.0,134.0,134.0,134.0,134.0,134.0,134.0,134.0,134.0,134.0,134.0,134.0,134.0,134.0,134.0,134.0,134.0,134.0,134.0,134.0,134.0,134.0,134.0,134.0,134.0,134.0,134.0,134.0,134.0,134.0,134.0,134.0,134.0,134.0,134.0,134.0,134.0,134.0,134.0,134.0,134.0,134.0,134.0,134.0,134.0,134.0,134.0,134.0,134.0,134.0,134.0,134.0,134.0,134.0,134.0,134.0,134.0,134.0,134.0,134.0,134.0,134.0,134.0,134.0,134.0,134.0,134.0,134.0,134.0,134.0,134.0,134.0,134.0,134.0,134.0,134.0,134.0,134.0,134.0,134.0,134.0,134.0,134.0,134.0,134.0,134.0,134.0,134.0,134.0,134.0,134.0,134.0,134.0,134.0,134.0,134.0,134.0,134.0,134.0,134.0,134.0,134.0,134.0,134.0,134.0,134.0,134.0,134.0,134.0,134.0,134.0,134.0,134.0,134.0,134.0
2006-07-01,132.1,132.1,132.1,132.1,132.1,132.1,132.1,132.1,132.1,132.1,132.1,132.1,132.1,132.1,132.1,132.1,132.1,132.1,132.1,132.1,132.1,132.1,132.1,132.1,132.1,132.1,132.1,132.1,132.1,132.1,132.1,132.1,132.1,132.1,132.1,132.1,132.1,132.1,132.1,132.1,132.1,132.1,132.1,132.1,132.1,132.1,132.1,132.1,132.1,132.1,132.1,132.1,132.1,132.1,132.1,132.1,132.1,132.1,132.1,132.1,132.1,132.1,132.1,132.1,132.1,132.1,132.1,132.1,132.1,132.1,132.1,132.1,132.1,132.1,132.1,132.1,132.1,132.1,132.1,132.1,132.1,132.1,132.1,132.1,132.1,132.1,132.1,132.1,132.1,132.1,132.1,132.1,132.1,132.1,132.1,132.1,132.1,132.1,132.1,132.1,132.1,132.1,132.1,132.1,132.1,132.1,132.1,132.1,132.1,132.1,132.1,132.1,132.1,132.1,132.1,132.1,132.1,132.1,132.1,132.1,132.1,132.1,132.1,132.1,132.1,132.1,132.1,132.1,132.1,132.1,132.1,132.1,132.1,132.1,132.1,132.1,132.1,132.1,132.1,132.1,132.1,132.1,132.1,132.1,132.1,132.1,132.1,132.1,132.1,132.1,132.1,132.1,132.1,132.1,132.1,132.1,132.1,132.1,132.1,132.1,132.1,132.1,132.1,132.1,132.1,132.1,132.1,132.1,132.1,132.1,132.1,132.1,132.1,132.1,132.1,132.1,132.1,132.1,132.1,132.1,132.1,132.1,132.1,132.1,132.1,132.1,132.1,132.1,132.1,132.1,132.1,132.1,132.1,132.1,132.1,132.1,132.1,132.1
2006-08-01,132.5,132.5,132.5,132.5,132.5,132.5,132.5,132.5,132.5,132.5,132.5,132.5,132.5,132.5,132.5,132.5,132.5,132.5,132.5,132.5,132.5,132.5,132.5,132.5,132.5,132.5,132.5,132.5,132.5,132.5,132.5,132.5,132.5,132.5,132.5,132.5,132.5,132.5,132.5,132.5,132.5,132.5,132.5,132.5,132.5,132.5,132.5,132.5,132.5,132.5,132.5,132.5,132.5,132.5,132.5,132.5,132.5,132.5,132.5,132.5,132.5,132.5,132.5,132.5,132.5,132.5,132.5,132.5,132.5,132.5,132.5,132.5,132.5,132.5,132.5,132.5,132.5,132.5,132.5,132.5,132.5,132.5,132.5,132.5,132.5,132.5,132.5,132.5,132.5,132.5,132.5,132.5,132.5,132.5,132.5,132.5,132.5,132.5,132.5,132.5,132.5,132.5,132.5,132.5,132.5,132.5,132.5,132.5,132.5,132.5,132.5,132.5,132.5,132.5,132.5,132.5,132.5,132.5,132.5,132.5,132.5,132.5,132.5,132.5,132.5,132.5,132.5,132.5,132.5,132.5,132.5,132.5,132.5,132.5,132.5,132.5,132.5,132.5,132.5,132.5,132.5,132.5,132.5,132.5,132.5,132.5,132.5,132.5,132.5,132.5,132.5,132.5,132.5,132.5,132.5,132.5,132.5,132.5,132.5,132.5,132.5,132.5,132.5,132.5,132.5,132.5,132.5,132.5,132.5,132.5,132.5,132.5,132.5,132.5,132.5,132.5,132.5,132.5,132.5,132.5,132.5,132.5,132.5,132.5,132.5,132.5,132.5,132.5,132.5,132.5,132.5,132.5,132.5,132.5,132.5,132.5,132.5,132.5
2006-09-01,132.6,132.6,132.6,132.6,132.6,132.6,132.6,132.6,132.6,132.6,132.6,132.6,132.6,132.6,132.6,132.6,132.6,132.6,132.6,132.6,132.6,132.6,132.6,132.6,132.6,132.6,132.6,132.6,132.6,132.6,132.6,132.6,132.6,132.6,132.6,132.6,132.6,132.6,132.6,132.6,132.6,132.6,132.6,132.6,132.6,132.6,132.6,132.6,132.6,132.6,132.6,132.6,132.6,132.6,132.6,132.6,132.6,132.6,132.6,132.6,132.6,132.6,132.6,132.6,132.6,132.6,132.6,132.6,132.6,132.6,132.6,132.6,132.6,132.6,132.6,132.6,132.6,132.6,132.6,132.6,132.6,132.6,132.6,132.6,132.6,132.6,132.6,132.6,132.6,132.6,132.6,132.6,132.6,132.6,132.6,132.6,132.6,132.6,132.6,132.6,132.6,132.6,132.6,132.6,132.6,132.6,132.6,132.6,132.6,132.6,132.6,132.6,132.6,132.6,132.6,132.6,132.6,132.6,132.6,132.6,132.6,132.6,132.6,132.6,132.6,132.6,132.6,132.6,132.6,132.6,132.6,132.6,132.6,132.6,132.6,132.6,132.6,132.6,132.6,132.6,132.6,132.6,132.6,132.6,132.6,132.6,132.6,132.6,132.6,132.6,132.6,132.6,132.6,132.6,132.6,132.6,132.6,132.6,132.6,132.6,132.6,132.6,132.6,132.6,132.6,132.6,132.6,132.6,132.6,132.6,132.6,132.6,132.6,132.6,132.6,132.6,132.6,132.6,132.6,132.6,132.6,132.6,132.6,132.6,132.6,132.6,132.6,132.6,132.6,132.6,132.6,132.6,132.6,132.6,132.6,132.6,132.6,132.6
2006-10-01,130.9,130.9,130.9,130.9,130.9,130.9,130.9,130.9,130.9,130.9,130.9,130.9,130.9,130.9,130.9,130.9,130.9,130.9,130.9,130.9,130.9,130.9,130.9,130.9,130.9,130.9,130.9,130.9,130.9,130.9,130.9,130.9,130.9,130.9,130.9,130.9,130.9,130.9,130.9,130.9,130.9,130.9,130.9,130.9,130.9,130.9,130.9,130.9,130.9,130.9,130.9,130.9,130.9,130.9,130.9,130.9,130.9,130.9,130.9,130.9,130.9,130.9,130.9,130.9,130.9,130.9,130.9,130.9,130.9,130.9,130.9,130.9,130.9,130.9,130.9,130.9,130.9,130.9,130.9,130.9,130.9,130.9,130.9,130.9,130.9,130.9,130.9,130.9,130.9,130.9,130.9,130.9,130.9,130.9,130.9,130.9,130.9,130.9,130.9,130.9,130.9,130.9,130.9,130.9,130.9,130.9,130.9,130.9,130.9,130.9,130.9,130.9,130.9,130.9,130.9,130.9,130.9,130.9,130.9,130.9,130.9,130.9,130.9,130.9,130.9,130.9,130.9,130.9,130.9,130.9,130.9,130.9,130.9,130.9,130.9,130.9,130.9,130.9,130.9,130.9,130.9,130.9,130.9,130.9,130.9,130.9,130.9,130.9,130.9,130.9,130.9,130.9,130.9,130.9,130.9,130.9,130.9,130.9,130.9,130.9,130.9,130.9,130.9,130.9,130.9,130.9,130.9,130.9,130.9,130.9,130.9,130.9,130.9,130.9,130.9,130.9,130.9,130.9,130.9,130.9,130.9,130.9,130.9,130.9,130.9,130.9,130.9,130.9,130.9,130.9,130.9,130.9,130.9,130.9,130.9,130.9,130.9,130.9
2006-11-01,128.9,128.9,128.9,128.9,128.9,128.9,128.9,128.9,128.9,128.9,128.9,128.9,128.9,128.9,128.9,128.9,128.9,128.9,128.9,128.9,128.9,128.9,128.9,128.9,128.9,128.9,128.9,128.9,128.9,128.9,128.9,128.9,128.9,128.9,128.9,128.9,128.9,128.9,128.9,128.9,128.9,128.9,128.9,128.9,128.9,128.9,128.9,128.9,128.9,128.9,128.9,128.9,128.9,128.9,128.9,128.9,128.9,128.9,128.9,128.9,128.9,128.9,128.9,128.9,128.9,128.9,128.9,128.9,128.9,128.9,128.9,128.9,128.9,128.9,128.9,128.9,128.9,128.9,128.9,128.9,128.9,128.9,128.9,128.9,128.9,128.9,128.9,128.9,128.9,128.9,128.9,128.9,128.9,128.9,128.9,128.9,128.9,128.9,128.9,128.9,128.9,128.9,128.9,128.9,128.9,128.9,128.9,128.9,128.9,128.9,128.9,128.9,128.9,128.9,128.9,128.9,128.9,128.9,128.9,128.9,128.9,128.9,128.9,128.9,128.9,128.9,128.9,128.9,128.9,128.9,128.9,128.9,128.9,128.9,128.9,128.9,128.9,128.9,128.9,128.9,128.9,128.9,128.9,128.9,128.9,128.9,128.9,128.9,128.9,128.9,128.9,128.9,128.9,128.9,128.9,128.9,128.9,128.9,128.9,128.9,128.9,128.9,128.9,128.9,128.9,128.9,128.9,128.9,128.9,128.9,128.9,128.9,128.9,128.9,128.9,128.9,128.9,128.9,128.9,128.9,128.9,128.9,128.9,128.9,128.9,128.9,128.9,128.9,128.9,128.9,128.9,128.9,128.9,128.9,128.9,128.9,128.9,128.9
2006-12-01,128.9,128.9,128.9,128.9,128.9,128.9,128.9,128.9,128.9,128.9,128.9,128.9,128.9,128.9,128.9,128.9,128.9,128.9,128.9,128.9,128.9,128.9,128.9,128.9,128.9,128.9,128.9,128.9,128.9,128.9,128.9,128.9,128.9,128.9,128.9,128.9,128.9,128.9,128.9,128.9,128.9,128.9,128.9,128.9,128.9,128.9,128.9,128.9,128.9,128.9,128.9,128.9,128.9,128.9,128.9,128.9,128.9,128.9,128.9,128.9,128.9,128.9,128.9,128.9,128.9,128.9,128.9,128.9,128.9,128.9,128.9,128.9,128.9,128.9,128.9,128.9,128.9,128.9,128.9,128.9,128.9,128.9,128.9,128.9,128.9,128.9,128.9,128.9,128.9,128.9,128.9,128.9,128.9,128.9,128.9,128.9,128.9,128.9,128.9,128.9,128.9,128.9,128.9,128.9,128.9,128.9,128.9,128.9,128.9,128.9,128.9,128.9,128.9,128.9,128.9,128.9,128.9,128.9,128.9,128.9,128.9,128.9,128.9,128.9,128.9,128.9,128.9,128.9,128.9,128.9,128.9,128.9,128.9,128.9,128.9,128.9,128.9,128.9,128.9,128.9,128.9,128.9,128.9,128.9,128.9,128.9,128.9,128.9,128.9,128.9,128.9,128.9,128.9,128.9,128.9,128.9,128.9,128.9,128.9,128.9,128.9,128.9,128.9,128.9,128.9,128.9,128.9,128.9,128.9,128.9,128.9,128.9,128.9,128.9,128.9,128.9,128.9,128.9,128.9,128.9,128.9,128.9,128.9,128.9,128.9,128.9,128.9,128.9,128.9,128.9,128.9,128.9,128.9,128.9,128.9,128.9,128.9,128.9
2007-01-01,127.6,127.6,127.6,127.6,127.6,127.6,127.6,127.6,127.6,127.6,127.6,127.6,127.6,127.6,127.6,127.6,127.6,127.6,127.6,127.6,127.6,127.6,127.6,127.6,127.6,127.6,127.6,127.6,127.6,127.6,127.6,127.6,127.6,127.6,127.6,127.6,127.6,127.6,127.6,127.6,127.6,127.6,127.6,127.6,127.6,127.6,127.6,127.6,127.6,127.6,127.6,127.6,127.6,127.6,127.6,127.6,127.6,127.6,127.6,127.6,127.6,127.6,127.6,127.6,127.6,127.6,127.6,127.6,127.6,127.6,127.6,127.6,127.6,127.6,127.6,127.6,127.6,127.6,127.6,127.6,127.6,127.6,127.6,127.6,127.6,127.6,127.6,127.6,127.6,127.6,127.6,127.6,127.6,127.6,127.6,127.6,127.6,127.6,127.6,127.6,127.6,127.6,127.6,127.6,127.6,127.6,127.6,127.6,127.6,127.6,127.6,127.6,127.6,127.6,127.6,127.6,127.6,127.6,127.6,127.6,127.6,127.6,127.6,127.6,127.6,127.6,127.6,127.6,127.6,127.6,127.6,127.6,127.6,127.6,127.6,127.6,127.6,127.6,127.6,127.6,127.6,127.6,127.6,127.6,127.6,127.6,127.6,127.6,127.6,127.6,127.6,127.6,127.6,127.6,127.6,127.6,127.6,127.6,127.6,127.6,127.6,127.6,127.6,127.6,127.6,127.6,127.6,127.6,127.6,127.6,127.6,127.6,127.6,127.6,127.6,127.6,127.6,127.6,127.6,127.6,127.6,127.6,127.6,127.6,127.6,127.6,127.6,127.6,127.6,127.6,127.6,127.6,127.6,127.6,127.6,127.6,127.6,127.6
2007-02-01,126.7,126.7,126.7,126.7,126.7,126.7,126.7,126.7,126.7,126.7,126.7,126.7,126.7,126.7,126.7,126.7,126.7,126.7,126.7,126.7,126.7,126.7,126.7,126.7,126.7,126.7,126.7,126.7,126.7,126.7,126.7,126.7,126.7,126.7,126.7,126.7,126.7,126.7,126.7,126.7,126.7,126.7,126.7,126.7,126.7,126.7,126.7,126.7,126.7,126.7,126.7,126.7,126.7,126.7,126.7,126.7,126.7,126.7,126.7,126.7,126.7,126.7,126.7,126.7,126.7,126.7,126.7,126.7,126.7,126.7,126.7,126.7,126.7,126.7,126.7,126.7,126.7,126.7,126.7,126.7,126.7,126.7,126.7,126.7,126.7,126.7,126.7,126.7,126.7,126.7,126.7,126.7,126.7,126.7,126.7,126.7,126.7,126.7,126.7,126.7,126.7,126.7,126.7,126.7,126.7,126.7,126.7,126.7,126.7,126.7,126.7,126.7,126.7,126.7,126.7,126.7,126.7,126.7,126.7,126.7,126.7,126.7,126.7,126.7,126.7,126.7,126.7,126.7,126.7,126.7,126.7,126.7,126.7,126.7,126.7,126.7,126.7,126.7,126.7,126.7,126.7,126.7,126.7,126.7,126.7,126.7,126.7,126.7,126.7,126.7,126.7,126.7,126.7,126.7,126.7,126.7,126.7,126.7,126.7,126.7,126.7,126.7,126.7,126.7,126.7,126.7,126.7,126.7,126.7,126.7,126.7,126.7,126.7,126.7,126.7,126.7,126.7,126.7,126.7,126.7,126.7,126.7,126.7,126.7,126.7,126.7,126.7,126.7,126.7,126.7,126.7,126.7,126.7,126.7,126.7,126.7,126.7,126.7
2007-03-01,126.6,126.6,126.6,126.6,126.6,126.6,126.6,126.6,126.6,126.6,126.6,126.6,126.6,126.6,126.6,126.6,126.6,126.6,126.6,126.6,126.6,126.6,126.6,126.6,126.6,126.6,126.6,126.6,126.6,126.6,126.6,126.6,126.6,126.6,126.6,126.6,126.6,126.6,126.6,126.6,126.6,126.6,126.6,126.6,126.6,126.6,126.6,126.6,126.6,126.6,126.6,126.6,126.6,126.6,126.6,126.6,126.6,126.6,126.6,126.6,126.6,126.6,126.6,126.6,126.6,126.6,126.6,126.6,126.6,126.6,126.6,126.6,126.6,126.6,126.6,126.6,126.6,126.6,126.6,126.6,126.6,126.6,126.6,126.6,126.6,126.6,126.6,126.6,126.6,126.6,126.6,126.6,126.6,126.6,126.6,126.6,126.6,126.6,126.6,126.6,126.6,126.6,126.6,126.6,126.6,126.6,126.6,126.6,126.6,126.6,126.6,126.6,126.6,126.6,126.6,126.6,126.6,126.6,126.6,126.6,126.6,126.6,126.6,126.6,126.6,126.6,126.6,126.6,126.6,126.6,126.6,126.6,126.6,126.6,126.6,126.6,126.6,126.6,126.6,126.6,126.6,126.6,126.6,126.6,126.6,126.6,126.6,126.6,126.6,126.6,126.6,126.6,126.6,126.6,126.6,126.6,126.6,126.6,126.6,126.6,126.6,126.6,126.6,126.6,126.6,126.6,126.6,126.6,126.6,126.6,126.6,126.6,126.6,126.6,126.6,126.6,126.6,126.6,126.6,126.6,126.6,126.6,126.6,126.6,126.6,126.6,126.6,126.6,126.6,126.6,126.6,126.6,126.6,126.6,126.6,126.6,126.6,126.6
2007-04-01,127.8,127.8,127.8,127.8,127.8,127.8,127.8,127.8,127.8,127.8,127.8,127.8,127.8,127.8,127.8,127.8,127.8,127.8,127.8,127.8,127.8,127.8,127.8,127.8,127.8,127.8,127.8,127.8,127.8,127.8,127.8,127.8,127.8,127.8,127.8,127.8,127.8,127.8,127.8,127.8,127.8,127.8,127.8,127.8,127.8,127.8,127.8,127.8,127.8,127.8,127.8,127.8,127.8,127.8,127.8,127.8,127.8,127.8,127.8,127.8,127.8,127.8,127.8,127.8,127.8,127.8,127.8,127.8,127.8,127.8,127.8,127.8,127.8,127.8,127.8,127.8,127.8,127.8,127.8,127.8,127.8,127.8,127.8,127.8,127.8,127.8,127.8,127.8,127.8,127.8,127.8,127.8,127.8,127.8,127.8,127.8,127.8,127.8,127.8,127.8,127.8,127.8,127.8,127.8,127.8,127.8,127.8,127.8,127.8,127.8,127.8,127.8,127.8,127.8,127.8,127.8,127.8,127.8,127.8,127.8,127.8,127.8,127.8,127.8,127.8,127.8,127.8,127.8,127.8,127.8,127.8,127.8,127.8,127.8,127.8,127.8,127.8,127.8,127.8,127.8,127.8,127.8,127.8,127.8,127.8,127.8,127.8,127.8,127.8,127.8,127.8,127.8,127.8,127.8,127.8,127.8,127.8,127.8,127.8,127.8,127.8,127.8,127.8,127.8,127.8,127.8,127.8,127.8,127.8,127.8,127.8,127.8,127.8,127.8,127.8,127.8,127.8,127.8,127.8,127.8,127.8,127.8,127.8,127.8,127.8,127.8,127.8,127.8,127.8,127.8,127.8,127.8,127.8,127.8,127.8,127.8,127.8,127.8
2007-05-01,129.0,129.0,129.0,129.0,129.0,129.0,129.0,129.0,129.0,129.0,129.0,129.0,129.0,129.0,129.0,129.0,129.0,129.0,129.0,129.0,129.0,129.0,129.0,129.0,129.0,129.0,129.0,129.0,129.0,129.0,129.0,129.0,129.0,129.0,129.0,129.0,129.0,129.0,129.0,129.0,129.0,129.0,129.0,129.0,129.0,129.0,129.0,129.0,129.0,129.0,129.0,129.0,129.0,129.0,129.0,129.0,129.0,129.0,129.0,129.0,129.0,129.0,129.0,129.0,129.0,129.0,129.0,129.0,129.0,129.0,129.0,129.0,129.0,129.0,129.0,129.0,129.0,129.0,129.0,129.0,129.0,129.0,129.0,129.0,129.0,129.0,129.0,129.0,129.0,129.0,129.0,129.0,129.0,129.0,129.0,129.0,129.0,129.0,129.0,129.0,129.0,129.0,129.0,129.0,129.0,129.0,129.0,129.0,129.0,129.0,129.0,129.0,129.0,129.0,129.0,129.0,129.0,129.0,129.0,129.0,129.0,129.0,129.0,129.0,129.0,129.0,129.0,129.0,129.0,129.0,129.0,129.0,129.0,129.0,129.0,129.0,129.0,129.0,129.0,129.0,129.0,129.0,129.0,129.0,129.0,129.0,129.0,129.0,129.0,129.0,129.0,129.0,129.0,129.0,129.0,129.0,129.0,129.0,129.0,129.0,129.0,129.0,129.0,129.0,129.0,129.0,129.0,129.0,129.0,129.0,129.0,129.0,129.0,129.0,129.0,129.0,129.0,129.0,129.0,129.0,129.0,129.0,129.0,129.0,129.0,129.0,129.0,129.0,129.0,129.0,129.0,129.0,129.0,129.0,129.0,129.0,129.0,129.0
2007-06-01,129.5,129.5,129.5,129.5,129.5,129.5,129.5,129.5,129.5,129.5,129.5,129.5,129.5,129.5,129.5,129.5,129.5,129.5,129.5,129.5,129.5,129.5,129.5,129.5,129.5,129.5,129.5,129.5,129.5,129.5,129.5,129.5,129.5,129.5,129.5,129.5,129.5,129.5,129.5,129.5,129.5,129.5,129.5,129.5,129.5,129.5,129.5,129.5,129.5,129.5,129.5,129.5,129.5,129.5,129.5,129.5,129.5,129.5,129.5,129.5,129.5,129.5,129.5,129.5,129.5,129.5,129.5,129.5,129.5,129.5,129.5,129.5,129.5,129.5,129.5,129.5,129.5,129.5,129.5,129.5,129.5,129.5,129.5,129.5,129.5,129.5,129.5,129.5,129.5,129.5,129.5,129.5,129.5,129.5,129.5,129.5,129.5,129.5,129.5,129.5,129.5,129.5,129.5,129.5,129.5,129.5,129.5,129.5,129.5,129.5,129.5,129.5,129.5,129.5,129.5,129.5,129.5,129.5,129.5,129.5,129.5,129.5,129.5,129.5,129.5,129.5,129.5,129.5,129.5,129.5,129.5,129.5,129.5,129.5,129.5,129.5,129.5,129.5,129.5,129.5,129.5,129.5,129.5,129.5,129.5,129.5,129.5,129.5,129.5,129.5,129.5,129.5,129.5,129.5,129.5,129.5,129.5,129.5,129.5,129.5,129.5,129.5,129.5,129.5,129.5,129.5,129.5,129.5,129.5,129.5,129.5,129.5,129.5,129.5,129.5,129.5,129.5,129.5,129.5,129.5,129.5,129.5,129.5,129.5,129.5,129.5,129.5,129.5,129.5,129.5,129.5,129.5,129.5,129.5,129.5,129.5,129.5,129.5
2007-07-01,130.3,130.3,130.3,130.3,130.3,130.3,130.3,130.3,130.3,130.3,130.3,130.3,130.3,130.3,130.3,130.3,130.3,130.3,130.3,130.3,130.3,130.3,130.3,130.3,130.3,130.3,130.3,130.3,130.3,130.3,130.3,130.3,130.3,130.3,130.3,130.3,130.3,130.3,130.3,130.3,130.3,130.3,130.3,130.3,130.3,130.3,130.3,130.3,130.3,130.3,130.3,130.3,130.3,130.3,130.3,130.3,130.3,130.3,130.3,130.3,130.3,130.3,130.3,130.3,130.3,130.3,130.3,130.3,130.3,130.3,130.3,130.3,130.3,130.3,130.3,130.3,130.3,130.3,130.3,130.3,130.3,130.3,130.3,130.3,130.3,130.3,130.3,130.3,130.3,130.3,130.3,130.3,130.3,130.3,130.3,130.3,130.3,130.3,130.3,130.3,130.3,130.3,130.3,130.3,130.3,130.3,130.3,130.3,130.3,130.3,130.3,130.3,130.3,130.3,130.3,130.3,130.3,130.3,130.3,130.3,130.3,130.3,130.3,130.3,130.3,130.3,130.3,130.3,130.3,130.3,130.3,130.3,130.3,130.3,130.3,130.3,130.3,130.3,130.3,130.3,130.3,130.3,130.3,130.3,130.3,130.3,130.3,130.3,130.3,130.3,130.3,130.3,130.3,130.3,130.3,130.3,130.3,130.3,130.3,130.3,130.3,130.3,130.3,130.3,130.3,130.3,130.3,130.3,130.3,130.3,130.3,130.3,130.3,130.3,130.3,130.3,130.3,130.3,130.3,130.3,130.3,130.3,130.3,130.3,130.3,130.3,130.3,130.3,130.3,130.3,130.3,130.3,130.3,130.3,130.3,130.3,130.3,130.3
2007-08-01,131.4,131.4,131.4,131.4,131.4,131.4,131.4,131.4,131.4,131.4,131.4,131.4,131.4,131.4,131.4,131.4,131.4,131.4,131.4,131.4,131.4,131.4,131.4,131.4,131.4,131.4,131.4,131.4,131.4,131.4,131.4,131.4,131.4,131.4,131.4,131.4,131.4,131.4,131.4,131.4,131.4,131.4,131.4,131.4,131.4,131.4,131.4,131.4,131.4,131.4,131.4,131.4,131.4,131.4,131.4,131.4,131.4,131.4,131.4,131.4,131.4,131.4,131.4,131.4,131.4,131.4,131.4,131.4,131.4,131.4,131.4,131.4,131.4,131.4,131.4,131.4,131.4,131.4,131.4,131.4,131.4,131.4,131.4,131.4,131.4,131.4,131.4,131.4,131.4,131.4,131.4,131.4,131.4,131.4,131.4,131.4,131.4,131.4,131.4,131.4,131.4,131.4,131.4,131.4,131.4,131.4,131.4,131.4,131.4,131.4,131.4,131.4,131.4,131.4,131.4,131.4,131.4,131.4,131.4,131.4,131.4,131.4,131.4,131.4,131.4,131.4,131.4,131.4,131.4,131.4,131.4,131.4,131.4,131.4,131.4,131.4,131.4,131.4,131.4,131.4,131.4,131.4,131.4,131.4,131.4,131.4,131.4,131.4,131.4,131.4,131.4,131.4,131.4,131.4,131.4,131.4,131.4,131.4,131.4,131.4,131.4,131.4,131.4,131.4,131.4,131.4,131.4,131.4,131.4,131.4,131.4,131.4,131.4,131.4,131.4,131.4,131.4,131.4,131.4,131.4,131.4,131.4,131.4,131.4,131.4,131.4,131.4,131.4,131.4,131.4,131.4,131.4,131.4,131.4,131.4,131.4,131.4,131.4
2007-09-01,131.6,131.6,131.6,131.6,131.6,131.6,131.6,131.6,131.6,131.6,131.6,131.6,131.6,131.6,131.6,131.6,131.6,131.6,131.6,131.6,131.6,131.6,131.6,131.6,131.6,131.6,131.6,131.6,131.6,131.6,131.6,131.6,131.6,131.6,131.6,131.6,131.6,131.6,131.6,131.6,131.6,131.6,131.6,131.6,131.6,131.6,131.6,131.6,131.6,131.6,131.6,131.6,131.6,131.6,131.6,131.6,131.6,131.6,131.6,131.6,131.6,131.6,131.6,131.6,131.6,131.6,131.6,131.6,131.6,131.6,131.6,131.6,131.6,131.6,131.6,131.6,131.6,131.6,131.6,131.6,131.6,131.6,131.6,131.6,131.6,131.6,131.6,131.6,131.6,131.6,131.6,131.6,131.6,131.6,131.6,131.6,131.6,131.6,131.6,131.6,131.6,131.6,131.6,131.6,131.6,131.6,131.6,131.6,131.6,131.6,131.6,131.6,131.6,131.6,131.6,131.6,131.6,131.6,131.6,131.6,131.6,131.6,131.6,131.6,131.6,131.6,131.6,131.6,131.6,131.6,131.6,131.6,131.6,131.6,131.6,131.6,131.6,131.6,131.6,131.6,131.6,131.6,131.6,131.6,131.6,131.6,131.6,131.6,131.6,131.6,131.6,131.6,131.6,131.6,131.6,131.6,131.6,131.6,131.6,131.6,131.6,131.6,131.6,131.6,131.6,131.6,131.6,131.6,131.6,131.6,131.6,131.6,131.6,131.6,131.6,131.6,131.6,131.6,131.6,131.6,131.6,131.6,131.6,131.6,131.6,131.6,131.6,131.6,131.6,131.6,131.6,131.6,131.6,131.6,131.6,131.6,131.6,131.6
2007-10-01,134.0,134.0,134.0,134.0,134.0,134.0,134.0,134.0,134.0,134.0,134.0,134.0,134.0,134.0,134.0,134.0,134.0,134.0,134.0,134.0,134.0,134.0,134.0,134.0,134.0,134.0,134.0,134.0,134.0,134.0,134.0,134.0,134.0,134.0,134.0,134.0,134.0,134.0,134.0,134.0,134.0,134.0,134.0,134.0,134.0,134.0,134.0,134.0,134.0,134.0,134.0,134.0,134.0,134.0,134.0,134.0,134.0,134.0,134.0,134.0,134.0,134.0,134.0,134.0,134.0,134.0,134.0,134.0,134.0,134.0,134.0,134.0,134.0,134.0,134.0,134.0,134.0,134.0,134.0,134.0,134.0,134.0,134.0,134.0,134.0,134.0,134.0,134.0,134.0,134.0,134.0,134.0,134.0,134.0,134.0,134.0,134.0,134.0,134.0,134.0,134.0,134.0,134.0,134.0,134.0,134.0,134.0,134.0,134.0,134.0,134.0,134.0,134.0,134.0,134.0,134.0,134.0,134.0,134.0,134.0,134.0,134.0,134.0,134.0,134.0,134.0,134.0,134.0,134.0,134.0,134.0,134.0,134.0,134.0,134.0,134.0,134.0,134.0,134.0,134.0,134.0,134.0,134.0,134.0,134.0,134.0,134.0,134.0,134.0,134.0,134.0,134.0,134.0,134.0,134.0,134.0,134.0,134.0,134.0,134.0,134.0,134.0,134.0,134.0,134.0,134.0,134.0,134.0,134.0,134.0,134.0,134.0,134.0,134.0,134.0,134.0,134.0,134.0,134.0,134.0,134.0,134.0,134.0,134.0,134.0,134.0,134.0,134.0,134.0,134.0,134.0,134.0,134.0,134.0,134.0,134.0,134.0,134.0
2007-11-01,137.6,137.6,137.6,137.6,137.6,137.6,137.6,137.6,137.6,137.6,137.6,137.6,137.6,137.6,137.6,137.6,137.6,137.6,137.6,137.6,137.6,137.6,137.6,137.6,137.6,137.6,137.6,137.6,137.6,137.6,137.6,137.6,137.6,137.6,137.6,137.6,137.6,137.6,137.6,137.6,137.6,137.6,137.6,137.6,137.6,137.6,137.6,137.6,137.6,137.6,137.6,137.6,137.6,137.6,137.6,137.6,137.6,137.6,137.6,137.6,137.6,137.6,137.6,137.6,137.6,137.6,137.6,137.6,137.6,137.6,137.6,137.6,137.6,137.6,137.6,137.6,137.6,137.6,137.6,137.6,137.6,137.6,137.6,137.6,137.6,137.6,137.6,137.6,137.6,137.6,137.6,137.6,137.6,137.6,137.6,137.6,137.6,137.6,137.6,137.6,137.6,137.6,137.6,137.6,137.6,137.6,137.6,137.6,137.6,137.6,137.6,137.6,137.6,137.6,137.6,137.6,137.6,137.6,137.6,137.6,137.6,137.6,137.6,137.6,137.6,137.6,137.6,137.6,137.6,137.6,137.6,137.6,137.6,137.6,137.6,137.6,137.6,137.6,137.6,137.6,137.6,137.6,137.6,137.6,137.6,137.6,137.6,137.6,137.6,137.6,137.6,137.6,137.6,137.6,137.6,137.6,137.6,137.6,137.6,137.6,137.6,137.6,137.6,137.6,137.6,137.6,137.6,137.6,137.6,137.6,137.6,137.6,137.6,137.6,137.6,137.6,137.6,137.6,137.6,137.6,137.6,137.6,137.6,137.6,137.6,137.6,137.6,137.6,137.6,137.6,137.6,137.6,137.6,137.6,137.6,137.6,137.6,137.6
2007-12-01,141.4,141.4,141.4,141.4,141.4,141.4,141.4,141.4,141.4,141.4,141.4,141.4,141.4,141.4,141.4,141.4,141.4,141.4,141.4,141.4,141.4,141.4,141.4,141.4,141.4,141.4,141.4,141.4,141.4,141.4,141.4,141.4,141.4,141.4,141.4,141.4,141.4,141.4,141.4,141.4,141.4,141.4,141.4,141.4,141.4,141.4,141.4,141.4,141.4,141.4,141.4,141.4,141.4,141.4,141.4,141.4,141.4,141.4,141.4,141.4,141.4,141.4,141.4,141.4,141.4,141.4,141.4,141.4,141.4,141.4,141.4,141.4,141.4,141.4,141.4,141.4,141.4,141.4,141.4,141.4,141.4,141.4,141.4,141.4,141.4,141.4,141.4,141.4,141.4,141.4,141.4,141.4,141.4,141.4,141.4,141.4,141.4,141.4,141.4,141.4,141.4,141.4,141.4,141.4,141.4,141.4,141.4,141.4,141.4,141.4,141.4,141.4,141.4,141.4,141.4,141.4,141.4,141.4,141.4,141.4,141.4,141.4,141.4,141.4,141.4,141.4,141.4,141.4,141.4,141.4,141.4,141.4,141.4,141.4,141.4,141.4,141.4,141.4,141.4,141.4,141.4,141.4,141.4,141.4,141.4,141.4,141.4,141.4,141.4,141.4,141.4,141.4,141.4,141.4,141.4,141.4,141.4,141.4,141.4,141.4,141.4,141.4,141.4,141.4,141.4,141.4,141.4,141.4,141.4,141.4,141.4,141.4,141.4,141.4,141.4,141.4,141.4,141.4,141.4,141.4,141.4,141.4,141.4,141.4,141.4,141.4,141.4,141.4,141.4,141.4,141.4,141.4,141.4,141.4,141.4,141.4,141.4,141.4
2008-01-01,144.9,144.9,144.9,144.9,144.9,144.9,144.9,144.9,144.9,144.9,144.9,144.9,144.9,144.9,144.9,144.9,144.9,144.9,144.9,144.9,144.9,144.9,144.9,144.9,144.9,144.9,144.9,144.9,144.9,144.9,144.9,144.9,144.9,144.9,144.9,144.9,144.9,144.9,144.9,144.9,144.9,144.9,144.9,144.9,144.9,144.9,144.9,144.9,144.9,144.9,144.9,144.9,144.9,144.9,144.9,144.9,144.9,144.9,144.9,144.9,144.9,144.9,144.9,144.9,144.9,144.9,144.9,144.9,144.9,144.9,144.9,144.9,144.9,144.9,144.9,144.9,144.9,144.9,144.9,144.9,144.9,144.9,144.9,144.9,144.9,144.9,144.9,144.9,144.9,144.9,144.9,144.9,144.9,144.9,144.9,144.9,144.9,144.9,144.9,144.9,144.9,144.9,144.9,144.9,144.9,144.9,144.9,144.9,144.9,144.9,144.9,144.9,144.9,144.9,144.9,144.9,144.9,144.9,144.9,144.9,144.9,144.9,144.9,144.9,144.9,144.9,144.9,144.9,144.9,144.9,144.9,144.9,144.9,144.9,144.9,144.9,144.9,144.9,144.9,144.9,144.9,144.9,144.9,144.9,144.9,144.9,144.9,144.9,144.9,144.9,144.9,144.9,144.9,144.9,144.9,144.9,144.9,144.9,144.9,144.9,144.9,144.9,144.9,144.9,144.9,144.9,144.9,144.9,144.9,144.9,144.9,144.9,144.9,144.9,144.9,144.9,144.9,144.9,144.9,144.9,144.9,144.9,144.9,144.9,144.9,144.9,144.9,144.9,144.9,144.9,144.9,144.9,144.9,144.9,144.9,144.9,144.9,144.9
2008-02-01,144.8,144.8,144.8,144.8,144.8,144.8,144.8,144.8,144.8,144.8,144.8,144.8,144.8,144.8,144.8,144.8,144.8,144.8,144.8,144.8,144.8,144.8,144.8,144.8,144.8,144.8,144.8,144.8,144.8,144.8,144.8,144.8,144.8,144.8,144.8,144.8,144.8,144.8,144.8,144.8,144.8,144.8,144.8,144.8,144.8,144.8,144.8,144.8,144.8,144.8,144.8,144.8,144.8,144.8,144.8,144.8,144.8,144.8,144.8,144.8,144.8,144.8,144.8,144.8,144.8,144.8,144.8,144.8,144.8,144.8,144.8,144.8,144.8,144.8,144.8,144.8,144.8,144.8,144.8,144.8,144.8,144.8,144.8,144.8,144.8,144.8,144.8,144.8,144.8,144.8,144.8,144.8,144.8,144.8,144.8,144.8,144.8,144.8,144.8,144.8,144.8,144.8,144.8,144.8,144.8,144.8,144.8,144.8,144.8,144.8,144.8,144.8,144.8,144.8,144.8,144.8,144.8,144.8,144.8,144.8,144.8,144.8,144.8,144.8,144.8,144.8,144.8,144.8,144.8,144.8,144.8,144.8,144.8,144.8,144.8,144.8,144.8,144.8,144.8,144.8,144.8,144.8,144.8,144.8,144.8,144.8,144.8,144.8,144.8,144.8,144.8,144.8,144.8,144.8,144.8,144.8,144.8,144.8,144.8,144.8,144.8,144.8,144.8,144.8,144.8,144.8,144.8,144.8,144.8,144.8,144.8,144.8,144.8,144.8,144.8,144.8,144.8,144.8,144.8,144.8,144.8,144.8,144.8,144.8,144.8,144.8,144.8,144.8,144.8,144.8,144.8,144.8,144.8,144.8,144.8,144.8,144.8,144.8
2008-03-01,145.9,145.9,145.9,145.9,145.9,145.9,145.9,145.9,145.9,145.9,145.9,145.9,145.9,145.9,145.9,145.9,145.9,145.9,145.9,145.9,145.9,145.9,145.9,145.9,145.9,145.9,145.9,145.9,145.9,145.9,145.9,145.9,145.9,145.9,145.9,145.9,145.9,145.9,145.9,145.9,145.9,145.9,145.9,145.9,145.9,145.9,145.9,145.9,145.9,145.9,145.9,145.9,145.9,145.9,145.9,145.9,145.9,145.9,145.9,145.9,145.9,145.9,145.9,145.9,145.9,145.9,145.9,145.9,145.9,145.9,145.9,145.9,145.9,145.9,145.9,145.9,145.9,145.9,145.9,145.9,145.9,145.9,145.9,145.9,145.9,145.9,145.9,145.9,145.9,145.9,145.9,145.9,145.9,145.9,145.9,145.9,145.9,145.9,145.9,145.9,145.9,145.9,145.9,145.9,145.9,145.9,145.9,145.9,145.9,145.9,145.9,145.9,145.9,145.9,145.9,145.9,145.9,145.9,145.9,145.9,145.9,145.9,145.9,145.9,145.9,145.9,145.9,145.9,145.9,145.9,145.9,145.9,145.9,145.9,145.9,145.9,145.9,145.9,145.9,145.9,145.9,145.9,145.9,145.9,145.9,145.9,145.9,145.9,145.9,145.9,145.9,145.9,145.9,145.9,145.9,145.9,145.9,145.9,145.9,145.9,145.9,145.9,145.9,145.9,145.9,145.9,145.9,145.9,145.9,145.9,145.9,145.9,145.9,145.9,145.9,145.9,145.9,145.9,145.9,145.9,145.9,145.9,145.9,145.9,145.9,145.9,145.9,145.9,145.9,145.9,145.9,145.9,145.9,145.9,145.9,145.9,145.9,145.9
2008-04-01,151.3,151.3,151.3,151.3,151.3,151.3,151.3,151.3,151.3,151.3,151.3,151.3,151.3,151.3,151.3,151.3,151.3,151.3,151.3,151.3,151.3,151.3,151.3,151.3,151.3,151.3,151.3,151.3,151.3,151.3,151.3,151.3,151.3,151.3,151.3,151.3,151.3,151.3,151.3,151.3,151.3,151.3,151.3,151.3,151.3,151.3,151.3,151.3,151.3,151.3,151.3,151.3,151.3,151.3,151.3,151.3,151.3,151.3,151.3,151.3,151.3,151.3,151.3,151.3,151.3,151.3,151.3,151.3,151.3,151.3,151.3,151.3,151.3,151.3,151.3,151.3,151.3,151.3,151.3,151.3,151.3,151.3,151.3,151.3,151.3,151.3,151.3,151.3,151.3,151.3,151.3,151.3,151.3,151.3,151.3,151.3,151.3,151.3,151.3,151.3,151.3,151.3,151.3,151.3,151.3,151.3,151.3,151.3,151.3,151.3,151.3,151.3,151.3,151.3,151.3,151.3,151.3,151.3,151.3,151.3,151.3,151.3,151.3,151.3,151.3,151.3,151.3,151.3,151.3,151.3,151.3,151.3,151.3,151.3,151.3,151.3,151.3,151.3,151.3,151.3,151.3,151.3,151.3,151.3,151.3,151.3,151.3,151.3,151.3,151.3,151.3,151.3,151.3,151.3,151.3,151.3,151.3,151.3,151.3,151.3,151.3,151.3,151.3,151.3,151.3,151.3,151.3,151.3,151.3,151.3,151.3,151.3,151.3,151.3,151.3,151.3,151.3,151.3,151.3,151.3,151.3,151.3,151.3,151.3,151.3,151.3,151.3,151.3,151.3,151.3,151.3,151.3,151.3,151.3,151.3,151.3,151.3,151.3
2008-05-01,156.4,156.4,156.4,156.4,156.4,156.4,156.4,156.4,156.4,156.4,156.4,156.4,156.4,156.4,156.4,156.4,156.4,156.4,156.4,156.4,156.4,156.4,156.4,156.4,156.4,156.4,156.4,156.4,156.4,156.4,156.4,156.4,156.4,156.4,156.4,156.4,156.4,156.4,156.4,156.4,156.4,156.4,156.4,156.4,156.4,156.4,156.4,156.4,156.4,156.4,156.4,156.4,156.4,156.4,156.4,156.4,156.4,156.4,156.4,156.4,156.4,156.4,156.4,156.4,156.4,156.4,156.4,156.4,156.4,156.4,156.4,156.4,156.4,156.4,156.4,156.4,156.4,156.4,156.4,156.4,156.4,156.4,156.4,156.4,156.4,156.4,156.4,156.4,156.4,156.4,156.4,156.4,156.4,156.4,156.4,156.4,156.4,156.4,156.4,156.4,156.4,156.4,156.4,156.4,156.4,156.4,156.4,156.4,156.4,156.4,156.4,156.4,156.4,156.4,156.4,156.4,156.4,156.4,156.4,156.4,156.4,156.4,156.4,156.4,156.4,156.4,156.4,156.4,156.4,156.4,156.4,156.4,156.4,156.4,156.4,156.4,156.4,156.4,156.4,156.4,156.4,156.4,156.4,156.4,156.4,156.4,156.4,156.4,156.4,156.4,156.4,156.4,156.4,156.4,156.4,156.4,156.4,156.4,156.4,156.4,156.4,156.4,156.4,156.4,156.4,156.4,156.4,156.4,156.4,156.4,156.4,156.4,156.4,156.4,156.4,156.4,156.4,156.4,156.4,156.4,156.4,156.4,156.4,156.4,156.4,156.4,156.4,156.4,156.4,156.4,156.4,156.4,156.4,156.4,156.4,156.4,156.4,156.4
2008-06-01,164.4,164.4,164.4,164.4,164.4,164.4,164.4,164.4,164.4,164.4,164.4,164.4,164.4,164.4,164.4,164.4,164.4,164.4,164.4,164.4,164.4,164.4,164.4,164.4,164.4,164.4,164.4,164.4,164.4,164.4,164.4,164.4,164.4,164.4,164.4,164.4,164.4,164.4,164.4,164.4,164.4,164.4,164.4,164.4,164.4,164.4,164.4,164.4,164.4,164.4,164.4,164.4,164.4,164.4,164.4,164.4,164.4,164.4,164.4,164.4,164.4,164.4,164.4,164.4,164.4,164.4,164.4,164.4,164.4,164.4,164.4,164.4,164.4,164.4,164.4,164.4,164.4,164.4,164.4,164.4,164.4,164.4,164.4,164.4,164.4,164.4,164.4,164.4,164.4,164.4,164.4,164.4,164.4,164.4,164.4,164.4,164.4,164.4,164.4,164.4,164.4,164.4,164.4,164.4,164.4,164.4,164.4,164.4,164.4,164.4,164.4,164.4,164.4,164.4,164.4,164.4,164.4,164.4,164.4,164.4,164.4,164.4,164.4,164.4,164.4,164.4,164.4,164.4,164.4,164.4,164.4,164.4,164.4,164.4,164.4,164.4,164.4,164.4,164.4,164.4,164.4,164.4,164.4,164.4,164.4,164.4,164.4,164.4,164.4,164.4,164.4,164.4,164.4,164.4,164.4,164.4,164.4,164.4,164.4,164.4,164.4,164.4,164.4,164.4,164.4,164.4,164.4,164.4,164.4,164.4,164.4,164.4,164.4,164.4,164.4,164.4,164.4,164.4,164.4,164.4,164.4,164.4,164.4,164.4,164.4,164.4,164.4,164.4,164.4,164.4,164.4,164.4,164.4,164.4,164.4,164.4,164.4,164.4
2008-07-01,169.6,169.6,169.6,169.6,169.6,169.6,169.6,169.6,169.6,169.6,169.6,169.6,169.6,169.6,169.6,169.6,169.6,169.6,169.6,169.6,169.6,169.6,169.6,169.6,169.6,169.6,169.6,169.6,169.6,169.6,169.6,169.6,169.6,169.6,169.6,169.6,169.6,169.6,169.6,169.6,169.6,169.6,169.6,169.6,169.6,169.6,169.6,169.6,169.6,169.6,169.6,169.6,169.6,169.6,169.6,169.6,169.6,169.6,169.6,169.6,169.6,169.6,169.6,169.6,169.6,169.6,169.6,169.6,169.6,169.6,169.6,169.6,169.6,169.6,169.6,169.6,169.6,169.6,169.6,169.6,169.6,169.6,169.6,169.6,169.6,169.6,169.6,169.6,169.6,169.6,169.6,169.6,169.6,169.6,169.6,169.6,169.6,169.6,169.6,169.6,169.6,169.6,169.6,169.6,169.6,169.6,169.6,169.6,169.6,169.6,169.6,169.6,169.6,169.6,169.6,169.6,169.6,169.6,169.6,169.6,169.6,169.6,169.6,169.6,169.6,169.6,169.6,169.6,169.6,169.6,169.6,169.6,169.6,169.6,169.6,169.6,169.6,169.6,169.6,169.6,169.6,169.6,169.6,169.6,169.6,169.6,169.6,169.6,169.6,169.6,169.6,169.6,169.6,169.6,169.6,169.6,169.6,169.6,169.6,169.6,169.6,169.6,169.6,169.6,169.6,169.6,169.6,169.6,169.6,169.6,169.6,169.6,169.6,169.6,169.6,169.6,169.6,169.6,169.6,169.6,169.6,169.6,169.6,169.6,169.6,169.6,169.6,169.6,169.6,169.6,169.6,169.6,169.6,169.6,169.6,169.6,169.6,169.6
2008-08-01,172.2,172.2,172.2,172.2,172.2,172.2,172.2,172.2,172.2,172.2,172.2,172.2,172.2,172.2,172.2,172.2,172.2,172.2,172.2,172.2,172.2,172.2,172.2,172.2,172.2,172.2,172.2,172.2,172.2,172.2,172.2,172.2,172.2,172.2,172.2,172.2,172.2,172.2,172.2,172.2,172.2,172.2,172.2,172.2,172.2,172.2,172.2,172.2,172.2,172.2,172.2,172.2,172.2,172.2,172.2,172.2,172.2,172.2,172.2,172.2,172.2,172.2,172.2,172.2,172.2,172.2,172.2,172.2,172.2,172.2,172.2,172.2,172.2,172.2,172.2,172.2,172.2,172.2,172.2,172.2,172.2,172.2,172.2,172.2,172.2,172.2,172.2,172.2,172.2,172.2,172.2,172.2,172.2,172.2,172.2,172.2,172.2,172.2,172.2,172.2,172.2,172.2,172.2,172.2,172.2,172.2,172.2,172.2,172.2,172.2,172.2,172.2,172.2,172.2,172.2,172.2,172.2,172.2,172.2,172.2,172.2,172.2,172.2,172.2,172.2,172.2,172.2,172.2,172.2,172.2,172.2,172.2,172.2,172.2,172.2,172.2,172.2,172.2,172.2,172.2,172.2,172.2,172.2,172.2,172.2,172.2,172.2,172.2,172.2,172.2,172.2,172.2,172.2,172.2,172.2,172.2,172.2,172.2,172.2,172.2,172.2,172.2,172.2,172.2,172.2,172.2,172.2,172.2,172.2,172.2,172.2,172.2,172.2,172.2,172.2,172.2,172.2,172.2,172.2,172.2,172.2,172.2,172.2,172.2,172.2,172.2,172.2,172.2,172.2,172.2,172.2,172.2,172.2,172.2,172.2,172.2,172.2,172.2
2008-09-01,168.3,168.3,168.3,168.3,168.3,168.3,168.3,168.3,168.3,168.3,168.3,168.3,168.3,168.3,168.3,168.3,168.3,168.3,168.3,168.3,168.3,168.3,168.3,168.3,168.3,168.3,168.3,168.3,168.3,168.3,168.3,168.3,168.3,168.3,168.3,168.3,168.3,168.3,168.3,168.3,168.3,168.3,168.3,168.3,168.3,168.3,168.3,168.3,168.3,168.3,168.3,168.3,168.3,168.3,168.3,168.3,168.3,168.3,168.3,168.3,168.3,168.3,168.3,168.3,168.3,168.3,168.3,168.3,168.3,168.3,168.3,168.3,168.3,168.3,168.3,168.3,168.3,168.3,168.3,168.3,168.3,168.3,168.3,168.3,168.3,168.3,168.3,168.3,168.3,168.3,168.3,168.3,168.3,168.3,168.3,168.3,168.3,168.3,168.3,168.3,168.3,168.3,168.3,168.3,168.3,168.3,168.3,168.3,168.3,168.3,168.3,168.3,168.3,168.3,168.3,168.3,168.3,168.3,168.3,168.3,168.3,168.3,168.3,168.3,168.3,168.3,168.3,168.3,168.3,168.3,168.3,168.3,168.3,168.3,168.3,168.3,168.3,168.3,168.3,168.3,168.3,168.3,168.3,168.3,168.3,168.3,168.3,168.3,168.3,168.3,168.3,168.3,168.3,168.3,168.3,168.3,168.3,168.3,168.3,168.3,168.3,168.3,168.3,168.3,168.3,168.3,168.3,168.3,168.3,168.3,168.3,168.3,168.3,168.3,168.3,168.3,168.3,168.3,168.3,168.3,168.3,168.3,168.3,168.3,168.3,168.3,168.3,168.3,168.3,168.3,168.3,168.3,168.3,168.3,168.3,168.3,168.3,168.3
2008-10-01,161.5,161.5,161.5,161.5,161.5,161.5,161.5,161.5,161.5,161.5,161.5,161.5,161.5,161.5,161.5,161.5,161.5,161.5,161.5,161.5,161.5,161.5,161.5,161.5,161.5,161.5,161.5,161.5,161.5,161.5,161.5,161.5,161.5,161.5,161.5,161.5,161.5,161.5,161.5,161.5,161.5,161.5,161.5,161.5,161.5,161.5,161.5,161.5,161.5,161.5,161.5,161.5,161.5,161.5,161.5,161.5,161.5,161.5,161.5,161.5,161.5,161.5,161.5,161.5,161.5,161.5,161.5,161.5,161.5,161.5,161.5,161.5,161.5,161.5,161.5,161.5,161.5,161.5,161.5,161.5,161.5,161.5,161.5,161.5,161.5,161.5,161.5,161.5,161.5,161.5,161.5,161.5,161.5,161.5,161.5,161.5,161.5,161.5,161.5,161.5,161.5,161.5,161.5,161.5,161.5,161.5,161.5,161.5,161.5,161.5,161.5,161.5,161.5,161.5,161.5,161.5,161.5,161.5,161.5,161.5,161.5,161.5,161.5,161.5,161.5,161.5,161.5,161.5,161.5,161.5,161.5,161.5,161.5,161.5,161.5,161.5,161.5,161.5,161.5,161.5,161.5,161.5,161.5,161.5,161.5,161.5,161.5,161.5,161.5,161.5,161.5,161.5,161.5,161.5,161.5,161.5,161.5,161.5,161.5,161.5,161.5,161.5,161.5,161.5,161.5,161.5,161.5,161.5,161.5,161.5,161.5,161.5,161.5,161.5,161.5,161.5,161.5,161.5,161.5,161.5,161.5,161.5,161.5,161.5,161.5,161.5,161.5,161.5,161.5,161.5,161.5,161.5,161.5,161.5,161.5,161.5,161.5,161.5
2008-11-01,158.0,158.0,158.0,158.0,158.0,158.0,158.0,158.0,158.0,158.0,158.0,158.0,158.0,158.0,158.0,158.0,158.0,158.0,158.0,158.0,158.0,158.0,158.0,158.0,158.0,158.0,158.0,158.0,158.0,158.0,158.0,158.0,158.0,158.0,158.0,158.0,158.0,158.0,158.0,158.0,158.0,158.0,158.0,158.0,158.0,158.0,158.0,158.0,158.0,158.0,158.0,158.0,158.0,158.0,158.0,158.0,158.0,158.0,158.0,158.0,158.0,158.0,158.0,158.0,158.0,158.0,158.0,158.0,158.0,158.0,158.0,158.0,158.0,158.0,158.0,158.0,158.0,158.0,158.0,158.0,158.0,158.0,158.0,158.0,158.0,158.0,158.0,158.0,158.0,158.0,158.0,158.0,158.0,158.0,158.0,158.0,158.0,158.0,158.0,158.0,158.0,158.0,158.0,158.0,158.0,158.0,158.0,158.0,158.0,158.0,158.0,158.0,158.0,158.0,158.0,158.0,158.0,158.0,158.0,158.0,158.0,158.0,158.0,158.0,158.0,158.0,158.0,158.0,158.0,158.0,158.0,158.0,158.0,158.0,158.0,158.0,158.0,158.0,158.0,158.0,158.0,158.0,158.0,158.0,158.0,158.0,158.0,158.0,158.0,158.0,158.0,158.0,158.0,158.0,158.0,158.0,158.0,158.0,158.0,158.0,158.0,158.0,158.0,158.0,158.0,158.0,158.0,158.0,158.0,158.0,158.0,158.0,158.0,158.0,158.0,158.0,158.0,158.0,158.0,158.0,158.0,158.0,158.0,158.0,158.0,158.0,158.0,158.0,158.0,158.0,158.0,158.0,158.0,158.0,158.0,158.0,158.0,158.0
2008-12-01,152.1,152.1,152.1,152.1,152.1,152.1,152.1,152.1,152.1,152.1,152.1,152.1,152.1,152.1,152.1,152.1,152.1,152.1,152.1,152.1,152.1,152.1,152.1,152.1,152.1,152.1,152.1,152.1,152.1,152.1,152.1,152.1,152.1,152.1,152.1,152.1,152.1,152.1,152.1,152.1,152.1,152.1,152.1,152.1,152.1,152.1,152.1,152.1,152.1,152.1,152.1,152.1,152.1,152.1,152.1,152.1,152.1,152.1,152.1,152.1,152.1,152.1,152.1,152.1,152.1,152.1,152.1,152.1,152.1,152.1,152.1,152.1,152.1,152.1,152.1,152.1,152.1,152.1,152.1,152.1,152.1,152.1,152.1,152.1,152.1,152.1,152.1,152.1,152.1,152.1,152.1,152.1,152.1,152.1,152.1,152.1,152.1,152.1,152.1,152.1,152.1,152.1,152.1,152.1,152.1,152.1,152.1,152.1,152.1,152.1,152.1,152.1,152.1,152.1,152.1,152.1,152.1,152.1,152.1,152.1,152.1,152.1,152.1,152.1,152.1,152.1,152.1,152.1,152.1,152.1,152.1,152.1,152.1,152.1,152.1,152.1,152.1,152.1,152.1,152.1,152.1,152.1,152.1,152.1,152.1,152.1,152.1,152.1,152.1,152.1,152.1,152.1,152.1,152.1,152.1,152.1,152.1,152.1,152.1,152.1,152.1,152.1,152.1,152.1,152.1,152.1,152.1,152.1,152.1,152.1,152.1,152.1,152.1,152.1,152.1,152.1,152.1,152.1,152.1,152.1,152.1,152.1,152.1,152.1,152.1,152.1,152.1,152.1,152.1,152.1,152.1,152.1,152.1,152.1,152.1,152.1,152.1,152.1
2009-01-01,147.1,147.1,147.1,147.1,147.1,147.1,147.1,147.1,147.1,147.1,147.1,147.1,147.1,147.1,147.1,147.1,147.1,147.1,147.1,147.1,147.1,147.1,147.1,147.1,147.1,147.1,147.1,147.1,147.1,147.1,147.1,147.1,147.1,147.1,147.1,147.1,147.1,147.1,147.1,147.1,147.1,147.1,147.1,147.1,147.1,147.1,147.1,147.1,147.1,147.1,147.1,147.1,147.1,147.1,147.1,147.1,147.1,147.1,147.1,147.1,147.1,147.1,147.1,147.1,147.1,147.1,147.1,147.1,147.1,147.1,147.1,147.1,147.1,147.1,147.1,147.1,147.1,147.1,147.1,147.1,147.1,147.1,147.1,147.1,147.1,147.1,147.1,147.1,147.1,147.1,147.1,147.1,147.1,147.1,147.1,147.1,147.1,147.1,147.1,147.1,147.1,147.1,147.1,147.1,147.1,147.1,147.1,147.1,147.1,147.1,147.1,147.1,147.1,147.1,147.1,147.1,147.1,147.1,147.1,147.1,147.1,147.1,147.1,147.1,147.1,147.1,147.1,147.1,147.1,147.1,147.1,147.1,147.1,147.1,147.1,147.1,147.1,147.1,147.1,147.1,147.1,147.1,147.1,147.1,147.1,147.1,147.1,147.1,147.1,147.1,147.1,147.1,147.1,147.1,147.1,147.1,147.1,147.1,147.1,147.1,147.1,147.1,147.1,147.1,147.1,147.1,147.1,147.1,147.1,147.1,147.1,147.1,147.1,147.1,147.1,147.1,147.1,147.1,147.1,147.1,147.1,147.1,147.1,147.1,147.1,147.1,147.1,147.1,147.1,147.1,147.1,147.1,147.1,147.1,147.1,147.1,147.1,147.1
2009-02-01,143.2,143.2,143.2,143.2,143.2,143.2,143.2,143.2,143.2,143.2,143.2,143.2,143.2,143.2,143.2,143.2,143.2,143.2,143.2,143.2,143.2,143.2,143.2,143.2,143.2,143.2,143.2,143.2,143.2,143.2,143.2,143.2,143.2,143.2,143.2,143.2,143.2,143.2,143.2,143.2,143.2,143.2,143.2,143.2,143.2,143.2,143.2,143.2,143.2,143.2,143.2,143.2,143.2,143.2,143.2,143.2,143.2,143.2,143.2,143.2,143.2,143.2,143.2,143.2,143.2,143.2,143.2,143.2,143.2,143.2,143.2,143.2,143.2,143.2,143.2,143.2,143.2,143.2,143.2,143.2,143.2,143.2,143.2,143.2,143.2,143.2,143.2,143.2,143.2,143.2,143.2,143.2,143.2,143.2,143.2,143.2,143.2,143.2,143.2,143.2,143.2,143.2,143.2,143.2,143.2,143.2,143.2,143.2,143.2,143.2,143.2,143.2,143.2,143.2,143.2,143.2,143.2,143.2,143.2,143.2,143.2,143.2,143.2,143.2,143.2,143.2,143.2,143.2,143.2,143.2,143.2,143.2,143.2,143.2,143.2,143.2,143.2,143.2,143.2,143.2,143.2,143.2,143.2,143.2,143.2,143.2,143.2,143.2,143.2,143.2,143.2,143.2,143.2,143.2,143.2,143.2,143.2,143.2,143.2,143.2,143.2,143.2,143.2,143.2,143.2,143.2,143.2,143.2,143.2,143.2,143.2,143.2,143.2,143.2,143.2,143.2,143.2,143.2,143.2,143.2,143.2,143.2,143.2,143.2,143.2,143.2,143.2,143.2,143.2,143.2,143.2,143.2,143.2,143.2,143.2,143.2,143.2,143.2
2009-03-01,141.8,141.8,141.8,141.8,141.8,141.8,141.8,141.8,141.8,141.8,141.8,141.8,141.8,141.8,141.8,141.8,141.8,141.8,141.8,141.8,141.8,141.8,141.8,141.8,141.8,141.8,141.8,141.8,141.8,141.8,141.8,141.8,141.8,141.8,141.8,141.8,141.8,141.8,141.8,141.8,141.8,141.8,141.8,141.8,141.8,141.8,141.8,141.8,141.8,141.8,141.8,141.8,141.8,141.8,141.8,141.8,141.8,141.8,141.8,141.8,141.8,141.8,141.8,141.8,141.8,141.8,141.8,141.8,141.8,141.8,141.8,141.8,141.8,141.8,141.8,141.8,141.8,141.8,141.8,141.8,141.8,141.8,141.8,141.8,141.8,141.8,141.8,141.8,141.8,141.8,141.8,141.8,141.8,141.8,141.8,141.8,141.8,141.8,141.8,141.8,141.8,141.8,141.8,141.8,141.8,141.8,141.8,141.8,141.8,141.8,141.8,141.8,141.8,141.8,141.8,141.8,141.8,141.8,141.8,141.8,141.8,141.8,141.8,141.8,141.8,141.8,141.8,141.8,141.8,141.8,141.8,141.8,141.8,141.8,141.8,141.8,141.8,141.8,141.8,141.8,141.8,141.8,141.8,141.8,141.8,141.8,141.8,141.8,141.8,141.8,141.8,141.8,141.8,141.8,141.8,141.8,141.8,141.8,141.8,141.8,141.8,141.8,141.8,141.8,141.8,141.8,141.8,141.8,141.8,141.8,141.8,141.8,141.8,141.8,141.8,141.8,141.8,141.8,141.8,141.8,141.8,141.8,141.8,141.8,141.8,141.8,141.8,141.8,141.8,141.8,141.8,141.8,141.8,141.8,141.8,141.8,141.8,141.8
2009-04-01,134.1,134.1,134.1,134.1,134.1,134.1,134.1,134.1,134.1,134.1,134.1,134.1,134.1,134.1,134.1,134.1,134.1,134.1,134.1,134.1,134.1,134.1,134.1,134.1,134.1,134.1,134.1,134.1,134.1,134.1,134.1,134.1,134.1,134.1,134.1,134.1,134.1,134.1,134.1,134.1,134.1,134.1,134.1,134.1,134.1,134.1,134.1,134.1,134.1,134.1,134.1,134.1,134.1,134.1,134.1,134.1,134.1,134.1,134.1,134.1,134.1,134.1,134.1,134.1,134.1,134.1,134.1,134.1,134.1,134.1,134.1,134.1,134.1,134.1,134.1,134.1,134.1,134.1,134.1,134.1,134.1,134.1,134.1,134.1,134.1,134.1,134.1,134.1,134.1,134.1,134.1,134.1,134.1,134.1,134.1,134.1,134.1,134.1,134.1,134.1,134.1,134.1,134.1,134.1,134.1,134.1,134.1,134.1,134.1,134.1,134.1,134.1,134.1,134.1,134.1,134.1,134.1,134.1,134.1,134.1,134.1,134.1,134.1,134.1,134.1,134.1,134.1,134.1,134.1,134.1,134.1,134.1,134.1,134.1,134.1,134.1,134.1,134.1,134.1,134.1,134.1,134.1,134.1,134.1,134.1,134.1,134.1,134.1,134.1,134.1,134.1,134.1,134.1,134.1,134.1,134.1,134.1,134.1,134.1,134.1,134.1,134.1,134.1,134.1,134.1,134.1,134.1,134.1,134.1,134.1,134.1,134.1,134.1,134.1,134.1,134.1,134.1,134.1,134.1,134.1,134.1,134.1,134.1,134.1,134.1,134.1,134.1,134.1,134.1,134.1,134.1,134.1,134.1,134.1,134.1,134.1,134.1,134.1
2009-05-01,132.1,132.1,132.1,132.1,132.1,132.1,132.1,132.1,132.1,132.1,132.1,132.1,132.1,132.1,132.1,132.1,132.1,132.1,132.1,132.1,132.1,132.1,132.1,132.1,132.1,132.1,132.1,132.1,132.1,132.1,132.1,132.1,132.1,132.1,132.1,132.1,132.1,132.1,132.1,132.1,132.1,132.1,132.1,132.1,132.1,132.1,132.1,132.1,132.1,132.1,132.1,132.1,132.1,132.1,132.1,132.1,132.1,132.1,132.1,132.1,132.1,132.1,132.1,132.1,132.1,132.1,132.1,132.1,132.1,132.1,132.1,132.1,132.1,132.1,132.1,132.1,132.1,132.1,132.1,132.1,132.1,132.1,132.1,132.1,132.1,132.1,132.1,132.1,132.1,132.1,132.1,132.1,132.1,132.1,132.1,132.1,132.1,132.1,132.1,132.1,132.1,132.1,132.1,132.1,132.1,132.1,132.1,132.1,132.1,132.1,132.1,132.1,132.1,132.1,132.1,132.1,132.1,132.1,132.1,132.1,132.1,132.1,132.1,132.1,132.1,132.1,132.1,132.1,132.1,132.1,132.1,132.1,132.1,132.1,132.1,132.1,132.1,132.1,132.1,132.1,132.1,132.1,132.1,132.1,132.1,132.1,132.1,132.1,132.1,132.1,132.1,132.1,132.1,132.1,132.1,132.1,132.1,132.1,132.1,132.1,132.1,132.1,132.1,132.1,132.1,132.1,132.1,132.1,132.1,132.1,132.1,132.1,132.1,132.1,132.1,132.1,132.1,132.1,132.1,132.1,132.1,132.1,132.1,132.1,132.1,132.1,132.1,132.1,132.1,132.1,132.1,132.1,132.1,132.1,132.1,132.1,132.1,132.1
2009-06-01,127.6,127.6,127.6,127.6,127.6,127.6,127.6,127.6,127.6,127.6,127.6,127.6,127.6,127.6,127.6,127.6,127.6,127.6,127.6,127.6,127.6,127.6,127.6,127.6,127.6,127.6,127.6,127.6,127.6,127.6,127.6,127.6,127.6,127.6,127.6,127.6,127.6,127.6,127.6,127.6,127.6,127.6,127.6,127.6,127.6,127.6,127.6,127.6,127.6,127.6,127.6,127.6,127.6,127.6,127.6,127.6,127.6,127.6,127.6,127.6,127.6,127.6,127.6,127.6,127.6,127.6,127.6,127.6,127.6,127.6,127.6,127.6,127.6,127.6,127.6,127.6,127.6,127.6,127.6,127.6,127.6,127.6,127.6,127.6,127.6,127.6,127.6,127.6,127.6,127.6,127.6,127.6,127.6,127.6,127.6,127.6,127.6,127.6,127.6,127.6,127.6,127.6,127.6,127.6,127.6,127.6,127.6,127.6,127.6,127.6,127.6,127.6,127.6,127.6,127.6,127.6,127.6,127.6,127.6,127.6,127.6,127.6,127.6,127.6,127.6,127.6,127.6,127.6,127.6,127.6,127.6,127.6,127.6,127.6,127.6,127.6,127.6,127.6,127.6,127.6,127.6,127.6,127.6,127.6,127.6,127.6,127.6,127.6,127.6,127.6,127.6,127.6,127.6,127.6,127.6,127.6,127.6,127.6,127.6,127.6,127.6,127.6,127.6,127.6,127.6,127.6,127.6,127.6,127.6,127.6,127.6,127.6,127.6,127.6,127.6,127.6,127.6,127.6,127.6,127.6,127.6,127.6,127.6,127.6,127.6,127.6,127.6,127.6,127.6,127.6,127.6,127.6,127.6,127.6,127.6,127.6,127.6,127.6
2009-07-01,127.6,127.6,127.6,127.6,127.6,127.6,127.6,127.6,127.6,127.6,127.6,127.6,127.6,127.6,127.6,127.6,127.6,127.6,127.6,127.6,127.6,127.6,127.6,127.6,127.6,127.6,127.6,127.6,127.6,127.6,127.6,127.6,127.6,127.6,127.6,127.6,127.6,127.6,127.6,127.6,127.6,127.6,127.6,127.6,127.6,127.6,127.6,127.6,127.6,127.6,127.6,127.6,127.6,127.6,127.6,127.6,127.6,127.6,127.6,127.6,127.6,127.6,127.6,127.6,127.6,127.6,127.6,127.6,127.6,127.6,127.6,127.6,127.6,127.6,127.6,127.6,127.6,127.6,127.6,127.6,127.6,127.6,127.6,127.6,127.6,127.6,127.6,127.6,127.6,127.6,127.6,127.6,127.6,127.6,127.6,127.6,127.6,127.6,127.6,127.6,127.6,127.6,127.6,127.6,127.6,127.6,127.6,127.6,127.6,127.6,127.6,127.6,127.6,127.6,127.6,127.6,127.6,127.6,127.6,127.6,127.6,127.6,127.6,127.6,127.6,127.6,127.6,127.6,127.6,127.6,127.6,127.6,127.6,127.6,127.6,127.6,127.6,127.6,127.6,127.6,127.6,127.6,127.6,127.6,127.6,127.6,127.6,127.6,127.6,127.6,127.6,127.6,127.6,127.6,127.6,127.6,127.6,127.6,127.6,127.6,127.6,127.6,127.6,127.6,127.6,127.6,127.6,127.6,127.6,127.6,127.6,127.6,127.6,127.6,127.6,127.6,127.6,127.6,127.6,127.6,127.6,127.6,127.6,127.6,127.6,127.6,127.6,127.6,127.6,127.6,127.6,127.6,127.6,127.6,127.6,127.6,127.6,127.6
2009-08-01,128.0,128.0,128.0,128.0,128.0,128.0,128.0,128.0,128.0,128.0,128.0,128.0,128.0,128.0,128.0,128.0,128.0,128.0,128.0,128.0,128.0,128.0,128.0,128.0,128.0,128.0,128.0,128.0,128.0,128.0,128.0,128.0,128.0,128.0,128.0,128.0,128.0,128.0,128.0,128.0,128.0,128.0,128.0,128.0,128.0,128.0,128.0,128.0,128.0,128.0,128.0,128.0,128.0,128.0,128.0,128.0,128.0,128.0,128.0,128.0,128.0,128.0,128.0,128.0,128.0,128.0,128.0,128.0,128.0,128.0,128.0,128.0,128.0,128.0,128.0,128.0,128.0,128.0,128.0,128.0,128.0,128.0,128.0,128.0,128.0,128.0,128.0,128.0,128.0,128.0,128.0,128.0,128.0,128.0,128.0,128.0,128.0,128.0,128.0,128.0,128.0,128.0,128.0,128.0,128.0,128.0,128.0,128.0,128.0,128.0,128.0,128.0,128.0,128.0,128.0,128.0,128.0,128.0,128.0,128.0,128.0,128.0,128.0,128.0,128.0,128.0,128.0,128.0,128.0,128.0,128.0,128.0,128.0,128.0,128.0,128.0,128.0,128.0,128.0,128.0,128.0,128.0,128.0,128.0,128.0,128.0,128.0,128.0,128.0,128.0,128.0,128.0,128.0,128.0,128.0,128.0,128.0,128.0,128.0,128.0,128.0,128.0,128.0,128.0,128.0,128.0,128.0,128.0,128.0,128.0,128.0,128.0,128.0,128.0,128.0,128.0,128.0,128.0,128.0,128.0,128.0,128.0,128.0,128.0,128.0,128.0,128.0,128.0,128.0,128.0,128.0,128.0,128.0,128.0,128.0,128.0,128.0,128.0
2009-09-01,129.4,129.4,129.4,129.4,129.4,129.4,129.4,129.4,129.4,129.4,129.4,129.4,129.4,129.4,129.4,129.4,129.4,129.4,129.4,129.4,129.4,129.4,129.4,129.4,129.4,129.4,129.4,129.4,129.4,129.4,129.4,129.4,129.4,129.4,129.4,129.4,129.4,129.4,129.4,129.4,129.4,129.4,129.4,129.4,129.4,129.4,129.4,129.4,129.4,129.4,129.4,129.4,129.4,129.4,129.4,129.4,129.4,129.4,129.4,129.4,129.4,129.4,129.4,129.4,129.4,129.4,129.4,129.4,129.4,129.4,129.4,129.4,129.4,129.4,129.4,129.4,129.4,129.4,129.4,129.4,129.4,129.4,129.4,129.4,129.4,129.4,129.4,129.4,129.4,129.4,129.4,129.4,129.4,129.4,129.4,129.4,129.4,129.4,129.4,129.4,129.4,129.4,129.4,129.4,129.4,129.4,129.4,129.4,129.4,129.4,129.4,129.4,129.4,129.4,129.4,129.4,129.4,129.4,129.4,129.4,129.4,129.4,129.4,129.4,129.4,129.4,129.4,129.4,129.4,129.4,129.4,129.4,129.4,129.4,129.4,129.4,129.4,129.4,129.4,129.4,129.4,129.4,129.4,129.4,129.4,129.4,129.4,129.4,129.4,129.4,129.4,129.4,129.4,129.4,129.4,129.4,129.4,129.4,129.4,129.4,129.4,129.4,129.4,129.4,129.4,129.4,129.4,129.4,129.4,129.4,129.4,129.4,129.4,129.4,129.4,129.4,129.4,129.4,129.4,129.4,129.4,129.4,129.4,129.4,129.4,129.4,129.4,129.4,129.4,129.4,129.4,129.4,129.4,129.4,129.4,129.4,129.4,129.4
2009-10-01,129.4,129.4,129.4,129.4,129.4,129.4,129.4,129.4,129.4,129.4,129.4,129.4,129.4,129.4,129.4,129.4,129.4,129.4,129.4,129.4,129.4,129.4,129.4,129.4,129.4,129.4,129.4,129.4,129.4,129.4,129.4,129.4,129.4,129.4,129.4,129.4,129.4,129.4,129.4,129.4,129.4,129.4,129.4,129.4,129.4,129.4,129.4,129.4,129.4,129.4,129.4,129.4,129.4,129.4,129.4,129.4,129.4,129.4,129.4,129.4,129.4,129.4,129.4,129.4,129.4,129.4,129.4,129.4,129.4,129.4,129.4,129.4,129.4,129.4,129.4,129.4,129.4,129.4,129.4,129.4,129.4,129.4,129.4,129.4,129.4,129.4,129.4,129.4,129.4,129.4,129.4,129.4,129.4,129.4,129.4,129.4,129.4,129.4,129.4,129.4,129.4,129.4,129.4,129.4,129.4,129.4,129.4,129.4,129.4,129.4,129.4,129.4,129.4,129.4,129.4,129.4,129.4,129.4,129.4,129.4,129.4,129.4,129.4,129.4,129.4,129.4,129.4,129.4,129.4,129.4,129.4,129.4,129.4,129.4,129.4,129.4,129.4,129.4,129.4,129.4,129.4,129.4,129.4,129.4,129.4,129.4,129.4,129.4,129.4,129.4,129.4,129.4,129.4,129.4,129.4,129.4,129.4,129.4,129.4,129.4,129.4,129.4,129.4,129.4,129.4,129.4,129.4,129.4,129.4,129.4,129.4,129.4,129.4,129.4,129.4,129.4,129.4,129.4,129.4,129.4,129.4,129.4,129.4,129.4,129.4,129.4,129.4,129.4,129.4,129.4,129.4,129.4,129.4,129.4,129.4,129.4,129.4,129.4
2009-11-01,129.7,129.7,129.7,129.7,129.7,129.7,129.7,129.7,129.7,129.7,129.7,129.7,129.7,129.7,129.7,129.7,129.7,129.7,129.7,129.7,129.7,129.7,129.7,129.7,129.7,129.7,129.7,129.7,129.7,129.7,129.7,129.7,129.7,129.7,129.7,129.7,129.7,129.7,129.7,129.7,129.7,129.7,129.7,129.7,129.7,129.7,129.7,129.7,129.7,129.7,129.7,129.7,129.7,129.7,129.7,129.7,129.7,129.7,129.7,129.7,129.7,129.7,129.7,129.7,129.7,129.7,129.7,129.7,129.7,129.7,129.7,129.7,129.7,129.7,129.7,129.7,129.7,129.7,129.7,129.7,129.7,129.7,129.7,129.7,129.7,129.7,129.7,129.7,129.7,129.7,129.7,129.7,129.7,129.7,129.7,129.7,129.7,129.7,129.7,129.7,129.7,129.7,129.7,129.7,129.7,129.7,129.7,129.7,129.7,129.7,129.7,129.7,129.7,129.7,129.7,129.7,129.7,129.7,129.7,129.7,129.7,129.7,129.7,129.7,129.7,129.7,129.7,129.7,129.7,129.7,129.7,129.7,129.7,129.7,129.7,129.7,129.7,129.7,129.7,129.7,129.7,129.7,129.7,129.7,129.7,129.7,129.7,129.7,129.7,129.7,129.7,129.7,129.7,129.7,129.7,129.7,129.7,129.7,129.7,129.7,129.7,129.7,129.7,129.7,129.7,129.7,129.7,129.7,129.7,129.7,129.7,129.7,129.7,129.7,129.7,129.7,129.7,129.7,129.7,129.7,129.7,129.7,129.7,129.7,129.7,129.7,129.7,129.7,129.7,129.7,129.7,129.7,129.7,129.7,129.7,129.7,129.7,129.7
2009-12-01,131.8,131.8,131.8,131.8,131.8,131.8,131.8,131.8,131.8,131.8,131.8,131.8,131.8,131.8,131.8,131.8,131.8,131.8,131.8,131.8,131.8,131.8,131.8,131.8,131.8,131.8,131.8,131.8,131.8,131.8,131.8,131.8,131.8,131.8,131.8,131.8,131.8,131.8,131.8,131.8,131.8,131.8,131.8,131.8,131.8,131.8,131.8,131.8,131.8,131.8,131.8,131.8,131.8,131.8,131.8,131.8,131.8,131.8,131.8,131.8,131.8,131.8,131.8,131.8,131.8,131.8,131.8,131.8,131.8,131.8,131.8,131.8,131.8,131.8,131.8,131.8,131.8,131.8,131.8,131.8,131.8,131.8,131.8,131.8,131.8,131.8,131.8,131.8,131.8,131.8,131.8,131.8,131.8,131.8,131.8,131.8,131.8,131.8,131.8,131.8,131.8,131.8,131.8,131.8,131.8,131.8,131.8,131.8,131.8,131.8,131.8,131.8,131.8,131.8,131.8,131.8,131.8,131.8,131.8,131.8,131.8,131.8,131.8,131.8,131.8,131.8,131.8,131.8,131.8,131.8,131.8,131.8,131.8,131.8,131.8,131.8,131.8,131.8,131.8,131.8,131.8,131.8,131.8,131.8,131.8,131.8,131.8,131.8,131.8,131.8,131.8,131.8,131.8,131.8,131.8,131.8,131.8,131.8,131.8,131.8,131.8,131.8,131.8,131.8,131.8,131.8,131.8,131.8,131.8,131.8,131.8,131.8,131.8,131.8,131.8,131.8,131.8,131.8,131.8,131.8,131.8,131.8,131.8,131.8,131.8,131.8,131.8,131.8,131.8,131.8,131.8,131.8,131.8,131.8,131.8,131.8,131.8,131.8
2010-01-01,132.2,132.2,134.0,134.0,134.0,134.0,134.0,134.0,134.0,134.0,134.0,134.0,134.0,134.0,134.0,134.0,134.0,134.0,134.0,134.0,134.0,134.0,134.0,134.0,134.0,134.0,134.0,134.0,134.0,134.0,134.0,134.0,134.0,134.0,134.0,134.0,134.0,134.0,134.0,134.0,134.0,134.0,134.0,134.0,134.0,134.0,134.0,134.0,134.0,134.0,134.0,134.0,134.0,134.0,134.0,134.0,134.0,134.0,134.0,134.0,134.0,134.0,134.0,134.0,134.0,134.0,134.0,134.0,134.0,134.0,134.0,134.0,134.0,134.0,134.0,134.0,134.0,134.0,134.0,134.0,134.0,134.0,134.0,134.0,134.0,134.0,134.0,134.0,134.0,134.0,134.0,134.0,134.0,134.0,134.0,134.0,134.0,134.0,134.0,134.0,134.0,134.0,134.0,134.0,134.0,134.0,134.0,134.0,134.0,134.0,134.0,134.0,134.0,134.0,134.0,134.0,134.0,134.0,134.0,134.0,134.0,134.0,134.0,134.0,134.0,134.0,134.0,134.0,134.0,134.0,134.0,134.0,134.0,134.0,134.0,134.0,134.0,134.0,134.0,134.0,134.0,134.0,134.0,134.0,134.0,134.0,134.0,134.0,134.0,134.0,134.0,134.0,134.0,134.0,134.0,134.0,134.0,134.0,134.0,134.0,134.0,134.0,134.0,134.0,134.0,134.0,134.0,134.0,134.0,134.0,134.0,134.0,134.0,134.0,134.0,134.0,134.0,134.0,134.0,134.0,134.0,134.0,134.0,134.0,134.0,134.0,134.0,134.0,134.0,134.0,134.0,134.0,134.0,134.0,134.0,134.0,134.0,134.0
2010-02-01,133.0,133.0,134.8,134.5,134.5,134.5,134.5,134.5,134.5,134.5,134.5,134.5,134.5,134.5,134.5,134.5,134.5,134.5,134.5,134.5,134.5,134.5,134.5,134.5,134.5,134.5,134.5,134.5,134.5,134.5,134.5,134.5,134.5,134.5,134.5,134.5,134.5,134.5,134.5,134.5,134.5,134.5,134.5,134.5,134.5,134.5,134.5,134.5,134.5,134.5,134.5,134.5,134.5,134.5,134.5,134.5,134.5,134.5,134.5,134.5,134.5,134.5,134.5,134.5,134.5,134.5,134.5,134.5,134.5,134.5,134.5,134.5,134.5,134.5,134.5,134.5,134.5,134.5,134.5,134.5,134.5,134.5,134.5,134.5,134.5,134.5,134.5,134.5,134.5,134.5,134.5,134.5,134.5,134.5,134.5,134.5,134.5,134.5,134.5,134.5,134.5,134.5,134.5,134.5,134.5,134.5,134.5,134.5,134.5,134.5,134.5,134.5,134.5,134.5,134.5,134.5,134.5,134.5,134.5,134.5,134.5,134.5,134.5,134.5,134.5,134.5,134.5,134.5,134.5,134.5,134.5,134.5,134.5,134.5,134.5,134.5,134.5,134.5,134.5,134.5,134.5,134.5,134.5,134.5,134.5,134.5,134.5,134.5,134.5,134.5,134.5,134.5,134.5,134.5,134.5,134.5,134.5,134.5,134.5,134.5,134.5,134.5,134.5,134.5,134.5,134.5,134.5,134.5,134.5,134.5,134.5,134.5,134.5,134.5,134.5,134.5,134.5,134.5,134.5,134.5,134.5,134.5,134.5,134.5,134.5,134.5,134.5,134.5,134.5,134.5,134.5,134.5,134.5,134.5,134.5,134.5,134.5,134.5
2010-03-01,,133.7,135.5,136.2,136.2,136.2,136.2,136.2,136.2,136.2,136.2,136.2,136.2,136.2,136.2,136.2,136.2,136.2,136.2,136.2,136.2,136.2,136.2,136.2,136.2,136.2,136.2,136.2,136.2,136.2,136.2,136.2,136.2,136.2,136.2,136.2,136.2,136.2,136.2,136.2,136.2,136.2,136.2,136.2,136.2,136.2,136.2,136.2,136.2,136.2,136.2,136.2,136.2,136.2,136.2,136.2,136.2,136.2,136.2,136.2,136.2,136.2,136.2,136.2,136.2,136.2,136.2,136.2,136.2,136.2,136.2,136.2,136.2,136.2,136.2,136.2,136.2,136.2,136.2,136.2,136.2,136.2,136.2,136.2,136.2,136.2,136.2,136.2,136.2,136.2,136.2,136.2,136.2,136.2,136.2,136.2,136.2,136.2,136.2,136.2,136.2,136.2,136.2,136.2,136.2,136.2,136.2,136.2,136.2,136.2,136.2,136.2,136.2,136.2,136.2,136.2,136.2,136.2,136.2,136.2,136.2,136.2,136.2,136.2,136.2,136.2,136.2,136.2,136.2,136.2,136.2,136.2,136.2,136.2,136.2,136.2,136.2,136.2,136.2,136.2,136.2,136.2,136.2,136.2,136.2,136.2,136.2,136.2,136.2,136.2,136.2,136.2,136.2,136.2,136.2,136.2,136.2,136.2,136.2,136.2,136.2,136.2,136.2,136.2,136.2,136.2,136.2,136.2,136.2,136.2,136.2,136.2,136.2,136.2,136.2,136.2,136.2,136.2,136.2,136.2,136.2,136.2,136.2,136.2,136.2,136.2,136.2,136.2,136.2,136.2,136.2,136.2,136.2,136.2,136.2,136.2,136.2,136.2
2010-04-01,,,137.2,139.0,139.0,139.0,139.0,139.0,139.0,139.0,139.0,139.0,139.0,139.0,139.0,139.0,139.0,139.0,139.0,139.0,139.0,139.0,139.0,139.0,139.0,139.0,139.0,139.0,139.0,139.0,139.0,139.0,139.0,139.0,139.0,139.0,139.0,139.0,139.0,139.0,139.0,139.0,139.0,139.0,139.0,139.0,139.0,139.0,139.0,139.0,139.0,139.0,139.0,139.0,139.0,139.0,139.0,139.0,139.0,139.0,139.0,139.0,139.0,139.0,139.0,139.0,139.0,139.0,139.0,139.0,139.0,139.0,139.0,139.0,139.0,139.0,139.0,139.0,139.0,139.0,139.0,139.0,139.0,139.0,139.0,139.0,139.0,139.0,139.0,139.0,139.0,139.0,139.0,139.0,139.0,139.0,139.0,139.0,139.0,139.0,139.0,139.0,139.0,139.0,139.0,139.0,139.0,139.0,139.0,139.0,139.0,139.0,139.0,139.0,139.0,139.0,139.0,139.0,139.0,139.0,139.0,139.0,139.0,139.0,139.0,139.0,139.0,139.0,139.0,139.0,139.0,139.0,139.0,139.0,139.0,139.0,139.0,139.0,139.0,139.0,139.0,139.0,139.0,139.0,139.0,139.0,139.0,139.0,139.0,139.0,139.0,139.0,139.0,139.0,139.0,139.0,139.0,139.0,139.0,139.0,139.0,139.0,139.0,139.0,139.0,139.0,139.0,139.0,139.0,139.0,139.0,139.0,139.0,139.0,139.0,139.0,139.0,139.0,139.0,139.0,139.0,139.0,139.0,139.0,139.0,139.0,139.0,139.0,139.0,139.0,139.0,139.0,139.0,139.0,139.0,139.0,139.0,139.0
2010-05-01,,,,140.8,140.8,139.6,139.6,139.6,139.6,139.6,139.6,139.6,139.6,139.6,139.6,139.6,139.6,139.6,139.6,139.6,139.6,139.6,139.6,139.6,139.6,139.6,139.6,139.6,139.6,139.6,139.6,139.6,139.6,139.6,139.6,139.6,139.6,139.6,139.6,139.6,139.6,139.6,139.6,139.6,139.6,139.6,139.6,139.6,139.6,139.6,139.6,139.6,139.6,139.6,139.6,139.6,139.6,139.6,139.6,139.6,139.6,139.6,139.6,139.6,139.6,139.6,139.6,139.6,139.6,139.6,139.6,139.6,139.6,139.6,139.6,139.6,139.6,139.6,139.6,139.6,139.6,139.6,139.6,139.6,139.6,139.6,139.6,139.6,139.6,139.6,139.6,139.6,139.6,139.6,139.6,139.6,139.6,139.6,139.6,139.6,139.6,139.6,139.6,139.6,139.6,139.6,139.6,139.6,139.6,139.6,139.6,139.6,139.6,139.6,139.6,139.6,139.6,139.6,139.6,139.6,139.6,139.6,139.6,139.6,139.6,139.6,139.6,139.6,139.6,139.6,139.6,139.6,139.6,139.6,139.6,139.6,139.6,139.6,139.6,139.6,139.6,139.6,139.6,139.6,139.6,139.6,139.6,139.6,139.6,139.6,139.6,139.6,139.6,139.6,139.6,139.6,139.6,139.6,139.6,139.6,139.6,139.6,139.6,139.6,139.6,139.6,139.6,139.6,139.6,139.6,139.6,139.6,139.6,139.6,139.6,139.6,139.6,139.6,139.6,139.6,139.6,139.6,139.6,139.6,139.6,139.6,139.6,139.6,139.6,139.6,139.6,139.6,139.6,139.6,139.6,139.6,139.6,139.6
2010-06-01,,,,,142.7,142.1,142.3,142.3,142.3,142.3,142.3,142.3,142.3,142.3,142.3,142.3,142.3,142.3,142.3,142.3,142.3,142.3,142.3,142.3,142.3,142.3,142.3,142.3,142.3,142.3,142.3,142.3,142.3,142.3,142.3,142.3,142.3,142.3,142.3,142.3,142.3,142.3,142.3,142.3,142.3,142.3,142.3,142.3,142.3,142.3,142.3,142.3,142.3,142.3,142.3,142.3,142.3,142.3,142.3,142.3,142.3,142.3,142.3,142.3,142.3,142.3,142.3,142.3,142.3,142.3,142.3,142.3,142.3,142.3,142.3,142.3,142.3,142.3,142.3,142.3,142.3,142.3,142.3,142.3,142.3,142.3,142.3,142.3,142.3,142.3,142.3,142.3,142.3,142.3,142.3,142.3,142.3,142.3,142.3,142.3,142.3,142.3,142.3,142.3,142.3,142.3,142.3,142.3,142.3,142.3,142.3,142.3,142.3,142.3,142.3,142.3,142.3,142.3,142.3,142.3,142.3,142.3,142.3,142.3,142.3,142.3,142.3,142.3,142.3,142.3,142.3,142.3,142.3,142.3,142.3,142.3,142.3,142.3,142.3,142.3,142.3,142.3,142.3,142.3,142.3,142.3,142.3,142.3,142.3,142.3,142.3,142.3,142.3,142.3,142.3,142.3,142.3,142.3,142.3,142.3,142.3,142.3,142.3,142.3,142.3,142.3,142.3,142.3,142.3,142.3,142.3,142.3,142.3,142.3,142.3,142.3,142.3,142.3,142.3,142.3,142.3,142.3,142.3,142.3,142.3,142.3,142.3,142.3,142.3,142.3,142.3,142.3,142.3,142.3,142.3,142.3,142.3,142.3
2010-07-01,,,,,,141.2,141.4,141.3,141.3,141.3,141.3,141.3,141.3,141.3,141.3,141.3,141.3,141.3,141.3,141.3,141.3,141.3,141.3,141.3,141.3,141.3,141.3,141.3,141.3,141.3,141.3,141.3,141.3,141.3,141.3,141.3,141.3,141.3,141.3,141.3,141.3,141.3,141.3,141.3,141.3,141.3,141.3,141.3,141.3,141.3,141.3,141.3,141.3,141.3,141.3,141.3,141.3,141.3,141.3,141.3,141.3,141.3,141.3,141.3,141.3,141.3,141.3,141.3,141.3,141.3,141.3,141.3,141.3,141.3,141.3,141.3,141.3,141.3,141.3,141.3,141.3,141.3,141.3,141.3,141.3,141.3,141.3,141.3,141.3,141.3,141.3,141.3,141.3,141.3,141.3,141.3,141.3,141.3,141.3,141.3,141.3,141.3,141.3,141.3,141.3,141.3,141.3,141.3,141.3,141.3,141.3,141.3,141.3,141.3,141.3,141.3,141.3,141.3,141.3,141.3,141.3,141.3,141.3,141.3,141.3,141.3,141.3,141.3,141.3,141.3,141.3,141.3,141.3,141.3,141.3,141.3,141.3,141.3,141.3,141.3,141.3,141.3,141.3,141.3,141.3,141.3,141.3,141.3,141.3,141.3,141.3,141.3,141.3,141.3,141.3,141.3,141.3,141.3,141.3,141.3,141.3,141.3,141.3,141.3,141.3,141.3,141.3,141.3,141.3,141.3,141.3,141.3,141.3,141.3,141.3,141.3,141.3,141.3,141.3,141.3,141.3,141.3,141.3,141.3,141.3,141.3,141.3,141.3,141.3,141.3,141.3,141.3,141.3,141.3,141.3,141.3,141.3,141.3
2010-08-01,,,,,,,141.6,141.6,141.6,141.6,141.6,141.6,141.6,141.6,141.6,141.6,141.6,141.6,141.6,141.6,141.6,141.6,141.6,141.6,141.6,141.6,141.6,141.6,141.6,141.6,141.6,141.6,141.6,141.6,141.6,141.6,141.6,141.6,141.6,141.6,141.6,141.6,141.6,141.6,141.6,141.6,141.6,141.6,141.6,141.6,141.6,141.6,141.6,141.6,141.6,141.6,141.6,141.6,141.6,141.6,141.6,141.6,141.6,141.6,141.6,141.6,141.6,141.6,141.6,141.6,141.6,141.6,141.6,141.6,141.6,141.6,141.6,141.6,141.6,141.6,141.6,141.6,141.6,141.6,141.6,141.6,141.6,141.6,141.6,141.6,141.6,141.6,141.6,141.6,141.6,141.6,141.6,141.6,141.6,141.6,141.6,141.6,141.6,141.6,141.6,141.6,141.6,141.6,141.6,141.6,141.6,141.6,141.6,141.6,141.6,141.6,141.6,141.6,141.6,141.6,141.6,141.6,141.6,141.6,141.6,141.6,141.6,141.6,141.6,141.6,141.6,141.6,141.6,141.6,141.6,141.6,141.6,141.6,141.6,141.6,141.6,141.6,141.6,141.6,141.6,141.6,141.6,141.6,141.6,141.6,141.6,141.6,141.6,141.6,141.6,141.6,141.6,141.6,141.6,141.6,141.6,141.6,141.6,141.6,141.6,141.6,141.6,141.6,141.6,141.6,141.6,141.6,141.6,141.6,141.6,141.6,141.6,141.6,141.6,141.6,141.6,141.6,141.6,141.6,141.6,141.6,141.6,141.6,141.6,141.6,141.6,141.6,141.6,141.6,141.6,141.6,141.6,141.6
2010-09-01,,,,,,,,141.3,141.3,141.3,141.3,141.3,141.3,141.3,141.3,141.3,141.3,141.3,141.3,141.3,141.3,141.3,141.3,141.3,141.3,141.3,141.3,141.3,141.3,141.3,141.3,141.3,141.3,141.3,141.3,141.3,141.3,141.3,141.3,141.3,141.3,141.3,141.3,141.3,141.3,141.3,141.3,141.3,141.3,141.3,141.3,141.3,141.3,141.3,141.3,141.3,141.3,141.3,141.3,141.3,141.3,141.3,141.3,141.3,141.3,141.3,141.3,141.3,141.3,141.3,141.3,141.3,141.3,141.3,141.3,141.3,141.3,141.3,141.3,141.3,141.3,141.3,141.3,141.3,141.3,141.3,141.3,141.3,141.3,141.3,141.3,141.3,141.3,141.3,141.3,141.3,141.3,141.3,141.3,141.3,141.3,141.3,141.3,141.3,141.3,141.3,141.3,141.3,141.3,141.3,141.3,141.3,141.3,141.3,141.3,141.3,141.3,141.3,141.3,141.3,141.3,141.3,141.3,141.3,141.3,141.3,141.3,141.3,141.3,141.3,141.3,141.3,141.3,141.3,141.3,141.3,141.3,141.3,141.3,141.3,141.3,141.3,141.3,141.3,141.3,141.3,141.3,141.3,141.3,141.3,141.3,141.3,141.3,141.3,141.3,141.3,141.3,141.3,141.3,141.3,141.3,141.3,141.3,141.3,141.3,141.3,141.3,141.3,141.3,141.3,141.3,141.3,141.3,141.3,141.3,141.3,141.3,141.3,141.3,141.3,141.3,141.3,141.3,141.3,141.3,141.3,141.3,141.3,141.3,141.3,141.3,141.3,141.3,141.3,141.3,141.3,141.3,141.3
2010-10-01,,,,,,,,,143.8,143.8,143.8,143.8,143.8,143.8,143.8,143.8,143.8,143.8,143.8,143.8,143.8,143.8,143.8,143.8,143.8,143.8,143.8,143.8,143.8,143.8,143.8,143.8,143.8,143.8,143.8,143.8,143.8,143.8,143.8,143.8,143.8,143.8,143.8,143.8,143.8,143.8,143.8,143.8,143.8,143.8,143.8,143.8,143.8,143.8,143.8,143.8,143.8,143.8,143.8,143.8,143.8,143.8,143.8,143.8,143.8,143.8,143.8,143.8,143.8,143.8,143.8,143.8,143.8,143.8,143.8,143.8,143.8,143.8,143.8,143.8,143.8,143.8,143.8,143.8,143.8,143.8,143.8,143.8,143.8,143.8,143.8,143.8,143.8,143.8,143.8,143.8,143.8,143.8,143.8,143.8,143.8,143.8,143.8,143.8,143.8,143.8,143.8,143.8,143.8,143.8,143.8,143.8,143.8,143.8,143.8,143.8,143.8,143.8,143.8,143.8,143.8,143.8,143.8,143.8,143.8,143.8,143.8,143.8,143.8,143.8,143.8,143.8,143.8,143.8,143.8,143.8,143.8,143.8,143.8,143.8,143.8,143.8,143.8,143.8,143.8,143.8,143.8,143.8,143.8,143.8,143.8,143.8,143.8,143.8,143.8,143.8,143.8,143.8,143.8,143.8,143.8,143.8,143.8,143.8,143.8,143.8,143.8,143.8,143.8,143.8,143.8,143.8,143.8,143.8,143.8,143.8,143.8,143.8,143.8,143.8,143.8,143.8,143.8,143.8,143.8,143.8,143.8,143.8,143.8,143.8,143.8,143.8,143.8,143.8,143.8,143.8,143.8,143.8
2010-11-01,,,,,,,,,,144.3,144.3,144.3,144.3,144.3,144.3,144.3,144.3,144.3,144.3,144.3,144.3,144.3,144.3,144.3,144.3,144.3,144.3,144.3,144.3,144.3,144.3,144.3,144.3,144.3,144.3,144.3,144.3,144.3,144.3,144.3,144.3,144.3,144.3,144.3,144.3,144.3,144.3,144.3,144.3,144.3,144.3,144.3,144.3,144.3,144.3,144.3,144.3,144.3,144.3,144.3,144.3,144.3,144.3,144.3,144.3,144.3,144.3,144.3,144.3,144.3,144.3,144.3,144.3,144.3,144.3,144.3,144.3,144.3,144.3,144.3,144.3,144.3,144.3,144.3,144.3,144.3,144.3,144.3,144.3,144.3,144.3,144.3,144.3,144.3,144.3,144.3,144.3,144.3,144.3,144.3,144.3,144.3,144.3,144.3,144.3,144.3,144.3,144.3,144.3,144.3,144.3,144.3,144.3,144.3,144.3,144.3,144.3,144.3,144.3,144.3,144.3,144.3,144.3,144.3,144.3,144.3,144.3,144.3,144.3,144.3,144.3,144.3,144.3,144.3,144.3,144.3,144.3,144.3,144.3,144.3,144.3,144.3,144.3,144.3,144.3,144.3,144.3,144.3,144.3,144.3,144.3,144.3,144.3,144.3,144.3,144.3,144.3,144.3,144.3,144.3,144.3,144.3,144.3,144.3,144.3,144.3,144.3,144.3,144.3,144.3,144.3,144.3,144.3,144.3,144.3,144.3,144.3,144.3,144.3,144.3,144.3,144.3,144.3,144.3,144.3,144.3,144.3,144.3,144.3,144.3,144.3,144.3,144.3,144.3,144.3,144.3,144.3,144.3
2010-12-01,,,,,,,,,,,147.3,147.3,146.8,146.8,146.8,146.8,146.8,146.8,146.8,146.8,146.8,146.8,146.8,146.8,146.8,146.8,146.8,146.8,146.8,146.8,146.8,146.8,146.8,146.8,146.8,146.8,146.8,146.8,146.8,146.8,146.8,146.8,146.8,146.8,146.8,146.8,146.8,146.8,146.8,146.8,146.8,146.8,146.8,146.8,146.8,146.8,146.8,146.8,146.8,146.8,146.8,146.8,146.8,146.8,146.8,146.8,146.8,146.8,146.8,146.8,146.8,146.8,146.8,146.8,146.8,146.8,146.8,146.8,146.8,146.8,146.8,146.8,146.8,146.8,146.8,146.8,146.8,146.8,146.8,146.8,146.8,146.8,146.8,146.8,146.8,146.8,146.8,146.8,146.8,146.8,146.8,146.8,146.8,146.8,146.8,146.8,146.8,146.8,146.8,146.8,146.8,146.8,146.8,146.8,146.8,146.8,146.8,146.8,146.8,146.8,146.8,146.8,146.8,146.8,146.8,146.8,146.8,146.8,146.8,146.8,146.8,146.8,146.8,146.8,146.8,146.8,146.8,146.8,146.8,146.8,146.8,146.8,146.8,146.8,146.8,146.8,146.8,146.8,146.8,146.8,146.8,146.8,146.8,146.8,146.8,146.8,146.8,146.8,146.8,146.8,146.8,146.8,146.8,146.8,146.8,146.8,146.8,146.8,146.8,146.8,146.8,146.8,146.8,146.8,146.8,146.8,146.8,146.8,146.8,146.8,146.8,146.8,146.8,146.8,146.8,146.8,146.8,146.8,146.8,146.8,146.8,146.8,146.8,146.8,146.8,146.8,146.8,146.8
2011-01-01,,,,,,,,,,,,149.4,148.9,148.9,148.9,148.9,148.9,148.9,148.9,148.9,148.9,148.9,148.9,148.9,148.9,148.9,148.9,148.9,148.9,148.9,148.9,148.9,148.9,148.9,148.9,148.9,148.9,148.9,148.9,148.9,148.9,148.9,148.9,148.9,148.9,148.9,148.9,148.9,148.9,148.9,148.9,148.9,148.9,148.9,148.9,148.9,148.9,148.9,148.9,148.9,148.9,148.9,148.9,148.9,148.9,148.9,148.9,148.9,148.9,148.9,148.9,148.9,148.9,148.9,148.9,148.9,148.9,148.9,148.9,148.9,148.9,148.9,148.9,148.9,148.9,148.9,148.9,148.9,148.9,148.9,148.9,148.9,148.9,148.9,148.9,148.9,148.9,148.9,148.9,148.9,148.9,148.9,148.9,148.9,148.9,148.9,148.9,148.9,148.9,148.9,148.9,148.9,148.9,148.9,148.9,148.9,148.9,148.9,148.9,148.9,148.9,148.9,148.9,148.9,148.9,148.9,148.9,148.9,148.9,148.9,148.9,148.9,148.9,148.9,148.9,148.9,148.9,148.9,148.9,148.9,148.9,148.9,148.9,148.9,148.9,148.9,148.9,148.9,148.9,148.9,148.9,148.9,148.9,148.9,148.9,148.9,148.9,148.9,148.9,148.9,148.9,148.9,148.9,148.9,148.9,148.9,148.9,148.9,148.9,148.9,148.9,148.9,148.9,148.9,148.9,148.9,148.9,148.9,148.9,148.9,148.9,148.9,148.9,148.9,148.9,148.9,148.9,148.9,148.9,148.9,148.9,148.9,148.9,148.9,148.9,148.9,148.9,148.9
2011-02-01,,,,,,,,,,,,,150.8,150.8,150.8,151.0,151.0,151.0,151.0,151.0,151.0,151.0,151.0,151.0,151.0,151.0,151.0,151.0,151.0,151.0,151.0,151.0,151.0,151.0,151.0,151.0,151.0,151.0,151.0,151.0,151.0,151.0,151.0,151.0,151.0,151.0,151.0,151.0,151.0,151.0,151.0,151.0,151.0,151.0,151.0,151.0,151.0,151.0,151.0,151.0,151.0,151.0,151.0,151.0,151.0,151.0,151.0,151.0,151.0,151.0,151.0,151.0,151.0,151.0,151.0,151.0,151.0,151.0,151.0,151.0,151.0,151.0,151.0,151.0,151.0,151.0,151.0,151.0,151.0,151.0,151.0,151.0,151.0,151.0,151.0,151.0,151.0,151.0,151.0,151.0,151.0,151.0,151.0,151.0,151.0,151.0,151.0,151.0,151.0,151.0,151.0,151.0,151.0,151.0,151.0,151.0,151.0,151.0,151.0,151.0,151.0,151.0,151.0,151.0,151.0,151.0,151.0,151.0,151.0,151.0,151.0,151.0,151.0,151.0,151.0,151.0,151.0,151.0,151.0,151.0,151.0,151.0,151.0,151.0,151.0,151.0,151.0,151.0,151.0,151.0,151.0,151.0,151.0,151.0,151.0,151.0,151.0,151.0,151.0,151.0,151.0,151.0,151.0,151.0,151.0,151.0,151.0,151.0,151.0,151.0,151.0,151.0,151.0,151.0,151.0,151.0,151.0,151.0,151.0,151.0,151.0,151.0,151.0,151.0,151.0,151.0,151.0,151.0,151.0,151.0,151.0,151.0,151.0,151.0,151.0,151.0,151.0,151.0
2011-03-01,,,,,,,,,,,,,,154.8,154.8,155.1,155.4,155.4,155.4,155.4,155.4,155.4,155.4,155.4,155.4,155.4,155.4,155.4,155.4,155.4,155.4,155.4,155.4,155.4,155.4,155.4,155.4,155.4,155.4,155.4,155.4,155.4,155.4,155.4,155.4,155.4,155.4,155.4,155.4,155.4,155.4,155.4,155.4,155.4,155.4,155.4,155.4,155.4,155.4,155.4,155.4,155.4,155.4,155.4,155.4,155.4,155.4,155.4,155.4,155.4,155.4,155.4,155.4,155.4,155.4,155.4,155.4,155.4,155.4,155.4,155.4,155.4,155.4,155.4,155.4,155.4,155.4,155.4,155.4,155.4,155.4,155.4,155.4,155.4,155.4,155.4,155.4,155.4,155.4,155.4,155.4,155.4,155.4,155.4,155.4,155.4,155.4,155.4,155.4,155.4,155.4,155.4,155.4,155.4,155.4,155.4,155.4,155.4,155.4,155.4,155.4,155.4,155.4,155.4,155.4,155.4,155.4,155.4,155.4,155.4,155.4,155.4,155.4,155.4,155.4,155.4,155.4,155.4,155.4,155.4,155.4,155.4,155.4,155.4,155.4,155.4,155.4,155.4,155.4,155.4,155.4,155.4,155.4,155.4,155.4,155.4,155.4,155.4,155.4,155.4,155.4,155.4,155.4,155.4,155.4,155.4,155.4,155.4,155.4,155.4,155.4,155.4,155.4,155.4,155.4,155.4,155.4,155.4,155.4,155.4,155.4,155.4,155.4,155.4,155.4,155.4,155.4,155.4,155.4,155.4,155.4,155.4,155.4,155.4,155.4,155.4,155.4,155.4
2011-04-01,,,,,,,,,,,,,,,158.0,157.8,158.3,158.3,158.3,158.3,158.3,158.3,158.3,158.3,158.3,158.3,158.3,158.3,158.3,158.3,158.3,158.3,158.3,158.3,158.3,158.3,158.3,158.3,158.3,158.3,158.3,158.3,158.3,158.3,158.3,158.3,158.3,158.3,158.3,158.3,158.3,158.3,158.3,158.3,158.3,158.3,158.3,158.3,158.3,158.3,158.3,158.3,158.3,158.3,158.3,158.3,158.3,158.3,158.3,158.3,158.3,158.3,158.3,158.3,158.3,158.3,158.3,158.3,158.3,158.3,158.3,158.3,158.3,158.3,158.3,158.3,158.3,158.3,158.3,158.3,158.3,158.3,158.3,158.3,158.3,158.3,158.3,158.3,158.3,158.3,158.3,158.3,158.3,158.3,158.3,158.3,158.3,158.3,158.3,158.3,158.3,158.3,158.3,158.3,158.3,158.3,158.3,158.3,158.3,158.3,158.3,158.3,158.3,158.3,158.3,158.3,158.3,158.3,158.3,158.3,158.3,158.3,158.3,158.3,158.3,158.3,158.3,158.3,158.3,158.3,158.3,158.3,158.3,158.3,158.3,158.3,158.3,158.3,158.3,158.3,158.3,158.3,158.3,158.3,158.3,158.3,158.3,158.3,158.3,158.3,158.3,158.3,158.3,158.3,158.3,158.3,158.3,158.3,158.3,158.3,158.3,158.3,158.3,158.3,158.3,158.3,158.3,158.3,158.3,158.3,158.3,158.3,158.3,158.3,158.3,158.3,158.3,158.3,158.3,158.3,158.3,158.3,158.3,158.3,158.3,158.3,158.3,158.3
2011-05-01,,,,,,,,,,,,,,,,159.2,159.6,159.6,159.6,159.6,159.6,159.6,159.6,159.6,159.6,159.6,159.6,159.6,159.6,159.6,159.6,159.6,159.6,159.6,159.6,159.6,159.6,159.6,159.6,159.6,159.6,159.6,159.6,159.6,159.6,159.6,159.6,159.6,159.6,159.6,159.6,159.6,159.6,159.6,159.6,159.6,159.6,159.6,159.6,159.6,159.6,159.6,159.6,159.6,159.6,159.6,159.6,159.6,159.6,159.6,159.6,159.6,159.6,159.6,159.6,159.6,159.6,159.6,159.6,159.6,159.6,159.6,159.6,159.6,159.6,159.6,159.6,159.6,159.6,159.6,159.6,159.6,159.6,159.6,159.6,159.6,159.6,159.6,159.6,159.6,159.6,159.6,159.6,159.6,159.6,159.6,159.6,159.6,159.6,159.6,159.6,159.6,159.6,159.6,159.6,159.6,159.6,159.6,159.6,159.6,159.6,159.6,159.6,159.6,159.6,159.6,159.6,159.6,159.6,159.6,159.6,159.6,159.6,159.6,159.6,159.6,159.6,159.6,159.6,159.6,159.6,159.6,159.6,159.6,159.6,159.6,159.6,159.6,159.6,159.6,159.6,159.6,159.6,159.6,159.6,159.6,159.6,159.6,159.6,159.6,159.6,159.6,159.6,159.6,159.6,159.6,159.6,159.6,159.6,159.6,159.6,159.6,159.6,159.6,159.6,159.6,159.6,159.6,159.6,159.6,159.6,159.6,159.6,159.6,159.6,159.6,159.6,159.6,159.6,159.6,159.6,159.6,159.6,159.6,159.6,159.6,159.6,159.6
2011-06-01,,,,,,,,,,,,,,,,,158.6,158.6,158.6,158.6,158.6,158.6,158.6,158.6,158.6,158.6,158.6,158.6,158.6,158.6,158.6,158.6,158.6,158.6,158.6,158.6,158.6,158.6,158.6,158.6,158.6,158.6,158.6,158.6,158.6,158.6,158.6,158.6,158.6,158.6,158.6,158.6,158.6,158.6,158.6,158.6,158.6,158.6,158.6,158.6,158.6,158.6,158.6,158.6,158.6,158.6,158.6,158.6,158.6,158.6,158.6,158.6,158.6,158.6,158.6,158.6,158.6,158.6,158.6,158.6,158.6,158.6,158.6,158.6,158.6,158.6,158.6,158.6,158.6,158.6,158.6,158.6,158.6,158.6,158.6,158.6,158.6,158.6,158.6,158.6,158.6,158.6,158.6,158.6,158.6,158.6,158.6,158.6,158.6,158.6,158.6,158.6,158.6,158.6,158.6,158.6,158.6,158.6,158.6,158.6,158.6,158.6,158.6,158.6,158.6,158.6,158.6,158.6,158.6,158.6,158.6,158.6,158.6,158.6,158.6,158.6,158.6,158.6,158.6,158.6,158.6,158.6,158.6,158.6,158.6,158.6,158.6,158.6,158.6,158.6,158.6,158.6,158.6,158.6,158.6,158.6,158.6,158.6,158.6,158.6,158.6,158.6,158.6,158.6,158.6,158.6,158.6,158.6,158.6,158.6,158.6,158.6,158.6,158.6,158.6,158.6,158.6,158.6,158.6,158.6,158.6,158.6,158.6,158.6,158.6,158.6,158.6,158.6,158.6,158.6,158.6,158.6,158.6,158.6,158.6,158.6,158.6,158.6
2011-07-01,,,,,,,,,,,,,,,,,,158.4,158.4,158.4,158.4,158.4,158.4,158.4,158.4,158.4,158.4,158.4,158.4,158.4,158.4,158.4,158.4,158.4,158.4,158.4,158.4,158.4,158.4,158.4,158.4,158.4,158.4,158.4,158.4,158.4,158.4,158.4,158.4,158.4,158.4,158.4,158.4,158.4,158.4,158.4,158.4,158.4,158.4,158.4,158.4,158.4,158.4,158.4,158.4,158.4,158.4,158.4,158.4,158.4,158.4,158.4,158.4,158.4,158.4,158.4,158.4,158.4,158.4,158.4,158.4,158.4,158.4,158.4,158.4,158.4,158.4,158.4,158.4,158.4,158.4,158.4,158.4,158.4,158.4,158.4,158.4,158.4,158.4,158.4,158.4,158.4,158.4,158.4,158.4,158.4,158.4,158.4,158.4,158.4,158.4,158.4,158.4,158.4,158.4,158.4,158.4,158.4,158.4,158.4,158.4,158.4,158.4,158.4,158.4,158.4,158.4,158.4,158.4,158.4,158.4,158.4,158.4,158.4,158.4,158.4,158.4,158.4,158.4,158.4,158.4,158.4,158.4,158.4,158.4,158.4,158.4,158.4,158.4,158.4,158.4,158.4,158.4,158.4,158.4,158.4,158.4,158.4,158.4,158.4,158.4,158.4,158.4,158.4,158.4,158.4,158.4,158.4,158.4,158.4,158.4,158.4,158.4,158.4,158.4,158.4,158.4,158.4,158.4,158.4,158.4,158.4,158.4,158.4,158.4,158.4,158.4,158.4,158.4,158.4,158.4,158.4,158.4,158.4,158.4,158.4,158.4,158.4
2011-08-01,,,,,,,,,,,,,,,,,,,158.2,160.0,161.3,161.2,161.2,161.2,161.2,161.2,161.2,161.2,161.2,161.2,161.2,161.2,161.2,161.2,161.2,161.2,161.2,161.2,161.2,161.2,161.2,161.2,161.2,161.2,161.2,161.2,161.2,161.2,161.2,161.2,161.2,161.2,161.2,161.2,161.2,161.2,161.2,161.2,161.2,161.2,161.2,161.2,161.2,161.2,161.2,161.2,161.2,161.2,161.2,161.2,161.2,161.2,161.2,161.2,161.2,161.2,161.2,161.2,161.2,161.2,161.2,161.2,161.2,161.2,161.2,161.2,161.2,161.2,161.2,161.2,161.2,161.2,161.2,161.2,161.2,161.2,161.2,161.2,161.2,161.2,161.2,161.2,161.2,161.2,161.2,161.2,161.2,161.2,161.2,161.2,161.2,161.2,161.2,161.2,161.2,161.2,161.2,161.2,161.2,161.2,161.2,161.2,161.2,161.2,161.2,161.2,161.2,161.2,161.2,161.2,161.2,161.2,161.2,161.2,161.2,161.2,161.2,161.2,161.2,161.2,161.2,161.2,161.2,161.2,161.2,161.2,161.2,161.2,161.2,161.2,161.2,161.2,161.2,161.2,161.2,161.2,161.2,161.2,161.2,161.2,161.2,161.2,161.2,161.2,161.2,161.2,161.2,161.2,161.2,161.2,161.2,161.2,161.2,161.2,161.2,161.2,161.2,161.2,161.2,161.2,161.2,161.2,161.2,161.2,161.2,161.2,161.2,161.2,161.2,161.2,161.2,161.2,161.2,161.2,161.2,161.2,161.2,161.2
2011-09-01,,,,,,,,,,,,,,,,,,,,159.3,160.3,160.4,160.4,160.4,160.4,160.4,160.4,160.4,160.4,160.4,160.4,160.4,160.4,160.4,160.4,160.4,160.4,160.4,160.4,160.4,160.4,160.4,160.4,160.4,160.4,160.4,160.4,160.4,160.4,160.4,160.4,160.4,160.4,160.4,160.4,160.4,160.4,160.4,160.4,160.4,160.4,160.4,160.4,160.4,160.4,160.4,160.4,160.4,160.4,160.4,160.4,160.4,160.4,160.4,160.4,160.4,160.4,160.4,160.4,160.4,160.4,160.4,160.4,160.4,160.4,160.4,160.4,160.4,160.4,160.4,160.4,160.4,160.4,160.4,160.4,160.4,160.4,160.4,160.4,160.4,160.4,160.4,160.4,160.4,160.4,160.4,160.4,160.4,160.4,160.4,160.4,160.4,160.4,160.4,160.4,160.4,160.4,160.4,160.4,160.4,160.4,160.4,160.4,160.4,160.4,160.4,160.4,160.4,160.4,160.4,160.4,160.4,160.4,160.4,160.4,160.4,160.4,160.4,160.4,160.4,160.4,160.4,160.4,160.4,160.4,160.4,160.4,160.4,160.4,160.4,160.4,160.4,160.4,160.4,160.4,160.4,160.4,160.4,160.4,160.4,160.4,160.4,160.4,160.4,160.4,160.4,160.4,160.4,160.4,160.4,160.4,160.4,160.4,160.4,160.4,160.4,160.4,160.4,160.4,160.4,160.4,160.4,160.4,160.4,160.4,160.4,160.4,160.4,160.4,160.4,160.4,160.4,160.4,160.4,160.4,160.4,160.4,160.4
2011-10-01,,,,,,,,,,,,,,,,,,,,,160.7,163.8,163.8,163.8,163.8,163.8,163.8,163.8,163.8,163.8,163.8,163.8,163.8,163.8,163.8,163.8,163.8,163.8,163.8,163.8,163.8,163.8,163.8,163.8,163.8,163.8,163.8,163.8,163.8,163.8,163.8,163.8,163.8,163.8,163.8,163.8,163.8,163.8,163.8,163.8,163.8,163.8,163.8,163.8,163.8,163.8,163.8,163.8,163.8,163.8,163.8,163.8,163.8,163.8,163.8,163.8,163.8,163.8,163.8,163.8,163.8,163.8,163.8,163.8,163.8,163.8,163.8,163.8,163.8,163.8,163.8,163.8,163.8,163.8,163.8,163.8,163.8,163.8,163.8,163.8,163.8,163.8,163.8,163.8,163.8,163.8,163.8,163.8,163.8,163.8,163.8,163.8,163.8,163.8,163.8,163.8,163.8,163.8,163.8,163.8,163.8,163.8,163.8,163.8,163.8,163.8,163.8,163.8,163.8,163.8,163.8,163.8,163.8,163.8,163.8,163.8,163.8,163.8,163.8,163.8,163.8,163.8,163.8,163.8,163.8,163.8,163.8,163.8,163.8,163.8,163.8,163.8,163.8,163.8,163.8,163.8,163.8,163.8,163.8,163.8,163.8,163.8,163.8,163.8,163.8,163.8,163.8,163.8,163.8,163.8,163.8,163.8,163.8,163.8,163.8,163.8,163.8,163.8,163.8,163.8,163.8,163.8,163.8,163.8,163.8,163.8,163.8,163.8,163.8,163.8,163.8,163.8,163.8,163.8,163.8,163.8,163.8,163.8
2011-11-01,,,,,,,,,,,,,,,,,,,,,,163.3,163.3,163.3,163.3,163.3,163.3,163.3,163.3,163.3,163.3,163.3,163.3,163.3,163.3,163.3,163.3,163.3,163.3,163.3,163.3,163.3,163.3,163.3,163.3,163.3,163.3,163.3,163.3,163.3,163.3,163.3,163.3,163.3,163.3,163.3,163.3,163.3,163.3,163.3,163.3,163.3,163.3,163.3,163.3,163.3,163.3,163.3,163.3,163.3,163.3,163.3,163.3,163.3,163.3,163.3,163.3,163.3,163.3,163.3,163.3,163.3,163.3,163.3,163.3,163.3,163.3,163.3,163.3,163.3,163.3,163.3,163.3,163.3,163.3,163.3,163.3,163.3,163.3,163.3,163.3,163.3,163.3,163.3,163.3,163.3,163.3,163.3,163.3,163.3,163.3,163.3,163.3,163.3,163.3,163.3,163.3,163.3,163.3,163.3,163.3,163.3,163.3,163.3,163.3,163.3,163.3,163.3,163.3,163.3,163.3,163.3,163.3,163.3,163.3,163.3,163.3,163.3,163.3,163.3,163.3,163.3,163.3,163.3,163.3,163.3,163.3,163.3,163.3,163.3,163.3,163.3,163.3,163.3,163.3,163.3,163.3,163.3,163.3,163.3,163.3,163.3,163.3,163.3,163.3,163.3,163.3,163.3,163.3,163.3,163.3,163.3,163.3,163.3,163.3,163.3,163.3,163.3,163.3,163.3,163.3,163.3,163.3,163.3,163.3,163.3,163.3,163.3,163.3,163.3,163.3,163.3,163.3,163.3,163.3,163.3,163.3,163.3
2011-12-01,,,,,,,,,,,,,,,,,,,,,,,163.0,163.0,163.0,163.0,163.0,163.0,163.0,163.0,163.0,163.0,163.0,163.0,163.0,163.0,163.0,163.0,163.0,163.0,163.0,163.0,163.0,163.0,163.0,163.0,163.0,163.0,163.0,163.0,163.0,163.0,163.0,163.0,163.0,163.0,163.0,163.0,163.0,163.0,163.0,163.0,163.0,163.0,163.0,163.0,163.0,163.0,163.0,163.0,163.0,163.0,163.0,163.0,163.0,163.0,163.0,163.0,163.0,163.0,163.0,163.0,163.0,163.0,163.0,163.0,163.0,163.0,163.0,163.0,163.0,163.0,163.0,163.0,163.0,163.0,163.0,163.0,163.0,163.0,163.0,163.0,163.0,163.0,163.0,163.0,163.0,163.0,163.0,163.0,163.0,163.0,163.0,163.0,163.0,163.0,163.0,163.0,163.0,163.0,163.0,163.0,163.0,163.0,163.0,163.0,163.0,163.0,163.0,163.0,163.0,163.0,163.0,163.0,163.0,163.0,163.0,163.0,163.0,163.0,163.0,163.0,163.0,163.0,163.0,163.0,163.0,163.0,163.0,163.0,163.0,163.0,163.0,163.0,163.0,163.0,163.0,163.0,163.0,163.0,163.0,163.0,163.0,163.0,163.0,163.0,163.0,163.0,163.0,163.0,163.0,163.0,163.0,163.0,163.0,163.0,163.0,163.0,163.0,163.0,163.0,163.0,163.0,163.0,163.0,163.0,163.0,163.0,163.0,163.0,163.0,163.0,163.0,163.0,163.0,163.0,163.0,163.0
2012-01-01,,,,,,,,,,,,,,,,,,,,,,,,162.3,162.3,162.3,162.3,162.3,162.3,162.3,162.3,162.3,162.3,162.3,162.3,162.3,162.3,162.3,162.3,162.3,162.3,162.3,162.3,162.3,162.3,162.3,162.3,162.3,162.3,162.3,162.3,162.3,162.3,162.3,162.3,162.3,162.3,162.3,162.3,162.3,162.3,162.3,162.3,162.3,162.3,162.3,162.3,162.3,162.3,162.3,162.3,162.3,162.3,162.3,162.3,162.3,162.3,162.3,162.3,162.3,162.3,162.3,162.3,162.3,162.3,162.3,162.3,162.3,162.3,162.3,162.3,162.3,162.3,162.3,162.3,162.3,162.3,162.3,162.3,162.3,162.3,162.3,162.3,162.3,162.3,162.3,162.3,162.3,162.3,162.3,162.3,162.3,162.3,162.3,162.3,162.3,162.3,162.3,162.3,162.3,162.3,162.3,162.3,162.3,162.3,162.3,162.3,162.3,162.3,162.3,162.3,162.3,162.3,162.3,162.3,162.3,162.3,162.3,162.3,162.3,162.3,162.3,162.3,162.3,162.3,162.3,162.3,162.3,162.3,162.3,162.3,162.3,162.3,162.3,162.3,162.3,162.3,162.3,162.3,162.3,162.3,162.3,162.3,162.3,162.3,162.3,162.3,162.3,162.3,162.3,162.3,162.3,162.3,162.3,162.3,162.3,162.3,162.3,162.3,162.3,162.3,162.3,162.3,162.3,162.3,162.3,162.3,162.3,162.3,162.3,162.3,162.3,162.3,162.3,162.3,162.3,162.3,162.3
2012-02-01,,,,,,,,,,,,,,,,,,,,,,,,,163.4,163.4,163.4,163.4,163.4,163.4,163.4,163.4,163.4,163.4,163.4,163.4,163.4,163.4,163.4,163.4,163.4,163.4,163.4,163.4,163.4,163.4,163.4,163.4,163.4,163.4,163.4,163.4,163.4,163.4,163.4,163.4,163.4,163.4,163.4,163.4,163.4,163.4,163.4,163.4,163.4,163.4,163.4,163.4,163.4,163.4,163.4,163.4,163.4,163.4,163.4,163.4,163.4,163.4,163.4,163.4,163.4,163.4,163.4,163.4,163.4,163.4,163.4,163.4,163.4,163.4,163.4,163.4,163.4,163.4,163.4,163.4,163.4,163.4,163.4,163.4,163.4,163.4,163.4,163.4,163.4,163.4,163.4,163.4,163.4,163.4,163.4,163.4,163.4,163.4,163.4,163.4,163.4,163.4,163.4,163.4,163.4,163.4,163.4,163.4,163.4,163.4,163.4,163.4,163.4,163.4,163.4,163.4,163.4,163.4,163.4,163.4,163.4,163.4,163.4,163.4,163.4,163.4,163.4,163.4,163.4,163.4,163.4,163.4,163.4,163.4,163.4,163.4,163.4,163.4,163.4,163.4,163.4,163.4,163.4,163.4,163.4,163.4,163.4,163.4,163.4,163.4,163.4,163.4,163.4,163.4,163.4,163.4,163.4,163.4,163.4,163.4,163.4,163.4,163.4,163.4,163.4,163.4,163.4,163.4,163.4,163.4,163.4,163.4,163.4,163.4,163.4,163.4,163.4,163.4,163.4,163.4,163.4,163.4
2012-03-01,,,,,,,,,,,,,,,,,,,,,,,,,,164.8,165.3,165.3,165.3,165.3,165.3,165.3,165.3,165.3,165.3,165.3,165.3,165.3,165.3,165.3,165.3,165.3,165.3,165.3,165.3,165.3,165.3,165.3,165.3,165.3,165.3,165.3,165.3,165.3,165.3,165.3,165.3,165.3,165.3,165.3,165.3,165.3,165.3,165.3,165.3,165.3,165.3,165.3,165.3,165.3,165.3,165.3,165.3,165.3,165.3,165.3,165.3,165.3,165.3,165.3,165.3,165.3,165.3,165.3,165.3,165.3,165.3,165.3,165.3,165.3,165.3,165.3,165.3,165.3,165.3,165.3,165.3,165.3,165.3,165.3,165.3,165.3,165.3,165.3,165.3,165.3,165.3,165.3,165.3,165.3,165.3,165.3,165.3,165.3,165.3,165.3,165.3,165.3,165.3,165.3,165.3,165.3,165.3,165.3,165.3,165.3,165.3,165.3,165.3,165.3,165.3,165.3,165.3,165.3,165.3,165.3,165.3,165.3,165.3,165.3,165.3,165.3,165.3,165.3,165.3,165.3,165.3,165.3,165.3,165.3,165.3,165.3,165.3,165.3,165.3,165.3,165.3,165.3,165.3,165.3,165.3,165.3,165.3,165.3,165.3,165.3,165.3,165.3,165.3,165.3,165.3,165.3,165.3,165.3,165.3,165.3,165.3,165.3,165.3,165.3,165.3,165.3,165.3,165.3,165.3,165.3,165.3,165.3,165.3,165.3,165.3,165.3,165.3,165.3,165.3,165.3,165.3,165.3
2012-04-01,,,,,,,,,,,,,,,,,,,,,,,,,,,166.8,165.7,165.7,165.7,165.7,165.7,165.7,165.7,165.7,165.7,165.7,165.7,165.7,165.7,165.7,165.7,165.7,165.7,165.7,165.7,165.7,165.7,165.7,165.7,165.7,165.7,165.7,165.7,165.7,165.7,165.7,165.7,165.7,165.7,165.7,165.7,165.7,165.7,165.7,165.7,165.7,165.7,165.7,165.7,165.7,165.7,165.7,165.7,165.7,165.7,165.7,165.7,165.7,165.7,165.7,165.7,165.7,165.7,165.7,165.7,165.7,165.7,165.7,165.7,165.7,165.7,165.7,165.7,165.7,165.7,165.7,165.7,165.7,165.7,165.7,165.7,165.7,165.7,165.7,165.7,165.7,165.7,165.7,165.7,165.7,165.7,165.7,165.7,165.7,165.7,165.7,165.7,165.7,165.7,165.7,165.7,165.7,165.7,165.7,165.7,165.7,165.7,165.7,165.7,165.7,165.7,165.7,165.7,165.7,165.7,165.7,165.7,165.7,165.7,165.7,165.7,165.7,165.7,165.7,165.7,165.7,165.7,165.7,165.7,165.7,165.7,165.7,165.7,165.7,165.7,165.7,165.7,165.7,165.7,165.7,165.7,165.7,165.7,165.7,165.7,165.7,165.7,165.7,165.7,165.7,165.7,165.7,165.7,165.7,165.7,165.7,165.7,165.7,165.7,165.7,165.7,165.7,165.7,165.7,165.7,165.7,165.7,165.7,165.7,165.7,165.7,165.7,165.7,165.7,165.7,165.7,165.7
2012-05-01,,,,,,,,,,,,,,,,,,,,,,,,,,,,166.6,166.6,166.8,166.8,166.8,166.8,166.8,166.8,166.8,166.8,166.8,166.8,166.8,166.8,166.8,166.8,166.8,166.8,166.8,166.8,166.8,166.8,166.8,166.8,166.8,166.8,166.8,166.8,166.8,166.8,166.8,166.8,166.8,166.8,166.8,166.8,166.8,166.8,166.8,166.8,166.8,166.8,166.8,166.8,166.8,166.8,166.8,166.8,166.8,166.8,166.8,166.8,166.8,166.8,166.8,166.8,166.8,166.8,166.8,166.8,166.8,166.8,166.8,166.8,166.8,166.8,166.8,166.8,166.8,166.8,166.8,166.8,166.8,166.8,166.8,166.8,166.8,166.8,166.8,166.8,166.8,166.8,166.8,166.8,166.8,166.8,166.8,166.8,166.8,166.8,166.8,166.8,166.8,166.8,166.8,166.8,166.8,166.8,166.8,166.8,166.8,166.8,166.8,166.8,166.8,166.8,166.8,166.8,166.8,166.8,166.8,166.8,166.8,166.8,166.8,166.8,166.8,166.8,166.8,166.8,166.8,166.8,166.8,166.8,166.8,166.8,166.8,166.8,166.8,166.8,166.8,166.8,166.8,166.8,166.8,166.8,166.8,166.8,166.8,166.8,166.8,166.8,166.8,166.8,166.8,166.8,166.8,166.8,166.8,166.8,166.8,166.8,166.8,166.8,166.8,166.8,166.8,166.8,166.8,166.8,166.8,166.8,166.8,166.8,166.8,166.8,166.8,166.8,166.8,166.8,166.8
2012-06-01,,,,,,,,,,,,,,,,,,,,,,,,,,,,,163.8,164.9,164.9,164.9,164.9,164.9,164.9,164.9,164.9,164.9,164.9,164.9,164.9,164.9,164.9,164.9,164.9,164.9,164.9,164.9,164.9,164.9,164.9,164.9,164.9,164.9,164.9,164.9,164.9,164.9,164.9,164.9,164.9,164.9,164.9,164.9,164.9,164.9,164.9,164.9,164.9,164.9,164.9,164.9,164.9,164.9,164.9,164.9,164.9,164.9,164.9,164.9,164.9,164.9,164.9,164.9,164.9,164.9,164.9,164.9,164.9,164.9,164.9,164.9,164.9,164.9,164.9,164.9,164.9,164.9,164.9,164.9,164.9,164.9,164.9,164.9,164.9,164.9,164.9,164.9,164.9,164.9,164.9,164.9,164.9,164.9,164.9,164.9,164.9,164.9,164.9,164.9,164.9,164.9,164.9,164.9,164.9,164.9,164.9,164.9,164.9,164.9,164.9,164.9,164.9,164.9,164.9,164.9,164.9,164.9,164.9,164.9,164.9,164.9,164.9,164.9,164.9,164.9,164.9,164.9,164.9,164.9,164.9,164.9,164.9,164.9,164.9,164.9,164.9,164.9,164.9,164.9,164.9,164.9,164.9,164.9,164.9,164.9,164.9,164.9,164.9,164.9,164.9,164.9,164.9,164.9,164.9,164.9,164.9,164.9,164.9,164.9,164.9,164.9,164.9,164.9,164.9,164.9,164.9,164.9,164.9,164.9,164.9,164.9,164.9,164.9,164.9,164.9,164.9,164.9
2012-07-01,,,,,,,,,,,,,,,,,,,,,,,,,,,,,,163.0,163.0,163.0,163.0,163.0,163.0,163.0,163.0,163.0,163.0,163.0,163.0,163.0,163.0,163.0,163.0,163.0,163.0,163.0,163.0,163.0,163.0,163.0,163.0,163.0,163.0,163.0,163.0,163.0,163.0,163.0,163.0,163.0,163.0,163.0,163.0,163.0,163.0,163.0,163.0,163.0,163.0,163.0,163.0,163.0,163.0,163.0,163.0,163.0,163.0,163.0,163.0,163.0,163.0,163.0,163.0,163.0,163.0,163.0,163.0,163.0,163.0,163.0,163.0,163.0,163.0,163.0,163.0,163.0,163.0,163.0,163.0,163.0,163.0,163.0,163.0,163.0,163.0,163.0,163.0,163.0,163.0,163.0,163.0,163.0,163.0,163.0,163.0,163.0,163.0,163.0,163.0,163.0,163.0,163.0,163.0,163.0,163.0,163.0,163.0,163.0,163.0,163.0,163.0,163.0,163.0,163.0,163.0,163.0,163.0,163.0,163.0,163.0,163.0,163.0,163.0,163.0,163.0,163.0,163.0,163.0,163.0,163.0,163.0,163.0,163.0,163.0,163.0,163.0,163.0,163.0,163.0,163.0,163.0,163.0,163.0,163.0,163.0,163.0,163.0,163.0,163.0,163.0,163.0,163.0,163.0,163.0,163.0,163.0,163.0,163.0,163.0,163.0,163.0,163.0,163.0,163.0,163.0,163.0,163.0,163.0,163.0,163.0,163.0,163.0,163.0,163.0,163.0,163.0
2012-08-01,,,,,,,,,,,,,,,,,,,,,,,,,,,,,,,163.2,163.2,163.2,163.2,163.2,163.2,163.2,163.2,163.2,163.2,163.2,163.2,163.2,163.2,163.2,163.2,163.2,163.2,163.2,163.2,163.2,163.2,163.2,163.2,163.2,163.2,163.2,163.2,163.2,163.2,163.2,163.2,163.2,163.2,163.2,163.2,163.2,163.2,163.2,163.2,163.2,163.2,163.2,163.2,163.2,163.2,163.2,163.2,163.2,163.2,163.2,163.2,163.2,163.2,163.2,163.2,163.2,163.2,163.2,163.2,163.2,163.2,163.2,163.2,163.2,163.2,163.2,163.2,163.2,163.2,163.2,163.2,163.2,163.2,163.2,163.2,163.2,163.2,163.2,163.2,163.2,163.2,163.2,163.2,163.2,163.2,163.2,163.2,163.2,163.2,163.2,163.2,163.2,163.2,163.2,163.2,163.2,163.2,163.2,163.2,163.2,163.2,163.2,163.2,163.2,163.2,163.2,163.2,163.2,163.2,163.2,163.2,163.2,163.2,163.2,163.2,163.2,163.2,163.2,163.2,163.2,163.2,163.2,163.2,163.2,163.2,163.2,163.2,163.2,163.2,163.2,163.2,163.2,163.2,163.2,163.2,163.2,163.2,163.2,163.2,163.2,163.2,163.2,163.2,163.2,163.2,163.2,163.2,163.2,163.2,163.2,163.2,163.2,163.2,163.2,163.2,163.2,163.2,163.2,163.2,163.2,163.2,163.2,163.2,163.2,163.2,163.2,163.2
2012-09-01,,,,,,,,,,,,,,,,,,,,,,,,,,,,,,,,164.3,164.3,164.3,164.3,164.3,164.3,164.3,164.3,164.3,164.3,164.3,164.3,164.3,164.3,164.3,164.3,164.3,164.3,164.3,164.3,164.3,164.3,164.3,164.3,164.3,164.3,164.3,164.3,164.3,164.3,164.3,164.3,164.3,164.3,164.3,164.3,164.3,164.3,164.3,164.3,164.3,164.3,164.3,164.3,164.3,164.3,164.3,164.3,164.3,164.3,164.3,164.3,164.3,164.3,164.3,164.3,164.3,164.3,164.3,164.3,164.3,164.3,164.3,164.3,164.3,164.3,164.3,164.3,164.3,164.3,164.3,164.3,164.3,164.3,164.3,164.3,164.3,164.3,164.3,164.3,164.3,164.3,164.3,164.3,164.3,164.3,164.3,164.3,164.3,164.3,164.3,164.3,164.3,164.3,164.3,164.3,164.3,164.3,164.3,164.3,164.3,164.3,164.3,164.3,164.3,164.3,164.3,164.3,164.3,164.3,164.3,164.3,164.3,164.3,164.3,164.3,164.3,164.3,164.3,164.3,164.3,164.3,164.3,164.3,164.3,164.3,164.3,164.3,164.3,164.3,164.3,164.3,164.3,164.3,164.3,164.3,164.3,164.3,164.3,164.3,164.3,164.3,164.3,164.3,164.3,164.3,164.3,164.3,164.3,164.3,164.3,164.3,164.3,164.3,164.3,164.3,164.3,164.3,164.3,164.3,164.3,164.3,164.3,164.3,164.3,164.3,164.3
2012-10-01,,,,,,,,,,,,,,,,,,,,,,,,,,,,,,,,,162.5,162.2,162.2,162.2,162.2,162.2,162.2,162.2,162.2,162.2,162.2,162.2,162.2,162.2,162.2,162.2,162.2,162.2,162.2,162.2,162.2,162.2,162.2,162.2,162.2,162.2,162.2,162.2,162.2,162.2,162.2,162.2,162.2,162.2,162.2,162.2,162.2,162.2,162.2,162.2,162.2,162.2,162.2,162.2,162.2,162.2,162.2,162.2,162.2,162.2,162.2,162.2,162.2,162.2,162.2,162.2,162.2,162.2,162.2,162.2,162.2,162.2,162.2,162.2,162.2,162.2,162.2,162.2,162.2,162.2,162.2,162.2,162.2,162.2,162.2,162.2,162.2,162.2,162.2,162.2,162.2,162.2,162.2,162.2,162.2,162.2,162.2,162.2,162.2,162.2,162.2,162.2,162.2,162.2,162.2,162.2,162.2,162.2,162.2,162.2,162.2,162.2,162.2,162.2,162.2,162.2,162.2,162.2,162.2,162.2,162.2,162.2,162.2,162.2,162.2,162.2,162.2,162.2,162.2,162.2,162.2,162.2,162.2,162.2,162.2,162.2,162.2,162.2,162.2,162.2,162.2,162.2,162.2,162.2,162.2,162.2,162.2,162.2,162.2,162.2,162.2,162.2,162.2,162.2,162.2,162.2,162.2,162.2,162.2,162.2,162.2,162.2,162.2,162.2,162.2,162.2,162.2,162.2,162.2,162.2,162.2,162.2,162.2,162.2,162.2,162.2
2012-11-01,,,,,,,,,,,,,,,,,,,,,,,,,,,,,,,,,,162.7,162.7,162.7,162.7,162.7,162.7,162.7,162.7,162.7,162.7,162.7,162.7,162.7,162.7,162.7,162.7,162.7,162.7,162.7,162.7,162.7,162.7,162.7,162.7,162.7,162.7,162.7,162.7,162.7,162.7,162.7,162.7,162.7,162.7,162.7,162.7,162.7,162.7,162.7,162.7,162.7,162.7,162.7,162.7,162.7,162.7,162.7,162.7,162.7,162.7,162.7,162.7,162.7,162.7,162.7,162.7,162.7,162.7,162.7,162.7,162.7,162.7,162.7,162.7,162.7,162.7,162.7,162.7,162.7,162.7,162.7,162.7,162.7,162.7,162.7,162.7,162.7,162.7,162.7,162.7,162.7,162.7,162.7,162.7,162.7,162.7,162.7,162.7,162.7,162.7,162.7,162.7,162.7,162.7,162.7,162.7,162.7,162.7,162.7,162.7,162.7,162.7,162.7,162.7,162.7,162.7,162.7,162.7,162.7,162.7,162.7,162.7,162.7,162.7,162.7,162.7,162.7,162.7,162.7,162.7,162.7,162.7,162.7,162.7,162.7,162.7,162.7,162.7,162.7,162.7,162.7,162.7,162.7,162.7,162.7,162.7,162.7,162.7,162.7,162.7,162.7,162.7,162.7,162.7,162.7,162.7,162.7,162.7,162.7,162.7,162.7,162.7,162.7,162.7,162.7,162.7,162.7,162.7,162.7,162.7,162.7,162.7,162.7,162.7,162.7
2012-12-01,,,,,,,,,,,,,,,,,,,,,,,,,,,,,,,,,,,161.7,161.7,161.7,161.7,161.7,161.7,161.7,161.7,161.7,161.7,161.7,161.7,161.7,161.7,161.7,161.7,161.7,161.7,161.7,161.7,161.7,161.7,161.7,161.7,161.7,161.7,161.7,161.7,161.7,161.7,161.7,161.7,161.7,161.7,161.7,161.7,161.7,161.7,161.7,161.7,161.7,161.7,161.7,161.7,161.7,161.7,161.7,161.7,161.7,161.7,161.7,161.7,161.7,161.7,161.7,161.7,161.7,161.7,161.7,161.7,161.7,161.7,161.7,161.7,161.7,161.7,161.7,161.7,161.7,161.7,161.7,161.7,161.7,161.7,161.7,161.7,161.7,161.7,161.7,161.7,161.7,161.7,161.7,161.7,161.7,161.7,161.7,161.7,161.7,161.7,161.7,161.7,161.7,161.7,161.7,161.7,161.7,161.7,161.7,161.7,161.7,161.7,161.7,161.7,161.7,161.7,161.7,161.7,161.7,161.7,161.7,161.7,161.7,161.7,161.7,161.7,161.7,161.7,161.7,161.7,161.7,161.7,161.7,161.7,161.7,161.7,161.7,161.7,161.7,161.7,161.7,161.7,161.7,161.7,161.7,161.7,161.7,161.7,161.7,161.7,161.7,161.7,161.7,161.7,161.7,161.7,161.7,161.7,161.7,161.7,161.7,161.7,161.7,161.7,161.7,161.7,161.7,161.7,161.7,161.7,161.7,161.7,161.7,161.7
2013-01-01,,,,,,,,,,,,,,,,,,,,,,,,,,,,,,,,,,,,161.6,161.6,161.6,161.6,161.6,161.6,161.6,161.6,161.6,161.6,161.6,161.6,161.6,161.6,161.6,161.6,161.6,161.6,161.6,161.6,161.6,161.6,161.6,161.6,161.6,161.6,161.6,161.6,161.6,161.6,161.6,161.6,161.6,161.6,161.6,161.6,161.6,161.6,161.6,161.6,161.6,161.6,161.6,161.6,161.6,161.6,161.6,161.6,161.6,161.6,161.6,161.6,161.6,161.6,161.6,161.6,161.6,161.6,161.6,161.6,161.6,161.6,161.6,161.6,161.6,161.6,161.6,161.6,161.6,161.6,161.6,161.6,161.6,161.6,161.6,161.6,161.6,161.6,161.6,161.6,161.6,161.6,161.6,161.6,161.6,161.6,161.6,161.6,161.6,161.6,161.6,161.6,161.6,161.6,161.6,161.6,161.6,161.6,161.6,161.6,161.6,161.6,161.6,161.6,161.6,161.6,161.6,161.6,161.6,161.6,161.6,161.6,161.6,161.6,161.6,161.6,161.6,161.6,161.6,161.6,161.6,161.6,161.6,161.6,161.6,161.6,161.6,161.6,161.6,161.6,161.6,161.6,161.6,161.6,161.6,161.6,161.6,161.6,161.6,161.6,161.6,161.6,161.6,161.6,161.6,161.6,161.6,161.6,161.6,161.6,161.6,161.6,161.6,161.6,161.6,161.6,161.6,161.6,161.6,161.6,161.6,161.6,161.6
2013-02-01,,,,,,,,,,,,,,,,,,,,,,,,,,,,,,,,,,,,,161.6,161.6,161.6,161.6,161.6,161.6,161.6,161.6,161.6,161.6,161.6,161.6,161.6,161.6,161.6,161.6,161.6,161.6,161.6,161.6,161.6,161.6,161.6,161.6,161.6,161.6,161.6,161.6,161.6,161.6,161.6,161.6,161.6,161.6,161.6,161.6,161.6,161.6,161.6,161.6,161.6,161.6,161.6,161.6,161.6,161.6,161.6,161.6,161.6,161.6,161.6,161.6,161.6,161.6,161.6,161.6,161.6,161.6,161.6,161.6,161.6,161.6,161.6,161.6,161.6,161.6,161.6,161.6,161.6,161.6,161.6,161.6,161.6,161.6,161.6,161.6,161.6,161.6,161.6,161.6,161.6,161.6,161.6,161.6,161.6,161.6,161.6,161.6,161.6,161.6,161.6,161.6,161.6,161.6,161.6,161.6,161.6,161.6,161.6,161.6,161.6,161.6,161.6,161.6,161.6,161.6,161.6,161.6,161.6,161.6,161.6,161.6,161.6,161.6,161.6,161.6,161.6,161.6,161.6,161.6,161.6,161.6,161.6,161.6,161.6,161.6,161.6,161.6,161.6,161.6,161.6,161.6,161.6,161.6,161.6,161.6,161.6,161.6,161.6,161.6,161.6,161.6,161.6,161.6,161.6,161.6,161.6,161.6,161.6,161.6,161.6,161.6,161.6,161.6,161.6,161.6,161.6,161.6,161.6,161.6,161.6,161.6
2013-03-01,,,,,,,,,,,,,,,,,,,,,,,,,,,,,,,,,,,,,,161.6,161.1,161.1,161.1,161.1,161.1,161.1,161.1,161.1,161.1,161.1,161.1,161.1,161.1,161.1,161.1,161.1,161.1,161.1,161.1,161.1,161.1,161.1,161.1,161.1,161.1,161.1,161.1,161.1,161.1,161.1,161.1,161.1,161.1,161.1,161.1,161.1,161.1,161.1,161.1,161.1,161.1,161.1,161.1,161.1,161.1,161.1,161.1,161.1,161.1,161.1,161.1,161.1,161.1,161.1,161.1,161.1,161.1,161.1,161.1,161.1,161.1,161.1,161.1,161.1,161.1,161.1,161.1,161.1,161.1,161.1,161.1,161.1,161.1,161.1,161.1,161.1,161.1,161.1,161.1,161.1,161.1,161.1,161.1,161.1,161.1,161.1,161.1,161.1,161.1,161.1,161.1,161.1,161.1,161.1,161.1,161.1,161.1,161.1,161.1,161.1,161.1,161.1,161.1,161.1,161.1,161.1,161.1,161.1,161.1,161.1,161.1,161.1,161.1,161.1,161.1,161.1,161.1,161.1,161.1,161.1,161.1,161.1,161.1,161.1,161.1,161.1,161.1,161.1,161.1,161.1,161.1,161.1,161.1,161.1,161.1,161.1,161.1,161.1,161.1,161.1,161.1,161.1,161.1,161.1,161.1,161.1,161.1,161.1,161.1,161.1,161.1,161.1,161.1,161.1,161.1,161.1,161.1,161.1,161.1,161.1
2013-04-01,,,,,,,,,,,,,,,,,,,,,,,,,,,,,,,,,,,,,,,160.4,161.3,160.9,160.9,160.9,160.9,160.9,160.9,160.9,160.9,160.9,160.9,160.9,160.9,160.9,160.9,160.9,160.9,160.9,160.9,160.9,160.9,160.9,160.9,160.9,160.9,160.9,160.9,160.9,160.9,160.9,160.9,160.9,160.9,160.9,160.9,160.9,160.9,160.9,160.9,160.9,160.9,160.9,160.9,160.9,160.9,160.9,160.9,160.9,160.9,160.9,160.9,160.9,160.9,160.9,160.9,160.9,160.9,160.9,160.9,160.9,160.9,160.9,160.9,160.9,160.9,160.9,160.9,160.9,160.9,160.9,160.9,160.9,160.9,160.9,160.9,160.9,160.9,160.9,160.9,160.9,160.9,160.9,160.9,160.9,160.9,160.9,160.9,160.9,160.9,160.9,160.9,160.9,160.9,160.9,160.9,160.9,160.9,160.9,160.9,160.9,160.9,160.9,160.9,160.9,160.9,160.9,160.9,160.9,160.9,160.9,160.9,160.9,160.9,160.9,160.9,160.9,160.9,160.9,160.9,160.9,160.9,160.9,160.9,160.9,160.9,160.9,160.9,160.9,160.9,160.9,160.9,160.9,160.9,160.9,160.9,160.9,160.9,160.9,160.9,160.9,160.9,160.9,160.9,160.9,160.9,160.9,160.9,160.9,160.9,160.9,160.9,160.9,160.9,160.9,160.9,160.9,160.9,160.9,160.9
2013-05-01,,,,,,,,,,,,,,,,,,,,,,,,,,,,,,,,,,,,,,,,161.0,160.6,160.6,160.6,160.6,160.6,160.6,160.6,160.6,160.6,160.6,160.6,160.6,160.6,160.6,160.6,160.6,160.6,160.6,160.6,160.6,160.6,160.6,160.6,160.6,160.6,160.6,160.6,160.6,160.6,160.6,160.6,160.6,160.6,160.6,160.6,160.6,160.6,160.6,160.6,160.6,160.6,160.6,160.6,160.6,160.6,160.6,160.6,160.6,160.6,160.6,160.6,160.6,160.6,160.6,160.6,160.6,160.6,160.6,160.6,160.6,160.6,160.6,160.6,160.6,160.6,160.6,160.6,160.6,160.6,160.6,160.6,160.6,160.6,160.6,160.6,160.6,160.6,160.6,160.6,160.6,160.6,160.6,160.6,160.6,160.6,160.6,160.6,160.6,160.6,160.6,160.6,160.6,160.6,160.6,160.6,160.6,160.6,160.6,160.6,160.6,160.6,160.6,160.6,160.6,160.6,160.6,160.6,160.6,160.6,160.6,160.6,160.6,160.6,160.6,160.6,160.6,160.6,160.6,160.6,160.6,160.6,160.6,160.6,160.6,160.6,160.6,160.6,160.6,160.6,160.6,160.6,160.6,160.6,160.6,160.6,160.6,160.6,160.6,160.6,160.6,160.6,160.6,160.6,160.6,160.6,160.6,160.6,160.6,160.6,160.6,160.6,160.6,160.6,160.6,160.6,160.6,160.6,160.6
2013-06-01,,,,,,,,,,,,,,,,,,,,,,,,,,,,,,,,,,,,,,,,,160.5,160.5,160.5,160.5,160.5,160.5,160.5,160.5,160.5,160.5,160.5,160.5,160.5,160.5,160.5,160.5,160.5,160.5,160.5,160.5,160.5,160.5,160.5,160.5,160.5,160.5,160.5,160.5,160.5,160.5,160.5,160.5,160.5,160.5,160.5,160.5,160.5,160.5,160.5,160.5,160.5,160.5,160.5,160.5,160.5,160.5,160.5,160.5,160.5,160.5,160.5,160.5,160.5,160.5,160.5,160.5,160.5,160.5,160.5,160.5,160.5,160.5,160.5,160.5,160.5,160.5,160.5,160.5,160.5,160.5,160.5,160.5,160.5,160.5,160.5,160.5,160.5,160.5,160.5,160.5,160.5,160.5,160.5,160.5,160.5,160.5,160.5,160.5,160.5,160.5,160.5,160.5,160.5,160.5,160.5,160.5,160.5,160.5,160.5,160.5,160.5,160.5,160.5,160.5,160.5,160.5,160.5,160.5,160.5,160.5,160.5,160.5,160.5,160.5,160.5,160.5,160.5,160.5,160.5,160.5,160.5,160.5,160.5,160.5,160.5,160.5,160.5,160.5,160.5,160.5,160.5,160.5,160.5,160.5,160.5,160.5,160.5,160.5,160.5,160.5,160.5,160.5,160.5,160.5,160.5,160.5,160.5,160.5,160.5,160.5,160.5,160.5,160.5,160.5,160.5,160.5,160.5,160.5
2013-07-01,,,,,,,,,,,,,,,,,,,,,,,,,,,,,,,,,,,,,,,,,,159.9,159.9,159.9,159.9,159.9,159.9,159.9,159.9,159.9,159.9,159.9,159.9,159.9,159.9,159.9,159.9,159.9,159.9,159.9,159.9,159.9,159.9,159.9,159.9,159.9,159.9,159.9,159.9,159.9,159.9,159.9,159.9,159.9,159.9,159.9,159.9,159.9,159.9,159.9,159.9,159.9,159.9,159.9,159.9,159.9,159.9,159.9,159.9,159.9,159.9,159.9,159.9,159.9,159.9,159.9,159.9,159.9,159.9,159.9,159.9,159.9,159.9,159.9,159.9,159.9,159.9,159.9,159.9,159.9,159.9,159.9,159.9,159.9,159.9,159.9,159.9,159.9,159.9,159.9,159.9,159.9,159.9,159.9,159.9,159.9,159.9,159.9,159.9,159.9,159.9,159.9,159.9,159.9,159.9,159.9,159.9,159.9,159.9,159.9,159.9,159.9,159.9,159.9,159.9,159.9,159.9,159.9,159.9,159.9,159.9,159.9,159.9,159.9,159.9,159.9,159.9,159.9,159.9,159.9,159.9,159.9,159.9,159.9,159.9,159.9,159.9,159.9,159.9,159.9,159.9,159.9,159.9,159.9,159.9,159.9,159.9,159.9,159.9,159.9,159.9,159.9,159.9,159.9,159.9,159.9,159.9,159.9,159.9,159.9,159.9,159.9,159.9,159.9,159.9,159.9,159.9,159.9
2013-08-01,,,,,,,,,,,,,,,,,,,,,,,,,,,,,,,,,,,,,,,,,,,159.9,159.9,159.9,159.9,159.9,159.9,159.9,159.9,159.9,159.9,159.9,159.9,159.9,159.9,159.9,159.9,159.9,159.9,159.9,159.9,159.9,159.9,159.9,159.9,159.9,159.9,159.9,159.9,159.9,159.9,159.9,159.9,159.9,159.9,159.9,159.9,159.9,159.9,159.9,159.9,159.9,159.9,159.9,159.9,159.9,159.9,159.9,159.9,159.9,159.9,159.9,159.9,159.9,159.9,159.9,159.9,159.9,159.9,159.9,159.9,159.9,159.9,159.9,159.9,159.9,159.9,159.9,159.9,159.9,159.9,159.9,159.9,159.9,159.9,159.9,159.9,159.9,159.9,159.9,159.9,159.9,159.9,159.9,159.9,159.9,159.9,159.9,159.9,159.9,159.9,159.9,159.9,159.9,159.9,159.9,159.9,159.9,159.9,159.9,159.9,159.9,159.9,159.9,159.9,159.9,159.9,159.9,159.9,159.9,159.9,159.9,159.9,159.9,159.9,159.9,159.9,159.9,159.9,159.9,159.9,159.9,159.9,159.9,159.9,159.9,159.9,159.9,159.9,159.9,159.9,159.9,159.9,159.9,159.9,159.9,159.9,159.9,159.9,159.9,159.9,159.9,159.9,159.9,159.9,159.9,159.9,159.9,159.9,159.9,159.9,159.9,159.9,159.9,159.9,159.9,159.9
2013-09-01,,,,,,,,,,,,,,,,,,,,,,,,,,,,,,,,,,,,,,,,,,,,160.3,160.3,160.3,160.3,160.3,160.3,160.3,160.3,160.3,160.3,160.3,160.3,160.3,160.3,160.3,160.3,160.3,160.3,160.3,160.3,160.3,160.3,160.3,160.3,160.3,160.3,160.3,160.3,160.3,160.3,160.3,160.3,160.3,160.3,160.3,160.3,160.3,160.3,160.3,160.3,160.3,160.3,160.3,160.3,160.3,160.3,160.3,160.3,160.3,160.3,160.3,160.3,160.3,160.3,160.3,160.3,160.3,160.3,160.3,160.3,160.3,160.3,160.3,160.3,160.3,160.3,160.3,160.3,160.3,160.3,160.3,160.3,160.3,160.3,160.3,160.3,160.3,160.3,160.3,160.3,160.3,160.3,160.3,160.3,160.3,160.3,160.3,160.3,160.3,160.3,160.3,160.3,160.3,160.3,160.3,160.3,160.3,160.3,160.3,160.3,160.3,160.3,160.3,160.3,160.3,160.3,160.3,160.3,160.3,160.3,160.3,160.3,160.3,160.3,160.3,160.3,160.3,160.3,160.3,160.3,160.3,160.3,160.3,160.3,160.3,160.3,160.3,160.3,160.3,160.3,160.3,160.3,160.3,160.3,160.3,160.3,160.3,160.3,160.3,160.3,160.3,160.3,160.3,160.3,160.3,160.3,160.3,160.3,160.3,160.3,160.3,160.3,160.3,160.3,160.3
2013-10-01,,,,,,,,,,,,,,,,,,,,,,,,,,,,,,,,,,,,,,,,,,,,,161.0,161.0,161.0,161.0,161.0,161.0,161.0,161.0,161.0,161.0,161.0,161.0,161.0,161.0,161.0,161.0,161.0,161.0,161.0,161.0,161.0,161.0,161.0,161.0,161.0,161.0,161.0,161.0,161.0,161.0,161.0,161.0,161.0,161.0,161.0,161.0,161.0,161.0,161.0,161.0,161.0,161.0,161.0,161.0,161.0,161.0,161.0,161.0,161.0,161.0,161.0,161.0,161.0,161.0,161.0,161.0,161.0,161.0,161.0,161.0,161.0,161.0,161.0,161.0,161.0,161.0,161.0,161.0,161.0,161.0,161.0,161.0,161.0,161.0,161.0,161.0,161.0,161.0,161.0,161.0,161.0,161.0,161.0,161.0,161.0,161.0,161.0,161.0,161.0,161.0,161.0,161.0,161.0,161.0,161.0,161.0,161.0,161.0,161.0,161.0,161.0,161.0,161.0,161.0,161.0,161.0,161.0,161.0,161.0,161.0,161.0,161.0,161.0,161.0,161.0,161.0,161.0,161.0,161.0,161.0,161.0,161.0,161.0,161.0,161.0,161.0,161.0,161.0,161.0,161.0,161.0,161.0,161.0,161.0,161.0,161.0,161.0,161.0,161.0,161.0,161.0,161.0,161.0,161.0,161.0,161.0,161.0,161.0,161.0,161.0,161.0,161.0,161.0,161.0
2013-11-01,,,,,,,,,,,,,,,,,,,,,,,,,,,,,,,,,,,,,,,,,,,,,,163.9,163.9,163.9,163.9,163.9,163.9,163.9,163.9,163.9,163.9,163.9,163.9,163.9,163.9,163.9,163.9,163.9,163.9,163.9,163.9,163.9,163.9,163.9,163.9,163.9,163.9,163.9,163.9,163.9,163.9,163.9,163.9,163.9,163.9,163.9,163.9,163.9,163.9,163.9,163.9,163.9,163.9,163.9,163.9,163.9,163.9,163.9,163.9,163.9,163.9,163.9,163.9,163.9,163.9,163.9,163.9,163.9,163.9,163.9,163.9,163.9,163.9,163.9,163.9,163.9,163.9,163.9,163.9,163.9,163.9,163.9,163.9,163.9,163.9,163.9,163.9,163.9,163.9,163.9,163.9,163.9,163.9,163.9,163.9,163.9,163.9,163.9,163.9,163.9,163.9,163.9,163.9,163.9,163.9,163.9,163.9,163.9,163.9,163.9,163.9,163.9,163.9,163.9,163.9,163.9,163.9,163.9,163.9,163.9,163.9,163.9,163.9,163.9,163.9,163.9,163.9,163.9,163.9,163.9,163.9,163.9,163.9,163.9,163.9,163.9,163.9,163.9,163.9,163.9,163.9,163.9,163.9,163.9,163.9,163.9,163.9,163.9,163.9,163.9,163.9,163.9,163.9,163.9,163.9,163.9,163.9,163.9,163.9,163.9,163.9,163.9,163.9,163.9
2013-12-01,,,,,,,,,,,,,,,,,,,,,,,,,,,,,,,,,,,,,,,,,,,,,,,163.9,163.9,163.9,163.9,163.9,163.9,163.9,163.9,163.9,163.9,163.9,163.9,163.9,163.9,163.9,163.9,163.9,163.9,163.9,163.9,163.9,163.9,163.9,163.9,163.9,163.9,163.9,163.9,163.9,163.9,163.9,163.9,163.9,163.9,163.9,163.9,163.9,163.9,163.9,163.9,163.9,163.9,163.9,163.9,163.9,163.9,163.9,163.9,163.9,163.9,163.9,163.9,163.9,163.9,163.9,163.9,163.9,163.9,163.9,163.9,163.9,163.9,163.9,163.9,163.9,163.9,163.9,163.9,163.9,163.9,163.9,163.9,163.9,163.9,163.9,163.9,163.9,163.9,163.9,163.9,163.9,163.9,163.9,163.9,163.9,163.9,163.9,163.9,163.9,163.9,163.9,163.9,163.9,163.9,163.9,163.9,163.9,163.9,163.9,163.9,163.9,163.9,163.9,163.9,163.9,163.9,163.9,163.9,163.9,163.9,163.9,163.9,163.9,163.9,163.9,163.9,163.9,163.9,163.9,163.9,163.9,163.9,163.9,163.9,163.9,163.9,163.9,163.9,163.9,163.9,163.9,163.9,163.9,163.9,163.9,163.9,163.9,163.9,163.9,163.9,163.9,163.9,163.9,163.9,163.9,163.9,163.9,163.9,163.9,163.9,163.9,163.9
2014-01-01,,,,,,,,,,,,,,,,,,,,,,,,,,,,,,,,,,,,,,,,,,,,,,,,164.5,164.5,164.5,165.8,165.8,165.8,165.8,165.8,165.8,165.8,165.8,165.8,165.8,165.8,165.8,165.8,165.8,165.8,165.8,165.8,165.8,165.8,165.8,165.8,165.8,165.8,165.8,165.8,165.8,165.8,165.8,165.8,165.8,165.8,165.8,165.8,165.8,165.8,165.8,165.8,165.8,165.8,165.8,165.8,165.8,165.8,165.8,165.8,165.8,165.8,165.8,165.8,165.8,165.8,165.8,165.8,165.8,165.8,165.8,165.8,165.8,165.8,165.8,165.8,165.8,165.8,165.8,165.8,165.8,165.8,165.8,165.8,165.8,165.8,165.8,165.8,165.8,165.8,165.8,165.8,165.8,165.8,165.8,165.8,165.8,165.8,165.8,165.8,165.8,165.8,165.8,165.8,165.8,165.8,165.8,165.8,165.8,165.8,165.8,165.8,165.8,165.8,165.8,165.8,165.8,165.8,165.8,165.8,165.8,165.8,165.8,165.8,165.8,165.8,165.8,165.8,165.8,165.8,165.8,165.8,165.8,165.8,165.8,165.8,165.8,165.8,165.8,165.8,165.8,165.8,165.8,165.8,165.8,165.8,165.8,165.8,165.8,165.8,165.8,165.8,165.8,165.8,165.8,165.8,165.8,165.8,165.8,165.8,165.8,165.8,165.8
2014-02-01,,,,,,,,,,,,,,,,,,,,,,,,,,,,,,,,,,,,,,,,,,,,,,,,,164.4,164.4,165.8,165.8,165.8,165.8,165.8,165.8,165.8,165.8,165.8,165.8,165.8,165.8,165.8,165.8,165.8,165.8,165.8,165.8,165.8,165.8,165.8,165.8,165.8,165.8,165.8,165.8,165.8,165.8,165.8,165.8,165.8,165.8,165.8,165.8,165.8,165.8,165.8,165.8,165.8,165.8,165.8,165.8,165.8,165.8,165.8,165.8,165.8,165.8,165.8,165.8,165.8,165.8,165.8,165.8,165.8,165.8,165.8,165.8,165.8,165.8,165.8,165.8,165.8,165.8,165.8,165.8,165.8,165.8,165.8,165.8,165.8,165.8,165.8,165.8,165.8,165.8,165.8,165.8,165.8,165.8,165.8,165.8,165.8,165.8,165.8,165.8,165.8,165.8,165.8,165.8,165.8,165.8,165.8,165.8,165.8,165.8,165.8,165.8,165.8,165.8,165.8,165.8,165.8,165.8,165.8,165.8,165.8,165.8,165.8,165.8,165.8,165.8,165.8,165.8,165.8,165.8,165.8,165.8,165.8,165.8,165.8,165.8,165.8,165.8,165.8,165.8,165.8,165.8,165.8,165.8,165.8,165.8,165.8,165.8,165.8,165.8,165.8,165.8,165.8,165.8,165.8,165.8,165.8,165.8,165.8,165.8,165.8,165.8
2014-03-01,,,,,,,,,,,,,,,,,,,,,,,,,,,,,,,,,,,,,,,,,,,,,,,,,,164.4,165.8,165.8,165.8,165.8,165.8,165.8,165.8,165.8,165.8,165.8,165.8,165.8,165.8,165.8,165.8,165.8,165.8,165.8,165.8,165.8,165.8,165.8,165.8,165.8,165.8,165.8,165.8,165.8,165.8,165.8,165.8,165.8,165.8,165.8,165.8,165.8,165.8,165.8,165.8,165.8,165.8,165.8,165.8,165.8,165.8,165.8,165.8,165.8,165.8,165.8,165.8,165.8,165.8,165.8,165.8,165.8,165.8,165.8,165.8,165.8,165.8,165.8,165.8,165.8,165.8,165.8,165.8,165.8,165.8,165.8,165.8,165.8,165.8,165.8,165.8,165.8,165.8,165.8,165.8,165.8,165.8,165.8,165.8,165.8,165.8,165.8,165.8,165.8,165.8,165.8,165.8,165.8,165.8,165.8,165.8,165.8,165.8,165.8,165.8,165.8,165.8,165.8,165.8,165.8,165.8,165.8,165.8,165.8,165.8,165.8,165.8,165.8,165.8,165.8,165.8,165.8,165.8,165.8,165.8,165.8,165.8,165.8,165.8,165.8,165.8,165.8,165.8,165.8,165.8,165.8,165.8,165.8,165.8,165.8,165.8,165.8,165.8,165.8,165.8,165.8,165.8,165.8,165.8,165.8,165.8,165.8,165.8,165.8
2014-04-01,,,,,,,,,,,,,,,,,,,,,,,,,,,,,,,,,,,,,,,,,,,,,,,,,,,165.7,165.7,165.7,165.7,165.7,165.7,165.7,165.7,165.7,165.7,165.7,165.7,165.7,165.7,165.7,165.7,165.7,165.7,165.7,165.7,165.7,165.7,165.7,165.7,165.7,165.7,165.7,165.7,165.7,165.7,165.7,165.7,165.7,165.7,165.7,165.7,165.7,165.7,165.7,165.7,165.7,165.7,165.7,165.7,165.7,165.7,165.7,165.7,165.7,165.7,165.7,165.7,165.7,165.7,165.7,165.7,165.7,165.7,165.7,165.7,165.7,165.7,165.7,165.7,165.7,165.7,165.7,165.7,165.7,165.7,165.7,165.7,165.7,165.7,165.7,165.7,165.7,165.7,165.7,165.7,165.7,165.7,165.7,165.7,165.7,165.7,165.7,165.7,165.7,165.7,165.7,165.7,165.7,165.7,165.7,165.7,165.7,165.7,165.7,165.7,165.7,165.7,165.7,165.7,165.7,165.7,165.7,165.7,165.7,165.7,165.7,165.7,165.7,165.7,165.7,165.7,165.7,165.7,165.7,165.7,165.7,165.7,165.7,165.7,165.7,165.7,165.7,165.7,165.7,165.7,165.7,165.7,165.7,165.7,165.7,165.7,165.7,165.7,165.7,165.7,165.7,165.7,165.7,165.7,165.7,165.7,165.7,165.7
2014-05-01,,,,,,,,,,,,,,,,,,,,,,,,,,,,,,,,,,,,,,,,,,,,,,,,,,,,171.6,171.6,171.6,171.6,171.6,171.6,171.6,171.6,171.6,171.6,171.6,171.6,171.6,171.6,171.6,171.6,171.6,171.6,171.6,171.6,171.6,171.6,171.6,171.6,171.6,171.6,171.6,171.6,171.6,171.6,171.6,171.6,171.6,171.6,171.6,171.6,171.6,171.6,171.6,171.6,171.6,171.6,171.6,171.6,171.6,171.6,171.6,171.6,171.6,171.6,171.6,171.6,171.6,171.6,171.6,171.6,171.6,171.6,171.6,171.6,171.6,171.6,171.6,171.6,171.6,171.6,171.6,171.6,171.6,171.6,171.6,171.6,171.6,171.6,171.6,171.6,171.6,171.6,171.6,171.6,171.6,171.6,171.6,171.6,171.6,171.6,171.6,171.6,171.6,171.6,171.6,171.6,171.6,171.6,171.6,171.6,171.6,171.6,171.6,171.6,171.6,171.6,171.6,171.6,171.6,171.6,171.6,171.6,171.6,171.6,171.6,171.6,171.6,171.6,171.6,171.6,171.6,171.6,171.6,171.6,171.6,171.6,171.6,171.6,171.6,171.6,171.6,171.6,171.6,171.6,171.6,171.6,171.6,171.6,171.6,171.6,171.6,171.6,171.6,171.6,171.6,171.6,171.6,171.6,171.6,171.6,171.6
2014-06-01,,,,,,,,,,,,,,,,,,,,,,,,,,,,,,,,,,,,,,,,,,,,,,,,,,,,,172.0,172.0,172.0,171.9,171.9,171.9,171.9,171.9,171.9,171.9,171.9,171.9,171.9,171.9,171.9,171.9,171.9,171.9,171.9,171.9,171.9,171.9,171.9,171.9,171.9,171.9,171.9,171.9,171.9,171.9,171.9,171.9,171.9,171.9,171.9,171.9,171.9,171.9,171.9,171.9,171.9,171.9,171.9,171.9,171.9,171.9,171.9,171.9,171.9,171.9,171.9,171.9,171.9,171.9,171.9,171.9,171.9,171.9,171.9,171.9,171.9,171.9,171.9,171.9,171.9,171.9,171.9,171.9,171.9,171.9,171.9,171.9,171.9,171.9,171.9,171.9,171.9,171.9,171.9,171.9,171.9,171.9,171.9,171.9,171.9,171.9,171.9,171.9,171.9,171.9,171.9,171.9,171.9,171.9,171.9,171.9,171.9,171.9,171.9,171.9,171.9,171.9,171.9,171.9,171.9,171.9,171.9,171.9,171.9,171.9,171.9,171.9,171.9,171.9,171.9,171.9,171.9,171.9,171.9,171.9,171.9,171.9,171.9,171.9,171.9,171.9,171.9,171.9,171.9,171.9,171.9,171.9,171.9,171.9,171.9,171.9,171.9,171.9,171.9,171.9,171.9,171.9,171.9,171.9,171.9,171.9
2014-07-01,,,,,,,,,,,,,,,,,,,,,,,,,,,,,,,,,,,,,,,,,,,,,,,,,,,,,,172.0,172.0,171.9,171.9,171.9,171.9,171.9,171.9,171.9,171.9,171.9,171.9,171.9,171.9,171.9,171.9,171.9,171.9,171.9,171.9,171.9,171.9,171.9,171.9,171.9,171.9,171.9,171.9,171.9,171.9,171.9,171.9,171.9,171.9,171.9,171.9,171.9,171.9,171.9,171.9,171.9,171.9,171.9,171.9,171.9,171.9,171.9,171.9,171.9,171.9,171.9,171.9,171.9,171.9,171.9,171.9,171.9,171.9,171.9,171.9,171.9,171.9,171.9,171.9,171.9,171.9,171.9,171.9,171.9,171.9,171.9,171.9,171.9,171.9,171.9,171.9,171.9,171.9,171.9,171.9,171.9,171.9,171.9,171.9,171.9,171.9,171.9,171.9,171.9,171.9,171.9,171.9,171.9,171.9,171.9,171.9,171.9,171.9,171.9,171.9,171.9,171.9,171.9,171.9,171.9,171.9,171.9,171.9,171.9,171.9,171.9,171.9,171.9,171.9,171.9,171.9,171.9,171.9,171.9,171.9,171.9,171.9,171.9,171.9,171.9,171.9,171.9,171.9,171.9,171.9,171.9,171.9,171.9,171.9,171.9,171.9,171.9,171.9,171.9,171.9,171.9,171.9,171.9,171.9,171.9
2014-08-01,,,,,,,,,,,,,,,,,,,,,,,,,,,,,,,,,,,,,,,,,,,,,,,,,,,,,,,172.0,171.9,171.9,171.9,171.9,171.9,171.9,171.9,171.9,171.9,171.9,171.9,171.9,171.9,171.9,171.9,171.9,171.9,171.9,171.9,171.9,171.9,171.9,171.9,171.9,171.9,171.9,171.9,171.9,171.9,171.9,171.9,171.9,171.9,171.9,171.9,171.9,171.9,171.9,171.9,171.9,171.9,171.9,171.9,171.9,171.9,171.9,171.9,171.9,171.9,171.9,171.9,171.9,171.9,171.9,171.9,171.9,171.9,171.9,171.9,171.9,171.9,171.9,171.9,171.9,171.9,171.9,171.9,171.9,171.9,171.9,171.9,171.9,171.9,171.9,171.9,171.9,171.9,171.9,171.9,171.9,171.9,171.9,171.9,171.9,171.9,171.9,171.9,171.9,171.9,171.9,171.9,171.9,171.9,171.9,171.9,171.9,171.9,171.9,171.9,171.9,171.9,171.9,171.9,171.9,171.9,171.9,171.9,171.9,171.9,171.9,171.9,171.9,171.9,171.9,171.9,171.9,171.9,171.9,171.9,171.9,171.9,171.9,171.9,171.9,171.9,171.9,171.9,171.9,171.9,171.9,171.9,171.9,171.9,171.9,171.9,171.9,171.9,171.9,171.9,171.9,171.9,171.9,171.9
2014-09-01,,,,,,,,,,,,,,,,,,,,,,,,,,,,,,,,,,,,,,,,,,,,,,,,,,,,,,,,171.9,171.9,171.9,171.9,171.9,171.9,171.9,171.9,171.9,171.9,171.9,171.9,171.9,171.9,171.9,171.9,171.9,171.9,171.9,171.9,171.9,171.9,171.9,171.9,171.9,171.9,171.9,171.9,171.9,171.9,171.9,171.9,171.9,171.9,171.9,171.9,171.9,171.9,171.9,171.9,171.9,171.9,171.9,171.9,171.9,171.9,171.9,171.9,171.9,171.9,171.9,171.9,171.9,171.9,171.9,171.9,171.9,171.9,171.9,171.9,171.9,171.9,171.9,171.9,171.9,171.9,171.9,171.9,171.9,171.9,171.9,171.9,171.9,171.9,171.9,171.9,171.9,171.9,171.9,171.9,171.9,171.9,171.9,171.9,171.9,171.9,171.9,171.9,171.9,171.9,171.9,171.9,171.9,171.9,171.9,171.9,171.9,171.9,171.9,171.9,171.9,171.9,171.9,171.9,171.9,171.9,171.9,171.9,171.9,171.9,171.9,171.9,171.9,171.9,171.9,171.9,171.9,171.9,171.9,171.9,171.9,171.9,171.9,171.9,171.9,171.9,171.9,171.9,171.9,171.9,171.9,171.9,171.9,171.9,171.9,171.9,171.9,171.9,171.9,171.9,171.9,171.9,171.9
2014-10-01,,,,,,,,,,,,,,,,,,,,,,,,,,,,,,,,,,,,,,,,,,,,,,,,,,,,,,,,,171.9,171.9,172.1,172.1,172.1,172.1,172.1,172.1,172.1,172.1,172.1,172.1,172.1,172.1,172.1,172.1,172.1,172.1,172.1,172.1,172.1,172.1,172.1,172.1,172.1,172.1,172.1,172.1,172.1,172.1,172.1,172.1,172.1,172.1,172.1,172.1,172.1,172.1,172.1,172.1,172.1,172.1,172.1,172.1,172.1,172.1,172.1,172.1,172.1,172.1,172.1,172.1,172.1,172.1,172.1,172.1,172.1,172.1,172.1,172.1,172.1,172.1,172.1,172.1,172.1,172.1,172.1,172.1,172.1,172.1,172.1,172.1,172.1,172.1,172.1,172.1,172.1,172.1,172.1,172.1,172.1,172.1,172.1,172.1,172.1,172.1,172.1,172.1,172.1,172.1,172.1,172.1,172.1,172.1,172.1,172.1,172.1,172.1,172.1,172.1,172.1,172.1,172.1,172.1,172.1,172.1,172.1,172.1,172.1,172.1,172.1,172.1,172.1,172.1,172.1,172.1,172.1,172.1,172.1,172.1,172.1,172.1,172.1,172.1,172.1,172.1,172.1,172.1,172.1,172.1,172.1,172.1,172.1,172.1,172.1,172.1,172.1,172.1,172.1,172.1,172.1,172.1
2014-11-01,,,,,,,,,,,,,,,,,,,,,,,,,,,,,,,,,,,,,,,,,,,,,,,,,,,,,,,,,,171.9,172.1,172.1,172.1,172.1,172.1,172.1,172.1,172.1,172.1,172.1,172.1,172.1,172.1,172.1,172.1,172.1,172.1,172.1,172.1,172.1,172.1,172.1,172.1,172.1,172.1,172.1,172.1,172.1,172.1,172.1,172.1,172.1,172.1,172.1,172.1,172.1,172.1,172.1,172.1,172.1,172.1,172.1,172.1,172.1,172.1,172.1,172.1,172.1,172.1,172.1,172.1,172.1,172.1,172.1,172.1,172.1,172.1,172.1,172.1,172.1,172.1,172.1,172.1,172.1,172.1,172.1,172.1,172.1,172.1,172.1,172.1,172.1,172.1,172.1,172.1,172.1,172.1,172.1,172.1,172.1,172.1,172.1,172.1,172.1,172.1,172.1,172.1,172.1,172.1,172.1,172.1,172.1,172.1,172.1,172.1,172.1,172.1,172.1,172.1,172.1,172.1,172.1,172.1,172.1,172.1,172.1,172.1,172.1,172.1,172.1,172.1,172.1,172.1,172.1,172.1,172.1,172.1,172.1,172.1,172.1,172.1,172.1,172.1,172.1,172.1,172.1,172.1,172.1,172.1,172.1,172.1,172.1,172.1,172.1,172.1,172.1,172.1,172.1,172.1,172.1
2014-12-01,,,,,,,,,,,,,,,,,,,,,,,,,,,,,,,,,,,,,,,,,,,,,,,,,,,,,,,,,,,172.1,172.1,172.1,172.1,172.1,172.1,172.1,172.1,172.1,172.1,172.1,172.1,172.1,172.1,172.1,172.1,172.1,172.1,172.1,172.1,172.1,172.1,172.1,172.1,172.1,172.1,172.1,172.1,172.1,172.1,172.1,172.1,172.1,172.1,172.1,172.1,172.1,172.1,172.1,172.1,172.1,172.1,172.1,172.1,172.1,172.1,172.1,172.1,172.1,172.1,172.1,172.1,172.1,172.1,172.1,172.1,172.1,172.1,172.1,172.1,172.1,172.1,172.1,172.1,172.1,172.1,172.1,172.1,172.1,172.1,172.1,172.1,172.1,172.1,172.1,172.1,172.1,172.1,172.1,172.1,172.1,172.1,172.1,172.1,172.1,172.1,172.1,172.1,172.1,172.1,172.1,172.1,172.1,172.1,172.1,172.1,172.1,172.1,172.1,172.1,172.1,172.1,172.1,172.1,172.1,172.1,172.1,172.1,172.1,172.1,172.1,172.1,172.1,172.1,172.1,172.1,172.1,172.1,172.1,172.1,172.1,172.1,172.1,172.1,172.1,172.1,172.1,172.1,172.1,172.1,172.1,172.1,172.1,172.1,172.1,172.1,172.1,172.1,172.1,172.1
2015-01-01,,,,,,,,,,,,,,,,,,,,,,,,,,,,,,,,,,,,,,,,,,,,,,,,,,,,,,,,,,,,170.6,170.6,170.6,170.6,170.6,170.6,170.6,170.6,170.6,170.6,170.6,170.6,170.6,170.6,170.6,170.6,170.6,170.6,170.6,170.6,170.6,170.6,170.6,170.6,170.6,170.6,170.6,170.6,170.6,170.6,170.6,170.6,170.6,170.6,170.6,170.6,170.6,170.6,170.6,170.6,170.6,170.6,170.6,170.6,170.6,170.6,170.6,170.6,170.6,170.6,170.6,170.6,170.6,170.6,170.6,170.6,170.6,170.6,170.6,170.6,170.6,170.6,170.6,170.6,170.6,170.6,170.6,170.6,170.6,170.6,170.6,170.6,170.6,170.6,170.6,170.6,170.6,170.6,170.6,170.6,170.6,170.6,170.6,170.6,170.6,170.6,170.6,170.6,170.6,170.6,170.6,170.6,170.6,170.6,170.6,170.6,170.6,170.6,170.6,170.6,170.6,170.6,170.6,170.6,170.6,170.6,170.6,170.6,170.6,170.6,170.6,170.6,170.6,170.6,170.6,170.6,170.6,170.6,170.6,170.6,170.6,170.6,170.6,170.6,170.6,170.6,170.6,170.6,170.6,170.6,170.6,170.6,170.6,170.6,170.6,170.6,170.6,170.6,170.6
2015-02-01,,,,,,,,,,,,,,,,,,,,,,,,,,,,,,,,,,,,,,,,,,,,,,,,,,,,,,,,,,,,,170.5,170.5,170.5,170.5,170.5,170.5,170.5,170.5,170.5,170.5,170.5,170.5,170.5,170.5,170.5,170.5,170.5,170.5,170.5,170.5,170.5,170.5,170.5,170.5,170.5,170.5,170.5,170.5,170.5,170.5,170.5,170.5,170.5,170.5,170.5,170.5,170.5,170.5,170.5,170.5,170.5,170.5,170.5,170.5,170.5,170.5,170.5,170.5,170.5,170.5,170.5,170.5,170.5,170.5,170.5,170.5,170.5,170.5,170.5,170.5,170.5,170.5,170.5,170.5,170.5,170.5,170.5,170.5,170.5,170.5,170.5,170.5,170.5,170.5,170.5,170.5,170.5,170.5,170.5,170.5,170.5,170.5,170.5,170.5,170.5,170.5,170.5,170.5,170.5,170.5,170.5,170.5,170.5,170.5,170.5,170.5,170.5,170.5,170.5,170.5,170.5,170.5,170.5,170.5,170.5,170.5,170.5,170.5,170.5,170.5,170.5,170.5,170.5,170.5,170.5,170.5,170.5,170.5,170.5,170.5,170.5,170.5,170.5,170.5,170.5,170.5,170.5,170.5,170.5,170.5,170.5,170.5,170.5,170.5,170.5,170.5,170.5,170.5
2015-03-01,,,,,,,,,,,,,,,,,,,,,,,,,,,,,,,,,,,,,,,,,,,,,,,,,,,,,,,,,,,,,,168.7,169.6,169.6,169.6,169.6,169.6,169.6,169.6,169.6,169.6,169.6,169.6,169.6,169.6,169.6,169.6,169.6,169.6,169.6,169.6,169.6,169.6,169.6,169.6,169.6,169.6,169.6,169.6,169.6,169.6,169.6,169.6,169.6,169.6,169.6,169.6,169.6,169.6,169.6,169.6,169.6,169.6,169.6,169.6,169.6,169.6,169.6,169.6,169.6,169.6,169.6,169.6,169.6,169.6,169.6,169.6,169.6,169.6,169.6,169.6,169.6,169.6,169.6,169.6,169.6,169.6,169.6,169.6,169.6,169.6,169.6,169.6,169.6,169.6,169.6,169.6,169.6,169.6,169.6,169.6,169.6,169.6,169.6,169.6,169.6,169.6,169.6,169.6,169.6,169.6,169.6,169.6,169.6,169.6,169.6,169.6,169.6,169.6,169.6,169.6,169.6,169.6,169.6,169.6,169.6,169.6,169.6,169.6,169.6,169.6,169.6,169.6,169.6,169.6,169.6,169.6,169.6,169.6,169.6,169.6,169.6,169.6,169.6,169.6,169.6,169.6,169.6,169.6,169.6,169.6,169.6,169.6,169.6,169.6,169.6,169.6,169.6
2015-04-01,,,,,,,,,,,,,,,,,,,,,,,,,,,,,,,,,,,,,,,,,,,,,,,,,,,,,,,,,,,,,,,154.2,154.2,158.2,158.2,158.2,158.2,158.2,158.2,158.2,158.2,158.2,158.2,158.2,158.2,158.2,158.2,158.2,158.2,158.2,158.2,158.2,158.2,158.2,158.2,158.2,158.2,158.2,158.2,158.2,158.2,158.2,158.2,158.2,158.2,158.2,158.2,158.2,158.2,158.2,158.2,158.2,158.2,158.2,158.2,158.2,158.2,158.2,158.2,158.2,158.2,158.2,158.2,158.2,158.2,158.2,158.2,158.2,158.2,158.2,158.2,158.2,158.2,158.2,158.2,158.2,158.2,158.2,158.2,158.2,158.2,158.2,158.2,158.2,158.2,158.2,158.2,158.2,158.2,158.2,158.2,158.2,158.2,158.2,158.2,158.2,158.2,158.2,158.2,158.2,158.2,158.2,158.2,158.2,158.2,158.2,158.2,158.2,158.2,158.2,158.2,158.2,158.2,158.2,158.2,158.2,158.2,158.2,158.2,158.2,158.2,158.2,158.2,158.2,158.2,158.2,158.2,158.2,158.2,158.2,158.2,158.2,158.2,158.2,158.2,158.2,158.2,158.2,158.2,158.2,158.2,158.2,158.2,158.2,158.2,158.2,158.2
2015-05-01,,,,,,,,,,,,,,,,,,,,,,,,,,,,,,,,,,,,,,,,,,,,,,,,,,,,,,,,,,,,,,,,153.9,158.1,158.1,158.1,158.1,158.1,158.1,158.1,158.1,158.1,158.1,158.1,158.1,158.1,158.1,158.1,158.1,158.1,158.1,158.1,158.1,158.1,158.1,158.1,158.1,158.1,158.1,158.1,158.1,158.1,158.1,158.1,158.1,158.1,158.1,158.1,158.1,158.1,158.1,158.1,158.1,158.1,158.1,158.1,158.1,158.1,158.1,158.1,158.1,158.1,158.1,158.1,158.1,158.1,158.1,158.1,158.1,158.1,158.1,158.1,158.1,158.1,158.1,158.1,158.1,158.1,158.1,158.1,158.1,158.1,158.1,158.1,158.1,158.1,158.1,158.1,158.1,158.1,158.1,158.1,158.1,158.1,158.1,158.1,158.1,158.1,158.1,158.1,158.1,158.1,158.1,158.1,158.1,158.1,158.1,158.1,158.1,158.1,158.1,158.1,158.1,158.1,158.1,158.1,158.1,158.1,158.1,158.1,158.1,158.1,158.1,158.1,158.1,158.1,158.1,158.1,158.1,158.1,158.1,158.1,158.1,158.1,158.1,158.1,158.1,158.1,158.1,158.1,158.1,158.1,158.1,158.1,158.1,158.1,158.1
2015-06-01,,,,,,,,,,,,,,,,,,,,,,,,,,,,,,,,,,,,,,,,,,,,,,,,,,,,,,,,,,,,,,,,,158.1,158.1,158.1,158.1,158.1,158.1,158.1,158.1,158.1,158.1,158.1,158.1,158.1,158.1,158.1,158.1,158.1,158.1,158.1,158.1,158.1,158.1,158.1,158.1,158.1,158.1,158.1,158.1,158.1,158.1,158.1,158.1,158.1,158.1,158.1,158.1,158.1,158.1,158.1,158.1,158.1,158.1,158.1,158.1,158.1,158.1,158.1,158.1,158.1,158.1,158.1,158.1,158.1,158.1,158.1,158.1,158.1,158.1,158.1,158.1,158.1,158.1,158.1,158.1,158.1,158.1,158.1,158.1,158.1,158.1,158.1,158.1,158.1,158.1,158.1,158.1,158.1,158.1,158.1,158.1,158.1,158.1,158.1,158.1,158.1,158.1,158.1,158.1,158.1,158.1,158.1,158.1,158.1,158.1,158.1,158.1,158.1,158.1,158.1,158.1,158.1,158.1,158.1,158.1,158.1,158.1,158.1,158.1,158.1,158.1,158.1,158.1,158.1,158.1,158.1,158.1,158.1,158.1,158.1,158.1,158.1,158.1,158.1,158.1,158.1,158.1,158.1,158.1,158.1,158.1,158.1,158.1,158.1,158.1
2015-07-01,,,,,,,,,,,,,,,,,,,,,,,,,,,,,,,,,,,,,,,,,,,,,,,,,,,,,,,,,,,,,,,,,,158.3,158.3,158.6,158.4,158.4,158.4,158.4,158.4,158.4,158.4,158.4,158.4,158.4,158.4,158.4,158.4,158.4,158.4,158.4,158.4,158.4,158.4,158.4,158.4,158.4,158.4,158.4,158.4,158.4,158.4,158.4,158.4,158.4,158.4,158.4,158.4,158.4,158.4,158.4,158.4,158.4,158.4,158.4,158.4,158.4,158.4,158.4,158.4,158.4,158.4,158.4,158.4,158.4,158.4,158.4,158.4,158.4,158.4,158.4,158.4,158.4,158.4,158.4,158.4,158.4,158.4,158.4,158.4,158.4,158.4,158.4,158.4,158.4,158.4,158.4,158.4,158.4,158.4,158.4,158.4,158.4,158.4,158.4,158.4,158.4,158.4,158.4,158.4,158.4,158.4,158.4,158.4,158.4,158.4,158.4,158.4,158.4,158.4,158.4,158.4,158.4,158.4,158.4,158.4,158.4,158.4,158.4,158.4,158.4,158.4,158.4,158.4,158.4,158.4,158.4,158.4,158.4,158.4,158.4,158.4,158.4,158.4,158.4,158.4,158.4,158.4,158.4,158.4,158.4,158.4,158.4,158.4,158.4
2015-08-01,,,,,,,,,,,,,,,,,,,,,,,,,,,,,,,,,,,,,,,,,,,,,,,,,,,,,,,,,,,,,,,,,,,157.1,158.1,158.1,159.7,159.7,159.7,159.7,159.7,159.7,159.7,159.7,159.7,159.7,159.7,159.7,159.7,159.7,159.7,159.7,159.7,159.7,159.7,159.7,159.7,159.7,159.7,159.7,159.7,159.7,159.7,159.7,159.7,159.7,159.7,159.7,159.7,159.7,159.7,159.7,159.7,159.7,159.7,159.7,159.7,159.7,159.7,159.7,159.7,159.7,159.7,159.7,159.7,159.7,159.7,159.7,159.7,159.7,159.7,159.7,159.7,159.7,159.7,159.7,159.7,159.7,159.7,159.7,159.7,159.7,159.7,159.7,159.7,159.7,159.7,159.7,159.7,159.7,159.7,159.7,159.7,159.7,159.7,159.7,159.7,159.7,159.7,159.7,159.7,159.7,159.7,159.7,159.7,159.7,159.7,159.7,159.7,159.7,159.7,159.7,159.7,159.7,159.7,159.7,159.7,159.7,159.7,159.7,159.7,159.7,159.7,159.7,159.7,159.7,159.7,159.7,159.7,159.7,159.7,159.7,159.7,159.7,159.7,159.7,159.7,159.7,159.7,159.7,159.7,159.7,159.7,159.7,159.7
2015-09-01,,,,,,,,,,,,,,,,,,,,,,,,,,,,,,,,,,,,,,,,,,,,,,,,,,,,,,,,,,,,,,,,,,,,158.1,158.1,159.2,159.2,159.2,159.2,159.2,159.2,159.2,159.2,159.2,159.2,159.2,159.2,159.2,159.2,159.2,159.2,159.2,159.2,159.2,159.2,159.2,159.2,159.2,159.2,159.2,159.2,159.2,159.2,159.2,159.2,159.2,159.2,159.2,159.2,159.2,159.2,159.2,159.2,159.2,159.2,159.2,159.2,159.2,159.2,159.2,159.2,159.2,159.2,159.2,159.2,159.2,159.2,159.2,159.2,159.2,159.2,159.2,159.2,159.2,159.2,159.2,159.2,159.2,159.2,159.2,159.2,159.2,159.2,159.2,159.2,159.2,159.2,159.2,159.2,159.2,159.2,159.2,159.2,159.2,159.2,159.2,159.2,159.2,159.2,159.2,159.2,159.2,159.2,159.2,159.2,159.2,159.2,159.2,159.2,159.2,159.2,159.2,159.2,159.2,159.2,159.2,159.2,159.2,159.2,159.2,159.2,159.2,159.2,159.2,159.2,159.2,159.2,159.2,159.2,159.2,159.2,159.2,159.2,159.2,159.2,159.2,159.2,159.2,159.2,159.2,159.2,159.2,159.2,159.2
2015-10-01,,,,,,,,,,,,,,,,,,,,,,,,,,,,,,,,,,,,,,,,,,,,,,,,,,,,,,,,,,,,,,,,,,,,,157.6,158.4,158.4,158.4,158.4,158.4,158.4,158.4,158.4,158.4,158.4,158.4,158.4,158.4,158.4,158.4,158.4,158.4,158.4,158.4,158.4,158.4,158.4,158.4,158.4,158.4,158.4,158.4,158.4,158.4,158.4,158.4,158.4,158.4,158.4,158.4,158.4,158.4,158.4,158.4,158.4,158.4,158.4,158.4,158.4,158.4,158.4,158.4,158.4,158.4,158.4,158.4,158.4,158.4,158.4,158.4,158.4,158.4,158.4,158.4,158.4,158.4,158.4,158.4,158.4,158.4,158.4,158.4,158.4,158.4,158.4,158.4,158.4,158.4,158.4,158.4,158.4,158.4,158.4,158.4,158.4,158.4,158.4,158.4,158.4,158.4,158.4,158.4,158.4,158.4,158.4,158.4,158.4,158.4,158.4,158.4,158.4,158.4,158.4,158.4,158.4,158.4,158.4,158.4,158.4,158.4,158.4,158.4,158.4,158.4,158.4,158.4,158.4,158.4,158.4,158.4,158.4,158.4,158.4,158.4,158.4,158.4,158.4,158.4,158.4,158.4,158.4,158.4,158.4,158.4
2015-11-01,,,,,,,,,,,,,,,,,,,,,,,,,,,,,,,,,,,,,,,,,,,,,,,,,,,,,,,,,,,,,,,,,,,,,,157.7,157.0,157.0,157.0,157.0,157.0,157.0,157.0,157.0,157.0,157.0,157.0,157.0,157.0,157.0,157.0,157.0,157.0,157.0,157.0,157.0,157.0,157.0,157.0,157.0,157.0,157.0,157.0,157.0,157.0,157.0,157.0,157.0,157.0,157.0,157.0,157.0,157.0,157.0,157.0,157.0,157.0,157.0,157.0,157.0,157.0,157.0,157.0,157.0,157.0,157.0,157.0,157.0,157.0,157.0,157.0,157.0,157.0,157.0,157.0,157.0,157.0,157.0,157.0,157.0,157.0,157.0,157.0,157.0,157.0,157.0,157.0,157.0,157.0,157.0,157.0,157.0,157.0,157.0,157.0,157.0,157.0,157.0,157.0,157.0,157.0,157.0,157.0,157.0,157.0,157.0,157.0,157.0,157.0,157.0,157.0,157.0,157.0,157.0,157.0,157.0,157.0,157.0,157.0,157.0,157.0,157.0,157.0,157.0,157.0,157.0,157.0,157.0,157.0,157.0,157.0,157.0,157.0,157.0,157.0,157.0,157.0,157.0,157.0,157.0,157.0,157.0,157.0,157.0
2015-12-01,,,,,,,,,,,,,,,,,,,,,,,,,,,,,,,,,,,,,,,,,,,,,,,,,,,,,,,,,,,,,,,,,,,,,,,157.8,157.8,157.8,157.8,157.8,157.8,157.8,157.8,157.8,157.8,157.8,157.8,157.8,157.8,157.8,157.8,157.8,157.8,157.8,157.8,157.8,157.8,157.8,157.8,157.8,157.8,157.8,157.8,157.8,157.8,157.8,157.8,157.8,157.8,157.8,157.8,157.8,157.8,157.8,157.8,157.8,157.8,157.8,157.8,157.8,157.8,157.8,157.8,157.8,157.8,157.8,157.8,157.8,157.8,157.8,157.8,157.8,157.8,157.8,157.8,157.8,157.8,157.8,157.8,157.8,157.8,157.8,157.8,157.8,157.8,157.8,157.8,157.8,157.8,157.8,157.8,157.8,157.8,157.8,157.8,157.8,157.8,157.8,157.8,157.8,157.8,157.8,157.8,157.8,157.8,157.8,157.8,157.8,157.8,157.8,157.8,157.8,157.8,157.8,157.8,157.8,157.8,157.8,157.8,157.8,157.8,157.8,157.8,157.8,157.8,157.8,157.8,157.8,157.8,157.8,157.8,157.8,157.8,157.8,157.8,157.8,157.8,157.8,157.8,157.8,157.8,157.8,157.8
2016-01-01,,,,,,,,,,,,,,,,,,,,,,,,,,,,,,,,,,,,,,,,,,,,,,,,,,,,,,,,,,,,,,,,,,,,,,,,158.0,158.0,158.0,158.0,158.0,158.0,158.0,158.0,158.0,158.0,158.0,158.0,158.0,158.0,158.0,158.0,158.0,158.0,158.0,158.0,158.0,158.0,158.0,158.0,158.0,158.0,158.0,158.0,158.0,158.0,158.0,158.0,158.0,158.0,158.0,158.0,158.0,158.0,158.0,158.0,158.0,158.0,158.0,158.0,158.0,158.0,158.0,158.0,158.0,158.0,158.0,158.0,158.0,158.0,158.0,158.0,158.0,158.0,158.0,158.0,158.0,158.0,158.0,158.0,158.0,158.0,158.0,158.0,158.0,158.0,158.0,158.0,158.0,158.0,158.0,158.0,158.0,158.0,158.0,158.0,158.0,158.0,158.0,158.0,158.0,158.0,158.0,158.0,158.0,158.0,158.0,158.0,158.0,158.0,158.0,158.0,158.0,158.0,158.0,158.0,158.0,158.0,158.0,158.0,158.0,158.0,158.0,158.0,158.0,158.0,158.0,158.0,158.0,158.0,158.0,158.0,158.0,158.0,158.0,158.0,158.0,158.0,158.0,158.0,158.0,158.0,158.0
2016-02-01,,,,,,,,,,,,,,,,,,,,,,,,,,,,,,,,,,,,,,,,,,,,,,,,,,,,,,,,,,,,,,,,,,,,,,,,,158.3,158.3,158.3,158.3,158.3,158.3,158.3,158.3,158.3,158.3,158.3,158.3,158.3,158.3,158.3,158.3,158.3,158.3,158.3,158.3,158.3,158.3,158.3,158.3,158.3,158.3,158.3,158.3,158.3,158.3,158.3,158.3,158.3,158.3,158.3,158.3,158.3,158.3,158.3,158.3,158.3,158.3,158.3,158.3,158.3,158.3,158.3,158.3,158.3,158.3,158.3,158.3,158.3,158.3,158.3,158.3,158.3,158.3,158.3,158.3,158.3,158.3,158.3,158.3,158.3,158.3,158.3,158.3,158.3,158.3,158.3,158.3,158.3,158.3,158.3,158.3,158.3,158.3,158.3,158.3,158.3,158.3,158.3,158.3,158.3,158.3,158.3,158.3,158.3,158.3,158.3,158.3,158.3,158.3,158.3,158.3,158.3,158.3,158.3,158.3,158.3,158.3,158.3,158.3,158.3,158.3,158.3,158.3,158.3,158.3,158.3,158.3,158.3,158.3,158.3,158.3,158.3,158.3,158.3,158.3,158.3,158.3,158.3,158.3,158.3,158.3
2016-03-01,,,,,,,,,,,,,,,,,,,,,,,,,,,,,,,,,,,,,,,,,,,,,,,,,,,,,,,,,,,,,,,,,,,,,,,,,,152.6,151.6,151.6,151.6,151.6,151.6,151.6,151.6,151.6,151.6,151.6,151.6,151.6,151.6,151.6,151.6,151.6,151.6,151.6,151.6,151.6,151.6,151.6,151.6,151.6,151.6,151.6,151.6,151.6,151.6,151.6,151.6,151.6,151.6,151.6,151.6,151.6,151.6,151.6,151.6,151.6,151.6,151.6,151.6,151.6,151.6,151.6,151.6,151.6,151.6,151.6,151.6,151.6,151.6,151.6,151.6,151.6,151.6,151.6,151.6,151.6,151.6,151.6,151.6,151.6,151.6,151.6,151.6,151.6,151.6,151.6,151.6,151.6,151.6,151.6,151.6,151.6,151.6,151.6,151.6,151.6,151.6,151.6,151.6,151.6,151.6,151.6,151.6,151.6,151.6,151.6,151.6,151.6,151.6,151.6,151.6,151.6,151.6,151.6,151.6,151.6,151.6,151.6,151.6,151.6,151.6,151.6,151.6,151.6,151.6,151.6,151.6,151.6,151.6,151.6,151.6,151.6,151.6,151.6,151.6,151.6,151.6,151.6,151.6,151.6
2016-04-01,,,,,,,,,,,,,,,,,,,,,,,,,,,,,,,,,,,,,,,,,,,,,,,,,,,,,,,,,,,,,,,,,,,,,,,,,,,149.4,142.4,142.4,142.4,142.4,142.4,142.4,142.4,142.4,142.4,142.4,142.4,142.4,142.4,142.4,142.4,142.4,142.4,142.4,142.4,142.4,142.4,142.4,142.4,142.4,142.4,142.4,142.4,142.4,142.4,142.4,142.4,142.4,142.4,142.4,142.4,142.4,142.4,142.4,142.4,142.4,142.4,142.4,142.4,142.4,142.4,142.4,142.4,142.4,142.4,142.4,142.4,142.4,142.4,142.4,142.4,142.4,142.4,142.4,142.4,142.4,142.4,142.4,142.4,142.4,142.4,142.4,142.4,142.4,142.4,142.4,142.4,142.4,142.4,142.4,142.4,142.4,142.4,142.4,142.4,142.4,142.4,142.4,142.4,142.4,142.4,142.4,142.4,142.4,142.4,142.4,142.4,142.4,142.4,142.4,142.4,142.4,142.4,142.4,142.4,142.4,142.4,142.4,142.4,142.4,142.4,142.4,142.4,142.4,142.4,142.4,142.4,142.4,142.4,142.4,142.4,142.4,142.4,142.4,142.4,142.4,142.4,142.4,142.4
2016-05-01,,,,,,,,,,,,,,,,,,,,,,,,,,,,,,,,,,,,,,,,,,,,,,,,,,,,,,,,,,,,,,,,,,,,,,,,,,,,142.4,142.4,142.4,142.4,142.4,142.4,142.4,142.4,142.4,142.4,142.4,142.4,142.4,142.4,142.4,142.4,142.4,142.4,142.4,142.4,142.4,142.4,142.4,142.4,142.4,142.4,142.4,142.4,142.4,142.4,142.4,142.4,142.4,142.4,142.4,142.4,142.4,142.4,142.4,142.4,142.4,142.4,142.4,142.4,142.4,142.4,142.4,142.4,142.4,142.4,142.4,142.4,142.4,142.4,142.4,142.4,142.4,142.4,142.4,142.4,142.4,142.4,142.4,142.4,142.4,142.4,142.4,142.4,142.4,142.4,142.4,142.4,142.4,142.4,142.4,142.4,142.4,142.4,142.4,142.4,142.4,142.4,142.4,142.4,142.4,142.4,142.4,142.4,142.4,142.4,142.4,142.4,142.4,142.4,142.4,142.4,142.4,142.4,142.4,142.4,142.4,142.4,142.4,142.4,142.4,142.4,142.4,142.4,142.4,142.4,142.4,142.4,142.4,142.4,142.4,142.4,142.4,142.4,142.4,142.4,142.4,142.4,142.4
2016-06-01,,,,,,,,,,,,,,,,,,,,,,,,,,,,,,,,,,,,,,,,,,,,,,,,,,,,,,,,,,,,,,,,,,,,,,,,,,,,,141.0,141.0,141.0,141.0,141.0,141.0,141.0,141.0,141.0,141.0,141.0,141.0,141.0,141.0,141.0,141.0,141.0,141.0,141.0,141.0,141.0,141.0,141.0,141.0,141.0,141.0,141.0,141.0,141.0,141.0,141.0,141.0,141.0,141.0,141.0,141.0,141.0,141.0,141.0,141.0,141.0,141.0,141.0,141.0,141.0,141.0,141.0,141.0,141.0,141.0,141.0,141.0,141.0,141.0,141.0,141.0,141.0,141.0,141.0,141.0,141.0,141.0,141.0,141.0,141.0,141.0,141.0,141.0,141.0,141.0,141.0,141.0,141.0,141.0,141.0,141.0,141.0,141.0,141.0,141.0,141.0,141.0,141.0,141.0,141.0,141.0,141.0,141.0,141.0,141.0,141.0,141.0,141.0,141.0,141.0,141.0,141.0,141.0,141.0,141.0,141.0,141.0,141.0,141.0,141.0,141.0,141.0,141.0,141.0,141.0,141.0,141.0,141.0,141.0,141.0,141.0,141.0,141.0,141.0,141.0,141.0,141.0
2016-07-01,,,,,,,,,,,,,,,,,,,,,,,,,,,,,,,,,,,,,,,,,,,,,,,,,,,,,,,,,,,,,,,,,,,,,,,,,,,,,,141.6,141.6,141.6,141.6,141.6,141.6,141.6,141.6,141.6,141.6,141.6,141.6,141.6,141.6,141.6,141.6,141.6,141.6,141.6,141.6,141.6,141.6,141.6,141.6,141.6,141.6,141.6,141.6,141.6,141.6,141.6,141.6,141.6,141.6,141.6,141.6,141.6,141.6,141.6,141.6,141.6,141.6,141.6,141.6,141.6,141.6,141.6,141.6,141.6,141.6,141.6,141.6,141.6,141.6,141.6,141.6,141.6,141.6,141.6,141.6,141.6,141.6,141.6,141.6,141.6,141.6,141.6,141.6,141.6,141.6,141.6,141.6,141.6,141.6,141.6,141.6,141.6,141.6,141.6,141.6,141.6,141.6,141.6,141.6,141.6,141.6,141.6,141.6,141.6,141.6,141.6,141.6,141.6,141.6,141.6,141.6,141.6,141.6,141.6,141.6,141.6,141.6,141.6,141.6,141.6,141.6,141.6,141.6,141.6,141.6,141.6,141.6,141.6,141.6,141.6,141.6,141.6,141.6,141.6,141.6,141.6
2016-08-01,,,,,,,,,,,,,,,,,,,,,,,,,,,,,,,,,,,,,,,,,,,,,,,,,,,,,,,,,,,,,,,,,,,,,,,,,,,,,,,142.1,142.1,142.1,142.1,142.1,142.1,142.1,142.1,142.1,142.1,142.1,142.1,142.1,142.1,142.1,142.1,142.1,142.1,142.1,142.1,142.1,142.1,142.1,142.1,142.1,142.1,142.1,142.1,142.1,142.1,142.1,142.1,142.1,142.1,142.1,142.1,142.1,142.1,142.1,142.1,142.1,142.1,142.1,142.1,142.1,142.1,142.1,142.1,142.1,142.1,142.1,142.1,142.1,142.1,142.1,142.1,142.1,142.1,142.1,142.1,142.1,142.1,142.1,142.1,142.1,142.1,142.1,142.1,142.1,142.1,142.1,142.1,142.1,142.1,142.1,142.1,142.1,142.1,142.1,142.1,142.1,142.1,142.1,142.1,142.1,142.1,142.1,142.1,142.1,142.1,142.1,142.1,142.1,142.1,142.1,142.1,142.1,142.1,142.1,142.1,142.1,142.1,142.1,142.1,142.1,142.1,142.1,142.1,142.1,142.1,142.1,142.1,142.1,142.1,142.1,142.1,142.1,142.1,142.1,142.1
2016-09-01,,,,,,,,,,,,,,,,,,,,,,,,,,,,,,,,,,,,,,,,,,,,,,,,,,,,,,,,,,,,,,,,,,,,,,,,,,,,,,,,142.9,142.9,143.5,143.5,143.5,143.5,143.5,143.5,143.5,143.5,143.5,143.5,143.5,143.5,143.5,143.5,143.5,143.5,143.5,143.5,143.5,143.5,143.5,143.5,143.5,143.5,143.5,143.5,143.5,143.5,143.5,143.5,143.5,143.5,143.5,143.5,143.5,143.5,143.5,143.5,143.5,143.5,143.5,143.5,143.5,143.5,143.5,143.5,143.5,143.5,143.5,143.5,143.5,143.5,143.5,143.5,143.5,143.5,143.5,143.5,143.5,143.5,143.5,143.5,143.5,143.5,143.5,143.5,143.5,143.5,143.5,143.5,143.5,143.5,143.5,143.5,143.5,143.5,143.5,143.5,143.5,143.5,143.5,143.5,143.5,143.5,143.5,143.5,143.5,143.5,143.5,143.5,143.5,143.5,143.5,143.5,143.5,143.5,143.5,143.5,143.5,143.5,143.5,143.5,143.5,143.5,143.5,143.5,143.5,143.5,143.5,143.5,143.5,143.5,143.5,143.5,143.5,143.5,143.5
2016-10-01,,,,,,,,,,,,,,,,,,,,,,,,,,,,,,,,,,,,,,,,,,,,,,,,,,,,,,,,,,,,,,,,,,,,,,,,,,,,,,,,,143.0,143.5,143.5,143.5,143.5,143.5,143.5,143.5,143.5,143.5,143.5,143.5,143.5,143.5,143.5,143.5,143.5,143.5,143.5,143.5,143.5,143.5,143.5,143.5,143.5,143.5,143.5,143.5,143.5,143.5,143.5,143.5,143.5,143.5,143.5,143.5,143.5,143.5,143.5,143.5,143.5,143.5,143.5,143.5,143.5,143.5,143.5,143.5,143.5,143.5,143.5,143.5,143.5,143.5,143.5,143.5,143.5,143.5,143.5,143.5,143.5,143.5,143.5,143.5,143.5,143.5,143.5,143.5,143.5,143.5,143.5,143.5,143.5,143.5,143.5,143.5,143.5,143.5,143.5,143.5,143.5,143.5,143.5,143.5,143.5,143.5,143.5,143.5,143.5,143.5,143.5,143.5,143.5,143.5,143.5,143.5,143.5,143.5,143.5,143.5,143.5,143.5,143.5,143.5,143.5,143.5,143.5,143.5,143.5,143.5,143.5,143.5,143.5,143.5,143.5,143.5,143.5,143.5
2016-11-01,,,,,,,,,,,,,,,,,,,,,,,,,,,,,,,,,,,,,,,,,,,,,,,,,,,,,,,,,,,,,,,,,,,,,,,,,,,,,,,,,,143.3,143.3,143.3,143.3,143.3,143.3,143.3,143.3,143.3,143.3,143.3,143.3,143.3,143.3,143.3,143.3,143.3,143.3,143.3,143.3,143.3,143.3,143.3,143.3,143.3,143.3,143.3,143.3,143.3,143.3,143.3,143.3,143.3,143.3,143.3,143.3,143.3,143.3,143.3,143.3,143.3,143.3,143.3,143.3,143.3,143.3,143.3,143.3,143.3,143.3,143.3,143.3,143.3,143.3,143.3,143.3,143.3,143.3,143.3,143.3,143.3,143.3,143.3,143.3,143.3,143.3,143.3,143.3,143.3,143.3,143.3,143.3,143.3,143.3,143.3,143.3,143.3,143.3,143.3,143.3,143.3,143.3,143.3,143.3,143.3,143.3,143.3,143.3,143.3,143.3,143.3,143.3,143.3,143.3,143.3,143.3,143.3,143.3,143.3,143.3,143.3,143.3,143.3,143.3,143.3,143.3,143.3,143.3,143.3,143.3,143.3,143.3,143.3,143.3,143.3,143.3,143.3
2016-12-01,,,,,,,,,,,,,,,,,,,,,,,,,,,,,,,,,,,,,,,,,,,,,,,,,,,,,,,,,,,,,,,,,,,,,,,,,,,,,,,,,,,143.3,143.3,143.2,143.2,143.2,143.2,143.2,143.2,143.2,143.2,143.2,143.2,143.2,143.2,143.2,143.2,143.2,143.2,143.2,143.2,143.2,143.2,143.2,143.2,143.2,143.2,143.2,143.2,143.2,143.2,143.2,143.2,143.2,143.2,143.2,143.2,143.2,143.2,143.2,143.2,143.2,143.2,143.2,143.2,143.2,143.2,143.2,143.2,143.2,143.2,143.2,143.2,143.2,143.2,143.2,143.2,143.2,143.2,143.2,143.2,143.2,143.2,143.2,143.2,143.2,143.2,143.2,143.2,143.2,143.2,143.2,143.2,143.2,143.2,143.2,143.2,143.2,143.2,143.2,143.2,143.2,143.2,143.2,143.2,143.2,143.2,143.2,143.2,143.2,143.2,143.2,143.2,143.2,143.2,143.2,143.2,143.2,143.2,143.2,143.2,143.2,143.2,143.2,143.2,143.2,143.2,143.2,143.2,143.2,143.2,143.2,143.2,143.2,143.2,143.2,143.2
2017-01-01,,,,,,,,,,,,,,,,,,,,,,,,,,,,,,,,,,,,,,,,,,,,,,,,,,,,,,,,,,,,,,,,,,,,,,,,,,,,,,,,,,,,146.0,145.9,145.9,145.9,145.9,145.9,145.9,145.9,145.9,145.9,145.9,145.9,145.9,145.9,145.9,145.9,145.9,145.9,145.9,145.9,145.9,145.9,145.9,145.9,145.9,145.9,145.9,145.9,145.9,145.9,145.9,145.9,145.9,145.9,145.9,145.9,145.9,145.9,145.9,145.9,145.9,145.9,145.9,145.9,145.9,145.9,145.9,145.9,145.9,145.9,145.9,145.9,145.9,145.9,145.9,145.9,145.9,145.9,145.9,145.9,145.9,145.9,145.9,145.9,145.9,145.9,145.9,145.9,145.9,145.9,145.9,145.9,145.9,145.9,145.9,145.9,145.9,145.9,145.9,145.9,145.9,145.9,145.9,145.9,145.9,145.9,145.9,145.9,145.9,145.9,145.9,145.9,145.9,145.9,145.9,145.9,145.9,145.9,145.9,145.9,145.9,145.9,145.9,145.9,145.9,145.9,145.9,145.9,145.9,145.9,145.9,145.9,145.9,145.9,145.9
2017-02-01,,,,,,,,,,,,,,,,,,,,,,,,,,,,,,,,,,,,,,,,,,,,,,,,,,,,,,,,,,,,,,,,,,,,,,,,,,,,,,,,,,,,,143.6,143.6,143.6,143.6,143.6,143.6,143.6,143.6,143.6,143.6,143.6,143.6,143.6,143.6,143.6,143.6,143.6,143.6,143.6,143.6,143.6,143.6,143.6,143.6,143.6,143.6,143.6,143.6,143.6,143.6,143.6,143.6,143.6,143.6,143.6,143.6,143.6,143.6,143.6,143.6,143.6,143.6,143.6,143.6,143.6,143.6,143.6,143.6,143.6,143.6,143.6,143.6,143.6,143.6,143.6,143.6,143.6,143.6,143.6,143.6,143.6,143.6,143.6,143.6,143.6,143.6,143.6,143.6,143.6,143.6,143.6,143.6,143.6,143.6,143.6,143.6,143.6,143.6,143.6,143.6,143.6,143.6,143.6,143.6,143.6,143.6,143.6,143.6,143.6,143.6,143.6,143.6,143.6,143.6,143.6,143.6,143.6,143.6,143.6,143.6,143.6,143.6,143.6,143.6,143.6,143.6,143.6,143.6,143.6,143.6,143.6,143.6,143.6,143.6
2017-03-01,,,,,,,,,,,,,,,,,,,,,,,,,,,,,,,,,,,,,,,,,,,,,,,,,,,,,,,,,,,,,,,,,,,,,,,,,,,,,,,,,,,,,,144.4,144.4,144.4,144.4,144.4,144.4,144.4,144.4,144.4,144.4,144.4,144.4,144.4,144.4,144.4,144.4,144.4,144.4,144.4,144.4,144.4,144.4,144.4,144.4,144.4,144.4,144.4,144.4,144.4,144.4,144.4,144.4,144.4,144.4,144.4,144.4,144.4,144.4,144.4,144.4,144.4,144.4,144.4,144.4,144.4,144.4,144.4,144.4,144.4,144.4,144.4,144.4,144.4,144.4,144.4,144.4,144.4,144.4,144.4,144.4,144.4,144.4,144.4,144.4,144.4,144.4,144.4,144.4,144.4,144.4,144.4,144.4,144.4,144.4,144.4,144.4,144.4,144.4,144.4,144.4,144.4,144.4,144.4,144.4,144.4,144.4,144.4,144.4,144.4,144.4,144.4,144.4,144.4,144.4,144.4,144.4,144.4,144.4,144.4,144.4,144.4,144.4,144.4,144.4,144.4,144.4,144.4,144.4,144.4,144.4,144.4,144.4,144.4
2017-04-01,,,,,,,,,,,,,,,,,,,,,,,,,,,,,,,,,,,,,,,,,,,,,,,,,,,,,,,,,,,,,,,,,,,,,,,,,,,,,,,,,,,,,,,144.4,145.2,145.4,145.4,145.4,145.4,145.4,145.4,145.4,145.4,145.4,145.4,145.4,145.4,145.4,145.4,145.4,145.4,145.4,145.4,145.4,145.4,145.4,145.4,145.4,145.4,145.4,145.4,145.4,145.4,145.4,145.4,145.4,145.4,145.4,145.4,145.4,145.4,145.4,145.4,145.4,145.4,145.4,145.4,145.4,145.4,145.4,145.4,145.4,145.4,145.4,145.4,145.4,145.4,145.4,145.4,145.4,145.4,145.4,145.4,145.4,145.4,145.4,145.4,145.4,145.4,145.4,145.4,145.4,145.4,145.4,145.4,145.4,145.4,145.4,145.4,145.4,145.4,145.4,145.4,145.4,145.4,145.4,145.4,145.4,145.4,145.4,145.4,145.4,145.4,145.4,145.4,145.4,145.4,145.4,145.4,145.4,145.4,145.4,145.4,145.4,145.4,145.4,145.4,145.4,145.4,145.4,145.4,145.4,145.4,145.4,145.4
2017-05-01,,,,,,,,,,,,,,,,,,,,,,,,,,,,,,,,,,,,,,,,,,,,,,,,,,,,,,,,,,,,,,,,,,,,,,,,,,,,,,,,,,,,,,,,145.2,145.4,145.4,145.4,145.4,145.4,145.4,145.4,145.4,145.4,145.4,145.4,145.4,145.4,145.4,145.4,145.4,145.4,145.4,145.4,145.4,145.4,145.4,145.4,145.4,145.4,145.4,145.4,145.4,145.4,145.4,145.4,145.4,145.4,145.4,145.4,145.4,145.4,145.4,145.4,145.4,145.4,145.4,145.4,145.4,145.4,145.4,145.4,145.4,145.4,145.4,145.4,145.4,145.4,145.4,145.4,145.4,145.4,145.4,145.4,145.4,145.4,145.4,145.4,145.4,145.4,145.4,145.4,145.4,145.4,145.4,145.4,145.4,145.4,145.4,145.4,145.4,145.4,145.4,145.4,145.4,145.4,145.4,145.4,145.4,145.4,145.4,145.4,145.4,145.4,145.4,145.4,145.4,145.4,145.4,145.4,145.4,145.4,145.4,145.4,145.4,145.4,145.4,145.4,145.4,145.4,145.4,145.4,145.4,145.4,145.4
2017-06-01,,,,,,,,,,,,,,,,,,,,,,,,,,,,,,,,,,,,,,,,,,,,,,,,,,,,,,,,,,,,,,,,,,,,,,,,,,,,,,,,,,,,,,,,,145.4,145.4,145.4,145.4,145.4,145.4,145.4,145.4,145.4,145.4,145.4,145.4,145.4,145.4,145.4,145.4,145.4,145.4,145.4,145.4,145.4,145.4,145.4,145.4,145.4,145.4,145.4,145.4,145.4,145.4,145.4,145.4,145.4,145.4,145.4,145.4,145.4,145.4,145.4,145.4,145.4,145.4,145.4,145.4,145.4,145.4,145.4,145.4,145.4,145.4,145.4,145.4,145.4,145.4,145.4,145.4,145.4,145.4,145.4,145.4,145.4,145.4,145.4,145.4,145.4,145.4,145.4,145.4,145.4,145.4,145.4,145.4,145.4,145.4,145.4,145.4,145.4,145.4,145.4,145.4,145.4,145.4,145.4,145.4,145.4,145.4,145.4,145.4,145.4,145.4,145.4,145.4,145.4,145.4,145.4,145.4,145.4,145.4,145.4,145.4,145.4,145.4,145.4,145.4,145.4,145.4,145.4,145.4,145.4,145.4
2017-07-01,,,,,,,,,,,,,,,,,,,,,,,,,,,,,,,,,,,,,,,,,,,,,,,,,,,,,,,,,,,,,,,,,,,,,,,,,,,,,,,,,,,,,,,,,,146.0,146.0,146.0,146.0,146.0,146.0,146.0,146.0,146.0,146.0,146.0,146.0,146.0,146.0,146.0,146.0,146.0,146.0,146.0,146.0,146.0,146.0,146.0,146.0,146.0,146.0,146.0,146.0,146.0,146.0,146.0,146.0,146.0,146.0,146.0,146.0,146.0,146.0,146.0,146.0,146.0,146.0,146.0,146.0,146.0,146.0,146.0,146.0,146.0,146.0,146.0,146.0,146.0,146.0,146.0,146.0,146.0,146.0,146.0,146.0,146.0,146.0,146.0,146.0,146.0,146.0,146.0,146.0,146.0,146.0,146.0,146.0,146.0,146.0,146.0,146.0,146.0,146.0,146.0,146.0,146.0,146.0,146.0,146.0,146.0,146.0,146.0,146.0,146.0,146.0,146.0,146.0,146.0,146.0,146.0,146.0,146.0,146.0,146.0,146.0,146.0,146.0,146.0,146.0,146.0,146.0,146.0,146.0,146.0
2017-08-01,,,,,,,,,,,,,,,,,,,,,,,,,,,,,,,,,,,,,,,,,,,,,,,,,,,,,,,,,,,,,,,,,,,,,,,,,,,,,,,,,,,,,,,,,,,146.0,146.0,146.0,146.0,146.0,146.0,146.0,146.0,146.0,146.0,146.0,146.0,146.0,146.0,146.0,146.0,146.0,146.0,146.0,146.0,146.0,146.0,146.0,146.0,146.0,146.0,146.0,146.0,146.0,146.0,146.0,146.0,146.0,146.0,146.0,146.0,146.0,146.0,146.0,146.0,146.0,146.0,146.0,146.0,146.0,146.0,146.0,146.0,146.0,146.0,146.0,146.0,146.0,146.0,146.0,146.0,146.0,146.0,146.0,146.0,146.0,146.0,146.0,146.0,146.0,146.0,146.0,146.0,146.0,146.0,146.0,146.0,146.0,146.0,146.0,146.0,146.0,146.0,146.0,146.0,146.0,146.0,146.0,146.0,146.0,146.0,146.0,146.0,146.0,146.0,146.0,146.0,146.0,146.0,146.0,146.0,146.0,146.0,146.0,146.0,146.0,146.0,146.0,146.0,146.0,146.0,146.0,146.0
2017-09-01,,,,,,,,,,,,,,,,,,,,,,,,,,,,,,,,,,,,,,,,,,,,,,,,,,,,,,,,,,,,,,,,,,,,,,,,,,,,,,,,,,,,,,,,,,,,143.8,143.8,143.8,143.8,143.8,143.8,143.8,143.8,143.8,143.8,143.8,143.8,143.8,143.8,143.8,143.8,143.8,143.8,143.8,143.8,143.8,143.8,143.8,143.8,143.8,143.8,143.8,143.8,143.8,143.8,143.8,143.8,143.8,143.8,143.8,143.8,143.8,143.8,143.8,143.8,143.8,143.8,143.8,143.8,143.8,143.8,143.8,143.8,143.8,143.8,143.8,143.8,143.8,143.8,143.8,143.8,143.8,143.8,143.8,143.8,143.8,143.8,143.8,143.8,143.8,143.8,143.8,143.8,143.8,143.8,143.8,143.8,143.8,143.8,143.8,143.8,143.8,143.8,143.8,143.8,143.8,143.8,143.8,143.8,143.8,143.8,143.8,143.8,143.8,143.8,143.8,143.8,143.8,143.8,143.8,143.8,143.8,143.8,143.8,143.8,143.8,143.8,143.8,143.8,143.8,143.8,143.8
2017-10-01,,,,,,,,,,,,,,,,,,,,,,,,,,,,,,,,,,,,,,,,,,,,,,,,,,,,,,,,,,,,,,,,,,,,,,,,,,,,,,,,,,,,,,,,,,,,,143.8,143.8,143.8,143.8,143.8,143.8,143.8,143.8,143.8,143.8,143.8,143.8,143.8,143.8,143.8,143.8,143.8,143.8,143.8,143.8,143.8,143.8,143.8,143.8,143.8,143.8,143.8,143.8,143.8,143.8,143.8,143.8,143.8,143.8,143.8,143.8,143.8,143.8,143.8,143.8,143.8,143.8,143.8,143.8,143.8,143.8,143.8,143.8,143.8,143.8,143.8,143.8,143.8,143.8,143.8,143.8,143.8,143.8,143.8,143.8,143.8,143.8,143.8,143.8,143.8,143.8,143.8,143.8,143.8,143.8,143.8,143.8,143.8,143.8,143.8,143.8,143.8,143.8,143.8,143.8,143.8,143.8,143.8,143.8,143.8,143.8,143.8,143.8,143.8,143.8,143.8,143.8,143.8,143.8,143.8,143.8,143.8,143.8,143.8,143.8,143.8,143.8,143.8,143.8,143.8,143.8
2017-11-01,,,,,,,,,,,,,,,,,,,,,,,,,,,,,,,,,,,,,,,,,,,,,,,,,,,,,,,,,,,,,,,,,,,,,,,,,,,,,,,,,,,,,,,,,,,,,,147.5,147.5,147.5,147.5,147.5,147.5,147.5,147.5,147.5,147.5,147.5,147.5,147.5,147.5,147.5,147.5,147.5,147.5,147.5,147.5,147.5,147.5,147.5,147.5,147.5,147.5,147.5,147.5,147.5,147.5,147.5,147.5,147.5,147.5,147.5,147.5,147.5,147.5,147.5,147.5,147.5,147.5,147.5,147.5,147.5,147.5,147.5,147.5,147.5,147.5,147.5,147.5,147.5,147.5,147.5,147.5,147.5,147.5,147.5,147.5,147.5,147.5,147.5,147.5,147.5,147.5,147.5,147.5,147.5,147.5,147.5,147.5,147.5,147.5,147.5,147.5,147.5,147.5,147.5,147.5,147.5,147.5,147.5,147.5,147.5,147.5,147.5,147.5,147.5,147.5,147.5,147.5,147.5,147.5,147.5,147.5,147.5,147.5,147.5,147.5,147.5,147.5,147.5,147.5,147.5
2017-12-01,,,,,,,,,,,,,,,,,,,,,,,,,,,,,,,,,,,,,,,,,,,,,,,,,,,,,,,,,,,,,,,,,,,,,,,,,,,,,,,,,,,,,,,,,,,,,,,144.6,144.6,144.6,144.7,144.7,144.7,144.7,144.7,144.7,144.7,144.7,144.7,144.7,144.7,144.7,144.7,144.7,144.7,144.7,144.7,144.7,144.7,144.7,144.7,144.7,144.7,144.7,144.7,144.7,144.7,144.7,144.7,144.7,144.7,144.7,144.7,144.7,144.7,144.7,144.7,144.7,144.7,144.7,144.7,144.7,144.7,144.7,144.7,144.7,144.7,144.7,144.7,144.7,144.7,144.7,144.7,144.7,144.7,144.7,144.7,144.7,144.7,144.7,144.7,144.7,144.7,144.7,144.7,144.7,144.7,144.7,144.7,144.7,144.7,144.7,144.7,144.7,144.7,144.7,144.7,144.7,144.7,144.7,144.7,144.7,144.7,144.7,144.7,144.7,144.7,144.7,144.7,144.7,144.7,144.7,144.7,144.7,144.7,144.7,144.7,144.7,144.7,144.7,144.7
2018-01-01,,,,,,,,,,,,,,,,,,,,,,,,,,,,,,,,,,,,,,,,,,,,,,,,,,,,,,,,,,,,,,,,,,,,,,,,,,,,,,,,,,,,,,,,,,,,,,,,144.6,144.6,144.7,144.7,144.7,144.7,144.7,144.7,144.7,144.7,144.7,144.7,144.7,144.7,144.7,144.7,144.7,144.7,144.7,144.7,144.7,144.7,144.7,144.7,144.7,144.7,144.7,144.7,144.7,144.7,144.7,144.7,144.7,144.7,144.7,144.7,144.7,144.7,144.7,144.7,144.7,144.7,144.7,144.7,144.7,144.7,144.7,144.7,144.7,144.7,144.7,144.7,144.7,144.7,144.7,144.7,144.7,144.7,144.7,144.7,144.7,144.7,144.7,144.7,144.7,144.7,144.7,144.7,144.7,144.7,144.7,144.7,144.7,144.7,144.7,144.7,144.7,144.7,144.7,144.7,144.7,144.7,144.7,144.7,144.7,144.7,144.7,144.7,144.7,144.7,144.7,144.7,144.7,144.7,144.7,144.7,144.7,144.7,144.7,144.7,144.7,144.7,144.7
2018-02-01,,,,,,,,,,,,,,,,,,,,,,,,,,,,,,,,,,,,,,,,,,,,,,,,,,,,,,,,,,,,,,,,,,,,,,,,,,,,,,,,,,,,,,,,,,,,,,,,,143.5,144.3,144.3,144.3,144.3,144.3,144.3,144.3,144.3,144.3,144.3,144.3,144.3,144.3,144.3,144.3,144.3,144.3,144.3,144.3,144.3,144.3,144.3,144.3,144.3,144.3,144.3,144.3,144.3,144.3,144.3,144.3,144.3,144.3,144.3,144.3,144.3,144.3,144.3,144.3,144.3,144.3,144.3,144.3,144.3,144.3,144.3,144.3,144.3,144.3,144.3,144.3,144.3,144.3,144.3,144.3,144.3,144.3,144.3,144.3,144.3,144.3,144.3,144.3,144.3,144.3,144.3,144.3,144.3,144.3,144.3,144.3,144.3,144.3,144.3,144.3,144.3,144.3,144.3,144.3,144.3,144.3,144.3,144.3,144.3,144.3,144.3,144.3,144.3,144.3,144.3,144.3,144.3,144.3,144.3,144.3,144.3,144.3,144.3,144.3,144.3,144.3
2018-03-01,,,,,,,,,,,,,,,,,,,,,,,,,,,,,,,,,,,,,,,,,,,,,,,,,,,,,,,,,,,,,,,,,,,,,,,,,,,,,,,,,,,,,,,,,,,,,,,,,,147.7,147.7,147.7,147.7,147.7,147.7,147.7,147.7,147.7,147.7,147.7,147.7,147.7,147.7,147.7,147.7,147.7,147.7,147.7,147.7,147.7,147.7,147.7,147.7,147.7,147.7,147.7,147.7,147.7,147.7,147.7,147.7,147.7,147.7,147.7,147.7,147.7,147.7,147.7,147.7,147.7,147.7,147.7,147.7,147.7,147.7,147.7,147.7,147.7,147.7,147.7,147.7,147.7,147.7,147.7,147.7,147.7,147.7,147.7,147.7,147.7,147.7,147.7,147.7,147.7,147.7,147.7,147.7,147.7,147.7,147.7,147.7,147.7,147.7,147.7,147.7,147.7,147.7,147.7,147.7,147.7,147.7,147.7,147.7,147.7,147.7,147.7,147.7,147.7,147.7,147.7,147.7,147.7,147.7,147.7,147.7,147.7,147.7,147.7,147.7,147.7
2018-04-01,,,,,,,,,,,,,,,,,,,,,,,,,,,,,,,,,,,,,,,,,,,,,,,,,,,,,,,,,,,,,,,,,,,,,,,,,,,,,,,,,,,,,,,,,,,,,,,,,,,148.1,148.0,148.0,148.0,148.0,148.0,148.0,148.0,148.0,148.0,148.0,148.0,148.0,148.0,148.0,148.0,148.0,148.0,148.0,148.0,148.0,148.0,148.0,148.0,148.0,148.0,148.0,148.0,148.0,148.0,148.0,148.0,148.0,148.0,148.0,148.0,148.0,148.0,148.0,148.0,148.0,148.0,148.0,148.0,148.0,148.0,148.0,148.0,148.0,148.0,148.0,148.0,148.0,148.0,148.0,148.0,148.0,148.0,148.0,148.0,148.0,148.0,148.0,148.0,148.0,148.0,148.0,148.0,148.0,148.0,148.0,148.0,148.0,148.0,148.0,148.0,148.0,148.0,148.0,148.0,148.0,148.0,148.0,148.0,148.0,148.0,148.0,148.0,148.0,148.0,148.0,148.0,148.0,148.0,148.0,148.0,148.0,148.0,148.0,148.0
2018-05-01,,,,,,,,,,,,,,,,,,,,,,,,,,,,,,,,,,,,,,,,,,,,,,,,,,,,,,,,,,,,,,,,,,,,,,,,,,,,,,,,,,,,,,,,,,,,,,,,,,,,148.6,148.6,148.6,148.6,148.6,148.6,148.6,148.6,148.6,148.6,148.6,148.6,148.6,148.6,148.6,148.6,148.6,148.6,148.6,148.6,148.6,148.6,148.6,148.6,148.6,148.6,148.6,148.6,148.6,148.6,148.6,148.6,148.6,148.6,148.6,148.6,148.6,148.6,148.6,148.6,148.6,148.6,148.6,148.6,148.6,148.6,148.6,148.6,148.6,148.6,148.6,148.6,148.6,148.6,148.6,148.6,148.6,148.6,148.6,148.6,148.6,148.6,148.6,148.6,148.6,148.6,148.6,148.6,148.6,148.6,148.6,148.6,148.6,148.6,148.6,148.6,148.6,148.6,148.6,148.6,148.6,148.6,148.6,148.6,148.6,148.6,148.6,148.6,148.6,148.6,148.6,148.6,148.6,148.6,148.6,148.6,148.6,148.6,148.6
2018-06-01,,,,,,,,,,,,,,,,,,,,,,,,,,,,,,,,,,,,,,,,,,,,,,,,,,,,,,,,,,,,,,,,,,,,,,,,,,,,,,,,,,,,,,,,,,,,,,,,,,,,,148.9,148.9,148.9,148.9,148.9,148.9,148.9,148.9,148.9,148.9,148.9,148.9,148.9,148.9,148.9,148.9,148.9,148.9,148.9,148.9,148.9,148.9,148.9,148.9,148.9,148.9,148.9,148.9,148.9,148.9,148.9,148.9,148.9,148.9,148.9,148.9,148.9,148.9,148.9,148.9,148.9,148.9,148.9,148.9,148.9,148.9,148.9,148.9,148.9,148.9,148.9,148.9,148.9,148.9,148.9,148.9,148.9,148.9,148.9,148.9,148.9,148.9,148.9,148.9,148.9,148.9,148.9,148.9,148.9,148.9,148.9,148.9,148.9,148.9,148.9,148.9,148.9,148.9,148.9,148.9,148.9,148.9,148.9,148.9,148.9,148.9,148.9,148.9,148.9,148.9,148.9,148.9,148.9,148.9,148.9,148.9,148.9,148.9
2018-07-01,,,,,,,,,,,,,,,,,,,,,,,,,,,,,,,,,,,,,,,,,,,,,,,,,,,,,,,,,,,,,,,,,,,,,,,,,,,,,,,,,,,,,,,,,,,,,,,,,,,,,,147.9,147.9,147.9,147.9,147.9,147.9,147.9,147.9,147.9,147.9,147.9,147.9,147.9,147.9,147.9,147.9,147.9,147.9,147.9,147.9,147.9,147.9,147.9,147.9,147.9,147.9,147.9,147.9,147.9,147.9,147.9,147.9,147.9,147.9,147.9,147.9,147.9,147.9,147.9,147.9,147.9,147.9,147.9,147.9,147.9,147.9,147.9,147.9,147.9,147.9,147.9,147.9,147.9,147.9,147.9,147.9,147.9,147.9,147.9,147.9,147.9,147.9,147.9,147.9,147.9,147.9,147.9,147.9,147.9,147.9,147.9,147.9,147.9,147.9,147.9,147.9,147.9,147.9,147.9,147.9,147.9,147.9,147.9,147.9,147.9,147.9,147.9,147.9,147.9,147.9,147.9,147.9,147.9,147.9,147.9,147.9,147.9
2018-08-01,,,,,,,,,,,,,,,,,,,,,,,,,,,,,,,,,,,,,,,,,,,,,,,,,,,,,,,,,,,,,,,,,,,,,,,,,,,,,,,,,,,,,,,,,,,,,,,,,,,,,,,148.1,148.1,148.1,148.1,148.1,148.1,148.1,148.1,148.1,148.1,148.1,148.1,148.1,148.1,148.1,148.1,148.1,148.1,148.1,148.1,148.1,148.1,148.1,148.1,148.1,148.1,148.1,148.1,148.1,148.1,148.1,148.1,148.1,148.1,148.1,148.1,148.1,148.1,148.1,148.1,148.1,148.1,148.1,148.1,148.1,148.1,148.1,148.1,148.1,148.1,148.1,148.1,148.1,148.1,148.1,148.1,148.1,148.1,148.1,148.1,148.1,148.1,148.1,148.1,148.1,148.1,148.1,148.1,148.1,148.1,148.1,148.1,148.1,148.1,148.1,148.1,148.1,148.1,148.1,148.1,148.1,148.1,148.1,148.1,148.1,148.1,148.1,148.1,148.1,148.1,148.1,148.1,148.1,148.1,148.1,148.1
2018-09-01,,,,,,,,,,,,,,,,,,,,,,,,,,,,,,,,,,,,,,,,,,,,,,,,,,,,,,,,,,,,,,,,,,,,,,,,,,,,,,,,,,,,,,,,,,,,,,,,,,,,,,,,149.1,149.0,149.0,149.0,149.0,149.0,149.0,149.0,149.0,149.0,149.0,149.0,149.0,149.0,149.0,149.0,149.0,149.0,149.0,149.0,149.0,149.0,149.0,149.0,149.0,149.0,149.0,149.0,149.0,149.0,149.0,149.0,149.0,149.0,149.0,149.0,149.0,149.0,149.0,149.0,149.0,149.0,149.0,149.0,149.0,149.0,149.0,149.0,149.0,149.0,149.0,149.0,149.0,149.0,149.0,149.0,149.0,149.0,149.0,149.0,149.0,149.0,149.0,149.0,149.0,149.0,149.0,149.0,149.0,149.0,149.0,149.0,149.0,149.0,149.0,149.0,149.0,149.0,149.0,149.0,149.0,149.0,149.0,149.0,149.0,149.0,149.0,149.0,149.0,149.0,149.0,149.0,149.0,149.0,149.0
2018-10-01,,,,,,,,,,,,,,,,,,,,,,,,,,,,,,,,,,,,,,,,,,,,,,,,,,,,,,,,,,,,,,,,,,,,,,,,,,,,,,,,,,,,,,,,,,,,,,,,,,,,,,,,,149.7,149.7,149.7,149.7,149.7,149.7,149.7,149.7,149.7,149.7,149.7,149.7,149.7,149.7,149.7,149.7,149.7,149.7,149.7,149.7,149.7,149.7,149.7,149.7,149.7,149.7,149.7,149.7,149.7,149.7,149.7,149.7,149.7,149.7,149.7,149.7,149.7,149.7,149.7,149.7,149.7,149.7,149.7,149.7,149.7,149.7,149.7,149.7,149.7,149.7,149.7,149.7,149.7,149.7,149.7,149.7,149.7,149.7,149.7,149.7,149.7,149.7,149.7,149.7,149.7,149.7,149.7,149.7,149.7,149.7,149.7,149.7,149.7,149.7,149.7,149.7,149.7,149.7,149.7,149.7,149.7,149.7,149.7,149.7,149.7,149.7,149.7,149.7,149.7,149.7,149.7,149.7,149.7,149.7
2018-11-01,,,,,,,,,,,,,,,,,,,,,,,,,,,,,,,,,,,,,,,,,,,,,,,,,,,,,,,,,,,,,,,,,,,,,,,,,,,,,,,,,,,,,,,,,,,,,,,,,,,,,,,,,,149.4,149.4,149.4,149.4,149.4,149.4,149.4,149.4,149.4,149.4,149.4,149.4,149.4,149.4,149.4,149.4,149.4,149.4,149.4,149.4,149.4,149.4,149.4,149.4,149.4,149.4,149.4,149.4,149.4,149.4,149.4,149.4,149.4,149.4,149.4,149.4,149.4,149.4,149.4,149.4,149.4,149.4,149.4,149.4,149.4,149.4,149.4,149.4,149.4,149.4,149.4,149.4,149.4,149.4,149.4,149.4,149.4,149.4,149.4,149.4,149.4,149.4,149.4,149.4,149.4,149.4,149.4,149.4,149.4,149.4,149.4,149.4,149.4,149.4,149.4,149.4,149.4,149.4,149.4,149.4,149.4,149.4,149.4,149.4,149.4,149.4,149.4,149.4,149.4,149.4,149.4,149.4,149.4
2018-12-01,,,,,,,,,,,,,,,,,,,,,,,,,,,,,,,,,,,,,,,,,,,,,,,,,,,,,,,,,,,,,,,,,,,,,,,,,,,,,,,,,,,,,,,,,,,,,,,,,,,,,,,,,,,148.9,149.0,149.0,149.0,149.0,149.0,149.0,149.0,149.0,149.0,149.0,149.0,149.0,149.0,149.0,149.0,149.0,149.0,149.0,149.0,149.0,149.0,149.0,149.0,149.0,149.0,149.0,149.0,149.0,149.0,149.0,149.0,149.0,149.0,149.0,149.0,149.0,149.0,149.0,149.0,149.0,149.0,149.0,149.0,149.0,149.0,149.0,149.0,149.0,149.0,149.0,149.0,149.0,149.0,149.0,149.0,149.0,149.0,149.0,149.0,149.0,149.0,149.0,149.0,149.0,149.0,149.0,149.0,149.0,149.0,149.0,149.0,149.0,149.0,149.0,149.0,149.0,149.0,149.0,149.0,149.0,149.0,149.0,149.0,149.0,149.0,149.0,149.0,149.0,149.0,149.0,149.0
2019-01-01,,,,,,,,,,,,,,,,,,,,,,,,,,,,,,,,,,,,,,,,,,,,,,,,,,,,,,,,,,,,,,,,,,,,,,,,,,,,,,,,,,,,,,,,,,,,,,,,,,,,,,,,,,,,152.1,152.1,152.1,152.1,152.1,152.1,152.1,152.1,152.1,152.1,152.1,152.1,152.1,152.1,152.1,152.1,152.1,152.1,152.1,152.1,152.1,152.1,152.1,152.1,152.1,152.1,152.1,152.1,152.1,152.1,152.1,152.1,152.1,152.1,152.1,152.1,152.1,152.1,152.1,152.1,152.1,152.1,152.1,152.1,152.1,152.1,152.1,152.1,152.1,152.1,152.1,152.1,152.1,152.1,152.1,152.1,152.1,152.1,152.1,152.1,152.1,152.1,152.1,152.1,152.1,152.1,152.1,152.1,152.1,152.1,152.1,152.1,152.1,152.1,152.1,152.1,152.1,152.1,152.1,152.1,152.1,152.1,152.1,152.1,152.1,152.1,152.1,152.1,152.1,152.1,152.1
2019-02-01,,,,,,,,,,,,,,,,,,,,,,,,,,,,,,,,,,,,,,,,,,,,,,,,,,,,,,,,,,,,,,,,,,,,,,,,,,,,,,,,,,,,,,,,,,,,,,,,,,,,,,,,,,,,,150.7,150.7,150.7,150.7,150.7,150.7,150.7,150.7,150.7,150.7,150.7,150.7,150.7,150.7,150.7,150.7,150.7,150.7,150.7,150.7,150.7,150.7,150.7,150.7,150.7,150.7,150.7,150.7,150.7,150.7,150.7,150.7,150.7,150.7,150.7,150.7,150.7,150.7,150.7,150.7,150.7,150.7,150.7,150.7,150.7,150.7,150.7,150.7,150.7,150.7,150.7,150.7,150.7,150.7,150.7,150.7,150.7,150.7,150.7,150.7,150.7,150.7,150.7,150.7,150.7,150.7,150.7,150.7,150.7,150.7,150.7,150.7,150.7,150.7,150.7,150.7,150.7,150.7,150.7,150.7,150.7,150.7,150.7,150.7,150.7,150.7,150.7,150.7,150.7,150.7
2019-03-01,,,,,,,,,,,,,,,,,,,,,,,,,,,,,,,,,,,,,,,,,,,,,,,,,,,,,,,,,,,,,,,,,,,,,,,,,,,,,,,,,,,,,,,,,,,,,,,,,,,,,,,,,,,,,,151.0,151.0,152.3,152.3,152.3,152.3,152.3,152.3,152.3,152.3,152.3,152.3,152.3,152.3,152.3,152.3,152.3,152.3,152.3,152.3,152.3,152.3,152.3,152.3,152.3,152.3,152.3,152.3,152.3,152.3,152.3,152.3,152.3,152.3,152.3,152.3,152.3,152.3,152.3,152.3,152.3,152.3,152.3,152.3,152.3,152.3,152.3,152.3,152.3,152.3,152.3,152.3,152.3,152.3,152.3,152.3,152.3,152.3,152.3,152.3,152.3,152.3,152.3,152.3,152.3,152.3,152.3,152.3,152.3,152.3,152.3,152.3,152.3,152.3,152.3,152.3,152.3,152.3,152.3,152.3,152.3,152.3,152.3,152.3,152.3,152.3,152.3,152.3,152.3
2019-04-01,,,,,,,,,,,,,,,,,,,,,,,,,,,,,,,,,,,,,,,,,,,,,,,,,,,,,,,,,,,,,,,,,,,,,,,,,,,,,,,,,,,,,,,,,,,,,,,,,,,,,,,,,,,,,,,150.4,153.6,153.6,153.6,153.6,153.6,153.6,153.6,153.6,153.6,153.6,153.6,153.6,153.6,153.6,153.6,153.6,153.6,153.6,153.6,153.6,153.6,153.6,153.6,153.6,153.6,153.6,153.6,153.6,153.6,153.6,153.6,153.6,153.6,153.6,153.6,153.6,153.6,153.6,153.6,153.6,153.6,153.6,153.6,153.6,153.6,153.6,153.6,153.6,153.6,153.6,153.6,153.6,153.6,153.6,153.6,153.6,153.6,153.6,153.6,153.6,153.6,153.6,153.6,153.6,153.6,153.6,153.6,153.6,153.6,153.6,153.6,153.6,153.6,153.6,153.6,153.6,153.6,153.6,153.6,153.6,153.6,153.6,153.6,153.6,153.6,153.6,153.6
2019-05-01,,,,,,,,,,,,,,,,,,,,,,,,,,,,,,,,,,,,,,,,,,,,,,,,,,,,,,,,,,,,,,,,,,,,,,,,,,,,,,,,,,,,,,,,,,,,,,,,,,,,,,,,,,,,,,,,155.0,155.0,155.0,155.0,155.0,155.0,155.0,155.0,155.0,155.0,155.0,155.0,155.0,155.0,155.0,155.0,155.0,155.0,155.0,155.0,155.0,155.0,155.0,155.0,155.0,155.0,155.0,155.0,155.0,155.0,155.0,155.0,155.0,155.0,155.0,155.0,155.0,155.0,155.0,155.0,155.0,155.0,155.0,155.0,155.0,155.0,155.0,155.0,155.0,155.0,155.0,155.0,155.0,155.0,155.0,155.0,155.0,155.0,155.0,155.0,155.0,155.0,155.0,155.0,155.0,155.0,155.0,155.0,155.0,155.0,155.0,155.0,155.0,155.0,155.0,155.0,155.0,155.0,155.0,155.0,155.0,155.0,155.0,155.0,155.0,155.0,155.0
2019-06-01,,,,,,,,,,,,,,,,,,,,,,,,,,,,,,,,,,,,,,,,,,,,,,,,,,,,,,,,,,,,,,,,,,,,,,,,,,,,,,,,,,,,,,,,,,,,,,,,,,,,,,,,,,,,,,,,,154.5,154.5,154.5,154.5,154.5,154.5,154.5,154.5,154.5,154.5,154.5,154.5,154.5,154.5,154.5,154.5,154.5,154.5,154.5,154.5,154.5,154.5,154.5,154.5,154.5,154.5,154.5,154.5,154.5,154.5,154.5,154.5,154.5,154.5,154.5,154.5,154.5,154.5,154.5,154.5,154.5,154.5,154.5,154.5,154.5,154.5,154.5,154.5,154.5,154.5,154.5,154.5,154.5,154.5,154.5,154.5,154.5,154.5,154.5,154.5,154.5,154.5,154.5,154.5,154.5,154.5,154.5,154.5,154.5,154.5,154.5,154.5,154.5,154.5,154.5,154.5,154.5,154.5,154.5,154.5,154.5,154.5,154.5,154.5,154.5,154.5
2019-07-01,,,,,,,,,,,,,,,,,,,,,,,,,,,,,,,,,,,,,,,,,,,,,,,,,,,,,,,,,,,,,,,,,,,,,,,,,,,,,,,,,,,,,,,,,,,,,,,,,,,,,,,,,,,,,,,,,,155.1,155.1,155.1,155.1,155.1,155.1,155.1,155.1,155.1,155.1,155.1,155.1,155.1,155.1,155.1,155.1,155.1,155.1,155.1,155.1,155.1,155.1,155.1,155.1,155.1,155.1,155.1,155.1,155.1,155.1,155.1,155.1,155.1,155.1,155.1,155.1,155.1,155.1,155.1,155.1,155.1,155.1,155.1,155.1,155.1,155.1,155.1,155.1,155.1,155.1,155.1,155.1,155.1,155.1,155.1,155.1,155.1,155.1,155.1,155.1,155.1,155.1,155.1,155.1,155.1,155.1,155.1,155.1,155.1,155.1,155.1,155.1,155.1,155.1,155.1,155.1,155.1,155.1,155.1,155.1,155.1,155.1,155.1,155.1,155.1
2019-08-01,,,,,,,,,,,,,,,,,,,,,,,,,,,,,,,,,,,,,,,,,,,,,,,,,,,,,,,,,,,,,,,,,,,,,,,,,,,,,,,,,,,,,,,,,,,,,,,,,,,,,,,,,,,,,,,,,,,154.7,154.7,154.7,154.7,154.7,154.7,154.7,154.7,154.7,154.7,154.7,154.7,154.7,154.7,154.7,154.7,154.7,154.7,154.7,154.7,154.7,154.7,154.7,154.7,154.7,154.7,154.7,154.7,154.7,154.7,154.7,154.7,154.7,154.7,154.7,154.7,154.7,154.7,154.7,154.7,154.7,154.7,154.7,154.7,154.7,154.7,154.7,154.7,154.7,154.7,154.7,154.7,154.7,154.7,154.7,154.7,154.7,154.7,154.7,154.7,154.7,154.7,154.7,154.7,154.7,154.7,154.7,154.7,154.7,154.7,154.7,154.7,154.7,154.7,154.7,154.7,154.7,154.7,154.7,154.7,154.7,154.7,154.7,154.7
2019-09-01,,,,,,,,,,,,,,,,,,,,,,,,,,,,,,,,,,,,,,,,,,,,,,,,,,,,,,,,,,,,,,,,,,,,,,,,,,,,,,,,,,,,,,,,,,,,,,,,,,,,,,,,,,,,,,,,,,,,154.7,154.7,154.7,154.7,154.7,154.7,154.7,154.7,154.7,154.7,154.7,154.7,154.7,154.7,154.7,154.7,154.7,154.7,154.7,154.7,154.7,154.7,154.7,154.7,154.7,154.7,154.7,154.7,154.7,154.7,154.7,154.7,154.7,154.7,154.7,154.7,154.7,154.7,154.7,154.7,154.7,154.7,154.7,154.7,154.7,154.7,154.7,154.7,154.7,154.7,154.7,154.7,154.7,154.7,154.7,154.7,154.7,154.7,154.7,154.7,154.7,154.7,154.7,154.7,154.7,154.7,154.7,154.7,154.7,154.7,154.7,154.7,154.7,154.7,154.7,154.7,154.7,154.7,154.7,154.7,154.7,154.7,154.7
2019-10-01,,,,,,,,,,,,,,,,,,,,,,,,,,,,,,,,,,,,,,,,,,,,,,,,,,,,,,,,,,,,,,,,,,,,,,,,,,,,,,,,,,,,,,,,,,,,,,,,,,,,,,,,,,,,,,,,,,,,,154.9,154.9,154.9,154.9,154.9,154.9,154.9,154.9,154.9,154.9,154.9,154.9,154.9,154.9,154.9,154.9,154.9,154.9,154.9,154.9,154.9,154.9,154.9,154.9,154.9,154.9,154.9,154.9,154.9,154.9,154.9,154.9,154.9,154.9,154.9,154.9,154.9,154.9,154.9,154.9,154.9,154.9,154.9,154.9,154.9,154.9,154.9,154.9,154.9,154.9,154.9,154.9,154.9,154.9,154.9,154.9,154.9,154.9,154.9,154.9,154.9,154.9,154.9,154.9,154.9,154.9,154.9,154.9,154.9,154.9,154.9,154.9,154.9,154.9,154.9,154.9,154.9,154.9,154.9,154.9,154.9,154.9
2019-11-01,,,,,,,,,,,,,,,,,,,,,,,,,,,,,,,,,,,,,,,,,,,,,,,,,,,,,,,,,,,,,,,,,,,,,,,,,,,,,,,,,,,,,,,,,,,,,,,,,,,,,,,,,,,,,,,,,,,,,,156.5,156.5,156.5,156.5,156.5,156.5,156.5,156.5,156.5,156.5,156.5,156.5,156.5,156.5,156.5,156.5,156.5,156.5,156.5,156.5,156.5,156.5,156.5,156.5,156.5,156.5,156.5,156.5,156.5,156.5,156.5,156.5,156.5,156.5,156.5,156.5,156.5,156.5,156.5,156.5,156.5,156.5,156.5,156.5,156.5,156.5,156.5,156.5,156.5,156.5,156.5,156.5,156.5,156.5,156.5,156.5,156.5,156.5,156.5,156.5,156.5,156.5,156.5,156.5,156.5,156.5,156.5,156.5,156.5,156.5,156.5,156.5,156.5,156.5,156.5,156.5,156.5,156.5,156.5,156.5,156.5
2019-12-01,,,,,,,,,,,,,,,,,,,,,,,,,,,,,,,,,,,,,,,,,,,,,,,,,,,,,,,,,,,,,,,,,,,,,,,,,,,,,,,,,,,,,,,,,,,,,,,,,,,,,,,,,,,,,,,,,,,,,,,158.6,158.6,158.6,158.6,158.6,158.6,158.6,158.6,158.6,158.6,158.6,158.6,158.6,158.6,158.6,158.6,158.6,158.6,158.6,158.6,158.6,158.6,158.6,158.6,158.6,158.6,158.6,158.6,158.6,158.6,158.6,158.6,158.6,158.6,158.6,158.6,158.6,158.6,158.6,158.6,158.6,158.6,158.6,158.6,158.6,158.6,158.6,158.6,158.6,158.6,158.6,158.6,158.6,158.6,158.6,158.6,158.6,158.6,158.6,158.6,158.6,158.6,158.6,158.6,158.6,158.6,158.6,158.6,158.6,158.6,158.6,158.6,158.6,158.6,158.6,158.6,158.6,158.6,158.6,158.6
2020-01-01,,,,,,,,,,,,,,,,,,,,,,,,,,,,,,,,,,,,,,,,,,,,,,,,,,,,,,,,,,,,,,,,,,,,,,,,,,,,,,,,,,,,,,,,,,,,,,,,,,,,,,,,,,,,,,,,,,,,,,,,162.3,162.3,162.3,162.3,162.3,162.3,162.3,162.3,162.3,162.3,162.3,162.3,162.3,162.3,162.3,162.3,162.3,162.3,162.3,162.3,162.3,162.3,162.3,162.3,162.3,162.3,162.3,162.3,162.3,162.3,162.3,162.3,162.3,162.3,162.3,162.3,162.3,162.3,162.3,162.3,162.3,162.3,162.3,162.3,162.3,162.3,162.3,162.3,162.3,162.3,162.3,162.3,162.3,162.3,162.3,162.3,162.3,162.3,162.3,162.3,162.3,162.3,162.3,162.3,162.3,162.3,162.3,162.3,162.3,162.3,162.3,162.3,162.3,162.3,162.3,162.3,162.3,162.3,162.3
2020-02-01,,,,,,,,,,,,,,,,,,,,,,,,,,,,,,,,,,,,,,,,,,,,,,,,,,,,,,,,,,,,,,,,,,,,,,,,,,,,,,,,,,,,,,,,,,,,,,,,,,,,,,,,,,,,,,,,,,,,,,,,,161.3,161.3,161.3,161.0,161.0,161.0,161.0,161.0,161.0,161.0,161.0,161.0,161.0,161.0,161.0,161.0,161.0,161.0,161.0,161.0,161.0,161.0,161.0,161.0,161.0,161.0,161.0,161.0,161.0,161.0,161.0,161.0,161.0,161.0,161.0,161.0,161.0,161.0,161.0,161.0,161.0,161.0,161.0,161.0,161.0,161.0,161.0,161.0,161.0,161.0,161.0,161.0,161.0,161.0,161.0,161.0,161.0,161.0,161.0,161.0,161.0,161.0,161.0,161.0,161.0,161.0,161.0,161.0,161.0,161.0,161.0,161.0,161.0,161.0,161.0,161.0,161.0,161.0
2020-03-01,,,,,,,,,,,,,,,,,,,,,,,,,,,,,,,,,,,,,,,,,,,,,,,,,,,,,,,,,,,,,,,,,,,,,,,,,,,,,,,,,,,,,,,,,,,,,,,,,,,,,,,,,,,,,,,,,,,,,,,,,,161.4,161.4,161.2,161.1,161.1,161.1,161.1,161.1,161.1,161.1,161.1,161.1,161.1,161.1,161.1,161.1,161.1,161.1,161.1,161.1,161.1,161.1,161.1,161.1,161.1,161.1,161.1,161.1,161.1,161.1,161.1,161.1,161.1,161.1,161.1,161.1,161.1,161.1,161.1,161.1,161.1,161.1,161.1,161.1,161.1,161.1,161.1,161.1,161.1,161.1,161.1,161.1,161.1,161.1,161.1,161.1,161.1,161.1,161.1,161.1,161.1,161.1,161.1,161.1,161.1,161.1,161.1,161.1,161.1,161.1,161.1,161.1,161.1,161.1,161.1,161.1,161.1
2020-04-01,,,,,,,,,,,,,,,,,,,,,,,,,,,,,,,,,,,,,,,,,,,,,,,,,,,,,,,,,,,,,,,,,,,,,,,,,,,,,,,,,,,,,,,,,,,,,,,,,,,,,,,,,,,,,,,,,,,,,,,,,,,176.4,176.3,176.3,176.3,176.3,176.3,176.3,176.3,176.3,176.3,176.3,176.3,176.3,176.3,176.3,176.3,176.3,176.3,176.3,176.3,176.3,176.3,176.3,176.3,176.3,176.3,176.3,176.3,176.3,176.3,176.3,176.3,176.3,176.3,176.3,176.3,176.3,176.3,176.3,176.3,176.3,176.3,176.3,176.3,176.3,176.3,176.3,176.3,176.3,176.3,176.3,176.3,176.3,176.3,176.3,176.3,176.3,176.3,176.3,176.3,176.3,176.3,176.3,176.3,176.3,176.3,176.3,176.3,176.3,176.3,176.3,176.3,176.3,176.3,176.3,176.3
2020-05-01,,,,,,,,,,,,,,,,,,,,,,,,,,,,,,,,,,,,,,,,,,,,,,,,,,,,,,,,,,,,,,,,,,,,,,,,,,,,,,,,,,,,,,,,,,,,,,,,,,,,,,,,,,,,,,,,,,,,,,,,,,,,176.3,176.3,176.3,176.3,176.3,176.3,176.3,176.3,176.3,176.3,176.3,176.3,176.3,176.3,176.3,176.3,176.3,176.3,176.3,176.3,176.3,176.3,176.3,176.3,176.3,176.3,176.3,176.3,176.3,176.3,176.3,176.3,176.3,176.3,176.3,176.3,176.3,176.3,176.3,176.3,176.3,176.3,176.3,176.3,176.3,176.3,176.3,176.3,176.3,176.3,176.3,176.3,176.3,176.3,176.3,176.3,176.3,176.3,176.3,176.3,176.3,176.3,176.3,176.3,176.3,176.3,176.3,176.3,176.3,176.3,176.3,176.3,176.3,176.3,176.3
2020-06-01,,,,,,,,,,,,,,,,,,,,,,,,,,,,,,,,,,,,,,,,,,,,,,,,,,,,,,,,,,,,,,,,,,,,,,,,,,,,,,,,,,,,,,,,,,,,,,,,,,,,,,,,,,,,,,,,,,,,,,,,,,,,,176.3,176.3,176.3,176.3,176.3,176.3,176.3,176.3,176.3,176.3,176.3,176.3,176.3,176.3,176.3,176.3,176.3,176.3,176.3,176.3,176.3,176.3,176.3,176.3,176.3,176.3,176.3,176.3,176.3,176.3,176.3,176.3,176.3,176.3,176.3,176.3,176.3,176.3,176.3,176.3,176.3,176.3,176.3,176.3,176.3,176.3,176.3,176.3,176.3,176.3,176.3,176.3,176.3,176.3,176.3,176.3,176.3,176.3,176.3,176.3,176.3,176.3,176.3,176.3,176.3,176.3,176.3,176.3,176.3,176.3,176.3,176.3,176.3,176.3
2020-07-01,,,,,,,,,,,,,,,,,,,,,,,,,,,,,,,,,,,,,,,,,,,,,,,,,,,,,,,,,,,,,,,,,,,,,,,,,,,,,,,,,,,,,,,,,,,,,,,,,,,,,,,,,,,,,,,,,,,,,,,,,,,,,,176.5,176.5,176.5,176.5,176.5,176.5,176.5,176.5,176.5,176.5,176.5,176.5,176.5,176.5,176.5,176.5,176.5,176.5,176.5,176.5,176.5,176.5,176.5,176.5,176.5,176.5,176.5,176.5,176.5,176.5,176.5,176.5,176.5,176.5,176.5,176.5,176.5,176.5,176.5,176.5,176.5,176.5,176.5,176.5,176.5,176.5,176.5,176.5,176.5,176.5,176.5,176.5,176.5,176.5,176.5,176.5,176.5,176.5,176.5,176.5,176.5,176.5,176.5,176.5,176.5,176.5,176.5,176.5,176.5,176.5,176.5,176.5,176.5
2020-08-01,,,,,,,,,,,,,,,,,,,,,,,,,,,,,,,,,,,,,,,,,,,,,,,,,,,,,,,,,,,,,,,,,,,,,,,,,,,,,,,,,,,,,,,,,,,,,,,,,,,,,,,,,,,,,,,,,,,,,,,,,,,,,,,176.7,176.7,176.7,176.7,176.7,176.7,176.7,176.7,176.7,176.7,176.7,176.7,176.7,176.7,176.7,176.7,176.7,176.7,176.7,176.7,176.7,176.7,176.7,176.7,176.7,176.7,176.7,176.7,176.7,176.7,176.7,176.7,176.7,176.7,176.7,176.7,176.7,176.7,176.7,176.7,176.7,176.7,176.7,176.7,176.7,176.7,176.7,176.7,176.7,176.7,176.7,176.7,176.7,176.7,176.7,176.7,176.7,176.7,176.7,176.7,176.7,176.7,176.7,176.7,176.7,176.7,176.7,176.7,176.7,176.7,176.7,176.7
2020-09-01,,,,,,,,,,,,,,,,,,,,,,,,,,,,,,,,,,,,,,,,,,,,,,,,,,,,,,,,,,,,,,,,,,,,,,,,,,,,,,,,,,,,,,,,,,,,,,,,,,,,,,,,,,,,,,,,,,,,,,,,,,,,,,,,182.1,177.6,171.5,171.5,171.5,171.5,171.5,171.5,171.5,171.5,171.5,171.5,171.5,171.5,171.5,171.5,171.5,171.5,171.5,171.5,171.5,171.5,171.5,171.5,171.5,171.5,171.5,171.5,171.5,171.5,171.5,171.5,171.5,171.5,171.5,171.5,171.5,171.5,171.5,171.5,171.5,171.5,171.5,171.5,171.5,171.5,171.5,171.5,171.5,171.5,171.5,171.5,171.5,171.5,171.5,171.5,171.5,171.5,171.5,171.5,171.5,171.5,171.5,171.5,171.5,171.5,171.5,171.5,171.5,171.5,171.5
2020-10-01,,,,,,,,,,,,,,,,,,,,,,,,,,,,,,,,,,,,,,,,,,,,,,,,,,,,,,,,,,,,,,,,,,,,,,,,,,,,,,,,,,,,,,,,,,,,,,,,,,,,,,,,,,,,,,,,,,,,,,,,,,,,,,,,,150.3,145.4,145.4,145.4,145.4,145.4,145.4,145.4,145.4,145.4,145.4,145.4,145.4,145.4,145.4,145.4,145.4,145.4,145.4,145.4,145.4,145.4,145.4,145.4,145.4,145.4,145.4,145.4,145.4,145.4,145.4,145.4,145.4,145.4,145.4,145.4,145.4,145.4,145.4,145.4,145.4,145.4,145.4,145.4,145.4,145.4,145.4,145.4,145.4,145.4,145.4,145.4,145.4,145.4,145.4,145.4,145.4,145.4,145.4,145.4,145.4,145.4,145.4,145.4,145.4,145.4,145.4,145.4,145.4,145.4
2020-11-01,,,,,,,,,,,,,,,,,,,,,,,,,,,,,,,,,,,,,,,,,,,,,,,,,,,,,,,,,,,,,,,,,,,,,,,,,,,,,,,,,,,,,,,,,,,,,,,,,,,,,,,,,,,,,,,,,,,,,,,,,,,,,,,,,,157.1,157.1,157.1,157.1,157.1,157.1,157.1,157.1,157.1,157.1,157.1,157.1,157.1,157.1,157.1,157.1,157.1,157.1,157.1,157.1,157.1,157.1,157.1,157.1,157.1,157.1,157.1,157.1,157.1,157.1,157.1,157.1,157.1,157.1,157.1,157.1,157.1,157.1,157.1,157.1,157.1,157.1,157.1,157.1,157.1,157.1,157.1,157.1,157.1,157.1,157.1,157.1,157.1,157.1,157.1,157.1,157.1,157.1,157.1,157.1,157.1,157.1,157.1,157.1,157.1,157.1,157.1,157.1,157.1
2020-12-01,,,,,,,,,,,,,,,,,,,,,,,,,,,,,,,,,,,,,,,,,,,,,,,,,,,,,,,,,,,,,,,,,,,,,,,,,,,,,,,,,,,,,,,,,,,,,,,,,,,,,,,,,,,,,,,,,,,,,,,,,,,,,,,,,,,176.4,167.3,167.3,167.3,167.3,167.3,167.3,167.3,167.3,167.3,167.3,167.3,167.3,167.3,167.3,167.3,167.3,167.3,167.3,167.3,167.3,167.3,167.3,167.3,167.3,167.3,167.3,167.3,167.3,167.3,167.3,167.3,167.3,167.3,167.3,167.3,167.3,167.3,167.3,167.3,167.3,167.3,167.3,167.3,167.3,167.3,167.3,167.3,167.3,167.3,167.3,167.3,167.3,167.3,167.3,167.3,167.3,167.3,167.3,167.3,167.3,167.3,167.3,167.3,167.3,167.3,167.3,167.3
2021-01-01,,,,,,,,,,,,,,,,,,,,,,,,,,,,,,,,,,,,,,,,,,,,,,,,,,,,,,,,,,,,,,,,,,,,,,,,,,,,,,,,,,,,,,,,,,,,,,,,,,,,,,,,,,,,,,,,,,,,,,,,,,,,,,,,,,,,160.7,160.7,160.7,160.7,160.7,160.7,160.7,160.7,160.7,160.7,160.7,160.7,160.7,160.7,160.7,160.7,160.7,160.7,160.7,160.7,160.7,160.7,160.7,160.7,160.7,160.7,160.7,160.7,160.7,160.7,160.7,160.7,160.7,160.7,160.7,160.7,160.7,160.7,160.7,160.7,160.7,160.7,160.7,160.7,160.7,160.7,160.7,160.7,160.7,160.7,160.7,160.7,160.7,160.7,160.7,160.7,160.7,160.7,160.7,160.7,160.7,160.7,160.7,160.7,160.7,160.7,160.7
2021-02-01,,,,,,,,,,,,,,,,,,,,,,,,,,,,,,,,,,,,,,,,,,,,,,,,,,,,,,,,,,,,,,,,,,,,,,,,,,,,,,,,,,,,,,,,,,,,,,,,,,,,,,,,,,,,,,,,,,,,,,,,,,,,,,,,,,,,,172.0,172.0,172.0,172.0,172.0,172.0,172.0,172.0,172.0,172.0,172.0,172.0,172.0,172.0,172.0,172.0,172.0,172.0,172.0,172.0,172.0,172.0,172.0,172.0,172.0,172.0,172.0,172.0,172.0,172.0,172.0,172.0,172.0,172.0,172.0,172.0,172.0,172.0,172.0,172.0,172.0,172.0,172.0,172.0,172.0,172.0,172.0,172.0,172.0,172.0,172.0,172.0,172.0,172.0,172.0,172.0,172.0,172.0,172.0,172.0,172.0,172.0,172.0,172.0,172.0,172.0
2021-03-01,,,,,,,,,,,,,,,,,,,,,,,,,,,,,,,,,,,,,,,,,,,,,,,,,,,,,,,,,,,,,,,,,,,,,,,,,,,,,,,,,,,,,,,,,,,,,,,,,,,,,,,,,,,,,,,,,,,,,,,,,,,,,,,,,,,,,,172.5,172.4,172.4,172.4,172.4,172.4,172.4,172.4,172.4,172.4,172.4,172.4,172.4,172.4,172.4,172.4,172.4,172.4,172.4,172.4,172.4,172.4,172.4,172.4,172.4,172.4,172.4,172.4,172.4,172.4,172.4,172.4,172.4,172.4,172.4,172.4,172.4,172.4,172.4,172.4,172.4,172.4,172.4,172.4,172.4,172.4,172.4,172.4,172.4,172.4,172.4,172.4,172.4,172.4,172.4,172.4,172.4,172.4,172.4,172.4,172.4,172.4,172.4,172.4,172.4
2021-04-01,,,,,,,,,,,,,,,,,,,,,,,,,,,,,,,,,,,,,,,,,,,,,,,,,,,,,,,,,,,,,,,,,,,,,,,,,,,,,,,,,,,,,,,,,,,,,,,,,,,,,,,,,,,,,,,,,,,,,,,,,,,,,,,,,,,,,,,162.0,162.0,162.0,162.0,162.0,162.0,162.0,162.0,162.0,162.0,162.0,162.0,162.0,162.0,162.0,162.0,162.0,162.0,162.0,162.0,162.0,162.0,162.0,162.0,162.0,162.0,162.0,162.0,162.0,162.0,162.0,162.0,162.0,162.0,162.0,162.0,162.0,162.0,162.0,162.0,162.0,162.0,162.0,162.0,162.0,162.0,162.0,162.0,162.0,162.0,162.0,162.0,162.0,162.0,162.0,162.0,162.0,162.0,162.0,162.0,162.0,162.0,162.0,162.0
2021-05-01,,,,,,,,,,,,,,,,,,,,,,,,,,,,,,,,,,,,,,,,,,,,,,,,,,,,,,,,,,,,,,,,,,,,,,,,,,,,,,,,,,,,,,,,,,,,,,,,,,,,,,,,,,,,,,,,,,,,,,,,,,,,,,,,,,,,,,,,163.0,163.0,163.0,163.0,163.0,163.0,163.0,163.0,163.0,163.0,163.0,163.0,163.0,163.0,163.0,163.0,163.0,163.0,163.0,163.0,163.0,163.0,163.0,163.0,163.0,163.0,163.0,163.0,163.0,163.0,163.0,163.0,163.0,163.0,163.0,163.0,163.0,163.0,163.0,163.0,163.0,163.0,163.0,163.0,163.0,163.0,163.0,163.0,163.0,163.0,163.0,163.0,163.0,163.0,163.0,163.0,163.0,163.0,163.0,163.0,163.0,163.0,163.0
2021-06-01,,,,,,,,,,,,,,,,,,,,,,,,,,,,,,,,,,,,,,,,,,,,,,,,,,,,,,,,,,,,,,,,,,,,,,,,,,,,,,,,,,,,,,,,,,,,,,,,,,,,,,,,,,,,,,,,,,,,,,,,,,,,,,,,,,,,,,,,,164.0,164.0,164.0,164.0,164.0,164.0,164.0,164.0,164.0,164.0,164.0,164.0,164.0,164.0,164.0,164.0,164.0,164.0,164.0,164.0,164.0,164.0,164.0,164.0,164.0,164.0,164.0,164.0,164.0,164.0,164.0,164.0,164.0,164.0,164.0,164.0,164.0,164.0,164.0,164.0,164.0,164.0,164.0,164.0,164.0,164.0,164.0,164.0,164.0,164.0,164.0,164.0,164.0,164.0,164.0,164.0,164.0,164.0,164.0,164.0,164.0,164.0
2021-07-01,,,,,,,,,,,,,,,,,,,,,,,,,,,,,,,,,,,,,,,,,,,,,,,,,,,,,,,,,,,,,,,,,,,,,,,,,,,,,,,,,,,,,,,,,,,,,,,,,,,,,,,,,,,,,,,,,,,,,,,,,,,,,,,,,,,,,,,,,,164.5,164.5,164.5,164.5,164.5,164.5,164.5,164.5,164.5,164.5,164.5,164.5,164.5,164.5,164.5,164.5,164.5,164.5,164.5,164.5,164.5,164.5,164.5,164.5,164.5,164.5,164.5,164.5,164.5,164.5,164.5,164.5,164.5,164.5,164.5,164.5,164.5,164.5,164.5,164.5,164.5,164.5,164.5,164.5,164.5,164.5,164.5,164.5,164.5,164.5,164.5,164.5,164.5,164.5,164.5,164.5,164.5,164.5,164.5,164.5,164.5
2021-08-01,,,,,,,,,,,,,,,,,,,,,,,,,,,,,,,,,,,,,,,,,,,,,,,,,,,,,,,,,,,,,,,,,,,,,,,,,,,,,,,,,,,,,,,,,,,,,,,,,,,,,,,,,,,,,,,,,,,,,,,,,,,,,,,,,,,,,,,,,,,164.4,164.4,164.4,164.4,164.4,164.4,164.4,164.4,164.4,164.4,164.4,164.4,164.4,164.4,164.4,164.4,164.4,164.4,164.4,164.4,164.4,164.4,164.4,164.4,164.4,164.4,164.4,164.4,164.4,164.4,164.4,164.4,164.4,164.4,164.4,164.4,164.4,164.4,164.4,164.4,164.4,164.4,164.4,164.4,164.4,164.4,164.4,164.4,164.4,164.4,164.4,164.4,164.4,164.4,164.4,164.4,164.4,164.4,164.4,164.4
2021-09-01,,,,,,,,,,,,,,,,,,,,,,,,,,,,,,,,,,,,,,,,,,,,,,,,,,,,,,,,,,,,,,,,,,,,,,,,,,,,,,,,,,,,,,,,,,,,,,,,,,,,,,,,,,,,,,,,,,,,,,,,,,,,,,,,,,,,,,,,,,,,167.7,167.7,167.7,167.7,167.7,167.7,167.7,167.7,167.7,167.7,167.7,167.7,167.7,167.7,167.7,167.7,167.7,167.7,167.7,167.7,167.7,167.7,167.7,167.7,167.7,167.7,167.7,167.7,167.7,167.7,167.7,167.7,167.7,167.7,167.7,167.7,167.7,167.7,167.7,167.7,167.7,167.7,167.7,167.7,167.7,167.7,167.7,167.7,167.7,167.7,167.7,167.7,167.7,167.7,167.7,167.7,167.7,167.7,167.7
2021-10-01,,,,,,,,,,,,,,,,,,,,,,,,,,,,,,,,,,,,,,,,,,,,,,,,,,,,,,,,,,,,,,,,,,,,,,,,,,,,,,,,,,,,,,,,,,,,,,,,,,,,,,,,,,,,,,,,,,,,,,,,,,,,,,,,,,,,,,,,,,,,,168.4,170.4,168.5,168.5,168.5,168.5,168.5,168.5,168.5,168.5,168.5,168.5,168.5,168.5,168.5,168.5,168.5,168.5,168.5,168.5,168.5,168.5,168.5,168.5,168.5,168.5,168.5,168.5,168.5,168.5,168.5,168.5,168.5,168.5,168.5,168.5,168.5,168.5,168.5,168.5,168.5,168.5,168.5,168.5,168.5,168.5,168.5,168.5,168.5,168.5,168.5,168.5,168.5,168.5,168.5,168.5,168.5,168.5
2021-11-01,,,,,,,,,,,,,,,,,,,,,,,,,,,,,,,,,,,,,,,,,,,,,,,,,,,,,,,,,,,,,,,,,,,,,,,,,,,,,,,,,,,,,,,,,,,,,,,,,,,,,,,,,,,,,,,,,,,,,,,,,,,,,,,,,,,,,,,,,,,,,,168.9,167.0,163.6,163.6,163.6,163.6,163.6,163.6,163.6,163.6,163.6,163.6,163.6,163.6,163.6,163.6,163.6,163.6,163.6,163.6,163.6,163.6,163.6,163.6,163.6,163.6,163.6,163.6,163.6,163.6,163.6,163.6,163.6,163.6,163.6,163.6,163.6,163.6,163.6,163.6,163.6,163.6,163.6,163.6,163.6,163.6,163.6,163.6,163.6,163.6,163.6,163.6,163.6,163.6,163.6,163.6,163.6
2021-12-01,,,,,,,,,,,,,,,,,,,,,,,,,,,,,,,,,,,,,,,,,,,,,,,,,,,,,,,,,,,,,,,,,,,,,,,,,,,,,,,,,,,,,,,,,,,,,,,,,,,,,,,,,,,,,,,,,,,,,,,,,,,,,,,,,,,,,,,,,,,,,,,172.2,180.2,180.2,180.2,180.2,180.2,180.2,180.2,180.2,180.2,180.2,180.2,180.2,180.2,180.2,180.2,180.2,180.2,180.2,180.2,180.2,180.2,180.2,180.2,180.2,180.2,180.2,180.2,180.2,180.2,180.2,180.2,180.2,180.2,180.2,180.2,180.2,180.2,180.2,180.2,180.2,180.2,180.2,180.2,180.2,180.2,180.2,180.2,180.2,180.2,180.2,180.2,180.2,180.2,180.2,180.2
2022-01-01,,,,,,,,,,,,,,,,,,,,,,,,,,,,,,,,,,,,,,,,,,,,,,,,,,,,,,,,,,,,,,,,,,,,,,,,,,,,,,,,,,,,,,,,,,,,,,,,,,,,,,,,,,,,,,,,,,,,,,,,,,,,,,,,,,,,,,,,,,,,,,,,179.3,169.0,169.0,169.0,169.0,169.0,169.0,169.0,169.0,169.0,169.0,169.0,169.0,169.0,169.0,169.0,169.0,169.0,169.0,169.0,169.0,169.0,169.0,169.0,169.0,169.0,169.0,169.0,169.0,169.0,169.0,169.0,169.0,169.0,169.0,169.0,169.0,169.0,169.0,169.0,169.0,169.0,169.0,169.0,169.0,169.0,169.0,169.0,169.0,169.0,169.0,169.0,169.0,169.0,169.0
2022-02-01,,,,,,,,,,,,,,,,,,,,,,,,,,,,,,,,,,,,,,,,,,,,,,,,,,,,,,,,,,,,,,,,,,,,,,,,,,,,,,,,,,,,,,,,,,,,,,,,,,,,,,,,,,,,,,,,,,,,,,,,,,,,,,,,,,,,,,,,,,,,,,,,,165.5,191.9,191.9,191.9,191.9,191.9,191.9,191.9,191.9,191.9,191.9,191.9,191.9,191.9,191.9,191.9,191.9,191.9,191.9,191.9,191.9,191.9,191.9,191.9,191.9,191.9,191.9,191.9,191.9,191.9,191.9,191.9,191.9,191.9,191.9,191.9,191.9,191.9,191.9,191.9,191.9,191.9,191.9,191.9,191.9,191.9,191.9,191.9,191.9,191.9,191.9,191.9,191.9,191.9
2022-03-01,,,,,,,,,,,,,,,,,,,,,,,,,,,,,,,,,,,,,,,,,,,,,,,,,,,,,,,,,,,,,,,,,,,,,,,,,,,,,,,,,,,,,,,,,,,,,,,,,,,,,,,,,,,,,,,,,,,,,,,,,,,,,,,,,,,,,,,,,,,,,,,,,,191.4,181.8,181.8,181.8,181.8,181.8,181.8,181.8,181.8,181.8,181.8,181.8,181.8,181.8,181.8,181.8,181.8,181.8,181.8,181.8,181.8,181.8,181.8,181.8,181.8,181.8,181.8,181.8,181.8,181.8,181.8,181.8,181.8,181.8,181.8,181.8,181.8,181.8,181.8,181.8,181.8,181.8,181.8,181.8,181.8,181.8,181.8,181.8,181.8,181.8,181.8,181.8,181.8
2022-04-01,,,,,,,,,,,,,,,,,,,,,,,,,,,,,,,,,,,,,,,,,,,,,,,,,,,,,,,,,,,,,,,,,,,,,,,,,,,,,,,,,,,,,,,,,,,,,,,,,,,,,,,,,,,,,,,,,,,,,,,,,,,,,,,,,,,,,,,,,,,,,,,,,,,200.2,208.9,208.9,208.9,208.9,208.9,208.9,208.9,208.9,208.9,208.9,208.9,208.9,208.9,208.9,208.9,208.9,208.9,208.9,208.9,208.9,208.9,208.9,208.9,208.9,208.9,208.9,208.9,208.9,208.9,208.9,208.9,208.9,208.9,208.9,208.9,208.9,208.9,208.9,208.9,208.9,208.9,208.9,208.9,208.9,208.9,208.9,208.9,208.9,208.9,208.9,208.9
2022-05-01,,,,,,,,,,,,,,,,,,,,,,,,,,,,,,,,,,,,,,,,,,,,,,,,,,,,,,,,,,,,,,,,,,,,,,,,,,,,,,,,,,,,,,,,,,,,,,,,,,,,,,,,,,,,,,,,,,,,,,,,,,,,,,,,,,,,,,,,,,,,,,,,,,,,210.2,210.1,210.1,210.1,210.1,210.1,210.1,210.1,210.1,210.1,210.1,210.1,210.1,210.1,210.1,210.1,210.1,210.1,210.1,210.1,210.1,210.1,210.1,210.1,210.1,210.1,210.1,210.1,210.1,210.1,210.1,210.1,210.1,210.1,210.1,210.1,210.1,210.1,210.1,210.1,210.1,210.1,210.1,210.1,210.1,210.1,210.1,210.1,210.1,210.1,210.1
2022-06-01,,,,,,,,,,,,,,,,,,,,,,,,,,,,,,,,,,,,,,,,,,,,,,,,,,,,,,,,,,,,,,,,,,,,,,,,,,,,,,,,,,,,,,,,,,,,,,,,,,,,,,,,,,,,,,,,,,,,,,,,,,,,,,,,,,,,,,,,,,,,,,,,,,,,,205.1,202.8,202.8,202.8,202.8,202.8,202.8,202.8,202.8,202.8,202.8,202.8,202.8,202.8,202.8,202.8,202.8,202.8,202.8,202.8,202.8,202.8,202.8,202.8,202.8,202.8,202.8,202.8,202.8,202.8,202.8,202.8,202.8,202.8,202.8,202.8,202.8,202.8,202.8,202.8,202.8,202.8,202.8,202.8,202.8,202.8,202.8,202.8,202.8,202.8
2022-07-01,,,,,,,,,,,,,,,,,,,,,,,,,,,,,,,,,,,,,,,,,,,,,,,,,,,,,,,,,,,,,,,,,,,,,,,,,,,,,,,,,,,,,,,,,,,,,,,,,,,,,,,,,,,,,,,,,,,,,,,,,,,,,,,,,,,,,,,,,,,,,,,,,,,,,,203.1,208.5,208.5,208.5,208.5,208.5,208.5,208.5,208.5,208.5,208.5,208.5,208.5,208.5,208.5,208.5,208.5,208.5,208.5,208.5,208.5,208.5,208.5,208.5,208.5,208.5,208.5,208.5,208.5,208.5,208.5,208.5,208.5,208.5,208.5,208.5,208.5,208.5,208.5,208.5,208.5,208.5,208.5,208.5,208.5,208.5,208.5,208.5,208.5
2022-08-01,,,,,,,,,,,,,,,,,,,,,,,,,,,,,,,,,,,,,,,,,,,,,,,,,,,,,,,,,,,,,,,,,,,,,,,,,,,,,,,,,,,,,,,,,,,,,,,,,,,,,,,,,,,,,,,,,,,,,,,,,,,,,,,,,,,,,,,,,,,,,,,,,,,,,,,210.3,196.8,196.8,196.8,196.8,196.8,196.8,196.8,196.8,196.8,196.8,196.8,196.8,196.8,196.8,196.8,196.8,196.8,196.8,196.8,196.8,196.8,196.8,196.8,196.8,196.8,196.8,196.8,196.8,196.8,196.8,196.8,196.8,196.8,196.8,196.8,196.8,196.8,196.8,196.8,196.8,196.8,196.8,196.8,196.8,196.8,196.8,196.8
2022-09-01,,,,,,,,,,,,,,,,,,,,,,,,,,,,,,,,,,,,,,,,,,,,,,,,,,,,,,,,,,,,,,,,,,,,,,,,,,,,,,,,,,,,,,,,,,,,,,,,,,,,,,,,,,,,,,,,,,,,,,,,,,,,,,,,,,,,,,,,,,,,,,,,,,,,,,,,190.3,194.6,194.6,194.6,194.6,194.6,194.6,194.6,194.6,194.6,194.6,194.6,194.6,194.6,194.6,194.6,194.6,194.6,194.6,194.6,194.6,194.6,194.6,194.6,194.6,194.6,194.6,194.6,194.6,194.6,194.6,194.6,194.6,194.6,194.6,194.6,194.6,194.6,194.6,194.6,194.6,194.6,194.6,194.6,194.6,194.6,194.6
2022-10-01,,,,,,,,,,,,,,,,,,,,,,,,,,,,,,,,,,,,,,,,,,,,,,,,,,,,,,,,,,,,,,,,,,,,,,,,,,,,,,,,,,,,,,,,,,,,,,,,,,,,,,,,,,,,,,,,,,,,,,,,,,,,,,,,,,,,,,,,,,,,,,,,,,,,,,,,,192.6,194.7,194.7,194.7,194.7,194.7,194.7,194.7,194.7,194.7,194.7,194.7,194.7,194.7,194.7,194.7,194.7,194.7,194.7,194.7,194.7,194.7,194.7,194.7,194.7,194.7,194.7,194.7,194.7,194.7,194.7,194.7,194.7,194.7,194.7,194.7,194.7,194.7,194.7,194.7,194.7,194.7,194.7,194.7,194.7,194.7
2022-11-01,,,,,,,,,,,,,,,,,,,,,,,,,,,,,,,,,,,,,,,,,,,,,,,,,,,,,,,,,,,,,,,,,,,,,,,,,,,,,,,,,,,,,,,,,,,,,,,,,,,,,,,,,,,,,,,,,,,,,,,,,,,,,,,,,,,,,,,,,,,,,,,,,,,,,,,,,,195.2,191.3,191.3,191.3,191.3,191.3,191.3,191.3,191.3,191.3,191.3,191.3,191.3,191.3,191.3,191.3,191.3,191.3,191.3,191.3,191.3,191.3,191.3,191.3,191.3,191.3,191.3,191.3,191.3,191.3,191.3,191.3,191.3,191.3,191.3,191.3,191.3,191.3,191.3,191.3,191.3,191.3,191.3,191.3,191.3
2022-12-01,,,,,,,,,,,,,,,,,,,,,,,,,,,,,,,,,,,,,,,,,,,,,,,,,,,,,,,,,,,,,,,,,,,,,,,,,,,,,,,,,,,,,,,,,,,,,,,,,,,,,,,,,,,,,,,,,,,,,,,,,,,,,,,,,,,,,,,,,,,,,,,,,,,,,,,,,,,189.1,194.8,194.8,194.8,194.8,194.8,194.8,194.8,194.8,194.8,194.8,194.8,194.8,194.8,194.8,194.8,194.8,194.8,194.8,194.8,194.8,194.8,194.8,194.8,194.8,194.8,194.8,194.8,194.8,194.8,194.8,194.8,194.8,194.8,194.8,194.8,194.8,194.8,194.8,194.8,194.8,194.8,194.8,194.8
2023-01-01,,,,,,,,,,,,,,,,,,,,,,,,,,,,,,,,,,,,,,,,,,,,,,,,,,,,,,,,,,,,,,,,,,,,,,,,,,,,,,,,,,,,,,,,,,,,,,,,,,,,,,,,,,,,,,,,,,,,,,,,,,,,,,,,,,,,,,,,,,,,,,,,,,,,,,,,,,,,196.5,194.1,194.1,194.1,194.1,194.1,194.1,194.1,194.1,194.1,194.1,194.1,194.1,194.1,194.1,194.1,194.1,194.1,194.1,194.1,194.1,194.1,194.1,194.1,194.1,194.1,194.1,194.1,194.1,194.1,194.1,194.1,194.1,194.1,194.1,194.1,194.1,194.1,194.1,194.1,194.1,194.1,194.1
2023-02-01,,,,,,,,,,,,,,,,,,,,,,,,,,,,,,,,,,,,,,,,,,,,,,,,,,,,,,,,,,,,,,,,,,,,,,,,,,,,,,,,,,,,,,,,,,,,,,,,,,,,,,,,,,,,,,,,,,,,,,,,,,,,,,,,,,,,,,,,,,,,,,,,,,,,,,,,,,,,,197.5,197.6,197.6,196.8,196.8,196.8,196.8,196.8,196.8,196.8,196.8,196.8,196.8,196.8,196.8,196.8,196.8,196.8,196.8,196.8,196.8,196.8,196.8,196.8,196.8,196.8,196.8,196.8,196.8,196.8,196.8,196.8,196.8,196.8,196.8,196.8,196.8,196.8,196.8,196.8,196.8,196.8
2023-03-01,,,,,,,,,,,,,,,,,,,,,,,,,,,,,,,,,,,,,,,,,,,,,,,,,,,,,,,,,,,,,,,,,,,,,,,,,,,,,,,,,,,,,,,,,,,,,,,,,,,,,,,,,,,,,,,,,,,,,,,,,,,,,,,,,,,,,,,,,,,,,,,,,,,,,,,,,,,,,,188.6,189.0,189.2,189.2,189.2,189.2,189.2,189.2,189.2,189.2,189.2,189.2,189.2,189.2,189.2,189.2,189.2,189.2,189.2,189.2,189.2,189.2,189.2,189.2,189.2,189.2,189.2,189.2,189.2,189.2,189.2,189.2,189.2,189.2,189.2,189.2,189.2,189.2,189.2,189.2,189.2
2023-04-01,,,,,,,,,,,,,,,,,,,,,,,,,,,,,,,,,,,,,,,,,,,,,,,,,,,,,,,,,,,,,,,,,,,,,,,,,,,,,,,,,,,,,,,,,,,,,,,,,,,,,,,,,,,,,,,,,,,,,,,,,,,,,,,,,,,,,,,,,,,,,,,,,,,,,,,,,,,,,,,175.7,174.7,174.7,174.7,174.7,174.7,174.7,174.7,174.7,174.7,174.7,174.7,174.7,174.7,174.7,174.7,174.7,174.7,174.7,174.7,174.7,174.7,174.7,174.7,174.7,174.7,174.7,174.7,174.7,174.7,174.7,174.7,174.7,174.7,174.7,174.7,174.7,174.7,174.7,174.7
2023-05-01,,,,,,,,,,,,,,,,,,,,,,,,,,,,,,,,,,,,,,,,,,,,,,,,,,,,,,,,,,,,,,,,,,,,,,,,,,,,,,,,,,,,,,,,,,,,,,,,,,,,,,,,,,,,,,,,,,,,,,,,,,,,,,,,,,,,,,,,,,,,,,,,,,,,,,,,,,,,,,,,170.8,169.2,169.2,169.2,169.2,169.2,169.2,169.2,169.2,169.2,169.2,169.2,169.2,169.2,169.2,169.2,169.2,169.2,169.2,169.2,169.2,169.2,169.2,169.2,169.2,169.2,169.2,169.2,169.2,169.2,169.2,169.2,169.2,169.2,169.2,169.2,169.2,169.2,169.2
2023-06-01,,,,,,,,,,,,,,,,,,,,,,,,,,,,,,,,,,,,,,,,,,,,,,,,,,,,,,,,,,,,,,,,,,,,,,,,,,,,,,,,,,,,,,,,,,,,,,,,,,,,,,,,,,,,,,,,,,,,,,,,,,,,,,,,,,,,,,,,,,,,,,,,,,,,,,,,,,,,,,,,,168.9,169.0,169.0,170.7,170.7,170.7,170.7,170.7,170.7,170.7,170.7,170.7,170.7,170.7,170.7,170.7,170.7,170.7,170.7,170.7,170.7,170.7,170.7,170.7,170.7,170.7,170.7,170.7,170.7,170.7,170.7,170.7,170.7,170.7,170.7,170.7,170.7,170.7
2023-07-01,,,,,,,,,,,,,,,,,,,,,,,,,,,,,,,,,,,,,,,,,,,,,,,,,,,,,,,,,,,,,,,,,,,,,,,,,,,,,,,,,,,,,,,,,,,,,,,,,,,,,,,,,,,,,,,,,,,,,,,,,,,,,,,,,,,,,,,,,,,,,,,,,,,,,,,,,,,,,,,,,,175.2,172.6,173.5,173.5,173.5,173.5,173.5,173.5,173.5,173.5,173.5,173.5,173.5,173.5,173.5,173.5,173.5,173.5,173.5,173.5,173.5,173.5,173.5,173.5,173.5,173.5,173.5,173.5,173.5,173.5,173.5,173.5,173.5,173.5,173.5,173.5,173.5
2023-08-01,,,,,,,,,,,,,,,,,,,,,,,,,,,,,,,,,,,,,,,,,,,,,,,,,,,,,,,,,,,,,,,,,,,,,,,,,,,,,,,,,,,,,,,,,,,,,,,,,,,,,,,,,,,,,,,,,,,,,,,,,,,,,,,,,,,,,,,,,,,,,,,,,,,,,,,,,,,,,,,,,,,180.8,170.1,172.1,172.1,172.1,172.1,172.1,172.1,172.1,172.1,172.1,172.1,172.1,172.1,172.1,172.1,172.1,172.1,172.1,172.1,172.1,172.1,172.1,172.1,172.1,172.1,172.1,172.1,172.1,172.1,172.1,172.1,172.1,172.1,172.1,172.1
2023-09-01,,,,,,,,,,,,,,,,,,,,,,,,,,,,,,,,,,,,,,,,,,,,,,,,,,,,,,,,,,,,,,,,,,,,,,,,,,,,,,,,,,,,,,,,,,,,,,,,,,,,,,,,,,,,,,,,,,,,,,,,,,,,,,,,,,,,,,,,,,,,,,,,,,,,,,,,,,,,,,,,,,,,172.0,173.6,173.6,173.6,173.6,173.6,173.6,173.6,173.6,173.6,173.6,173.6,173.6,173.6,173.6,173.6,173.6,173.6,173.6,173.6,173.6,173.6,173.6,173.6,173.6,173.6,173.6,173.6,173.6,173.6,173.6,173.6,173.6,173.6,173.6
2023-10-01,,,,,,,,,,,,,,,,,,,,,,,,,,,,,,,,,,,,,,,,,,,,,,,,,,,,,,,,,,,,,,,,,,,,,,,,,,,,,,,,,,,,,,,,,,,,,,,,,,,,,,,,,,,,,,,,,,,,,,,,,,,,,,,,,,,,,,,,,,,,,,,,,,,,,,,,,,,,,,,,,,,,,172.1,169.1,169.1,168.4,168.4,168.4,168.4,168.4,168.4,168.4,168.4,168.4,168.4,168.4,168.4,168.4,168.4,168.4,168.4,168.4,168.4,168.4,168.4,168.4,168.4,168.4,168.4,168.4,168.4,168.4,168.4,168.4,168.4,168.4
2023-11-01,,,,,,,,,,,,,,,,,,,,,,,,,,,,,,,,,,,,,,,,,,,,,,,,,,,,,,,,,,,,,,,,,,,,,,,,,,,,,,,,,,,,,,,,,,,,,,,,,,,,,,,,,,,,,,,,,,,,,,,,,,,,,,,,,,,,,,,,,,,,,,,,,,,,,,,,,,,,,,,,,,,,,,164.6,165.6,164.7,164.7,164.7,164.7,164.7,164.7,164.7,164.7,164.7,164.7,164.7,164.7,164.7,164.7,164.7,164.7,164.7,164.7,164.7,164.7,164.7,164.7,164.7,164.7,164.7,164.7,164.7,164.7,164.7,164.7,164.7
2023-12-01,,,,,,,,,,,,,,,,,,,,,,,,,,,,,,,,,,,,,,,,,,,,,,,,,,,,,,,,,,,,,,,,,,,,,,,,,,,,,,,,,,,,,,,,,,,,,,,,,,,,,,,,,,,,,,,,,,,,,,,,,,,,,,,,,,,,,,,,,,,,,,,,,,,,,,,,,,,,,,,,,,,,,,,167.1,163.3,163.3,163.3,163.3,163.3,163.3,163.3,163.3,163.3,163.3,163.3,163.3,163.3,163.3,163.3,163.3,163.3,163.3,163.3,163.3,163.3,163.3,163.3,163.3,163.3,163.3,163.3,163.3,163.3,163.3,163.3
2024-01-01,,,,,,,,,,,,,,,,,,,,,,,,,,,,,,,,,,,,,,,,,,,,,,,,,,,,,,,,,,,,,,,,,,,,,,,,,,,,,,,,,,,,,,,,,,,,,,,,,,,,,,,,,,,,,,,,,,,,,,,,,,,,,,,,,,,,,,,,,,,,,,,,,,,,,,,,,,,,,,,,,,,,,,,,165.8,163.5,163.5,162.3,162.3,162.3,162.3,162.3,162.3,162.3,162.3,162.3,162.3,162.3,162.3,162.3,162.3,162.3,162.3,162.3,162.3,162.3,162.3,162.3,162.3,162.3,162.3,162.3,162.3,162.3,162.3
2024-02-01,,,,,,,,,,,,,,,,,,,,,,,,,,,,,,,,,,,,,,,,,,,,,,,,,,,,,,,,,,,,,,,,,,,,,,,,,,,,,,,,,,,,,,,,,,,,,,,,,,,,,,,,,,,,,,,,,,,,,,,,,,,,,,,,,,,,,,,,,,,,,,,,,,,,,,,,,,,,,,,,,,,,,,,,,164.9,163.7,163.9,164.0,164.0,164.0,164.0,164.0,164.0,164.0,164.0,164.0,164.0,164.0,164.0,164.0,164.0,164.0,164.0,164.0,164.0,164.0,164.0,164.0,164.0,164.0,164.0,164.0,164.0,164.0
2024-03-01,,,,,,,,,,,,,,,,,,,,,,,,,,,,,,,,,,,,,,,,,,,,,,,,,,,,,,,,,,,,,,,,,,,,,,,,,,,,,,,,,,,,,,,,,,,,,,,,,,,,,,,,,,,,,,,,,,,,,,,,,,,,,,,,,,,,,,,,,,,,,,,,,,,,,,,,,,,,,,,,,,,,,,,,,,163.9,165.6,165.6,165.6,165.6,165.6,165.6,165.6,165.6,165.6,165.6,165.6,165.6,165.6,165.6,165.6,165.6,165.6,165.6,165.6,165.6,165.6,165.6,165.6,165.6,165.6,165.6,165.6,165.6
2024-04-01,,,,,,,,,,,,,,,,,,,,,,,,,,,,,,,,,,,,,,,,,,,,,,,,,,,,,,,,,,,,,,,,,,,,,,,,,,,,,,,,,,,,,,,,,,,,,,,,,,,,,,,,,,,,,,,,,,,,,,,,,,,,,,,,,,,,,,,,,,,,,,,,,,,,,,,,,,,,,,,,,,,,,,,,,,,158.0,158.3,158.3,158.3,158.3,158.3,158.3,158.3,158.3,158.3,158.3,158.3,158.3,158.3,158.3,158.3,158.3,158.3,158.3,158.3,158.3,158.3,158.3,158.3,158.3,158.3,158.3,158.3
2024-05-01,,,,,,,,,,,,,,,,,,,,,,,,,,,,,,,,,,,,,,,,,,,,,,,,,,,,,,,,,,,,,,,,,,,,,,,,,,,,,,,,,,,,,,,,,,,,,,,,,,,,,,,,,,,,,,,,,,,,,,,,,,,,,,,,,,,,,,,,,,,,,,,,,,,,,,,,,,,,,,,,,,,,,,,,,,,,157.2,158.7,158.7,158.7,158.7,158.7,158.7,158.7,158.7,158.7,158.7,158.7,158.7,158.7,158.7,158.7,158.7,158.7,158.7,158.7,158.7,158.7,158.7,158.7,158.7,158.7,158.7
2024-06-01,,,,,,,,,,,,,,,,,,,,,,,,,,,,,,,,,,,,,,,,,,,,,,,,,,,,,,,,,,,,,,,,,,,,,,,,,,,,,,,,,,,,,,,,,,,,,,,,,,,,,,,,,,,,,,,,,,,,,,,,,,,,,,,,,,,,,,,,,,,,,,,,,,,,,,,,,,,,,,,,,,,,,,,,,,,,,157.0,158.1,158.1,160.4,160.4,160.4,160.4,160.4,160.4,160.4,160.4,160.4,160.4,160.4,160.4,160.4,160.4,160.4,160.4,160.4,160.4,160.4,160.4,160.4,160.4,160.4
2024-07-01,,,,,,,,,,,,,,,,,,,,,,,,,,,,,,,,,,,,,,,,,,,,,,,,,,,,,,,,,,,,,,,,,,,,,,,,,,,,,,,,,,,,,,,,,,,,,,,,,,,,,,,,,,,,,,,,,,,,,,,,,,,,,,,,,,,,,,,,,,,,,,,,,,,,,,,,,,,,,,,,,,,,,,,,,,,,,,173.0,172.9,175.5,175.5,175.5,175.5,175.5,175.5,175.5,175.5,175.5,175.5,175.5,175.5,175.5,175.5,175.5,175.5,175.5,175.5,175.5,175.5,175.5,175.5,175.5
2024-08-01,,,,,,,,,,,,,,,,,,,,,,,,,,,,,,,,,,,,,,,,,,,,,,,,,,,,,,,,,,,,,,,,,,,,,,,,,,,,,,,,,,,,,,,,,,,,,,,,,,,,,,,,,,,,,,,,,,,,,,,,,,,,,,,,,,,,,,,,,,,,,,,,,,,,,,,,,,,,,,,,,,,,,,,,,,,,,,,160.3,162.6,162.6,162.6,162.6,162.6,162.6,162.6,162.6,162.6,162.6,162.6,162.6,162.6,162.6,162.6,162.6,162.6,162.6,162.6,162.6,162.6,162.6,162.6
2024-09-01,,,,,,,,,,,,,,,,,,,,,,,,,,,,,,,,,,,,,,,,,,,,,,,,,,,,,,,,,,,,,,,,,,,,,,,,,,,,,,,,,,,,,,,,,,,,,,,,,,,,,,,,,,,,,,,,,,,,,,,,,,,,,,,,,,,,,,,,,,,,,,,,,,,,,,,,,,,,,,,,,,,,,,,,,,,,,,,,161.9,161.5,161.5,159.9,159.9,159.9,159.9,159.9,159.9,159.9,159.9,159.9,159.9,159.9,159.9,159.9,159.9,159.9,159.9,159.9,159.9,159.9,159.9
2024-10-01,,,,,,,,,,,,,,,,,,,,,,,,,,,,,,,,,,,,,,,,,,,,,,,,,,,,,,,,,,,,,,,,,,,,,,,,,,,,,,,,,,,,,,,,,,,,,,,,,,,,,,,,,,,,,,,,,,,,,,,,,,,,,,,,,,,,,,,,,,,,,,,,,,,,,,,,,,,,,,,,,,,,,,,,,,,,,,,,,162.1,159.9,160.0,160.0,160.0,160.0,160.0,160.0,160.0,160.0,160.0,160.0,160.0,160.0,160.0,160.0,160.0,160.0,160.0,160.0,160.0,160.0
2024-11-01,,,,,,,,,,,,,,,,,,,,,,,,,,,,,,,,,,,,,,,,,,,,,,,,,,,,,,,,,,,,,,,,,,,,,,,,,,,,,,,,,,,,,,,,,,,,,,,,,,,,,,,,,,,,,,,,,,,,,,,,,,,,,,,,,,,,,,,,,,,,,,,,,,,,,,,,,,,,,,,,,,,,,,,,,,,,,,,,,,163.0,163.4,163.4,163.4,163.4,163.4,163.4,163.4,163.4,163.4,163.4,163.4,163.4,163.4,163.4,163.4,163.4,163.4,163.4,163.4,163.4
2024-12-01,,,,,,,,,,,,,,,,,,,,,,,,,,,,,,,,,,,,,,,,,,,,,,,,,,,,,,,,,,,,,,,,,,,,,,,,,,,,,,,,,,,,,,,,,,,,,,,,,,,,,,,,,,,,,,,,,,,,,,,,,,,,,,,,,,,,,,,,,,,,,,,,,,,,,,,,,,,,,,,,,,,,,,,,,,,,,,,,,,,161.5,160.3,160.3,159.4,159.4,159.4,159.4,159.4,159.4,159.4,159.4,159.4,159.4,159.4,159.4,159.4,159.4,159.4,159.4,159.4
2025-01-01,,,,,,,,,,,,,,,,,,,,,,,,,,,,,,,,,,,,,,,,,,,,,,,,,,,,,,,,,,,,,,,,,,,,,,,,,,,,,,,,,,,,,,,,,,,,,,,,,,,,,,,,,,,,,,,,,,,,,,,,,,,,,,,,,,,,,,,,,,,,,,,,,,,,,,,,,,,,,,,,,,,,,,,,,,,,,,,,,,,,168.5,172.0,169.7,169.7,169.7,169.7,169.7,169.7,169.7,169.7,169.7,169.7,169.7,169.7,169.7,169.7,169.7,169.7,169.7
2025-02-01,,,,,,,,,,,,,,,,,,,,,,,,,,,,,,,,,,,,,,,,,,,,,,,,,,,,,,,,,,,,,,,,,,,,,,,,,,,,,,,,,,,,,,,,,,,,,,,,,,,,,,,,,,,,,,,,,,,,,,,,,,,,,,,,,,,,,,,,,,,,,,,,,,,,,,,,,,,,,,,,,,,,,,,,,,,,,,,,,,,,,170.9,169.2,169.2,169.2,169.2,169.2,169.2,169.2,169.2,169.2,169.2,169.2,169.2,169.2,169.2,169.2,169.2,169.2
2025-03-01,,,,,,,,,,,,,,,,,,,,,,,,,,,,,,,,,,,,,,,,,,,,,,,,,,,,,,,,,,,,,,,,,,,,,,,,,,,,,,,,,,,,,,,,,,,,,,,,,,,,,,,,,,,,,,,,,,,,,,,,,,,,,,,,,,,,,,,,,,,,,,,,,,,,,,,,,,,,,,,,,,,,,,,,,,,,,,,,,,,,,,170.4,168.7,168.7,168.7,168.7,168.7,168.7,168.7,168.7,168.7,168.7,168.7,168.7,168.7,168.7,168.7,168.7
2025-04-01,,,,,,,,,,,,,,,,,,,,,,,,,,,,,,,,,,,,,,,,,,,,,,,,,,,,,,,,,,,,,,,,,,,,,,,,,,,,,,,,,,,,,,,,,,,,,,,,,,,,,,,,,,,,,,,,,,,,,,,,,,,,,,,,,,,,,,,,,,,,,,,,,,,,,,,,,,,,,,,,,,,,,,,,,,,,,,,,,,,,,,,164.2,163.1,163.1,163.1,163.1,163.1,163.1,163.1,163.1,163.1,163.1,163.1,163.1,163.1,163.1,163.1
2025-05-01,,,,,,,,,,,,,,,,,,,,,,,,,,,,,,,,,,,,,,,,,,,,,,,,,,,,,,,,,,,,,,,,,,,,,,,,,,,,,,,,,,,,,,,,,,,,,,,,,,,,,,,,,,,,,,,,,,,,,,,,,,,,,,,,,,,,,,,,,,,,,,,,,,,,,,,,,,,,,,,,,,,,,,,,,,,,,,,,,,,,,,,,180.9,168.0,168.0,168.0,168.0,168.0,168.0,168.0,168.0,168.0,168.0,168.0,168.0,168.0,168.0
2025-06-01,,,,,,,,,,,,,,,,,,,,,,,,,,,,,,,,,,,,,,,,,,,,,,,,,,,,,,,,,,,,,,,,,,,,,,,,,,,,,,,,,,,,,,,,,,,,,,,,,,,,,,,,,,,,,,,,,,,,,,,,,,,,,,,,,,,,,,,,,,,,,,,,,,,,,,,,,,,,,,,,,,,,,,,,,,,,,,,,,,,,,,,,,165.2,165.1,165.1,162.5,162.5,162.5,162.5,162.5,162.5,162.5,162.5,162.5,162.5,162.5
2025-07-01,,,,,,,,,,,,,,,,,,,,,,,,,,,,,,,,,,,,,,,,,,,,,,,,,,,,,,,,,,,,,,,,,,,,,,,,,,,,,,,,,,,,,,,,,,,,,,,,,,,,,,,,,,,,,,,,,,,,,,,,,,,,,,,,,,,,,,,,,,,,,,,,,,,,,,,,,,,,,,,,,,,,,,,,,,,,,,,,,,,,,,,,,,166.9,167.8,162.4,162.4,162.4,162.4,162.4,162.4,162.4,162.4,162.4,162.4,162.4
2025-08-01,,,,,,,,,,,,,,,,,,,,,,,,,,,,,,,,,,,,,,,,,,,,,,,,,,,,,,,,,,,,,,,,,,,,,,,,,,,,,,,,,,,,,,,,,,,,,,,,,,,,,,,,,,,,,,,,,,,,,,,,,,,,,,,,,,,,,,,,,,,,,,,,,,,,,,,,,,,,,,,,,,,,,,,,,,,,,,,,,,,,,,,,,,,165.0,164.5,164.5,164.5,164.5,164.5,164.5,164.5,164.5,164.5,164.5,164.5
2025-09-01,,,,,,,,,,,,,,,,,,,,,,,,,,,,,,,,,,,,,,,,,,,,,,,,,,,,,,,,,,,,,,,,,,,,,,,,,,,,,,,,,,,,,,,,,,,,,,,,,,,,,,,,,,,,,,,,,,,,,,,,,,,,,,,,,,,,,,,,,,,,,,,,,,,,,,,,,,,,,,,,,,,,,,,,,,,,,,,,,,,,,,,,,,,,158.7,165.7,165.7,165.7,165.7,165.7,165.7,165.7,165.7,165.7,165.7
2025-10-01,,,,,,,,,,,,,,,,,,,,,,,,,,,,,,,,,,,,,,,,,,,,,,,,,,,,,,,,,,,,,,,,,,,,,,,,,,,,,,,,,,,,,,,,,,,,,,,,,,,,,,,,,,,,,,,,,,,,,,,,,,,,,,,,,,,,,,,,,,,,,,,,,,,,,,,,,,,,,,,,,,,,,,,,,,,,,,,,,,,,,,,,,,,,,,,,,,,,,,
2025-11-01,,,,,,,,,,,,,,,,,,,,,,,,,,,,,,,,,,,,,,,,,,,,,,,,,,,,,,,,,,,,,,,,,,,,,,,,,,,,,,,,,,,,,,,,,,,,,,,,,,,,,,,,,,,,,,,,,,,,,,,,,,,,,,,,,,,,,,,,,,,,,,,,,,,,,,,,,,,,,,,,,,,,,,,,,,,,,,,,,,,,,,,,,,,,,165.5,165.5,157.4,157.4,157.4,157.4,157.4,157.4,157.4,157.4
2025-12-01,,,,,,,,,,,,,,,,,,,,,,,,,,,,,,,,,,,,,,,,,,,,,,,,,,,,,,,,,,,,,,,,,,,,,,,,,,,,,,,,,,,,,,,,,,,,,,,,,,,,,,,,,,,,,,,,,,,,,,,,,,,,,,,,,,,,,,,,,,,,,,,,,,,,,,,,,,,,,,,,,,,,,,,,,,,,,,,,,,,,,,,,,,,,,,,158.5,158.5,158.5,158.5,158.5,158.5,158.5,158.5
2026-01-01,,,,,,,,,,,,,,,,,,,,,,,,,,,,,,,,,,,,,,,,,,,,,,,,,,,,,,,,,,,,,,,,,,,,,,,,,,,,,,,,,,,,,,,,,,,,,,,,,,,,,,,,,,,,,,,,,,,,,,,,,,,,,,,,,,,,,,,,,,,,,,,,,,,,,,,,,,,,,,,,,,,,,,,,,,,,,,,,,,,,,,,,,,,,,,,165.6,162.4,167.0,167.0,167.0,167.0,167.0,167.0
2026-02-01,,,,,,,,,,,,,,,,,,,,,,,,,,,,,,,,,,,,,,,,,,,,,,,,,,,,,,,,,,,,,,,,,,,,,,,,,,,,,,,,,,,,,,,,,,,,,,,,,,,,,,,,,,,,,,,,,,,,,,,,,,,,,,,,,,,,,,,,,,,,,,,,,,,,,,,,,,,,,,,,,,,,,,,,,,,,,,,,,,,,,,,,,,,,,,,,167.8,164.8,164.8,164.8,164.8,164.8,164.8
2026-03-01,,,,,,,,,,,,,,,,,,,,,,,,,,,,,,,,,,,,,,,,,,,,,,,,,,,,,,,,,,,,,,,,,,,,,,,,,,,,,,,,,,,,,,,,,,,,,,,,,,,,,,,,,,,,,,,,,,,,,,,,,,,,,,,,,,,,,,,,,,,,,,,,,,,,,,,,,,,,,,,,,,,,,,,,,,,,,,,,,,,,,,,,,,,,,,,,,157.8,157.4,157.4,157.4,157.4,157.4
2026-04-01,,,,,,,,,,,,,,,,,,,,,,,,,,,,,,,,,,,,,,,,,,,,,,,,,,,,,,,,,,,,,,,,,,,,,,,,,,,,,,,,,,,,,,,,,,,,,,,,,,,,,,,,,,,,,,,,,,,,,,,,,,,,,,,,,,,,,,,,,,,,,,,,,,,,,,,,,,,,,,,,,,,,,,,,,,,,,,,,,,,,,,,,,,,,,,,,,,170.8,174.5,174.5,173.5,173.5
2026-05-01,,,,,,,,,,,,,,,,,,,,,,,,,,,,,,,,,,,,,,,,,,,,,,,,,,,,,,,,,,,,,,,,,,,,,,,,,,,,,,,,,,,,,,,,,,,,,,,,,,,,,,,,,,,,,,,,,,,,,,,,,,,,,,,,,,,,,,,,,,,,,,,,,,,,,,,,,,,,,,,,,,,,,,,,,,,,,,,,,,,,,,,,,,,,,,,,,,,189.7,190.2,195.9,195.8
2026-06-01,,,,,,,,,,,,,,,,,,,,,,,,,,,,,,,,,,,,,,,,,,,,,,,,,,,,,,,,,,,,,,,,,,,,,,,,,,,,,,,,,,,,,,,,,,,,,,,,,,,,,,,,,,,,,,,,,,,,,,,,,,,,,,,,,,,,,,,,,,,,,,,,,,,,,,,,,,,,,,,,,,,,,,,,,,,,,,,,,,,,,,,,,,,,,,,,,,,,180.3,188.2,188.2
2026-07-01,,,,,,,,,,,,,,,,,,,,,,,,,,,,,,,,,,,,,,,,,,,,,,,,,,,,,,,,,,,,,,,,,,,,,,,,,,,,,,,,,,,,,,,,,,,,,,,,,,,,,,,,,,,,,,,,,,,,,,,,,,,,,,,,,,,,,,,,,,,,,,,,,,,,,,,,,,,,,,,,,,,,,,,,,,,,,,,,,,,,,,,,,,,,,,,,,,,,,192.1,190.7
2026-08-01,,,,,,,,,,,,,,,,,,,,,,,,,,,,,,,,,,,,,,,,,,,,,,,,,,,,,,,,,,,,,,,,,,,,,,,,,,,,,,,,,,,,,,,,,,,,,,,,,,,,,,,,,,,,,,,,,,,,,,,,,,,,,,,,,,,,,,,,,,,,,,,,,,,,,,,,,,,,,,,,,,,,,,,,,,,,,,,,,,,,,,,,,,,,,,,,,,,,,,193.3
