observation_date,IV1311_20100316,IV1311_20100413,IV1311_20100513,IV1311_20100615,IV1311_20100714,IV1311_20100812,IV1311_20100915,IV1311_20101013,IV1311_20101110,IV1311_20101210,IV1311_20110112,IV1311_20110215,IV1311_20110315,IV1311_20110412,IV1311_20110510,IV1311_20110610,IV1311_20110713,IV1311_20110816,IV1311_20110913,IV1311_20111014,IV1311_20111110,IV1311_20111214,IV1311_20120113,IV1311_20120214,IV1311_20120314,IV1311_20120411,IV1311_20120510,IV1311_20120612,IV1311_20120712,IV1311_20120810,IV1311_20120912,IV1311_20121011,IV1311_20121109,IV1311_20121212,IV1311_20130111,IV1311_20130213,IV1311_20130313,IV1311_20130411,IV1311_20130514,IV1311_20130613,IV1311_20130711,IV1311_20130813,IV1311_20130912,IV1311_20131023,IV1311_20131115,IV1311_20131212,IV1311_20140114,IV1311_20140214,IV1311_20140313,IV1311_20140410,IV1311_20140513,IV1311_20140612,IV1311_20140715,IV1311_20140814,IV1311_20140912,IV1311_20141010,IV1311_20141114,IV1311_20141211,IV1311_20150114,IV1311_20150213,IV1311_20150312,IV1311_20150410,IV1311_20150513,IV1311_20150611,IV1311_20150714,IV1311_20150813,IV1311_20150910,IV1311_20151009,IV1311_20151110,IV1311_20151210,IV1311_20160114,IV1311_20160212,IV1311_20160311,IV1311_20160412,IV1311_20160512,IV1311_20160614,IV1311_20160713,IV1311_20160811,IV1311_20160914,IV1311_20161013,IV1311_20161115,IV1311_20161213,IV1311_20170112,IV1311_20170210,IV1311_20170309,IV1311_20170412,IV1311_20170510,IV1311_20170615,IV1311_20170718,IV1311_20170815,IV1311_20170919,IV1311_20171017,IV1311_20171116,IV1311_20171214,IV1311_20180110,IV1311_20180216,IV1311_20180315,IV1311_20180412,IV1311_20180511,IV1311_20180614,IV1311_20180713,IV1311_20180814,IV1311_20180914,IV1311_20181012,IV1311_20181115,IV1311_20181213,IV1311_20190116,IV1311_20190215,IV1311_20190314,IV1311_20190412,IV1311_20190514,IV1311_20190613,IV1311_20190716,IV1311_20190814,IV1311_20190913,IV1311_20191011,IV1311_20191115,IV1311_20191213,IV1311_20200116,IV1311_20200214,IV1311_20200313,IV1311_20200414,IV1311_20200514,IV1311_20200612,IV1311_20200715,IV1311_20200813,IV1311_20200915,IV1311_20201015,IV1311_20201117,IV1311_20201215,IV1311_20210114,IV1311_20210218,IV1311_20210316,IV1311_20210414,IV1311_20210514,IV1311_20210616,IV1311_20210715,IV1311_20210813,IV1311_20210915,IV1311_20211015,IV1311_20211116,IV1311_20211215,IV1311_20220114,IV1311_20220216,IV1311_20220316,IV1311_20220414,IV1311_20220513,IV1311_20220615,IV1311_20220715,IV1311_20220812,IV1311_20220915,IV1311_20221014,IV1311_20221116,IV1311_20221214,IV1311_20230113,IV1311_20230217,IV1311_20230316,IV1311_20230414,IV1311_20230512,IV1311_20230615,IV1311_20230714,IV1311_20230815,IV1311_20230915,IV1311_20231013,IV1311_20231116,IV1311_20231214,IV1311_20240117,IV1311_20240215,IV1311_20240315,IV1311_20240412,IV1311_20240516,IV1311_20240614,IV1311_20240716,IV1311_20240815,IV1311_20240913,IV1311_20241016,IV1311_20241115,IV1311_20241213,IV1311_20250116,IV1311_20250214,IV1311_20250318,IV1311_20250415,IV1311_20250516,IV1311_20250617,IV1311_20250717,IV1311_20250815,IV1311_20250916,IV1311_20251203,IV1311_20260115,IV1311_20260210,IV1311_20260305,IV1311_20260325,IV1311_20260415,IV1311_20260514,IV1311_20260616,IV1311_20260717,IV1311_20260818,IV1311_20260916
2003-12-01,100.0,100.0,100.0,100.0,100.0,100.0,100.0,100.0,100.0,100.0,100.0,100.0,100.0,100.0,100.0,100.0,100.0,100.0,100.0,100.0,100.0,100.0,100.0,100.0,100.0,100.0,100.0,100.0,100.0,100.0,100.0,100.0,100.0,100.0,100.0,100.0,100.0,100.0,100.0,100.0,100.0,100.0,100.0,100.0,100.0,100.0,100.0,100.0,100.0,100.0,100.0,100.0,100.0,100.0,100.0,100.0,100.0,100.0,100.0,100.0,100.0,100.0,100.0,100.0,100.0,100.0,100.0,100.0,100.0,100.0,100.0,100.0,100.0,100.0,100.0,100.0,100.0,100.0,100.0,100.0,100.0,100.0,100.0,100.0,100.0,100.0,100.0,100.0,100.0,100.0,100.0,100.0,100.0,100.0,100.0,100.0,100.0,100.0,100.0,100.0,100.0,100.0,100.0,100.0,100.0,100.0,100.0,100.0,100.0,100.0,100.0,100.0,100.0,100.0,100.0,100.0,100.0,100.0,100.0,100.0,100.0,100.0,100.0,100.0,100.0,100.0,100.0,100.0,100.0,100.0,100.0,100.0,100.0,100.0,100.0,100.0,100.0,100.0,100.0,100.0,100.0,100.0,100.0,100.0,100.0,100.0,100.0,100.0,100.0,100.0,100.0,100.0,100.0,100.0,100.0,100.0,100.0,100.0,100.0,100.0,100.0,100.0,100.0,100.0,100.0,100.0,100.0,100.0,100.0,100.0,100.0,100.0,100.0,100.0,100.0,100.0,100.0,100.0,100.0,100.0,100.0,100.0,100.0,100.0,100.0,100.0,100.0,100.0,100.0,100.0,100.0,100.0,100.0,100.0,100.0,100.0,100.0,100.0
2004-01-01,,,,,,,,,,,,,,,,,,,,,,,,,,,,,,,,,,,,,,,,,,,,,,,,,,,,,,,,,,,,,,,,,,,,,,,,,,,,,,,,,,,,,,,,,,,,,,,,,,,,,,,,,,,,,,,,,,,,,,,,,,,,,,,,,,,,,,,,,,,,,,,,,,,,,,,,,,,,,,,,,,,,,,,,,,,,,,,,,,,,,,,,,,,,,,,,,,,,,,
2004-02-01,,,,,,,,,,,,,,,,,,,,,,,,,,,,,,,,,,,,,,,,,,,,,,,,,,,,,,,,,,,,,,,,,,,,,,,,,,,,,,,,,,,,,,,,,,,,,,,,,,,,,,,,,,,,,,,,,,,,,,,,,,,,,,,,,,,,,,,,,,,,,,,,,,,,,,,,,,,,,,,,,,,,,,,,,,,,,,,,,,,,,,,,,,,,,,,,,,,,,,
2004-03-01,106.0,106.0,106.0,106.0,106.0,106.0,106.0,106.0,106.0,106.0,106.0,106.0,106.0,106.0,106.0,106.0,106.0,106.0,106.0,106.0,106.0,106.0,106.0,106.0,106.0,106.0,106.0,106.0,106.0,106.0,106.0,106.0,106.0,106.0,106.0,106.0,106.0,106.0,106.0,106.0,106.0,106.0,106.0,106.0,106.0,106.0,106.0,106.0,106.0,106.0,106.0,106.0,106.0,106.0,106.0,106.0,106.0,106.0,106.0,106.0,106.0,106.0,106.0,106.0,106.0,106.0,106.0,106.0,106.0,106.0,106.0,106.0,106.0,106.0,106.0,106.0,106.0,106.0,106.0,106.0,106.0,106.0,106.0,106.0,106.0,106.0,106.0,106.0,106.0,106.0,106.0,106.0,106.0,106.0,106.0,106.0,106.0,106.0,106.0,106.0,106.0,106.0,106.0,106.0,106.0,106.0,106.0,106.0,106.0,106.0,106.0,106.0,106.0,106.0,106.0,106.0,106.0,106.0,106.0,106.0,106.0,106.0,106.0,106.0,106.0,106.0,106.0,106.0,106.0,106.0,106.0,106.0,106.0,106.0,106.0,106.0,106.0,106.0,106.0,106.0,106.0,106.0,106.0,106.0,106.0,106.0,106.0,106.0,106.0,106.0,106.0,106.0,106.0,106.0,106.0,106.0,106.0,106.0,106.0,106.0,106.0,106.0,106.0,106.0,106.0,106.0,106.0,106.0,106.0,106.0,106.0,106.0,106.0,106.0,106.0,106.0,106.0,106.0,106.0,106.0,106.0,106.0,106.0,106.0,106.0,106.0,106.0,106.0,106.0,106.0,106.0,106.0,106.0,106.0,106.0,106.0,106.0,106.0
2004-04-01,,,,,,,,,,,,,,,,,,,,,,,,,,,,,,,,,,,,,,,,,,,,,,,,,,,,,,,,,,,,,,,,,,,,,,,,,,,,,,,,,,,,,,,,,,,,,,,,,,,,,,,,,,,,,,,,,,,,,,,,,,,,,,,,,,,,,,,,,,,,,,,,,,,,,,,,,,,,,,,,,,,,,,,,,,,,,,,,,,,,,,,,,,,,,,,,,,,,,,
2004-05-01,,,,,,,,,,,,,,,,,,,,,,,,,,,,,,,,,,,,,,,,,,,,,,,,,,,,,,,,,,,,,,,,,,,,,,,,,,,,,,,,,,,,,,,,,,,,,,,,,,,,,,,,,,,,,,,,,,,,,,,,,,,,,,,,,,,,,,,,,,,,,,,,,,,,,,,,,,,,,,,,,,,,,,,,,,,,,,,,,,,,,,,,,,,,,,,,,,,,,,
2004-06-01,107.9,107.9,107.9,107.9,107.9,107.9,107.9,107.9,107.9,107.9,107.9,107.9,107.9,107.9,107.9,107.9,107.9,107.9,107.9,107.9,107.9,107.9,107.9,107.9,107.9,107.9,107.9,107.9,107.9,107.9,107.9,107.9,107.9,107.9,107.9,107.9,107.9,107.9,107.9,107.9,107.9,107.9,107.9,107.9,107.9,107.9,107.9,107.9,107.9,107.9,107.9,107.9,107.9,107.9,107.9,107.9,107.9,107.9,107.9,107.9,107.9,107.9,107.9,107.9,107.9,107.9,107.9,107.9,107.9,107.9,107.9,107.9,107.9,107.9,107.9,107.9,107.9,107.9,107.9,107.9,107.9,107.9,107.9,107.9,107.9,107.9,107.9,107.9,107.9,107.9,107.9,107.9,107.9,107.9,107.9,107.9,107.9,107.9,107.9,107.9,107.9,107.9,107.9,107.9,107.9,107.9,107.9,107.9,107.9,107.9,107.9,107.9,107.9,107.9,107.9,107.9,107.9,107.9,107.9,107.9,107.9,107.9,107.9,107.9,107.9,107.9,107.9,107.9,107.9,107.9,107.9,107.9,107.9,107.9,107.9,107.9,107.9,107.9,107.9,107.9,107.9,107.9,107.9,107.9,107.9,107.9,107.9,107.9,107.9,107.9,107.9,107.9,107.9,107.9,107.9,107.9,107.9,107.9,107.9,107.9,107.9,107.9,107.9,107.9,107.9,107.9,107.9,107.9,107.9,107.9,107.9,107.9,107.9,107.9,107.9,107.9,107.9,107.9,107.9,107.9,107.9,107.9,107.9,107.9,107.9,107.9,107.9,107.9,107.9,107.9,107.9,107.9,107.9,107.9,107.9,107.9,107.9,107.9
2004-07-01,,,,,,,,,,,,,,,,,,,,,,,,,,,,,,,,,,,,,,,,,,,,,,,,,,,,,,,,,,,,,,,,,,,,,,,,,,,,,,,,,,,,,,,,,,,,,,,,,,,,,,,,,,,,,,,,,,,,,,,,,,,,,,,,,,,,,,,,,,,,,,,,,,,,,,,,,,,,,,,,,,,,,,,,,,,,,,,,,,,,,,,,,,,,,,,,,,,,,,
2004-08-01,,,,,,,,,,,,,,,,,,,,,,,,,,,,,,,,,,,,,,,,,,,,,,,,,,,,,,,,,,,,,,,,,,,,,,,,,,,,,,,,,,,,,,,,,,,,,,,,,,,,,,,,,,,,,,,,,,,,,,,,,,,,,,,,,,,,,,,,,,,,,,,,,,,,,,,,,,,,,,,,,,,,,,,,,,,,,,,,,,,,,,,,,,,,,,,,,,,,,,
2004-09-01,112.1,112.1,112.1,112.1,112.1,112.1,112.1,112.1,112.1,112.1,112.1,112.1,112.1,112.1,112.1,112.1,112.1,112.1,112.1,112.1,112.1,112.1,112.1,112.1,112.1,112.1,112.1,112.1,112.1,112.1,112.1,112.1,112.1,112.1,112.1,112.1,112.1,112.1,112.1,112.1,112.1,112.1,112.1,112.1,112.1,112.1,112.1,112.1,112.1,112.1,112.1,112.1,112.1,112.1,112.1,112.1,112.1,112.1,112.1,112.1,112.1,112.1,112.1,112.1,112.1,112.1,112.1,112.1,112.1,112.1,112.1,112.1,112.1,112.1,112.1,112.1,112.1,112.1,112.1,112.1,112.1,112.1,112.1,112.1,112.1,112.1,112.1,112.1,112.1,112.1,112.1,112.1,112.1,112.1,112.1,112.1,112.1,112.1,112.1,112.1,112.1,112.1,112.1,112.1,112.1,112.1,112.1,112.1,112.1,112.1,112.1,112.1,112.1,112.1,112.1,112.1,112.1,112.1,112.1,112.1,112.1,112.1,112.1,112.1,112.1,112.1,112.1,112.1,112.1,112.1,112.1,112.1,112.1,112.1,112.1,112.1,112.1,112.1,112.1,112.1,112.1,112.1,112.1,112.1,112.1,112.1,112.1,112.1,112.1,112.1,112.1,112.1,112.1,112.1,112.1,112.1,112.1,112.1,112.1,112.1,112.1,112.1,112.1,112.1,112.1,112.1,112.1,112.1,112.1,112.1,112.1,112.1,112.1,112.1,112.1,112.1,112.1,112.1,112.1,112.1,112.1,112.1,112.1,112.1,112.1,112.1,112.1,112.1,112.1,112.1,112.1,112.1,112.1,112.1,112.1,112.1,112.1,112.1
2004-10-01,,,,,,,,,,,,,,,,,,,,,,,,,,,,,,,,,,,,,,,,,,,,,,,,,,,,,,,,,,,,,,,,,,,,,,,,,,,,,,,,,,,,,,,,,,,,,,,,,,,,,,,,,,,,,,,,,,,,,,,,,,,,,,,,,,,,,,,,,,,,,,,,,,,,,,,,,,,,,,,,,,,,,,,,,,,,,,,,,,,,,,,,,,,,,,,,,,,,,,
2004-11-01,,,,,,,,,,,,,,,,,,,,,,,,,,,,,,,,,,,,,,,,,,,,,,,,,,,,,,,,,,,,,,,,,,,,,,,,,,,,,,,,,,,,,,,,,,,,,,,,,,,,,,,,,,,,,,,,,,,,,,,,,,,,,,,,,,,,,,,,,,,,,,,,,,,,,,,,,,,,,,,,,,,,,,,,,,,,,,,,,,,,,,,,,,,,,,,,,,,,,,
2004-12-01,122.5,122.5,122.5,122.5,122.5,122.5,122.5,122.5,122.5,122.5,122.5,122.5,122.5,122.5,122.5,122.5,122.5,122.5,122.5,122.5,122.5,122.5,122.5,122.5,122.5,122.5,122.5,122.5,122.5,122.5,122.5,122.5,122.5,122.5,122.5,122.5,122.5,122.5,122.5,122.5,122.5,122.5,122.5,122.5,122.5,122.5,122.5,122.5,122.5,122.5,122.5,122.5,122.5,122.5,122.5,122.5,122.5,122.5,122.5,122.5,122.5,122.5,122.5,122.5,122.5,122.5,122.5,122.5,122.5,122.5,122.5,122.5,122.5,122.5,122.5,122.5,122.5,122.5,122.5,122.5,122.5,122.5,122.5,122.5,122.5,122.5,122.5,122.5,122.5,122.5,122.5,122.5,122.5,122.5,122.5,122.5,122.5,122.5,122.5,122.5,122.5,122.5,122.5,122.5,122.5,122.5,122.5,122.5,122.5,122.5,122.5,122.5,122.5,122.5,122.5,122.5,122.5,122.5,122.5,122.5,122.5,122.5,122.5,122.5,122.5,122.5,122.5,122.5,122.5,122.5,122.5,122.5,122.5,122.5,122.5,122.5,122.5,122.5,122.5,122.5,122.5,122.5,122.5,122.5,122.5,122.5,122.5,122.5,122.5,122.5,122.5,122.5,122.5,122.5,122.5,122.5,122.5,122.5,122.5,122.5,122.5,122.5,122.5,122.5,122.5,122.5,122.5,122.5,122.5,122.5,122.5,122.5,122.5,122.5,122.5,122.5,122.5,122.5,122.5,122.5,122.5,122.5,122.5,122.5,122.5,122.5,122.5,122.5,122.5,122.5,122.5,122.5,122.5,122.5,122.5,122.5,122.5,122.5
2005-01-01,,,,,,,,,,,,,,,,,,,,,,,,,,,,,,,,,,,,,,,,,,,,,,,,,,,,,,,,,,,,,,,,,,,,,,,,,,,,,,,,,,,,,,,,,,,,,,,,,,,,,,,,,,,,,,,,,,,,,,,,,,,,,,,,,,,,,,,,,,,,,,,,,,,,,,,,,,,,,,,,,,,,,,,,,,,,,,,,,,,,,,,,,,,,,,,,,,,,,,
2005-02-01,,,,,,,,,,,,,,,,,,,,,,,,,,,,,,,,,,,,,,,,,,,,,,,,,,,,,,,,,,,,,,,,,,,,,,,,,,,,,,,,,,,,,,,,,,,,,,,,,,,,,,,,,,,,,,,,,,,,,,,,,,,,,,,,,,,,,,,,,,,,,,,,,,,,,,,,,,,,,,,,,,,,,,,,,,,,,,,,,,,,,,,,,,,,,,,,,,,,,,
2005-03-01,120.9,120.9,120.9,120.9,120.9,120.9,120.9,120.9,120.9,120.9,120.9,120.9,120.9,120.9,120.9,120.9,120.9,120.9,120.9,120.9,120.9,120.9,120.9,120.9,120.9,120.9,120.9,120.9,120.9,120.9,120.9,120.9,120.9,120.9,120.9,120.9,120.9,120.9,120.9,120.9,120.9,120.9,120.9,120.9,120.9,120.9,120.9,120.9,120.9,120.9,120.9,120.9,120.9,120.9,120.9,120.9,120.9,120.9,120.9,120.9,120.9,120.9,120.9,120.9,120.9,120.9,120.9,120.9,120.9,120.9,120.9,120.9,120.9,120.9,120.9,120.9,120.9,120.9,120.9,120.9,120.9,120.9,120.9,120.9,120.9,120.9,120.9,120.9,120.9,120.9,120.9,120.9,120.9,120.9,120.9,120.9,120.9,120.9,120.9,120.9,120.9,120.9,120.9,120.9,120.9,120.9,120.9,120.9,120.9,120.9,120.9,120.9,120.9,120.9,120.9,120.9,120.9,120.9,120.9,120.9,120.9,120.9,120.9,120.9,120.9,120.9,120.9,120.9,120.9,120.9,120.9,120.9,120.9,120.9,120.9,120.9,120.9,120.9,120.9,120.9,120.9,120.9,120.9,120.9,120.9,120.9,120.9,120.9,120.9,120.9,120.9,120.9,120.9,120.9,120.9,120.9,120.9,120.9,120.9,120.9,120.9,120.9,120.9,120.9,120.9,120.9,120.9,120.9,120.9,120.9,120.9,120.9,120.9,120.9,120.9,120.9,120.9,120.9,120.9,120.9,120.9,120.9,120.9,120.9,120.9,120.9,120.9,120.9,120.9,120.9,120.9,120.9,120.9,120.9,120.9,120.9,120.9,120.9
2005-04-01,,,,,,,,,,,,,,,,,,,,,,,,,,,,,,,,,,,,,,,,,,,,,,,,,,,,,,,,,,,,,,,,,,,,,,,,,,,,,,,,,,,,,,,,,,,,,,,,,,,,,,,,,,,,,,,,,,,,,,,,,,,,,,,,,,,,,,,,,,,,,,,,,,,,,,,,,,,,,,,,,,,,,,,,,,,,,,,,,,,,,,,,,,,,,,,,,,,,,,
2005-05-01,,,,,,,,,,,,,,,,,,,,,,,,,,,,,,,,,,,,,,,,,,,,,,,,,,,,,,,,,,,,,,,,,,,,,,,,,,,,,,,,,,,,,,,,,,,,,,,,,,,,,,,,,,,,,,,,,,,,,,,,,,,,,,,,,,,,,,,,,,,,,,,,,,,,,,,,,,,,,,,,,,,,,,,,,,,,,,,,,,,,,,,,,,,,,,,,,,,,,,
2005-06-01,120.6,120.6,120.6,120.6,120.6,120.6,120.6,120.6,120.6,120.6,120.6,120.6,120.6,120.6,120.6,120.6,120.6,120.6,120.6,120.6,120.6,120.6,120.6,120.6,120.6,120.6,120.6,120.6,120.6,120.6,120.6,120.6,120.6,120.6,120.6,120.6,120.6,120.6,120.6,120.6,120.6,120.6,120.6,120.6,120.6,120.6,120.6,120.6,120.6,120.6,120.6,120.6,120.6,120.6,120.6,120.6,120.6,120.6,120.6,120.6,120.6,120.6,120.6,120.6,120.6,120.6,120.6,120.6,120.6,120.6,120.6,120.6,120.6,120.6,120.6,120.6,120.6,120.6,120.6,120.6,120.6,120.6,120.6,120.6,120.6,120.6,120.6,120.6,120.6,120.6,120.6,120.6,120.6,120.6,120.6,120.6,120.6,120.6,120.6,120.6,120.6,120.6,120.6,120.6,120.6,120.6,120.6,120.6,120.6,120.6,120.6,120.6,120.6,120.6,120.6,120.6,120.6,120.6,120.6,120.6,120.6,120.6,120.6,120.6,120.6,120.6,120.6,120.6,120.6,120.6,120.6,120.6,120.6,120.6,120.6,120.6,120.6,120.6,120.6,120.6,120.6,120.6,120.6,120.6,120.6,120.6,120.6,120.6,120.6,120.6,120.6,120.6,120.6,120.6,120.6,120.6,120.6,120.6,120.6,120.6,120.6,120.6,120.6,120.6,120.6,120.6,120.6,120.6,120.6,120.6,120.6,120.6,120.6,120.6,120.6,120.6,120.6,120.6,120.6,120.6,120.6,120.6,120.6,120.6,120.6,120.6,120.6,120.6,120.6,120.6,120.6,120.6,120.6,120.6,120.6,120.6,120.6,120.6
2005-07-01,,,,,,,,,,,,,,,,,,,,,,,,,,,,,,,,,,,,,,,,,,,,,,,,,,,,,,,,,,,,,,,,,,,,,,,,,,,,,,,,,,,,,,,,,,,,,,,,,,,,,,,,,,,,,,,,,,,,,,,,,,,,,,,,,,,,,,,,,,,,,,,,,,,,,,,,,,,,,,,,,,,,,,,,,,,,,,,,,,,,,,,,,,,,,,,,,,,,,,
2005-08-01,,,,,,,,,,,,,,,,,,,,,,,,,,,,,,,,,,,,,,,,,,,,,,,,,,,,,,,,,,,,,,,,,,,,,,,,,,,,,,,,,,,,,,,,,,,,,,,,,,,,,,,,,,,,,,,,,,,,,,,,,,,,,,,,,,,,,,,,,,,,,,,,,,,,,,,,,,,,,,,,,,,,,,,,,,,,,,,,,,,,,,,,,,,,,,,,,,,,,,
2005-09-01,122.6,122.6,122.6,122.6,122.6,122.6,122.6,122.6,122.6,122.6,122.6,122.6,122.6,122.6,122.6,122.6,122.6,122.6,122.6,122.6,122.6,122.6,122.6,122.6,122.6,122.6,122.6,122.6,122.6,122.6,122.6,122.6,122.6,122.6,122.6,122.6,122.6,122.6,122.6,122.6,122.6,122.6,122.6,122.6,122.6,122.6,122.6,122.6,122.6,122.6,122.6,122.6,122.6,122.6,122.6,122.6,122.6,122.6,122.6,122.6,122.6,122.6,122.6,122.6,122.6,122.6,122.6,122.6,122.6,122.6,122.6,122.6,122.6,122.6,122.6,122.6,122.6,122.6,122.6,122.6,122.6,122.6,122.6,122.6,122.6,122.6,122.6,122.6,122.6,122.6,122.6,122.6,122.6,122.6,122.6,122.6,122.6,122.6,122.6,122.6,122.6,122.6,122.6,122.6,122.6,122.6,122.6,122.6,122.6,122.6,122.6,122.6,122.6,122.6,122.6,122.6,122.6,122.6,122.6,122.6,122.6,122.6,122.6,122.6,122.6,122.6,122.6,122.6,122.6,122.6,122.6,122.6,122.6,122.6,122.6,122.6,122.6,122.6,122.6,122.6,122.6,122.6,122.6,122.6,122.6,122.6,122.6,122.6,122.6,122.6,122.6,122.6,122.6,122.6,122.6,122.6,122.6,122.6,122.6,122.6,122.6,122.6,122.6,122.6,122.6,122.6,122.6,122.6,122.6,122.6,122.6,122.6,122.6,122.6,122.6,122.6,122.6,122.6,122.6,122.6,122.6,122.6,122.6,122.6,122.6,122.6,122.6,122.6,122.6,122.6,122.6,122.6,122.6,122.6,122.6,122.6,122.6,122.6
2005-10-01,,,,,,,,,,,,,,,,,,,,,,,,,,,,,,,,,,,,,,,,,,,,,,,,,,,,,,,,,,,,,,,,,,,,,,,,,,,,,,,,,,,,,,,,,,,,,,,,,,,,,,,,,,,,,,,,,,,,,,,,,,,,,,,,,,,,,,,,,,,,,,,,,,,,,,,,,,,,,,,,,,,,,,,,,,,,,,,,,,,,,,,,,,,,,,,,,,,,,,
2005-11-01,,,,,,,,,,,,,,,,,,,,,,,,,,,,,,,,,,,,,,,,,,,,,,,,,,,,,,,,,,,,,,,,,,,,,,,,,,,,,,,,,,,,,,,,,,,,,,,,,,,,,,,,,,,,,,,,,,,,,,,,,,,,,,,,,,,,,,,,,,,,,,,,,,,,,,,,,,,,,,,,,,,,,,,,,,,,,,,,,,,,,,,,,,,,,,,,,,,,,,
2005-12-01,120.0,120.0,120.0,120.0,120.0,120.0,120.0,120.0,120.0,120.0,120.0,120.0,120.0,120.0,120.0,120.0,120.0,120.0,120.0,120.0,120.0,120.0,120.0,120.0,120.0,120.0,120.0,120.0,120.0,120.0,120.0,120.0,120.0,120.0,120.0,120.0,120.0,120.0,120.0,120.0,120.0,120.0,120.0,120.0,120.0,120.0,120.0,120.0,120.0,120.0,120.0,120.0,120.0,120.0,120.0,120.0,120.0,120.0,120.0,120.0,120.0,120.0,120.0,120.0,120.0,120.0,120.0,120.0,120.0,120.0,120.0,120.0,120.0,120.0,120.0,120.0,120.0,120.0,120.0,120.0,120.0,120.0,120.0,120.0,120.0,120.0,120.0,120.0,120.0,120.0,120.0,120.0,120.0,120.0,120.0,120.0,120.0,120.0,120.0,120.0,120.0,120.0,120.0,120.0,120.0,120.0,120.0,120.0,120.0,120.0,120.0,120.0,120.0,120.0,120.0,120.0,120.0,120.0,120.0,120.0,120.0,120.0,120.0,120.0,120.0,120.0,120.0,120.0,120.0,120.0,120.0,120.0,120.0,120.0,120.0,120.0,120.0,120.0,120.0,120.0,120.0,120.0,120.0,120.0,120.0,120.0,120.0,120.0,120.0,120.0,120.0,120.0,120.0,120.0,120.0,120.0,120.0,120.0,120.0,120.0,120.0,120.0,120.0,120.0,120.0,120.0,120.0,120.0,120.0,120.0,120.0,120.0,120.0,120.0,120.0,120.0,120.0,120.0,120.0,120.0,120.0,120.0,120.0,120.0,120.0,120.0,120.0,120.0,120.0,120.0,120.0,120.0,120.0,120.0,120.0,120.0,120.0,120.0
2006-01-01,118.0,118.0,118.0,118.0,118.0,118.0,118.0,118.0,118.0,118.0,118.0,118.0,118.0,118.0,118.0,118.0,118.0,118.0,118.0,118.0,118.0,118.0,118.0,118.0,118.0,118.0,118.0,118.0,118.0,118.0,118.0,118.0,118.0,118.0,118.0,118.0,118.0,118.0,118.0,118.0,118.0,118.0,118.0,118.0,118.0,118.0,118.0,118.0,118.0,118.0,118.0,118.0,118.0,118.0,118.0,118.0,118.0,118.0,118.0,118.0,118.0,118.0,118.0,118.0,118.0,118.0,118.0,118.0,118.0,118.0,118.0,118.0,118.0,118.0,118.0,118.0,118.0,118.0,118.0,118.0,118.0,118.0,118.0,118.0,118.0,118.0,118.0,118.0,118.0,118.0,118.0,118.0,118.0,118.0,118.0,118.0,118.0,118.0,118.0,118.0,118.0,118.0,118.0,118.0,118.0,118.0,118.0,118.0,118.0,118.0,118.0,118.0,118.0,118.0,118.0,118.0,118.0,118.0,118.0,118.0,118.0,118.0,118.0,118.0,118.0,118.0,118.0,118.0,118.0,118.0,118.0,118.0,118.0,118.0,118.0,118.0,118.0,118.0,118.0,118.0,118.0,118.0,118.0,118.0,118.0,118.0,118.0,118.0,118.0,118.0,118.0,118.0,118.0,118.0,118.0,118.0,118.0,118.0,118.0,118.0,118.0,118.0,118.0,118.0,118.0,118.0,118.0,118.0,118.0,118.0,118.0,118.0,118.0,118.0,118.0,118.0,118.0,118.0,118.0,118.0,118.0,118.0,118.0,118.0,118.0,118.0,118.0,118.0,118.0,118.0,118.0,118.0,118.0,118.0,118.0,118.0,118.0,118.0
2006-02-01,121.2,121.2,121.2,121.2,121.2,121.2,121.2,121.2,121.2,121.2,121.2,121.2,121.2,121.2,121.2,121.2,121.2,121.2,121.2,121.2,121.2,121.2,121.2,121.2,121.2,121.2,121.2,121.2,121.2,121.2,121.2,121.2,121.2,121.2,121.2,121.2,121.2,121.2,121.2,121.2,121.2,121.2,121.2,121.2,121.2,121.2,121.2,121.2,121.2,121.2,121.2,121.2,121.2,121.2,121.2,121.2,121.2,121.2,121.2,121.2,121.2,121.2,121.2,121.2,121.2,121.2,121.2,121.2,121.2,121.2,121.2,121.2,121.2,121.2,121.2,121.2,121.2,121.2,121.2,121.2,121.2,121.2,121.2,121.2,121.2,121.2,121.2,121.2,121.2,121.2,121.2,121.2,121.2,121.2,121.2,121.2,121.2,121.2,121.2,121.2,121.2,121.2,121.2,121.2,121.2,121.2,121.2,121.2,121.2,121.2,121.2,121.2,121.2,121.2,121.2,121.2,121.2,121.2,121.2,121.2,121.2,121.2,121.2,121.2,121.2,121.2,121.2,121.2,121.2,121.2,121.2,121.2,121.2,121.2,121.2,121.2,121.2,121.2,121.2,121.2,121.2,121.2,121.2,121.2,121.2,121.2,121.2,121.2,121.2,121.2,121.2,121.2,121.2,121.2,121.2,121.2,121.2,121.2,121.2,121.2,121.2,121.2,121.2,121.2,121.2,121.2,121.2,121.2,121.2,121.2,121.2,121.2,121.2,121.2,121.2,121.2,121.2,121.2,121.2,121.2,121.2,121.2,121.2,121.2,121.2,121.2,121.2,121.2,121.2,121.2,121.2,121.2,121.2,121.2,121.2,121.2,121.2,121.2
2006-03-01,120.7,120.7,120.7,120.7,120.7,120.7,120.7,120.7,120.7,120.7,120.7,120.7,120.7,120.7,120.7,120.7,120.7,120.7,120.7,120.7,120.7,120.7,120.7,120.7,120.7,120.7,120.7,120.7,120.7,120.7,120.7,120.7,120.7,120.7,120.7,120.7,120.7,120.7,120.7,120.7,120.7,120.7,120.7,120.7,120.7,120.7,120.7,120.7,120.7,120.7,120.7,120.7,120.7,120.7,120.7,120.7,120.7,120.7,120.7,120.7,120.7,120.7,120.7,120.7,120.7,120.7,120.7,120.7,120.7,120.7,120.7,120.7,120.7,120.7,120.7,120.7,120.7,120.7,120.7,120.7,120.7,120.7,120.7,120.7,120.7,120.7,120.7,120.7,120.7,120.7,120.7,120.7,120.7,120.7,120.7,120.7,120.7,120.7,120.7,120.7,120.7,120.7,120.7,120.7,120.7,120.7,120.7,120.7,120.7,120.7,120.7,120.7,120.7,120.7,120.7,120.7,120.7,120.7,120.7,120.7,120.7,120.7,120.7,120.7,120.7,120.7,120.7,120.7,120.7,120.7,120.7,120.7,120.7,120.7,120.7,120.7,120.7,120.7,120.7,120.7,120.7,120.7,120.7,120.7,120.7,120.7,120.7,120.7,120.7,120.7,120.7,120.7,120.7,120.7,120.7,120.7,120.7,120.7,120.7,120.7,120.7,120.7,120.7,120.7,120.7,120.7,120.7,120.7,120.7,120.7,120.7,120.7,120.7,120.7,120.7,120.7,120.7,120.7,120.7,120.7,120.7,120.7,120.7,120.7,120.7,120.7,120.7,120.7,120.7,120.7,120.7,120.7,120.7,120.7,120.7,120.7,120.7,120.7
2006-04-01,121.6,121.6,121.6,121.6,121.6,121.6,121.6,121.6,121.6,121.6,121.6,121.6,121.6,121.6,121.6,121.6,121.6,121.6,121.6,121.6,121.6,121.6,121.6,121.6,121.6,121.6,121.6,121.6,121.6,121.6,121.6,121.6,121.6,121.6,121.6,121.6,121.6,121.6,121.6,121.6,121.6,121.6,121.6,121.6,121.6,121.6,121.6,121.6,121.6,121.6,121.6,121.6,121.6,121.6,121.6,121.6,121.6,121.6,121.6,121.6,121.6,121.6,121.6,121.6,121.6,121.6,121.6,121.6,121.6,121.6,121.6,121.6,121.6,121.6,121.6,121.6,121.6,121.6,121.6,121.6,121.6,121.6,121.6,121.6,121.6,121.6,121.6,121.6,121.6,121.6,121.6,121.6,121.6,121.6,121.6,121.6,121.6,121.6,121.6,121.6,121.6,121.6,121.6,121.6,121.6,121.6,121.6,121.6,121.6,121.6,121.6,121.6,121.6,121.6,121.6,121.6,121.6,121.6,121.6,121.6,121.6,121.6,121.6,121.6,121.6,121.6,121.6,121.6,121.6,121.6,121.6,121.6,121.6,121.6,121.6,121.6,121.6,121.6,121.6,121.6,121.6,121.6,121.6,121.6,121.6,121.6,121.6,121.6,121.6,121.6,121.6,121.6,121.6,121.6,121.6,121.6,121.6,121.6,121.6,121.6,121.6,121.6,121.6,121.6,121.6,121.6,121.6,121.6,121.6,121.6,121.6,121.6,121.6,121.6,121.6,121.6,121.6,121.6,121.6,121.6,121.6,121.6,121.6,121.6,121.6,121.6,121.6,121.6,121.6,121.6,121.6,121.6,121.6,121.6,121.6,121.6,121.6,121.6
2006-05-01,124.8,124.8,124.8,124.8,124.8,124.8,124.8,124.8,124.8,124.8,124.8,124.8,124.8,124.8,124.8,124.8,124.8,124.8,124.8,124.8,124.8,124.8,124.8,124.8,124.8,124.8,124.8,124.8,124.8,124.8,124.8,124.8,124.8,124.8,124.8,124.8,124.8,124.8,124.8,124.8,124.8,124.8,124.8,124.8,124.8,124.8,124.8,124.8,124.8,124.8,124.8,124.8,124.8,124.8,124.8,124.8,124.8,124.8,124.8,124.8,124.8,124.8,124.8,124.8,124.8,124.8,124.8,124.8,124.8,124.8,124.8,124.8,124.8,124.8,124.8,124.8,124.8,124.8,124.8,124.8,124.8,124.8,124.8,124.8,124.8,124.8,124.8,124.8,124.8,124.8,124.8,124.8,124.8,124.8,124.8,124.8,124.8,124.8,124.8,124.8,124.8,124.8,124.8,124.8,124.8,124.8,124.8,124.8,124.8,124.8,124.8,124.8,124.8,124.8,124.8,124.8,124.8,124.8,124.8,124.8,124.8,124.8,124.8,124.8,124.8,124.8,124.8,124.8,124.8,124.8,124.8,124.8,124.8,124.8,124.8,124.8,124.8,124.8,124.8,124.8,124.8,124.8,124.8,124.8,124.8,124.8,124.8,124.8,124.8,124.8,124.8,124.8,124.8,124.8,124.8,124.8,124.8,124.8,124.8,124.8,124.8,124.8,124.8,124.8,124.8,124.8,124.8,124.8,124.8,124.8,124.8,124.8,124.8,124.8,124.8,124.8,124.8,124.8,124.8,124.8,124.8,124.8,124.8,124.8,124.8,124.8,124.8,124.8,124.8,124.8,124.8,124.8,124.8,124.8,124.8,124.8,124.8,124.8
2006-06-01,131.5,131.5,131.5,131.5,131.5,131.5,131.5,131.5,131.5,131.5,131.5,131.5,131.5,131.5,131.5,131.5,131.5,131.5,131.5,131.5,131.5,131.5,131.5,131.5,131.5,131.5,131.5,131.5,131.5,131.5,131.5,131.5,131.5,131.5,131.5,131.5,131.5,131.5,131.5,131.5,131.5,131.5,131.5,131.5,131.5,131.5,131.5,131.5,131.5,131.5,131.5,131.5,131.5,131.5,131.5,131.5,131.5,131.5,131.5,131.5,131.5,131.5,131.5,131.5,131.5,131.5,131.5,131.5,131.5,131.5,131.5,131.5,131.5,131.5,131.5,131.5,131.5,131.5,131.5,131.5,131.5,131.5,131.5,131.5,131.5,131.5,131.5,131.5,131.5,131.5,131.5,131.5,131.5,131.5,131.5,131.5,131.5,131.5,131.5,131.5,131.5,131.5,131.5,131.5,131.5,131.5,131.5,131.5,131.5,131.5,131.5,131.5,131.5,131.5,131.5,131.5,131.5,131.5,131.5,131.5,131.5,131.5,131.5,131.5,131.5,131.5,131.5,131.5,131.5,131.5,131.5,131.5,131.5,131.5,131.5,131.5,131.5,131.5,131.5,131.5,131.5,131.5,131.5,131.5,131.5,131.5,131.5,131.5,131.5,131.5,131.5,131.5,131.5,131.5,131.5,131.5,131.5,131.5,131.5,131.5,131.5,131.5,131.5,131.5,131.5,131.5,131.5,131.5,131.5,131.5,131.5,131.5,131.5,131.5,131.5,131.5,131.5,131.5,131.5,131.5,131.5,131.5,131.5,131.5,131.5,131.5,131.5,131.5,131.5,131.5,131.5,131.5,131.5,131.5,131.5,131.5,131.5,131.5
2006-07-01,130.0,130.0,130.0,130.0,130.0,130.0,130.0,130.0,130.0,130.0,130.0,130.0,130.0,130.0,130.0,130.0,130.0,130.0,130.0,130.0,130.0,130.0,130.0,130.0,130.0,130.0,130.0,130.0,130.0,130.0,130.0,130.0,130.0,130.0,130.0,130.0,130.0,130.0,130.0,130.0,130.0,130.0,130.0,130.0,130.0,130.0,130.0,130.0,130.0,130.0,130.0,130.0,130.0,130.0,130.0,130.0,130.0,130.0,130.0,130.0,130.0,130.0,130.0,130.0,130.0,130.0,130.0,130.0,130.0,130.0,130.0,130.0,130.0,130.0,130.0,130.0,130.0,130.0,130.0,130.0,130.0,130.0,130.0,130.0,130.0,130.0,130.0,130.0,130.0,130.0,130.0,130.0,130.0,130.0,130.0,130.0,130.0,130.0,130.0,130.0,130.0,130.0,130.0,130.0,130.0,130.0,130.0,130.0,130.0,130.0,130.0,130.0,130.0,130.0,130.0,130.0,130.0,130.0,130.0,130.0,130.0,130.0,130.0,130.0,130.0,130.0,130.0,130.0,130.0,130.0,130.0,130.0,130.0,130.0,130.0,130.0,130.0,130.0,130.0,130.0,130.0,130.0,130.0,130.0,130.0,130.0,130.0,130.0,130.0,130.0,130.0,130.0,130.0,130.0,130.0,130.0,130.0,130.0,130.0,130.0,130.0,130.0,130.0,130.0,130.0,130.0,130.0,130.0,130.0,130.0,130.0,130.0,130.0,130.0,130.0,130.0,130.0,130.0,130.0,130.0,130.0,130.0,130.0,130.0,130.0,130.0,130.0,130.0,130.0,130.0,130.0,130.0,130.0,130.0,130.0,130.0,130.0,130.0
2006-08-01,130.0,130.0,130.0,130.0,130.0,130.0,130.0,130.0,130.0,130.0,130.0,130.0,130.0,130.0,130.0,130.0,130.0,130.0,130.0,130.0,130.0,130.0,130.0,130.0,130.0,130.0,130.0,130.0,130.0,130.0,130.0,130.0,130.0,130.0,130.0,130.0,130.0,130.0,130.0,130.0,130.0,130.0,130.0,130.0,130.0,130.0,130.0,130.0,130.0,130.0,130.0,130.0,130.0,130.0,130.0,130.0,130.0,130.0,130.0,130.0,130.0,130.0,130.0,130.0,130.0,130.0,130.0,130.0,130.0,130.0,130.0,130.0,130.0,130.0,130.0,130.0,130.0,130.0,130.0,130.0,130.0,130.0,130.0,130.0,130.0,130.0,130.0,130.0,130.0,130.0,130.0,130.0,130.0,130.0,130.0,130.0,130.0,130.0,130.0,130.0,130.0,130.0,130.0,130.0,130.0,130.0,130.0,130.0,130.0,130.0,130.0,130.0,130.0,130.0,130.0,130.0,130.0,130.0,130.0,130.0,130.0,130.0,130.0,130.0,130.0,130.0,130.0,130.0,130.0,130.0,130.0,130.0,130.0,130.0,130.0,130.0,130.0,130.0,130.0,130.0,130.0,130.0,130.0,130.0,130.0,130.0,130.0,130.0,130.0,130.0,130.0,130.0,130.0,130.0,130.0,130.0,130.0,130.0,130.0,130.0,130.0,130.0,130.0,130.0,130.0,130.0,130.0,130.0,130.0,130.0,130.0,130.0,130.0,130.0,130.0,130.0,130.0,130.0,130.0,130.0,130.0,130.0,130.0,130.0,130.0,130.0,130.0,130.0,130.0,130.0,130.0,130.0,130.0,130.0,130.0,130.0,130.0,130.0
2006-09-01,131.8,131.8,131.8,131.8,131.8,131.8,131.8,131.8,131.8,131.8,131.8,131.8,131.8,131.8,131.8,131.8,131.8,131.8,131.8,131.8,131.8,131.8,131.8,131.8,131.8,131.8,131.8,131.8,131.8,131.8,131.8,131.8,131.8,131.8,131.8,131.8,131.8,131.8,131.8,131.8,131.8,131.8,131.8,131.8,131.8,131.8,131.8,131.8,131.8,131.8,131.8,131.8,131.8,131.8,131.8,131.8,131.8,131.8,131.8,131.8,131.8,131.8,131.8,131.8,131.8,131.8,131.8,131.8,131.8,131.8,131.8,131.8,131.8,131.8,131.8,131.8,131.8,131.8,131.8,131.8,131.8,131.8,131.8,131.8,131.8,131.8,131.8,131.8,131.8,131.8,131.8,131.8,131.8,131.8,131.8,131.8,131.8,131.8,131.8,131.8,131.8,131.8,131.8,131.8,131.8,131.8,131.8,131.8,131.8,131.8,131.8,131.8,131.8,131.8,131.8,131.8,131.8,131.8,131.8,131.8,131.8,131.8,131.8,131.8,131.8,131.8,131.8,131.8,131.8,131.8,131.8,131.8,131.8,131.8,131.8,131.8,131.8,131.8,131.8,131.8,131.8,131.8,131.8,131.8,131.8,131.8,131.8,131.8,131.8,131.8,131.8,131.8,131.8,131.8,131.8,131.8,131.8,131.8,131.8,131.8,131.8,131.8,131.8,131.8,131.8,131.8,131.8,131.8,131.8,131.8,131.8,131.8,131.8,131.8,131.8,131.8,131.8,131.8,131.8,131.8,131.8,131.8,131.8,131.8,131.8,131.8,131.8,131.8,131.8,131.8,131.8,131.8,131.8,131.8,131.8,131.8,131.8,131.8
2006-10-01,131.1,131.1,131.1,131.1,131.1,131.1,131.1,131.1,131.1,131.1,131.1,131.1,131.1,131.1,131.1,131.1,131.1,131.1,131.1,131.1,131.1,131.1,131.1,131.1,131.1,131.1,131.1,131.1,131.1,131.1,131.1,131.1,131.1,131.1,131.1,131.1,131.1,131.1,131.1,131.1,131.1,131.1,131.1,131.1,131.1,131.1,131.1,131.1,131.1,131.1,131.1,131.1,131.1,131.1,131.1,131.1,131.1,131.1,131.1,131.1,131.1,131.1,131.1,131.1,131.1,131.1,131.1,131.1,131.1,131.1,131.1,131.1,131.1,131.1,131.1,131.1,131.1,131.1,131.1,131.1,131.1,131.1,131.1,131.1,131.1,131.1,131.1,131.1,131.1,131.1,131.1,131.1,131.1,131.1,131.1,131.1,131.1,131.1,131.1,131.1,131.1,131.1,131.1,131.1,131.1,131.1,131.1,131.1,131.1,131.1,131.1,131.1,131.1,131.1,131.1,131.1,131.1,131.1,131.1,131.1,131.1,131.1,131.1,131.1,131.1,131.1,131.1,131.1,131.1,131.1,131.1,131.1,131.1,131.1,131.1,131.1,131.1,131.1,131.1,131.1,131.1,131.1,131.1,131.1,131.1,131.1,131.1,131.1,131.1,131.1,131.1,131.1,131.1,131.1,131.1,131.1,131.1,131.1,131.1,131.1,131.1,131.1,131.1,131.1,131.1,131.1,131.1,131.1,131.1,131.1,131.1,131.1,131.1,131.1,131.1,131.1,131.1,131.1,131.1,131.1,131.1,131.1,131.1,131.1,131.1,131.1,131.1,131.1,131.1,131.1,131.1,131.1,131.1,131.1,131.1,131.1,131.1,131.1
2006-11-01,125.4,125.4,125.4,125.4,125.4,125.4,125.4,125.4,125.4,125.4,125.4,125.4,125.4,125.4,125.4,125.4,125.4,125.4,125.4,125.4,125.4,125.4,125.4,125.4,125.4,125.4,125.4,125.4,125.4,125.4,125.4,125.4,125.4,125.4,125.4,125.4,125.4,125.4,125.4,125.4,125.4,125.4,125.4,125.4,125.4,125.4,125.4,125.4,125.4,125.4,125.4,125.4,125.4,125.4,125.4,125.4,125.4,125.4,125.4,125.4,125.4,125.4,125.4,125.4,125.4,125.4,125.4,125.4,125.4,125.4,125.4,125.4,125.4,125.4,125.4,125.4,125.4,125.4,125.4,125.4,125.4,125.4,125.4,125.4,125.4,125.4,125.4,125.4,125.4,125.4,125.4,125.4,125.4,125.4,125.4,125.4,125.4,125.4,125.4,125.4,125.4,125.4,125.4,125.4,125.4,125.4,125.4,125.4,125.4,125.4,125.4,125.4,125.4,125.4,125.4,125.4,125.4,125.4,125.4,125.4,125.4,125.4,125.4,125.4,125.4,125.4,125.4,125.4,125.4,125.4,125.4,125.4,125.4,125.4,125.4,125.4,125.4,125.4,125.4,125.4,125.4,125.4,125.4,125.4,125.4,125.4,125.4,125.4,125.4,125.4,125.4,125.4,125.4,125.4,125.4,125.4,125.4,125.4,125.4,125.4,125.4,125.4,125.4,125.4,125.4,125.4,125.4,125.4,125.4,125.4,125.4,125.4,125.4,125.4,125.4,125.4,125.4,125.4,125.4,125.4,125.4,125.4,125.4,125.4,125.4,125.4,125.4,125.4,125.4,125.4,125.4,125.4,125.4,125.4,125.4,125.4,125.4,125.4
2006-12-01,127.6,127.6,127.6,127.6,127.6,127.6,127.6,127.6,127.6,127.6,127.6,127.6,127.6,127.6,127.6,127.6,127.6,127.6,127.6,127.6,127.6,127.6,127.6,127.6,127.6,127.6,127.6,127.6,127.6,127.6,127.6,127.6,127.6,127.6,127.6,127.6,127.6,127.6,127.6,127.6,127.6,127.6,127.6,127.6,127.6,127.6,127.6,127.6,127.6,127.6,127.6,127.6,127.6,127.6,127.6,127.6,127.6,127.6,127.6,127.6,127.6,127.6,127.6,127.6,127.6,127.6,127.6,127.6,127.6,127.6,127.6,127.6,127.6,127.6,127.6,127.6,127.6,127.6,127.6,127.6,127.6,127.6,127.6,127.6,127.6,127.6,127.6,127.6,127.6,127.6,127.6,127.6,127.6,127.6,127.6,127.6,127.6,127.6,127.6,127.6,127.6,127.6,127.6,127.6,127.6,127.6,127.6,127.6,127.6,127.6,127.6,127.6,127.6,127.6,127.6,127.6,127.6,127.6,127.6,127.6,127.6,127.6,127.6,127.6,127.6,127.6,127.6,127.6,127.6,127.6,127.6,127.6,127.6,127.6,127.6,127.6,127.6,127.6,127.6,127.6,127.6,127.6,127.6,127.6,127.6,127.6,127.6,127.6,127.6,127.6,127.6,127.6,127.6,127.6,127.6,127.6,127.6,127.6,127.6,127.6,127.6,127.6,127.6,127.6,127.6,127.6,127.6,127.6,127.6,127.6,127.6,127.6,127.6,127.6,127.6,127.6,127.6,127.6,127.6,127.6,127.6,127.6,127.6,127.6,127.6,127.6,127.6,127.6,127.6,127.6,127.6,127.6,127.6,127.6,127.6,127.6,127.6,127.6
2007-01-01,130.9,130.9,130.9,130.9,130.9,130.9,130.9,130.9,130.9,130.9,130.9,130.9,130.9,130.9,130.9,130.9,130.9,130.9,130.9,130.9,130.9,130.9,130.9,130.9,130.9,130.9,130.9,130.9,130.9,130.9,130.9,130.9,130.9,130.9,130.9,130.9,130.9,130.9,130.9,130.9,130.9,130.9,130.9,130.9,130.9,130.9,130.9,130.9,130.9,130.9,130.9,130.9,130.9,130.9,130.9,130.9,130.9,130.9,130.9,130.9,130.9,130.9,130.9,130.9,130.9,130.9,130.9,130.9,130.9,130.9,130.9,130.9,130.9,130.9,130.9,130.9,130.9,130.9,130.9,130.9,130.9,130.9,130.9,130.9,130.9,130.9,130.9,130.9,130.9,130.9,130.9,130.9,130.9,130.9,130.9,130.9,130.9,130.9,130.9,130.9,130.9,130.9,130.9,130.9,130.9,130.9,130.9,130.9,130.9,130.9,130.9,130.9,130.9,130.9,130.9,130.9,130.9,130.9,130.9,130.9,130.9,130.9,130.9,130.9,130.9,130.9,130.9,130.9,130.9,130.9,130.9,130.9,130.9,130.9,130.9,130.9,130.9,130.9,130.9,130.9,130.9,130.9,130.9,130.9,130.9,130.9,130.9,130.9,130.9,130.9,130.9,130.9,130.9,130.9,130.9,130.9,130.9,130.9,130.9,130.9,130.9,130.9,130.9,130.9,130.9,130.9,130.9,130.9,130.9,130.9,130.9,130.9,130.9,130.9,130.9,130.9,130.9,130.9,130.9,130.9,130.9,130.9,130.9,130.9,130.9,130.9,130.9,130.9,130.9,130.9,130.9,130.9,130.9,130.9,130.9,130.9,130.9,130.9
2007-02-01,129.1,129.1,129.1,129.1,129.1,129.1,129.1,129.1,129.1,129.1,129.1,129.1,129.1,129.1,129.1,129.1,129.1,129.1,129.1,129.1,129.1,129.1,129.1,129.1,129.1,129.1,129.1,129.1,129.1,129.1,129.1,129.1,129.1,129.1,129.1,129.1,129.1,129.1,129.1,129.1,129.1,129.1,129.1,129.1,129.1,129.1,129.1,129.1,129.1,129.1,129.1,129.1,129.1,129.1,129.1,129.1,129.1,129.1,129.1,129.1,129.1,129.1,129.1,129.1,129.1,129.1,129.1,129.1,129.1,129.1,129.1,129.1,129.1,129.1,129.1,129.1,129.1,129.1,129.1,129.1,129.1,129.1,129.1,129.1,129.1,129.1,129.1,129.1,129.1,129.1,129.1,129.1,129.1,129.1,129.1,129.1,129.1,129.1,129.1,129.1,129.1,129.1,129.1,129.1,129.1,129.1,129.1,129.1,129.1,129.1,129.1,129.1,129.1,129.1,129.1,129.1,129.1,129.1,129.1,129.1,129.1,129.1,129.1,129.1,129.1,129.1,129.1,129.1,129.1,129.1,129.1,129.1,129.1,129.1,129.1,129.1,129.1,129.1,129.1,129.1,129.1,129.1,129.1,129.1,129.1,129.1,129.1,129.1,129.1,129.1,129.1,129.1,129.1,129.1,129.1,129.1,129.1,129.1,129.1,129.1,129.1,129.1,129.1,129.1,129.1,129.1,129.1,129.1,129.1,129.1,129.1,129.1,129.1,129.1,129.1,129.1,129.1,129.1,129.1,129.1,129.1,129.1,129.1,129.1,129.1,129.1,129.1,129.1,129.1,129.1,129.1,129.1,129.1,129.1,129.1,129.1,129.1,129.1
2007-03-01,129.4,129.4,129.4,129.4,129.4,129.4,129.4,129.4,129.4,129.4,129.4,129.4,129.4,129.4,129.4,129.4,129.4,129.4,129.4,129.4,129.4,129.4,129.4,129.4,129.4,129.4,129.4,129.4,129.4,129.4,129.4,129.4,129.4,129.4,129.4,129.4,129.4,129.4,129.4,129.4,129.4,129.4,129.4,129.4,129.4,129.4,129.4,129.4,129.4,129.4,129.4,129.4,129.4,129.4,129.4,129.4,129.4,129.4,129.4,129.4,129.4,129.4,129.4,129.4,129.4,129.4,129.4,129.4,129.4,129.4,129.4,129.4,129.4,129.4,129.4,129.4,129.4,129.4,129.4,129.4,129.4,129.4,129.4,129.4,129.4,129.4,129.4,129.4,129.4,129.4,129.4,129.4,129.4,129.4,129.4,129.4,129.4,129.4,129.4,129.4,129.4,129.4,129.4,129.4,129.4,129.4,129.4,129.4,129.4,129.4,129.4,129.4,129.4,129.4,129.4,129.4,129.4,129.4,129.4,129.4,129.4,129.4,129.4,129.4,129.4,129.4,129.4,129.4,129.4,129.4,129.4,129.4,129.4,129.4,129.4,129.4,129.4,129.4,129.4,129.4,129.4,129.4,129.4,129.4,129.4,129.4,129.4,129.4,129.4,129.4,129.4,129.4,129.4,129.4,129.4,129.4,129.4,129.4,129.4,129.4,129.4,129.4,129.4,129.4,129.4,129.4,129.4,129.4,129.4,129.4,129.4,129.4,129.4,129.4,129.4,129.4,129.4,129.4,129.4,129.4,129.4,129.4,129.4,129.4,129.4,129.4,129.4,129.4,129.4,129.4,129.4,129.4,129.4,129.4,129.4,129.4,129.4,129.4
2007-04-01,128.1,128.1,128.1,128.1,128.1,128.1,128.1,128.1,128.1,128.1,128.1,128.1,128.1,128.1,128.1,128.1,128.1,128.1,128.1,128.1,128.1,128.1,128.1,128.1,128.1,128.1,128.1,128.1,128.1,128.1,128.1,128.1,128.1,128.1,128.1,128.1,128.1,128.1,128.1,128.1,128.1,128.1,128.1,128.1,128.1,128.1,128.1,128.1,128.1,128.1,128.1,128.1,128.1,128.1,128.1,128.1,128.1,128.1,128.1,128.1,128.1,128.1,128.1,128.1,128.1,128.1,128.1,128.1,128.1,128.1,128.1,128.1,128.1,128.1,128.1,128.1,128.1,128.1,128.1,128.1,128.1,128.1,128.1,128.1,128.1,128.1,128.1,128.1,128.1,128.1,128.1,128.1,128.1,128.1,128.1,128.1,128.1,128.1,128.1,128.1,128.1,128.1,128.1,128.1,128.1,128.1,128.1,128.1,128.1,128.1,128.1,128.1,128.1,128.1,128.1,128.1,128.1,128.1,128.1,128.1,128.1,128.1,128.1,128.1,128.1,128.1,128.1,128.1,128.1,128.1,128.1,128.1,128.1,128.1,128.1,128.1,128.1,128.1,128.1,128.1,128.1,128.1,128.1,128.1,128.1,128.1,128.1,128.1,128.1,128.1,128.1,128.1,128.1,128.1,128.1,128.1,128.1,128.1,128.1,128.1,128.1,128.1,128.1,128.1,128.1,128.1,128.1,128.1,128.1,128.1,128.1,128.1,128.1,128.1,128.1,128.1,128.1,128.1,128.1,128.1,128.1,128.1,128.1,128.1,128.1,128.1,128.1,128.1,128.1,128.1,128.1,128.1,128.1,128.1,128.1,128.1,128.1,128.1
2007-05-01,132.1,132.1,132.1,132.1,132.1,132.1,132.1,132.1,132.1,132.1,132.1,132.1,132.1,132.1,132.1,132.1,132.1,132.1,132.1,132.1,132.1,132.1,132.1,132.1,132.1,132.1,132.1,132.1,132.1,132.1,132.1,132.1,132.1,132.1,132.1,132.1,132.1,132.1,132.1,132.1,132.1,132.1,132.1,132.1,132.1,132.1,132.1,132.1,132.1,132.1,132.1,132.1,132.1,132.1,132.1,132.1,132.1,132.1,132.1,132.1,132.1,132.1,132.1,132.1,132.1,132.1,132.1,132.1,132.1,132.1,132.1,132.1,132.1,132.1,132.1,132.1,132.1,132.1,132.1,132.1,132.1,132.1,132.1,132.1,132.1,132.1,132.1,132.1,132.1,132.1,132.1,132.1,132.1,132.1,132.1,132.1,132.1,132.1,132.1,132.1,132.1,132.1,132.1,132.1,132.1,132.1,132.1,132.1,132.1,132.1,132.1,132.1,132.1,132.1,132.1,132.1,132.1,132.1,132.1,132.1,132.1,132.1,132.1,132.1,132.1,132.1,132.1,132.1,132.1,132.1,132.1,132.1,132.1,132.1,132.1,132.1,132.1,132.1,132.1,132.1,132.1,132.1,132.1,132.1,132.1,132.1,132.1,132.1,132.1,132.1,132.1,132.1,132.1,132.1,132.1,132.1,132.1,132.1,132.1,132.1,132.1,132.1,132.1,132.1,132.1,132.1,132.1,132.1,132.1,132.1,132.1,132.1,132.1,132.1,132.1,132.1,132.1,132.1,132.1,132.1,132.1,132.1,132.1,132.1,132.1,132.1,132.1,132.1,132.1,132.1,132.1,132.1,132.1,132.1,132.1,132.1,132.1,132.1
2007-06-01,132.0,132.0,132.0,132.0,132.0,132.0,132.0,132.0,132.0,132.0,132.0,132.0,132.0,132.0,132.0,132.0,132.0,132.0,132.0,132.0,132.0,132.0,132.0,132.0,132.0,132.0,132.0,132.0,132.0,132.0,132.0,132.0,132.0,132.0,132.0,132.0,132.0,132.0,132.0,132.0,132.0,132.0,132.0,132.0,132.0,132.0,132.0,132.0,132.0,132.0,132.0,132.0,132.0,132.0,132.0,132.0,132.0,132.0,132.0,132.0,132.0,132.0,132.0,132.0,132.0,132.0,132.0,132.0,132.0,132.0,132.0,132.0,132.0,132.0,132.0,132.0,132.0,132.0,132.0,132.0,132.0,132.0,132.0,132.0,132.0,132.0,132.0,132.0,132.0,132.0,132.0,132.0,132.0,132.0,132.0,132.0,132.0,132.0,132.0,132.0,132.0,132.0,132.0,132.0,132.0,132.0,132.0,132.0,132.0,132.0,132.0,132.0,132.0,132.0,132.0,132.0,132.0,132.0,132.0,132.0,132.0,132.0,132.0,132.0,132.0,132.0,132.0,132.0,132.0,132.0,132.0,132.0,132.0,132.0,132.0,132.0,132.0,132.0,132.0,132.0,132.0,132.0,132.0,132.0,132.0,132.0,132.0,132.0,132.0,132.0,132.0,132.0,132.0,132.0,132.0,132.0,132.0,132.0,132.0,132.0,132.0,132.0,132.0,132.0,132.0,132.0,132.0,132.0,132.0,132.0,132.0,132.0,132.0,132.0,132.0,132.0,132.0,132.0,132.0,132.0,132.0,132.0,132.0,132.0,132.0,132.0,132.0,132.0,132.0,132.0,132.0,132.0,132.0,132.0,132.0,132.0,132.0,132.0
2007-07-01,132.0,132.0,132.0,132.0,132.0,132.0,132.0,132.0,132.0,132.0,132.0,132.0,132.0,132.0,132.0,132.0,132.0,132.0,132.0,132.0,132.0,132.0,132.0,132.0,132.0,132.0,132.0,132.0,132.0,132.0,132.0,132.0,132.0,132.0,132.0,132.0,132.0,132.0,132.0,132.0,132.0,132.0,132.0,132.0,132.0,132.0,132.0,132.0,132.0,132.0,132.0,132.0,132.0,132.0,132.0,132.0,132.0,132.0,132.0,132.0,132.0,132.0,132.0,132.0,132.0,132.0,132.0,132.0,132.0,132.0,132.0,132.0,132.0,132.0,132.0,132.0,132.0,132.0,132.0,132.0,132.0,132.0,132.0,132.0,132.0,132.0,132.0,132.0,132.0,132.0,132.0,132.0,132.0,132.0,132.0,132.0,132.0,132.0,132.0,132.0,132.0,132.0,132.0,132.0,132.0,132.0,132.0,132.0,132.0,132.0,132.0,132.0,132.0,132.0,132.0,132.0,132.0,132.0,132.0,132.0,132.0,132.0,132.0,132.0,132.0,132.0,132.0,132.0,132.0,132.0,132.0,132.0,132.0,132.0,132.0,132.0,132.0,132.0,132.0,132.0,132.0,132.0,132.0,132.0,132.0,132.0,132.0,132.0,132.0,132.0,132.0,132.0,132.0,132.0,132.0,132.0,132.0,132.0,132.0,132.0,132.0,132.0,132.0,132.0,132.0,132.0,132.0,132.0,132.0,132.0,132.0,132.0,132.0,132.0,132.0,132.0,132.0,132.0,132.0,132.0,132.0,132.0,132.0,132.0,132.0,132.0,132.0,132.0,132.0,132.0,132.0,132.0,132.0,132.0,132.0,132.0,132.0,132.0
2007-08-01,135.2,135.2,135.2,135.2,135.2,135.2,135.2,135.2,135.2,135.2,135.2,135.2,135.2,135.2,135.2,135.2,135.2,135.2,135.2,135.2,135.2,135.2,135.2,135.2,135.2,135.2,135.2,135.2,135.2,135.2,135.2,135.2,135.2,135.2,135.2,135.2,135.2,135.2,135.2,135.2,135.2,135.2,135.2,135.2,135.2,135.2,135.2,135.2,135.2,135.2,135.2,135.2,135.2,135.2,135.2,135.2,135.2,135.2,135.2,135.2,135.2,135.2,135.2,135.2,135.2,135.2,135.2,135.2,135.2,135.2,135.2,135.2,135.2,135.2,135.2,135.2,135.2,135.2,135.2,135.2,135.2,135.2,135.2,135.2,135.2,135.2,135.2,135.2,135.2,135.2,135.2,135.2,135.2,135.2,135.2,135.2,135.2,135.2,135.2,135.2,135.2,135.2,135.2,135.2,135.2,135.2,135.2,135.2,135.2,135.2,135.2,135.2,135.2,135.2,135.2,135.2,135.2,135.2,135.2,135.2,135.2,135.2,135.2,135.2,135.2,135.2,135.2,135.2,135.2,135.2,135.2,135.2,135.2,135.2,135.2,135.2,135.2,135.2,135.2,135.2,135.2,135.2,135.2,135.2,135.2,135.2,135.2,135.2,135.2,135.2,135.2,135.2,135.2,135.2,135.2,135.2,135.2,135.2,135.2,135.2,135.2,135.2,135.2,135.2,135.2,135.2,135.2,135.2,135.2,135.2,135.2,135.2,135.2,135.2,135.2,135.2,135.2,135.2,135.2,135.2,135.2,135.2,135.2,135.2,135.2,135.2,135.2,135.2,135.2,135.2,135.2,135.2,135.2,135.2,135.2,135.2,135.2,135.2
2007-09-01,134.5,134.5,134.5,134.5,134.5,134.5,134.5,134.5,134.5,134.5,134.5,134.5,134.5,134.5,134.5,134.5,134.5,134.5,134.5,134.5,134.5,134.5,134.5,134.5,134.5,134.5,134.5,134.5,134.5,134.5,134.5,134.5,134.5,134.5,134.5,134.5,134.5,134.5,134.5,134.5,134.5,134.5,134.5,134.5,134.5,134.5,134.5,134.5,134.5,134.5,134.5,134.5,134.5,134.5,134.5,134.5,134.5,134.5,134.5,134.5,134.5,134.5,134.5,134.5,134.5,134.5,134.5,134.5,134.5,134.5,134.5,134.5,134.5,134.5,134.5,134.5,134.5,134.5,134.5,134.5,134.5,134.5,134.5,134.5,134.5,134.5,134.5,134.5,134.5,134.5,134.5,134.5,134.5,134.5,134.5,134.5,134.5,134.5,134.5,134.5,134.5,134.5,134.5,134.5,134.5,134.5,134.5,134.5,134.5,134.5,134.5,134.5,134.5,134.5,134.5,134.5,134.5,134.5,134.5,134.5,134.5,134.5,134.5,134.5,134.5,134.5,134.5,134.5,134.5,134.5,134.5,134.5,134.5,134.5,134.5,134.5,134.5,134.5,134.5,134.5,134.5,134.5,134.5,134.5,134.5,134.5,134.5,134.5,134.5,134.5,134.5,134.5,134.5,134.5,134.5,134.5,134.5,134.5,134.5,134.5,134.5,134.5,134.5,134.5,134.5,134.5,134.5,134.5,134.5,134.5,134.5,134.5,134.5,134.5,134.5,134.5,134.5,134.5,134.5,134.5,134.5,134.5,134.5,134.5,134.5,134.5,134.5,134.5,134.5,134.5,134.5,134.5,134.5,134.5,134.5,134.5,134.5,134.5
2007-10-01,137.4,137.4,137.4,137.4,137.4,137.4,137.4,137.4,137.4,137.4,137.4,137.4,137.4,137.4,137.4,137.4,137.4,137.4,137.4,137.4,137.4,137.4,137.4,137.4,137.4,137.4,137.4,137.4,137.4,137.4,137.4,137.4,137.4,137.4,137.4,137.4,137.4,137.4,137.4,137.4,137.4,137.4,137.4,137.4,137.4,137.4,137.4,137.4,137.4,137.4,137.4,137.4,137.4,137.4,137.4,137.4,137.4,137.4,137.4,137.4,137.4,137.4,137.4,137.4,137.4,137.4,137.4,137.4,137.4,137.4,137.4,137.4,137.4,137.4,137.4,137.4,137.4,137.4,137.4,137.4,137.4,137.4,137.4,137.4,137.4,137.4,137.4,137.4,137.4,137.4,137.4,137.4,137.4,137.4,137.4,137.4,137.4,137.4,137.4,137.4,137.4,137.4,137.4,137.4,137.4,137.4,137.4,137.4,137.4,137.4,137.4,137.4,137.4,137.4,137.4,137.4,137.4,137.4,137.4,137.4,137.4,137.4,137.4,137.4,137.4,137.4,137.4,137.4,137.4,137.4,137.4,137.4,137.4,137.4,137.4,137.4,137.4,137.4,137.4,137.4,137.4,137.4,137.4,137.4,137.4,137.4,137.4,137.4,137.4,137.4,137.4,137.4,137.4,137.4,137.4,137.4,137.4,137.4,137.4,137.4,137.4,137.4,137.4,137.4,137.4,137.4,137.4,137.4,137.4,137.4,137.4,137.4,137.4,137.4,137.4,137.4,137.4,137.4,137.4,137.4,137.4,137.4,137.4,137.4,137.4,137.4,137.4,137.4,137.4,137.4,137.4,137.4,137.4,137.4,137.4,137.4,137.4,137.4
2007-11-01,142.9,142.9,142.9,142.9,142.9,142.9,142.9,142.9,142.9,142.9,142.9,142.9,142.9,142.9,142.9,142.9,142.9,142.9,142.9,142.9,142.9,142.9,142.9,142.9,142.9,142.9,142.9,142.9,142.9,142.9,142.9,142.9,142.9,142.9,142.9,142.9,142.9,142.9,142.9,142.9,142.9,142.9,142.9,142.9,142.9,142.9,142.9,142.9,142.9,142.9,142.9,142.9,142.9,142.9,142.9,142.9,142.9,142.9,142.9,142.9,142.9,142.9,142.9,142.9,142.9,142.9,142.9,142.9,142.9,142.9,142.9,142.9,142.9,142.9,142.9,142.9,142.9,142.9,142.9,142.9,142.9,142.9,142.9,142.9,142.9,142.9,142.9,142.9,142.9,142.9,142.9,142.9,142.9,142.9,142.9,142.9,142.9,142.9,142.9,142.9,142.9,142.9,142.9,142.9,142.9,142.9,142.9,142.9,142.9,142.9,142.9,142.9,142.9,142.9,142.9,142.9,142.9,142.9,142.9,142.9,142.9,142.9,142.9,142.9,142.9,142.9,142.9,142.9,142.9,142.9,142.9,142.9,142.9,142.9,142.9,142.9,142.9,142.9,142.9,142.9,142.9,142.9,142.9,142.9,142.9,142.9,142.9,142.9,142.9,142.9,142.9,142.9,142.9,142.9,142.9,142.9,142.9,142.9,142.9,142.9,142.9,142.9,142.9,142.9,142.9,142.9,142.9,142.9,142.9,142.9,142.9,142.9,142.9,142.9,142.9,142.9,142.9,142.9,142.9,142.9,142.9,142.9,142.9,142.9,142.9,142.9,142.9,142.9,142.9,142.9,142.9,142.9,142.9,142.9,142.9,142.9,142.9,142.9
2007-12-01,148.2,148.2,148.2,148.2,148.2,148.2,148.2,148.2,148.2,148.2,148.2,148.2,148.2,148.2,148.2,148.2,148.2,148.2,148.2,148.2,148.2,148.2,148.2,148.2,148.2,148.2,148.2,148.2,148.2,148.2,148.2,148.2,148.2,148.2,148.2,148.2,148.2,148.2,148.2,148.2,148.2,148.2,148.2,148.2,148.2,148.2,148.2,148.2,148.2,148.2,148.2,148.2,148.2,148.2,148.2,148.2,148.2,148.2,148.2,148.2,148.2,148.2,148.2,148.2,148.2,148.2,148.2,148.2,148.2,148.2,148.2,148.2,148.2,148.2,148.2,148.2,148.2,148.2,148.2,148.2,148.2,148.2,148.2,148.2,148.2,148.2,148.2,148.2,148.2,148.2,148.2,148.2,148.2,148.2,148.2,148.2,148.2,148.2,148.2,148.2,148.2,148.2,148.2,148.2,148.2,148.2,148.2,148.2,148.2,148.2,148.2,148.2,148.2,148.2,148.2,148.2,148.2,148.2,148.2,148.2,148.2,148.2,148.2,148.2,148.2,148.2,148.2,148.2,148.2,148.2,148.2,148.2,148.2,148.2,148.2,148.2,148.2,148.2,148.2,148.2,148.2,148.2,148.2,148.2,148.2,148.2,148.2,148.2,148.2,148.2,148.2,148.2,148.2,148.2,148.2,148.2,148.2,148.2,148.2,148.2,148.2,148.2,148.2,148.2,148.2,148.2,148.2,148.2,148.2,148.2,148.2,148.2,148.2,148.2,148.2,148.2,148.2,148.2,148.2,148.2,148.2,148.2,148.2,148.2,148.2,148.2,148.2,148.2,148.2,148.2,148.2,148.2,148.2,148.2,148.2,148.2,148.2,148.2
2008-01-01,149.1,149.1,149.1,149.1,149.1,149.1,149.1,149.1,149.1,149.1,149.1,149.1,149.1,149.1,149.1,149.1,149.1,149.1,149.1,149.1,149.1,149.1,149.1,149.1,149.1,149.1,149.1,149.1,149.1,149.1,149.1,149.1,149.1,149.1,149.1,149.1,149.1,149.1,149.1,149.1,149.1,149.1,149.1,149.1,149.1,149.1,149.1,149.1,149.1,149.1,149.1,149.1,149.1,149.1,149.1,149.1,149.1,149.1,149.1,149.1,149.1,149.1,149.1,149.1,149.1,149.1,149.1,149.1,149.1,149.1,149.1,149.1,149.1,149.1,149.1,149.1,149.1,149.1,149.1,149.1,149.1,149.1,149.1,149.1,149.1,149.1,149.1,149.1,149.1,149.1,149.1,149.1,149.1,149.1,149.1,149.1,149.1,149.1,149.1,149.1,149.1,149.1,149.1,149.1,149.1,149.1,149.1,149.1,149.1,149.1,149.1,149.1,149.1,149.1,149.1,149.1,149.1,149.1,149.1,149.1,149.1,149.1,149.1,149.1,149.1,149.1,149.1,149.1,149.1,149.1,149.1,149.1,149.1,149.1,149.1,149.1,149.1,149.1,149.1,149.1,149.1,149.1,149.1,149.1,149.1,149.1,149.1,149.1,149.1,149.1,149.1,149.1,149.1,149.1,149.1,149.1,149.1,149.1,149.1,149.1,149.1,149.1,149.1,149.1,149.1,149.1,149.1,149.1,149.1,149.1,149.1,149.1,149.1,149.1,149.1,149.1,149.1,149.1,149.1,149.1,149.1,149.1,149.1,149.1,149.1,149.1,149.1,149.1,149.1,149.1,149.1,149.1,149.1,149.1,149.1,149.1,149.1,149.1
2008-02-01,149.7,149.7,149.7,149.7,149.7,149.7,149.7,149.7,149.7,149.7,149.7,149.7,149.7,149.7,149.7,149.7,149.7,149.7,149.7,149.7,149.7,149.7,149.7,149.7,149.7,149.7,149.7,149.7,149.7,149.7,149.7,149.7,149.7,149.7,149.7,149.7,149.7,149.7,149.7,149.7,149.7,149.7,149.7,149.7,149.7,149.7,149.7,149.7,149.7,149.7,149.7,149.7,149.7,149.7,149.7,149.7,149.7,149.7,149.7,149.7,149.7,149.7,149.7,149.7,149.7,149.7,149.7,149.7,149.7,149.7,149.7,149.7,149.7,149.7,149.7,149.7,149.7,149.7,149.7,149.7,149.7,149.7,149.7,149.7,149.7,149.7,149.7,149.7,149.7,149.7,149.7,149.7,149.7,149.7,149.7,149.7,149.7,149.7,149.7,149.7,149.7,149.7,149.7,149.7,149.7,149.7,149.7,149.7,149.7,149.7,149.7,149.7,149.7,149.7,149.7,149.7,149.7,149.7,149.7,149.7,149.7,149.7,149.7,149.7,149.7,149.7,149.7,149.7,149.7,149.7,149.7,149.7,149.7,149.7,149.7,149.7,149.7,149.7,149.7,149.7,149.7,149.7,149.7,149.7,149.7,149.7,149.7,149.7,149.7,149.7,149.7,149.7,149.7,149.7,149.7,149.7,149.7,149.7,149.7,149.7,149.7,149.7,149.7,149.7,149.7,149.7,149.7,149.7,149.7,149.7,149.7,149.7,149.7,149.7,149.7,149.7,149.7,149.7,149.7,149.7,149.7,149.7,149.7,149.7,149.7,149.7,149.7,149.7,149.7,149.7,149.7,149.7,149.7,149.7,149.7,149.7,149.7,149.7
2008-03-01,150.3,150.3,150.3,150.3,150.3,150.3,150.3,150.3,150.3,150.3,150.3,150.3,150.3,150.3,150.3,150.3,150.3,150.3,150.3,150.3,150.3,150.3,150.3,150.3,150.3,150.3,150.3,150.3,150.3,150.3,150.3,150.3,150.3,150.3,150.3,150.3,150.3,150.3,150.3,150.3,150.3,150.3,150.3,150.3,150.3,150.3,150.3,150.3,150.3,150.3,150.3,150.3,150.3,150.3,150.3,150.3,150.3,150.3,150.3,150.3,150.3,150.3,150.3,150.3,150.3,150.3,150.3,150.3,150.3,150.3,150.3,150.3,150.3,150.3,150.3,150.3,150.3,150.3,150.3,150.3,150.3,150.3,150.3,150.3,150.3,150.3,150.3,150.3,150.3,150.3,150.3,150.3,150.3,150.3,150.3,150.3,150.3,150.3,150.3,150.3,150.3,150.3,150.3,150.3,150.3,150.3,150.3,150.3,150.3,150.3,150.3,150.3,150.3,150.3,150.3,150.3,150.3,150.3,150.3,150.3,150.3,150.3,150.3,150.3,150.3,150.3,150.3,150.3,150.3,150.3,150.3,150.3,150.3,150.3,150.3,150.3,150.3,150.3,150.3,150.3,150.3,150.3,150.3,150.3,150.3,150.3,150.3,150.3,150.3,150.3,150.3,150.3,150.3,150.3,150.3,150.3,150.3,150.3,150.3,150.3,150.3,150.3,150.3,150.3,150.3,150.3,150.3,150.3,150.3,150.3,150.3,150.3,150.3,150.3,150.3,150.3,150.3,150.3,150.3,150.3,150.3,150.3,150.3,150.3,150.3,150.3,150.3,150.3,150.3,150.3,150.3,150.3,150.3,150.3,150.3,150.3,150.3,150.3
2008-04-01,166.0,166.0,166.0,166.0,166.0,166.0,166.0,166.0,166.0,166.0,166.0,166.0,166.0,166.0,166.0,166.0,166.0,166.0,166.0,166.0,166.0,166.0,166.0,166.0,166.0,166.0,166.0,166.0,166.0,166.0,166.0,166.0,166.0,166.0,166.0,166.0,166.0,166.0,166.0,166.0,166.0,166.0,166.0,166.0,166.0,166.0,166.0,166.0,166.0,166.0,166.0,166.0,166.0,166.0,166.0,166.0,166.0,166.0,166.0,166.0,166.0,166.0,166.0,166.0,166.0,166.0,166.0,166.0,166.0,166.0,166.0,166.0,166.0,166.0,166.0,166.0,166.0,166.0,166.0,166.0,166.0,166.0,166.0,166.0,166.0,166.0,166.0,166.0,166.0,166.0,166.0,166.0,166.0,166.0,166.0,166.0,166.0,166.0,166.0,166.0,166.0,166.0,166.0,166.0,166.0,166.0,166.0,166.0,166.0,166.0,166.0,166.0,166.0,166.0,166.0,166.0,166.0,166.0,166.0,166.0,166.0,166.0,166.0,166.0,166.0,166.0,166.0,166.0,166.0,166.0,166.0,166.0,166.0,166.0,166.0,166.0,166.0,166.0,166.0,166.0,166.0,166.0,166.0,166.0,166.0,166.0,166.0,166.0,166.0,166.0,166.0,166.0,166.0,166.0,166.0,166.0,166.0,166.0,166.0,166.0,166.0,166.0,166.0,166.0,166.0,166.0,166.0,166.0,166.0,166.0,166.0,166.0,166.0,166.0,166.0,166.0,166.0,166.0,166.0,166.0,166.0,166.0,166.0,166.0,166.0,166.0,166.0,166.0,166.0,166.0,166.0,166.0,166.0,166.0,166.0,166.0,166.0,166.0
2008-05-01,173.7,173.7,173.7,173.7,173.7,173.7,173.7,173.7,173.7,173.7,173.7,173.7,173.7,173.7,173.7,173.7,173.7,173.7,173.7,173.7,173.7,173.7,173.7,173.7,173.7,173.7,173.7,173.7,173.7,173.7,173.7,173.7,173.7,173.7,173.7,173.7,173.7,173.7,173.7,173.7,173.7,173.7,173.7,173.7,173.7,173.7,173.7,173.7,173.7,173.7,173.7,173.7,173.7,173.7,173.7,173.7,173.7,173.7,173.7,173.7,173.7,173.7,173.7,173.7,173.7,173.7,173.7,173.7,173.7,173.7,173.7,173.7,173.7,173.7,173.7,173.7,173.7,173.7,173.7,173.7,173.7,173.7,173.7,173.7,173.7,173.7,173.7,173.7,173.7,173.7,173.7,173.7,173.7,173.7,173.7,173.7,173.7,173.7,173.7,173.7,173.7,173.7,173.7,173.7,173.7,173.7,173.7,173.7,173.7,173.7,173.7,173.7,173.7,173.7,173.7,173.7,173.7,173.7,173.7,173.7,173.7,173.7,173.7,173.7,173.7,173.7,173.7,173.7,173.7,173.7,173.7,173.7,173.7,173.7,173.7,173.7,173.7,173.7,173.7,173.7,173.7,173.7,173.7,173.7,173.7,173.7,173.7,173.7,173.7,173.7,173.7,173.7,173.7,173.7,173.7,173.7,173.7,173.7,173.7,173.7,173.7,173.7,173.7,173.7,173.7,173.7,173.7,173.7,173.7,173.7,173.7,173.7,173.7,173.7,173.7,173.7,173.7,173.7,173.7,173.7,173.7,173.7,173.7,173.7,173.7,173.7,173.7,173.7,173.7,173.7,173.7,173.7,173.7,173.7,173.7,173.7,173.7,173.7
2008-06-01,174.8,174.8,174.8,174.8,174.8,174.8,174.8,174.8,174.8,174.8,174.8,174.8,174.8,174.8,174.8,174.8,174.8,174.8,174.8,174.8,174.8,174.8,174.8,174.8,174.8,174.8,174.8,174.8,174.8,174.8,174.8,174.8,174.8,174.8,174.8,174.8,174.8,174.8,174.8,174.8,174.8,174.8,174.8,174.8,174.8,174.8,174.8,174.8,174.8,174.8,174.8,174.8,174.8,174.8,174.8,174.8,174.8,174.8,174.8,174.8,174.8,174.8,174.8,174.8,174.8,174.8,174.8,174.8,174.8,174.8,174.8,174.8,174.8,174.8,174.8,174.8,174.8,174.8,174.8,174.8,174.8,174.8,174.8,174.8,174.8,174.8,174.8,174.8,174.8,174.8,174.8,174.8,174.8,174.8,174.8,174.8,174.8,174.8,174.8,174.8,174.8,174.8,174.8,174.8,174.8,174.8,174.8,174.8,174.8,174.8,174.8,174.8,174.8,174.8,174.8,174.8,174.8,174.8,174.8,174.8,174.8,174.8,174.8,174.8,174.8,174.8,174.8,174.8,174.8,174.8,174.8,174.8,174.8,174.8,174.8,174.8,174.8,174.8,174.8,174.8,174.8,174.8,174.8,174.8,174.8,174.8,174.8,174.8,174.8,174.8,174.8,174.8,174.8,174.8,174.8,174.8,174.8,174.8,174.8,174.8,174.8,174.8,174.8,174.8,174.8,174.8,174.8,174.8,174.8,174.8,174.8,174.8,174.8,174.8,174.8,174.8,174.8,174.8,174.8,174.8,174.8,174.8,174.8,174.8,174.8,174.8,174.8,174.8,174.8,174.8,174.8,174.8,174.8,174.8,174.8,174.8,174.8,174.8
2008-07-01,180.0,180.0,180.0,180.0,180.0,180.0,180.0,180.0,180.0,180.0,180.0,180.0,180.0,180.0,180.0,180.0,180.0,180.0,180.0,180.0,180.0,180.0,180.0,180.0,180.0,180.0,180.0,180.0,180.0,180.0,180.0,180.0,180.0,180.0,180.0,180.0,180.0,180.0,180.0,180.0,180.0,180.0,180.0,180.0,180.0,180.0,180.0,180.0,180.0,180.0,180.0,180.0,180.0,180.0,180.0,180.0,180.0,180.0,180.0,180.0,180.0,180.0,180.0,180.0,180.0,180.0,180.0,180.0,180.0,180.0,180.0,180.0,180.0,180.0,180.0,180.0,180.0,180.0,180.0,180.0,180.0,180.0,180.0,180.0,180.0,180.0,180.0,180.0,180.0,180.0,180.0,180.0,180.0,180.0,180.0,180.0,180.0,180.0,180.0,180.0,180.0,180.0,180.0,180.0,180.0,180.0,180.0,180.0,180.0,180.0,180.0,180.0,180.0,180.0,180.0,180.0,180.0,180.0,180.0,180.0,180.0,180.0,180.0,180.0,180.0,180.0,180.0,180.0,180.0,180.0,180.0,180.0,180.0,180.0,180.0,180.0,180.0,180.0,180.0,180.0,180.0,180.0,180.0,180.0,180.0,180.0,180.0,180.0,180.0,180.0,180.0,180.0,180.0,180.0,180.0,180.0,180.0,180.0,180.0,180.0,180.0,180.0,180.0,180.0,180.0,180.0,180.0,180.0,180.0,180.0,180.0,180.0,180.0,180.0,180.0,180.0,180.0,180.0,180.0,180.0,180.0,180.0,180.0,180.0,180.0,180.0,180.0,180.0,180.0,180.0,180.0,180.0,180.0,180.0,180.0,180.0,180.0,180.0
2008-08-01,182.8,182.8,182.8,182.8,182.8,182.8,182.8,182.8,182.8,182.8,182.8,182.8,182.8,182.8,182.8,182.8,182.8,182.8,182.8,182.8,182.8,182.8,182.8,182.8,182.8,182.8,182.8,182.8,182.8,182.8,182.8,182.8,182.8,182.8,182.8,182.8,182.8,182.8,182.8,182.8,182.8,182.8,182.8,182.8,182.8,182.8,182.8,182.8,182.8,182.8,182.8,182.8,182.8,182.8,182.8,182.8,182.8,182.8,182.8,182.8,182.8,182.8,182.8,182.8,182.8,182.8,182.8,182.8,182.8,182.8,182.8,182.8,182.8,182.8,182.8,182.8,182.8,182.8,182.8,182.8,182.8,182.8,182.8,182.8,182.8,182.8,182.8,182.8,182.8,182.8,182.8,182.8,182.8,182.8,182.8,182.8,182.8,182.8,182.8,182.8,182.8,182.8,182.8,182.8,182.8,182.8,182.8,182.8,182.8,182.8,182.8,182.8,182.8,182.8,182.8,182.8,182.8,182.8,182.8,182.8,182.8,182.8,182.8,182.8,182.8,182.8,182.8,182.8,182.8,182.8,182.8,182.8,182.8,182.8,182.8,182.8,182.8,182.8,182.8,182.8,182.8,182.8,182.8,182.8,182.8,182.8,182.8,182.8,182.8,182.8,182.8,182.8,182.8,182.8,182.8,182.8,182.8,182.8,182.8,182.8,182.8,182.8,182.8,182.8,182.8,182.8,182.8,182.8,182.8,182.8,182.8,182.8,182.8,182.8,182.8,182.8,182.8,182.8,182.8,182.8,182.8,182.8,182.8,182.8,182.8,182.8,182.8,182.8,182.8,182.8,182.8,182.8,182.8,182.8,182.8,182.8,182.8,182.8
2008-09-01,168.7,168.7,168.7,168.7,168.7,168.7,168.7,168.7,168.7,168.7,168.7,168.7,168.7,168.7,168.7,168.7,168.7,168.7,168.7,168.7,168.7,168.7,168.7,168.7,168.7,168.7,168.7,168.7,168.7,168.7,168.7,168.7,168.7,168.7,168.7,168.7,168.7,168.7,168.7,168.7,168.7,168.7,168.7,168.7,168.7,168.7,168.7,168.7,168.7,168.7,168.7,168.7,168.7,168.7,168.7,168.7,168.7,168.7,168.7,168.7,168.7,168.7,168.7,168.7,168.7,168.7,168.7,168.7,168.7,168.7,168.7,168.7,168.7,168.7,168.7,168.7,168.7,168.7,168.7,168.7,168.7,168.7,168.7,168.7,168.7,168.7,168.7,168.7,168.7,168.7,168.7,168.7,168.7,168.7,168.7,168.7,168.7,168.7,168.7,168.7,168.7,168.7,168.7,168.7,168.7,168.7,168.7,168.7,168.7,168.7,168.7,168.7,168.7,168.7,168.7,168.7,168.7,168.7,168.7,168.7,168.7,168.7,168.7,168.7,168.7,168.7,168.7,168.7,168.7,168.7,168.7,168.7,168.7,168.7,168.7,168.7,168.7,168.7,168.7,168.7,168.7,168.7,168.7,168.7,168.7,168.7,168.7,168.7,168.7,168.7,168.7,168.7,168.7,168.7,168.7,168.7,168.7,168.7,168.7,168.7,168.7,168.7,168.7,168.7,168.7,168.7,168.7,168.7,168.7,168.7,168.7,168.7,168.7,168.7,168.7,168.7,168.7,168.7,168.7,168.7,168.7,168.7,168.7,168.7,168.7,168.7,168.7,168.7,168.7,168.7,168.7,168.7,168.7,168.7,168.7,168.7,168.7,168.7
2008-10-01,157.9,157.9,157.9,157.9,157.9,157.9,157.9,157.9,157.9,157.9,157.9,157.9,157.9,157.9,157.9,157.9,157.9,157.9,157.9,157.9,157.9,157.9,157.9,157.9,157.9,157.9,157.9,157.9,157.9,157.9,157.9,157.9,157.9,157.9,157.9,157.9,157.9,157.9,157.9,157.9,157.9,157.9,157.9,157.9,157.9,157.9,157.9,157.9,157.9,157.9,157.9,157.9,157.9,157.9,157.9,157.9,157.9,157.9,157.9,157.9,157.9,157.9,157.9,157.9,157.9,157.9,157.9,157.9,157.9,157.9,157.9,157.9,157.9,157.9,157.9,157.9,157.9,157.9,157.9,157.9,157.9,157.9,157.9,157.9,157.9,157.9,157.9,157.9,157.9,157.9,157.9,157.9,157.9,157.9,157.9,157.9,157.9,157.9,157.9,157.9,157.9,157.9,157.9,157.9,157.9,157.9,157.9,157.9,157.9,157.9,157.9,157.9,157.9,157.9,157.9,157.9,157.9,157.9,157.9,157.9,157.9,157.9,157.9,157.9,157.9,157.9,157.9,157.9,157.9,157.9,157.9,157.9,157.9,157.9,157.9,157.9,157.9,157.9,157.9,157.9,157.9,157.9,157.9,157.9,157.9,157.9,157.9,157.9,157.9,157.9,157.9,157.9,157.9,157.9,157.9,157.9,157.9,157.9,157.9,157.9,157.9,157.9,157.9,157.9,157.9,157.9,157.9,157.9,157.9,157.9,157.9,157.9,157.9,157.9,157.9,157.9,157.9,157.9,157.9,157.9,157.9,157.9,157.9,157.9,157.9,157.9,157.9,157.9,157.9,157.9,157.9,157.9,157.9,157.9,157.9,157.9,157.9,157.9
2008-11-01,141.4,141.4,141.4,141.4,141.4,141.4,141.4,141.4,141.4,141.4,141.4,141.4,141.4,141.4,141.4,141.4,141.4,141.4,141.4,141.4,141.4,141.4,141.4,141.4,141.4,141.4,141.4,141.4,141.4,141.4,141.4,141.4,141.4,141.4,141.4,141.4,141.4,141.4,141.4,141.4,141.4,141.4,141.4,141.4,141.4,141.4,141.4,141.4,141.4,141.4,141.4,141.4,141.4,141.4,141.4,141.4,141.4,141.4,141.4,141.4,141.4,141.4,141.4,141.4,141.4,141.4,141.4,141.4,141.4,141.4,141.4,141.4,141.4,141.4,141.4,141.4,141.4,141.4,141.4,141.4,141.4,141.4,141.4,141.4,141.4,141.4,141.4,141.4,141.4,141.4,141.4,141.4,141.4,141.4,141.4,141.4,141.4,141.4,141.4,141.4,141.4,141.4,141.4,141.4,141.4,141.4,141.4,141.4,141.4,141.4,141.4,141.4,141.4,141.4,141.4,141.4,141.4,141.4,141.4,141.4,141.4,141.4,141.4,141.4,141.4,141.4,141.4,141.4,141.4,141.4,141.4,141.4,141.4,141.4,141.4,141.4,141.4,141.4,141.4,141.4,141.4,141.4,141.4,141.4,141.4,141.4,141.4,141.4,141.4,141.4,141.4,141.4,141.4,141.4,141.4,141.4,141.4,141.4,141.4,141.4,141.4,141.4,141.4,141.4,141.4,141.4,141.4,141.4,141.4,141.4,141.4,141.4,141.4,141.4,141.4,141.4,141.4,141.4,141.4,141.4,141.4,141.4,141.4,141.4,141.4,141.4,141.4,141.4,141.4,141.4,141.4,141.4,141.4,141.4,141.4,141.4,141.4,141.4
2008-12-01,131.8,131.8,131.8,131.8,131.8,131.8,131.8,131.8,131.8,131.8,131.8,131.8,131.8,131.8,131.8,131.8,131.8,131.8,131.8,131.8,131.8,131.8,131.8,131.8,131.8,131.8,131.8,131.8,131.8,131.8,131.8,131.8,131.8,131.8,131.8,131.8,131.8,131.8,131.8,131.8,131.8,131.8,131.8,131.8,131.8,131.8,131.8,131.8,131.8,131.8,131.8,131.8,131.8,131.8,131.8,131.8,131.8,131.8,131.8,131.8,131.8,131.8,131.8,131.8,131.8,131.8,131.8,131.8,131.8,131.8,131.8,131.8,131.8,131.8,131.8,131.8,131.8,131.8,131.8,131.8,131.8,131.8,131.8,131.8,131.8,131.8,131.8,131.8,131.8,131.8,131.8,131.8,131.8,131.8,131.8,131.8,131.8,131.8,131.8,131.8,131.8,131.8,131.8,131.8,131.8,131.8,131.8,131.8,131.8,131.8,131.8,131.8,131.8,131.8,131.8,131.8,131.8,131.8,131.8,131.8,131.8,131.8,131.8,131.8,131.8,131.8,131.8,131.8,131.8,131.8,131.8,131.8,131.8,131.8,131.8,131.8,131.8,131.8,131.8,131.8,131.8,131.8,131.8,131.8,131.8,131.8,131.8,131.8,131.8,131.8,131.8,131.8,131.8,131.8,131.8,131.8,131.8,131.8,131.8,131.8,131.8,131.8,131.8,131.8,131.8,131.8,131.8,131.8,131.8,131.8,131.8,131.8,131.8,131.8,131.8,131.8,131.8,131.8,131.8,131.8,131.8,131.8,131.8,131.8,131.8,131.8,131.8,131.8,131.8,131.8,131.8,131.8,131.8,131.8,131.8,131.8,131.8,131.8
2009-01-01,132.1,132.1,132.1,132.1,132.1,132.1,132.1,132.1,132.1,132.1,132.1,132.1,132.1,132.1,132.1,132.1,132.1,132.1,132.1,132.1,132.1,132.1,132.1,132.1,132.1,132.1,132.1,132.1,132.1,132.1,132.1,132.1,132.1,132.1,132.1,132.1,132.1,132.1,132.1,132.1,132.1,132.1,132.1,132.1,132.1,132.1,132.1,132.1,132.1,132.1,132.1,132.1,132.1,132.1,132.1,132.1,132.1,132.1,132.1,132.1,132.1,132.1,132.1,132.1,132.1,132.1,132.1,132.1,132.1,132.1,132.1,132.1,132.1,132.1,132.1,132.1,132.1,132.1,132.1,132.1,132.1,132.1,132.1,132.1,132.1,132.1,132.1,132.1,132.1,132.1,132.1,132.1,132.1,132.1,132.1,132.1,132.1,132.1,132.1,132.1,132.1,132.1,132.1,132.1,132.1,132.1,132.1,132.1,132.1,132.1,132.1,132.1,132.1,132.1,132.1,132.1,132.1,132.1,132.1,132.1,132.1,132.1,132.1,132.1,132.1,132.1,132.1,132.1,132.1,132.1,132.1,132.1,132.1,132.1,132.1,132.1,132.1,132.1,132.1,132.1,132.1,132.1,132.1,132.1,132.1,132.1,132.1,132.1,132.1,132.1,132.1,132.1,132.1,132.1,132.1,132.1,132.1,132.1,132.1,132.1,132.1,132.1,132.1,132.1,132.1,132.1,132.1,132.1,132.1,132.1,132.1,132.1,132.1,132.1,132.1,132.1,132.1,132.1,132.1,132.1,132.1,132.1,132.1,132.1,132.1,132.1,132.1,132.1,132.1,132.1,132.1,132.1,132.1,132.1,132.1,132.1,132.1,132.1
2009-02-01,129.1,129.1,129.1,129.1,129.1,129.1,129.1,129.1,129.1,129.1,129.1,129.1,129.1,129.1,129.1,129.1,129.1,129.1,129.1,129.1,129.1,129.1,129.1,129.1,129.1,129.1,129.1,129.1,129.1,129.1,129.1,129.1,129.1,129.1,129.1,129.1,129.1,129.1,129.1,129.1,129.1,129.1,129.1,129.1,129.1,129.1,129.1,129.1,129.1,129.1,129.1,129.1,129.1,129.1,129.1,129.1,129.1,129.1,129.1,129.1,129.1,129.1,129.1,129.1,129.1,129.1,129.1,129.1,129.1,129.1,129.1,129.1,129.1,129.1,129.1,129.1,129.1,129.1,129.1,129.1,129.1,129.1,129.1,129.1,129.1,129.1,129.1,129.1,129.1,129.1,129.1,129.1,129.1,129.1,129.1,129.1,129.1,129.1,129.1,129.1,129.1,129.1,129.1,129.1,129.1,129.1,129.1,129.1,129.1,129.1,129.1,129.1,129.1,129.1,129.1,129.1,129.1,129.1,129.1,129.1,129.1,129.1,129.1,129.1,129.1,129.1,129.1,129.1,129.1,129.1,129.1,129.1,129.1,129.1,129.1,129.1,129.1,129.1,129.1,129.1,129.1,129.1,129.1,129.1,129.1,129.1,129.1,129.1,129.1,129.1,129.1,129.1,129.1,129.1,129.1,129.1,129.1,129.1,129.1,129.1,129.1,129.1,129.1,129.1,129.1,129.1,129.1,129.1,129.1,129.1,129.1,129.1,129.1,129.1,129.1,129.1,129.1,129.1,129.1,129.1,129.1,129.1,129.1,129.1,129.1,129.1,129.1,129.1,129.1,129.1,129.1,129.1,129.1,129.1,129.1,129.1,129.1,129.1
2009-03-01,124.6,124.6,124.6,124.6,124.6,124.6,124.6,124.6,124.6,124.6,124.6,124.6,124.6,124.6,124.6,124.6,124.6,124.6,124.6,124.6,124.6,124.6,124.6,124.6,124.6,124.6,124.6,124.6,124.6,124.6,124.6,124.6,124.6,124.6,124.6,124.6,124.6,124.6,124.6,124.6,124.6,124.6,124.6,124.6,124.6,124.6,124.6,124.6,124.6,124.6,124.6,124.6,124.6,124.6,124.6,124.6,124.6,124.6,124.6,124.6,124.6,124.6,124.6,124.6,124.6,124.6,124.6,124.6,124.6,124.6,124.6,124.6,124.6,124.6,124.6,124.6,124.6,124.6,124.6,124.6,124.6,124.6,124.6,124.6,124.6,124.6,124.6,124.6,124.6,124.6,124.6,124.6,124.6,124.6,124.6,124.6,124.6,124.6,124.6,124.6,124.6,124.6,124.6,124.6,124.6,124.6,124.6,124.6,124.6,124.6,124.6,124.6,124.6,124.6,124.6,124.6,124.6,124.6,124.6,124.6,124.6,124.6,124.6,124.6,124.6,124.6,124.6,124.6,124.6,124.6,124.6,124.6,124.6,124.6,124.6,124.6,124.6,124.6,124.6,124.6,124.6,124.6,124.6,124.6,124.6,124.6,124.6,124.6,124.6,124.6,124.6,124.6,124.6,124.6,124.6,124.6,124.6,124.6,124.6,124.6,124.6,124.6,124.6,124.6,124.6,124.6,124.6,124.6,124.6,124.6,124.6,124.6,124.6,124.6,124.6,124.6,124.6,124.6,124.6,124.6,124.6,124.6,124.6,124.6,124.6,124.6,124.6,124.6,124.6,124.6,124.6,124.6,124.6,124.6,124.6,124.6,124.6,124.6
2009-04-01,121.7,121.7,121.7,121.7,121.7,121.7,121.7,121.7,121.7,121.7,121.7,121.7,121.7,121.7,121.7,121.7,121.7,121.7,121.7,121.7,121.7,121.7,121.7,121.7,121.7,121.7,121.7,121.7,121.7,121.7,121.7,121.7,121.7,121.7,121.7,121.7,121.7,121.7,121.7,121.7,121.7,121.7,121.7,121.7,121.7,121.7,121.7,121.7,121.7,121.7,121.7,121.7,121.7,121.7,121.7,121.7,121.7,121.7,121.7,121.7,121.7,121.7,121.7,121.7,121.7,121.7,121.7,121.7,121.7,121.7,121.7,121.7,121.7,121.7,121.7,121.7,121.7,121.7,121.7,121.7,121.7,121.7,121.7,121.7,121.7,121.7,121.7,121.7,121.7,121.7,121.7,121.7,121.7,121.7,121.7,121.7,121.7,121.7,121.7,121.7,121.7,121.7,121.7,121.7,121.7,121.7,121.7,121.7,121.7,121.7,121.7,121.7,121.7,121.7,121.7,121.7,121.7,121.7,121.7,121.7,121.7,121.7,121.7,121.7,121.7,121.7,121.7,121.7,121.7,121.7,121.7,121.7,121.7,121.7,121.7,121.7,121.7,121.7,121.7,121.7,121.7,121.7,121.7,121.7,121.7,121.7,121.7,121.7,121.7,121.7,121.7,121.7,121.7,121.7,121.7,121.7,121.7,121.7,121.7,121.7,121.7,121.7,121.7,121.7,121.7,121.7,121.7,121.7,121.7,121.7,121.7,121.7,121.7,121.7,121.7,121.7,121.7,121.7,121.7,121.7,121.7,121.7,121.7,121.7,121.7,121.7,121.7,121.7,121.7,121.7,121.7,121.7,121.7,121.7,121.7,121.7,121.7,121.7
2009-05-01,123.3,123.3,123.3,123.3,123.3,123.3,123.3,123.3,123.3,123.3,123.3,123.3,123.3,123.3,123.3,123.3,123.3,123.3,123.3,123.3,123.3,123.3,123.3,123.3,123.3,123.3,123.3,123.3,123.3,123.3,123.3,123.3,123.3,123.3,123.3,123.3,123.3,123.3,123.3,123.3,123.3,123.3,123.3,123.3,123.3,123.3,123.3,123.3,123.3,123.3,123.3,123.3,123.3,123.3,123.3,123.3,123.3,123.3,123.3,123.3,123.3,123.3,123.3,123.3,123.3,123.3,123.3,123.3,123.3,123.3,123.3,123.3,123.3,123.3,123.3,123.3,123.3,123.3,123.3,123.3,123.3,123.3,123.3,123.3,123.3,123.3,123.3,123.3,123.3,123.3,123.3,123.3,123.3,123.3,123.3,123.3,123.3,123.3,123.3,123.3,123.3,123.3,123.3,123.3,123.3,123.3,123.3,123.3,123.3,123.3,123.3,123.3,123.3,123.3,123.3,123.3,123.3,123.3,123.3,123.3,123.3,123.3,123.3,123.3,123.3,123.3,123.3,123.3,123.3,123.3,123.3,123.3,123.3,123.3,123.3,123.3,123.3,123.3,123.3,123.3,123.3,123.3,123.3,123.3,123.3,123.3,123.3,123.3,123.3,123.3,123.3,123.3,123.3,123.3,123.3,123.3,123.3,123.3,123.3,123.3,123.3,123.3,123.3,123.3,123.3,123.3,123.3,123.3,123.3,123.3,123.3,123.3,123.3,123.3,123.3,123.3,123.3,123.3,123.3,123.3,123.3,123.3,123.3,123.3,123.3,123.3,123.3,123.3,123.3,123.3,123.3,123.3,123.3,123.3,123.3,123.3,123.3,123.3
2009-06-01,126.1,126.1,126.1,126.1,126.1,126.1,126.1,126.1,126.1,126.1,126.1,126.1,126.1,126.1,126.1,126.1,126.1,126.1,126.1,126.1,126.1,126.1,126.1,126.1,126.1,126.1,126.1,126.1,126.1,126.1,126.1,126.1,126.1,126.1,126.1,126.1,126.1,126.1,126.1,126.1,126.1,126.1,126.1,126.1,126.1,126.1,126.1,126.1,126.1,126.1,126.1,126.1,126.1,126.1,126.1,126.1,126.1,126.1,126.1,126.1,126.1,126.1,126.1,126.1,126.1,126.1,126.1,126.1,126.1,126.1,126.1,126.1,126.1,126.1,126.1,126.1,126.1,126.1,126.1,126.1,126.1,126.1,126.1,126.1,126.1,126.1,126.1,126.1,126.1,126.1,126.1,126.1,126.1,126.1,126.1,126.1,126.1,126.1,126.1,126.1,126.1,126.1,126.1,126.1,126.1,126.1,126.1,126.1,126.1,126.1,126.1,126.1,126.1,126.1,126.1,126.1,126.1,126.1,126.1,126.1,126.1,126.1,126.1,126.1,126.1,126.1,126.1,126.1,126.1,126.1,126.1,126.1,126.1,126.1,126.1,126.1,126.1,126.1,126.1,126.1,126.1,126.1,126.1,126.1,126.1,126.1,126.1,126.1,126.1,126.1,126.1,126.1,126.1,126.1,126.1,126.1,126.1,126.1,126.1,126.1,126.1,126.1,126.1,126.1,126.1,126.1,126.1,126.1,126.1,126.1,126.1,126.1,126.1,126.1,126.1,126.1,126.1,126.1,126.1,126.1,126.1,126.1,126.1,126.1,126.1,126.1,126.1,126.1,126.1,126.1,126.1,126.1,126.1,126.1,126.1,126.1,126.1,126.1
2009-07-01,130.3,130.3,130.3,130.3,130.3,130.3,130.3,130.3,130.3,130.3,130.3,130.3,130.3,130.3,130.3,130.3,130.3,130.3,130.3,130.3,130.3,130.3,130.3,130.3,130.3,130.3,130.3,130.3,130.3,130.3,130.3,130.3,130.3,130.3,130.3,130.3,130.3,130.3,130.3,130.3,130.3,130.3,130.3,130.3,130.3,130.3,130.3,130.3,130.3,130.3,130.3,130.3,130.3,130.3,130.3,130.3,130.3,130.3,130.3,130.3,130.3,130.3,130.3,130.3,130.3,130.3,130.3,130.3,130.3,130.3,130.3,130.3,130.3,130.3,130.3,130.3,130.3,130.3,130.3,130.3,130.3,130.3,130.3,130.3,130.3,130.3,130.3,130.3,130.3,130.3,130.3,130.3,130.3,130.3,130.3,130.3,130.3,130.3,130.3,130.3,130.3,130.3,130.3,130.3,130.3,130.3,130.3,130.3,130.3,130.3,130.3,130.3,130.3,130.3,130.3,130.3,130.3,130.3,130.3,130.3,130.3,130.3,130.3,130.3,130.3,130.3,130.3,130.3,130.3,130.3,130.3,130.3,130.3,130.3,130.3,130.3,130.3,130.3,130.3,130.3,130.3,130.3,130.3,130.3,130.3,130.3,130.3,130.3,130.3,130.3,130.3,130.3,130.3,130.3,130.3,130.3,130.3,130.3,130.3,130.3,130.3,130.3,130.3,130.3,130.3,130.3,130.3,130.3,130.3,130.3,130.3,130.3,130.3,130.3,130.3,130.3,130.3,130.3,130.3,130.3,130.3,130.3,130.3,130.3,130.3,130.3,130.3,130.3,130.3,130.3,130.3,130.3,130.3,130.3,130.3,130.3,130.3,130.3
2009-08-01,131.7,131.7,131.7,131.7,131.7,131.7,131.7,131.7,131.7,131.7,131.7,131.7,131.7,131.7,131.7,131.7,131.7,131.7,131.7,131.7,131.7,131.7,131.7,131.7,131.7,131.7,131.7,131.7,131.7,131.7,131.7,131.7,131.7,131.7,131.7,131.7,131.7,131.7,131.7,131.7,131.7,131.7,131.7,131.7,131.7,131.7,131.7,131.7,131.7,131.7,131.7,131.7,131.7,131.7,131.7,131.7,131.7,131.7,131.7,131.7,131.7,131.7,131.7,131.7,131.7,131.7,131.7,131.7,131.7,131.7,131.7,131.7,131.7,131.7,131.7,131.7,131.7,131.7,131.7,131.7,131.7,131.7,131.7,131.7,131.7,131.7,131.7,131.7,131.7,131.7,131.7,131.7,131.7,131.7,131.7,131.7,131.7,131.7,131.7,131.7,131.7,131.7,131.7,131.7,131.7,131.7,131.7,131.7,131.7,131.7,131.7,131.7,131.7,131.7,131.7,131.7,131.7,131.7,131.7,131.7,131.7,131.7,131.7,131.7,131.7,131.7,131.7,131.7,131.7,131.7,131.7,131.7,131.7,131.7,131.7,131.7,131.7,131.7,131.7,131.7,131.7,131.7,131.7,131.7,131.7,131.7,131.7,131.7,131.7,131.7,131.7,131.7,131.7,131.7,131.7,131.7,131.7,131.7,131.7,131.7,131.7,131.7,131.7,131.7,131.7,131.7,131.7,131.7,131.7,131.7,131.7,131.7,131.7,131.7,131.7,131.7,131.7,131.7,131.7,131.7,131.7,131.7,131.7,131.7,131.7,131.7,131.7,131.7,131.7,131.7,131.7,131.7,131.7,131.7,131.7,131.7,131.7,131.7
2009-09-01,133.1,133.1,133.1,133.1,133.1,133.1,133.1,133.1,133.1,133.1,133.1,133.1,133.1,133.1,133.1,133.1,133.1,133.1,133.1,133.1,133.1,133.1,133.1,133.1,133.1,133.1,133.1,133.1,133.1,133.1,133.1,133.1,133.1,133.1,133.1,133.1,133.1,133.1,133.1,133.1,133.1,133.1,133.1,133.1,133.1,133.1,133.1,133.1,133.1,133.1,133.1,133.1,133.1,133.1,133.1,133.1,133.1,133.1,133.1,133.1,133.1,133.1,133.1,133.1,133.1,133.1,133.1,133.1,133.1,133.1,133.1,133.1,133.1,133.1,133.1,133.1,133.1,133.1,133.1,133.1,133.1,133.1,133.1,133.1,133.1,133.1,133.1,133.1,133.1,133.1,133.1,133.1,133.1,133.1,133.1,133.1,133.1,133.1,133.1,133.1,133.1,133.1,133.1,133.1,133.1,133.1,133.1,133.1,133.1,133.1,133.1,133.1,133.1,133.1,133.1,133.1,133.1,133.1,133.1,133.1,133.1,133.1,133.1,133.1,133.1,133.1,133.1,133.1,133.1,133.1,133.1,133.1,133.1,133.1,133.1,133.1,133.1,133.1,133.1,133.1,133.1,133.1,133.1,133.1,133.1,133.1,133.1,133.1,133.1,133.1,133.1,133.1,133.1,133.1,133.1,133.1,133.1,133.1,133.1,133.1,133.1,133.1,133.1,133.1,133.1,133.1,133.1,133.1,133.1,133.1,133.1,133.1,133.1,133.1,133.1,133.1,133.1,133.1,133.1,133.1,133.1,133.1,133.1,133.1,133.1,133.1,133.1,133.1,133.1,133.1,133.1,133.1,133.1,133.1,133.1,133.1,133.1,133.1
2009-10-01,135.9,135.9,135.9,135.9,135.9,135.9,135.9,135.9,135.9,135.9,135.9,135.9,135.9,135.9,135.9,135.9,135.9,135.9,135.9,135.9,135.9,135.9,135.9,135.9,135.9,135.9,135.9,135.9,135.9,135.9,135.9,135.9,135.9,135.9,135.9,135.9,135.9,135.9,135.9,135.9,135.9,135.9,135.9,135.9,135.9,135.9,135.9,135.9,135.9,135.9,135.9,135.9,135.9,135.9,135.9,135.9,135.9,135.9,135.9,135.9,135.9,135.9,135.9,135.9,135.9,135.9,135.9,135.9,135.9,135.9,135.9,135.9,135.9,135.9,135.9,135.9,135.9,135.9,135.9,135.9,135.9,135.9,135.9,135.9,135.9,135.9,135.9,135.9,135.9,135.9,135.9,135.9,135.9,135.9,135.9,135.9,135.9,135.9,135.9,135.9,135.9,135.9,135.9,135.9,135.9,135.9,135.9,135.9,135.9,135.9,135.9,135.9,135.9,135.9,135.9,135.9,135.9,135.9,135.9,135.9,135.9,135.9,135.9,135.9,135.9,135.9,135.9,135.9,135.9,135.9,135.9,135.9,135.9,135.9,135.9,135.9,135.9,135.9,135.9,135.9,135.9,135.9,135.9,135.9,135.9,135.9,135.9,135.9,135.9,135.9,135.9,135.9,135.9,135.9,135.9,135.9,135.9,135.9,135.9,135.9,135.9,135.9,135.9,135.9,135.9,135.9,135.9,135.9,135.9,135.9,135.9,135.9,135.9,135.9,135.9,135.9,135.9,135.9,135.9,135.9,135.9,135.9,135.9,135.9,135.9,135.9,135.9,135.9,135.9,135.9,135.9,135.9,135.9,135.9,135.9,135.9,135.9,135.9
2009-11-01,137.8,137.8,137.8,137.8,137.8,137.8,137.8,137.8,137.8,137.8,137.8,137.8,137.8,137.8,137.8,137.8,137.8,137.8,137.8,137.8,137.8,137.8,137.8,137.8,137.8,137.8,137.8,137.8,137.8,137.8,137.8,137.8,137.8,137.8,137.8,137.8,137.8,137.8,137.8,137.8,137.8,137.8,137.8,137.8,137.8,137.8,137.8,137.8,137.8,137.8,137.8,137.8,137.8,137.8,137.8,137.8,137.8,137.8,137.8,137.8,137.8,137.8,137.8,137.8,137.8,137.8,137.8,137.8,137.8,137.8,137.8,137.8,137.8,137.8,137.8,137.8,137.8,137.8,137.8,137.8,137.8,137.8,137.8,137.8,137.8,137.8,137.8,137.8,137.8,137.8,137.8,137.8,137.8,137.8,137.8,137.8,137.8,137.8,137.8,137.8,137.8,137.8,137.8,137.8,137.8,137.8,137.8,137.8,137.8,137.8,137.8,137.8,137.8,137.8,137.8,137.8,137.8,137.8,137.8,137.8,137.8,137.8,137.8,137.8,137.8,137.8,137.8,137.8,137.8,137.8,137.8,137.8,137.8,137.8,137.8,137.8,137.8,137.8,137.8,137.8,137.8,137.8,137.8,137.8,137.8,137.8,137.8,137.8,137.8,137.8,137.8,137.8,137.8,137.8,137.8,137.8,137.8,137.8,137.8,137.8,137.8,137.8,137.8,137.8,137.8,137.8,137.8,137.8,137.8,137.8,137.8,137.8,137.8,137.8,137.8,137.8,137.8,137.8,137.8,137.8,137.8,137.8,137.8,137.8,137.8,137.8,137.8,137.8,137.8,137.8,137.8,137.8,137.8,137.8,137.8,137.8,137.8,137.8
2009-12-01,140.7,140.7,140.7,140.7,140.7,140.7,140.7,140.7,140.7,140.7,140.7,140.7,140.7,140.7,140.7,140.7,140.7,140.7,140.7,140.7,140.7,140.7,140.7,140.7,140.7,140.7,140.7,140.7,140.7,140.7,140.7,140.7,140.7,140.7,140.7,140.7,140.7,140.7,140.7,140.7,140.7,140.7,140.7,140.7,140.7,140.7,140.7,140.7,140.7,140.7,140.7,140.7,140.7,140.7,140.7,140.7,140.7,140.7,140.7,140.7,140.7,140.7,140.7,140.7,140.7,140.7,140.7,140.7,140.7,140.7,140.7,140.7,140.7,140.7,140.7,140.7,140.7,140.7,140.7,140.7,140.7,140.7,140.7,140.7,140.7,140.7,140.7,140.7,140.7,140.7,140.7,140.7,140.7,140.7,140.7,140.7,140.7,140.7,140.7,140.7,140.7,140.7,140.7,140.7,140.7,140.7,140.7,140.7,140.7,140.7,140.7,140.7,140.7,140.7,140.7,140.7,140.7,140.7,140.7,140.7,140.7,140.7,140.7,140.7,140.7,140.7,140.7,140.7,140.7,140.7,140.7,140.7,140.7,140.7,140.7,140.7,140.7,140.7,140.7,140.7,140.7,140.7,140.7,140.7,140.7,140.7,140.7,140.7,140.7,140.7,140.7,140.7,140.7,140.7,140.7,140.7,140.7,140.7,140.7,140.7,140.7,140.7,140.7,140.7,140.7,140.7,140.7,140.7,140.7,140.7,140.7,140.7,140.7,140.7,140.7,140.7,140.7,140.7,140.7,140.7,140.7,140.7,140.7,140.7,140.7,140.7,140.7,140.7,140.7,140.7,140.7,140.7,140.7,140.7,140.7,140.7,140.7,140.7
2010-01-01,138.4,138.4,138.4,138.4,138.4,138.4,138.4,138.4,138.4,138.4,138.4,138.4,138.4,138.4,138.4,138.4,138.4,138.4,138.4,138.4,138.4,138.4,138.4,138.4,138.4,138.4,138.4,138.4,138.4,138.4,138.4,138.4,138.4,138.4,138.4,138.4,138.4,138.4,138.4,138.4,138.4,138.4,138.4,138.4,138.4,138.4,138.4,138.4,138.4,138.4,138.4,138.4,138.4,138.4,138.4,138.4,138.4,138.4,138.4,138.4,138.4,138.4,138.4,138.4,138.4,138.4,138.4,138.4,138.4,138.4,138.4,138.4,138.4,138.4,138.4,138.4,138.4,138.4,138.4,138.4,138.4,138.4,138.4,138.4,138.4,138.4,138.4,138.4,138.4,138.4,138.4,138.4,138.4,138.4,138.4,138.4,138.4,138.4,138.4,138.4,138.4,138.4,138.4,138.4,138.4,138.4,138.4,138.4,138.4,138.4,138.4,138.4,138.4,138.4,138.4,138.4,138.4,138.4,138.4,138.4,138.4,138.4,138.4,138.4,138.4,138.4,138.4,138.4,138.4,138.4,138.4,138.4,138.4,138.4,138.4,138.4,138.4,138.4,138.4,138.4,138.4,138.4,138.4,138.4,138.4,138.4,138.4,138.4,138.4,138.4,138.4,138.4,138.4,138.4,138.4,138.4,138.4,138.4,138.4,138.4,138.4,138.4,138.4,138.4,138.4,138.4,138.4,138.4,138.4,138.4,138.4,138.4,138.4,138.4,138.4,138.4,138.4,138.4,138.4,138.4,138.4,138.4,138.4,138.4,138.4,138.4,138.4,138.4,138.4,138.4,138.4,138.4,138.4,138.4,138.4,138.4,138.4,138.4
2010-02-01,136.8,136.8,137.0,137.0,137.0,137.0,137.0,137.0,137.0,137.0,137.0,137.0,137.0,137.0,137.0,137.0,137.0,137.0,137.0,137.0,137.0,137.0,137.0,137.0,137.0,137.0,137.0,137.0,137.0,137.0,137.0,137.0,137.0,137.0,137.0,137.0,137.0,137.0,137.0,137.0,137.0,137.0,137.0,137.0,137.0,137.0,137.0,137.0,137.0,137.0,137.0,137.0,137.0,137.0,137.0,137.0,137.0,137.0,137.0,137.0,137.0,137.0,137.0,137.0,137.0,137.0,137.0,137.0,137.0,137.0,137.0,137.0,137.0,137.0,137.0,137.0,137.0,137.0,137.0,137.0,137.0,137.0,137.0,137.0,137.0,137.0,137.0,137.0,137.0,137.0,137.0,137.0,137.0,137.0,137.0,137.0,137.0,137.0,137.0,137.0,137.0,137.0,137.0,137.0,137.0,137.0,137.0,137.0,137.0,137.0,137.0,137.0,137.0,137.0,137.0,137.0,137.0,137.0,137.0,137.0,137.0,137.0,137.0,137.0,137.0,137.0,137.0,137.0,137.0,137.0,137.0,137.0,137.0,137.0,137.0,137.0,137.0,137.0,137.0,137.0,137.0,137.0,137.0,137.0,137.0,137.0,137.0,137.0,137.0,137.0,137.0,137.0,137.0,137.0,137.0,137.0,137.0,137.0,137.0,137.0,137.0,137.0,137.0,137.0,137.0,137.0,137.0,137.0,137.0,137.0,137.0,137.0,137.0,137.0,137.0,137.0,137.0,137.0,137.0,137.0,137.0,137.0,137.0,137.0,137.0,137.0,137.0,137.0,137.0,137.0,137.0,137.0,137.0,137.0,137.0,137.0,137.0,137.0
2010-03-01,,131.8,132.0,132.0,132.5,132.5,132.5,132.5,132.5,132.5,132.5,132.5,132.5,132.5,132.5,132.5,132.5,132.5,132.5,132.5,132.5,132.5,132.5,132.5,132.5,132.5,132.5,132.5,132.5,132.5,132.5,132.5,132.5,132.5,132.5,132.5,132.5,132.5,132.5,132.5,132.5,132.5,132.5,132.5,132.5,132.5,132.5,132.5,132.5,132.5,132.5,132.5,132.5,132.5,132.5,132.5,132.5,132.5,132.5,132.5,132.5,132.5,132.5,132.5,132.5,132.5,132.5,132.5,132.5,132.5,132.5,132.5,132.5,132.5,132.5,132.5,132.5,132.5,132.5,132.5,132.5,132.5,132.5,132.5,132.5,132.5,132.5,132.5,132.5,132.5,132.5,132.5,132.5,132.5,132.5,132.5,132.5,132.5,132.5,132.5,132.5,132.5,132.5,132.5,132.5,132.5,132.5,132.5,132.5,132.5,132.5,132.5,132.5,132.5,132.5,132.5,132.5,132.5,132.5,132.5,132.5,132.5,132.5,132.5,132.5,132.5,132.5,132.5,132.5,132.5,132.5,132.5,132.5,132.5,132.5,132.5,132.5,132.5,132.5,132.5,132.5,132.5,132.5,132.5,132.5,132.5,132.5,132.5,132.5,132.5,132.5,132.5,132.5,132.5,132.5,132.5,132.5,132.5,132.5,132.5,132.5,132.5,132.5,132.5,132.5,132.5,132.5,132.5,132.5,132.5,132.5,132.5,132.5,132.5,132.5,132.5,132.5,132.5,132.5,132.5,132.5,132.5,132.5,132.5,132.5,132.5,132.5,132.5,132.5,132.5,132.5,132.5,132.5,132.5,132.5,132.5,132.5,132.5
2010-04-01,,,132.0,132.0,132.8,132.7,132.7,132.7,132.7,132.7,132.7,132.7,132.7,132.7,132.7,132.7,132.7,132.7,132.7,132.7,132.7,132.7,132.7,132.7,132.7,132.7,132.7,132.7,132.7,132.7,132.7,132.7,132.7,132.7,132.7,132.7,132.7,132.7,132.7,132.7,132.7,132.7,132.7,132.7,132.7,132.7,132.7,132.7,132.7,132.7,132.7,132.7,132.7,132.7,132.7,132.7,132.7,132.7,132.7,132.7,132.7,132.7,132.7,132.7,132.7,132.7,132.7,132.7,132.7,132.7,132.7,132.7,132.7,132.7,132.7,132.7,132.7,132.7,132.7,132.7,132.7,132.7,132.7,132.7,132.7,132.7,132.7,132.7,132.7,132.7,132.7,132.7,132.7,132.7,132.7,132.7,132.7,132.7,132.7,132.7,132.7,132.7,132.7,132.7,132.7,132.7,132.7,132.7,132.7,132.7,132.7,132.7,132.7,132.7,132.7,132.7,132.7,132.7,132.7,132.7,132.7,132.7,132.7,132.7,132.7,132.7,132.7,132.7,132.7,132.7,132.7,132.7,132.7,132.7,132.7,132.7,132.7,132.7,132.7,132.7,132.7,132.7,132.7,132.7,132.7,132.7,132.7,132.7,132.7,132.7,132.7,132.7,132.7,132.7,132.7,132.7,132.7,132.7,132.7,132.7,132.7,132.7,132.7,132.7,132.7,132.7,132.7,132.7,132.7,132.7,132.7,132.7,132.7,132.7,132.7,132.7,132.7,132.7,132.7,132.7,132.7,132.7,132.7,132.7,132.7,132.7,132.7,132.7,132.7,132.7,132.7,132.7,132.7,132.7,132.7,132.7,132.7,132.7
2010-05-01,,,,133.3,133.8,133.8,133.8,133.8,133.8,133.8,133.8,133.8,133.8,133.8,133.8,133.8,133.8,133.8,133.8,133.8,133.8,133.8,133.8,133.8,133.8,133.8,133.8,133.8,133.8,133.8,133.8,133.8,133.8,133.8,133.8,133.8,133.8,133.8,133.8,133.8,133.8,133.8,133.8,133.8,133.8,133.8,133.8,133.8,133.8,133.8,133.8,133.8,133.8,133.8,133.8,133.8,133.8,133.8,133.8,133.8,133.8,133.8,133.8,133.8,133.8,133.8,133.8,133.8,133.8,133.8,133.8,133.8,133.8,133.8,133.8,133.8,133.8,133.8,133.8,133.8,133.8,133.8,133.8,133.8,133.8,133.8,133.8,133.8,133.8,133.8,133.8,133.8,133.8,133.8,133.8,133.8,133.8,133.8,133.8,133.8,133.8,133.8,133.8,133.8,133.8,133.8,133.8,133.8,133.8,133.8,133.8,133.8,133.8,133.8,133.8,133.8,133.8,133.8,133.8,133.8,133.8,133.8,133.8,133.8,133.8,133.8,133.8,133.8,133.8,133.8,133.8,133.8,133.8,133.8,133.8,133.8,133.8,133.8,133.8,133.8,133.8,133.8,133.8,133.8,133.8,133.8,133.8,133.8,133.8,133.8,133.8,133.8,133.8,133.8,133.8,133.8,133.8,133.8,133.8,133.8,133.8,133.8,133.8,133.8,133.8,133.8,133.8,133.8,133.8,133.8,133.8,133.8,133.8,133.8,133.8,133.8,133.8,133.8,133.8,133.8,133.8,133.8,133.8,133.8,133.8,133.8,133.8,133.8,133.8,133.8,133.8,133.8,133.8,133.8,133.8,133.8,133.8,133.8
2010-06-01,,,,,126.4,126.4,126.4,126.6,126.6,126.6,126.6,126.6,126.6,126.6,126.6,126.6,126.6,126.6,126.6,126.6,126.6,126.6,126.6,126.6,126.6,126.6,126.6,126.6,126.6,126.6,126.6,126.6,126.6,126.6,126.6,126.6,126.6,126.6,126.6,126.6,126.6,126.6,126.6,126.6,126.6,126.6,126.6,126.6,126.6,126.6,126.6,126.6,126.6,126.6,126.6,126.6,126.6,126.6,126.6,126.6,126.6,126.6,126.6,126.6,126.6,126.6,126.6,126.6,126.6,126.6,126.6,126.6,126.6,126.6,126.6,126.6,126.6,126.6,126.6,126.6,126.6,126.6,126.6,126.6,126.6,126.6,126.6,126.6,126.6,126.6,126.6,126.6,126.6,126.6,126.6,126.6,126.6,126.6,126.6,126.6,126.6,126.6,126.6,126.6,126.6,126.6,126.6,126.6,126.6,126.6,126.6,126.6,126.6,126.6,126.6,126.6,126.6,126.6,126.6,126.6,126.6,126.6,126.6,126.6,126.6,126.6,126.6,126.6,126.6,126.6,126.6,126.6,126.6,126.6,126.6,126.6,126.6,126.6,126.6,126.6,126.6,126.6,126.6,126.6,126.6,126.6,126.6,126.6,126.6,126.6,126.6,126.6,126.6,126.6,126.6,126.6,126.6,126.6,126.6,126.6,126.6,126.6,126.6,126.6,126.6,126.6,126.6,126.6,126.6,126.6,126.6,126.6,126.6,126.6,126.6,126.6,126.6,126.6,126.6,126.6,126.6,126.6,126.6,126.6,126.6,126.6,126.6,126.6,126.6,126.6,126.6,126.6,126.6,126.6,126.6,126.6,126.6,126.6
2010-07-01,,,,,,124.8,124.8,125.0,125.0,125.0,125.0,125.0,125.0,125.0,125.0,125.0,125.0,125.0,125.0,125.0,125.0,125.0,125.0,125.0,125.0,125.0,125.0,125.0,125.0,125.0,125.0,125.0,125.0,125.0,125.0,125.0,125.0,125.0,125.0,125.0,125.0,125.0,125.0,125.0,125.0,125.0,125.0,125.0,125.0,125.0,125.0,125.0,125.0,125.0,125.0,125.0,125.0,125.0,125.0,125.0,125.0,125.0,125.0,125.0,125.0,125.0,125.0,125.0,125.0,125.0,125.0,125.0,125.0,125.0,125.0,125.0,125.0,125.0,125.0,125.0,125.0,125.0,125.0,125.0,125.0,125.0,125.0,125.0,125.0,125.0,125.0,125.0,125.0,125.0,125.0,125.0,125.0,125.0,125.0,125.0,125.0,125.0,125.0,125.0,125.0,125.0,125.0,125.0,125.0,125.0,125.0,125.0,125.0,125.0,125.0,125.0,125.0,125.0,125.0,125.0,125.0,125.0,125.0,125.0,125.0,125.0,125.0,125.0,125.0,125.0,125.0,125.0,125.0,125.0,125.0,125.0,125.0,125.0,125.0,125.0,125.0,125.0,125.0,125.0,125.0,125.0,125.0,125.0,125.0,125.0,125.0,125.0,125.0,125.0,125.0,125.0,125.0,125.0,125.0,125.0,125.0,125.0,125.0,125.0,125.0,125.0,125.0,125.0,125.0,125.0,125.0,125.0,125.0,125.0,125.0,125.0,125.0,125.0,125.0,125.0,125.0,125.0,125.0,125.0,125.0,125.0,125.0,125.0,125.0,125.0,125.0,125.0,125.0,125.0,125.0,125.0,125.0,125.0
2010-08-01,,,,,,,130.3,130.4,130.4,130.4,130.4,130.4,130.4,130.4,130.4,130.4,130.4,130.4,130.4,130.4,130.4,130.4,130.4,130.4,130.4,130.4,130.4,130.4,130.4,130.4,130.4,130.4,130.4,130.4,130.4,130.4,130.4,130.4,130.4,130.4,130.4,130.4,130.4,130.4,130.4,130.4,130.4,130.4,130.4,130.4,130.4,130.4,130.4,130.4,130.4,130.4,130.4,130.4,130.4,130.4,130.4,130.4,130.4,130.4,130.4,130.4,130.4,130.4,130.4,130.4,130.4,130.4,130.4,130.4,130.4,130.4,130.4,130.4,130.4,130.4,130.4,130.4,130.4,130.4,130.4,130.4,130.4,130.4,130.4,130.4,130.4,130.4,130.4,130.4,130.4,130.4,130.4,130.4,130.4,130.4,130.4,130.4,130.4,130.4,130.4,130.4,130.4,130.4,130.4,130.4,130.4,130.4,130.4,130.4,130.4,130.4,130.4,130.4,130.4,130.4,130.4,130.4,130.4,130.4,130.4,130.4,130.4,130.4,130.4,130.4,130.4,130.4,130.4,130.4,130.4,130.4,130.4,130.4,130.4,130.4,130.4,130.4,130.4,130.4,130.4,130.4,130.4,130.4,130.4,130.4,130.4,130.4,130.4,130.4,130.4,130.4,130.4,130.4,130.4,130.4,130.4,130.4,130.4,130.4,130.4,130.4,130.4,130.4,130.4,130.4,130.4,130.4,130.4,130.4,130.4,130.4,130.4,130.4,130.4,130.4,130.4,130.4,130.4,130.4,130.4,130.4,130.4,130.4,130.4,130.4,130.4,130.4,130.4,130.4,130.4,130.4,130.4,130.4
2010-09-01,,,,,,,,131.7,131.7,131.7,131.7,131.7,131.7,131.7,131.7,131.7,131.7,131.7,131.7,131.7,131.7,131.7,131.7,131.7,131.7,131.7,131.7,131.7,131.7,131.7,131.7,131.7,131.7,131.7,131.7,131.7,131.7,131.7,131.7,131.7,131.7,131.7,131.7,131.7,131.7,131.7,131.7,131.7,131.7,131.7,131.7,131.7,131.7,131.7,131.7,131.7,131.7,131.7,131.7,131.7,131.7,131.7,131.7,131.7,131.7,131.7,131.7,131.7,131.7,131.7,131.7,131.7,131.7,131.7,131.7,131.7,131.7,131.7,131.7,131.7,131.7,131.7,131.7,131.7,131.7,131.7,131.7,131.7,131.7,131.7,131.7,131.7,131.7,131.7,131.7,131.7,131.7,131.7,131.7,131.7,131.7,131.7,131.7,131.7,131.7,131.7,131.7,131.7,131.7,131.7,131.7,131.7,131.7,131.7,131.7,131.7,131.7,131.7,131.7,131.7,131.7,131.7,131.7,131.7,131.7,131.7,131.7,131.7,131.7,131.7,131.7,131.7,131.7,131.7,131.7,131.7,131.7,131.7,131.7,131.7,131.7,131.7,131.7,131.7,131.7,131.7,131.7,131.7,131.7,131.7,131.7,131.7,131.7,131.7,131.7,131.7,131.7,131.7,131.7,131.7,131.7,131.7,131.7,131.7,131.7,131.7,131.7,131.7,131.7,131.7,131.7,131.7,131.7,131.7,131.7,131.7,131.7,131.7,131.7,131.7,131.7,131.7,131.7,131.7,131.7,131.7,131.7,131.7,131.7,131.7,131.7,131.7,131.7,131.7,131.7,131.7,131.7,131.7
2010-10-01,,,,,,,,,135.5,135.9,135.9,135.9,135.9,135.9,135.9,135.9,135.9,135.9,135.9,135.9,135.9,135.9,135.9,135.9,135.9,135.9,135.9,135.9,135.9,135.9,135.9,135.9,135.9,135.9,135.9,135.9,135.9,135.9,135.9,135.9,135.9,135.9,135.9,135.9,135.9,135.9,135.9,135.9,135.9,135.9,135.9,135.9,135.9,135.9,135.9,135.9,135.9,135.9,135.9,135.9,135.9,135.9,135.9,135.9,135.9,135.9,135.9,135.9,135.9,135.9,135.9,135.9,135.9,135.9,135.9,135.9,135.9,135.9,135.9,135.9,135.9,135.9,135.9,135.9,135.9,135.9,135.9,135.9,135.9,135.9,135.9,135.9,135.9,135.9,135.9,135.9,135.9,135.9,135.9,135.9,135.9,135.9,135.9,135.9,135.9,135.9,135.9,135.9,135.9,135.9,135.9,135.9,135.9,135.9,135.9,135.9,135.9,135.9,135.9,135.9,135.9,135.9,135.9,135.9,135.9,135.9,135.9,135.9,135.9,135.9,135.9,135.9,135.9,135.9,135.9,135.9,135.9,135.9,135.9,135.9,135.9,135.9,135.9,135.9,135.9,135.9,135.9,135.9,135.9,135.9,135.9,135.9,135.9,135.9,135.9,135.9,135.9,135.9,135.9,135.9,135.9,135.9,135.9,135.9,135.9,135.9,135.9,135.9,135.9,135.9,135.9,135.9,135.9,135.9,135.9,135.9,135.9,135.9,135.9,135.9,135.9,135.9,135.9,135.9,135.9,135.9,135.9,135.9,135.9,135.9,135.9,135.9,135.9,135.9,135.9,135.9,135.9,135.9
2010-11-01,,,,,,,,,,142.0,142.3,142.1,142.1,142.1,142.1,142.1,142.1,142.1,142.1,142.1,142.1,142.1,142.1,142.1,142.1,142.1,142.1,142.1,142.1,142.1,142.1,142.1,142.1,142.1,142.1,142.1,142.1,142.1,142.1,142.1,142.1,142.1,142.1,142.1,142.1,142.1,142.1,142.1,142.1,142.1,142.1,142.1,142.1,142.1,142.1,142.1,142.1,142.1,142.1,142.1,142.1,142.1,142.1,142.1,142.1,142.1,142.1,142.1,142.1,142.1,142.1,142.1,142.1,142.1,142.1,142.1,142.1,142.1,142.1,142.1,142.1,142.1,142.1,142.1,142.1,142.1,142.1,142.1,142.1,142.1,142.1,142.1,142.1,142.1,142.1,142.1,142.1,142.1,142.1,142.1,142.1,142.1,142.1,142.1,142.1,142.1,142.1,142.1,142.1,142.1,142.1,142.1,142.1,142.1,142.1,142.1,142.1,142.1,142.1,142.1,142.1,142.1,142.1,142.1,142.1,142.1,142.1,142.1,142.1,142.1,142.1,142.1,142.1,142.1,142.1,142.1,142.1,142.1,142.1,142.1,142.1,142.1,142.1,142.1,142.1,142.1,142.1,142.1,142.1,142.1,142.1,142.1,142.1,142.1,142.1,142.1,142.1,142.1,142.1,142.1,142.1,142.1,142.1,142.1,142.1,142.1,142.1,142.1,142.1,142.1,142.1,142.1,142.1,142.1,142.1,142.1,142.1,142.1,142.1,142.1,142.1,142.1,142.1,142.1,142.1,142.1,142.1,142.1,142.1,142.1,142.1,142.1,142.1,142.1,142.1,142.1,142.1,142.1
2010-12-01,,,,,,,,,,,142.9,142.5,142.5,142.5,142.5,142.5,142.5,142.5,142.5,142.5,142.5,142.5,142.5,142.5,142.5,142.5,142.5,142.5,142.5,142.5,142.5,142.5,142.5,142.5,142.5,142.5,142.5,142.5,142.5,142.5,142.5,142.5,142.5,142.5,142.5,142.5,142.5,142.5,142.5,142.5,142.5,142.5,142.5,142.5,142.5,142.5,142.5,142.5,142.5,142.5,142.5,142.5,142.5,142.5,142.5,142.5,142.5,142.5,142.5,142.5,142.5,142.5,142.5,142.5,142.5,142.5,142.5,142.5,142.5,142.5,142.5,142.5,142.5,142.5,142.5,142.5,142.5,142.5,142.5,142.5,142.5,142.5,142.5,142.5,142.5,142.5,142.5,142.5,142.5,142.5,142.5,142.5,142.5,142.5,142.5,142.5,142.5,142.5,142.5,142.5,142.5,142.5,142.5,142.5,142.5,142.5,142.5,142.5,142.5,142.5,142.5,142.5,142.5,142.5,142.5,142.5,142.5,142.5,142.5,142.5,142.5,142.5,142.5,142.5,142.5,142.5,142.5,142.5,142.5,142.5,142.5,142.5,142.5,142.5,142.5,142.5,142.5,142.5,142.5,142.5,142.5,142.5,142.5,142.5,142.5,142.5,142.5,142.5,142.5,142.5,142.5,142.5,142.5,142.5,142.5,142.5,142.5,142.5,142.5,142.5,142.5,142.5,142.5,142.5,142.5,142.5,142.5,142.5,142.5,142.5,142.5,142.5,142.5,142.5,142.5,142.5,142.5,142.5,142.5,142.5,142.5,142.5,142.5,142.5,142.5,142.5,142.5,142.5
2011-01-01,,,,,,,,,,,,141.4,142.0,141.7,141.7,141.7,141.7,141.7,141.7,141.7,141.7,141.7,141.7,141.7,141.7,141.7,141.7,141.7,141.7,141.7,141.7,141.7,141.7,141.7,141.7,141.7,141.7,141.7,141.7,141.7,141.7,141.7,141.7,141.7,141.7,141.7,141.7,141.7,141.7,141.7,141.7,141.7,141.7,141.7,141.7,141.7,141.7,141.7,141.7,141.7,141.7,141.7,141.7,141.7,141.7,141.7,141.7,141.7,141.7,141.7,141.7,141.7,141.7,141.7,141.7,141.7,141.7,141.7,141.7,141.7,141.7,141.7,141.7,141.7,141.7,141.7,141.7,141.7,141.7,141.7,141.7,141.7,141.7,141.7,141.7,141.7,141.7,141.7,141.7,141.7,141.7,141.7,141.7,141.7,141.7,141.7,141.7,141.7,141.7,141.7,141.7,141.7,141.7,141.7,141.7,141.7,141.7,141.7,141.7,141.7,141.7,141.7,141.7,141.7,141.7,141.7,141.7,141.7,141.7,141.7,141.7,141.7,141.7,141.7,141.7,141.7,141.7,141.7,141.7,141.7,141.7,141.7,141.7,141.7,141.7,141.7,141.7,141.7,141.7,141.7,141.7,141.7,141.7,141.7,141.7,141.7,141.7,141.7,141.7,141.7,141.7,141.7,141.7,141.7,141.7,141.7,141.7,141.7,141.7,141.7,141.7,141.7,141.7,141.7,141.7,141.7,141.7,141.7,141.7,141.7,141.7,141.7,141.7,141.7,141.7,141.7,141.7,141.7,141.7,141.7,141.7,141.7,141.7,141.7,141.7,141.7,141.7,141.7
2011-02-01,,,,,,,,,,,,,144.3,144.0,144.3,144.3,144.3,144.3,144.3,144.3,144.3,144.3,144.3,144.3,144.3,144.3,144.3,144.3,144.3,144.3,144.3,144.3,144.3,144.3,144.3,144.3,144.3,144.3,144.3,144.3,144.3,144.3,144.3,144.3,144.3,144.3,144.3,144.3,144.3,144.3,144.3,144.3,144.3,144.3,144.3,144.3,144.3,144.3,144.3,144.3,144.3,144.3,144.3,144.3,144.3,144.3,144.3,144.3,144.3,144.3,144.3,144.3,144.3,144.3,144.3,144.3,144.3,144.3,144.3,144.3,144.3,144.3,144.3,144.3,144.3,144.3,144.3,144.3,144.3,144.3,144.3,144.3,144.3,144.3,144.3,144.3,144.3,144.3,144.3,144.3,144.3,144.3,144.3,144.3,144.3,144.3,144.3,144.3,144.3,144.3,144.3,144.3,144.3,144.3,144.3,144.3,144.3,144.3,144.3,144.3,144.3,144.3,144.3,144.3,144.3,144.3,144.3,144.3,144.3,144.3,144.3,144.3,144.3,144.3,144.3,144.3,144.3,144.3,144.3,144.3,144.3,144.3,144.3,144.3,144.3,144.3,144.3,144.3,144.3,144.3,144.3,144.3,144.3,144.3,144.3,144.3,144.3,144.3,144.3,144.3,144.3,144.3,144.3,144.3,144.3,144.3,144.3,144.3,144.3,144.3,144.3,144.3,144.3,144.3,144.3,144.3,144.3,144.3,144.3,144.3,144.3,144.3,144.3,144.3,144.3,144.3,144.3,144.3,144.3,144.3,144.3,144.3,144.3,144.3,144.3,144.3,144.3,144.3
2011-03-01,,,,,,,,,,,,,,148.5,148.8,148.8,148.8,148.8,148.8,148.8,148.8,148.8,148.8,148.8,148.8,148.8,148.8,148.8,148.8,148.8,148.8,148.8,148.8,148.8,148.8,148.8,148.8,148.8,148.8,148.8,148.8,148.8,148.8,148.8,148.8,148.8,148.8,148.8,148.8,148.8,148.8,148.8,148.8,148.8,148.8,148.8,148.8,148.8,148.8,148.8,148.8,148.8,148.8,148.8,148.8,148.8,148.8,148.8,148.8,148.8,148.8,148.8,148.8,148.8,148.8,148.8,148.8,148.8,148.8,148.8,148.8,148.8,148.8,148.8,148.8,148.8,148.8,148.8,148.8,148.8,148.8,148.8,148.8,148.8,148.8,148.8,148.8,148.8,148.8,148.8,148.8,148.8,148.8,148.8,148.8,148.8,148.8,148.8,148.8,148.8,148.8,148.8,148.8,148.8,148.8,148.8,148.8,148.8,148.8,148.8,148.8,148.8,148.8,148.8,148.8,148.8,148.8,148.8,148.8,148.8,148.8,148.8,148.8,148.8,148.8,148.8,148.8,148.8,148.8,148.8,148.8,148.8,148.8,148.8,148.8,148.8,148.8,148.8,148.8,148.8,148.8,148.8,148.8,148.8,148.8,148.8,148.8,148.8,148.8,148.8,148.8,148.8,148.8,148.8,148.8,148.8,148.8,148.8,148.8,148.8,148.8,148.8,148.8,148.8,148.8,148.8,148.8,148.8,148.8,148.8,148.8,148.8,148.8,148.8,148.8,148.8,148.8,148.8,148.8,148.8,148.8,148.8,148.8,148.8,148.8,148.8,148.8,148.8
2011-04-01,,,,,,,,,,,,,,,159.2,159.9,159.9,159.5,159.5,159.5,159.5,159.5,159.5,159.5,159.5,159.5,159.5,159.5,159.5,159.5,159.5,159.5,159.5,159.5,159.5,159.5,159.5,159.5,159.5,159.5,159.5,159.5,159.5,159.5,159.5,159.5,159.5,159.5,159.5,159.5,159.5,159.5,159.5,159.5,159.5,159.5,159.5,159.5,159.5,159.5,159.5,159.5,159.5,159.5,159.5,159.5,159.5,159.5,159.5,159.5,159.5,159.5,159.5,159.5,159.5,159.5,159.5,159.5,159.5,159.5,159.5,159.5,159.5,159.5,159.5,159.5,159.5,159.5,159.5,159.5,159.5,159.5,159.5,159.5,159.5,159.5,159.5,159.5,159.5,159.5,159.5,159.5,159.5,159.5,159.5,159.5,159.5,159.5,159.5,159.5,159.5,159.5,159.5,159.5,159.5,159.5,159.5,159.5,159.5,159.5,159.5,159.5,159.5,159.5,159.5,159.5,159.5,159.5,159.5,159.5,159.5,159.5,159.5,159.5,159.5,159.5,159.5,159.5,159.5,159.5,159.5,159.5,159.5,159.5,159.5,159.5,159.5,159.5,159.5,159.5,159.5,159.5,159.5,159.5,159.5,159.5,159.5,159.5,159.5,159.5,159.5,159.5,159.5,159.5,159.5,159.5,159.5,159.5,159.5,159.5,159.5,159.5,159.5,159.5,159.5,159.5,159.5,159.5,159.5,159.5,159.5,159.5,159.5,159.5,159.5,159.5,159.5,159.5,159.5,159.5,159.5,159.5,159.5,159.5,159.5,159.5,159.5,159.5
2011-05-01,,,,,,,,,,,,,,,,169.7,169.7,169.9,169.9,169.9,169.9,169.9,169.9,169.9,169.9,169.9,169.9,169.9,169.9,169.9,169.9,169.9,169.9,169.9,169.9,169.9,169.9,169.9,169.9,169.9,169.9,169.9,169.9,169.9,169.9,169.9,169.9,169.9,169.9,169.9,169.9,169.9,169.9,169.9,169.9,169.9,169.9,169.9,169.9,169.9,169.9,169.9,169.9,169.9,169.9,169.9,169.9,169.9,169.9,169.9,169.9,169.9,169.9,169.9,169.9,169.9,169.9,169.9,169.9,169.9,169.9,169.9,169.9,169.9,169.9,169.9,169.9,169.9,169.9,169.9,169.9,169.9,169.9,169.9,169.9,169.9,169.9,169.9,169.9,169.9,169.9,169.9,169.9,169.9,169.9,169.9,169.9,169.9,169.9,169.9,169.9,169.9,169.9,169.9,169.9,169.9,169.9,169.9,169.9,169.9,169.9,169.9,169.9,169.9,169.9,169.9,169.9,169.9,169.9,169.9,169.9,169.9,169.9,169.9,169.9,169.9,169.9,169.9,169.9,169.9,169.9,169.9,169.9,169.9,169.9,169.9,169.9,169.9,169.9,169.9,169.9,169.9,169.9,169.9,169.9,169.9,169.9,169.9,169.9,169.9,169.9,169.9,169.9,169.9,169.9,169.9,169.9,169.9,169.9,169.9,169.9,169.9,169.9,169.9,169.9,169.9,169.9,169.9,169.9,169.9,169.9,169.9,169.9,169.9,169.9,169.9,169.9,169.9,169.9,169.9,169.9,169.9,169.9,169.9,169.9,169.9,169.9,169.9
2011-06-01,,,,,,,,,,,,,,,,,169.2,168.9,168.4,168.3,168.3,168.3,168.3,168.3,168.3,168.3,168.3,168.3,168.3,168.3,168.3,168.3,168.3,168.3,168.3,168.3,168.3,168.3,168.3,168.3,168.3,168.3,168.3,168.3,168.3,168.3,168.3,168.3,168.3,168.3,168.3,168.3,168.3,168.3,168.3,168.3,168.3,168.3,168.3,168.3,168.3,168.3,168.3,168.3,168.3,168.3,168.3,168.3,168.3,168.3,168.3,168.3,168.3,168.3,168.3,168.3,168.3,168.3,168.3,168.3,168.3,168.3,168.3,168.3,168.3,168.3,168.3,168.3,168.3,168.3,168.3,168.3,168.3,168.3,168.3,168.3,168.3,168.3,168.3,168.3,168.3,168.3,168.3,168.3,168.3,168.3,168.3,168.3,168.3,168.3,168.3,168.3,168.3,168.3,168.3,168.3,168.3,168.3,168.3,168.3,168.3,168.3,168.3,168.3,168.3,168.3,168.3,168.3,168.3,168.3,168.3,168.3,168.3,168.3,168.3,168.3,168.3,168.3,168.3,168.3,168.3,168.3,168.3,168.3,168.3,168.3,168.3,168.3,168.3,168.3,168.3,168.3,168.3,168.3,168.3,168.3,168.3,168.3,168.3,168.3,168.3,168.3,168.3,168.3,168.3,168.3,168.3,168.3,168.3,168.3,168.3,168.3,168.3,168.3,168.3,168.3,168.3,168.3,168.3,168.3,168.3,168.3,168.3,168.3,168.3,168.3,168.3,168.3,168.3,168.3,168.3,168.3,168.3,168.3,168.3,168.3,168.3,168.3
2011-07-01,,,,,,,,,,,,,,,,,,169.8,169.2,169.2,169.2,169.2,169.2,169.2,169.2,169.2,169.2,169.2,169.2,169.2,169.2,169.2,169.2,169.2,169.2,169.2,169.2,169.2,169.2,169.2,169.2,169.2,169.2,169.2,169.2,169.2,169.2,169.2,169.2,169.2,169.2,169.2,169.2,169.2,169.2,169.2,169.2,169.2,169.2,169.2,169.2,169.2,169.2,169.2,169.2,169.2,169.2,169.2,169.2,169.2,169.2,169.2,169.2,169.2,169.2,169.2,169.2,169.2,169.2,169.2,169.2,169.2,169.2,169.2,169.2,169.2,169.2,169.2,169.2,169.2,169.2,169.2,169.2,169.2,169.2,169.2,169.2,169.2,169.2,169.2,169.2,169.2,169.2,169.2,169.2,169.2,169.2,169.2,169.2,169.2,169.2,169.2,169.2,169.2,169.2,169.2,169.2,169.2,169.2,169.2,169.2,169.2,169.2,169.2,169.2,169.2,169.2,169.2,169.2,169.2,169.2,169.2,169.2,169.2,169.2,169.2,169.2,169.2,169.2,169.2,169.2,169.2,169.2,169.2,169.2,169.2,169.2,169.2,169.2,169.2,169.2,169.2,169.2,169.2,169.2,169.2,169.2,169.2,169.2,169.2,169.2,169.2,169.2,169.2,169.2,169.2,169.2,169.2,169.2,169.2,169.2,169.2,169.2,169.2,169.2,169.2,169.2,169.2,169.2,169.2,169.2,169.2,169.2,169.2,169.2,169.2,169.2,169.2,169.2,169.2,169.2,169.2,169.2,169.2,169.2,169.2,169.2,169.2
2011-08-01,,,,,,,,,,,,,,,,,,,169.3,171.2,180.5,180.5,180.5,180.5,180.5,180.5,180.5,180.5,180.5,180.5,180.5,180.5,180.5,180.5,180.5,180.5,180.5,180.5,180.5,180.5,180.5,180.5,180.5,180.5,180.5,180.5,180.5,180.5,180.5,180.5,180.5,180.5,180.5,180.5,180.5,180.5,180.5,180.5,180.5,180.5,180.5,180.5,180.5,180.5,180.5,180.5,180.5,180.5,180.5,180.5,180.5,180.5,180.5,180.5,180.5,180.5,180.5,180.5,180.5,180.5,180.5,180.5,180.5,180.5,180.5,180.5,180.5,180.5,180.5,180.5,180.5,180.5,180.5,180.5,180.5,180.5,180.5,180.5,180.5,180.5,180.5,180.5,180.5,180.5,180.5,180.5,180.5,180.5,180.5,180.5,180.5,180.5,180.5,180.5,180.5,180.5,180.5,180.5,180.5,180.5,180.5,180.5,180.5,180.5,180.5,180.5,180.5,180.5,180.5,180.5,180.5,180.5,180.5,180.5,180.5,180.5,180.5,180.5,180.5,180.5,180.5,180.5,180.5,180.5,180.5,180.5,180.5,180.5,180.5,180.5,180.5,180.5,180.5,180.5,180.5,180.5,180.5,180.5,180.5,180.5,180.5,180.5,180.5,180.5,180.5,180.5,180.5,180.5,180.5,180.5,180.5,180.5,180.5,180.5,180.5,180.5,180.5,180.5,180.5,180.5,180.5,180.5,180.5,180.5,180.5,180.5,180.5,180.5,180.5,180.5,180.5,180.5,180.5,180.5,180.5,180.5,180.5,180.5
2011-09-01,,,,,,,,,,,,,,,,,,,,172.4,179.8,179.8,179.8,179.8,179.8,179.8,179.8,179.8,179.8,179.8,179.8,179.8,179.8,179.8,179.8,179.8,179.8,179.8,179.8,179.8,179.8,179.8,179.8,179.8,179.8,179.8,179.8,179.8,179.8,179.8,179.8,179.8,179.8,179.8,179.8,179.8,179.8,179.8,179.8,179.8,179.8,179.8,179.8,179.8,179.8,179.8,179.8,179.8,179.8,179.8,179.8,179.8,179.8,179.8,179.8,179.8,179.8,179.8,179.8,179.8,179.8,179.8,179.8,179.8,179.8,179.8,179.8,179.8,179.8,179.8,179.8,179.8,179.8,179.8,179.8,179.8,179.8,179.8,179.8,179.8,179.8,179.8,179.8,179.8,179.8,179.8,179.8,179.8,179.8,179.8,179.8,179.8,179.8,179.8,179.8,179.8,179.8,179.8,179.8,179.8,179.8,179.8,179.8,179.8,179.8,179.8,179.8,179.8,179.8,179.8,179.8,179.8,179.8,179.8,179.8,179.8,179.8,179.8,179.8,179.8,179.8,179.8,179.8,179.8,179.8,179.8,179.8,179.8,179.8,179.8,179.8,179.8,179.8,179.8,179.8,179.8,179.8,179.8,179.8,179.8,179.8,179.8,179.8,179.8,179.8,179.8,179.8,179.8,179.8,179.8,179.8,179.8,179.8,179.8,179.8,179.8,179.8,179.8,179.8,179.8,179.8,179.8,179.8,179.8,179.8,179.8,179.8,179.8,179.8,179.8,179.8,179.8,179.8,179.8,179.8,179.8,179.8,179.8
2011-10-01,,,,,,,,,,,,,,,,,,,,,173.9,174.6,174.6,174.6,174.6,174.6,174.6,174.6,174.6,174.6,174.6,174.6,174.6,174.6,174.6,174.6,174.6,174.6,174.6,174.6,174.6,174.6,174.6,174.6,174.6,174.6,174.6,174.6,174.6,174.6,174.6,174.6,174.6,174.6,174.6,174.6,174.6,174.6,174.6,174.6,174.6,174.6,174.6,174.6,174.6,174.6,174.6,174.6,174.6,174.6,174.6,174.6,174.6,174.6,174.6,174.6,174.6,174.6,174.6,174.6,174.6,174.6,174.6,174.6,174.6,174.6,174.6,174.6,174.6,174.6,174.6,174.6,174.6,174.6,174.6,174.6,174.6,174.6,174.6,174.6,174.6,174.6,174.6,174.6,174.6,174.6,174.6,174.6,174.6,174.6,174.6,174.6,174.6,174.6,174.6,174.6,174.6,174.6,174.6,174.6,174.6,174.6,174.6,174.6,174.6,174.6,174.6,174.6,174.6,174.6,174.6,174.6,174.6,174.6,174.6,174.6,174.6,174.6,174.6,174.6,174.6,174.6,174.6,174.6,174.6,174.6,174.6,174.6,174.6,174.6,174.6,174.6,174.6,174.6,174.6,174.6,174.6,174.6,174.6,174.6,174.6,174.6,174.6,174.6,174.6,174.6,174.6,174.6,174.6,174.6,174.6,174.6,174.6,174.6,174.6,174.6,174.6,174.6,174.6,174.6,174.6,174.6,174.6,174.6,174.6,174.6,174.6,174.6,174.6,174.6,174.6,174.6,174.6,174.6,174.6,174.6,174.6,174.6
2011-11-01,,,,,,,,,,,,,,,,,,,,,,168.8,168.8,168.8,168.8,168.8,168.8,168.8,168.8,168.8,168.8,168.8,168.8,168.8,168.8,168.8,168.8,168.8,168.8,168.8,168.8,168.8,168.8,168.8,168.8,168.8,168.8,168.8,168.8,168.8,168.8,168.8,168.8,168.8,168.8,168.8,168.8,168.8,168.8,168.8,168.8,168.8,168.8,168.8,168.8,168.8,168.8,168.8,168.8,168.8,168.8,168.8,168.8,168.8,168.8,168.8,168.8,168.8,168.8,168.8,168.8,168.8,168.8,168.8,168.8,168.8,168.8,168.8,168.8,168.8,168.8,168.8,168.8,168.8,168.8,168.8,168.8,168.8,168.8,168.8,168.8,168.8,168.8,168.8,168.8,168.8,168.8,168.8,168.8,168.8,168.8,168.8,168.8,168.8,168.8,168.8,168.8,168.8,168.8,168.8,168.8,168.8,168.8,168.8,168.8,168.8,168.8,168.8,168.8,168.8,168.8,168.8,168.8,168.8,168.8,168.8,168.8,168.8,168.8,168.8,168.8,168.8,168.8,168.8,168.8,168.8,168.8,168.8,168.8,168.8,168.8,168.8,168.8,168.8,168.8,168.8,168.8,168.8,168.8,168.8,168.8,168.8,168.8,168.8,168.8,168.8,168.8,168.8,168.8,168.8,168.8,168.8,168.8,168.8,168.8,168.8,168.8,168.8,168.8,168.8,168.8,168.8,168.8,168.8,168.8,168.8,168.8,168.8,168.8,168.8,168.8,168.8,168.8,168.8,168.8,168.8,168.8,168.8
2011-12-01,,,,,,,,,,,,,,,,,,,,,,,168.2,168.2,168.3,168.3,168.3,168.3,168.3,168.3,168.3,168.3,168.3,168.3,168.3,168.3,168.3,168.3,168.3,168.3,168.3,168.3,168.3,168.3,168.3,168.3,168.3,168.3,168.3,168.3,168.3,168.3,168.3,168.3,168.3,168.3,168.3,168.3,168.3,168.3,168.3,168.3,168.3,168.3,168.3,168.3,168.3,168.3,168.3,168.3,168.3,168.3,168.3,168.3,168.3,168.3,168.3,168.3,168.3,168.3,168.3,168.3,168.3,168.3,168.3,168.3,168.3,168.3,168.3,168.3,168.3,168.3,168.3,168.3,168.3,168.3,168.3,168.3,168.3,168.3,168.3,168.3,168.3,168.3,168.3,168.3,168.3,168.3,168.3,168.3,168.3,168.3,168.3,168.3,168.3,168.3,168.3,168.3,168.3,168.3,168.3,168.3,168.3,168.3,168.3,168.3,168.3,168.3,168.3,168.3,168.3,168.3,168.3,168.3,168.3,168.3,168.3,168.3,168.3,168.3,168.3,168.3,168.3,168.3,168.3,168.3,168.3,168.3,168.3,168.3,168.3,168.3,168.3,168.3,168.3,168.3,168.3,168.3,168.3,168.3,168.3,168.3,168.3,168.3,168.3,168.3,168.3,168.3,168.3,168.3,168.3,168.3,168.3,168.3,168.3,168.3,168.3,168.3,168.3,168.3,168.3,168.3,168.3,168.3,168.3,168.3,168.3,168.3,168.3,168.3,168.3,168.3,168.3,168.3,168.3,168.3,168.3,168.3
2012-01-01,,,,,,,,,,,,,,,,,,,,,,,,164.0,164.4,164.4,164.4,164.4,164.4,164.4,164.4,164.4,164.4,164.4,164.4,164.4,164.4,164.4,164.4,164.4,164.4,164.4,164.4,164.4,164.4,164.4,164.4,164.4,164.4,164.4,164.4,164.4,164.4,164.4,164.4,164.4,164.4,164.4,164.4,164.4,164.4,164.4,164.4,164.4,164.4,164.4,164.4,164.4,164.4,164.4,164.4,164.4,164.4,164.4,164.4,164.4,164.4,164.4,164.4,164.4,164.4,164.4,164.4,164.4,164.4,164.4,164.4,164.4,164.4,164.4,164.4,164.4,164.4,164.4,164.4,164.4,164.4,164.4,164.4,164.4,164.4,164.4,164.4,164.4,164.4,164.4,164.4,164.4,164.4,164.4,164.4,164.4,164.4,164.4,164.4,164.4,164.4,164.4,164.4,164.4,164.4,164.4,164.4,164.4,164.4,164.4,164.4,164.4,164.4,164.4,164.4,164.4,164.4,164.4,164.4,164.4,164.4,164.4,164.4,164.4,164.4,164.4,164.4,164.4,164.4,164.4,164.4,164.4,164.4,164.4,164.4,164.4,164.4,164.4,164.4,164.4,164.4,164.4,164.4,164.4,164.4,164.4,164.4,164.4,164.4,164.4,164.4,164.4,164.4,164.4,164.4,164.4,164.4,164.4,164.4,164.4,164.4,164.4,164.4,164.4,164.4,164.4,164.4,164.4,164.4,164.4,164.4,164.4,164.4,164.4,164.4,164.4,164.4,164.4,164.4,164.4,164.4,164.4
2012-02-01,,,,,,,,,,,,,,,,,,,,,,,,,161.7,161.7,161.7,161.7,161.7,161.7,161.7,161.7,161.7,161.7,161.7,161.7,161.7,161.7,161.7,161.7,161.7,161.7,161.7,161.7,161.7,161.7,161.7,161.7,161.7,161.7,161.7,161.7,161.7,161.7,161.7,161.7,161.7,161.7,161.7,161.7,161.7,161.7,161.7,161.7,161.7,161.7,161.7,161.7,161.7,161.7,161.7,161.7,161.7,161.7,161.7,161.7,161.7,161.7,161.7,161.7,161.7,161.7,161.7,161.7,161.7,161.7,161.7,161.7,161.7,161.7,161.7,161.7,161.7,161.7,161.7,161.7,161.7,161.7,161.7,161.7,161.7,161.7,161.7,161.7,161.7,161.7,161.7,161.7,161.7,161.7,161.7,161.7,161.7,161.7,161.7,161.7,161.7,161.7,161.7,161.7,161.7,161.7,161.7,161.7,161.7,161.7,161.7,161.7,161.7,161.7,161.7,161.7,161.7,161.7,161.7,161.7,161.7,161.7,161.7,161.7,161.7,161.7,161.7,161.7,161.7,161.7,161.7,161.7,161.7,161.7,161.7,161.7,161.7,161.7,161.7,161.7,161.7,161.7,161.7,161.7,161.7,161.7,161.7,161.7,161.7,161.7,161.7,161.7,161.7,161.7,161.7,161.7,161.7,161.7,161.7,161.7,161.7,161.7,161.7,161.7,161.7,161.7,161.7,161.7,161.7,161.7,161.7,161.7,161.7,161.7,161.7,161.7,161.7,161.7,161.7,161.7,161.7,161.7
2012-03-01,,,,,,,,,,,,,,,,,,,,,,,,,,166.6,166.6,166.6,166.6,166.6,166.6,166.6,166.6,166.6,166.6,166.6,166.6,166.6,166.6,166.6,166.6,166.6,166.6,166.6,166.6,166.6,166.6,166.6,166.6,166.6,166.6,166.6,166.6,166.6,166.6,166.6,166.6,166.6,166.6,166.6,166.6,166.6,166.6,166.6,166.6,166.6,166.6,166.6,166.6,166.6,166.6,166.6,166.6,166.6,166.6,166.6,166.6,166.6,166.6,166.6,166.6,166.6,166.6,166.6,166.6,166.6,166.6,166.6,166.6,166.6,166.6,166.6,166.6,166.6,166.6,166.6,166.6,166.6,166.6,166.6,166.6,166.6,166.6,166.6,166.6,166.6,166.6,166.6,166.6,166.6,166.6,166.6,166.6,166.6,166.6,166.6,166.6,166.6,166.6,166.6,166.6,166.6,166.6,166.6,166.6,166.6,166.6,166.6,166.6,166.6,166.6,166.6,166.6,166.6,166.6,166.6,166.6,166.6,166.6,166.6,166.6,166.6,166.6,166.6,166.6,166.6,166.6,166.6,166.6,166.6,166.6,166.6,166.6,166.6,166.6,166.6,166.6,166.6,166.6,166.6,166.6,166.6,166.6,166.6,166.6,166.6,166.6,166.6,166.6,166.6,166.6,166.6,166.6,166.6,166.6,166.6,166.6,166.6,166.6,166.6,166.6,166.6,166.6,166.6,166.6,166.6,166.6,166.6,166.6,166.6,166.6,166.6,166.6,166.6,166.6,166.6,166.6,166.6
2012-04-01,,,,,,,,,,,,,,,,,,,,,,,,,,,166.7,163.4,163.4,163.4,163.4,163.4,163.4,163.4,163.4,163.4,163.4,163.4,163.4,163.4,163.4,163.4,163.4,163.4,163.4,163.4,163.4,163.4,163.4,163.4,163.4,163.4,163.4,163.4,163.4,163.4,163.4,163.4,163.4,163.4,163.4,163.4,163.4,163.4,163.4,163.4,163.4,163.4,163.4,163.4,163.4,163.4,163.4,163.4,163.4,163.4,163.4,163.4,163.4,163.4,163.4,163.4,163.4,163.4,163.4,163.4,163.4,163.4,163.4,163.4,163.4,163.4,163.4,163.4,163.4,163.4,163.4,163.4,163.4,163.4,163.4,163.4,163.4,163.4,163.4,163.4,163.4,163.4,163.4,163.4,163.4,163.4,163.4,163.4,163.4,163.4,163.4,163.4,163.4,163.4,163.4,163.4,163.4,163.4,163.4,163.4,163.4,163.4,163.4,163.4,163.4,163.4,163.4,163.4,163.4,163.4,163.4,163.4,163.4,163.4,163.4,163.4,163.4,163.4,163.4,163.4,163.4,163.4,163.4,163.4,163.4,163.4,163.4,163.4,163.4,163.4,163.4,163.4,163.4,163.4,163.4,163.4,163.4,163.4,163.4,163.4,163.4,163.4,163.4,163.4,163.4,163.4,163.4,163.4,163.4,163.4,163.4,163.4,163.4,163.4,163.4,163.4,163.4,163.4,163.4,163.4,163.4,163.4,163.4,163.4,163.4,163.4,163.4,163.4,163.4,163.4,163.4,163.4
2012-05-01,,,,,,,,,,,,,,,,,,,,,,,,,,,,165.3,165.3,165.5,165.5,165.5,165.5,165.5,165.5,165.5,165.5,165.5,165.5,165.5,165.5,165.5,165.5,165.5,165.5,165.5,165.5,165.5,165.5,165.5,165.5,165.5,165.5,165.5,165.5,165.5,165.5,165.5,165.5,165.5,165.5,165.5,165.5,165.5,165.5,165.5,165.5,165.5,165.5,165.5,165.5,165.5,165.5,165.5,165.5,165.5,165.5,165.5,165.5,165.5,165.5,165.5,165.5,165.5,165.5,165.5,165.5,165.5,165.5,165.5,165.5,165.5,165.5,165.5,165.5,165.5,165.5,165.5,165.5,165.5,165.5,165.5,165.5,165.5,165.5,165.5,165.5,165.5,165.5,165.5,165.5,165.5,165.5,165.5,165.5,165.5,165.5,165.5,165.5,165.5,165.5,165.5,165.5,165.5,165.5,165.5,165.5,165.5,165.5,165.5,165.5,165.5,165.5,165.5,165.5,165.5,165.5,165.5,165.5,165.5,165.5,165.5,165.5,165.5,165.5,165.5,165.5,165.5,165.5,165.5,165.5,165.5,165.5,165.5,165.5,165.5,165.5,165.5,165.5,165.5,165.5,165.5,165.5,165.5,165.5,165.5,165.5,165.5,165.5,165.5,165.5,165.5,165.5,165.5,165.5,165.5,165.5,165.5,165.5,165.5,165.5,165.5,165.5,165.5,165.5,165.5,165.5,165.5,165.5,165.5,165.5,165.5,165.5,165.5,165.5,165.5,165.5,165.5
2012-06-01,,,,,,,,,,,,,,,,,,,,,,,,,,,,,159.9,162.0,162.0,162.0,162.0,162.0,162.0,162.0,162.0,162.0,162.0,162.0,162.0,162.0,162.0,162.0,162.0,162.0,162.0,162.0,162.0,162.0,162.0,162.0,162.0,162.0,162.0,162.0,162.0,162.0,162.0,162.0,162.0,162.0,162.0,162.0,162.0,162.0,162.0,162.0,162.0,162.0,162.0,162.0,162.0,162.0,162.0,162.0,162.0,162.0,162.0,162.0,162.0,162.0,162.0,162.0,162.0,162.0,162.0,162.0,162.0,162.0,162.0,162.0,162.0,162.0,162.0,162.0,162.0,162.0,162.0,162.0,162.0,162.0,162.0,162.0,162.0,162.0,162.0,162.0,162.0,162.0,162.0,162.0,162.0,162.0,162.0,162.0,162.0,162.0,162.0,162.0,162.0,162.0,162.0,162.0,162.0,162.0,162.0,162.0,162.0,162.0,162.0,162.0,162.0,162.0,162.0,162.0,162.0,162.0,162.0,162.0,162.0,162.0,162.0,162.0,162.0,162.0,162.0,162.0,162.0,162.0,162.0,162.0,162.0,162.0,162.0,162.0,162.0,162.0,162.0,162.0,162.0,162.0,162.0,162.0,162.0,162.0,162.0,162.0,162.0,162.0,162.0,162.0,162.0,162.0,162.0,162.0,162.0,162.0,162.0,162.0,162.0,162.0,162.0,162.0,162.0,162.0,162.0,162.0,162.0,162.0,162.0,162.0,162.0,162.0,162.0,162.0,162.0,162.0
2012-07-01,,,,,,,,,,,,,,,,,,,,,,,,,,,,,,157.6,157.6,157.6,157.6,157.6,157.6,157.6,157.6,157.6,157.6,157.6,157.6,157.6,157.6,157.6,157.6,157.6,157.6,157.6,157.6,157.6,157.6,157.6,157.6,157.6,157.6,157.6,157.6,157.6,157.6,157.6,157.6,157.6,157.6,157.6,157.6,157.6,157.6,157.6,157.6,157.6,157.6,157.6,157.6,157.6,157.6,157.6,157.6,157.6,157.6,157.6,157.6,157.6,157.6,157.6,157.6,157.6,157.6,157.6,157.6,157.6,157.6,157.6,157.6,157.6,157.6,157.6,157.6,157.6,157.6,157.6,157.6,157.6,157.6,157.6,157.6,157.6,157.6,157.6,157.6,157.6,157.6,157.6,157.6,157.6,157.6,157.6,157.6,157.6,157.6,157.6,157.6,157.6,157.6,157.6,157.6,157.6,157.6,157.6,157.6,157.6,157.6,157.6,157.6,157.6,157.6,157.6,157.6,157.6,157.6,157.6,157.6,157.6,157.6,157.6,157.6,157.6,157.6,157.6,157.6,157.6,157.6,157.6,157.6,157.6,157.6,157.6,157.6,157.6,157.6,157.6,157.6,157.6,157.6,157.6,157.6,157.6,157.6,157.6,157.6,157.6,157.6,157.6,157.6,157.6,157.6,157.6,157.6,157.6,157.6,157.6,157.6,157.6,157.6,157.6,157.6,157.6,157.6,157.6,157.6,157.6,157.6,157.6,157.6,157.6,157.6,157.6,157.6,157.6
2012-08-01,,,,,,,,,,,,,,,,,,,,,,,,,,,,,,,156.2,156.2,156.2,156.2,156.2,156.2,156.2,156.2,156.2,156.2,156.2,156.2,156.2,156.2,156.2,156.2,156.2,156.2,156.2,156.2,156.2,156.2,156.2,156.2,156.2,156.2,156.2,156.2,156.2,156.2,156.2,156.2,156.2,156.2,156.2,156.2,156.2,156.2,156.2,156.2,156.2,156.2,156.2,156.2,156.2,156.2,156.2,156.2,156.2,156.2,156.2,156.2,156.2,156.2,156.2,156.2,156.2,156.2,156.2,156.2,156.2,156.2,156.2,156.2,156.2,156.2,156.2,156.2,156.2,156.2,156.2,156.2,156.2,156.2,156.2,156.2,156.2,156.2,156.2,156.2,156.2,156.2,156.2,156.2,156.2,156.2,156.2,156.2,156.2,156.2,156.2,156.2,156.2,156.2,156.2,156.2,156.2,156.2,156.2,156.2,156.2,156.2,156.2,156.2,156.2,156.2,156.2,156.2,156.2,156.2,156.2,156.2,156.2,156.2,156.2,156.2,156.2,156.2,156.2,156.2,156.2,156.2,156.2,156.2,156.2,156.2,156.2,156.2,156.2,156.2,156.2,156.2,156.2,156.2,156.2,156.2,156.2,156.2,156.2,156.2,156.2,156.2,156.2,156.2,156.2,156.2,156.2,156.2,156.2,156.2,156.2,156.2,156.2,156.2,156.2,156.2,156.2,156.2,156.2,156.2,156.2,156.2,156.2,156.2,156.2,156.2,156.2,156.2
2012-09-01,,,,,,,,,,,,,,,,,,,,,,,,,,,,,,,,157.7,157.7,157.7,157.7,157.7,157.7,157.7,157.7,157.7,157.7,157.7,157.7,157.7,157.7,157.7,157.7,157.7,157.7,157.7,157.7,157.7,157.7,157.7,157.7,157.7,157.7,157.7,157.7,157.7,157.7,157.7,157.7,157.7,157.7,157.7,157.7,157.7,157.7,157.7,157.7,157.7,157.7,157.7,157.7,157.7,157.7,157.7,157.7,157.7,157.7,157.7,157.7,157.7,157.7,157.7,157.7,157.7,157.7,157.7,157.7,157.7,157.7,157.7,157.7,157.7,157.7,157.7,157.7,157.7,157.7,157.7,157.7,157.7,157.7,157.7,157.7,157.7,157.7,157.7,157.7,157.7,157.7,157.7,157.7,157.7,157.7,157.7,157.7,157.7,157.7,157.7,157.7,157.7,157.7,157.7,157.7,157.7,157.7,157.7,157.7,157.7,157.7,157.7,157.7,157.7,157.7,157.7,157.7,157.7,157.7,157.7,157.7,157.7,157.7,157.7,157.7,157.7,157.7,157.7,157.7,157.7,157.7,157.7,157.7,157.7,157.7,157.7,157.7,157.7,157.7,157.7,157.7,157.7,157.7,157.7,157.7,157.7,157.7,157.7,157.7,157.7,157.7,157.7,157.7,157.7,157.7,157.7,157.7,157.7,157.7,157.7,157.7,157.7,157.7,157.7,157.7,157.7,157.7,157.7,157.7,157.7,157.7,157.7,157.7,157.7,157.7,157.7
2012-10-01,,,,,,,,,,,,,,,,,,,,,,,,,,,,,,,,,164.4,164.4,163.7,163.7,163.7,163.7,163.7,163.7,163.7,163.7,163.7,163.7,163.7,163.7,163.7,163.7,163.7,163.7,163.7,163.7,163.7,163.7,163.7,163.7,163.7,163.7,163.7,163.7,163.7,163.7,163.7,163.7,163.7,163.7,163.7,163.7,163.7,163.7,163.7,163.7,163.7,163.7,163.7,163.7,163.7,163.7,163.7,163.7,163.7,163.7,163.7,163.7,163.7,163.7,163.7,163.7,163.7,163.7,163.7,163.7,163.7,163.7,163.7,163.7,163.7,163.7,163.7,163.7,163.7,163.7,163.7,163.7,163.7,163.7,163.7,163.7,163.7,163.7,163.7,163.7,163.7,163.7,163.7,163.7,163.7,163.7,163.7,163.7,163.7,163.7,163.7,163.7,163.7,163.7,163.7,163.7,163.7,163.7,163.7,163.7,163.7,163.7,163.7,163.7,163.7,163.7,163.7,163.7,163.7,163.7,163.7,163.7,163.7,163.7,163.7,163.7,163.7,163.7,163.7,163.7,163.7,163.7,163.7,163.7,163.7,163.7,163.7,163.7,163.7,163.7,163.7,163.7,163.7,163.7,163.7,163.7,163.7,163.7,163.7,163.7,163.7,163.7,163.7,163.7,163.7,163.7,163.7,163.7,163.7,163.7,163.7,163.7,163.7,163.7,163.7,163.7,163.7,163.7,163.7,163.7,163.7,163.7,163.7,163.7,163.7,163.7
2012-11-01,,,,,,,,,,,,,,,,,,,,,,,,,,,,,,,,,,166.5,166.7,166.7,166.7,166.7,166.7,166.7,166.7,166.7,166.7,166.7,166.7,166.7,166.7,166.7,166.7,166.7,166.7,166.7,166.7,166.7,166.7,166.7,166.7,166.7,166.7,166.7,166.7,166.7,166.7,166.7,166.7,166.7,166.7,166.7,166.7,166.7,166.7,166.7,166.7,166.7,166.7,166.7,166.7,166.7,166.7,166.7,166.7,166.7,166.7,166.7,166.7,166.7,166.7,166.7,166.7,166.7,166.7,166.7,166.7,166.7,166.7,166.7,166.7,166.7,166.7,166.7,166.7,166.7,166.7,166.7,166.7,166.7,166.7,166.7,166.7,166.7,166.7,166.7,166.7,166.7,166.7,166.7,166.7,166.7,166.7,166.7,166.7,166.7,166.7,166.7,166.7,166.7,166.7,166.7,166.7,166.7,166.7,166.7,166.7,166.7,166.7,166.7,166.7,166.7,166.7,166.7,166.7,166.7,166.7,166.7,166.7,166.7,166.7,166.7,166.7,166.7,166.7,166.7,166.7,166.7,166.7,166.7,166.7,166.7,166.7,166.7,166.7,166.7,166.7,166.7,166.7,166.7,166.7,166.7,166.7,166.7,166.7,166.7,166.7,166.7,166.7,166.7,166.7,166.7,166.7,166.7,166.7,166.7,166.7,166.7,166.7,166.7,166.7,166.7,166.7,166.7,166.7,166.7,166.7,166.7,166.7,166.7,166.7,166.7
2012-12-01,,,,,,,,,,,,,,,,,,,,,,,,,,,,,,,,,,,162.2,162.2,162.2,162.2,162.2,162.2,162.2,162.2,162.2,162.2,162.2,162.2,162.2,162.2,162.2,162.2,162.2,162.2,162.2,162.2,162.2,162.2,162.2,162.2,162.2,162.2,162.2,162.2,162.2,162.2,162.2,162.2,162.2,162.2,162.2,162.2,162.2,162.2,162.2,162.2,162.2,162.2,162.2,162.2,162.2,162.2,162.2,162.2,162.2,162.2,162.2,162.2,162.2,162.2,162.2,162.2,162.2,162.2,162.2,162.2,162.2,162.2,162.2,162.2,162.2,162.2,162.2,162.2,162.2,162.2,162.2,162.2,162.2,162.2,162.2,162.2,162.2,162.2,162.2,162.2,162.2,162.2,162.2,162.2,162.2,162.2,162.2,162.2,162.2,162.2,162.2,162.2,162.2,162.2,162.2,162.2,162.2,162.2,162.2,162.2,162.2,162.2,162.2,162.2,162.2,162.2,162.2,162.2,162.2,162.2,162.2,162.2,162.2,162.2,162.2,162.2,162.2,162.2,162.2,162.2,162.2,162.2,162.2,162.2,162.2,162.2,162.2,162.2,162.2,162.2,162.2,162.2,162.2,162.2,162.2,162.2,162.2,162.2,162.2,162.2,162.2,162.2,162.2,162.2,162.2,162.2,162.2,162.2,162.2,162.2,162.2,162.2,162.2,162.2,162.2,162.2,162.2,162.2,162.2,162.2,162.2,162.2,162.2,162.2
2013-01-01,,,,,,,,,,,,,,,,,,,,,,,,,,,,,,,,,,,,165.3,165.3,165.3,165.3,165.3,165.3,165.3,165.3,165.3,165.3,165.3,165.3,165.3,165.3,165.3,165.3,165.3,165.3,165.3,165.3,165.3,165.3,165.3,165.3,165.3,165.3,165.3,165.3,165.3,165.3,165.3,165.3,165.3,165.3,165.3,165.3,165.3,165.3,165.3,165.3,165.3,165.3,165.3,165.3,165.3,165.3,165.3,165.3,165.3,165.3,165.3,165.3,165.3,165.3,165.3,165.3,165.3,165.3,165.3,165.3,165.3,165.3,165.3,165.3,165.3,165.3,165.3,165.3,165.3,165.3,165.3,165.3,165.3,165.3,165.3,165.3,165.3,165.3,165.3,165.3,165.3,165.3,165.3,165.3,165.3,165.3,165.3,165.3,165.3,165.3,165.3,165.3,165.3,165.3,165.3,165.3,165.3,165.3,165.3,165.3,165.3,165.3,165.3,165.3,165.3,165.3,165.3,165.3,165.3,165.3,165.3,165.3,165.3,165.3,165.3,165.3,165.3,165.3,165.3,165.3,165.3,165.3,165.3,165.3,165.3,165.3,165.3,165.3,165.3,165.3,165.3,165.3,165.3,165.3,165.3,165.3,165.3,165.3,165.3,165.3,165.3,165.3,165.3,165.3,165.3,165.3,165.3,165.3,165.3,165.3,165.3,165.3,165.3,165.3,165.3,165.3,165.3,165.3,165.3,165.3,165.3,165.3,165.3
2013-02-01,,,,,,,,,,,,,,,,,,,,,,,,,,,,,,,,,,,,,167.6,167.6,167.6,167.6,167.6,167.6,167.6,167.6,167.6,167.6,167.6,167.6,167.6,167.6,167.6,167.6,167.6,167.6,167.6,167.6,167.6,167.6,167.6,167.6,167.6,167.6,167.6,167.6,167.6,167.6,167.6,167.6,167.6,167.6,167.6,167.6,167.6,167.6,167.6,167.6,167.6,167.6,167.6,167.6,167.6,167.6,167.6,167.6,167.6,167.6,167.6,167.6,167.6,167.6,167.6,167.6,167.6,167.6,167.6,167.6,167.6,167.6,167.6,167.6,167.6,167.6,167.6,167.6,167.6,167.6,167.6,167.6,167.6,167.6,167.6,167.6,167.6,167.6,167.6,167.6,167.6,167.6,167.6,167.6,167.6,167.6,167.6,167.6,167.6,167.6,167.6,167.6,167.6,167.6,167.6,167.6,167.6,167.6,167.6,167.6,167.6,167.6,167.6,167.6,167.6,167.6,167.6,167.6,167.6,167.6,167.6,167.6,167.6,167.6,167.6,167.6,167.6,167.6,167.6,167.6,167.6,167.6,167.6,167.6,167.6,167.6,167.6,167.6,167.6,167.6,167.6,167.6,167.6,167.6,167.6,167.6,167.6,167.6,167.6,167.6,167.6,167.6,167.6,167.6,167.6,167.6,167.6,167.6,167.6,167.6,167.6,167.6,167.6,167.6,167.6,167.6,167.6,167.6,167.6,167.6,167.6,167.6
2013-03-01,,,,,,,,,,,,,,,,,,,,,,,,,,,,,,,,,,,,,,168.1,168.1,168.1,169.7,169.7,169.7,169.7,169.7,169.7,169.7,169.7,169.7,169.7,169.7,169.7,169.7,169.7,169.7,169.7,169.7,169.7,169.7,169.7,169.7,169.7,169.7,169.7,169.7,169.7,169.7,169.7,169.7,169.7,169.7,169.7,169.7,169.7,169.7,169.7,169.7,169.7,169.7,169.7,169.7,169.7,169.7,169.7,169.7,169.7,169.7,169.7,169.7,169.7,169.7,169.7,169.7,169.7,169.7,169.7,169.7,169.7,169.7,169.7,169.7,169.7,169.7,169.7,169.7,169.7,169.7,169.7,169.7,169.7,169.7,169.7,169.7,169.7,169.7,169.7,169.7,169.7,169.7,169.7,169.7,169.7,169.7,169.7,169.7,169.7,169.7,169.7,169.7,169.7,169.7,169.7,169.7,169.7,169.7,169.7,169.7,169.7,169.7,169.7,169.7,169.7,169.7,169.7,169.7,169.7,169.7,169.7,169.7,169.7,169.7,169.7,169.7,169.7,169.7,169.7,169.7,169.7,169.7,169.7,169.7,169.7,169.7,169.7,169.7,169.7,169.7,169.7,169.7,169.7,169.7,169.7,169.7,169.7,169.7,169.7,169.7,169.7,169.7,169.7,169.7,169.7,169.7,169.7,169.7,169.7,169.7,169.7,169.7,169.7,169.7,169.7,169.7,169.7,169.7,169.7,169.7,169.7
2013-04-01,,,,,,,,,,,,,,,,,,,,,,,,,,,,,,,,,,,,,,,163.8,164.7,163.1,163.0,163.0,163.0,163.0,163.0,163.0,163.0,163.0,163.0,163.0,163.0,163.0,163.0,163.0,163.0,163.0,163.0,163.0,163.0,163.0,163.0,163.0,163.0,163.0,163.0,163.0,163.0,163.0,163.0,163.0,163.0,163.0,163.0,163.0,163.0,163.0,163.0,163.0,163.0,163.0,163.0,163.0,163.0,163.0,163.0,163.0,163.0,163.0,163.0,163.0,163.0,163.0,163.0,163.0,163.0,163.0,163.0,163.0,163.0,163.0,163.0,163.0,163.0,163.0,163.0,163.0,163.0,163.0,163.0,163.0,163.0,163.0,163.0,163.0,163.0,163.0,163.0,163.0,163.0,163.0,163.0,163.0,163.0,163.0,163.0,163.0,163.0,163.0,163.0,163.0,163.0,163.0,163.0,163.0,163.0,163.0,163.0,163.0,163.0,163.0,163.0,163.0,163.0,163.0,163.0,163.0,163.0,163.0,163.0,163.0,163.0,163.0,163.0,163.0,163.0,163.0,163.0,163.0,163.0,163.0,163.0,163.0,163.0,163.0,163.0,163.0,163.0,163.0,163.0,163.0,163.0,163.0,163.0,163.0,163.0,163.0,163.0,163.0,163.0,163.0,163.0,163.0,163.0,163.0,163.0,163.0,163.0,163.0,163.0,163.0,163.0,163.0,163.0,163.0,163.0,163.0,163.0
2013-05-01,,,,,,,,,,,,,,,,,,,,,,,,,,,,,,,,,,,,,,,,165.1,164.0,164.0,164.0,164.0,164.0,164.0,164.0,164.0,164.0,164.0,164.0,164.0,164.0,164.0,164.0,164.0,164.0,164.0,164.0,164.0,164.0,164.0,164.0,164.0,164.0,164.0,164.0,164.0,164.0,164.0,164.0,164.0,164.0,164.0,164.0,164.0,164.0,164.0,164.0,164.0,164.0,164.0,164.0,164.0,164.0,164.0,164.0,164.0,164.0,164.0,164.0,164.0,164.0,164.0,164.0,164.0,164.0,164.0,164.0,164.0,164.0,164.0,164.0,164.0,164.0,164.0,164.0,164.0,164.0,164.0,164.0,164.0,164.0,164.0,164.0,164.0,164.0,164.0,164.0,164.0,164.0,164.0,164.0,164.0,164.0,164.0,164.0,164.0,164.0,164.0,164.0,164.0,164.0,164.0,164.0,164.0,164.0,164.0,164.0,164.0,164.0,164.0,164.0,164.0,164.0,164.0,164.0,164.0,164.0,164.0,164.0,164.0,164.0,164.0,164.0,164.0,164.0,164.0,164.0,164.0,164.0,164.0,164.0,164.0,164.0,164.0,164.0,164.0,164.0,164.0,164.0,164.0,164.0,164.0,164.0,164.0,164.0,164.0,164.0,164.0,164.0,164.0,164.0,164.0,164.0,164.0,164.0,164.0,164.0,164.0,164.0,164.0,164.0,164.0,164.0,164.0,164.0,164.0
2013-06-01,,,,,,,,,,,,,,,,,,,,,,,,,,,,,,,,,,,,,,,,,163.6,163.6,163.6,163.6,163.6,163.6,163.6,163.6,163.6,163.6,163.6,163.6,163.6,163.6,163.6,163.6,163.6,163.6,163.6,163.6,163.6,163.6,163.6,163.6,163.6,163.6,163.6,163.6,163.6,163.6,163.6,163.6,163.6,163.6,163.6,163.6,163.6,163.6,163.6,163.6,163.6,163.6,163.6,163.6,163.6,163.6,163.6,163.6,163.6,163.6,163.6,163.6,163.6,163.6,163.6,163.6,163.6,163.6,163.6,163.6,163.6,163.6,163.6,163.6,163.6,163.6,163.6,163.6,163.6,163.6,163.6,163.6,163.6,163.6,163.6,163.6,163.6,163.6,163.6,163.6,163.6,163.6,163.6,163.6,163.6,163.6,163.6,163.6,163.6,163.6,163.6,163.6,163.6,163.6,163.6,163.6,163.6,163.6,163.6,163.6,163.6,163.6,163.6,163.6,163.6,163.6,163.6,163.6,163.6,163.6,163.6,163.6,163.6,163.6,163.6,163.6,163.6,163.6,163.6,163.6,163.6,163.6,163.6,163.6,163.6,163.6,163.6,163.6,163.6,163.6,163.6,163.6,163.6,163.6,163.6,163.6,163.6,163.6,163.6,163.6,163.6,163.6,163.6,163.6,163.6,163.6,163.6,163.6,163.6,163.6,163.6,163.6,163.6,163.6,163.6,163.6,163.6,163.6
2013-07-01,,,,,,,,,,,,,,,,,,,,,,,,,,,,,,,,,,,,,,,,,,165.0,165.0,165.0,165.0,165.0,165.0,165.0,165.0,165.0,165.0,165.0,165.0,165.0,165.0,165.0,165.0,165.0,165.0,165.0,165.0,165.0,165.0,165.0,165.0,165.0,165.0,165.0,165.0,165.0,165.0,165.0,165.0,165.0,165.0,165.0,165.0,165.0,165.0,165.0,165.0,165.0,165.0,165.0,165.0,165.0,165.0,165.0,165.0,165.0,165.0,165.0,165.0,165.0,165.0,165.0,165.0,165.0,165.0,165.0,165.0,165.0,165.0,165.0,165.0,165.0,165.0,165.0,165.0,165.0,165.0,165.0,165.0,165.0,165.0,165.0,165.0,165.0,165.0,165.0,165.0,165.0,165.0,165.0,165.0,165.0,165.0,165.0,165.0,165.0,165.0,165.0,165.0,165.0,165.0,165.0,165.0,165.0,165.0,165.0,165.0,165.0,165.0,165.0,165.0,165.0,165.0,165.0,165.0,165.0,165.0,165.0,165.0,165.0,165.0,165.0,165.0,165.0,165.0,165.0,165.0,165.0,165.0,165.0,165.0,165.0,165.0,165.0,165.0,165.0,165.0,165.0,165.0,165.0,165.0,165.0,165.0,165.0,165.0,165.0,165.0,165.0,165.0,165.0,165.0,165.0,165.0,165.0,165.0,165.0,165.0,165.0,165.0,165.0,165.0,165.0,165.0,165.0
2013-08-01,,,,,,,,,,,,,,,,,,,,,,,,,,,,,,,,,,,,,,,,,,,163.2,163.2,163.2,163.2,163.2,163.2,163.2,163.2,163.2,163.2,163.2,163.2,163.2,163.2,163.2,163.2,163.2,163.2,163.2,163.2,163.2,163.2,163.2,163.2,163.2,163.2,163.2,163.2,163.2,163.2,163.2,163.2,163.2,163.2,163.2,163.2,163.2,163.2,163.2,163.2,163.2,163.2,163.2,163.2,163.2,163.2,163.2,163.2,163.2,163.2,163.2,163.2,163.2,163.2,163.2,163.2,163.2,163.2,163.2,163.2,163.2,163.2,163.2,163.2,163.2,163.2,163.2,163.2,163.2,163.2,163.2,163.2,163.2,163.2,163.2,163.2,163.2,163.2,163.2,163.2,163.2,163.2,163.2,163.2,163.2,163.2,163.2,163.2,163.2,163.2,163.2,163.2,163.2,163.2,163.2,163.2,163.2,163.2,163.2,163.2,163.2,163.2,163.2,163.2,163.2,163.2,163.2,163.2,163.2,163.2,163.2,163.2,163.2,163.2,163.2,163.2,163.2,163.2,163.2,163.2,163.2,163.2,163.2,163.2,163.2,163.2,163.2,163.2,163.2,163.2,163.2,163.2,163.2,163.2,163.2,163.2,163.2,163.2,163.2,163.2,163.2,163.2,163.2,163.2,163.2,163.2,163.2,163.2,163.2,163.2,163.2,163.2,163.2,163.2,163.2,163.2
2013-09-01,,,,,,,,,,,,,,,,,,,,,,,,,,,,,,,,,,,,,,,,,,,,167.0,167.0,167.0,167.0,167.0,167.0,167.0,167.0,167.0,167.0,167.0,167.0,167.0,167.0,167.0,167.0,167.0,167.0,167.0,167.0,167.0,167.0,167.0,167.0,167.0,167.0,167.0,167.0,167.0,167.0,167.0,167.0,167.0,167.0,167.0,167.0,167.0,167.0,167.0,167.0,167.0,167.0,167.0,167.0,167.0,167.0,167.0,167.0,167.0,167.0,167.0,167.0,167.0,167.0,167.0,167.0,167.0,167.0,167.0,167.0,167.0,167.0,167.0,167.0,167.0,167.0,167.0,167.0,167.0,167.0,167.0,167.0,167.0,167.0,167.0,167.0,167.0,167.0,167.0,167.0,167.0,167.0,167.0,167.0,167.0,167.0,167.0,167.0,167.0,167.0,167.0,167.0,167.0,167.0,167.0,167.0,167.0,167.0,167.0,167.0,167.0,167.0,167.0,167.0,167.0,167.0,167.0,167.0,167.0,167.0,167.0,167.0,167.0,167.0,167.0,167.0,167.0,167.0,167.0,167.0,167.0,167.0,167.0,167.0,167.0,167.0,167.0,167.0,167.0,167.0,167.0,167.0,167.0,167.0,167.0,167.0,167.0,167.0,167.0,167.0,167.0,167.0,167.0,167.0,167.0,167.0,167.0,167.0,167.0,167.0,167.0,167.0,167.0,167.0,167.0
2013-10-01,,,,,,,,,,,,,,,,,,,,,,,,,,,,,,,,,,,,,,,,,,,,,168.7,168.7,168.7,168.7,168.7,168.7,168.7,168.7,168.7,168.7,168.7,168.7,168.7,168.7,168.7,168.7,168.7,168.7,168.7,168.7,168.7,168.7,168.7,168.7,168.7,168.7,168.7,168.7,168.7,168.7,168.7,168.7,168.7,168.7,168.7,168.7,168.7,168.7,168.7,168.7,168.7,168.7,168.7,168.7,168.7,168.7,168.7,168.7,168.7,168.7,168.7,168.7,168.7,168.7,168.7,168.7,168.7,168.7,168.7,168.7,168.7,168.7,168.7,168.7,168.7,168.7,168.7,168.7,168.7,168.7,168.7,168.7,168.7,168.7,168.7,168.7,168.7,168.7,168.7,168.7,168.7,168.7,168.7,168.7,168.7,168.7,168.7,168.7,168.7,168.7,168.7,168.7,168.7,168.7,168.7,168.7,168.7,168.7,168.7,168.7,168.7,168.7,168.7,168.7,168.7,168.7,168.7,168.7,168.7,168.7,168.7,168.7,168.7,168.7,168.7,168.7,168.7,168.7,168.7,168.7,168.7,168.7,168.7,168.7,168.7,168.7,168.7,168.7,168.7,168.7,168.7,168.7,168.7,168.7,168.7,168.7,168.7,168.7,168.7,168.7,168.7,168.7,168.7,168.7,168.7,168.7,168.7,168.7,168.7,168.7,168.7,168.7,168.7,168.7
2013-11-01,,,,,,,,,,,,,,,,,,,,,,,,,,,,,,,,,,,,,,,,,,,,,,176.3,180.8,180.8,180.8,180.8,180.8,180.8,180.8,180.8,180.8,180.8,180.8,180.8,180.8,180.8,180.8,180.8,180.8,180.8,180.8,180.8,180.8,180.8,180.8,180.8,180.8,180.8,180.8,180.8,180.8,180.8,180.8,180.8,180.8,180.8,180.8,180.8,180.8,180.8,180.8,180.8,180.8,180.8,180.8,180.8,180.8,180.8,180.8,180.8,180.8,180.8,180.8,180.8,180.8,180.8,180.8,180.8,180.8,180.8,180.8,180.8,180.8,180.8,180.8,180.8,180.8,180.8,180.8,180.8,180.8,180.8,180.8,180.8,180.8,180.8,180.8,180.8,180.8,180.8,180.8,180.8,180.8,180.8,180.8,180.8,180.8,180.8,180.8,180.8,180.8,180.8,180.8,180.8,180.8,180.8,180.8,180.8,180.8,180.8,180.8,180.8,180.8,180.8,180.8,180.8,180.8,180.8,180.8,180.8,180.8,180.8,180.8,180.8,180.8,180.8,180.8,180.8,180.8,180.8,180.8,180.8,180.8,180.8,180.8,180.8,180.8,180.8,180.8,180.8,180.8,180.8,180.8,180.8,180.8,180.8,180.8,180.8,180.8,180.8,180.8,180.8,180.8,180.8,180.8,180.8,180.8,180.8,180.8,180.8,180.8,180.8,180.8,180.8
2013-12-01,,,,,,,,,,,,,,,,,,,,,,,,,,,,,,,,,,,,,,,,,,,,,,,179.4,179.4,179.4,179.4,179.4,179.4,179.4,179.4,179.4,179.4,179.4,179.4,179.4,179.4,179.4,179.4,179.4,179.4,179.4,179.4,179.4,179.4,179.4,179.4,179.4,179.4,179.4,179.4,179.4,179.4,179.4,179.4,179.4,179.4,179.4,179.4,179.4,179.4,179.4,179.4,179.4,179.4,179.4,179.4,179.4,179.4,179.4,179.4,179.4,179.4,179.4,179.4,179.4,179.4,179.4,179.4,179.4,179.4,179.4,179.4,179.4,179.4,179.4,179.4,179.4,179.4,179.4,179.4,179.4,179.4,179.4,179.4,179.4,179.4,179.4,179.4,179.4,179.4,179.4,179.4,179.4,179.4,179.4,179.4,179.4,179.4,179.4,179.4,179.4,179.4,179.4,179.4,179.4,179.4,179.4,179.4,179.4,179.4,179.4,179.4,179.4,179.4,179.4,179.4,179.4,179.4,179.4,179.4,179.4,179.4,179.4,179.4,179.4,179.4,179.4,179.4,179.4,179.4,179.4,179.4,179.4,179.4,179.4,179.4,179.4,179.4,179.4,179.4,179.4,179.4,179.4,179.4,179.4,179.4,179.4,179.4,179.4,179.4,179.4,179.4,179.4,179.4,179.4,179.4,179.4,179.4,179.4,179.4,179.4,179.4,179.4,179.4
2014-01-01,,,,,,,,,,,,,,,,,,,,,,,,,,,,,,,,,,,,,,,,,,,,,,,,182.3,182.3,182.3,182.5,182.5,182.5,182.5,182.5,182.5,182.5,182.5,182.5,182.5,182.5,182.5,182.5,182.5,182.5,182.5,182.5,182.5,182.5,182.5,182.5,182.5,182.5,182.5,182.5,182.5,182.5,182.5,182.5,182.5,182.5,182.5,182.5,182.5,182.5,182.5,182.5,182.5,182.5,182.5,182.5,182.5,182.5,182.5,182.5,182.5,182.5,182.5,182.5,182.5,182.5,182.5,182.5,182.5,182.5,182.5,182.5,182.5,182.5,182.5,182.5,182.5,182.5,182.5,182.5,182.5,182.5,182.5,182.5,182.5,182.5,182.5,182.5,182.5,182.5,182.5,182.5,182.5,182.5,182.5,182.5,182.5,182.5,182.5,182.5,182.5,182.5,182.5,182.5,182.5,182.5,182.5,182.5,182.5,182.5,182.5,182.5,182.5,182.5,182.5,182.5,182.5,182.5,182.5,182.5,182.5,182.5,182.5,182.5,182.5,182.5,182.5,182.5,182.5,182.5,182.5,182.5,182.5,182.5,182.5,182.5,182.5,182.5,182.5,182.5,182.5,182.5,182.5,182.5,182.5,182.5,182.5,182.5,182.5,182.5,182.5,182.5,182.5,182.5,182.5,182.5,182.5,182.5,182.5,182.5,182.5,182.5,182.5
2014-02-01,,,,,,,,,,,,,,,,,,,,,,,,,,,,,,,,,,,,,,,,,,,,,,,,,181.4,181.4,181.6,181.6,181.6,181.6,181.6,181.6,181.6,181.6,181.6,181.6,181.6,181.6,181.6,181.6,181.6,181.6,181.6,181.6,181.6,181.6,181.6,181.6,181.6,181.6,181.6,181.6,181.6,181.6,181.6,181.6,181.6,181.6,181.6,181.6,181.6,181.6,181.6,181.6,181.6,181.6,181.6,181.6,181.6,181.6,181.6,181.6,181.6,181.6,181.6,181.6,181.6,181.6,181.6,181.6,181.6,181.6,181.6,181.6,181.6,181.6,181.6,181.6,181.6,181.6,181.6,181.6,181.6,181.6,181.6,181.6,181.6,181.6,181.6,181.6,181.6,181.6,181.6,181.6,181.6,181.6,181.6,181.6,181.6,181.6,181.6,181.6,181.6,181.6,181.6,181.6,181.6,181.6,181.6,181.6,181.6,181.6,181.6,181.6,181.6,181.6,181.6,181.6,181.6,181.6,181.6,181.6,181.6,181.6,181.6,181.6,181.6,181.6,181.6,181.6,181.6,181.6,181.6,181.6,181.6,181.6,181.6,181.6,181.6,181.6,181.6,181.6,181.6,181.6,181.6,181.6,181.6,181.6,181.6,181.6,181.6,181.6,181.6,181.6,181.6,181.6,181.6,181.6,181.6,181.6,181.6,181.6,181.6,181.6
2014-03-01,,,,,,,,,,,,,,,,,,,,,,,,,,,,,,,,,,,,,,,,,,,,,,,,,,182.1,181.3,181.3,181.3,181.3,181.3,181.3,181.3,181.3,181.3,181.3,181.3,181.3,181.3,181.3,181.3,181.3,181.3,181.3,181.3,181.3,181.3,181.3,181.3,181.3,181.3,181.3,181.3,181.3,181.3,181.3,181.3,181.3,181.3,181.3,181.3,181.3,181.3,181.3,181.3,181.3,181.3,181.3,181.3,181.3,181.3,181.3,181.3,181.3,181.3,181.3,181.3,181.3,181.3,181.3,181.3,181.3,181.3,181.3,181.3,181.3,181.3,181.3,181.3,181.3,181.3,181.3,181.3,181.3,181.3,181.3,181.3,181.3,181.3,181.3,181.3,181.3,181.3,181.3,181.3,181.3,181.3,181.3,181.3,181.3,181.3,181.3,181.3,181.3,181.3,181.3,181.3,181.3,181.3,181.3,181.3,181.3,181.3,181.3,181.3,181.3,181.3,181.3,181.3,181.3,181.3,181.3,181.3,181.3,181.3,181.3,181.3,181.3,181.3,181.3,181.3,181.3,181.3,181.3,181.3,181.3,181.3,181.3,181.3,181.3,181.3,181.3,181.3,181.3,181.3,181.3,181.3,181.3,181.3,181.3,181.3,181.3,181.3,181.3,181.3,181.3,181.3,181.3,181.3,181.3,181.3,181.3,181.3,181.3
2014-04-01,,,,,,,,,,,,,,,,,,,,,,,,,,,,,,,,,,,,,,,,,,,,,,,,,,,180.2,180.2,180.2,180.2,180.2,180.2,180.2,180.2,180.2,180.2,180.2,180.2,180.2,180.2,180.2,180.2,180.2,180.2,180.2,180.2,180.2,180.2,180.2,180.2,180.2,180.2,180.2,180.2,180.2,180.2,180.2,180.2,180.2,180.2,180.2,180.2,180.2,180.2,180.2,180.2,180.2,180.2,180.2,180.2,180.2,180.2,180.2,180.2,180.2,180.2,180.2,180.2,180.2,180.2,180.2,180.2,180.2,180.2,180.2,180.2,180.2,180.2,180.2,180.2,180.2,180.2,180.2,180.2,180.2,180.2,180.2,180.2,180.2,180.2,180.2,180.2,180.2,180.2,180.2,180.2,180.2,180.2,180.2,180.2,180.2,180.2,180.2,180.2,180.2,180.2,180.2,180.2,180.2,180.2,180.2,180.2,180.2,180.2,180.2,180.2,180.2,180.2,180.2,180.2,180.2,180.2,180.2,180.2,180.2,180.2,180.2,180.2,180.2,180.2,180.2,180.2,180.2,180.2,180.2,180.2,180.2,180.2,180.2,180.2,180.2,180.2,180.2,180.2,180.2,180.2,180.2,180.2,180.2,180.2,180.2,180.2,180.2,180.2,180.2,180.2,180.2,180.2,180.2,180.2,180.2,180.2,180.2,180.2
2014-05-01,,,,,,,,,,,,,,,,,,,,,,,,,,,,,,,,,,,,,,,,,,,,,,,,,,,,180.3,180.3,180.3,180.3,180.3,180.3,180.3,180.3,180.3,180.3,180.3,180.3,180.3,180.3,180.3,180.3,180.3,180.3,180.3,180.3,180.3,180.3,180.3,180.3,180.3,180.3,180.3,180.3,180.3,180.3,180.3,180.3,180.3,180.3,180.3,180.3,180.3,180.3,180.3,180.3,180.3,180.3,180.3,180.3,180.3,180.3,180.3,180.3,180.3,180.3,180.3,180.3,180.3,180.3,180.3,180.3,180.3,180.3,180.3,180.3,180.3,180.3,180.3,180.3,180.3,180.3,180.3,180.3,180.3,180.3,180.3,180.3,180.3,180.3,180.3,180.3,180.3,180.3,180.3,180.3,180.3,180.3,180.3,180.3,180.3,180.3,180.3,180.3,180.3,180.3,180.3,180.3,180.3,180.3,180.3,180.3,180.3,180.3,180.3,180.3,180.3,180.3,180.3,180.3,180.3,180.3,180.3,180.3,180.3,180.3,180.3,180.3,180.3,180.3,180.3,180.3,180.3,180.3,180.3,180.3,180.3,180.3,180.3,180.3,180.3,180.3,180.3,180.3,180.3,180.3,180.3,180.3,180.3,180.3,180.3,180.3,180.3,180.3,180.3,180.3,180.3,180.3,180.3,180.3,180.3,180.3,180.3
2014-06-01,,,,,,,,,,,,,,,,,,,,,,,,,,,,,,,,,,,,,,,,,,,,,,,,,,,,,180.7,180.7,180.7,180.8,180.8,180.8,180.8,180.8,180.8,180.8,180.8,180.8,180.8,180.8,180.8,180.8,180.8,180.8,180.8,180.8,180.8,180.8,180.8,180.8,180.8,180.8,180.8,180.8,180.8,180.8,180.8,180.8,180.8,180.8,180.8,180.8,180.8,180.8,180.8,180.8,180.8,180.8,180.8,180.8,180.8,180.8,180.8,180.8,180.8,180.8,180.8,180.8,180.8,180.8,180.8,180.8,180.8,180.8,180.8,180.8,180.8,180.8,180.8,180.8,180.8,180.8,180.8,180.8,180.8,180.8,180.8,180.8,180.8,180.8,180.8,180.8,180.8,180.8,180.8,180.8,180.8,180.8,180.8,180.8,180.8,180.8,180.8,180.8,180.8,180.8,180.8,180.8,180.8,180.8,180.8,180.8,180.8,180.8,180.8,180.8,180.8,180.8,180.8,180.8,180.8,180.8,180.8,180.8,180.8,180.8,180.8,180.8,180.8,180.8,180.8,180.8,180.8,180.8,180.8,180.8,180.8,180.8,180.8,180.8,180.8,180.8,180.8,180.8,180.8,180.8,180.8,180.8,180.8,180.8,180.8,180.8,180.8,180.8,180.8,180.8,180.8,180.8,180.8,180.8,180.8,180.8
2014-07-01,,,,,,,,,,,,,,,,,,,,,,,,,,,,,,,,,,,,,,,,,,,,,,,,,,,,,,179.5,179.5,179.7,179.8,179.8,179.8,179.8,179.8,179.8,179.8,179.8,179.8,179.8,179.8,179.8,179.8,179.8,179.8,179.8,179.8,179.8,179.8,179.8,179.8,179.8,179.8,179.8,179.8,179.8,179.8,179.8,179.8,179.8,179.8,179.8,179.8,179.8,179.8,179.8,179.8,179.8,179.8,179.8,179.8,179.8,179.8,179.8,179.8,179.8,179.8,179.8,179.8,179.8,179.8,179.8,179.8,179.8,179.8,179.8,179.8,179.8,179.8,179.8,179.8,179.8,179.8,179.8,179.8,179.8,179.8,179.8,179.8,179.8,179.8,179.8,179.8,179.8,179.8,179.8,179.8,179.8,179.8,179.8,179.8,179.8,179.8,179.8,179.8,179.8,179.8,179.8,179.8,179.8,179.8,179.8,179.8,179.8,179.8,179.8,179.8,179.8,179.8,179.8,179.8,179.8,179.8,179.8,179.8,179.8,179.8,179.8,179.8,179.8,179.8,179.8,179.8,179.8,179.8,179.8,179.8,179.8,179.8,179.8,179.8,179.8,179.8,179.8,179.8,179.8,179.8,179.8,179.8,179.8,179.8,179.8,179.8,179.8,179.8,179.8,179.8,179.8,179.8,179.8,179.8,179.8
2014-08-01,,,,,,,,,,,,,,,,,,,,,,,,,,,,,,,,,,,,,,,,,,,,,,,,,,,,,,,179.1,179.4,179.3,179.3,179.3,179.3,179.3,179.3,179.3,179.3,179.3,179.3,179.3,179.3,179.3,179.3,179.3,179.3,179.3,179.3,179.3,179.3,179.3,179.3,179.3,179.3,179.3,179.3,179.3,179.3,179.3,179.3,179.3,179.3,179.3,179.3,179.3,179.3,179.3,179.3,179.3,179.3,179.3,179.3,179.3,179.3,179.3,179.3,179.3,179.3,179.3,179.3,179.3,179.3,179.3,179.3,179.3,179.3,179.3,179.3,179.3,179.3,179.3,179.3,179.3,179.3,179.3,179.3,179.3,179.3,179.3,179.3,179.3,179.3,179.3,179.3,179.3,179.3,179.3,179.3,179.3,179.3,179.3,179.3,179.3,179.3,179.3,179.3,179.3,179.3,179.3,179.3,179.3,179.3,179.3,179.3,179.3,179.3,179.3,179.3,179.3,179.3,179.3,179.3,179.3,179.3,179.3,179.3,179.3,179.3,179.3,179.3,179.3,179.3,179.3,179.3,179.3,179.3,179.3,179.3,179.3,179.3,179.3,179.3,179.3,179.3,179.3,179.3,179.3,179.3,179.3,179.3,179.3,179.3,179.3,179.3,179.3,179.3,179.3,179.3,179.3,179.3,179.3,179.3
2014-09-01,,,,,,,,,,,,,,,,,,,,,,,,,,,,,,,,,,,,,,,,,,,,,,,,,,,,,,,,176.6,176.4,176.4,176.4,176.4,176.4,176.4,176.4,176.4,176.4,176.4,176.4,176.4,176.4,176.4,176.4,176.4,176.4,176.4,176.4,176.4,176.4,176.4,176.4,176.4,176.4,176.4,176.4,176.4,176.4,176.4,176.4,176.4,176.4,176.4,176.4,176.4,176.4,176.4,176.4,176.4,176.4,176.4,176.4,176.4,176.4,176.4,176.4,176.4,176.4,176.4,176.4,176.4,176.4,176.4,176.4,176.4,176.4,176.4,176.4,176.4,176.4,176.4,176.4,176.4,176.4,176.4,176.4,176.4,176.4,176.4,176.4,176.4,176.4,176.4,176.4,176.4,176.4,176.4,176.4,176.4,176.4,176.4,176.4,176.4,176.4,176.4,176.4,176.4,176.4,176.4,176.4,176.4,176.4,176.4,176.4,176.4,176.4,176.4,176.4,176.4,176.4,176.4,176.4,176.4,176.4,176.4,176.4,176.4,176.4,176.4,176.4,176.4,176.4,176.4,176.4,176.4,176.4,176.4,176.4,176.4,176.4,176.4,176.4,176.4,176.4,176.4,176.4,176.4,176.4,176.4,176.4,176.4,176.4,176.4,176.4,176.4,176.4,176.4,176.4,176.4,176.4,176.4
2014-10-01,,,,,,,,,,,,,,,,,,,,,,,,,,,,,,,,,,,,,,,,,,,,,,,,,,,,,,,,,171.6,171.6,171.6,173.0,173.0,173.0,173.0,173.0,173.0,173.0,173.0,173.0,173.0,173.0,173.0,173.0,173.0,173.0,173.0,173.0,173.0,173.0,173.0,173.0,173.0,173.0,173.0,173.0,173.0,173.0,173.0,173.0,173.0,173.0,173.0,173.0,173.0,173.0,173.0,173.0,173.0,173.0,173.0,173.0,173.0,173.0,173.0,173.0,173.0,173.0,173.0,173.0,173.0,173.0,173.0,173.0,173.0,173.0,173.0,173.0,173.0,173.0,173.0,173.0,173.0,173.0,173.0,173.0,173.0,173.0,173.0,173.0,173.0,173.0,173.0,173.0,173.0,173.0,173.0,173.0,173.0,173.0,173.0,173.0,173.0,173.0,173.0,173.0,173.0,173.0,173.0,173.0,173.0,173.0,173.0,173.0,173.0,173.0,173.0,173.0,173.0,173.0,173.0,173.0,173.0,173.0,173.0,173.0,173.0,173.0,173.0,173.0,173.0,173.0,173.0,173.0,173.0,173.0,173.0,173.0,173.0,173.0,173.0,173.0,173.0,173.0,173.0,173.0,173.0,173.0,173.0,173.0,173.0,173.0,173.0,173.0,173.0,173.0,173.0,173.0,173.0,173.0
2014-11-01,,,,,,,,,,,,,,,,,,,,,,,,,,,,,,,,,,,,,,,,,,,,,,,,,,,,,,,,,,169.1,169.1,170.6,170.5,170.5,170.5,170.5,170.5,170.5,170.5,170.5,170.5,170.5,170.5,170.5,170.5,170.5,170.5,170.5,170.5,170.5,170.5,170.5,170.5,170.5,170.5,170.5,170.5,170.5,170.5,170.5,170.5,170.5,170.5,170.5,170.5,170.5,170.5,170.5,170.5,170.5,170.5,170.5,170.5,170.5,170.5,170.5,170.5,170.5,170.5,170.5,170.5,170.5,170.5,170.5,170.5,170.5,170.5,170.5,170.5,170.5,170.5,170.5,170.5,170.5,170.5,170.5,170.5,170.5,170.5,170.5,170.5,170.5,170.5,170.5,170.5,170.5,170.5,170.5,170.5,170.5,170.5,170.5,170.5,170.5,170.5,170.5,170.5,170.5,170.5,170.5,170.5,170.5,170.5,170.5,170.5,170.5,170.5,170.5,170.5,170.5,170.5,170.5,170.5,170.5,170.5,170.5,170.5,170.5,170.5,170.5,170.5,170.5,170.5,170.5,170.5,170.5,170.5,170.5,170.5,170.5,170.5,170.5,170.5,170.5,170.5,170.5,170.5,170.5,170.5,170.5,170.5,170.5,170.5,170.5,170.5,170.5,170.5,170.5,170.5,170.5
2014-12-01,,,,,,,,,,,,,,,,,,,,,,,,,,,,,,,,,,,,,,,,,,,,,,,,,,,,,,,,,,,165.2,166.6,166.6,166.6,166.6,166.6,166.6,166.6,166.6,166.6,166.6,166.6,166.6,166.6,166.6,166.6,166.6,166.6,166.6,166.6,166.6,166.6,166.6,166.6,166.6,166.6,166.6,166.6,166.6,166.6,166.6,166.6,166.6,166.6,166.6,166.6,166.6,166.6,166.6,166.6,166.6,166.6,166.6,166.6,166.6,166.6,166.6,166.6,166.6,166.6,166.6,166.6,166.6,166.6,166.6,166.6,166.6,166.6,166.6,166.6,166.6,166.6,166.6,166.6,166.6,166.6,166.6,166.6,166.6,166.6,166.6,166.6,166.6,166.6,166.6,166.6,166.6,166.6,166.6,166.6,166.6,166.6,166.6,166.6,166.6,166.6,166.6,166.6,166.6,166.6,166.6,166.6,166.6,166.6,166.6,166.6,166.6,166.6,166.6,166.6,166.6,166.6,166.6,166.6,166.6,166.6,166.6,166.6,166.6,166.6,166.6,166.6,166.6,166.6,166.6,166.6,166.6,166.6,166.6,166.6,166.6,166.6,166.6,166.6,166.6,166.6,166.6,166.6,166.6,166.6,166.6,166.6,166.6,166.6,166.6,166.6,166.6,166.6,166.6,166.6
2015-01-01,,,,,,,,,,,,,,,,,,,,,,,,,,,,,,,,,,,,,,,,,,,,,,,,,,,,,,,,,,,,162.0,162.1,162.1,161.1,161.1,161.1,161.1,161.1,161.1,161.1,161.1,161.1,161.1,161.1,161.1,161.1,161.1,161.1,161.1,161.1,161.1,161.1,161.1,161.1,161.1,161.1,161.1,161.1,161.1,161.1,161.1,161.1,161.1,161.1,161.1,161.1,161.1,161.1,161.1,161.1,161.1,161.1,161.1,161.1,161.1,161.1,161.1,161.1,161.1,161.1,161.1,161.1,161.1,161.1,161.1,161.1,161.1,161.1,161.1,161.1,161.1,161.1,161.1,161.1,161.1,161.1,161.1,161.1,161.1,161.1,161.1,161.1,161.1,161.1,161.1,161.1,161.1,161.1,161.1,161.1,161.1,161.1,161.1,161.1,161.1,161.1,161.1,161.1,161.1,161.1,161.1,161.1,161.1,161.1,161.1,161.1,161.1,161.1,161.1,161.1,161.1,161.1,161.1,161.1,161.1,161.1,161.1,161.1,161.1,161.1,161.1,161.1,161.1,161.1,161.1,161.1,161.1,161.1,161.1,161.1,161.1,161.1,161.1,161.1,161.1,161.1,161.1,161.1,161.1,161.1,161.1,161.1,161.1,161.1,161.1,161.1,161.1,161.1,161.1
2015-02-01,,,,,,,,,,,,,,,,,,,,,,,,,,,,,,,,,,,,,,,,,,,,,,,,,,,,,,,,,,,,,153.9,153.9,152.9,152.9,152.9,152.9,152.9,152.9,152.9,152.9,152.9,152.9,152.9,152.9,152.9,152.9,152.9,152.9,152.9,152.9,152.9,152.9,152.9,152.9,152.9,152.9,152.9,152.9,152.9,152.9,152.9,152.9,152.9,152.9,152.9,152.9,152.9,152.9,152.9,152.9,152.9,152.9,152.9,152.9,152.9,152.9,152.9,152.9,152.9,152.9,152.9,152.9,152.9,152.9,152.9,152.9,152.9,152.9,152.9,152.9,152.9,152.9,152.9,152.9,152.9,152.9,152.9,152.9,152.9,152.9,152.9,152.9,152.9,152.9,152.9,152.9,152.9,152.9,152.9,152.9,152.9,152.9,152.9,152.9,152.9,152.9,152.9,152.9,152.9,152.9,152.9,152.9,152.9,152.9,152.9,152.9,152.9,152.9,152.9,152.9,152.9,152.9,152.9,152.9,152.9,152.9,152.9,152.9,152.9,152.9,152.9,152.9,152.9,152.9,152.9,152.9,152.9,152.9,152.9,152.9,152.9,152.9,152.9,152.9,152.9,152.9,152.9,152.9,152.9,152.9,152.9,152.9,152.9,152.9,152.9,152.9,152.9,152.9
2015-03-01,,,,,,,,,,,,,,,,,,,,,,,,,,,,,,,,,,,,,,,,,,,,,,,,,,,,,,,,,,,,,,150.0,150.2,150.2,150.2,150.2,150.2,150.2,150.2,150.2,150.2,150.2,150.2,150.2,150.2,150.2,150.2,150.2,150.2,150.2,150.2,150.2,150.2,150.2,150.2,150.2,150.2,150.2,150.2,150.2,150.2,150.2,150.2,150.2,150.2,150.2,150.2,150.2,150.2,150.2,150.2,150.2,150.2,150.2,150.2,150.2,150.2,150.2,150.2,150.2,150.2,150.2,150.2,150.2,150.2,150.2,150.2,150.2,150.2,150.2,150.2,150.2,150.2,150.2,150.2,150.2,150.2,150.2,150.2,150.2,150.2,150.2,150.2,150.2,150.2,150.2,150.2,150.2,150.2,150.2,150.2,150.2,150.2,150.2,150.2,150.2,150.2,150.2,150.2,150.2,150.2,150.2,150.2,150.2,150.2,150.2,150.2,150.2,150.2,150.2,150.2,150.2,150.2,150.2,150.2,150.2,150.2,150.2,150.2,150.2,150.2,150.2,150.2,150.2,150.2,150.2,150.2,150.2,150.2,150.2,150.2,150.2,150.2,150.2,150.2,150.2,150.2,150.2,150.2,150.2,150.2,150.2,150.2,150.2,150.2,150.2,150.2,150.2
2015-04-01,,,,,,,,,,,,,,,,,,,,,,,,,,,,,,,,,,,,,,,,,,,,,,,,,,,,,,,,,,,,,,,145.9,157.0,157.0,144.1,144.1,144.1,144.1,144.1,144.1,144.1,144.1,144.1,144.1,144.1,144.1,144.1,144.1,144.1,144.1,144.1,144.1,144.1,144.1,144.1,144.1,144.1,144.1,144.1,144.1,144.1,144.1,144.1,144.1,144.1,144.1,144.1,144.1,144.1,144.1,144.1,144.1,144.1,144.1,144.1,144.1,144.1,144.1,144.1,144.1,144.1,144.1,144.1,144.1,144.1,144.1,144.1,144.1,144.1,144.1,144.1,144.1,144.1,144.1,144.1,144.1,144.1,144.1,144.1,144.1,144.1,144.1,144.1,144.1,144.1,144.1,144.1,144.1,144.1,144.1,144.1,144.1,144.1,144.1,144.1,144.1,144.1,144.1,144.1,144.1,144.1,144.1,144.1,144.1,144.1,144.1,144.1,144.1,144.1,144.1,144.1,144.1,144.1,144.1,144.1,144.1,144.1,144.1,144.1,144.1,144.1,144.1,144.1,144.1,144.1,144.1,144.1,144.1,144.1,144.1,144.1,144.1,144.1,144.1,144.1,144.1,144.1,144.1,144.1,144.1,144.1,144.1,144.1,144.1,144.1,144.1,144.1
2015-05-01,,,,,,,,,,,,,,,,,,,,,,,,,,,,,,,,,,,,,,,,,,,,,,,,,,,,,,,,,,,,,,,,158.7,158.7,145.5,145.5,145.5,145.5,145.5,145.5,145.5,145.5,145.5,145.5,145.5,145.5,145.5,145.5,145.5,145.5,145.5,145.5,145.5,145.5,145.5,145.5,145.5,145.5,145.5,145.5,145.5,145.5,145.5,145.5,145.5,145.5,145.5,145.5,145.5,145.5,145.5,145.5,145.5,145.5,145.5,145.5,145.5,145.5,145.5,145.5,145.5,145.5,145.5,145.5,145.5,145.5,145.5,145.5,145.5,145.5,145.5,145.5,145.5,145.5,145.5,145.5,145.5,145.5,145.5,145.5,145.5,145.5,145.5,145.5,145.5,145.5,145.5,145.5,145.5,145.5,145.5,145.5,145.5,145.5,145.5,145.5,145.5,145.5,145.5,145.5,145.5,145.5,145.5,145.5,145.5,145.5,145.5,145.5,145.5,145.5,145.5,145.5,145.5,145.5,145.5,145.5,145.5,145.5,145.5,145.5,145.5,145.5,145.5,145.5,145.5,145.5,145.5,145.5,145.5,145.5,145.5,145.5,145.5,145.5,145.5,145.5,145.5,145.5,145.5,145.5,145.5,145.5,145.5,145.5,145.5,145.5,145.5
2015-06-01,,,,,,,,,,,,,,,,,,,,,,,,,,,,,,,,,,,,,,,,,,,,,,,,,,,,,,,,,,,,,,,,,162.7,149.9,149.9,149.9,149.9,149.9,149.9,149.9,149.9,149.9,149.9,149.9,149.9,149.9,149.9,149.9,149.9,149.9,149.9,149.9,149.9,149.9,149.9,149.9,149.9,149.9,149.9,149.9,149.9,149.9,149.9,149.9,149.9,149.9,149.9,149.9,149.9,149.9,149.9,149.9,149.9,149.9,149.9,149.9,149.9,149.9,149.9,149.9,149.9,149.9,149.9,149.9,149.9,149.9,149.9,149.9,149.9,149.9,149.9,149.9,149.9,149.9,149.9,149.9,149.9,149.9,149.9,149.9,149.9,149.9,149.9,149.9,149.9,149.9,149.9,149.9,149.9,149.9,149.9,149.9,149.9,149.9,149.9,149.9,149.9,149.9,149.9,149.9,149.9,149.9,149.9,149.9,149.9,149.9,149.9,149.9,149.9,149.9,149.9,149.9,149.9,149.9,149.9,149.9,149.9,149.9,149.9,149.9,149.9,149.9,149.9,149.9,149.9,149.9,149.9,149.9,149.9,149.9,149.9,149.9,149.9,149.9,149.9,149.9,149.9,149.9,149.9,149.9,149.9,149.9,149.9,149.9,149.9,149.9
2015-07-01,,,,,,,,,,,,,,,,,,,,,,,,,,,,,,,,,,,,,,,,,,,,,,,,,,,,,,,,,,,,,,,,,,148.7,148.7,148.7,148.7,148.7,148.7,148.7,148.7,148.7,148.7,148.7,148.7,148.7,148.7,148.7,148.7,148.7,148.7,148.7,148.7,148.7,148.7,148.7,148.7,148.7,148.7,148.7,148.7,148.7,148.7,148.7,148.7,148.7,148.7,148.7,148.7,148.7,148.7,148.7,148.7,148.7,148.7,148.7,148.7,148.7,148.7,148.7,148.7,148.7,148.7,148.7,148.7,148.7,148.7,148.7,148.7,148.7,148.7,148.7,148.7,148.7,148.7,148.7,148.7,148.7,148.7,148.7,148.7,148.7,148.7,148.7,148.7,148.7,148.7,148.7,148.7,148.7,148.7,148.7,148.7,148.7,148.7,148.7,148.7,148.7,148.7,148.7,148.7,148.7,148.7,148.7,148.7,148.7,148.7,148.7,148.7,148.7,148.7,148.7,148.7,148.7,148.7,148.7,148.7,148.7,148.7,148.7,148.7,148.7,148.7,148.7,148.7,148.7,148.7,148.7,148.7,148.7,148.7,148.7,148.7,148.7,148.7,148.7,148.7,148.7,148.7,148.7,148.7,148.7,148.7,148.7,148.7,148.7
2015-08-01,,,,,,,,,,,,,,,,,,,,,,,,,,,,,,,,,,,,,,,,,,,,,,,,,,,,,,,,,,,,,,,,,,,146.1,146.1,146.1,148.2,148.2,148.2,148.2,148.2,148.2,148.2,148.2,148.2,148.2,148.2,148.2,148.2,148.2,148.2,148.2,148.2,148.2,148.2,148.2,148.2,148.2,148.2,148.2,148.2,148.2,148.2,148.2,148.2,148.2,148.2,148.2,148.2,148.2,148.2,148.2,148.2,148.2,148.2,148.2,148.2,148.2,148.2,148.2,148.2,148.2,148.2,148.2,148.2,148.2,148.2,148.2,148.2,148.2,148.2,148.2,148.2,148.2,148.2,148.2,148.2,148.2,148.2,148.2,148.2,148.2,148.2,148.2,148.2,148.2,148.2,148.2,148.2,148.2,148.2,148.2,148.2,148.2,148.2,148.2,148.2,148.2,148.2,148.2,148.2,148.2,148.2,148.2,148.2,148.2,148.2,148.2,148.2,148.2,148.2,148.2,148.2,148.2,148.2,148.2,148.2,148.2,148.2,148.2,148.2,148.2,148.2,148.2,148.2,148.2,148.2,148.2,148.2,148.2,148.2,148.2,148.2,148.2,148.2,148.2,148.2,148.2,148.2,148.2,148.2,148.2,148.2,148.2,148.2
2015-09-01,,,,,,,,,,,,,,,,,,,,,,,,,,,,,,,,,,,,,,,,,,,,,,,,,,,,,,,,,,,,,,,,,,,,145.3,145.3,147.7,147.7,147.7,147.7,147.7,147.7,147.7,147.7,147.7,147.7,147.7,147.7,147.7,147.7,147.7,147.7,147.7,147.7,147.7,147.7,147.7,147.7,147.7,147.7,147.7,147.7,147.7,147.7,147.7,147.7,147.7,147.7,147.7,147.7,147.7,147.7,147.7,147.7,147.7,147.7,147.7,147.7,147.7,147.7,147.7,147.7,147.7,147.7,147.7,147.7,147.7,147.7,147.7,147.7,147.7,147.7,147.7,147.7,147.7,147.7,147.7,147.7,147.7,147.7,147.7,147.7,147.7,147.7,147.7,147.7,147.7,147.7,147.7,147.7,147.7,147.7,147.7,147.7,147.7,147.7,147.7,147.7,147.7,147.7,147.7,147.7,147.7,147.7,147.7,147.7,147.7,147.7,147.7,147.7,147.7,147.7,147.7,147.7,147.7,147.7,147.7,147.7,147.7,147.7,147.7,147.7,147.7,147.7,147.7,147.7,147.7,147.7,147.7,147.7,147.7,147.7,147.7,147.7,147.7,147.7,147.7,147.7,147.7,147.7,147.7,147.7,147.7,147.7,147.7
2015-10-01,,,,,,,,,,,,,,,,,,,,,,,,,,,,,,,,,,,,,,,,,,,,,,,,,,,,,,,,,,,,,,,,,,,,,144.6,147.1,147.1,147.1,147.1,147.1,147.1,147.1,147.1,147.1,147.1,147.1,147.1,147.1,147.1,147.1,147.1,147.1,147.1,147.1,147.1,147.1,147.1,147.1,147.1,147.1,147.1,147.1,147.1,147.1,147.1,147.1,147.1,147.1,147.1,147.1,147.1,147.1,147.1,147.1,147.1,147.1,147.1,147.1,147.1,147.1,147.1,147.1,147.1,147.1,147.1,147.1,147.1,147.1,147.1,147.1,147.1,147.1,147.1,147.1,147.1,147.1,147.1,147.1,147.1,147.1,147.1,147.1,147.1,147.1,147.1,147.1,147.1,147.1,147.1,147.1,147.1,147.1,147.1,147.1,147.1,147.1,147.1,147.1,147.1,147.1,147.1,147.1,147.1,147.1,147.1,147.1,147.1,147.1,147.1,147.1,147.1,147.1,147.1,147.1,147.1,147.1,147.1,147.1,147.1,147.1,147.1,147.1,147.1,147.1,147.1,147.1,147.1,147.1,147.1,147.1,147.1,147.1,147.1,147.1,147.1,147.1,147.1,147.1,147.1,147.1,147.1,147.1,147.1,147.1
2015-11-01,,,,,,,,,,,,,,,,,,,,,,,,,,,,,,,,,,,,,,,,,,,,,,,,,,,,,,,,,,,,,,,,,,,,,,144.4,145.4,145.4,145.4,145.4,145.4,145.4,145.4,145.4,145.4,145.4,145.4,145.4,145.4,145.4,145.4,145.4,145.4,145.4,145.4,145.4,145.4,145.4,145.4,145.4,145.4,145.4,145.4,145.4,145.4,145.4,145.4,145.4,145.4,145.4,145.4,145.4,145.4,145.4,145.4,145.4,145.4,145.4,145.4,145.4,145.4,145.4,145.4,145.4,145.4,145.4,145.4,145.4,145.4,145.4,145.4,145.4,145.4,145.4,145.4,145.4,145.4,145.4,145.4,145.4,145.4,145.4,145.4,145.4,145.4,145.4,145.4,145.4,145.4,145.4,145.4,145.4,145.4,145.4,145.4,145.4,145.4,145.4,145.4,145.4,145.4,145.4,145.4,145.4,145.4,145.4,145.4,145.4,145.4,145.4,145.4,145.4,145.4,145.4,145.4,145.4,145.4,145.4,145.4,145.4,145.4,145.4,145.4,145.4,145.4,145.4,145.4,145.4,145.4,145.4,145.4,145.4,145.4,145.4,145.4,145.4,145.4,145.4,145.4,145.4,145.4,145.4,145.4,145.4
2015-12-01,,,,,,,,,,,,,,,,,,,,,,,,,,,,,,,,,,,,,,,,,,,,,,,,,,,,,,,,,,,,,,,,,,,,,,,140.4,140.4,140.4,140.4,140.4,140.4,140.4,140.4,140.4,140.4,140.4,140.4,140.4,140.4,140.4,140.4,140.4,140.4,140.4,140.4,140.4,140.4,140.4,140.4,140.4,140.4,140.4,140.4,140.4,140.4,140.4,140.4,140.4,140.4,140.4,140.4,140.4,140.4,140.4,140.4,140.4,140.4,140.4,140.4,140.4,140.4,140.4,140.4,140.4,140.4,140.4,140.4,140.4,140.4,140.4,140.4,140.4,140.4,140.4,140.4,140.4,140.4,140.4,140.4,140.4,140.4,140.4,140.4,140.4,140.4,140.4,140.4,140.4,140.4,140.4,140.4,140.4,140.4,140.4,140.4,140.4,140.4,140.4,140.4,140.4,140.4,140.4,140.4,140.4,140.4,140.4,140.4,140.4,140.4,140.4,140.4,140.4,140.4,140.4,140.4,140.4,140.4,140.4,140.4,140.4,140.4,140.4,140.4,140.4,140.4,140.4,140.4,140.4,140.4,140.4,140.4,140.4,140.4,140.4,140.4,140.4,140.4,140.4,140.4,140.4,140.4,140.4,140.4
2016-01-01,,,,,,,,,,,,,,,,,,,,,,,,,,,,,,,,,,,,,,,,,,,,,,,,,,,,,,,,,,,,,,,,,,,,,,,,141.0,141.0,141.0,141.0,141.0,141.0,141.0,141.0,141.0,141.0,141.0,141.0,141.0,141.0,141.0,141.0,141.0,141.0,141.0,141.0,141.0,141.0,141.0,141.0,141.0,141.0,141.0,141.0,141.0,141.0,141.0,141.0,141.0,141.0,141.0,141.0,141.0,141.0,141.0,141.0,141.0,141.0,141.0,141.0,141.0,141.0,141.0,141.0,141.0,141.0,141.0,141.0,141.0,141.0,141.0,141.0,141.0,141.0,141.0,141.0,141.0,141.0,141.0,141.0,141.0,141.0,141.0,141.0,141.0,141.0,141.0,141.0,141.0,141.0,141.0,141.0,141.0,141.0,141.0,141.0,141.0,141.0,141.0,141.0,141.0,141.0,141.0,141.0,141.0,141.0,141.0,141.0,141.0,141.0,141.0,141.0,141.0,141.0,141.0,141.0,141.0,141.0,141.0,141.0,141.0,141.0,141.0,141.0,141.0,141.0,141.0,141.0,141.0,141.0,141.0,141.0,141.0,141.0,141.0,141.0,141.0,141.0,141.0,141.0,141.0,141.0,141.0
2016-02-01,,,,,,,,,,,,,,,,,,,,,,,,,,,,,,,,,,,,,,,,,,,,,,,,,,,,,,,,,,,,,,,,,,,,,,,,,138.9,138.9,138.9,138.9,138.9,138.9,138.9,138.9,138.9,138.9,138.9,138.9,138.9,138.9,138.9,138.9,138.9,138.9,138.9,138.9,138.9,138.9,138.9,138.9,138.9,138.9,138.9,138.9,138.9,138.9,138.9,138.9,138.9,138.9,138.9,138.9,138.9,138.9,138.9,138.9,138.9,138.9,138.9,138.9,138.9,138.9,138.9,138.9,138.9,138.9,138.9,138.9,138.9,138.9,138.9,138.9,138.9,138.9,138.9,138.9,138.9,138.9,138.9,138.9,138.9,138.9,138.9,138.9,138.9,138.9,138.9,138.9,138.9,138.9,138.9,138.9,138.9,138.9,138.9,138.9,138.9,138.9,138.9,138.9,138.9,138.9,138.9,138.9,138.9,138.9,138.9,138.9,138.9,138.9,138.9,138.9,138.9,138.9,138.9,138.9,138.9,138.9,138.9,138.9,138.9,138.9,138.9,138.9,138.9,138.9,138.9,138.9,138.9,138.9,138.9,138.9,138.9,138.9,138.9,138.9,138.9,138.9,138.9,138.9,138.9,138.9
2016-03-01,,,,,,,,,,,,,,,,,,,,,,,,,,,,,,,,,,,,,,,,,,,,,,,,,,,,,,,,,,,,,,,,,,,,,,,,,,140.5,140.5,140.5,140.5,140.5,140.5,140.5,140.5,140.5,140.5,140.5,140.5,140.5,140.5,140.5,140.5,140.5,140.5,140.5,140.5,140.5,140.5,140.5,140.5,140.5,140.5,140.5,140.5,140.5,140.5,140.5,140.5,140.5,140.5,140.5,140.5,140.5,140.5,140.5,140.5,140.5,140.5,140.5,140.5,140.5,140.5,140.5,140.5,140.5,140.5,140.5,140.5,140.5,140.5,140.5,140.5,140.5,140.5,140.5,140.5,140.5,140.5,140.5,140.5,140.5,140.5,140.5,140.5,140.5,140.5,140.5,140.5,140.5,140.5,140.5,140.5,140.5,140.5,140.5,140.5,140.5,140.5,140.5,140.5,140.5,140.5,140.5,140.5,140.5,140.5,140.5,140.5,140.5,140.5,140.5,140.5,140.5,140.5,140.5,140.5,140.5,140.5,140.5,140.5,140.5,140.5,140.5,140.5,140.5,140.5,140.5,140.5,140.5,140.5,140.5,140.5,140.5,140.5,140.5,140.5,140.5,140.5,140.5,140.5,140.5
2016-04-01,,,,,,,,,,,,,,,,,,,,,,,,,,,,,,,,,,,,,,,,,,,,,,,,,,,,,,,,,,,,,,,,,,,,,,,,,,,141.9,135.8,135.8,135.8,135.8,135.8,135.8,135.8,135.8,135.8,135.8,135.8,135.8,135.8,135.8,135.8,135.8,135.8,135.8,135.8,135.8,135.8,135.8,135.8,135.8,135.8,135.8,135.8,135.8,135.8,135.8,135.8,135.8,135.8,135.8,135.8,135.8,135.8,135.8,135.8,135.8,135.8,135.8,135.8,135.8,135.8,135.8,135.8,135.8,135.8,135.8,135.8,135.8,135.8,135.8,135.8,135.8,135.8,135.8,135.8,135.8,135.8,135.8,135.8,135.8,135.8,135.8,135.8,135.8,135.8,135.8,135.8,135.8,135.8,135.8,135.8,135.8,135.8,135.8,135.8,135.8,135.8,135.8,135.8,135.8,135.8,135.8,135.8,135.8,135.8,135.8,135.8,135.8,135.8,135.8,135.8,135.8,135.8,135.8,135.8,135.8,135.8,135.8,135.8,135.8,135.8,135.8,135.8,135.8,135.8,135.8,135.8,135.8,135.8,135.8,135.8,135.8,135.8,135.8,135.8,135.8,135.8,135.8,135.8
2016-05-01,,,,,,,,,,,,,,,,,,,,,,,,,,,,,,,,,,,,,,,,,,,,,,,,,,,,,,,,,,,,,,,,,,,,,,,,,,,,137.7,137.7,137.7,137.7,137.7,137.7,137.7,137.7,137.7,137.7,137.7,137.7,137.7,137.7,137.7,137.7,137.7,137.7,137.7,137.7,137.7,137.7,137.7,137.7,137.7,137.7,137.7,137.7,137.7,137.7,137.7,137.7,137.7,137.7,137.7,137.7,137.7,137.7,137.7,137.7,137.7,137.7,137.7,137.7,137.7,137.7,137.7,137.7,137.7,137.7,137.7,137.7,137.7,137.7,137.7,137.7,137.7,137.7,137.7,137.7,137.7,137.7,137.7,137.7,137.7,137.7,137.7,137.7,137.7,137.7,137.7,137.7,137.7,137.7,137.7,137.7,137.7,137.7,137.7,137.7,137.7,137.7,137.7,137.7,137.7,137.7,137.7,137.7,137.7,137.7,137.7,137.7,137.7,137.7,137.7,137.7,137.7,137.7,137.7,137.7,137.7,137.7,137.7,137.7,137.7,137.7,137.7,137.7,137.7,137.7,137.7,137.7,137.7,137.7,137.7,137.7,137.7,137.7,137.7,137.7,137.7,137.7,137.7
2016-06-01,,,,,,,,,,,,,,,,,,,,,,,,,,,,,,,,,,,,,,,,,,,,,,,,,,,,,,,,,,,,,,,,,,,,,,,,,,,,,138.0,138.0,138.0,138.0,138.0,138.0,138.0,138.0,138.0,138.0,138.0,138.0,138.0,138.0,138.0,138.0,138.0,138.0,138.0,138.0,138.0,138.0,138.0,138.0,138.0,138.0,138.0,138.0,138.0,138.0,138.0,138.0,138.0,138.0,138.0,138.0,138.0,138.0,138.0,138.0,138.0,138.0,138.0,138.0,138.0,138.0,138.0,138.0,138.0,138.0,138.0,138.0,138.0,138.0,138.0,138.0,138.0,138.0,138.0,138.0,138.0,138.0,138.0,138.0,138.0,138.0,138.0,138.0,138.0,138.0,138.0,138.0,138.0,138.0,138.0,138.0,138.0,138.0,138.0,138.0,138.0,138.0,138.0,138.0,138.0,138.0,138.0,138.0,138.0,138.0,138.0,138.0,138.0,138.0,138.0,138.0,138.0,138.0,138.0,138.0,138.0,138.0,138.0,138.0,138.0,138.0,138.0,138.0,138.0,138.0,138.0,138.0,138.0,138.0,138.0,138.0,138.0,138.0,138.0,138.0,138.0,138.0
2016-07-01,,,,,,,,,,,,,,,,,,,,,,,,,,,,,,,,,,,,,,,,,,,,,,,,,,,,,,,,,,,,,,,,,,,,,,,,,,,,,,137.6,137.6,137.6,137.6,137.6,137.6,137.6,137.6,137.6,137.6,137.6,137.6,137.6,137.6,137.6,137.6,137.6,137.6,137.6,137.6,137.6,137.6,137.6,137.6,137.6,137.6,137.6,137.6,137.6,137.6,137.6,137.6,137.6,137.6,137.6,137.6,137.6,137.6,137.6,137.6,137.6,137.6,137.6,137.6,137.6,137.6,137.6,137.6,137.6,137.6,137.6,137.6,137.6,137.6,137.6,137.6,137.6,137.6,137.6,137.6,137.6,137.6,137.6,137.6,137.6,137.6,137.6,137.6,137.6,137.6,137.6,137.6,137.6,137.6,137.6,137.6,137.6,137.6,137.6,137.6,137.6,137.6,137.6,137.6,137.6,137.6,137.6,137.6,137.6,137.6,137.6,137.6,137.6,137.6,137.6,137.6,137.6,137.6,137.6,137.6,137.6,137.6,137.6,137.6,137.6,137.6,137.6,137.6,137.6,137.6,137.6,137.6,137.6,137.6,137.6,137.6,137.6,137.6,137.6,137.6,137.6
2016-08-01,,,,,,,,,,,,,,,,,,,,,,,,,,,,,,,,,,,,,,,,,,,,,,,,,,,,,,,,,,,,,,,,,,,,,,,,,,,,,,,135.8,135.8,135.8,135.8,135.8,135.8,135.8,135.8,135.8,135.8,135.8,135.8,135.8,135.8,135.8,135.8,135.8,135.8,135.8,135.8,135.8,135.8,135.8,135.8,135.8,135.8,135.8,135.8,135.8,135.8,135.8,135.8,135.8,135.8,135.8,135.8,135.8,135.8,135.8,135.8,135.8,135.8,135.8,135.8,135.8,135.8,135.8,135.8,135.8,135.8,135.8,135.8,135.8,135.8,135.8,135.8,135.8,135.8,135.8,135.8,135.8,135.8,135.8,135.8,135.8,135.8,135.8,135.8,135.8,135.8,135.8,135.8,135.8,135.8,135.8,135.8,135.8,135.8,135.8,135.8,135.8,135.8,135.8,135.8,135.8,135.8,135.8,135.8,135.8,135.8,135.8,135.8,135.8,135.8,135.8,135.8,135.8,135.8,135.8,135.8,135.8,135.8,135.8,135.8,135.8,135.8,135.8,135.8,135.8,135.8,135.8,135.8,135.8,135.8,135.8,135.8,135.8,135.8,135.8,135.8
2016-09-01,,,,,,,,,,,,,,,,,,,,,,,,,,,,,,,,,,,,,,,,,,,,,,,,,,,,,,,,,,,,,,,,,,,,,,,,,,,,,,,,137.0,137.0,136.9,138.3,138.3,138.3,138.3,138.3,138.3,138.3,138.3,138.3,138.3,138.3,138.3,138.3,138.3,138.3,138.3,138.3,138.3,138.3,138.3,138.3,138.3,138.3,138.3,138.3,138.3,138.3,138.3,138.3,138.3,138.3,138.3,138.3,138.3,138.3,138.3,138.3,138.3,138.3,138.3,138.3,138.3,138.3,138.3,138.3,138.3,138.3,138.3,138.3,138.3,138.3,138.3,138.3,138.3,138.3,138.3,138.3,138.3,138.3,138.3,138.3,138.3,138.3,138.3,138.3,138.3,138.3,138.3,138.3,138.3,138.3,138.3,138.3,138.3,138.3,138.3,138.3,138.3,138.3,138.3,138.3,138.3,138.3,138.3,138.3,138.3,138.3,138.3,138.3,138.3,138.3,138.3,138.3,138.3,138.3,138.3,138.3,138.3,138.3,138.3,138.3,138.3,138.3,138.3,138.3,138.3,138.3,138.3,138.3,138.3,138.3,138.3,138.3,138.3,138.3,138.3
2016-10-01,,,,,,,,,,,,,,,,,,,,,,,,,,,,,,,,,,,,,,,,,,,,,,,,,,,,,,,,,,,,,,,,,,,,,,,,,,,,,,,,,137.4,137.2,138.6,138.6,138.6,138.6,138.6,138.6,138.6,138.6,138.6,138.6,138.6,138.6,138.6,138.6,138.6,138.6,138.6,138.6,138.6,138.6,138.6,138.6,138.6,138.6,138.6,138.6,138.6,138.6,138.6,138.6,138.6,138.6,138.6,138.6,138.6,138.6,138.6,138.6,138.6,138.6,138.6,138.6,138.6,138.6,138.6,138.6,138.6,138.6,138.6,138.6,138.6,138.6,138.6,138.6,138.6,138.6,138.6,138.6,138.6,138.6,138.6,138.6,138.6,138.6,138.6,138.6,138.6,138.6,138.6,138.6,138.6,138.6,138.6,138.6,138.6,138.6,138.6,138.6,138.6,138.6,138.6,138.6,138.6,138.6,138.6,138.6,138.6,138.6,138.6,138.6,138.6,138.6,138.6,138.6,138.6,138.6,138.6,138.6,138.6,138.6,138.6,138.6,138.6,138.6,138.6,138.6,138.6,138.6,138.6,138.6,138.6,138.6,138.6,138.6,138.6,138.6
2016-11-01,,,,,,,,,,,,,,,,,,,,,,,,,,,,,,,,,,,,,,,,,,,,,,,,,,,,,,,,,,,,,,,,,,,,,,,,,,,,,,,,,,137.6,139.0,138.9,138.9,138.9,138.9,138.9,138.9,138.9,138.9,138.9,138.9,138.9,138.9,138.9,138.9,138.9,138.9,138.9,138.9,138.9,138.9,138.9,138.9,138.9,138.9,138.9,138.9,138.9,138.9,138.9,138.9,138.9,138.9,138.9,138.9,138.9,138.9,138.9,138.9,138.9,138.9,138.9,138.9,138.9,138.9,138.9,138.9,138.9,138.9,138.9,138.9,138.9,138.9,138.9,138.9,138.9,138.9,138.9,138.9,138.9,138.9,138.9,138.9,138.9,138.9,138.9,138.9,138.9,138.9,138.9,138.9,138.9,138.9,138.9,138.9,138.9,138.9,138.9,138.9,138.9,138.9,138.9,138.9,138.9,138.9,138.9,138.9,138.9,138.9,138.9,138.9,138.9,138.9,138.9,138.9,138.9,138.9,138.9,138.9,138.9,138.9,138.9,138.9,138.9,138.9,138.9,138.9,138.9,138.9,138.9,138.9,138.9,138.9,138.9,138.9,138.9
2016-12-01,,,,,,,,,,,,,,,,,,,,,,,,,,,,,,,,,,,,,,,,,,,,,,,,,,,,,,,,,,,,,,,,,,,,,,,,,,,,,,,,,,,136.8,136.9,136.9,136.9,136.9,136.9,136.9,136.9,136.9,136.9,136.9,136.9,136.9,136.9,136.9,136.9,136.9,136.9,136.9,136.9,136.9,136.9,136.9,136.9,136.9,136.9,136.9,136.9,136.9,136.9,136.9,136.9,136.9,136.9,136.9,136.9,136.9,136.9,136.9,136.9,136.9,136.9,136.9,136.9,136.9,136.9,136.9,136.9,136.9,136.9,136.9,136.9,136.9,136.9,136.9,136.9,136.9,136.9,136.9,136.9,136.9,136.9,136.9,136.9,136.9,136.9,136.9,136.9,136.9,136.9,136.9,136.9,136.9,136.9,136.9,136.9,136.9,136.9,136.9,136.9,136.9,136.9,136.9,136.9,136.9,136.9,136.9,136.9,136.9,136.9,136.9,136.9,136.9,136.9,136.9,136.9,136.9,136.9,136.9,136.9,136.9,136.9,136.9,136.9,136.9,136.9,136.9,136.9,136.9,136.9,136.9,136.9,136.9,136.9,136.9,136.9
2017-01-01,,,,,,,,,,,,,,,,,,,,,,,,,,,,,,,,,,,,,,,,,,,,,,,,,,,,,,,,,,,,,,,,,,,,,,,,,,,,,,,,,,,,135.9,135.9,135.9,135.9,135.9,135.9,135.9,135.9,135.9,135.9,135.9,135.9,135.9,135.9,135.9,135.9,135.9,135.9,135.9,135.9,135.9,135.9,135.9,135.9,135.9,135.9,135.9,135.9,135.9,135.9,135.9,135.9,135.9,135.9,135.9,135.9,135.9,135.9,135.9,135.9,135.9,135.9,135.9,135.9,135.9,135.9,135.9,135.9,135.9,135.9,135.9,135.9,135.9,135.9,135.9,135.9,135.9,135.9,135.9,135.9,135.9,135.9,135.9,135.9,135.9,135.9,135.9,135.9,135.9,135.9,135.9,135.9,135.9,135.9,135.9,135.9,135.9,135.9,135.9,135.9,135.9,135.9,135.9,135.9,135.9,135.9,135.9,135.9,135.9,135.9,135.9,135.9,135.9,135.9,135.9,135.9,135.9,135.9,135.9,135.9,135.9,135.9,135.9,135.9,135.9,135.9,135.9,135.9,135.9,135.9,135.9,135.9,135.9,135.9,135.9
2017-02-01,,,,,,,,,,,,,,,,,,,,,,,,,,,,,,,,,,,,,,,,,,,,,,,,,,,,,,,,,,,,,,,,,,,,,,,,,,,,,,,,,,,,,136.5,136.5,136.5,136.5,136.5,136.5,136.5,136.5,136.5,136.5,136.5,136.5,136.5,136.5,136.5,136.5,136.5,136.5,136.5,136.5,136.5,136.5,136.5,136.5,136.5,136.5,136.5,136.5,136.5,136.5,136.5,136.5,136.5,136.5,136.5,136.5,136.5,136.5,136.5,136.5,136.5,136.5,136.5,136.5,136.5,136.5,136.5,136.5,136.5,136.5,136.5,136.5,136.5,136.5,136.5,136.5,136.5,136.5,136.5,136.5,136.5,136.5,136.5,136.5,136.5,136.5,136.5,136.5,136.5,136.5,136.5,136.5,136.5,136.5,136.5,136.5,136.5,136.5,136.5,136.5,136.5,136.5,136.5,136.5,136.5,136.5,136.5,136.5,136.5,136.5,136.5,136.5,136.5,136.5,136.5,136.5,136.5,136.5,136.5,136.5,136.5,136.5,136.5,136.5,136.5,136.5,136.5,136.5,136.5,136.5,136.5,136.5,136.5,136.5
2017-03-01,,,,,,,,,,,,,,,,,,,,,,,,,,,,,,,,,,,,,,,,,,,,,,,,,,,,,,,,,,,,,,,,,,,,,,,,,,,,,,,,,,,,,,136.7,136.7,136.7,136.7,136.7,136.7,136.7,136.7,136.7,136.7,136.7,136.7,136.7,136.7,136.7,136.7,136.7,136.7,136.7,136.7,136.7,136.7,136.7,136.7,136.7,136.7,136.7,136.7,136.7,136.7,136.7,136.7,136.7,136.7,136.7,136.7,136.7,136.7,136.7,136.7,136.7,136.7,136.7,136.7,136.7,136.7,136.7,136.7,136.7,136.7,136.7,136.7,136.7,136.7,136.7,136.7,136.7,136.7,136.7,136.7,136.7,136.7,136.7,136.7,136.7,136.7,136.7,136.7,136.7,136.7,136.7,136.7,136.7,136.7,136.7,136.7,136.7,136.7,136.7,136.7,136.7,136.7,136.7,136.7,136.7,136.7,136.7,136.7,136.7,136.7,136.7,136.7,136.7,136.7,136.7,136.7,136.7,136.7,136.7,136.7,136.7,136.7,136.7,136.7,136.7,136.7,136.7,136.7,136.7,136.7,136.7,136.7,136.7
2017-04-01,,,,,,,,,,,,,,,,,,,,,,,,,,,,,,,,,,,,,,,,,,,,,,,,,,,,,,,,,,,,,,,,,,,,,,,,,,,,,,,,,,,,,,,136.7,136.7,140.7,140.6,140.6,140.6,140.6,140.6,140.6,140.6,140.6,140.6,140.6,140.6,140.6,140.6,140.6,140.6,140.6,140.6,140.6,140.6,140.6,140.6,140.6,140.6,140.6,140.6,140.6,140.6,140.6,140.6,140.6,140.6,140.6,140.6,140.6,140.6,140.6,140.6,140.6,140.6,140.6,140.6,140.6,140.6,140.6,140.6,140.6,140.6,140.6,140.6,140.6,140.6,140.6,140.6,140.6,140.6,140.6,140.6,140.6,140.6,140.6,140.6,140.6,140.6,140.6,140.6,140.6,140.6,140.6,140.6,140.6,140.6,140.6,140.6,140.6,140.6,140.6,140.6,140.6,140.6,140.6,140.6,140.6,140.6,140.6,140.6,140.6,140.6,140.6,140.6,140.6,140.6,140.6,140.6,140.6,140.6,140.6,140.6,140.6,140.6,140.6,140.6,140.6,140.6,140.6,140.6,140.6,140.6,140.6,140.6
2017-05-01,,,,,,,,,,,,,,,,,,,,,,,,,,,,,,,,,,,,,,,,,,,,,,,,,,,,,,,,,,,,,,,,,,,,,,,,,,,,,,,,,,,,,,,,136.8,140.8,140.8,140.8,140.8,140.8,140.8,140.8,140.8,140.8,140.8,140.8,140.8,140.8,140.8,140.8,140.8,140.8,140.8,140.8,140.8,140.8,140.8,140.8,140.8,140.8,140.8,140.8,140.8,140.8,140.8,140.8,140.8,140.8,140.8,140.8,140.8,140.8,140.8,140.8,140.8,140.8,140.8,140.8,140.8,140.8,140.8,140.8,140.8,140.8,140.8,140.8,140.8,140.8,140.8,140.8,140.8,140.8,140.8,140.8,140.8,140.8,140.8,140.8,140.8,140.8,140.8,140.8,140.8,140.8,140.8,140.8,140.8,140.8,140.8,140.8,140.8,140.8,140.8,140.8,140.8,140.8,140.8,140.8,140.8,140.8,140.8,140.8,140.8,140.8,140.8,140.8,140.8,140.8,140.8,140.8,140.8,140.8,140.8,140.8,140.8,140.8,140.8,140.8,140.8,140.8,140.8,140.8,140.8,140.8,140.8
2017-06-01,,,,,,,,,,,,,,,,,,,,,,,,,,,,,,,,,,,,,,,,,,,,,,,,,,,,,,,,,,,,,,,,,,,,,,,,,,,,,,,,,,,,,,,,,139.0,139.0,139.0,139.0,139.0,139.0,139.0,139.0,139.0,139.0,139.0,139.0,139.0,139.0,139.0,139.0,139.0,139.0,139.0,139.0,139.0,139.0,139.0,139.0,139.0,139.0,139.0,139.0,139.0,139.0,139.0,139.0,139.0,139.0,139.0,139.0,139.0,139.0,139.0,139.0,139.0,139.0,139.0,139.0,139.0,139.0,139.0,139.0,139.0,139.0,139.0,139.0,139.0,139.0,139.0,139.0,139.0,139.0,139.0,139.0,139.0,139.0,139.0,139.0,139.0,139.0,139.0,139.0,139.0,139.0,139.0,139.0,139.0,139.0,139.0,139.0,139.0,139.0,139.0,139.0,139.0,139.0,139.0,139.0,139.0,139.0,139.0,139.0,139.0,139.0,139.0,139.0,139.0,139.0,139.0,139.0,139.0,139.0,139.0,139.0,139.0,139.0,139.0,139.0,139.0,139.0,139.0,139.0,139.0,139.0
2017-07-01,,,,,,,,,,,,,,,,,,,,,,,,,,,,,,,,,,,,,,,,,,,,,,,,,,,,,,,,,,,,,,,,,,,,,,,,,,,,,,,,,,,,,,,,,,143.3,143.3,143.3,143.3,143.3,143.3,143.3,143.3,143.3,143.3,143.3,143.3,143.3,143.3,143.3,143.3,143.3,143.3,143.3,143.3,143.3,143.3,143.3,143.3,143.3,143.3,143.3,143.3,143.3,143.3,143.3,143.3,143.3,143.3,143.3,143.3,143.3,143.3,143.3,143.3,143.3,143.3,143.3,143.3,143.3,143.3,143.3,143.3,143.3,143.3,143.3,143.3,143.3,143.3,143.3,143.3,143.3,143.3,143.3,143.3,143.3,143.3,143.3,143.3,143.3,143.3,143.3,143.3,143.3,143.3,143.3,143.3,143.3,143.3,143.3,143.3,143.3,143.3,143.3,143.3,143.3,143.3,143.3,143.3,143.3,143.3,143.3,143.3,143.3,143.3,143.3,143.3,143.3,143.3,143.3,143.3,143.3,143.3,143.3,143.3,143.3,143.3,143.3,143.3,143.3,143.3,143.3,143.3,143.3
2017-08-01,,,,,,,,,,,,,,,,,,,,,,,,,,,,,,,,,,,,,,,,,,,,,,,,,,,,,,,,,,,,,,,,,,,,,,,,,,,,,,,,,,,,,,,,,,,144.7,144.7,144.7,144.7,144.7,144.7,144.7,144.7,144.7,144.7,144.7,144.7,144.7,144.7,144.7,144.7,144.7,144.7,144.7,144.7,144.7,144.7,144.7,144.7,144.7,144.7,144.7,144.7,144.7,144.7,144.7,144.7,144.7,144.7,144.7,144.7,144.7,144.7,144.7,144.7,144.7,144.7,144.7,144.7,144.7,144.7,144.7,144.7,144.7,144.7,144.7,144.7,144.7,144.7,144.7,144.7,144.7,144.7,144.7,144.7,144.7,144.7,144.7,144.7,144.7,144.7,144.7,144.7,144.7,144.7,144.7,144.7,144.7,144.7,144.7,144.7,144.7,144.7,144.7,144.7,144.7,144.7,144.7,144.7,144.7,144.7,144.7,144.7,144.7,144.7,144.7,144.7,144.7,144.7,144.7,144.7,144.7,144.7,144.7,144.7,144.7,144.7,144.7,144.7,144.7,144.7,144.7,144.7
2017-09-01,,,,,,,,,,,,,,,,,,,,,,,,,,,,,,,,,,,,,,,,,,,,,,,,,,,,,,,,,,,,,,,,,,,,,,,,,,,,,,,,,,,,,,,,,,,,147.7,147.7,147.7,147.7,147.7,147.7,147.7,147.7,147.7,147.7,147.7,147.7,147.7,147.7,147.7,147.7,147.7,147.7,147.7,147.7,147.7,147.7,147.7,147.7,147.7,147.7,147.7,147.7,147.7,147.7,147.7,147.7,147.7,147.7,147.7,147.7,147.7,147.7,147.7,147.7,147.7,147.7,147.7,147.7,147.7,147.7,147.7,147.7,147.7,147.7,147.7,147.7,147.7,147.7,147.7,147.7,147.7,147.7,147.7,147.7,147.7,147.7,147.7,147.7,147.7,147.7,147.7,147.7,147.7,147.7,147.7,147.7,147.7,147.7,147.7,147.7,147.7,147.7,147.7,147.7,147.7,147.7,147.7,147.7,147.7,147.7,147.7,147.7,147.7,147.7,147.7,147.7,147.7,147.7,147.7,147.7,147.7,147.7,147.7,147.7,147.7,147.7,147.7,147.7,147.7,147.7,147.7
2017-10-01,,,,,,,,,,,,,,,,,,,,,,,,,,,,,,,,,,,,,,,,,,,,,,,,,,,,,,,,,,,,,,,,,,,,,,,,,,,,,,,,,,,,,,,,,,,,,145.1,145.1,143.2,143.2,143.2,143.2,143.2,143.2,143.2,143.2,143.2,143.2,143.2,143.2,143.2,143.2,143.2,143.2,143.2,143.2,143.2,143.2,143.2,143.2,143.2,143.2,143.2,143.2,143.2,143.2,143.2,143.2,143.2,143.2,143.2,143.2,143.2,143.2,143.2,143.2,143.2,143.2,143.2,143.2,143.2,143.2,143.2,143.2,143.2,143.2,143.2,143.2,143.2,143.2,143.2,143.2,143.2,143.2,143.2,143.2,143.2,143.2,143.2,143.2,143.2,143.2,143.2,143.2,143.2,143.2,143.2,143.2,143.2,143.2,143.2,143.2,143.2,143.2,143.2,143.2,143.2,143.2,143.2,143.2,143.2,143.2,143.2,143.2,143.2,143.2,143.2,143.2,143.2,143.2,143.2,143.2,143.2,143.2,143.2,143.2,143.2,143.2,143.2,143.2,143.2,143.2
2017-11-01,,,,,,,,,,,,,,,,,,,,,,,,,,,,,,,,,,,,,,,,,,,,,,,,,,,,,,,,,,,,,,,,,,,,,,,,,,,,,,,,,,,,,,,,,,,,,,145.9,143.9,143.9,143.9,143.9,143.9,143.9,143.9,143.9,143.9,143.9,143.9,143.9,143.9,143.9,143.9,143.9,143.9,143.9,143.9,143.9,143.9,143.9,143.9,143.9,143.9,143.9,143.9,143.9,143.9,143.9,143.9,143.9,143.9,143.9,143.9,143.9,143.9,143.9,143.9,143.9,143.9,143.9,143.9,143.9,143.9,143.9,143.9,143.9,143.9,143.9,143.9,143.9,143.9,143.9,143.9,143.9,143.9,143.9,143.9,143.9,143.9,143.9,143.9,143.9,143.9,143.9,143.9,143.9,143.9,143.9,143.9,143.9,143.9,143.9,143.9,143.9,143.9,143.9,143.9,143.9,143.9,143.9,143.9,143.9,143.9,143.9,143.9,143.9,143.9,143.9,143.9,143.9,143.9,143.9,143.9,143.9,143.9,143.9,143.9,143.9,143.9,143.9,143.9,143.9
2017-12-01,,,,,,,,,,,,,,,,,,,,,,,,,,,,,,,,,,,,,,,,,,,,,,,,,,,,,,,,,,,,,,,,,,,,,,,,,,,,,,,,,,,,,,,,,,,,,,,144.0,144.0,144.0,144.0,144.0,144.0,144.0,144.0,144.0,144.0,144.0,144.0,144.0,144.0,144.0,144.0,144.0,144.0,144.0,144.0,144.0,144.0,144.0,144.0,144.0,144.0,144.0,144.0,144.0,144.0,144.0,144.0,144.0,144.0,144.0,144.0,144.0,144.0,144.0,144.0,144.0,144.0,144.0,144.0,144.0,144.0,144.0,144.0,144.0,144.0,144.0,144.0,144.0,144.0,144.0,144.0,144.0,144.0,144.0,144.0,144.0,144.0,144.0,144.0,144.0,144.0,144.0,144.0,144.0,144.0,144.0,144.0,144.0,144.0,144.0,144.0,144.0,144.0,144.0,144.0,144.0,144.0,144.0,144.0,144.0,144.0,144.0,144.0,144.0,144.0,144.0,144.0,144.0,144.0,144.0,144.0,144.0,144.0,144.0,144.0,144.0,144.0,144.0,144.0
2018-01-01,,,,,,,,,,,,,,,,,,,,,,,,,,,,,,,,,,,,,,,,,,,,,,,,,,,,,,,,,,,,,,,,,,,,,,,,,,,,,,,,,,,,,,,,,,,,,,,,144.6,144.6,144.6,144.9,144.9,144.9,144.9,144.9,144.9,144.9,144.9,144.9,144.9,144.9,144.9,144.9,144.9,144.9,144.9,144.9,144.9,144.9,144.9,144.9,144.9,144.9,144.9,144.9,144.9,144.9,144.9,144.9,144.9,144.9,144.9,144.9,144.9,144.9,144.9,144.9,144.9,144.9,144.9,144.9,144.9,144.9,144.9,144.9,144.9,144.9,144.9,144.9,144.9,144.9,144.9,144.9,144.9,144.9,144.9,144.9,144.9,144.9,144.9,144.9,144.9,144.9,144.9,144.9,144.9,144.9,144.9,144.9,144.9,144.9,144.9,144.9,144.9,144.9,144.9,144.9,144.9,144.9,144.9,144.9,144.9,144.9,144.9,144.9,144.9,144.9,144.9,144.9,144.9,144.9,144.9,144.9,144.9,144.9,144.9,144.9,144.9,144.9,144.9
2018-02-01,,,,,,,,,,,,,,,,,,,,,,,,,,,,,,,,,,,,,,,,,,,,,,,,,,,,,,,,,,,,,,,,,,,,,,,,,,,,,,,,,,,,,,,,,,,,,,,,,151.0,148.9,149.1,149.1,149.1,149.1,149.1,149.1,149.1,149.1,149.1,149.1,149.1,149.1,149.1,149.1,149.1,149.1,149.1,149.1,149.1,149.1,149.1,149.1,149.1,149.1,149.1,149.1,149.1,149.1,149.1,149.1,149.1,149.1,149.1,149.1,149.1,149.1,149.1,149.1,149.1,149.1,149.1,149.1,149.1,149.1,149.1,149.1,149.1,149.1,149.1,149.1,149.1,149.1,149.1,149.1,149.1,149.1,149.1,149.1,149.1,149.1,149.1,149.1,149.1,149.1,149.1,149.1,149.1,149.1,149.1,149.1,149.1,149.1,149.1,149.1,149.1,149.1,149.1,149.1,149.1,149.1,149.1,149.1,149.1,149.1,149.1,149.1,149.1,149.1,149.1,149.1,149.1,149.1,149.1,149.1,149.1,149.1,149.1,149.1,149.1,149.1
2018-03-01,,,,,,,,,,,,,,,,,,,,,,,,,,,,,,,,,,,,,,,,,,,,,,,,,,,,,,,,,,,,,,,,,,,,,,,,,,,,,,,,,,,,,,,,,,,,,,,,,,150.1,150.4,150.4,150.4,150.4,150.4,150.4,150.4,150.4,150.4,150.4,150.4,150.4,150.4,150.4,150.4,150.4,150.4,150.4,150.4,150.4,150.4,150.4,150.4,150.4,150.4,150.4,150.4,150.4,150.4,150.4,150.4,150.4,150.4,150.4,150.4,150.4,150.4,150.4,150.4,150.4,150.4,150.4,150.4,150.4,150.4,150.4,150.4,150.4,150.4,150.4,150.4,150.4,150.4,150.4,150.4,150.4,150.4,150.4,150.4,150.4,150.4,150.4,150.4,150.4,150.4,150.4,150.4,150.4,150.4,150.4,150.4,150.4,150.4,150.4,150.4,150.4,150.4,150.4,150.4,150.4,150.4,150.4,150.4,150.4,150.4,150.4,150.4,150.4,150.4,150.4,150.4,150.4,150.4,150.4,150.4,150.4,150.4,150.4,150.4,150.4
2018-04-01,,,,,,,,,,,,,,,,,,,,,,,,,,,,,,,,,,,,,,,,,,,,,,,,,,,,,,,,,,,,,,,,,,,,,,,,,,,,,,,,,,,,,,,,,,,,,,,,,,,152.3,152.3,152.3,152.3,152.3,152.3,152.3,152.3,152.3,152.3,152.3,152.3,152.3,152.3,152.3,152.3,152.3,152.3,152.3,152.3,152.3,152.3,152.3,152.3,152.3,152.3,152.3,152.3,152.3,152.3,152.3,152.3,152.3,152.3,152.3,152.3,152.3,152.3,152.3,152.3,152.3,152.3,152.3,152.3,152.3,152.3,152.3,152.3,152.3,152.3,152.3,152.3,152.3,152.3,152.3,152.3,152.3,152.3,152.3,152.3,152.3,152.3,152.3,152.3,152.3,152.3,152.3,152.3,152.3,152.3,152.3,152.3,152.3,152.3,152.3,152.3,152.3,152.3,152.3,152.3,152.3,152.3,152.3,152.3,152.3,152.3,152.3,152.3,152.3,152.3,152.3,152.3,152.3,152.3,152.3,152.3,152.3,152.3,152.3,152.3
2018-05-01,,,,,,,,,,,,,,,,,,,,,,,,,,,,,,,,,,,,,,,,,,,,,,,,,,,,,,,,,,,,,,,,,,,,,,,,,,,,,,,,,,,,,,,,,,,,,,,,,,,,154.3,154.3,154.3,154.3,154.3,154.3,154.3,154.3,154.3,154.3,154.3,154.3,154.3,154.3,154.3,154.3,154.3,154.3,154.3,154.3,154.3,154.3,154.3,154.3,154.3,154.3,154.3,154.3,154.3,154.3,154.3,154.3,154.3,154.3,154.3,154.3,154.3,154.3,154.3,154.3,154.3,154.3,154.3,154.3,154.3,154.3,154.3,154.3,154.3,154.3,154.3,154.3,154.3,154.3,154.3,154.3,154.3,154.3,154.3,154.3,154.3,154.3,154.3,154.3,154.3,154.3,154.3,154.3,154.3,154.3,154.3,154.3,154.3,154.3,154.3,154.3,154.3,154.3,154.3,154.3,154.3,154.3,154.3,154.3,154.3,154.3,154.3,154.3,154.3,154.3,154.3,154.3,154.3,154.3,154.3,154.3,154.3,154.3,154.3
2018-06-01,,,,,,,,,,,,,,,,,,,,,,,,,,,,,,,,,,,,,,,,,,,,,,,,,,,,,,,,,,,,,,,,,,,,,,,,,,,,,,,,,,,,,,,,,,,,,,,,,,,,,149.4,149.4,149.4,148.9,148.9,148.9,148.9,148.9,148.9,148.9,148.9,148.9,148.9,148.9,148.9,148.9,148.9,148.9,148.9,148.9,148.9,148.9,148.9,148.9,148.9,148.9,148.9,148.9,148.9,148.9,148.9,148.9,148.9,148.9,148.9,148.9,148.9,148.9,148.9,148.9,148.9,148.9,148.9,148.9,148.9,148.9,148.9,148.9,148.9,148.9,148.9,148.9,148.9,148.9,148.9,148.9,148.9,148.9,148.9,148.9,148.9,148.9,148.9,148.9,148.9,148.9,148.9,148.9,148.9,148.9,148.9,148.9,148.9,148.9,148.9,148.9,148.9,148.9,148.9,148.9,148.9,148.9,148.9,148.9,148.9,148.9,148.9,148.9,148.9,148.9,148.9,148.9,148.9,148.9,148.9,148.9,148.9,148.9
2018-07-01,,,,,,,,,,,,,,,,,,,,,,,,,,,,,,,,,,,,,,,,,,,,,,,,,,,,,,,,,,,,,,,,,,,,,,,,,,,,,,,,,,,,,,,,,,,,,,,,,,,,,,149.0,149.0,147.7,147.7,147.7,147.7,147.7,147.7,147.7,147.7,147.7,147.7,147.7,147.7,147.7,147.7,147.7,147.7,147.7,147.7,147.7,147.7,147.7,147.7,147.7,147.7,147.7,147.7,147.7,147.7,147.7,147.7,147.7,147.7,147.7,147.7,147.7,147.7,147.7,147.7,147.7,147.7,147.7,147.7,147.7,147.7,147.7,147.7,147.7,147.7,147.7,147.7,147.7,147.7,147.7,147.7,147.7,147.7,147.7,147.7,147.7,147.7,147.7,147.7,147.7,147.7,147.7,147.7,147.7,147.7,147.7,147.7,147.7,147.7,147.7,147.7,147.7,147.7,147.7,147.7,147.7,147.7,147.7,147.7,147.7,147.7,147.7,147.7,147.7,147.7,147.7,147.7,147.7,147.7,147.7,147.7,147.7
2018-08-01,,,,,,,,,,,,,,,,,,,,,,,,,,,,,,,,,,,,,,,,,,,,,,,,,,,,,,,,,,,,,,,,,,,,,,,,,,,,,,,,,,,,,,,,,,,,,,,,,,,,,,,147.6,147.3,147.3,147.3,147.3,147.3,147.3,147.3,147.3,147.3,147.3,147.3,147.3,147.3,147.3,147.3,147.3,147.3,147.3,147.3,147.3,147.3,147.3,147.3,147.3,147.3,147.3,147.3,147.3,147.3,147.3,147.3,147.3,147.3,147.3,147.3,147.3,147.3,147.3,147.3,147.3,147.3,147.3,147.3,147.3,147.3,147.3,147.3,147.3,147.3,147.3,147.3,147.3,147.3,147.3,147.3,147.3,147.3,147.3,147.3,147.3,147.3,147.3,147.3,147.3,147.3,147.3,147.3,147.3,147.3,147.3,147.3,147.3,147.3,147.3,147.3,147.3,147.3,147.3,147.3,147.3,147.3,147.3,147.3,147.3,147.3,147.3,147.3,147.3,147.3,147.3,147.3,147.3,147.3,147.3,147.3
2018-09-01,,,,,,,,,,,,,,,,,,,,,,,,,,,,,,,,,,,,,,,,,,,,,,,,,,,,,,,,,,,,,,,,,,,,,,,,,,,,,,,,,,,,,,,,,,,,,,,,,,,,,,,,145.7,145.7,145.7,145.7,145.7,145.7,145.7,145.7,145.7,145.7,145.7,145.7,145.7,145.7,145.7,145.7,145.7,145.7,145.7,145.7,145.7,145.7,145.7,145.7,145.7,145.7,145.7,145.7,145.7,145.7,145.7,145.7,145.7,145.7,145.7,145.7,145.7,145.7,145.7,145.7,145.7,145.7,145.7,145.7,145.7,145.7,145.7,145.7,145.7,145.7,145.7,145.7,145.7,145.7,145.7,145.7,145.7,145.7,145.7,145.7,145.7,145.7,145.7,145.7,145.7,145.7,145.7,145.7,145.7,145.7,145.7,145.7,145.7,145.7,145.7,145.7,145.7,145.7,145.7,145.7,145.7,145.7,145.7,145.7,145.7,145.7,145.7,145.7,145.7,145.7,145.7,145.7,145.7,145.7,145.7
2018-10-01,,,,,,,,,,,,,,,,,,,,,,,,,,,,,,,,,,,,,,,,,,,,,,,,,,,,,,,,,,,,,,,,,,,,,,,,,,,,,,,,,,,,,,,,,,,,,,,,,,,,,,,,,150.4,150.4,150.4,150.4,150.4,150.4,150.4,150.4,150.4,150.4,150.4,150.4,150.4,150.4,150.4,150.4,150.4,150.4,150.4,150.4,150.4,150.4,150.4,150.4,150.4,150.4,150.4,150.4,150.4,150.4,150.4,150.4,150.4,150.4,150.4,150.4,150.4,150.4,150.4,150.4,150.4,150.4,150.4,150.4,150.4,150.4,150.4,150.4,150.4,150.4,150.4,150.4,150.4,150.4,150.4,150.4,150.4,150.4,150.4,150.4,150.4,150.4,150.4,150.4,150.4,150.4,150.4,150.4,150.4,150.4,150.4,150.4,150.4,150.4,150.4,150.4,150.4,150.4,150.4,150.4,150.4,150.4,150.4,150.4,150.4,150.4,150.4,150.4,150.4,150.4,150.4,150.4,150.4,150.4
2018-11-01,,,,,,,,,,,,,,,,,,,,,,,,,,,,,,,,,,,,,,,,,,,,,,,,,,,,,,,,,,,,,,,,,,,,,,,,,,,,,,,,,,,,,,,,,,,,,,,,,,,,,,,,,,149.2,149.2,149.2,149.2,149.2,149.2,149.2,149.2,149.2,149.2,149.2,149.2,149.2,149.2,149.2,149.2,149.2,149.2,149.2,149.2,149.2,149.2,149.2,149.2,149.2,149.2,149.2,149.2,149.2,149.2,149.2,149.2,149.2,149.2,149.2,149.2,149.2,149.2,149.2,149.2,149.2,149.2,149.2,149.2,149.2,149.2,149.2,149.2,149.2,149.2,149.2,149.2,149.2,149.2,149.2,149.2,149.2,149.2,149.2,149.2,149.2,149.2,149.2,149.2,149.2,149.2,149.2,149.2,149.2,149.2,149.2,149.2,149.2,149.2,149.2,149.2,149.2,149.2,149.2,149.2,149.2,149.2,149.2,149.2,149.2,149.2,149.2,149.2,149.2,149.2,149.2,149.2,149.2
2018-12-01,,,,,,,,,,,,,,,,,,,,,,,,,,,,,,,,,,,,,,,,,,,,,,,,,,,,,,,,,,,,,,,,,,,,,,,,,,,,,,,,,,,,,,,,,,,,,,,,,,,,,,,,,,,147.9,147.9,147.9,147.9,147.9,147.9,147.9,147.9,147.9,147.9,147.9,147.9,147.9,147.9,147.9,147.9,147.9,147.9,147.9,147.9,147.9,147.9,147.9,147.9,147.9,147.9,147.9,147.9,147.9,147.9,147.9,147.9,147.9,147.9,147.9,147.9,147.9,147.9,147.9,147.9,147.9,147.9,147.9,147.9,147.9,147.9,147.9,147.9,147.9,147.9,147.9,147.9,147.9,147.9,147.9,147.9,147.9,147.9,147.9,147.9,147.9,147.9,147.9,147.9,147.9,147.9,147.9,147.9,147.9,147.9,147.9,147.9,147.9,147.9,147.9,147.9,147.9,147.9,147.9,147.9,147.9,147.9,147.9,147.9,147.9,147.9,147.9,147.9,147.9,147.9,147.9,147.9
2019-01-01,,,,,,,,,,,,,,,,,,,,,,,,,,,,,,,,,,,,,,,,,,,,,,,,,,,,,,,,,,,,,,,,,,,,,,,,,,,,,,,,,,,,,,,,,,,,,,,,,,,,,,,,,,,,151.5,151.5,151.5,151.5,151.5,151.5,151.5,151.5,151.5,151.5,151.5,151.5,151.5,151.5,151.5,151.5,151.5,151.5,151.5,151.5,151.5,151.5,151.5,151.5,151.5,151.5,151.5,151.5,151.5,151.5,151.5,151.5,151.5,151.5,151.5,151.5,151.5,151.5,151.5,151.5,151.5,151.5,151.5,151.5,151.5,151.5,151.5,151.5,151.5,151.5,151.5,151.5,151.5,151.5,151.5,151.5,151.5,151.5,151.5,151.5,151.5,151.5,151.5,151.5,151.5,151.5,151.5,151.5,151.5,151.5,151.5,151.5,151.5,151.5,151.5,151.5,151.5,151.5,151.5,151.5,151.5,151.5,151.5,151.5,151.5,151.5,151.5,151.5,151.5,151.5,151.5
2019-02-01,,,,,,,,,,,,,,,,,,,,,,,,,,,,,,,,,,,,,,,,,,,,,,,,,,,,,,,,,,,,,,,,,,,,,,,,,,,,,,,,,,,,,,,,,,,,,,,,,,,,,,,,,,,,,149.4,149.4,149.4,149.4,149.4,149.4,149.4,149.4,149.4,149.4,149.4,149.4,149.4,149.4,149.4,149.4,149.4,149.4,149.4,149.4,149.4,149.4,149.4,149.4,149.4,149.4,149.4,149.4,149.4,149.4,149.4,149.4,149.4,149.4,149.4,149.4,149.4,149.4,149.4,149.4,149.4,149.4,149.4,149.4,149.4,149.4,149.4,149.4,149.4,149.4,149.4,149.4,149.4,149.4,149.4,149.4,149.4,149.4,149.4,149.4,149.4,149.4,149.4,149.4,149.4,149.4,149.4,149.4,149.4,149.4,149.4,149.4,149.4,149.4,149.4,149.4,149.4,149.4,149.4,149.4,149.4,149.4,149.4,149.4,149.4,149.4,149.4,149.4,149.4,149.4
2019-03-01,,,,,,,,,,,,,,,,,,,,,,,,,,,,,,,,,,,,,,,,,,,,,,,,,,,,,,,,,,,,,,,,,,,,,,,,,,,,,,,,,,,,,,,,,,,,,,,,,,,,,,,,,,,,,,149.7,149.3,149.3,149.3,149.3,149.3,149.3,149.3,149.3,149.3,149.3,149.3,149.3,149.3,149.3,149.3,149.3,149.3,149.3,149.3,149.3,149.3,149.3,149.3,149.3,149.3,149.3,149.3,149.3,149.3,149.3,149.3,149.3,149.3,149.3,149.3,149.3,149.3,149.3,149.3,149.3,149.3,149.3,149.3,149.3,149.3,149.3,149.3,149.3,149.3,149.3,149.3,149.3,149.3,149.3,149.3,149.3,149.3,149.3,149.3,149.3,149.3,149.3,149.3,149.3,149.3,149.3,149.3,149.3,149.3,149.3,149.3,149.3,149.3,149.3,149.3,149.3,149.3,149.3,149.3,149.3,149.3,149.3,149.3,149.3,149.3,149.3,149.3,149.3
2019-04-01,,,,,,,,,,,,,,,,,,,,,,,,,,,,,,,,,,,,,,,,,,,,,,,,,,,,,,,,,,,,,,,,,,,,,,,,,,,,,,,,,,,,,,,,,,,,,,,,,,,,,,,,,,,,,,,149.0,149.0,149.5,149.5,149.5,149.5,149.5,149.5,149.5,149.5,149.5,149.5,149.5,149.5,149.5,149.5,149.5,149.5,149.5,149.5,149.5,149.5,149.5,149.5,149.5,149.5,149.5,149.5,149.5,149.5,149.5,149.5,149.5,149.5,149.5,149.5,149.5,149.5,149.5,149.5,149.5,149.5,149.5,149.5,149.5,149.5,149.5,149.5,149.5,149.5,149.5,149.5,149.5,149.5,149.5,149.5,149.5,149.5,149.5,149.5,149.5,149.5,149.5,149.5,149.5,149.5,149.5,149.5,149.5,149.5,149.5,149.5,149.5,149.5,149.5,149.5,149.5,149.5,149.5,149.5,149.5,149.5,149.5,149.5,149.5,149.5,149.5,149.5
2019-05-01,,,,,,,,,,,,,,,,,,,,,,,,,,,,,,,,,,,,,,,,,,,,,,,,,,,,,,,,,,,,,,,,,,,,,,,,,,,,,,,,,,,,,,,,,,,,,,,,,,,,,,,,,,,,,,,,148.9,147.9,147.9,147.9,147.9,147.9,147.9,147.9,147.9,147.9,147.9,147.9,147.9,147.9,147.9,147.9,147.9,147.9,147.9,147.9,147.9,147.9,147.9,147.9,147.9,147.9,147.9,147.9,147.9,147.9,147.9,147.9,147.9,147.9,147.9,147.9,147.9,147.9,147.9,147.9,147.9,147.9,147.9,147.9,147.9,147.9,147.9,147.9,147.9,147.9,147.9,147.9,147.9,147.9,147.9,147.9,147.9,147.9,147.9,147.9,147.9,147.9,147.9,147.9,147.9,147.9,147.9,147.9,147.9,147.9,147.9,147.9,147.9,147.9,147.9,147.9,147.9,147.9,147.9,147.9,147.9,147.9,147.9,147.9,147.9,147.9,147.9
2019-06-01,,,,,,,,,,,,,,,,,,,,,,,,,,,,,,,,,,,,,,,,,,,,,,,,,,,,,,,,,,,,,,,,,,,,,,,,,,,,,,,,,,,,,,,,,,,,,,,,,,,,,,,,,,,,,,,,,148.2,148.0,148.0,148.0,148.0,148.0,148.0,148.0,148.0,148.0,148.0,148.0,148.0,148.0,148.0,148.0,148.0,148.0,148.0,148.0,148.0,148.0,148.0,148.0,148.0,148.0,148.0,148.0,148.0,148.0,148.0,148.0,148.0,148.0,148.0,148.0,148.0,148.0,148.0,148.0,148.0,148.0,148.0,148.0,148.0,148.0,148.0,148.0,148.0,148.0,148.0,148.0,148.0,148.0,148.0,148.0,148.0,148.0,148.0,148.0,148.0,148.0,148.0,148.0,148.0,148.0,148.0,148.0,148.0,148.0,148.0,148.0,148.0,148.0,148.0,148.0,148.0,148.0,148.0,148.0,148.0,148.0,148.0,148.0,148.0,148.0
2019-07-01,,,,,,,,,,,,,,,,,,,,,,,,,,,,,,,,,,,,,,,,,,,,,,,,,,,,,,,,,,,,,,,,,,,,,,,,,,,,,,,,,,,,,,,,,,,,,,,,,,,,,,,,,,,,,,,,,,144.2,144.2,144.2,144.2,144.2,144.2,144.2,144.2,144.2,144.2,144.2,144.2,144.2,144.2,144.2,144.2,144.2,144.2,144.2,144.2,144.2,144.2,144.2,144.2,144.2,144.2,144.2,144.2,144.2,144.2,144.2,144.2,144.2,144.2,144.2,144.2,144.2,144.2,144.2,144.2,144.2,144.2,144.2,144.2,144.2,144.2,144.2,144.2,144.2,144.2,144.2,144.2,144.2,144.2,144.2,144.2,144.2,144.2,144.2,144.2,144.2,144.2,144.2,144.2,144.2,144.2,144.2,144.2,144.2,144.2,144.2,144.2,144.2,144.2,144.2,144.2,144.2,144.2,144.2,144.2,144.2,144.2,144.2,144.2,144.2
2019-08-01,,,,,,,,,,,,,,,,,,,,,,,,,,,,,,,,,,,,,,,,,,,,,,,,,,,,,,,,,,,,,,,,,,,,,,,,,,,,,,,,,,,,,,,,,,,,,,,,,,,,,,,,,,,,,,,,,,,145.7,145.7,145.7,145.7,145.7,145.7,145.7,145.7,145.7,145.7,145.7,145.7,145.7,145.7,145.7,145.7,145.7,145.7,145.7,145.7,145.7,145.7,145.7,145.7,145.7,145.7,145.7,145.7,145.7,145.7,145.7,145.7,145.7,145.7,145.7,145.7,145.7,145.7,145.7,145.7,145.7,145.7,145.7,145.7,145.7,145.7,145.7,145.7,145.7,145.7,145.7,145.7,145.7,145.7,145.7,145.7,145.7,145.7,145.7,145.7,145.7,145.7,145.7,145.7,145.7,145.7,145.7,145.7,145.7,145.7,145.7,145.7,145.7,145.7,145.7,145.7,145.7,145.7,145.7,145.7,145.7,145.7,145.7,145.7
2019-09-01,,,,,,,,,,,,,,,,,,,,,,,,,,,,,,,,,,,,,,,,,,,,,,,,,,,,,,,,,,,,,,,,,,,,,,,,,,,,,,,,,,,,,,,,,,,,,,,,,,,,,,,,,,,,,,,,,,,,145.5,145.5,145.5,145.5,145.5,145.5,145.5,145.5,145.5,145.5,145.5,145.5,145.5,145.5,145.5,145.5,145.5,145.5,145.5,145.5,145.5,145.5,145.5,145.5,145.5,145.5,145.5,145.5,145.5,145.5,145.5,145.5,145.5,145.5,145.5,145.5,145.5,145.5,145.5,145.5,145.5,145.5,145.5,145.5,145.5,145.5,145.5,145.5,145.5,145.5,145.5,145.5,145.5,145.5,145.5,145.5,145.5,145.5,145.5,145.5,145.5,145.5,145.5,145.5,145.5,145.5,145.5,145.5,145.5,145.5,145.5,145.5,145.5,145.5,145.5,145.5,145.5,145.5,145.5,145.5,145.5,145.5,145.5
2019-10-01,,,,,,,,,,,,,,,,,,,,,,,,,,,,,,,,,,,,,,,,,,,,,,,,,,,,,,,,,,,,,,,,,,,,,,,,,,,,,,,,,,,,,,,,,,,,,,,,,,,,,,,,,,,,,,,,,,,,,145.7,145.2,145.2,145.2,145.2,145.2,145.2,145.2,145.2,145.2,145.2,145.2,145.2,145.2,145.2,145.2,145.2,145.2,145.2,145.2,145.2,145.2,145.2,145.2,145.2,145.2,145.2,145.2,145.2,145.2,145.2,145.2,145.2,145.2,145.2,145.2,145.2,145.2,145.2,145.2,145.2,145.2,145.2,145.2,145.2,145.2,145.2,145.2,145.2,145.2,145.2,145.2,145.2,145.2,145.2,145.2,145.2,145.2,145.2,145.2,145.2,145.2,145.2,145.2,145.2,145.2,145.2,145.2,145.2,145.2,145.2,145.2,145.2,145.2,145.2,145.2,145.2,145.2,145.2,145.2,145.2,145.2
2019-11-01,,,,,,,,,,,,,,,,,,,,,,,,,,,,,,,,,,,,,,,,,,,,,,,,,,,,,,,,,,,,,,,,,,,,,,,,,,,,,,,,,,,,,,,,,,,,,,,,,,,,,,,,,,,,,,,,,,,,,,143.4,143.4,143.4,143.4,143.4,143.4,143.4,143.4,143.4,143.4,143.4,143.4,143.4,143.4,143.4,143.4,143.4,143.4,143.4,143.4,143.4,143.4,143.4,143.4,143.4,143.4,143.4,143.4,143.4,143.4,143.4,143.4,143.4,143.4,143.4,143.4,143.4,143.4,143.4,143.4,143.4,143.4,143.4,143.4,143.4,143.4,143.4,143.4,143.4,143.4,143.4,143.4,143.4,143.4,143.4,143.4,143.4,143.4,143.4,143.4,143.4,143.4,143.4,143.4,143.4,143.4,143.4,143.4,143.4,143.4,143.4,143.4,143.4,143.4,143.4,143.4,143.4,143.4,143.4,143.4,143.4
2019-12-01,,,,,,,,,,,,,,,,,,,,,,,,,,,,,,,,,,,,,,,,,,,,,,,,,,,,,,,,,,,,,,,,,,,,,,,,,,,,,,,,,,,,,,,,,,,,,,,,,,,,,,,,,,,,,,,,,,,,,,,143.3,143.3,143.3,143.3,143.3,143.3,143.3,143.3,143.3,143.3,143.3,143.3,143.3,143.3,143.3,143.3,143.3,143.3,143.3,143.3,143.3,143.3,143.3,143.3,143.3,143.3,143.3,143.3,143.3,143.3,143.3,143.3,143.3,143.3,143.3,143.3,143.3,143.3,143.3,143.3,143.3,143.3,143.3,143.3,143.3,143.3,143.3,143.3,143.3,143.3,143.3,143.3,143.3,143.3,143.3,143.3,143.3,143.3,143.3,143.3,143.3,143.3,143.3,143.3,143.3,143.3,143.3,143.3,143.3,143.3,143.3,143.3,143.3,143.3,143.3,143.3,143.3,143.3,143.3,143.3
2020-01-01,,,,,,,,,,,,,,,,,,,,,,,,,,,,,,,,,,,,,,,,,,,,,,,,,,,,,,,,,,,,,,,,,,,,,,,,,,,,,,,,,,,,,,,,,,,,,,,,,,,,,,,,,,,,,,,,,,,,,,,,144.1,144.1,144.1,144.1,144.1,144.1,144.1,144.1,144.1,144.1,144.1,144.1,144.1,144.1,144.1,144.1,144.1,144.1,144.1,144.1,144.1,144.1,144.1,144.1,144.1,144.1,144.1,144.1,144.1,144.1,144.1,144.1,144.1,144.1,144.1,144.1,144.1,144.1,144.1,144.1,144.1,144.1,144.1,144.1,144.1,144.1,144.1,144.1,144.1,144.1,144.1,144.1,144.1,144.1,144.1,144.1,144.1,144.1,144.1,144.1,144.1,144.1,144.1,144.1,144.1,144.1,144.1,144.1,144.1,144.1,144.1,144.1,144.1,144.1,144.1,144.1,144.1,144.1,144.1
2020-02-01,,,,,,,,,,,,,,,,,,,,,,,,,,,,,,,,,,,,,,,,,,,,,,,,,,,,,,,,,,,,,,,,,,,,,,,,,,,,,,,,,,,,,,,,,,,,,,,,,,,,,,,,,,,,,,,,,,,,,,,,,144.4,144.4,144.4,144.4,144.4,144.4,144.4,144.4,144.4,144.4,144.4,144.4,144.4,144.4,144.4,144.4,144.4,144.4,144.4,144.4,144.4,144.4,144.4,144.4,144.4,144.4,144.4,144.4,144.4,144.4,144.4,144.4,144.4,144.4,144.4,144.4,144.4,144.4,144.4,144.4,144.4,144.4,144.4,144.4,144.4,144.4,144.4,144.4,144.4,144.4,144.4,144.4,144.4,144.4,144.4,144.4,144.4,144.4,144.4,144.4,144.4,144.4,144.4,144.4,144.4,144.4,144.4,144.4,144.4,144.4,144.4,144.4,144.4,144.4,144.4,144.4,144.4,144.4
2020-03-01,,,,,,,,,,,,,,,,,,,,,,,,,,,,,,,,,,,,,,,,,,,,,,,,,,,,,,,,,,,,,,,,,,,,,,,,,,,,,,,,,,,,,,,,,,,,,,,,,,,,,,,,,,,,,,,,,,,,,,,,,,143.6,143.6,143.6,143.6,143.6,143.6,143.6,143.6,143.6,143.6,143.6,143.6,143.6,143.6,143.6,143.6,143.6,143.6,143.6,143.6,143.6,143.6,143.6,143.6,143.6,143.6,143.6,143.6,143.6,143.6,143.6,143.6,143.6,143.6,143.6,143.6,143.6,143.6,143.6,143.6,143.6,143.6,143.6,143.6,143.6,143.6,143.6,143.6,143.6,143.6,143.6,143.6,143.6,143.6,143.6,143.6,143.6,143.6,143.6,143.6,143.6,143.6,143.6,143.6,143.6,143.6,143.6,143.6,143.6,143.6,143.6,143.6,143.6,143.6,143.6,143.6,143.6
2020-04-01,,,,,,,,,,,,,,,,,,,,,,,,,,,,,,,,,,,,,,,,,,,,,,,,,,,,,,,,,,,,,,,,,,,,,,,,,,,,,,,,,,,,,,,,,,,,,,,,,,,,,,,,,,,,,,,,,,,,,,,,,,,218.2,218.2,218.2,218.2,218.2,218.2,218.2,218.2,218.2,218.2,218.2,218.2,218.2,218.2,218.2,218.2,218.2,218.2,218.2,218.2,218.2,218.2,218.2,218.2,218.2,218.2,218.2,218.2,218.2,218.2,218.2,218.2,218.2,218.2,218.2,218.2,218.2,218.2,218.2,218.2,218.2,218.2,218.2,218.2,218.2,218.2,218.2,218.2,218.2,218.2,218.2,218.2,218.2,218.2,218.2,218.2,218.2,218.2,218.2,218.2,218.2,218.2,218.2,218.2,218.2,218.2,218.2,218.2,218.2,218.2,218.2,218.2,218.2,218.2,218.2,218.2
2020-05-01,,,,,,,,,,,,,,,,,,,,,,,,,,,,,,,,,,,,,,,,,,,,,,,,,,,,,,,,,,,,,,,,,,,,,,,,,,,,,,,,,,,,,,,,,,,,,,,,,,,,,,,,,,,,,,,,,,,,,,,,,,,,214.8,214.8,214.8,214.8,214.8,214.8,214.8,214.8,214.8,214.8,214.8,214.8,214.8,214.8,214.8,214.8,214.8,214.8,214.8,214.8,214.8,214.8,214.8,214.8,214.8,214.8,214.8,214.8,214.8,214.8,214.8,214.8,214.8,214.8,214.8,214.8,214.8,214.8,214.8,214.8,214.8,214.8,214.8,214.8,214.8,214.8,214.8,214.8,214.8,214.8,214.8,214.8,214.8,214.8,214.8,214.8,214.8,214.8,214.8,214.8,214.8,214.8,214.8,214.8,214.8,214.8,214.8,214.8,214.8,214.8,214.8,214.8,214.8,214.8,214.8
2020-06-01,,,,,,,,,,,,,,,,,,,,,,,,,,,,,,,,,,,,,,,,,,,,,,,,,,,,,,,,,,,,,,,,,,,,,,,,,,,,,,,,,,,,,,,,,,,,,,,,,,,,,,,,,,,,,,,,,,,,,,,,,,,,,215.4,215.4,215.4,215.4,215.4,215.4,215.4,215.4,215.4,215.4,215.4,215.4,215.4,215.4,215.4,215.4,215.4,215.4,215.4,215.4,215.4,215.4,215.4,215.4,215.4,215.4,215.4,215.4,215.4,215.4,215.4,215.4,215.4,215.4,215.4,215.4,215.4,215.4,215.4,215.4,215.4,215.4,215.4,215.4,215.4,215.4,215.4,215.4,215.4,215.4,215.4,215.4,215.4,215.4,215.4,215.4,215.4,215.4,215.4,215.4,215.4,215.4,215.4,215.4,215.4,215.4,215.4,215.4,215.4,215.4,215.4,215.4,215.4,215.4
2020-07-01,,,,,,,,,,,,,,,,,,,,,,,,,,,,,,,,,,,,,,,,,,,,,,,,,,,,,,,,,,,,,,,,,,,,,,,,,,,,,,,,,,,,,,,,,,,,,,,,,,,,,,,,,,,,,,,,,,,,,,,,,,,,,,220.6,220.6,220.6,220.6,220.6,220.6,220.6,220.6,220.6,220.6,220.6,220.6,220.6,220.6,220.6,220.6,220.6,220.6,220.6,220.6,220.6,220.6,220.6,220.6,220.6,220.6,220.6,220.6,220.6,220.6,220.6,220.6,220.6,220.6,220.6,220.6,220.6,220.6,220.6,220.6,220.6,220.6,220.6,220.6,220.6,220.6,220.6,220.6,220.6,220.6,220.6,220.6,220.6,220.6,220.6,220.6,220.6,220.6,220.6,220.6,220.6,220.6,220.6,220.6,220.6,220.6,220.6,220.6,220.6,220.6,220.6,220.6,220.6
2020-08-01,,,,,,,,,,,,,,,,,,,,,,,,,,,,,,,,,,,,,,,,,,,,,,,,,,,,,,,,,,,,,,,,,,,,,,,,,,,,,,,,,,,,,,,,,,,,,,,,,,,,,,,,,,,,,,,,,,,,,,,,,,,,,,,224.2,224.2,224.2,224.2,224.2,224.2,224.2,224.2,224.2,224.2,224.2,224.2,224.2,224.2,224.2,224.2,224.2,224.2,224.2,224.2,224.2,224.2,224.2,224.2,224.2,224.2,224.2,224.2,224.2,224.2,224.2,224.2,224.2,224.2,224.2,224.2,224.2,224.2,224.2,224.2,224.2,224.2,224.2,224.2,224.2,224.2,224.2,224.2,224.2,224.2,224.2,224.2,224.2,224.2,224.2,224.2,224.2,224.2,224.2,224.2,224.2,224.2,224.2,224.2,224.2,224.2,224.2,224.2,224.2,224.2,224.2,224.2
2020-09-01,,,,,,,,,,,,,,,,,,,,,,,,,,,,,,,,,,,,,,,,,,,,,,,,,,,,,,,,,,,,,,,,,,,,,,,,,,,,,,,,,,,,,,,,,,,,,,,,,,,,,,,,,,,,,,,,,,,,,,,,,,,,,,,,230.8,216.2,216.2,216.2,216.2,216.2,216.2,216.2,216.2,216.2,216.2,216.2,216.2,216.2,216.2,216.2,216.2,216.2,216.2,216.2,216.2,216.2,216.2,216.2,216.2,216.2,216.2,216.2,216.2,216.2,216.2,216.2,216.2,216.2,216.2,216.2,216.2,216.2,216.2,216.2,216.2,216.2,216.2,216.2,216.2,216.2,216.2,216.2,216.2,216.2,216.2,216.2,216.2,216.2,216.2,216.2,216.2,216.2,216.2,216.2,216.2,216.2,216.2,216.2,216.2,216.2,216.2,216.2,216.2,216.2,216.2
2020-10-01,,,,,,,,,,,,,,,,,,,,,,,,,,,,,,,,,,,,,,,,,,,,,,,,,,,,,,,,,,,,,,,,,,,,,,,,,,,,,,,,,,,,,,,,,,,,,,,,,,,,,,,,,,,,,,,,,,,,,,,,,,,,,,,,,239.7,239.7,239.7,239.7,239.7,239.7,239.7,239.7,239.7,239.7,239.7,239.7,239.7,239.7,239.7,239.7,239.7,239.7,239.7,239.7,239.7,239.7,239.7,239.7,239.7,239.7,239.7,239.7,239.7,239.7,239.7,239.7,239.7,239.7,239.7,239.7,239.7,239.7,239.7,239.7,239.7,239.7,239.7,239.7,239.7,239.7,239.7,239.7,239.7,239.7,239.7,239.7,239.7,239.7,239.7,239.7,239.7,239.7,239.7,239.7,239.7,239.7,239.7,239.7,239.7,239.7,239.7,239.7,239.7,239.7
2020-11-01,,,,,,,,,,,,,,,,,,,,,,,,,,,,,,,,,,,,,,,,,,,,,,,,,,,,,,,,,,,,,,,,,,,,,,,,,,,,,,,,,,,,,,,,,,,,,,,,,,,,,,,,,,,,,,,,,,,,,,,,,,,,,,,,,,240.9,240.9,240.9,240.9,240.9,240.9,240.9,240.9,240.9,240.9,240.9,240.9,240.9,240.9,240.9,240.9,240.9,240.9,240.9,240.9,240.9,240.9,240.9,240.9,240.9,240.9,240.9,240.9,240.9,240.9,240.9,240.9,240.9,240.9,240.9,240.9,240.9,240.9,240.9,240.9,240.9,240.9,240.9,240.9,240.9,240.9,240.9,240.9,240.9,240.9,240.9,240.9,240.9,240.9,240.9,240.9,240.9,240.9,240.9,240.9,240.9,240.9,240.9,240.9,240.9,240.9,240.9,240.9,240.9
2020-12-01,,,,,,,,,,,,,,,,,,,,,,,,,,,,,,,,,,,,,,,,,,,,,,,,,,,,,,,,,,,,,,,,,,,,,,,,,,,,,,,,,,,,,,,,,,,,,,,,,,,,,,,,,,,,,,,,,,,,,,,,,,,,,,,,,,,242.1,242.1,242.1,242.1,242.1,242.1,242.1,242.1,242.1,242.1,242.1,242.1,242.1,242.1,242.1,242.1,242.1,242.1,242.1,242.1,242.1,242.1,242.1,242.1,242.1,242.1,242.1,242.1,242.1,242.1,242.1,242.1,242.1,242.1,242.1,242.1,242.1,242.1,242.1,242.1,242.1,242.1,242.1,242.1,242.1,242.1,242.1,242.1,242.1,242.1,242.1,242.1,242.1,242.1,242.1,242.1,242.1,242.1,242.1,242.1,242.1,242.1,242.1,242.1,242.1,242.1,242.1,242.1
2021-01-01,,,,,,,,,,,,,,,,,,,,,,,,,,,,,,,,,,,,,,,,,,,,,,,,,,,,,,,,,,,,,,,,,,,,,,,,,,,,,,,,,,,,,,,,,,,,,,,,,,,,,,,,,,,,,,,,,,,,,,,,,,,,,,,,,,,,248.0,248.0,248.0,248.0,248.0,248.0,248.0,248.0,248.0,248.0,248.0,248.0,248.0,248.0,248.0,248.0,248.0,248.0,248.0,248.0,248.0,248.0,248.0,248.0,248.0,248.0,248.0,248.0,248.0,248.0,248.0,248.0,248.0,248.0,248.0,248.0,248.0,248.0,248.0,248.0,248.0,248.0,248.0,248.0,248.0,248.0,248.0,248.0,248.0,248.0,248.0,248.0,248.0,248.0,248.0,248.0,248.0,248.0,248.0,248.0,248.0,248.0,248.0,248.0,248.0,248.0,248.0
2021-02-01,,,,,,,,,,,,,,,,,,,,,,,,,,,,,,,,,,,,,,,,,,,,,,,,,,,,,,,,,,,,,,,,,,,,,,,,,,,,,,,,,,,,,,,,,,,,,,,,,,,,,,,,,,,,,,,,,,,,,,,,,,,,,,,,,,,,,248.0,248.0,248.0,253.1,253.1,253.1,253.1,253.1,253.1,253.1,253.1,253.1,253.1,253.1,253.1,253.1,253.1,253.1,253.1,253.1,253.1,253.1,253.1,253.1,253.1,253.1,253.1,253.1,253.1,253.1,253.1,253.1,253.1,253.1,253.1,253.1,253.1,253.1,253.1,253.1,253.1,253.1,253.1,253.1,253.1,253.1,253.1,253.1,253.1,253.1,253.1,253.1,253.1,253.1,253.1,253.1,253.1,253.1,253.1,253.1,253.1,253.1,253.1,253.1,253.1,253.1
2021-03-01,,,,,,,,,,,,,,,,,,,,,,,,,,,,,,,,,,,,,,,,,,,,,,,,,,,,,,,,,,,,,,,,,,,,,,,,,,,,,,,,,,,,,,,,,,,,,,,,,,,,,,,,,,,,,,,,,,,,,,,,,,,,,,,,,,,,,,246.4,246.4,249.1,248.9,248.9,248.9,248.9,248.9,248.9,248.9,248.9,248.9,248.9,248.9,248.9,248.9,248.9,248.9,248.9,248.9,248.9,248.9,248.9,248.9,248.9,248.9,248.9,248.9,248.9,248.9,248.9,248.9,248.9,248.9,248.9,248.9,248.9,248.9,248.9,248.9,248.9,248.9,248.9,248.9,248.9,248.9,248.9,248.9,248.9,248.9,248.9,248.9,248.9,248.9,248.9,248.9,248.9,248.9,248.9,248.9,248.9,248.9,248.9,248.9,248.9
2021-04-01,,,,,,,,,,,,,,,,,,,,,,,,,,,,,,,,,,,,,,,,,,,,,,,,,,,,,,,,,,,,,,,,,,,,,,,,,,,,,,,,,,,,,,,,,,,,,,,,,,,,,,,,,,,,,,,,,,,,,,,,,,,,,,,,,,,,,,,248.8,248.2,248.5,248.4,248.4,248.4,248.4,248.4,248.4,248.4,248.4,248.4,248.4,248.4,248.4,248.4,248.4,248.4,248.4,248.4,248.4,248.4,248.4,248.4,248.4,248.4,248.4,248.4,248.4,248.4,248.4,248.4,248.4,248.4,248.4,248.4,248.4,248.4,248.4,248.4,248.4,248.4,248.4,248.4,248.4,248.4,248.4,248.4,248.4,248.4,248.4,248.4,248.4,248.4,248.4,248.4,248.4,248.4,248.4,248.4,248.4,248.4,248.4,248.4
2021-05-01,,,,,,,,,,,,,,,,,,,,,,,,,,,,,,,,,,,,,,,,,,,,,,,,,,,,,,,,,,,,,,,,,,,,,,,,,,,,,,,,,,,,,,,,,,,,,,,,,,,,,,,,,,,,,,,,,,,,,,,,,,,,,,,,,,,,,,,,249.4,249.5,249.5,249.5,249.5,249.5,249.5,249.5,249.5,249.5,249.5,249.5,249.5,249.5,249.5,249.5,249.5,249.5,249.5,249.5,249.5,249.5,249.5,249.5,249.5,249.5,249.5,249.5,249.5,249.5,249.5,249.5,249.5,249.5,249.5,249.5,249.5,249.5,249.5,249.5,249.5,249.5,249.5,249.5,249.5,249.5,249.5,249.5,249.5,249.5,249.5,249.5,249.5,249.5,249.5,249.5,249.5,249.5,249.5,249.5,249.5,249.5,249.5
2021-06-01,,,,,,,,,,,,,,,,,,,,,,,,,,,,,,,,,,,,,,,,,,,,,,,,,,,,,,,,,,,,,,,,,,,,,,,,,,,,,,,,,,,,,,,,,,,,,,,,,,,,,,,,,,,,,,,,,,,,,,,,,,,,,,,,,,,,,,,,,253.2,253.2,253.2,253.2,253.2,253.2,253.2,253.2,253.2,253.2,253.2,253.2,253.2,253.2,253.2,253.2,253.2,253.2,253.2,253.2,253.2,253.2,253.2,253.2,253.2,253.2,253.2,253.2,253.2,253.2,253.2,253.2,253.2,253.2,253.2,253.2,253.2,253.2,253.2,253.2,253.2,253.2,253.2,253.2,253.2,253.2,253.2,253.2,253.2,253.2,253.2,253.2,253.2,253.2,253.2,253.2,253.2,253.2,253.2,253.2,253.2,253.2
2021-07-01,,,,,,,,,,,,,,,,,,,,,,,,,,,,,,,,,,,,,,,,,,,,,,,,,,,,,,,,,,,,,,,,,,,,,,,,,,,,,,,,,,,,,,,,,,,,,,,,,,,,,,,,,,,,,,,,,,,,,,,,,,,,,,,,,,,,,,,,,,251.5,251.7,251.7,251.7,251.7,251.7,251.7,251.7,251.7,251.7,251.7,251.7,251.7,251.7,251.7,251.7,251.7,251.7,251.7,251.7,251.7,251.7,251.7,251.7,251.7,251.7,251.7,251.7,251.7,251.7,251.7,251.7,251.7,251.7,251.7,251.7,251.7,251.7,251.7,251.7,251.7,251.7,251.7,251.7,251.7,251.7,251.7,251.7,251.7,251.7,251.7,251.7,251.7,251.7,251.7,251.7,251.7,251.7,251.7,251.7,251.7
2021-08-01,,,,,,,,,,,,,,,,,,,,,,,,,,,,,,,,,,,,,,,,,,,,,,,,,,,,,,,,,,,,,,,,,,,,,,,,,,,,,,,,,,,,,,,,,,,,,,,,,,,,,,,,,,,,,,,,,,,,,,,,,,,,,,,,,,,,,,,,,,,248.5,248.5,248.5,248.5,248.5,248.5,248.5,248.5,248.5,248.5,248.5,248.5,248.5,248.5,248.5,248.5,248.5,248.5,248.5,248.5,248.5,248.5,248.5,248.5,248.5,248.5,248.5,248.5,248.5,248.5,248.5,248.5,248.5,248.5,248.5,248.5,248.5,248.5,248.5,248.5,248.5,248.5,248.5,248.5,248.5,248.5,248.5,248.5,248.5,248.5,248.5,248.5,248.5,248.5,248.5,248.5,248.5,248.5,248.5,248.5
2021-09-01,,,,,,,,,,,,,,,,,,,,,,,,,,,,,,,,,,,,,,,,,,,,,,,,,,,,,,,,,,,,,,,,,,,,,,,,,,,,,,,,,,,,,,,,,,,,,,,,,,,,,,,,,,,,,,,,,,,,,,,,,,,,,,,,,,,,,,,,,,,,248.5,251.6,251.6,249.8,249.8,249.8,249.8,249.8,249.8,249.8,249.8,249.8,249.8,249.8,249.8,249.8,249.8,249.8,249.8,249.8,249.8,249.8,249.8,249.8,249.8,249.8,249.8,249.8,249.8,249.8,249.8,249.8,249.8,249.8,249.8,249.8,249.8,249.8,249.8,249.8,249.8,249.8,249.8,249.8,249.8,249.8,249.8,249.8,249.8,249.8,249.8,249.8,249.8,249.8,249.8,249.8,249.8,249.8,249.8
2021-10-01,,,,,,,,,,,,,,,,,,,,,,,,,,,,,,,,,,,,,,,,,,,,,,,,,,,,,,,,,,,,,,,,,,,,,,,,,,,,,,,,,,,,,,,,,,,,,,,,,,,,,,,,,,,,,,,,,,,,,,,,,,,,,,,,,,,,,,,,,,,,,255.8,255.8,256.8,256.8,256.8,256.8,256.8,256.8,256.8,256.8,256.8,256.8,256.8,256.8,256.8,256.8,256.8,256.8,256.8,256.8,256.8,256.8,256.8,256.8,256.8,256.8,256.8,256.8,256.8,256.8,256.8,256.8,256.8,256.8,256.8,256.8,256.8,256.8,256.8,256.8,256.8,256.8,256.8,256.8,256.8,256.8,256.8,256.8,256.8,256.8,256.8,256.8,256.8,256.8,256.8,256.8,256.8,256.8
2021-11-01,,,,,,,,,,,,,,,,,,,,,,,,,,,,,,,,,,,,,,,,,,,,,,,,,,,,,,,,,,,,,,,,,,,,,,,,,,,,,,,,,,,,,,,,,,,,,,,,,,,,,,,,,,,,,,,,,,,,,,,,,,,,,,,,,,,,,,,,,,,,,,300.9,302.1,300.7,300.4,300.4,300.4,300.4,300.4,300.4,300.4,300.4,300.4,300.4,300.4,300.4,300.4,300.4,300.4,300.4,300.4,300.4,300.4,300.4,300.4,300.4,300.4,300.4,300.4,300.4,300.4,300.4,300.4,300.4,300.4,300.4,300.4,300.4,300.4,300.4,300.4,300.4,300.4,300.4,300.4,300.4,300.4,300.4,300.4,300.4,300.4,300.4,300.4,300.4,300.4,300.4,300.4,300.4
2021-12-01,,,,,,,,,,,,,,,,,,,,,,,,,,,,,,,,,,,,,,,,,,,,,,,,,,,,,,,,,,,,,,,,,,,,,,,,,,,,,,,,,,,,,,,,,,,,,,,,,,,,,,,,,,,,,,,,,,,,,,,,,,,,,,,,,,,,,,,,,,,,,,,301.9,300.3,316.6,316.5,316.5,316.5,316.5,316.5,316.5,316.5,316.5,316.5,316.5,316.5,316.5,316.5,316.5,316.5,316.5,316.5,316.5,316.5,316.5,316.5,316.5,316.5,316.5,316.5,316.5,316.5,316.5,316.5,316.5,316.5,316.5,316.5,316.5,316.5,316.5,316.5,316.5,316.5,316.5,316.5,316.5,316.5,316.5,316.5,316.5,316.5,316.5,316.5,316.5,316.5,316.5,316.5
2022-01-01,,,,,,,,,,,,,,,,,,,,,,,,,,,,,,,,,,,,,,,,,,,,,,,,,,,,,,,,,,,,,,,,,,,,,,,,,,,,,,,,,,,,,,,,,,,,,,,,,,,,,,,,,,,,,,,,,,,,,,,,,,,,,,,,,,,,,,,,,,,,,,,,301.9,290.6,290.6,290.6,290.6,290.6,290.6,290.6,290.6,290.6,290.6,290.6,290.6,290.6,290.6,290.6,290.6,290.6,290.6,290.6,290.6,290.6,290.6,290.6,290.6,290.6,290.6,290.6,290.6,290.6,290.6,290.6,290.6,290.6,290.6,290.6,290.6,290.6,290.6,290.6,290.6,290.6,290.6,290.6,290.6,290.6,290.6,290.6,290.6,290.6,290.6,290.6,290.6,290.6,290.6
2022-02-01,,,,,,,,,,,,,,,,,,,,,,,,,,,,,,,,,,,,,,,,,,,,,,,,,,,,,,,,,,,,,,,,,,,,,,,,,,,,,,,,,,,,,,,,,,,,,,,,,,,,,,,,,,,,,,,,,,,,,,,,,,,,,,,,,,,,,,,,,,,,,,,,,293.1,293.1,294.1,294.0,294.0,294.0,294.0,294.0,294.0,294.0,294.0,294.0,294.0,294.0,294.0,294.0,294.0,294.0,294.0,294.0,294.0,294.0,294.0,294.0,294.0,294.0,294.0,294.0,294.0,294.0,294.0,294.0,294.0,294.0,294.0,294.0,294.0,294.0,294.0,294.0,294.0,294.0,294.0,294.0,294.0,294.0,294.0,294.0,294.0,294.0,294.0,294.0,294.0,294.0
2022-03-01,,,,,,,,,,,,,,,,,,,,,,,,,,,,,,,,,,,,,,,,,,,,,,,,,,,,,,,,,,,,,,,,,,,,,,,,,,,,,,,,,,,,,,,,,,,,,,,,,,,,,,,,,,,,,,,,,,,,,,,,,,,,,,,,,,,,,,,,,,,,,,,,,,296.2,304.4,304.4,304.4,304.4,304.4,304.4,304.4,304.4,304.4,304.4,304.4,304.4,304.4,304.4,304.4,304.4,304.4,304.4,304.4,304.4,304.4,304.4,304.4,304.4,304.4,304.4,304.4,304.4,304.4,304.4,304.4,304.4,304.4,304.4,304.4,304.4,304.4,304.4,304.4,304.4,304.4,304.4,304.4,304.4,304.4,304.4,304.4,304.4,304.4,304.4,304.4,304.4
2022-04-01,,,,,,,,,,,,,,,,,,,,,,,,,,,,,,,,,,,,,,,,,,,,,,,,,,,,,,,,,,,,,,,,,,,,,,,,,,,,,,,,,,,,,,,,,,,,,,,,,,,,,,,,,,,,,,,,,,,,,,,,,,,,,,,,,,,,,,,,,,,,,,,,,,,321.6,321.9,321.9,346.1,346.1,346.1,346.1,346.1,346.1,346.1,346.1,346.1,346.1,346.1,346.1,346.1,346.1,346.1,346.1,346.1,346.1,346.1,346.1,346.1,346.1,346.1,346.1,346.1,346.1,346.1,346.1,346.1,346.1,346.1,346.1,346.1,346.1,346.1,346.1,346.1,346.1,346.1,346.1,346.1,346.1,346.1,346.1,346.1,346.1,346.1,346.1,346.1
2022-05-01,,,,,,,,,,,,,,,,,,,,,,,,,,,,,,,,,,,,,,,,,,,,,,,,,,,,,,,,,,,,,,,,,,,,,,,,,,,,,,,,,,,,,,,,,,,,,,,,,,,,,,,,,,,,,,,,,,,,,,,,,,,,,,,,,,,,,,,,,,,,,,,,,,,,321.0,324.1,351.4,351.3,351.3,351.3,351.3,351.3,351.3,351.3,351.3,351.3,351.3,351.3,351.3,351.3,351.3,351.3,351.3,351.3,351.3,351.3,351.3,351.3,351.3,351.3,351.3,351.3,351.3,351.3,351.3,351.3,351.3,351.3,351.3,351.3,351.3,351.3,351.3,351.3,351.3,351.3,351.3,351.3,351.3,351.3,351.3,351.3,351.3,351.3,351.3
2022-06-01,,,,,,,,,,,,,,,,,,,,,,,,,,,,,,,,,,,,,,,,,,,,,,,,,,,,,,,,,,,,,,,,,,,,,,,,,,,,,,,,,,,,,,,,,,,,,,,,,,,,,,,,,,,,,,,,,,,,,,,,,,,,,,,,,,,,,,,,,,,,,,,,,,,,,299.7,308.9,308.9,308.9,308.9,308.9,308.9,308.9,308.9,308.9,308.9,308.9,308.9,308.9,308.9,308.9,308.9,308.9,308.9,308.9,308.9,308.9,308.9,308.9,308.9,308.9,308.9,308.9,308.9,308.9,308.9,308.9,308.9,308.9,308.9,308.9,308.9,308.9,308.9,308.9,308.9,308.9,308.9,308.9,308.9,308.9,308.9,308.9,308.9,308.9
2022-07-01,,,,,,,,,,,,,,,,,,,,,,,,,,,,,,,,,,,,,,,,,,,,,,,,,,,,,,,,,,,,,,,,,,,,,,,,,,,,,,,,,,,,,,,,,,,,,,,,,,,,,,,,,,,,,,,,,,,,,,,,,,,,,,,,,,,,,,,,,,,,,,,,,,,,,,305.5,267.4,267.4,267.4,267.4,267.4,267.4,267.4,267.4,267.4,267.4,267.4,267.4,267.4,267.4,267.4,267.4,267.4,267.4,267.4,267.4,267.4,267.4,267.4,267.4,267.4,267.4,267.4,267.4,267.4,267.4,267.4,267.4,267.4,267.4,267.4,267.4,267.4,267.4,267.4,267.4,267.4,267.4,267.4,267.4,267.4,267.4,267.4,267.4
2022-08-01,,,,,,,,,,,,,,,,,,,,,,,,,,,,,,,,,,,,,,,,,,,,,,,,,,,,,,,,,,,,,,,,,,,,,,,,,,,,,,,,,,,,,,,,,,,,,,,,,,,,,,,,,,,,,,,,,,,,,,,,,,,,,,,,,,,,,,,,,,,,,,,,,,,,,,,266.9,265.7,265.7,265.7,265.7,265.7,265.7,265.7,265.7,265.7,265.7,265.7,265.7,265.7,265.7,265.7,265.7,265.7,265.7,265.7,265.7,265.7,265.7,265.7,265.7,265.7,265.7,265.7,265.7,265.7,265.7,265.7,265.7,265.7,265.7,265.7,265.7,265.7,265.7,265.7,265.7,265.7,265.7,265.7,265.7,265.7,265.7,265.7
2022-09-01,,,,,,,,,,,,,,,,,,,,,,,,,,,,,,,,,,,,,,,,,,,,,,,,,,,,,,,,,,,,,,,,,,,,,,,,,,,,,,,,,,,,,,,,,,,,,,,,,,,,,,,,,,,,,,,,,,,,,,,,,,,,,,,,,,,,,,,,,,,,,,,,,,,,,,,,271.6,265.4,265.4,265.4,265.4,265.4,265.4,265.4,265.4,265.4,265.4,265.4,265.4,265.4,265.4,265.4,265.4,265.4,265.4,265.4,265.4,265.4,265.4,265.4,265.4,265.4,265.4,265.4,265.4,265.4,265.4,265.4,265.4,265.4,265.4,265.4,265.4,265.4,265.4,265.4,265.4,265.4,265.4,265.4,265.4,265.4,265.4
2022-10-01,,,,,,,,,,,,,,,,,,,,,,,,,,,,,,,,,,,,,,,,,,,,,,,,,,,,,,,,,,,,,,,,,,,,,,,,,,,,,,,,,,,,,,,,,,,,,,,,,,,,,,,,,,,,,,,,,,,,,,,,,,,,,,,,,,,,,,,,,,,,,,,,,,,,,,,,,253.4,247.6,247.6,247.6,247.6,247.6,247.6,247.6,247.6,247.6,247.6,247.6,247.6,247.6,247.6,247.6,247.6,247.6,247.6,247.6,247.6,247.6,247.6,247.6,247.6,247.6,247.6,247.6,247.6,247.6,247.6,247.6,247.6,247.6,247.6,247.6,247.6,247.6,247.6,247.6,247.6,247.6,247.6,247.6,247.6,247.6
2022-11-01,,,,,,,,,,,,,,,,,,,,,,,,,,,,,,,,,,,,,,,,,,,,,,,,,,,,,,,,,,,,,,,,,,,,,,,,,,,,,,,,,,,,,,,,,,,,,,,,,,,,,,,,,,,,,,,,,,,,,,,,,,,,,,,,,,,,,,,,,,,,,,,,,,,,,,,,,,242.6,242.8,242.8,256.2,256.2,256.2,256.2,256.2,256.2,256.2,256.2,256.2,256.2,256.2,256.2,256.2,256.2,256.2,256.2,256.2,256.2,256.2,256.2,256.2,256.2,256.2,256.2,256.2,256.2,256.2,256.2,256.2,256.2,256.2,256.2,256.2,256.2,256.2,256.2,256.2,256.2,256.2,256.2,256.2,256.2
2022-12-01,,,,,,,,,,,,,,,,,,,,,,,,,,,,,,,,,,,,,,,,,,,,,,,,,,,,,,,,,,,,,,,,,,,,,,,,,,,,,,,,,,,,,,,,,,,,,,,,,,,,,,,,,,,,,,,,,,,,,,,,,,,,,,,,,,,,,,,,,,,,,,,,,,,,,,,,,,,259.5,254.9,263.8,263.8,263.8,263.8,263.8,263.8,263.8,263.8,263.8,263.8,263.8,263.8,263.8,263.8,263.8,263.8,263.8,263.8,263.8,263.8,263.8,263.8,263.8,263.8,263.8,263.8,263.8,263.8,263.8,263.8,263.8,263.8,263.8,263.8,263.8,263.8,263.8,263.8,263.8,263.8,263.8,263.8
2023-01-01,,,,,,,,,,,,,,,,,,,,,,,,,,,,,,,,,,,,,,,,,,,,,,,,,,,,,,,,,,,,,,,,,,,,,,,,,,,,,,,,,,,,,,,,,,,,,,,,,,,,,,,,,,,,,,,,,,,,,,,,,,,,,,,,,,,,,,,,,,,,,,,,,,,,,,,,,,,,263.0,272.5,272.7,272.7,272.7,272.7,272.7,272.7,272.7,272.7,272.7,272.7,272.7,272.7,272.7,272.7,272.7,272.7,272.7,272.7,272.7,272.7,272.7,272.7,272.7,272.7,272.7,272.7,272.7,272.7,272.7,272.7,272.7,272.7,272.7,272.7,272.7,272.7,272.7,272.7,272.7,272.7,272.7
2023-02-01,,,,,,,,,,,,,,,,,,,,,,,,,,,,,,,,,,,,,,,,,,,,,,,,,,,,,,,,,,,,,,,,,,,,,,,,,,,,,,,,,,,,,,,,,,,,,,,,,,,,,,,,,,,,,,,,,,,,,,,,,,,,,,,,,,,,,,,,,,,,,,,,,,,,,,,,,,,,,270.8,271.5,271.0,271.0,271.0,271.0,271.0,271.0,271.0,271.0,271.0,271.0,271.0,271.0,271.0,271.0,271.0,271.0,271.0,271.0,271.0,271.0,271.0,271.0,271.0,271.0,271.0,271.0,271.0,271.0,271.0,271.0,271.0,271.0,271.0,271.0,271.0,271.0,271.0,271.0,271.0,271.0
2023-03-01,,,,,,,,,,,,,,,,,,,,,,,,,,,,,,,,,,,,,,,,,,,,,,,,,,,,,,,,,,,,,,,,,,,,,,,,,,,,,,,,,,,,,,,,,,,,,,,,,,,,,,,,,,,,,,,,,,,,,,,,,,,,,,,,,,,,,,,,,,,,,,,,,,,,,,,,,,,,,,258.4,257.4,257.4,257.4,257.4,257.4,257.4,257.4,257.4,257.4,257.4,257.4,257.4,257.4,257.4,257.4,257.4,257.4,257.4,257.4,257.4,257.4,257.4,257.4,257.4,257.4,257.4,257.4,257.4,257.4,257.4,257.4,257.4,257.4,257.4,257.4,257.4,257.4,257.4,257.4,257.4
2023-04-01,,,,,,,,,,,,,,,,,,,,,,,,,,,,,,,,,,,,,,,,,,,,,,,,,,,,,,,,,,,,,,,,,,,,,,,,,,,,,,,,,,,,,,,,,,,,,,,,,,,,,,,,,,,,,,,,,,,,,,,,,,,,,,,,,,,,,,,,,,,,,,,,,,,,,,,,,,,,,,,219.5,219.9,219.9,219.9,219.9,219.9,219.9,219.9,219.9,219.9,219.9,219.9,219.9,219.9,219.9,219.9,219.9,219.9,219.9,219.9,219.9,219.9,219.9,219.9,219.9,219.9,219.9,219.9,219.9,219.9,219.9,219.9,219.9,219.9,219.9,219.9,219.9,219.9,219.9,219.9
2023-05-01,,,,,,,,,,,,,,,,,,,,,,,,,,,,,,,,,,,,,,,,,,,,,,,,,,,,,,,,,,,,,,,,,,,,,,,,,,,,,,,,,,,,,,,,,,,,,,,,,,,,,,,,,,,,,,,,,,,,,,,,,,,,,,,,,,,,,,,,,,,,,,,,,,,,,,,,,,,,,,,,225.3,224.1,214.0,214.0,214.0,214.0,214.0,214.0,214.0,214.0,214.0,214.0,214.0,214.0,214.0,214.0,214.0,214.0,214.0,214.0,214.0,214.0,214.0,214.0,214.0,214.0,214.0,214.0,214.0,214.0,214.0,214.0,214.0,214.0,214.0,214.0,214.0,214.0,214.0
2023-06-01,,,,,,,,,,,,,,,,,,,,,,,,,,,,,,,,,,,,,,,,,,,,,,,,,,,,,,,,,,,,,,,,,,,,,,,,,,,,,,,,,,,,,,,,,,,,,,,,,,,,,,,,,,,,,,,,,,,,,,,,,,,,,,,,,,,,,,,,,,,,,,,,,,,,,,,,,,,,,,,,,226.7,217.3,217.3,217.3,217.3,217.3,217.3,217.3,217.3,217.3,217.3,217.3,217.3,217.3,217.3,217.3,217.3,217.3,217.3,217.3,217.3,217.3,217.3,217.3,217.3,217.3,217.3,217.3,217.3,217.3,217.3,217.3,217.3,217.3,217.3,217.3,217.3,217.3
2023-07-01,,,,,,,,,,,,,,,,,,,,,,,,,,,,,,,,,,,,,,,,,,,,,,,,,,,,,,,,,,,,,,,,,,,,,,,,,,,,,,,,,,,,,,,,,,,,,,,,,,,,,,,,,,,,,,,,,,,,,,,,,,,,,,,,,,,,,,,,,,,,,,,,,,,,,,,,,,,,,,,,,,187.8,187.3,187.3,193.4,193.4,193.4,193.4,193.4,193.4,193.4,193.4,193.4,193.4,193.4,193.4,193.4,193.4,193.4,193.4,193.4,193.4,193.4,193.4,193.4,193.4,193.4,193.4,193.4,193.4,193.4,193.4,193.4,193.4,193.4,193.4,193.4,193.4
2023-08-01,,,,,,,,,,,,,,,,,,,,,,,,,,,,,,,,,,,,,,,,,,,,,,,,,,,,,,,,,,,,,,,,,,,,,,,,,,,,,,,,,,,,,,,,,,,,,,,,,,,,,,,,,,,,,,,,,,,,,,,,,,,,,,,,,,,,,,,,,,,,,,,,,,,,,,,,,,,,,,,,,,,193.7,194.8,201.3,201.3,201.3,201.3,201.3,201.3,201.3,201.3,201.3,201.3,201.3,201.3,201.3,201.3,201.3,201.3,201.3,201.3,201.3,201.3,201.3,201.3,201.3,201.3,201.3,201.3,201.3,201.3,201.3,201.3,201.3,201.3,201.3,201.3
2023-09-01,,,,,,,,,,,,,,,,,,,,,,,,,,,,,,,,,,,,,,,,,,,,,,,,,,,,,,,,,,,,,,,,,,,,,,,,,,,,,,,,,,,,,,,,,,,,,,,,,,,,,,,,,,,,,,,,,,,,,,,,,,,,,,,,,,,,,,,,,,,,,,,,,,,,,,,,,,,,,,,,,,,,181.0,185.7,185.7,185.7,185.7,185.7,185.7,185.7,185.7,185.7,185.7,185.7,185.7,185.7,185.7,185.7,185.7,185.7,185.7,185.7,185.7,185.7,185.7,185.7,185.7,185.7,185.7,185.7,185.7,185.7,185.7,185.7,185.7,185.7,185.7
2023-10-01,,,,,,,,,,,,,,,,,,,,,,,,,,,,,,,,,,,,,,,,,,,,,,,,,,,,,,,,,,,,,,,,,,,,,,,,,,,,,,,,,,,,,,,,,,,,,,,,,,,,,,,,,,,,,,,,,,,,,,,,,,,,,,,,,,,,,,,,,,,,,,,,,,,,,,,,,,,,,,,,,,,,,186.0,185.1,185.1,185.1,185.1,185.1,185.1,185.1,185.1,185.1,185.1,185.1,185.1,185.1,185.1,185.1,185.1,185.1,185.1,185.1,185.1,185.1,185.1,185.1,185.1,185.1,185.1,185.1,185.1,185.1,185.1,185.1,185.1,185.1
2023-11-01,,,,,,,,,,,,,,,,,,,,,,,,,,,,,,,,,,,,,,,,,,,,,,,,,,,,,,,,,,,,,,,,,,,,,,,,,,,,,,,,,,,,,,,,,,,,,,,,,,,,,,,,,,,,,,,,,,,,,,,,,,,,,,,,,,,,,,,,,,,,,,,,,,,,,,,,,,,,,,,,,,,,,,178.7,178.9,178.9,178.9,178.9,178.9,178.9,178.9,178.9,178.9,178.9,178.9,178.9,178.9,178.9,178.9,178.9,178.9,178.9,178.9,178.9,178.9,178.9,178.9,178.9,178.9,178.9,178.9,178.9,178.9,178.9,178.9,178.9
2023-12-01,,,,,,,,,,,,,,,,,,,,,,,,,,,,,,,,,,,,,,,,,,,,,,,,,,,,,,,,,,,,,,,,,,,,,,,,,,,,,,,,,,,,,,,,,,,,,,,,,,,,,,,,,,,,,,,,,,,,,,,,,,,,,,,,,,,,,,,,,,,,,,,,,,,,,,,,,,,,,,,,,,,,,,,183.1,182.7,182.7,182.7,182.7,182.7,182.7,182.7,182.7,182.7,182.7,182.7,182.7,182.7,182.7,182.7,182.7,182.7,182.7,182.7,182.7,182.7,182.7,182.7,182.7,182.7,182.7,182.7,182.7,182.7,182.7,182.7
2024-01-01,,,,,,,,,,,,,,,,,,,,,,,,,,,,,,,,,,,,,,,,,,,,,,,,,,,,,,,,,,,,,,,,,,,,,,,,,,,,,,,,,,,,,,,,,,,,,,,,,,,,,,,,,,,,,,,,,,,,,,,,,,,,,,,,,,,,,,,,,,,,,,,,,,,,,,,,,,,,,,,,,,,,,,,,178.7,161.0,158.2,158.3,158.3,158.3,158.3,158.3,158.3,158.3,158.3,158.3,158.3,158.3,158.3,158.3,158.3,158.3,158.3,158.3,158.3,158.3,158.3,158.3,158.3,158.3,158.3,158.3,158.3,158.3,158.3
2024-02-01,,,,,,,,,,,,,,,,,,,,,,,,,,,,,,,,,,,,,,,,,,,,,,,,,,,,,,,,,,,,,,,,,,,,,,,,,,,,,,,,,,,,,,,,,,,,,,,,,,,,,,,,,,,,,,,,,,,,,,,,,,,,,,,,,,,,,,,,,,,,,,,,,,,,,,,,,,,,,,,,,,,,,,,,,167.8,164.5,163.7,164.2,164.2,164.2,164.2,164.2,164.2,164.2,164.2,164.2,164.2,164.2,164.2,164.2,164.2,164.2,164.2,164.2,164.2,164.2,164.2,164.2,164.2,164.2,164.2,164.2,164.2,164.2
2024-03-01,,,,,,,,,,,,,,,,,,,,,,,,,,,,,,,,,,,,,,,,,,,,,,,,,,,,,,,,,,,,,,,,,,,,,,,,,,,,,,,,,,,,,,,,,,,,,,,,,,,,,,,,,,,,,,,,,,,,,,,,,,,,,,,,,,,,,,,,,,,,,,,,,,,,,,,,,,,,,,,,,,,,,,,,,,162.5,175.2,176.2,176.2,176.2,176.2,176.2,176.2,176.2,176.2,176.2,176.2,176.2,176.2,176.2,176.2,176.2,176.2,176.2,176.2,176.2,176.2,176.2,176.2,176.2,176.2,176.2,176.2,176.2
2024-04-01,,,,,,,,,,,,,,,,,,,,,,,,,,,,,,,,,,,,,,,,,,,,,,,,,,,,,,,,,,,,,,,,,,,,,,,,,,,,,,,,,,,,,,,,,,,,,,,,,,,,,,,,,,,,,,,,,,,,,,,,,,,,,,,,,,,,,,,,,,,,,,,,,,,,,,,,,,,,,,,,,,,,,,,,,,,167.8,149.7,149.7,149.7,149.7,149.7,149.7,149.7,149.7,149.7,149.7,149.7,149.7,149.7,149.7,149.7,149.7,149.7,149.7,149.7,149.7,149.7,149.7,149.7,149.7,149.7,149.7,149.7
2024-05-01,,,,,,,,,,,,,,,,,,,,,,,,,,,,,,,,,,,,,,,,,,,,,,,,,,,,,,,,,,,,,,,,,,,,,,,,,,,,,,,,,,,,,,,,,,,,,,,,,,,,,,,,,,,,,,,,,,,,,,,,,,,,,,,,,,,,,,,,,,,,,,,,,,,,,,,,,,,,,,,,,,,,,,,,,,,,144.8,158.1,158.1,158.1,158.1,158.1,158.1,158.1,158.1,158.1,158.1,158.1,158.1,158.1,158.1,158.1,158.1,158.1,158.1,158.1,158.1,158.1,158.1,158.1,158.1,158.1,158.1
2024-06-01,,,,,,,,,,,,,,,,,,,,,,,,,,,,,,,,,,,,,,,,,,,,,,,,,,,,,,,,,,,,,,,,,,,,,,,,,,,,,,,,,,,,,,,,,,,,,,,,,,,,,,,,,,,,,,,,,,,,,,,,,,,,,,,,,,,,,,,,,,,,,,,,,,,,,,,,,,,,,,,,,,,,,,,,,,,,,146.7,148.3,148.3,148.3,148.3,148.3,148.3,148.3,148.3,148.3,148.3,148.3,148.3,148.3,148.3,148.3,148.3,148.3,148.3,148.3,148.3,148.3,148.3,148.3,148.3,148.3
2024-07-01,,,,,,,,,,,,,,,,,,,,,,,,,,,,,,,,,,,,,,,,,,,,,,,,,,,,,,,,,,,,,,,,,,,,,,,,,,,,,,,,,,,,,,,,,,,,,,,,,,,,,,,,,,,,,,,,,,,,,,,,,,,,,,,,,,,,,,,,,,,,,,,,,,,,,,,,,,,,,,,,,,,,,,,,,,,,,,151.9,157.5,157.5,157.5,157.5,157.5,157.5,157.5,157.5,157.5,157.5,157.5,157.5,157.5,157.5,157.5,157.5,157.5,157.5,157.5,157.5,157.5,157.5,157.5,157.5
2024-08-01,,,,,,,,,,,,,,,,,,,,,,,,,,,,,,,,,,,,,,,,,,,,,,,,,,,,,,,,,,,,,,,,,,,,,,,,,,,,,,,,,,,,,,,,,,,,,,,,,,,,,,,,,,,,,,,,,,,,,,,,,,,,,,,,,,,,,,,,,,,,,,,,,,,,,,,,,,,,,,,,,,,,,,,,,,,,,,,153.2,153.5,153.5,153.5,153.5,153.5,153.5,153.5,153.5,153.5,153.5,153.5,153.5,153.5,153.5,153.5,153.5,153.5,153.5,153.5,153.5,153.5,153.5,153.5
2024-09-01,,,,,,,,,,,,,,,,,,,,,,,,,,,,,,,,,,,,,,,,,,,,,,,,,,,,,,,,,,,,,,,,,,,,,,,,,,,,,,,,,,,,,,,,,,,,,,,,,,,,,,,,,,,,,,,,,,,,,,,,,,,,,,,,,,,,,,,,,,,,,,,,,,,,,,,,,,,,,,,,,,,,,,,,,,,,,,,,150.1,151.0,151.0,151.0,151.0,151.0,151.0,151.0,151.0,151.0,151.0,151.0,151.0,151.0,151.0,151.0,151.0,151.0,151.0,151.0,151.0,151.0,151.0
2024-10-01,,,,,,,,,,,,,,,,,,,,,,,,,,,,,,,,,,,,,,,,,,,,,,,,,,,,,,,,,,,,,,,,,,,,,,,,,,,,,,,,,,,,,,,,,,,,,,,,,,,,,,,,,,,,,,,,,,,,,,,,,,,,,,,,,,,,,,,,,,,,,,,,,,,,,,,,,,,,,,,,,,,,,,,,,,,,,,,,,162.8,162.8,162.8,162.8,162.8,162.8,162.8,162.8,162.8,162.8,162.8,162.8,162.8,162.8,162.8,162.8,162.8,162.8,162.8,162.8,162.8,162.8
2024-11-01,,,,,,,,,,,,,,,,,,,,,,,,,,,,,,,,,,,,,,,,,,,,,,,,,,,,,,,,,,,,,,,,,,,,,,,,,,,,,,,,,,,,,,,,,,,,,,,,,,,,,,,,,,,,,,,,,,,,,,,,,,,,,,,,,,,,,,,,,,,,,,,,,,,,,,,,,,,,,,,,,,,,,,,,,,,,,,,,,,163.7,156.3,156.3,156.3,156.3,156.3,156.3,156.3,156.3,156.3,156.3,156.3,156.3,156.3,156.3,156.3,156.3,156.3,156.3,156.3,156.3
2024-12-01,,,,,,,,,,,,,,,,,,,,,,,,,,,,,,,,,,,,,,,,,,,,,,,,,,,,,,,,,,,,,,,,,,,,,,,,,,,,,,,,,,,,,,,,,,,,,,,,,,,,,,,,,,,,,,,,,,,,,,,,,,,,,,,,,,,,,,,,,,,,,,,,,,,,,,,,,,,,,,,,,,,,,,,,,,,,,,,,,,,160.8,156.4,156.4,156.4,156.4,156.4,156.4,156.4,156.4,156.4,156.4,156.4,156.4,156.4,156.4,156.4,156.4,156.4,156.4,156.4
2025-01-01,,,,,,,,,,,,,,,,,,,,,,,,,,,,,,,,,,,,,,,,,,,,,,,,,,,,,,,,,,,,,,,,,,,,,,,,,,,,,,,,,,,,,,,,,,,,,,,,,,,,,,,,,,,,,,,,,,,,,,,,,,,,,,,,,,,,,,,,,,,,,,,,,,,,,,,,,,,,,,,,,,,,,,,,,,,,,,,,,,,,146.1,150.7,168.8,168.8,168.8,168.8,168.8,168.8,168.8,168.8,168.8,168.8,168.8,168.8,168.8,168.8,168.8,168.8,168.8
2025-02-01,,,,,,,,,,,,,,,,,,,,,,,,,,,,,,,,,,,,,,,,,,,,,,,,,,,,,,,,,,,,,,,,,,,,,,,,,,,,,,,,,,,,,,,,,,,,,,,,,,,,,,,,,,,,,,,,,,,,,,,,,,,,,,,,,,,,,,,,,,,,,,,,,,,,,,,,,,,,,,,,,,,,,,,,,,,,,,,,,,,,,152.4,166.6,166.6,166.6,166.6,166.6,166.6,166.6,166.6,166.6,166.6,166.6,166.6,166.6,166.6,166.6,166.6,166.6
2025-03-01,,,,,,,,,,,,,,,,,,,,,,,,,,,,,,,,,,,,,,,,,,,,,,,,,,,,,,,,,,,,,,,,,,,,,,,,,,,,,,,,,,,,,,,,,,,,,,,,,,,,,,,,,,,,,,,,,,,,,,,,,,,,,,,,,,,,,,,,,,,,,,,,,,,,,,,,,,,,,,,,,,,,,,,,,,,,,,,,,,,,,,159.5,157.2,157.2,157.2,157.2,157.2,157.2,157.2,157.2,157.2,157.2,157.2,157.2,157.2,157.2,157.2,157.2
2025-04-01,,,,,,,,,,,,,,,,,,,,,,,,,,,,,,,,,,,,,,,,,,,,,,,,,,,,,,,,,,,,,,,,,,,,,,,,,,,,,,,,,,,,,,,,,,,,,,,,,,,,,,,,,,,,,,,,,,,,,,,,,,,,,,,,,,,,,,,,,,,,,,,,,,,,,,,,,,,,,,,,,,,,,,,,,,,,,,,,,,,,,,,162.4,177.6,177.6,189.1,189.1,189.1,189.1,189.1,189.1,189.1,189.1,189.1,189.1,189.1,189.1,189.1
2025-05-01,,,,,,,,,,,,,,,,,,,,,,,,,,,,,,,,,,,,,,,,,,,,,,,,,,,,,,,,,,,,,,,,,,,,,,,,,,,,,,,,,,,,,,,,,,,,,,,,,,,,,,,,,,,,,,,,,,,,,,,,,,,,,,,,,,,,,,,,,,,,,,,,,,,,,,,,,,,,,,,,,,,,,,,,,,,,,,,,,,,,,,,,188.5,184.3,196.3,196.2,196.2,196.2,196.2,196.2,196.2,196.2,196.2,196.2,196.2,196.2,196.2
2025-06-01,,,,,,,,,,,,,,,,,,,,,,,,,,,,,,,,,,,,,,,,,,,,,,,,,,,,,,,,,,,,,,,,,,,,,,,,,,,,,,,,,,,,,,,,,,,,,,,,,,,,,,,,,,,,,,,,,,,,,,,,,,,,,,,,,,,,,,,,,,,,,,,,,,,,,,,,,,,,,,,,,,,,,,,,,,,,,,,,,,,,,,,,,186.6,184.3,184.3,156.1,156.1,156.1,156.1,156.1,156.1,156.1,156.1,156.1,156.1,156.1
2025-07-01,,,,,,,,,,,,,,,,,,,,,,,,,,,,,,,,,,,,,,,,,,,,,,,,,,,,,,,,,,,,,,,,,,,,,,,,,,,,,,,,,,,,,,,,,,,,,,,,,,,,,,,,,,,,,,,,,,,,,,,,,,,,,,,,,,,,,,,,,,,,,,,,,,,,,,,,,,,,,,,,,,,,,,,,,,,,,,,,,,,,,,,,,,197.2,198.7,185.5,185.4,185.4,185.4,185.4,185.4,185.4,185.4,185.4,185.4,185.4
2025-08-01,,,,,,,,,,,,,,,,,,,,,,,,,,,,,,,,,,,,,,,,,,,,,,,,,,,,,,,,,,,,,,,,,,,,,,,,,,,,,,,,,,,,,,,,,,,,,,,,,,,,,,,,,,,,,,,,,,,,,,,,,,,,,,,,,,,,,,,,,,,,,,,,,,,,,,,,,,,,,,,,,,,,,,,,,,,,,,,,,,,,,,,,,,,190.8,177.7,177.7,177.7,177.7,177.7,177.7,177.7,177.7,177.7,177.7,177.7
2025-09-01,,,,,,,,,,,,,,,,,,,,,,,,,,,,,,,,,,,,,,,,,,,,,,,,,,,,,,,,,,,,,,,,,,,,,,,,,,,,,,,,,,,,,,,,,,,,,,,,,,,,,,,,,,,,,,,,,,,,,,,,,,,,,,,,,,,,,,,,,,,,,,,,,,,,,,,,,,,,,,,,,,,,,,,,,,,,,,,,,,,,,,,,,,,,173.2,174.3,174.3,174.4,174.4,174.4,174.4,174.4,174.4,174.4,174.4
2025-10-01,,,,,,,,,,,,,,,,,,,,,,,,,,,,,,,,,,,,,,,,,,,,,,,,,,,,,,,,,,,,,,,,,,,,,,,,,,,,,,,,,,,,,,,,,,,,,,,,,,,,,,,,,,,,,,,,,,,,,,,,,,,,,,,,,,,,,,,,,,,,,,,,,,,,,,,,,,,,,,,,,,,,,,,,,,,,,,,,,,,,,,,,,,,,,,,,,,,,,,
2025-11-01,,,,,,,,,,,,,,,,,,,,,,,,,,,,,,,,,,,,,,,,,,,,,,,,,,,,,,,,,,,,,,,,,,,,,,,,,,,,,,,,,,,,,,,,,,,,,,,,,,,,,,,,,,,,,,,,,,,,,,,,,,,,,,,,,,,,,,,,,,,,,,,,,,,,,,,,,,,,,,,,,,,,,,,,,,,,,,,,,,,,,,,,,,,,,193.0,193.0,193.0,193.0,193.0,193.0,193.0,193.0,193.0,193.0
2025-12-01,,,,,,,,,,,,,,,,,,,,,,,,,,,,,,,,,,,,,,,,,,,,,,,,,,,,,,,,,,,,,,,,,,,,,,,,,,,,,,,,,,,,,,,,,,,,,,,,,,,,,,,,,,,,,,,,,,,,,,,,,,,,,,,,,,,,,,,,,,,,,,,,,,,,,,,,,,,,,,,,,,,,,,,,,,,,,,,,,,,,,,,,,,,,,,,201.6,201.6,201.6,201.6,201.6,201.6,201.6,201.6
2026-01-01,,,,,,,,,,,,,,,,,,,,,,,,,,,,,,,,,,,,,,,,,,,,,,,,,,,,,,,,,,,,,,,,,,,,,,,,,,,,,,,,,,,,,,,,,,,,,,,,,,,,,,,,,,,,,,,,,,,,,,,,,,,,,,,,,,,,,,,,,,,,,,,,,,,,,,,,,,,,,,,,,,,,,,,,,,,,,,,,,,,,,,,,,,,,,,,212.9,213.2,213.2,205.2,205.2,205.2,205.2,205.2
2026-02-01,,,,,,,,,,,,,,,,,,,,,,,,,,,,,,,,,,,,,,,,,,,,,,,,,,,,,,,,,,,,,,,,,,,,,,,,,,,,,,,,,,,,,,,,,,,,,,,,,,,,,,,,,,,,,,,,,,,,,,,,,,,,,,,,,,,,,,,,,,,,,,,,,,,,,,,,,,,,,,,,,,,,,,,,,,,,,,,,,,,,,,,,,,,,,,,,212.7,201.6,203.6,203.6,203.6,203.6,203.6
2026-03-01,,,,,,,,,,,,,,,,,,,,,,,,,,,,,,,,,,,,,,,,,,,,,,,,,,,,,,,,,,,,,,,,,,,,,,,,,,,,,,,,,,,,,,,,,,,,,,,,,,,,,,,,,,,,,,,,,,,,,,,,,,,,,,,,,,,,,,,,,,,,,,,,,,,,,,,,,,,,,,,,,,,,,,,,,,,,,,,,,,,,,,,,,,,,,,,,,212.7,217.0,217.0,217.0,217.0,217.0
2026-04-01,,,,,,,,,,,,,,,,,,,,,,,,,,,,,,,,,,,,,,,,,,,,,,,,,,,,,,,,,,,,,,,,,,,,,,,,,,,,,,,,,,,,,,,,,,,,,,,,,,,,,,,,,,,,,,,,,,,,,,,,,,,,,,,,,,,,,,,,,,,,,,,,,,,,,,,,,,,,,,,,,,,,,,,,,,,,,,,,,,,,,,,,,,,,,,,,,,212.6,212.1,212.1,212.1,212.1
2026-05-01,,,,,,,,,,,,,,,,,,,,,,,,,,,,,,,,,,,,,,,,,,,,,,,,,,,,,,,,,,,,,,,,,,,,,,,,,,,,,,,,,,,,,,,,,,,,,,,,,,,,,,,,,,,,,,,,,,,,,,,,,,,,,,,,,,,,,,,,,,,,,,,,,,,,,,,,,,,,,,,,,,,,,,,,,,,,,,,,,,,,,,,,,,,,,,,,,,,216.6,217.8,217.8,217.8
2026-06-01,,,,,,,,,,,,,,,,,,,,,,,,,,,,,,,,,,,,,,,,,,,,,,,,,,,,,,,,,,,,,,,,,,,,,,,,,,,,,,,,,,,,,,,,,,,,,,,,,,,,,,,,,,,,,,,,,,,,,,,,,,,,,,,,,,,,,,,,,,,,,,,,,,,,,,,,,,,,,,,,,,,,,,,,,,,,,,,,,,,,,,,,,,,,,,,,,,,,216.6,214.9,214.9
2026-07-01,,,,,,,,,,,,,,,,,,,,,,,,,,,,,,,,,,,,,,,,,,,,,,,,,,,,,,,,,,,,,,,,,,,,,,,,,,,,,,,,,,,,,,,,,,,,,,,,,,,,,,,,,,,,,,,,,,,,,,,,,,,,,,,,,,,,,,,,,,,,,,,,,,,,,,,,,,,,,,,,,,,,,,,,,,,,,,,,,,,,,,,,,,,,,,,,,,,,,209.5,224.6
2026-08-01,,,,,,,,,,,,,,,,,,,,,,,,,,,,,,,,,,,,,,,,,,,,,,,,,,,,,,,,,,,,,,,,,,,,,,,,,,,,,,,,,,,,,,,,,,,,,,,,,,,,,,,,,,,,,,,,,,,,,,,,,,,,,,,,,,,,,,,,,,,,,,,,,,,,,,,,,,,,,,,,,,,,,,,,,,,,,,,,,,,,,,,,,,,,,,,,,,,,,,230.6
